label,binary_label,is_positive,file_name,raw_labels,consistency_score_file_mean,consistency_score_file_median,consistency_score_file_min,consistency_score_file_max,consistency_score_file_std,consistency_score_file_q10,consistency_score_file_q25,consistency_score_file_q75,consistency_score_file_iqr,low_score_rate_0_2,low_score_rate_0_5,high_score_rate_0_8,high_low_ratio_0_8_over_0_2,high_low_ratio_0_8_over_0_2_smoothed,worst_score,mean_minus_std_score,failure_sensitive_score,low_tail_penalty_score,high_low_gap_0_8_0_2,strict_high_low_gap_0_9_0_5,high_density_score_0_8,entropy_normalized,worst_turn,num_turns,num_roles,num_phases,high_score_rate_0_1,low_score_rate_0_1,high_score_rate_0_2,high_score_rate_0_3,low_score_rate_0_3,high_score_rate_0_4,low_score_rate_0_4,high_score_rate_0_5,high_score_rate_0_6,low_score_rate_0_6,high_score_rate_0_7,low_score_rate_0_7,low_score_rate_0_8,high_score_rate_0_9,low_score_rate_0_9,high_low_gap_0_6_0_2,high_low_half_penalty_0_6_0_2,high_low_gap_0_6_0_3,high_low_half_penalty_0_6_0_3,high_low_gap_0_6_0_4,high_low_half_penalty_0_6_0_4,high_low_gap_0_7_0_2,high_low_half_penalty_0_7_0_2,high_low_gap_0_7_0_3,high_low_half_penalty_0_7_0_3,high_low_gap_0_7_0_4,high_low_half_penalty_0_7_0_4,high_low_gap_0_7_0_5,high_low_half_penalty_0_7_0_5,high_low_half_penalty_0_8_0_2,high_low_gap_0_8_0_3,high_low_half_penalty_0_8_0_3,high_low_gap_0_8_0_4,high_low_half_penalty_0_8_0_4,high_low_gap_0_8_0_5,high_low_half_penalty_0_8_0_5,high_low_gap_0_9_0_3,high_low_half_penalty_0_9_0_3,high_low_gap_0_9_0_4,high_low_half_penalty_0_9_0_4,high_low_gap_0_9_0_5,high_low_half_penalty_0_9_0_5,c2_max_low_run,c2_low_turn_avg_output_items,c2_low_turn_count,c2_low05_rate,c2_coding_low05_rate,c2_reviewmod_low05_rate,c2_programmer_low05_rate,c2_score_std,c2_num_turns,c2_repetition_symptom_score,c0_vs_c2_lda_top_3_score,c0_vs_c2_lda_top_5_score,c0_vs_c2_lda_top_8_score,c0_vs_c2_lda_top_12_score,c0_vs_c2_lda_top_20_score,c0_vs_c2_lda_top_30_score,c0_vs_c2_lda_top_50_score,c0_vs_c2_lda_top_74_score
c0,c0,0,ChatDev_ProgramDev2_GPT4o_0_scored.json,0.0,0.7406142857142857,0.77055,0.0,1.0,0.26967472167447226,0.51203,0.6014,1.0,0.39859999999999995,0.07142857142857142,0.14285714285714285,0.35714285714285715,5.0,3.0,0.0,0.4709395640398134,0.51843,0.6691857142857143,0.2857142857142857,0.2142857142857143,0.26450510204081634,0.7791800429485637,3.0,14.0,5.0,8.0,0.9285714285714286,0.07142857142857142,0.9285714285714286,0.9285714285714286,0.07142857142857142,0.9285714285714286,0.07142857142857142,0.8571428571428571,0.7142857142857143,0.2857142857142857,0.6428571428571429,0.35714285714285715,0.6428571428571429,0.35714285714285715,0.6428571428571429,0.6428571428571429,0.6785714285714286,0.6428571428571429,0.6785714285714286,0.6428571428571429,0.6785714285714286,0.5714285714285715,0.6071428571428572,0.5714285714285715,0.6071428571428572,0.5714285714285715,0.6071428571428572,0.5,0.5714285714285715,0.32142857142857145,0.2857142857142857,0.32142857142857145,0.2857142857142857,0.32142857142857145,0.2142857142857143,0.2857142857142857,0.2857142857142857,0.32142857142857145,0.2857142857142857,0.32142857142857145,0.2142857142857143,0.2857142857142857,1.0,7.0,2.0,0.14285714285714285,0.0,0.3333333333333333,0.2,0.26967472167447226,14.0,1.0878262972417223,-0.012097744171670755,-0.025162362281335567,-0.251180265510315,-0.2979496943746952,-0.21145781276010744,-0.2723519017456939,-0.4606166324400379,-0.43971277465970965
c0,c0,0,ChatDev_ProgramDev2_GPT4o_13_scored.json,0.0,0.7378923076923077,0.7571,0.0,1.0,0.2610227147838596,0.59898,0.6114,1.0,0.38859999999999995,0.07692307692307693,0.07692307692307693,0.38461538461538464,5.0,3.0,0.0,0.47686959290844816,0.5165246153846154,0.6609692307692308,0.3076923076923077,0.23076923076923078,0.2838047337278107,0.7582039399250219,6.0,13.0,4.0,7.0,0.9230769230769231,0.07692307692307693,0.9230769230769231,0.9230769230769231,0.07692307692307693,0.9230769230769231,0.07692307692307693,0.9230769230769231,0.7692307692307693,0.23076923076923078,0.6923076923076923,0.3076923076923077,0.6153846153846154,0.3076923076923077,0.6923076923076923,0.6923076923076923,0.7307692307692308,0.6923076923076923,0.7307692307692308,0.6923076923076923,0.7307692307692308,0.6153846153846154,0.6538461538461539,0.6153846153846154,0.6538461538461539,0.6153846153846154,0.6538461538461539,0.6153846153846154,0.6538461538461539,0.34615384615384615,0.3076923076923077,0.34615384615384615,0.3076923076923077,0.34615384615384615,0.3076923076923077,0.34615384615384615,0.23076923076923078,0.2692307692307693,0.23076923076923078,0.2692307692307693,0.23076923076923078,0.2692307692307693,1.0,3.0,1.0,0.07692307692307693,0.0,0.0,0.16666666666666666,0.2610227147838596,13.0,0.03516000681058293,-0.22363333525957765,-0.21080103778232026,-0.6245631846211918,-0.6628684025200523,-0.6026782907419197,-0.7867298618018687,-0.9376847206717857,-0.9967413103937298
c0,c0,0,ChatDev_ProgramDev2_GPT4o_14_scored.json,0.0,0.7522,0.7648,0.0,1.0,0.26989350891387914,0.58824,0.6387,1.0,0.36129999999999995,0.07692307692307693,0.07692307692307693,0.46153846153846156,6.0,3.5,0.0,0.48230649108612084,0.5265399999999999,0.6752769230769231,0.38461538461538464,0.3076923076923077,0.3471692307692308,0.748580172237067,3.0,13.0,5.0,8.0,0.9230769230769231,0.07692307692307693,0.9230769230769231,0.9230769230769231,0.07692307692307693,0.9230769230769231,0.07692307692307693,0.9230769230769231,0.7692307692307693,0.23076923076923078,0.6153846153846154,0.38461538461538464,0.5384615384615384,0.38461538461538464,0.6153846153846154,0.6923076923076923,0.7307692307692308,0.6923076923076923,0.7307692307692308,0.6923076923076923,0.7307692307692308,0.5384615384615385,0.576923076923077,0.5384615384615385,0.576923076923077,0.5384615384615385,0.576923076923077,0.5384615384615385,0.576923076923077,0.42307692307692313,0.38461538461538464,0.42307692307692313,0.38461538461538464,0.42307692307692313,0.38461538461538464,0.42307692307692313,0.3076923076923077,0.34615384615384615,0.3076923076923077,0.34615384615384615,0.3076923076923077,0.34615384615384615,1.0,1.0,1.0,0.07692307692307693,0.0,0.0,0.0,0.26989350891387914,13.0,-0.07814833605108944,0.1731186300214747,0.23082118708305344,0.2979248243378356,0.28385065423789063,0.27592612609846967,0.2537943016663852,0.18170377167935065,0.1688153145950184
c0,c0,0,ChatDev_ProgramDev2_GPT4o_16_scored.json,0.0,0.8187,0.7641,0.6139,1.0,0.1510212873431068,0.6340199999999999,0.7276,1.0,0.2724,0.0,0.0,0.38461538461538464,,6.0,0.6139,0.6676787126568932,0.75726,0.8187,0.38461538461538464,0.38461538461538464,0.3148846153846154,0.41398207241620283,3.0,13.0,5.0,8.0,1.0,0.0,1.0,1.0,0.0,1.0,0.0,1.0,1.0,0.0,0.7692307692307693,0.23076923076923078,0.6153846153846154,0.38461538461538464,0.6153846153846154,1.0,1.0,1.0,1.0,1.0,1.0,0.7692307692307693,0.7692307692307693,0.7692307692307693,0.7692307692307693,0.7692307692307693,0.7692307692307693,0.7692307692307693,0.7692307692307693,0.38461538461538464,0.38461538461538464,0.38461538461538464,0.38461538461538464,0.38461538461538464,0.38461538461538464,0.38461538461538464,0.38461538461538464,0.38461538461538464,0.38461538461538464,0.38461538461538464,0.38461538461538464,0.38461538461538464,0.0,0.0,0.0,0.0,0.0,0.0,0.0,0.1510212873431068,13.0,-0.8696613092963487,0.1731186300214747,0.1780031882684797,-0.3775600111965086,-0.35520151043863185,-0.44072260857640805,-0.5153025364592414,-0.609771495891409,-0.6150198530178375
c0,c0,0,ChatDev_ProgramDev2_GPT4o_1_scored.json,0.0,0.6903444444444444,0.7118,0.0,1.0,0.2755584011949841,0.38287000000000004,0.5765,0.9606250000000001,0.38412500000000005,0.1111111111111111,0.16666666666666666,0.3333333333333333,3.0,2.3333333333333335,0.0,0.41478604324946033,0.48324111111111107,0.5792333333333333,0.2222222222222222,0.11111111111111113,0.2301148148148148,0.792983285888909,4.0,18.0,5.0,9.0,0.9444444444444444,0.05555555555555555,0.8888888888888888,0.8888888888888888,0.1111111111111111,0.8888888888888888,0.1111111111111111,0.8333333333333334,0.7222222222222222,0.2777777777777778,0.5,0.5,0.6666666666666666,0.2777777777777778,0.7222222222222222,0.6111111111111112,0.6666666666666666,0.6111111111111112,0.6666666666666666,0.6111111111111112,0.6666666666666666,0.3888888888888889,0.4444444444444444,0.3888888888888889,0.4444444444444444,0.3888888888888889,0.4444444444444444,0.33333333333333337,0.4166666666666667,0.2777777777777778,0.2222222222222222,0.2777777777777778,0.2222222222222222,0.2777777777777778,0.16666666666666666,0.25,0.16666666666666669,0.22222222222222224,0.16666666666666669,0.22222222222222224,0.11111111111111113,0.19444444444444448,1.0,1.6666666666666667,3.0,0.16666666666666666,0.0,0.0,0.0,0.2755584011949841,18.0,0.7615654929638528,0.12169270219318751,0.08563013127322266,0.34768836003862424,0.3122642386365317,0.30646608972349926,0.4647845911952282,0.5890884429044194,0.5575833666514493
c0,c0,0,ChatDev_ProgramDev2_GPT4o_20_scored.json,0.0,0.7150571428571428,0.7572,0.0,1.0,0.30396265445959386,0.26549,0.628625,1.0,0.371375,0.14285714285714285,0.14285714285714285,0.42857142857142855,3.0,2.3333333333333335,0.0,0.411094488397549,0.50054,0.5722,0.2857142857142857,0.2142857142857143,0.3064530612244898,0.7439492538024852,3.0,14.0,5.0,8.0,0.9285714285714286,0.07142857142857142,0.8571428571428571,0.8571428571428571,0.14285714285714285,0.8571428571428571,0.14285714285714285,0.8571428571428571,0.7857142857142857,0.21428571428571427,0.6428571428571429,0.35714285714285715,0.5714285714285714,0.35714285714285715,0.6428571428571429,0.6428571428571428,0.7142857142857143,0.6428571428571428,0.7142857142857143,0.6428571428571428,0.7142857142857143,0.5,0.5714285714285715,0.5,0.5714285714285715,0.5,0.5714285714285715,0.5,0.5714285714285715,0.3571428571428571,0.2857142857142857,0.3571428571428571,0.2857142857142857,0.3571428571428571,0.2857142857142857,0.3571428571428571,0.2142857142857143,0.2857142857142857,0.2142857142857143,0.2857142857142857,0.2142857142857143,0.2857142857142857,1.0,1.0,2.0,0.14285714285714285,0.0,0.0,0.0,0.30396265445959386,14.0,0.18300831590614747,-0.012097744171670755,0.02388292233219709,-0.18279816305615723,-0.20224412234986333,-0.2467668796130585,-0.29057350797568515,-0.26203530545260334,-0.22662668100225572
c0,c0,0,ChatDev_ProgramDev2_GPT4o_22_scored.json,0.0,0.7266857142857143,0.7407999999999999,0.1902,1.0,0.2347073979512815,0.46715,0.5986,0.9694,0.3708,0.07142857142857142,0.21428571428571427,0.35714285714285715,5.0,3.0,0.1902,0.4919783163344328,0.5657399999999999,0.6552571428571429,0.2857142857142857,0.07142857142857142,0.259530612244898,0.7791800429485637,6.0,14.0,4.0,7.0,1.0,0.0,0.9285714285714286,0.9285714285714286,0.07142857142857142,0.9285714285714286,0.07142857142857142,0.7857142857142857,0.7142857142857143,0.2857142857142857,0.5714285714285714,0.42857142857142855,0.6428571428571429,0.2857142857142857,0.7142857142857143,0.6428571428571429,0.6785714285714286,0.6428571428571429,0.6785714285714286,0.6428571428571429,0.6785714285714286,0.5,0.5357142857142857,0.5,0.5357142857142857,0.5,0.5357142857142857,0.3571428571428571,0.46428571428571425,0.32142857142857145,0.2857142857142857,0.32142857142857145,0.2857142857142857,0.32142857142857145,0.14285714285714288,0.25,0.21428571428571427,0.25,0.21428571428571427,0.25,0.07142857142857142,0.17857142857142855,1.0,7.0,3.0,0.21428571428571427,0.0,0.3333333333333333,0.3333333333333333,0.2347073979512815,14.0,0.9788881828282644,-0.26479252952472115,-0.270620604241883,-0.2539188270363657,-0.27812669032695836,-0.3219988810465018,-0.27504286444021336,-0.1869952211822974,-0.10653322041768533
c0,c0,0,ChatDev_ProgramDev2_GPT4o_23_scored.json,0.0,0.7577076923076923,0.7731,0.0,1.0,0.26699749483566454,0.60358,0.6449,1.0,0.35509999999999997,0.07692307692307693,0.07692307692307693,0.38461538461538464,5.0,3.0,0.0,0.49071019747202776,0.5303953846153846,0.6807846153846153,0.3076923076923077,0.3076923076923077,0.2914260355029586,0.6952544476781385,3.0,13.0,5.0,8.0,0.9230769230769231,0.07692307692307693,0.9230769230769231,0.9230769230769231,0.07692307692307693,0.9230769230769231,0.07692307692307693,0.9230769230769231,0.8461538461538461,0.15384615384615385,0.6153846153846154,0.38461538461538464,0.6153846153846154,0.38461538461538464,0.6153846153846154,0.7692307692307692,0.8076923076923077,0.7692307692307692,0.8076923076923077,0.7692307692307692,0.8076923076923077,0.5384615384615385,0.576923076923077,0.5384615384615385,0.576923076923077,0.5384615384615385,0.576923076923077,0.5384615384615385,0.576923076923077,0.34615384615384615,0.3076923076923077,0.34615384615384615,0.3076923076923077,0.34615384615384615,0.3076923076923077,0.34615384615384615,0.3076923076923077,0.34615384615384615,0.3076923076923077,0.34615384615384615,0.3076923076923077,0.34615384615384615,1.0,1.0,1.0,0.07692307692307693,0.0,0.0,0.0,0.26699749483566454,13.0,-0.0871706540155121,0.029061450093472718,0.03465720417822718,-0.041476429290517106,-0.07964971644230784,-0.057651284031548164,-0.10185151405753182,-0.29202697034509445,-0.32637911905984784
c0,c0,0,ChatDev_ProgramDev2_GPT4o_24_scored.json,0.0,0.6975153846153846,0.746,0.0,1.0,0.2884755444804873,0.33554000000000006,0.6152,1.0,0.38480000000000003,0.07692307692307693,0.15384615384615385,0.38461538461538464,5.0,3.0,0.0,0.40903984013489736,0.4882607692307692,0.6205923076923077,0.3076923076923077,0.15384615384615385,0.2682751479289941,0.6952544476781385,3.0,13.0,4.0,7.0,0.9230769230769231,0.07692307692307693,0.9230769230769231,0.8461538461538461,0.15384615384615385,0.8461538461538461,0.15384615384615385,0.8461538461538461,0.8461538461538461,0.15384615384615385,0.5384615384615384,0.46153846153846156,0.6153846153846154,0.3076923076923077,0.6923076923076923,0.7692307692307692,0.8076923076923077,0.6923076923076923,0.7692307692307692,0.6923076923076923,0.7692307692307692,0.4615384615384615,0.5,0.3846153846153846,0.4615384615384615,0.3846153846153846,0.4615384615384615,0.3846153846153846,0.4615384615384615,0.34615384615384615,0.23076923076923078,0.3076923076923077,0.23076923076923078,0.3076923076923077,0.23076923076923078,0.3076923076923077,0.15384615384615385,0.23076923076923078,0.15384615384615385,0.23076923076923078,0.15384615384615385,0.23076923076923078,1.0,3.0,2.0,0.15384615384615385,0.0,0.0,0.16666666666666666,0.2884755444804873,13.0,0.1206872700961332,-0.3676905151875796,-0.35414702187257274,-0.2368218110279282,-0.18981360762872676,-0.26112603083773445,-0.259986097498057,-0.27348125995687156,-0.23907792116783633
c0,c0,0,ChatDev_ProgramDev2_GPT4o_25_scored.json,0.0,0.7577846153846154,0.753,0.0,1.0,0.27035055261969626,0.5744600000000001,0.6421,1.0,0.3579,0.07692307692307693,0.07692307692307693,0.46153846153846156,6.0,3.5,0.0,0.48743406276491913,0.5304492307692308,0.6808615384615384,0.38461538461538464,0.3076923076923077,0.3497467455621302,0.6952544476781385,3.0,13.0,5.0,8.0,0.9230769230769231,0.07692307692307693,0.9230769230769231,0.9230769230769231,0.07692307692307693,0.9230769230769231,0.07692307692307693,0.9230769230769231,0.8461538461538461,0.15384615384615385,0.6153846153846154,0.38461538461538464,0.5384615384615384,0.38461538461538464,0.6153846153846154,0.7692307692307692,0.8076923076923077,0.7692307692307692,0.8076923076923077,0.7692307692307692,0.8076923076923077,0.5384615384615385,0.576923076923077,0.5384615384615385,0.576923076923077,0.5384615384615385,0.576923076923077,0.5384615384615385,0.576923076923077,0.42307692307692313,0.38461538461538464,0.42307692307692313,0.38461538461538464,0.42307692307692313,0.38461538461538464,0.42307692307692313,0.3076923076923077,0.34615384615384615,0.3076923076923077,0.34615384615384615,0.3076923076923077,0.34615384615384615,1.0,1.0,1.0,0.07692307692307693,0.0,0.0,0.0,0.27035055261969626,13.0,-0.07672445014233642,0.1731186300214747,0.23082118708305344,0.2979248243378356,0.28385065423789063,0.2674269606579021,0.2460328898728547,0.21566175501309998,0.20659914089982778
c0,c0,0,ChatDev_ProgramDev2_GPT4o_26_scored.json,0.0,0.7568285714285714,0.7351,0.0,1.0,0.2587674201964035,0.60078,0.67105,1.0,0.32894999999999996,0.07142857142857142,0.07142857142857142,0.42857142857142855,6.0,3.5,0.0,0.49806115123216793,0.5297799999999999,0.6854,0.3571428571428571,0.2857142857142857,0.3243551020408163,0.6854961538589506,3.0,14.0,5.0,8.0,0.9285714285714286,0.07142857142857142,0.9285714285714286,0.9285714285714286,0.07142857142857142,0.9285714285714286,0.07142857142857142,0.9285714285714286,0.8571428571428571,0.14285714285714285,0.7142857142857143,0.2857142857142857,0.5714285714285714,0.35714285714285715,0.6428571428571429,0.7857142857142857,0.8214285714285714,0.7857142857142857,0.8214285714285714,0.7857142857142857,0.8214285714285714,0.6428571428571429,0.6785714285714286,0.6428571428571429,0.6785714285714286,0.6428571428571429,0.6785714285714286,0.6428571428571429,0.6785714285714286,0.39285714285714285,0.3571428571428571,0.39285714285714285,0.3571428571428571,0.39285714285714285,0.3571428571428571,0.39285714285714285,0.2857142857142857,0.32142857142857145,0.2857142857142857,0.32142857142857145,0.2857142857142857,0.32142857142857145,1.0,1.0,1.0,0.07142857142857142,0.0,0.0,0.0,0.2587674201964035,14.0,0.04220590162697997,0.12166963719004528,0.1569899075588601,-0.21544886669785426,-0.24897552850338134,-0.31163612060448614,-0.46987208736231384,-0.475726555984453,-0.5243790449863993
c0,c0,0,ChatDev_ProgramDev2_GPT4o_28_scored.json,0.0,0.6814769230769231,0.7128,0.0,1.0,0.33641434651985147,0.1128000000000001,0.5652,1.0,0.43479999999999996,0.15384615384615385,0.15384615384615385,0.38461538461538464,2.5,2.0,0.0,0.3450625765570716,0.47703384615384614,0.5276307692307692,0.23076923076923078,0.23076923076923078,0.26210650887573966,0.8115296644839503,2.0,13.0,5.0,8.0,0.8461538461538461,0.15384615384615385,0.8461538461538461,0.8461538461538461,0.15384615384615385,0.8461538461538461,0.15384615384615385,0.8461538461538461,0.6923076923076923,0.3076923076923077,0.5384615384615384,0.46153846153846156,0.6153846153846154,0.38461538461538464,0.6153846153846154,0.5384615384615384,0.6153846153846154,0.5384615384615384,0.6153846153846154,0.5384615384615384,0.6153846153846154,0.3846153846153846,0.4615384615384615,0.3846153846153846,0.4615384615384615,0.3846153846153846,0.4615384615384615,0.3846153846153846,0.4615384615384615,0.3076923076923077,0.23076923076923078,0.3076923076923077,0.23076923076923078,0.3076923076923077,0.23076923076923078,0.3076923076923077,0.23076923076923078,0.3076923076923077,0.23076923076923078,0.3076923076923077,0.23076923076923078,0.3076923076923077,2.0,1.0,2.0,0.15384615384615385,0.0,0.0,0.0,0.33641434651985147,13.0,0.47979544367101934,-0.11499572983452926,-0.10868877991202527,-0.006314133060997054,-0.016461436815543698,0.10866845762850755,-0.019904409637326592,0.017097448352103875,0.11396197664942344
c0,c0,0,ChatDev_ProgramDev2_GPT4o_29_scored.json,0.0,0.7572142857142857,0.729,0.1511,1.0,0.2302146912810576,0.58124,0.65215,1.0,0.34785,0.07142857142857142,0.07142857142857142,0.35714285714285715,5.0,3.0,0.1511,0.5269995944332282,0.57538,0.6857857142857143,0.2857142857142857,0.2857142857142857,0.2704336734693878,0.6780646784916197,2.0,14.0,5.0,8.0,1.0,0.0,0.9285714285714286,0.9285714285714286,0.07142857142857142,0.9285714285714286,0.07142857142857142,0.9285714285714286,0.8571428571428571,0.14285714285714285,0.5714285714285714,0.42857142857142855,0.6428571428571429,0.35714285714285715,0.6428571428571429,0.7857142857142857,0.8214285714285714,0.7857142857142857,0.8214285714285714,0.7857142857142857,0.8214285714285714,0.5,0.5357142857142857,0.5,0.5357142857142857,0.5,0.5357142857142857,0.5,0.5357142857142857,0.32142857142857145,0.2857142857142857,0.32142857142857145,0.2857142857142857,0.32142857142857145,0.2857142857142857,0.32142857142857145,0.2857142857142857,0.32142857142857145,0.2857142857142857,0.32142857142857145,0.2857142857142857,0.32142857142857145,1.0,1.0,1.0,0.07142857142857142,0.0,0.0,0.0,0.2302146912810576,14.0,-0.04674801643720084,-0.012097744171670755,-0.025162362281335567,0.028246642617837353,-0.007596288017981871,-0.007014295303891341,-0.0006015426747022767,0.04121928224186307,0.002275382824341781
c0,c0,0,ChatDev_ProgramDev2_GPT4o_2_scored.json,0.0,0.7545071428571428,0.75865,0.0,1.0,0.25942597200160894,0.61056,0.6409750000000001,1.0,0.3590249999999999,0.07142857142857142,0.07142857142857142,0.42857142857142855,6.0,3.5,0.0,0.4950811708555339,0.5281549999999999,0.6830785714285714,0.3571428571428571,0.2857142857142857,0.32336020408163263,0.5580863559661718,3.0,14.0,5.0,8.0,0.9285714285714286,0.07142857142857142,0.9285714285714286,0.9285714285714286,0.07142857142857142,0.9285714285714286,0.07142857142857142,0.9285714285714286,0.9285714285714286,0.07142857142857142,0.6428571428571429,0.35714285714285715,0.5714285714285714,0.35714285714285715,0.6428571428571429,0.8571428571428572,0.8928571428571429,0.8571428571428572,0.8928571428571429,0.8571428571428572,0.8928571428571429,0.5714285714285715,0.6071428571428572,0.5714285714285715,0.6071428571428572,0.5714285714285715,0.6071428571428572,0.5714285714285715,0.6071428571428572,0.39285714285714285,0.3571428571428571,0.39285714285714285,0.3571428571428571,0.39285714285714285,0.3571428571428571,0.39285714285714285,0.2857142857142857,0.32142857142857145,0.2857142857142857,0.32142857142857145,0.2857142857142857,0.32142857142857145,1.0,1.0,1.0,0.07142857142857142,0.0,0.0,0.0,0.25942597200160894,14.0,0.0442575711362219,0.12166963719004528,0.1569899075588601,0.063978041430298,0.041377877853331885,0.04070845214833401,-0.026890564381294484,-0.11329159245727094,-0.1385482911650279
c0,c0,0,ChatDev_ProgramDev2_GPT4o_34_scored.json,0.0,0.7410230769230769,0.7741,0.0,1.0,0.2764576950633918,0.53704,0.5857,1.0,0.4143,0.07692307692307693,0.07692307692307693,0.38461538461538464,5.0,3.0,0.0,0.4645653818596851,0.5187161538461538,0.6640999999999999,0.3076923076923077,0.3076923076923077,0.28500887573964495,0.7865210220866901,3.0,13.0,5.0,8.0,0.9230769230769231,0.07692307692307693,0.9230769230769231,0.9230769230769231,0.07692307692307693,0.9230769230769231,0.07692307692307693,0.9230769230769231,0.6923076923076923,0.3076923076923077,0.6153846153846154,0.38461538461538464,0.6153846153846154,0.38461538461538464,0.6153846153846154,0.6153846153846154,0.6538461538461539,0.6153846153846154,0.6538461538461539,0.6153846153846154,0.6538461538461539,0.5384615384615385,0.576923076923077,0.5384615384615385,0.576923076923077,0.5384615384615385,0.576923076923077,0.5384615384615385,0.576923076923077,0.34615384615384615,0.3076923076923077,0.34615384615384615,0.3076923076923077,0.34615384615384615,0.3076923076923077,0.34615384615384615,0.3076923076923077,0.34615384615384615,0.3076923076923077,0.34615384615384615,0.3076923076923077,0.34615384615384615,1.0,1.0,1.0,0.07692307692307693,0.0,0.0,0.0,0.2764576950633918,13.0,-0.057698098925490125,0.029061450093472718,0.03465720417822718,-0.041476429290517106,-0.07964971644230784,0.09033418481598295,0.03906680000953058,-0.16473886985105657,-0.148866329490916
c0,c0,0,ChatDev_ProgramDev2_GPT4o_4_scored.json,0.0,0.6930999999999999,0.72105,0.1511,1.0,0.2629109382064037,0.30362,0.592225,0.938375,0.34614999999999996,0.14285714285714285,0.14285714285714285,0.2857142857142857,2.0,1.6666666666666667,0.1511,0.43018906179359623,0.5305,0.550242857142857,0.14285714285714285,0.14285714285714285,0.1980285714285714,0.7934659980357759,2.0,14.0,4.0,7.0,1.0,0.0,0.8571428571428571,0.8571428571428571,0.14285714285714285,0.8571428571428571,0.14285714285714285,0.8571428571428571,0.7142857142857143,0.2857142857142857,0.5714285714285714,0.42857142857142855,0.7142857142857143,0.2857142857142857,0.7142857142857143,0.5714285714285714,0.6428571428571429,0.5714285714285714,0.6428571428571429,0.5714285714285714,0.6428571428571429,0.42857142857142855,0.5,0.42857142857142855,0.5,0.42857142857142855,0.5,0.42857142857142855,0.5,0.21428571428571427,0.14285714285714285,0.21428571428571427,0.14285714285714285,0.21428571428571427,0.14285714285714285,0.21428571428571427,0.14285714285714285,0.21428571428571427,0.14285714285714285,0.21428571428571427,0.14285714285714285,0.21428571428571427,1.0,2.5,2.0,0.14285714285714285,0.0,0.0,0.16666666666666666,0.2629109382064037,14.0,0.16082321104203598,-0.5323272922481532,-0.5858798593087419,-0.8158533384634341,-0.8443554678583128,-0.9386446639081225,-0.9653402098327281,-0.9810718833495151,-0.9671816688871369
c0,c0,0,ChatDev_ProgramDev2_GPT4o_50_scored.json,0.0,0.7760714285714285,0.72965,0.4654,1.0,0.18024385239594334,0.59702,0.633775,1.0,0.366225,0.0,0.07142857142857142,0.35714285714285715,,6.0,0.4654,0.5958275761754852,0.6828699999999999,0.7760714285714285,0.35714285714285715,0.2857142857142857,0.2771683673469388,0.6165394559097064,3.0,14.0,5.0,8.0,1.0,0.0,1.0,1.0,0.0,1.0,0.0,0.9285714285714286,0.8571428571428571,0.14285714285714285,0.6428571428571429,0.35714285714285715,0.6428571428571429,0.35714285714285715,0.6428571428571429,0.8571428571428571,0.8571428571428571,0.8571428571428571,0.8571428571428571,0.8571428571428571,0.8571428571428571,0.6428571428571429,0.6428571428571429,0.6428571428571429,0.6428571428571429,0.6428571428571429,0.6428571428571429,0.5714285714285715,0.6071428571428572,0.35714285714285715,0.35714285714285715,0.35714285714285715,0.35714285714285715,0.35714285714285715,0.2857142857142857,0.32142857142857145,0.35714285714285715,0.35714285714285715,0.35714285714285715,0.35714285714285715,0.2857142857142857,0.32142857142857145,1.0,1.0,1.0,0.07142857142857142,0.0,0.0,0.0,0.18024385239594334,14.0,-0.20242847419533055,0.1216696371900454,0.10794462294532746,-0.004404061023859748,0.037636677777774026,0.16165555431211606,0.07832642262086745,0.13739757326558208,0.18549824127386752
c0,c0,0,ChatDev_ProgramDev2_GPT4o_74_scored.json,0.0,0.75081875,0.74675,0.0,1.0,0.251229168834826,0.5426,0.685575,1.0,0.31442499999999995,0.0625,0.125,0.375,6.0,3.5,0.0,0.499589581165174,0.525573125,0.68831875,0.3125,0.1875,0.28155703125,0.6592103629737157,4.0,16.0,5.0,9.0,0.9375,0.0625,0.9375,0.9375,0.0625,0.9375,0.0625,0.875,0.875,0.125,0.625,0.375,0.625,0.3125,0.6875,0.8125,0.84375,0.8125,0.84375,0.8125,0.84375,0.5625,0.59375,0.5625,0.59375,0.5625,0.59375,0.5,0.5625,0.34375,0.3125,0.34375,0.3125,0.34375,0.25,0.3125,0.25,0.28125,0.25,0.28125,0.1875,0.25,2.0,1.0,2.0,0.125,0.0,0.0,0.0,0.251229168834826,16.0,0.6794575502240658,0.29075980919202316,0.28247232029259367,0.21047853347188644,0.1719492490995252,0.061711083180466815,-0.14149844722552748,-0.1450871521344274,-0.20659662050422054
c0,c0,0,ChatDev_ProgramDev2_GPT4o_90_scored.json,0.0,0.7839153846153846,0.7452,0.475,1.0,0.1826197809074861,0.6016600000000001,0.6465,1.0,0.35350000000000004,0.0,0.07692307692307693,0.38461538461538464,,6.0,0.475,0.6012956037078985,0.6912407692307692,0.7839153846153846,0.38461538461538464,0.3076923076923077,0.3015059171597633,0.6289965156668471,4.0,13.0,5.0,8.0,1.0,0.0,1.0,1.0,0.0,1.0,0.0,0.9230769230769231,0.8461538461538461,0.15384615384615385,0.5384615384615384,0.46153846153846156,0.6153846153846154,0.38461538461538464,0.6153846153846154,0.8461538461538461,0.8461538461538461,0.8461538461538461,0.8461538461538461,0.8461538461538461,0.8461538461538461,0.5384615384615384,0.5384615384615384,0.5384615384615384,0.5384615384615384,0.5384615384615384,0.5384615384615384,0.4615384615384615,0.5,0.38461538461538464,0.38461538461538464,0.38461538461538464,0.38461538461538464,0.38461538461538464,0.3076923076923077,0.34615384615384615,0.38461538461538464,0.38461538461538464,0.38461538461538464,0.38461538461538464,0.3076923076923077,0.34615384615384615,1.0,17.0,1.0,0.07692307692307693,0.0,0.3333333333333333,0.2,0.1826197809074861,13.0,1.3663195476779488,0.1731186300214747,0.1780031882684797,0.5252038458329066,0.5828633408676724,0.6033016240443809,0.6568990431712702,0.5800399976941055,0.5281312207696007
c0,c0,0,ChatDev_ProgramDev2_GPT4o_99_scored.json,0.0,0.66697,0.6695500000000001,0.1511,1.0,0.21753553295956043,0.38959,0.56185,0.7331000000000001,0.17125000000000012,0.05,0.15,0.2,4.0,2.5,0.1511,0.44943446704043954,0.5122089999999999,0.6169699999999999,0.15000000000000002,0.05000000000000002,0.13339399999999998,0.8593986388433457,2.0,20.0,4.0,8.0,1.0,0.0,0.95,0.95,0.05,0.85,0.15,0.85,0.65,0.35,0.45,0.55,0.8,0.2,0.8,0.6,0.625,0.6,0.625,0.5,0.5750000000000001,0.4,0.425,0.4,0.425,0.30000000000000004,0.375,0.30000000000000004,0.375,0.17500000000000002,0.15000000000000002,0.17500000000000002,0.05000000000000002,0.125,0.05000000000000002,0.125,0.15000000000000002,0.17500000000000002,0.05000000000000002,0.125,0.05000000000000002,0.125,1.0,3.6666666666666665,3.0,0.15,0.0,0.0,0.125,0.21753553295956043,20.0,1.031777669900167,-0.35221653325348534,-0.46988649501738367,-0.2520152109592441,-0.27355899545016926,-0.7261009218255955,-0.6402495579391593,-0.8747595421793412,-0.9024466489582861
c0,c0,0,ChatDev_ProgramDev2_GPT4o_9_scored.json,0.0,0.8016928571428571,0.75115,0.618,1.0,0.15678363373172102,0.63225,0.645125,1.0,0.35487500000000005,0.0,0.0,0.42857142857142855,,7.0,0.618,0.6449092234111361,0.7465849999999999,0.8016928571428571,0.42857142857142855,0.35714285714285715,0.34358265306122443,0.4243146625442961,3.0,14.0,5.0,8.0,1.0,0.0,1.0,1.0,0.0,1.0,0.0,1.0,1.0,0.0,0.6428571428571429,0.35714285714285715,0.5714285714285714,0.35714285714285715,0.6428571428571429,1.0,1.0,1.0,1.0,1.0,1.0,0.6428571428571429,0.6428571428571429,0.6428571428571429,0.6428571428571429,0.6428571428571429,0.6428571428571429,0.6428571428571429,0.6428571428571429,0.42857142857142855,0.42857142857142855,0.42857142857142855,0.42857142857142855,0.42857142857142855,0.42857142857142855,0.42857142857142855,0.35714285714285715,0.35714285714285715,0.35714285714285715,0.35714285714285715,0.35714285714285715,0.35714285714285715,0.0,0.0,0.0,0.0,0.0,0.0,0.0,0.15678363373172102,14.0,-0.696692399405567,0.25543701855176143,0.29009689278552314,0.31075424591675327,0.40204544235560313,0.45278632922076095,0.5467104377139609,0.5560605069182094,0.5745468768645066
c0,c0,0,ChatDev_ProgramDev_GPT4o_0_scored.json,0.0,0.7201846153846154,0.74,0.0,1.0,0.26631238986213696,0.48802,0.6687,1.0,0.33130000000000004,0.07692307692307693,0.15384615384615385,0.3076923076923077,4.0,2.5,0.0,0.45387222552247847,0.5041292307692308,0.6432615384615386,0.23076923076923078,0.15384615384615385,0.22159526627218937,0.6776275526715196,6.0,13.0,4.0,7.0,0.9230769230769231,0.07692307692307693,0.9230769230769231,0.9230769230769231,0.07692307692307693,0.9230769230769231,0.07692307692307693,0.8461538461538461,0.8461538461538461,0.15384615384615385,0.5384615384615384,0.46153846153846156,0.6923076923076923,0.3076923076923077,0.6923076923076923,0.7692307692307692,0.8076923076923077,0.7692307692307692,0.8076923076923077,0.7692307692307692,0.8076923076923077,0.4615384615384615,0.5,0.4615384615384615,0.5,0.4615384615384615,0.5,0.3846153846153846,0.4615384615384615,0.2692307692307693,0.23076923076923078,0.2692307692307693,0.23076923076923078,0.2692307692307693,0.15384615384615385,0.23076923076923078,0.23076923076923078,0.2692307692307693,0.23076923076923078,0.2692307692307693,0.15384615384615385,0.23076923076923078,1.0,2.5,2.0,0.15384615384615385,0.0,0.0,0.16666666666666666,0.26631238986213696,13.0,0.016403437130879484,-0.3676905151875796,-0.40696502068714646,-0.3621218668966009,-0.40099220566271426,-0.4672846347088916,-0.41884214853888513,-0.4426946309766914,-0.4535983770214356
c0,c0,0,ChatDev_ProgramDev_GPT4o_13_scored.json,0.0,0.6903230769230769,0.6878,0.0,1.0,0.2773597834356229,0.4062,0.5927,1.0,0.4073,0.07692307692307693,0.15384615384615385,0.3076923076923077,4.0,2.5,0.0,0.41296329348745403,0.4832261538461538,0.6134,0.23076923076923078,0.15384615384615385,0.212407100591716,0.8777875964952415,6.0,13.0,4.0,7.0,0.9230769230769231,0.07692307692307693,0.9230769230769231,0.9230769230769231,0.07692307692307693,0.8461538461538461,0.15384615384615385,0.8461538461538461,0.6923076923076923,0.3076923076923077,0.38461538461538464,0.6153846153846154,0.6923076923076923,0.3076923076923077,0.6923076923076923,0.6153846153846154,0.6538461538461539,0.6153846153846154,0.6538461538461539,0.5384615384615384,0.6153846153846154,0.3076923076923077,0.34615384615384615,0.3076923076923077,0.34615384615384615,0.23076923076923078,0.3076923076923077,0.23076923076923078,0.3076923076923077,0.2692307692307693,0.23076923076923078,0.2692307692307693,0.15384615384615385,0.23076923076923078,0.15384615384615385,0.23076923076923078,0.23076923076923078,0.2692307692307693,0.15384615384615385,0.23076923076923078,0.15384615384615385,0.23076923076923078,2.0,1.0,2.0,0.15384615384615385,0.0,0.0,0.3333333333333333,0.2773597834356229,13.0,0.2958153140839266,-0.43381418018339046,-0.4715198165760822,0.13512671717055164,0.14848433451112938,0.19988898860503604,0.1588731959771562,0.291040554155036,0.29681241646671186
c0,c0,0,ChatDev_ProgramDev_GPT4o_14_scored.json,0.0,0.7692066666666667,0.7241,0.1511,1.0,0.2189277398798263,0.61484,0.69645,1.0,0.30355,0.06666666666666667,0.06666666666666667,0.4,6.0,3.5,0.1511,0.5502789267868404,0.5837746666666667,0.70254,0.33333333333333337,0.26666666666666666,0.3076826666666667,0.6730641810718891,2.0,15.0,5.0,8.0,1.0,0.0,0.9333333333333333,0.9333333333333333,0.06666666666666667,0.9333333333333333,0.06666666666666667,0.9333333333333333,0.8666666666666667,0.13333333333333333,0.6666666666666666,0.3333333333333333,0.6,0.3333333333333333,0.6666666666666666,0.8,0.8333333333333334,0.8,0.8333333333333334,0.8,0.8333333333333334,0.6,0.6333333333333333,0.6,0.6333333333333333,0.6,0.6333333333333333,0.6,0.6333333333333333,0.3666666666666667,0.33333333333333337,0.3666666666666667,0.33333333333333337,0.3666666666666667,0.33333333333333337,0.3666666666666667,0.26666666666666666,0.3,0.26666666666666666,0.3,0.26666666666666666,0.3,1.0,1.0,1.0,0.06666666666666667,0.0,0.0,0.0,0.2189277398798263,15.0,0.07310506543075994,0.0770805100694734,0.09300279863789282,-0.13877583708956728,-0.16876519501328507,-0.2968920657521275,-0.3976354873144072,-0.2966405150814261,-0.3854726217665044
c0,c0,0,ChatDev_ProgramDev_GPT4o_16_scored.json,0.0,0.7652615384615384,0.7515,0.0,1.0,0.2640646352649918,0.63524,0.6764,1.0,0.3236,0.07692307692307693,0.07692307692307693,0.46153846153846156,6.0,3.5,0.0,0.5011969031965466,0.5356830769230768,0.6883384615384616,0.38461538461538464,0.3076923076923077,0.3531976331360947,0.5660470234199638,3.0,13.0,5.0,8.0,0.9230769230769231,0.07692307692307693,0.9230769230769231,0.9230769230769231,0.07692307692307693,0.9230769230769231,0.07692307692307693,0.9230769230769231,0.9230769230769231,0.07692307692307693,0.6923076923076923,0.3076923076923077,0.5384615384615384,0.38461538461538464,0.6153846153846154,0.8461538461538463,0.8846153846153847,0.8461538461538463,0.8846153846153847,0.8461538461538463,0.8846153846153847,0.6153846153846154,0.6538461538461539,0.6153846153846154,0.6538461538461539,0.6153846153846154,0.6538461538461539,0.6153846153846154,0.6538461538461539,0.42307692307692313,0.38461538461538464,0.42307692307692313,0.38461538461538464,0.42307692307692313,0.38461538461538464,0.42307692307692313,0.3076923076923077,0.34615384615384615,0.3076923076923077,0.34615384615384615,0.3076923076923077,0.34615384615384615,1.0,1.0,1.0,0.07692307692307693,0.0,0.0,0.0,0.2640646352649918,13.0,-0.0963077613903226,0.1731186300214747,0.23082118708305344,-0.002996461338635986,-0.02883762953087731,-0.11679941771839529,-0.23524796233733272,-0.26420642336057104,-0.2864073474623485
c0,c0,0,ChatDev_ProgramDev_GPT4o_1_scored.json,0.0,0.7327076923076923,0.7414,0.0,1.0,0.2617552246529878,0.53726,0.6559,1.0,0.34409999999999996,0.07692307692307693,0.07692307692307693,0.3076923076923077,4.0,2.5,0.0,0.4709524676547045,0.5128953846153845,0.6557846153846154,0.23076923076923078,0.23076923076923078,0.22544852071005916,0.6776275526715196,6.0,13.0,4.0,7.0,0.9230769230769231,0.07692307692307693,0.9230769230769231,0.9230769230769231,0.07692307692307693,0.9230769230769231,0.07692307692307693,0.9230769230769231,0.8461538461538461,0.15384615384615385,0.6923076923076923,0.3076923076923077,0.6923076923076923,0.3076923076923077,0.6923076923076923,0.7692307692307692,0.8076923076923077,0.7692307692307692,0.8076923076923077,0.7692307692307692,0.8076923076923077,0.6153846153846154,0.6538461538461539,0.6153846153846154,0.6538461538461539,0.6153846153846154,0.6538461538461539,0.6153846153846154,0.6538461538461539,0.2692307692307693,0.23076923076923078,0.2692307692307693,0.23076923076923078,0.2692307692307693,0.23076923076923078,0.2692307692307693,0.23076923076923078,0.2692307692307693,0.23076923076923078,0.2692307692307693,0.23076923076923078,0.2692307692307693,1.0,2.0,1.0,0.07692307692307693,0.0,0.0,0.16666666666666666,0.2617552246529878,13.0,-0.03303023618805085,-0.3676905151875796,-0.40696502068714646,-0.9639644382495443,-1.0263687732002504,-1.0319962998053906,-1.2345604221016866,-1.4023809879096272,-1.4570758458840458
c0,c0,0,ChatDev_ProgramDev_GPT4o_20_scored.json,0.0,0.8209846153846154,0.7362,0.6568,1.0,0.14603997790991682,0.6583600000000001,0.709,1.0,0.29100000000000004,0.0,0.0,0.38461538461538464,,6.0,0.6568,0.6749446374746986,0.7717292307692307,0.8209846153846154,0.38461538461538464,0.38461538461538464,0.31576331360946747,0.41398207241620283,2.0,13.0,5.0,8.0,1.0,0.0,1.0,1.0,0.0,1.0,0.0,1.0,1.0,0.0,0.7692307692307693,0.23076923076923078,0.6153846153846154,0.38461538461538464,0.6153846153846154,1.0,1.0,1.0,1.0,1.0,1.0,0.7692307692307693,0.7692307692307693,0.7692307692307693,0.7692307692307693,0.7692307692307693,0.7692307692307693,0.7692307692307693,0.7692307692307693,0.38461538461538464,0.38461538461538464,0.38461538461538464,0.38461538461538464,0.38461538461538464,0.38461538461538464,0.38461538461538464,0.38461538461538464,0.38461538461538464,0.38461538461538464,0.38461538461538464,0.38461538461538464,0.38461538461538464,0.0,0.0,0.0,0.0,0.0,0.0,0.0,0.14603997790991682,13.0,-0.8851802109216907,0.1731186300214747,0.1780031882684797,-0.3775600111965086,-0.35520151043863185,-0.3942271741074201,-0.4705926018685811,-0.46296657072657427,-0.4671006543339563
c0,c0,0,ChatDev_ProgramDev_GPT4o_22_scored.json,0.0,0.6947,0.6613,0.0,1.0,0.26081618595697403,0.54649,0.57175,0.947275,0.375525,0.07142857142857142,0.07142857142857142,0.2857142857142857,4.0,2.5,0.0,0.43388381404302595,0.48628999999999994,0.6232714285714286,0.21428571428571427,0.21428571428571427,0.19848571428571427,0.790393875397397,6.0,14.0,4.0,7.0,0.9285714285714286,0.07142857142857142,0.9285714285714286,0.9285714285714286,0.07142857142857142,0.9285714285714286,0.07142857142857142,0.9285714285714286,0.5714285714285714,0.42857142857142855,0.42857142857142855,0.5714285714285714,0.7142857142857143,0.2857142857142857,0.7142857142857143,0.5,0.5357142857142857,0.5,0.5357142857142857,0.5,0.5357142857142857,0.3571428571428571,0.39285714285714285,0.3571428571428571,0.39285714285714285,0.3571428571428571,0.39285714285714285,0.3571428571428571,0.39285714285714285,0.25,0.21428571428571427,0.25,0.21428571428571427,0.25,0.21428571428571427,0.25,0.21428571428571427,0.25,0.21428571428571427,0.25,0.21428571428571427,0.25,1.0,2.0,1.0,0.07142857142857142,0.0,0.0,0.16666666666666666,0.26081618595697403,14.0,0.11906100342813462,-0.3985599108864372,-0.4527728740820788,-0.010223317720674363,-0.03674744984155922,-0.007410243789915781,0.12528140565815277,0.1601714870387022,0.13109365574425905
c0,c0,0,ChatDev_ProgramDev_GPT4o_23_scored.json,0.0,0.7620285714285714,0.7342500000000001,0.1511,1.0,0.22994588626945447,0.59104,0.652975,1.0,0.34702500000000003,0.07142857142857142,0.07142857142857142,0.42857142857142855,6.0,3.5,0.1511,0.5320826851591169,0.5787499999999999,0.6906,0.3571428571428571,0.2857142857142857,0.3265836734693877,0.6854961538589506,2.0,14.0,5.0,8.0,1.0,0.0,0.9285714285714286,0.9285714285714286,0.07142857142857142,0.9285714285714286,0.07142857142857142,0.9285714285714286,0.8571428571428571,0.14285714285714285,0.6428571428571429,0.35714285714285715,0.5714285714285714,0.35714285714285715,0.6428571428571429,0.7857142857142857,0.8214285714285714,0.7857142857142857,0.8214285714285714,0.7857142857142857,0.8214285714285714,0.5714285714285715,0.6071428571428572,0.5714285714285715,0.6071428571428572,0.5714285714285715,0.6071428571428572,0.5714285714285715,0.6071428571428572,0.39285714285714285,0.3571428571428571,0.39285714285714285,0.3571428571428571,0.39285714285714285,0.3571428571428571,0.39285714285714285,0.2857142857142857,0.32142857142857145,0.2857142857142857,0.32142857142857145,0.2857142857142857,0.32142857142857145,1.0,1.0,1.0,0.07142857142857142,0.0,0.0,0.0,0.22994588626945447,14.0,-0.04758545859722267,0.12166963719004528,0.1569899075588601,0.063978041430298,0.041377877853331885,0.010711397652213106,-0.055166226038086755,0.03937103146321159,0.014250674737234067
c0,c0,0,ChatDev_ProgramDev_GPT4o_24_scored.json,0.0,0.8022076923076923,0.7438,0.5295,1.0,0.16631111467338955,0.6231599999999999,0.7097,1.0,0.2903,0.0,0.0,0.38461538461538464,,6.0,0.5295,0.6358965776343027,0.7203953846153845,0.8022076923076923,0.38461538461538464,0.38461538461538464,0.3085414201183432,0.5580438961012998,2.0,13.0,5.0,8.0,1.0,0.0,1.0,1.0,0.0,1.0,0.0,1.0,0.9230769230769231,0.07692307692307693,0.7692307692307693,0.23076923076923078,0.6153846153846154,0.38461538461538464,0.6153846153846154,0.9230769230769231,0.9230769230769231,0.9230769230769231,0.9230769230769231,0.9230769230769231,0.9230769230769231,0.7692307692307693,0.7692307692307693,0.7692307692307693,0.7692307692307693,0.7692307692307693,0.7692307692307693,0.7692307692307693,0.7692307692307693,0.38461538461538464,0.38461538461538464,0.38461538461538464,0.38461538461538464,0.38461538461538464,0.38461538461538464,0.38461538461538464,0.38461538461538464,0.38461538461538464,0.38461538461538464,0.38461538461538464,0.38461538461538464,0.38461538461538464,0.0,0.0,0.0,0.0,0.0,0.0,0.0,0.16631111467338955,13.0,-0.8220269815378396,0.1731186300214747,0.1780031882684797,-0.3775600111965086,-0.35520151043863185,-0.3959770022863606,-0.4733552676375787,-0.5076433520932668,-0.5016731952194917
c0,c0,0,ChatDev_ProgramDev_GPT4o_25_scored.json,0.0,0.7960769230769231,0.7443,0.5614,1.0,0.17197184990504497,0.5701,0.7074,1.0,0.29259999999999997,0.0,0.0,0.38461538461538464,,6.0,0.5614,0.6241050731718781,0.7256738461538461,0.7960769230769231,0.38461538461538464,0.38461538461538464,0.30618343195266273,0.6669373655164703,4.0,13.0,5.0,8.0,1.0,0.0,1.0,1.0,0.0,1.0,0.0,1.0,0.7692307692307693,0.23076923076923078,0.7692307692307693,0.23076923076923078,0.6153846153846154,0.38461538461538464,0.6153846153846154,0.7692307692307693,0.7692307692307693,0.7692307692307693,0.7692307692307693,0.7692307692307693,0.7692307692307693,0.7692307692307693,0.7692307692307693,0.7692307692307693,0.7692307692307693,0.7692307692307693,0.7692307692307693,0.7692307692307693,0.7692307692307693,0.38461538461538464,0.38461538461538464,0.38461538461538464,0.38461538461538464,0.38461538461538464,0.38461538461538464,0.38461538461538464,0.38461538461538464,0.38461538461538464,0.38461538461538464,0.38461538461538464,0.38461538461538464,0.38461538461538464,0.0,0.0,0.0,0.0,0.0,0.0,0.0,0.17197184990504497,13.0,-0.8043913790189832,0.1731186300214747,0.1780031882684797,-0.3775600111965086,-0.35520151043863185,-0.39022756684127075,-0.46819720327602976,-0.5007724771673384,-0.48870322433583513
c0,c0,0,ChatDev_ProgramDev_GPT4o_26_scored.json,0.0,0.7208153846153846,0.6872,0.0,1.0,0.26072357258555495,0.55504,0.6594,1.0,0.3406,0.07692307692307693,0.07692307692307693,0.3076923076923077,4.0,2.5,0.0,0.4600918120298297,0.5045707692307693,0.6438923076923078,0.23076923076923078,0.23076923076923078,0.22178934911242607,0.6776275526715196,6.0,13.0,4.0,7.0,0.9230769230769231,0.07692307692307693,0.9230769230769231,0.9230769230769231,0.07692307692307693,0.9230769230769231,0.07692307692307693,0.9230769230769231,0.8461538461538461,0.15384615384615385,0.46153846153846156,0.5384615384615384,0.6923076923076923,0.3076923076923077,0.6923076923076923,0.7692307692307692,0.8076923076923077,0.7692307692307692,0.8076923076923077,0.7692307692307692,0.8076923076923077,0.38461538461538464,0.42307692307692313,0.38461538461538464,0.42307692307692313,0.38461538461538464,0.42307692307692313,0.38461538461538464,0.42307692307692313,0.2692307692307693,0.23076923076923078,0.2692307692307693,0.23076923076923078,0.2692307692307693,0.23076923076923078,0.2692307692307693,0.23076923076923078,0.2692307692307693,0.23076923076923078,0.2692307692307693,0.23076923076923078,0.2692307692307693,1.0,2.0,1.0,0.07692307692307693,0.0,0.0,0.16666666666666666,0.26072357258555495,13.0,-0.0362442720075077,-0.3676905151875796,-0.40696502068714646,-0.06120058122012939,-0.08830392189394651,-0.1452910478754391,-0.04471712982830199,0.0182445908342293,-0.05425637454286832
c0,c0,0,ChatDev_ProgramDev_GPT4o_28_scored.json,0.0,0.7132384615384615,0.7006,0.0,1.0,0.2638246577922003,0.5329600000000001,0.6294,1.0,0.37060000000000004,0.07692307692307693,0.07692307692307693,0.3076923076923077,4.0,2.5,0.0,0.44941380374626116,0.499266923076923,0.6363153846153846,0.23076923076923078,0.23076923076923078,0.21945798816568046,0.6776275526715196,6.0,13.0,4.0,7.0,0.9230769230769231,0.07692307692307693,0.9230769230769231,0.9230769230769231,0.07692307692307693,0.9230769230769231,0.07692307692307693,0.9230769230769231,0.8461538461538461,0.15384615384615385,0.5384615384615384,0.46153846153846156,0.6923076923076923,0.3076923076923077,0.6923076923076923,0.7692307692307692,0.8076923076923077,0.7692307692307692,0.8076923076923077,0.7692307692307692,0.8076923076923077,0.4615384615384615,0.5,0.4615384615384615,0.5,0.4615384615384615,0.5,0.4615384615384615,0.5,0.2692307692307693,0.23076923076923078,0.2692307692307693,0.23076923076923078,0.2692307692307693,0.23076923076923078,0.2692307692307693,0.23076923076923078,0.2692307692307693,0.23076923076923078,0.2692307692307693,0.23076923076923078,0.2692307692307693,1.0,2.0,1.0,0.07692307692307693,0.0,0.0,0.16666666666666666,0.2638246577922003,13.0,-0.026583070088775643,-0.3676905151875796,-0.40696502068714646,-0.3621218668966009,-0.40099220566271426,-0.3687832092433537,-0.3727613019533989,-0.3734263242852416,-0.4101715763309058
c0,c0,0,ChatDev_ProgramDev_GPT4o_29_scored.json,0.0,0.6185307692307692,0.7258,0.0,1.0,0.37182404313499473,0.0,0.5362,1.0,0.4638,0.23076923076923078,0.23076923076923078,0.3076923076923077,1.3333333333333333,1.25,0.0,0.2467067260957745,0.4329715384615384,0.38776153846153844,0.07692307692307693,0.07692307692307693,0.19031715976331362,0.8398467466456184,2.0,13.0,4.0,7.0,0.7692307692307693,0.23076923076923078,0.7692307692307693,0.7692307692307693,0.23076923076923078,0.7692307692307693,0.23076923076923078,0.7692307692307693,0.6153846153846154,0.38461538461538464,0.5384615384615384,0.46153846153846156,0.6923076923076923,0.3076923076923077,0.6923076923076923,0.38461538461538464,0.5,0.38461538461538464,0.5,0.38461538461538464,0.5,0.30769230769230765,0.423076923076923,0.30769230769230765,0.423076923076923,0.30769230769230765,0.423076923076923,0.30769230769230765,0.423076923076923,0.19230769230769232,0.07692307692307693,0.19230769230769232,0.07692307692307693,0.19230769230769232,0.07692307692307693,0.19230769230769232,0.07692307692307693,0.19230769230769232,0.07692307692307693,0.19230769230769232,0.07692307692307693,0.19230769230769232,2.0,1.3333333333333333,3.0,0.23076923076923078,0.0,0.0,0.16666666666666666,0.37182404313499473,13.0,0.6136025126207276,-0.6558048750435835,-0.6936569888676513,-0.8936398457905044,-0.8623704254220196,-0.7651348923963222,-0.9328082656025892,-0.9847703079574273,-0.9254469104785094
c0,c0,0,ChatDev_ProgramDev_GPT4o_2_scored.json,0.0,0.7968,0.74315,0.5693,1.0,0.16056421946196037,0.61564,0.6659,1.0,0.33409999999999995,0.0,0.0,0.35714285714285715,,6.0,0.5693,0.6362357805380396,0.7285499999999999,0.7968,0.35714285714285715,0.35714285714285715,0.2845714285714286,0.6165394559097064,3.0,14.0,5.0,8.0,1.0,0.0,1.0,1.0,0.0,1.0,0.0,1.0,0.8571428571428571,0.14285714285714285,0.6428571428571429,0.35714285714285715,0.6428571428571429,0.35714285714285715,0.6428571428571429,0.8571428571428571,0.8571428571428571,0.8571428571428571,0.8571428571428571,0.8571428571428571,0.8571428571428571,0.6428571428571429,0.6428571428571429,0.6428571428571429,0.6428571428571429,0.6428571428571429,0.6428571428571429,0.6428571428571429,0.6428571428571429,0.35714285714285715,0.35714285714285715,0.35714285714285715,0.35714285714285715,0.35714285714285715,0.35714285714285715,0.35714285714285715,0.35714285714285715,0.35714285714285715,0.35714285714285715,0.35714285714285715,0.35714285714285715,0.35714285714285715,0.0,0.0,0.0,0.0,0.0,0.0,0.0,0.16056421946196037,14.0,-0.6849142637927018,0.1216696371900454,0.10794462294532746,-0.004404061023859748,0.037636677777774026,0.08159336366286063,0.1589858784937149,0.11489952117810065,0.09146125160713814
c0,c0,0,ChatDev_ProgramDev_GPT4o_4_scored.json,0.0,0.7949125,0.75875,0.6107,1.0,0.14615290313144655,0.6412,0.662175,1.0,0.33782500000000004,0.0,0.0,0.3125,,6.0,0.6107,0.6487595968685534,0.73964875,0.7949125,0.3125,0.3125,0.24841015625,0.38590266189014977,2.0,16.0,5.0,9.0,1.0,0.0,1.0,1.0,0.0,1.0,0.0,1.0,1.0,0.0,0.6875,0.3125,0.6875,0.3125,0.6875,1.0,1.0,1.0,1.0,1.0,1.0,0.6875,0.6875,0.6875,0.6875,0.6875,0.6875,0.6875,0.6875,0.3125,0.3125,0.3125,0.3125,0.3125,0.3125,0.3125,0.3125,0.3125,0.3125,0.3125,0.3125,0.3125,0.0,0.0,0.0,0.0,0.0,0.0,0.0,0.14615290313144655,16.0,-0.41977816478263286,0.29075980919202316,0.2395576962557525,-0.09385435078763502,-0.06970778631008595,-0.017866481099185996,0.0040452460647547595,-0.12513879940124326,-0.1708041469270446
c0,c0,0,ChatDev_ProgramDev_GPT4o_9_scored.json,0.0,0.6883538461538462,0.7257,0.0,1.0,0.3251606576054949,0.12452000000000012,0.6395,1.0,0.36050000000000004,0.15384615384615385,0.15384615384615385,0.38461538461538464,2.5,2.0,0.0,0.3631931885483513,0.4818476923076923,0.5345076923076924,0.23076923076923078,0.15384615384615385,0.26475147928994086,0.6289965156668471,3.0,13.0,4.0,7.0,0.8461538461538461,0.15384615384615385,0.8461538461538461,0.8461538461538461,0.15384615384615385,0.8461538461538461,0.15384615384615385,0.8461538461538461,0.8461538461538461,0.15384615384615385,0.5384615384615384,0.46153846153846156,0.6153846153846154,0.3076923076923077,0.6923076923076923,0.6923076923076923,0.7692307692307692,0.6923076923076923,0.7692307692307692,0.6923076923076923,0.7692307692307692,0.3846153846153846,0.4615384615384615,0.3846153846153846,0.4615384615384615,0.3846153846153846,0.4615384615384615,0.3846153846153846,0.4615384615384615,0.3076923076923077,0.23076923076923078,0.3076923076923077,0.23076923076923078,0.3076923076923077,0.23076923076923078,0.3076923076923077,0.15384615384615385,0.23076923076923078,0.15384615384615385,0.23076923076923078,0.15384615384615385,0.23076923076923078,1.0,1.5,2.0,0.15384615384615385,0.0,0.0,0.16666666666666666,0.3251606576054949,13.0,0.12926854542665556,-0.3676905151875796,-0.35414702187257274,-0.2884796027152002,-0.2869918391245202,-0.4073472910304675,-0.3610932439643786,-0.3222299486899748,-0.2886656129222987
c2,c2,1,ChatDev_ProgramDev2_GPT4o_10_scored.json,1.3,0.7719470588235294,0.7311,0.462,1.0,0.16268510224156815,0.60836,0.6949,1.0,0.30510000000000004,0.0,0.058823529411764705,0.29411764705882354,,6.0,0.462,0.6092619565819613,0.6789629411764706,0.7719470588235294,0.29411764705882354,0.23529411764705882,0.22704325259515573,0.5740145043766635,6.0,17.0,5.0,9.0,1.0,0.0,1.0,1.0,0.0,1.0,0.0,0.9411764705882353,0.8823529411764706,0.11764705882352941,0.7058823529411765,0.29411764705882354,0.7058823529411765,0.29411764705882354,0.7058823529411765,0.8823529411764706,0.8823529411764706,0.8823529411764706,0.8823529411764706,0.8823529411764706,0.8823529411764706,0.7058823529411765,0.7058823529411765,0.7058823529411765,0.7058823529411765,0.7058823529411765,0.7058823529411765,0.6470588235294118,0.6764705882352942,0.29411764705882354,0.29411764705882354,0.29411764705882354,0.29411764705882354,0.29411764705882354,0.23529411764705882,0.2647058823529412,0.29411764705882354,0.29411764705882354,0.29411764705882354,0.29411764705882354,0.23529411764705882,0.2647058823529412,1.0,4.0,1.0,0.058823529411764705,0.0,0.0,0.125,0.16268510224156815,17.0,0.41933574270033747,0.25633438016511095,0.19268027387040804,-0.24687260466562616,-0.22530331953231283,-0.28671090015661055,-0.46256915889954564,-0.4864180512034431,-0.5932622271815495
c2,c2,1,ChatDev_ProgramDev2_GPT4o_17_scored.json,1.3,0.7927076923076923,0.7017,0.5942,1.0,0.16779175491588222,0.60562,0.6683,1.0,0.3317,0.0,0.0,0.38461538461538464,,6.0,0.5942,0.6249159373918101,0.7331553846153845,0.7927076923076923,0.38461538461538464,0.38461538461538464,0.30488757396449706,0.6289965156668471,2.0,13.0,5.0,8.0,1.0,0.0,1.0,1.0,0.0,1.0,0.0,1.0,0.8461538461538461,0.15384615384615385,0.5384615384615384,0.46153846153846156,0.6153846153846154,0.38461538461538464,0.6153846153846154,0.8461538461538461,0.8461538461538461,0.8461538461538461,0.8461538461538461,0.8461538461538461,0.8461538461538461,0.5384615384615384,0.5384615384615384,0.5384615384615384,0.5384615384615384,0.5384615384615384,0.5384615384615384,0.5384615384615384,0.5384615384615384,0.38461538461538464,0.38461538461538464,0.38461538461538464,0.38461538461538464,0.38461538461538464,0.38461538461538464,0.38461538461538464,0.38461538461538464,0.38461538461538464,0.38461538461538464,0.38461538461538464,0.38461538461538464,0.38461538461538464,0.0,0.0,0.0,0.0,0.0,0.0,0.0,0.16779175491588222,13.0,-0.8174141562207319,0.1731186300214747,0.1780031882684797,0.5252038458329066,0.5828633408676724,0.602967228549911,0.8240989669095805,0.9741862428321716,0.9804674432323168
c2,c2,1,ChatDev_ProgramDev2_GPT4o_19_scored.json,1.3,0.70175,0.72455,0.0,1.0,0.3040390523553559,0.26507000000000003,0.6122000000000001,1.0,0.3877999999999999,0.14285714285714285,0.14285714285714285,0.35714285714285715,2.5,2.0,0.0,0.3977109476446441,0.49122499999999997,0.5588928571428571,0.2142857142857143,0.2142857142857143,0.250625,0.743949253802485,3.0,14.0,5.0,8.0,0.9285714285714286,0.07142857142857142,0.8571428571428571,0.8571428571428571,0.14285714285714285,0.8571428571428571,0.14285714285714285,0.8571428571428571,0.7857142857142857,0.21428571428571427,0.5714285714285714,0.42857142857142855,0.6428571428571429,0.35714285714285715,0.6428571428571429,0.6428571428571428,0.7142857142857143,0.6428571428571428,0.7142857142857143,0.6428571428571428,0.7142857142857143,0.42857142857142855,0.5,0.42857142857142855,0.5,0.42857142857142855,0.5,0.42857142857142855,0.5,0.2857142857142857,0.2142857142857143,0.2857142857142857,0.2142857142857143,0.2857142857142857,0.2142857142857143,0.2857142857142857,0.2142857142857143,0.2857142857142857,0.2142857142857143,0.2857142857142857,0.2142857142857143,0.2857142857142857,1.0,1.0,2.0,0.14285714285714285,0.0,0.0,0.0,0.3040390523553559,14.0,0.1832463279077337,-0.1458651255333868,-0.1582693475079986,-0.21852956186861788,-0.24285789077124317,-0.21806036186191863,-0.19222582435160254,-0.11888583361935914,-0.08345154286554285
c2,c2,1,ChatDev_ProgramDev2_GPT4o_21_scored.json,1.3,0.7281733333333333,0.721,0.0,1.0,0.25896749723125917,0.5347000000000001,0.62595,1.0,0.37405,0.06666666666666667,0.13333333333333333,0.3333333333333333,5.0,3.0,0.0,0.46920583610207417,0.5097213333333334,0.6615066666666667,0.26666666666666666,0.19999999999999998,0.24272444444444444,0.6601903682352231,4.0,15.0,5.0,8.0,0.9333333333333333,0.06666666666666667,0.9333333333333333,0.9333333333333333,0.06666666666666667,0.9333333333333333,0.06666666666666667,0.8666666666666667,0.8666666666666667,0.13333333333333333,0.5333333333333333,0.4666666666666667,0.6666666666666666,0.3333333333333333,0.6666666666666666,0.8,0.8333333333333334,0.8,0.8333333333333334,0.8,0.8333333333333334,0.4666666666666667,0.5,0.4666666666666667,0.5,0.4666666666666667,0.5,0.4,0.4666666666666667,0.3,0.26666666666666666,0.3,0.26666666666666666,0.3,0.19999999999999998,0.26666666666666666,0.26666666666666666,0.3,0.26666666666666666,0.3,0.19999999999999998,0.26666666666666666,1.0,2.0,2.0,0.13333333333333333,0.0,0.0,0.0,0.25896749723125917,15.0,0.2683182955624868,-0.04776904586812836,-0.07700598654628998,0.08867330493841115,0.05485001661643396,0.11784519255274137,0.20498567654409114,0.26352510314528055,0.24873828719084215
c2,c2,1,ChatDev_ProgramDev2_GPT4o_38_scored.json,1.5,0.7735642857142857,0.73195,0.5243,1.0,0.1821337130757936,0.54188,0.623275,1.0,0.376725,0.0,0.0,0.35714285714285715,,6.0,0.5243,0.5914305726384921,0.698785,0.7735642857142857,0.35714285714285715,0.35714285714285715,0.27627295918367345,0.6592017204231159,3.0,14.0,5.0,8.0,1.0,0.0,1.0,1.0,0.0,1.0,0.0,1.0,0.7857142857142857,0.21428571428571427,0.6428571428571429,0.35714285714285715,0.6428571428571429,0.35714285714285715,0.6428571428571429,0.7857142857142857,0.7857142857142857,0.7857142857142857,0.7857142857142857,0.7857142857142857,0.7857142857142857,0.6428571428571429,0.6428571428571429,0.6428571428571429,0.6428571428571429,0.6428571428571429,0.6428571428571429,0.6428571428571429,0.6428571428571429,0.35714285714285715,0.35714285714285715,0.35714285714285715,0.35714285714285715,0.35714285714285715,0.35714285714285715,0.35714285714285715,0.35714285714285715,0.35714285714285715,0.35714285714285715,0.35714285714285715,0.35714285714285715,0.35714285714285715,0.0,0.0,0.0,0.0,0.0,0.0,0.0,0.1821337130757936,14.0,-0.6177160995366899,0.1216696371900454,0.10794462294532746,-0.004404061023859748,0.037636677777774026,0.1881454009876244,0.25989686912247634,0.24321078633191062,0.27947046013679694
c2,c2,1,ChatDev_ProgramDev2_GPT4o_40_scored.json,1.3,0.6650615384615385,0.7286,0.0,1.0,0.3059874495627898,0.24146000000000006,0.5177,1.0,0.48229999999999995,0.15384615384615385,0.15384615384615385,0.3076923076923077,2.0,1.6666666666666667,0.0,0.3590740888987487,0.4655430769230769,0.5112153846153846,0.15384615384615385,0.15384615384615385,0.20463431952662722,0.8398467466456184,3.0,13.0,4.0,7.0,0.9230769230769231,0.07692307692307693,0.8461538461538461,0.8461538461538461,0.15384615384615385,0.8461538461538461,0.15384615384615385,0.8461538461538461,0.6153846153846154,0.38461538461538464,0.5384615384615384,0.46153846153846156,0.6923076923076923,0.3076923076923077,0.6923076923076923,0.46153846153846156,0.5384615384615385,0.46153846153846156,0.5384615384615385,0.46153846153846156,0.5384615384615385,0.3846153846153846,0.4615384615384615,0.3846153846153846,0.4615384615384615,0.3846153846153846,0.4615384615384615,0.3846153846153846,0.4615384615384615,0.23076923076923078,0.15384615384615385,0.23076923076923078,0.15384615384615385,0.23076923076923078,0.15384615384615385,0.23076923076923078,0.15384615384615385,0.23076923076923078,0.15384615384615385,0.23076923076923078,0.15384615384615385,0.23076923076923078,1.0,2.5,2.0,0.15384615384615385,0.0,0.0,0.16666666666666666,0.3059874495627898,13.0,0.1400081552741786,-0.5117476951155816,-0.5503110047773989,-0.627880856343553,-0.6421318123547846,-0.4135200800062395,-0.4042767072172647,-0.4102583764563192,-0.3475394763997381
c2,c2,1,ChatDev_ProgramDev2_GPT4o_45_scored.json,1.3,0.7230071428571428,0.70505,0.0,1.0,0.26707612201202036,0.55505,0.5935,1.0,0.4065,0.07142857142857142,0.07142857142857142,0.35714285714285715,5.0,3.0,0.0,0.4559310208451225,0.5061049999999999,0.6515785714285715,0.2857142857142857,0.2857142857142857,0.25821683673469387,0.7791800429485637,4.0,14.0,5.0,8.0,0.9285714285714286,0.07142857142857142,0.9285714285714286,0.9285714285714286,0.07142857142857142,0.9285714285714286,0.07142857142857142,0.9285714285714286,0.7142857142857143,0.2857142857142857,0.5,0.5,0.6428571428571429,0.35714285714285715,0.6428571428571429,0.6428571428571429,0.6785714285714286,0.6428571428571429,0.6785714285714286,0.6428571428571429,0.6785714285714286,0.4285714285714286,0.4642857142857143,0.4285714285714286,0.4642857142857143,0.4285714285714286,0.4642857142857143,0.4285714285714286,0.4642857142857143,0.32142857142857145,0.2857142857142857,0.32142857142857145,0.2857142857142857,0.32142857142857145,0.2857142857142857,0.32142857142857145,0.2857142857142857,0.32142857142857145,0.2857142857142857,0.32142857142857145,0.2857142857142857,0.32142857142857145,1.0,1.0,1.0,0.07142857142857142,0.0,0.0,0.0,0.26707612201202036,14.0,0.06809104846241482,-0.012097744171670755,-0.025162362281335567,0.30767355074598957,0.2827571183387313,0.4167607634678174,0.5091786481909778,0.5494569694268541,0.5341251211582155
c2,c2,1,ChatDev_ProgramDev2_GPT4o_47_scored.json,1.3,0.7468857142857143,0.7335,0.1511,1.0,0.23413598569190164,0.5670000000000001,0.619925,1.0,0.38007500000000005,0.07142857142857142,0.07142857142857142,0.35714285714285715,5.0,3.0,0.1511,0.5127497285938126,0.5681499999999999,0.6754571428571429,0.2857142857142857,0.2857142857142857,0.26674489795918366,0.6780646784916197,2.0,14.0,5.0,8.0,1.0,0.0,0.9285714285714286,0.9285714285714286,0.07142857142857142,0.9285714285714286,0.07142857142857142,0.9285714285714286,0.8571428571428571,0.14285714285714285,0.5714285714285714,0.42857142857142855,0.6428571428571429,0.35714285714285715,0.6428571428571429,0.7857142857142857,0.8214285714285714,0.7857142857142857,0.8214285714285714,0.7857142857142857,0.8214285714285714,0.5,0.5357142857142857,0.5,0.5357142857142857,0.5,0.5357142857142857,0.5,0.5357142857142857,0.32142857142857145,0.2857142857142857,0.32142857142857145,0.2857142857142857,0.32142857142857145,0.2857142857142857,0.32142857142857145,0.2857142857142857,0.32142857142857145,0.2857142857142857,0.32142857142857145,0.2857142857142857,0.32142857142857145,1.0,1.0,1.0,0.07142857142857142,0.0,0.0,0.0,0.23413598569190164,14.0,-0.03453151332249231,-0.012097744171670755,-0.025162362281335567,0.028246642617837353,-0.007596288017981871,0.07354029479090084,0.07607670960314813,0.09688218933063451,0.08763288384765572
c2,c2,1,ChatDev_ProgramDev2_GPT4o_60_scored.json,1.3,0.7579571428571429,0.69975,0.4677,1.0,0.16605816414001157,0.62071,0.650625,0.9360999999999999,0.2854749999999999,0.0,0.07142857142857142,0.2857142857142857,,5.0,0.4677,0.5918989787171314,0.6708799999999999,0.7579571428571429,0.2857142857142857,0.21428571428571427,0.21655918367346938,0.5160010871002121,7.0,14.0,4.0,8.0,1.0,0.0,1.0,1.0,0.0,1.0,0.0,0.9285714285714286,0.9285714285714286,0.07142857142857142,0.5,0.5,0.7142857142857143,0.2857142857142857,0.7142857142857143,0.9285714285714286,0.9285714285714286,0.9285714285714286,0.9285714285714286,0.9285714285714286,0.9285714285714286,0.5,0.5,0.5,0.5,0.5,0.5,0.4285714285714286,0.4642857142857143,0.2857142857142857,0.2857142857142857,0.2857142857142857,0.2857142857142857,0.2857142857142857,0.21428571428571427,0.25,0.2857142857142857,0.2857142857142857,0.2857142857142857,0.2857142857142857,0.21428571428571427,0.25,1.0,4.0,1.0,0.07142857142857142,0.0,0.0,0.14285714285714285,0.16605816414001157,14.0,-0.03520596803742641,-0.012097744171670755,-0.07420764689486838,0.23929144829183158,0.2539347259133713,0.13750451593296406,0.212270009710357,0.22498188141246156,0.226639914152462
c2,c2,1,ChatDev_ProgramDev2_GPT4o_61_scored.json,1.3,0.7595571428571428,0.7288,0.1511,1.0,0.22795439303975357,0.61324,0.6535,1.0,0.34650000000000003,0.07142857142857142,0.07142857142857142,0.35714285714285715,5.0,3.0,0.1511,0.5316027498173892,0.5770199999999999,0.6881285714285714,0.2857142857142857,0.2857142857142857,0.2712704081632653,0.544292985069744,2.0,14.0,5.0,8.0,1.0,0.0,0.9285714285714286,0.9285714285714286,0.07142857142857142,0.9285714285714286,0.07142857142857142,0.9285714285714286,0.9285714285714286,0.07142857142857142,0.6428571428571429,0.35714285714285715,0.6428571428571429,0.35714285714285715,0.6428571428571429,0.8571428571428572,0.8928571428571429,0.8571428571428572,0.8928571428571429,0.8571428571428572,0.8928571428571429,0.5714285714285715,0.6071428571428572,0.5714285714285715,0.6071428571428572,0.5714285714285715,0.6071428571428572,0.5714285714285715,0.6071428571428572,0.32142857142857145,0.2857142857142857,0.32142857142857145,0.2857142857142857,0.32142857142857145,0.2857142857142857,0.32142857142857145,0.2857142857142857,0.32142857142857145,0.2857142857142857,0.32142857142857145,0.2857142857142857,0.32142857142857145,1.0,1.0,1.0,0.07142857142857142,0.0,0.0,0.0,0.22795439303975357,14.0,-0.05378980866496608,-0.012097744171670755,-0.025162362281335567,-0.251180265510315,-0.2979496943746952,-0.28755341885662156,-0.3747627000566154,-0.3418899348551103,-0.36546681889303434
c2,c2,1,ChatDev_ProgramDev2_GPT4o_62_scored.json,1.3,0.74994,0.738,0.0,1.0,0.25544160663447135,0.55086,0.6661,1.0,0.3339,0.06666666666666667,0.06666666666666667,0.4666666666666667,7.0,4.0,0.0,0.4944983933655287,0.524958,0.6832733333333334,0.4,0.26666666666666666,0.349972,0.7276204076858547,3.0,15.0,5.0,9.0,0.9333333333333333,0.06666666666666667,0.9333333333333333,0.9333333333333333,0.06666666666666667,0.9333333333333333,0.06666666666666667,0.9333333333333333,0.8,0.2,0.6,0.4,0.5333333333333333,0.3333333333333333,0.6666666666666666,0.7333333333333334,0.7666666666666667,0.7333333333333334,0.7666666666666667,0.7333333333333334,0.7666666666666667,0.5333333333333333,0.5666666666666667,0.5333333333333333,0.5666666666666667,0.5333333333333333,0.5666666666666667,0.5333333333333333,0.5666666666666667,0.43333333333333335,0.4,0.43333333333333335,0.4,0.43333333333333335,0.4,0.43333333333333335,0.26666666666666666,0.3,0.26666666666666666,0.3,0.26666666666666666,0.3,1.0,1.0,1.0,0.06666666666666667,0.0,0.0,0.0,0.25544160663447135,15.0,0.1868613204328316,0.4546248513601254,0.5084698257826229,0.6983358332954834,0.6911395334647692,0.57947747943767,0.5958207001892729,0.6605810659240795,0.61050179751673
c2,c2,1,ChatDev_ProgramDev2_GPT4o_63_scored.json,1.3,0.7936846153846153,0.717,0.3421,1.0,0.19175046222451098,0.65888,0.6947,1.0,0.3053,0.0,0.07692307692307693,0.46153846153846156,,7.0,0.3421,0.6019341531601043,0.6582092307692307,0.7936846153846153,0.46153846153846156,0.3076923076923077,0.3663159763313609,0.5660470234199638,2.0,13.0,5.0,8.0,1.0,0.0,1.0,1.0,0.0,0.9230769230769231,0.07692307692307693,0.9230769230769231,0.9230769230769231,0.07692307692307693,0.6923076923076923,0.3076923076923077,0.5384615384615384,0.38461538461538464,0.6153846153846154,0.9230769230769231,0.9230769230769231,0.9230769230769231,0.9230769230769231,0.8461538461538463,0.8846153846153847,0.6923076923076923,0.6923076923076923,0.6923076923076923,0.6923076923076923,0.6153846153846154,0.6538461538461539,0.6153846153846154,0.6538461538461539,0.46153846153846156,0.46153846153846156,0.46153846153846156,0.38461538461538464,0.42307692307692313,0.38461538461538464,0.42307692307692313,0.38461538461538464,0.38461538461538464,0.3076923076923077,0.34615384615384615,0.3076923076923077,0.34615384615384615,1.0,2.0,1.0,0.07692307692307693,0.0,0.0,0.0,0.19175046222451098,13.0,-0.2511249030630729,0.25105214495366585,0.30961237528437024,0.15816854082252507,0.27016830899644445,0.20526876056393878,0.022712678866008085,0.2154164166369426,0.23697612133717846
c2,c2,1,ChatDev_ProgramDev2_GPT4o_64_scored.json,1.3,0.6521714285714286,0.7011000000000001,0.0,1.0,0.3195784688540547,0.14148000000000002,0.543725,0.949375,0.40564999999999996,0.14285714285714285,0.21428571428571427,0.2857142857142857,2.0,1.6666666666666667,0.0,0.3325929597173739,0.45652,0.5093142857142858,0.14285714285714285,0.07142857142857142,0.18633469387755103,0.8286967871818546,3.0,14.0,4.0,8.0,0.8571428571428571,0.14285714285714285,0.8571428571428571,0.8571428571428571,0.14285714285714285,0.8571428571428571,0.14285714285714285,0.7857142857142857,0.6428571428571429,0.35714285714285715,0.5,0.5,0.7142857142857143,0.2857142857142857,0.7142857142857143,0.5,0.5714285714285715,0.5,0.5714285714285715,0.5,0.5714285714285715,0.35714285714285715,0.4285714285714286,0.35714285714285715,0.4285714285714286,0.35714285714285715,0.4285714285714286,0.2857142857142857,0.39285714285714285,0.21428571428571427,0.14285714285714285,0.21428571428571427,0.14285714285714285,0.21428571428571427,0.07142857142857142,0.17857142857142855,0.14285714285714285,0.21428571428571427,0.14285714285714285,0.21428571428571427,0.07142857142857142,0.17857142857142855,1.0,6.666666666666667,3.0,0.21428571428571427,0.0,0.3333333333333333,0.2857142857142857,0.3195784688540547,14.0,1.2198069612820603,-0.2796325068951029,-0.3404216173481943,-0.25426096068107884,-0.2834716591926232,-0.28189773729740486,-0.17082429529774626,-0.19115688119021784,-0.0701375557417747
c2,c2,1,ChatDev_ProgramDev2_GPT4o_65_scored.json,1.3,0.8078538461538461,0.786,0.561,1.0,0.16311918538005654,0.62578,0.6785,1.0,0.3215,0.0,0.0,0.46153846153846156,,7.0,0.561,0.6447346607737896,0.7337976923076923,0.8078538461538461,0.46153846153846156,0.38461538461538464,0.3728556213017752,0.5660470234199638,2.0,13.0,5.0,8.0,1.0,0.0,1.0,1.0,0.0,1.0,0.0,1.0,0.9230769230769231,0.07692307692307693,0.6153846153846154,0.38461538461538464,0.5384615384615384,0.38461538461538464,0.6153846153846154,0.9230769230769231,0.9230769230769231,0.9230769230769231,0.9230769230769231,0.9230769230769231,0.9230769230769231,0.6153846153846154,0.6153846153846154,0.6153846153846154,0.6153846153846154,0.6153846153846154,0.6153846153846154,0.6153846153846154,0.6153846153846154,0.46153846153846156,0.46153846153846156,0.46153846153846156,0.46153846153846156,0.46153846153846156,0.46153846153846156,0.46153846153846156,0.38461538461538464,0.38461538461538464,0.38461538461538464,0.38461538461538464,0.38461538461538464,0.38461538461538464,0.0,0.0,0.0,0.0,0.0,0.0,0.0,0.16311918538005654,13.0,-0.8319712014990077,0.3171758099494767,0.3741671711733059,0.5636838137847874,0.6587566201289046,0.6193719861805398,0.7617224673202002,0.6812822504752996,0.6922209818536097
c2,c2,1,ChatDev_ProgramDev2_GPT4o_66_scored.json,1.3,0.7330461538461538,0.7531,0.0,1.0,0.2826736950439897,0.51168,0.5659,1.0,0.43410000000000004,0.07692307692307693,0.07692307692307693,0.46153846153846156,6.0,3.5,0.0,0.4503724588021641,0.5131323076923077,0.6561230769230768,0.38461538461538464,0.3076923076923077,0.33832899408284023,0.7648208194538375,3.0,13.0,5.0,8.0,0.9230769230769231,0.07692307692307693,0.9230769230769231,0.9230769230769231,0.07692307692307693,0.9230769230769231,0.07692307692307693,0.9230769230769231,0.6923076923076923,0.3076923076923077,0.6153846153846154,0.38461538461538464,0.5384615384615384,0.38461538461538464,0.6153846153846154,0.6153846153846154,0.6538461538461539,0.6153846153846154,0.6538461538461539,0.6153846153846154,0.6538461538461539,0.5384615384615385,0.576923076923077,0.5384615384615385,0.576923076923077,0.5384615384615385,0.576923076923077,0.5384615384615385,0.576923076923077,0.42307692307692313,0.38461538461538464,0.42307692307692313,0.38461538461538464,0.42307692307692313,0.38461538461538464,0.42307692307692313,0.3076923076923077,0.34615384615384615,0.3076923076923077,0.34615384615384615,0.3076923076923077,0.34615384615384615,1.0,1.0,1.0,0.07692307692307693,0.0,0.0,0.0,0.2826736950439897,13.0,-0.03833261009251643,0.1731186300214747,0.23082118708305344,0.2979248243378356,0.28385065423789063,0.45790825670827157,0.4269431865253361,0.383744640759204,0.4437628525845902
c2,c2,1,ChatDev_ProgramDev2_GPT4o_67_scored.json,1.3,0.7991285714285714,0.77155,0.4997,1.0,0.16921047092123984,0.60196,0.6757,1.0,0.32430000000000003,0.0,0.07142857142857142,0.42857142857142855,,7.0,0.4997,0.6299181005073315,0.7092999999999999,0.7991285714285714,0.42857142857142855,0.2857142857142857,0.34248367346938774,0.6239709312770374,2.0,14.0,5.0,9.0,1.0,0.0,1.0,1.0,0.0,1.0,0.0,0.9285714285714286,0.8571428571428571,0.14285714285714285,0.6428571428571429,0.35714285714285715,0.5714285714285714,0.35714285714285715,0.6428571428571429,0.8571428571428571,0.8571428571428571,0.8571428571428571,0.8571428571428571,0.8571428571428571,0.8571428571428571,0.6428571428571429,0.6428571428571429,0.6428571428571429,0.6428571428571429,0.6428571428571429,0.6428571428571429,0.5714285714285715,0.6071428571428572,0.42857142857142855,0.42857142857142855,0.42857142857142855,0.42857142857142855,0.42857142857142855,0.3571428571428571,0.39285714285714285,0.35714285714285715,0.35714285714285715,0.35714285714285715,0.35714285714285715,0.2857142857142857,0.32142857142857145,1.0,2.0,1.0,0.07142857142857142,0.0,0.0,0.0,0.16921047092123984,14.0,-0.16632983587338734,0.5081318039048118,0.5355551347460705,0.5929197155709562,0.6725758446645795,0.639286256738574,0.5941478904026927,0.6067139595366651,0.6245779795826497
c2,c2,1,ChatDev_ProgramDev2_GPT4o_68_scored.json,1.3,0.8115076923076923,0.7173,0.6527,1.0,0.15051061021397213,0.66406,0.6946,1.0,0.3054,0.0,0.0,0.38461538461538464,,6.0,0.6527,0.6609970820937201,0.7638653846153844,0.8115076923076923,0.38461538461538464,0.38461538461538464,0.31211834319526627,0.41398207241620283,2.0,13.0,5.0,8.0,1.0,0.0,1.0,1.0,0.0,1.0,0.0,1.0,1.0,0.0,0.6923076923076923,0.3076923076923077,0.6153846153846154,0.38461538461538464,0.6153846153846154,1.0,1.0,1.0,1.0,1.0,1.0,0.6923076923076923,0.6923076923076923,0.6923076923076923,0.6923076923076923,0.6923076923076923,0.6923076923076923,0.6923076923076923,0.6923076923076923,0.38461538461538464,0.38461538461538464,0.38461538461538464,0.38461538461538464,0.38461538461538464,0.38461538461538464,0.38461538461538464,0.38461538461538464,0.38461538461538464,0.38461538461538464,0.38461538461538464,0.38461538461538464,0.38461538461538464,0.0,0.0,0.0,0.0,0.0,0.0,0.0,0.15051061021397213,13.0,-0.8712522861741447,0.1731186300214747,0.1780031882684797,-0.07663872552003684,-0.042513226669863693,-0.059745911103856866,-0.0370344902066487,0.04710747694255269,0.05100979233855772
c2,c2,1,ChatDev_ProgramDev2_GPT4o_69_scored.json,1.3,0.7456357142857143,0.73515,0.0,1.0,0.26026911239589484,0.5680000000000001,0.6583,1.0,0.3417,0.07142857142857142,0.07142857142857142,0.35714285714285715,5.0,3.0,0.0,0.48536660188981945,0.521945,0.6742071428571429,0.2857142857142857,0.2857142857142857,0.2662984693877551,0.6780646784916197,3.0,14.0,5.0,9.0,0.9285714285714286,0.07142857142857142,0.9285714285714286,0.9285714285714286,0.07142857142857142,0.9285714285714286,0.07142857142857142,0.9285714285714286,0.8571428571428571,0.14285714285714285,0.6428571428571429,0.35714285714285715,0.6428571428571429,0.35714285714285715,0.6428571428571429,0.7857142857142857,0.8214285714285714,0.7857142857142857,0.8214285714285714,0.7857142857142857,0.8214285714285714,0.5714285714285715,0.6071428571428572,0.5714285714285715,0.6071428571428572,0.5714285714285715,0.6071428571428572,0.5714285714285715,0.6071428571428572,0.32142857142857145,0.2857142857142857,0.32142857142857145,0.2857142857142857,0.32142857142857145,0.2857142857142857,0.32142857142857145,0.2857142857142857,0.32142857142857145,0.2857142857142857,0.32142857142857145,0.2857142857142857,0.32142857142857145,1.0,1.0,1.0,0.07142857142857142,0.0,0.0,0.0,0.26026911239589484,14.0,0.046884312761243926,0.24059704118137962,0.2202958796792118,0.030985204143888015,-0.027419292065718706,-0.036379894044279326,-0.10959312356003051,-0.1693575757830519,-0.20078724627061162
c2,c2,1,ChatDev_ProgramDev2_GPT4o_70_scored.json,1.3,0.6714,0.7131000000000001,0.0,1.0,0.31582523422207504,0.16356000000000004,0.605125,0.955475,0.35034999999999994,0.14285714285714285,0.14285714285714285,0.35714285714285715,2.5,2.0,0.0,0.35557476577792496,0.46997999999999995,0.5285428571428572,0.2142857142857143,0.14285714285714285,0.2397857142857143,0.743949253802485,3.0,14.0,4.0,8.0,0.8571428571428571,0.14285714285714285,0.8571428571428571,0.8571428571428571,0.14285714285714285,0.8571428571428571,0.14285714285714285,0.8571428571428571,0.7857142857142857,0.21428571428571427,0.5,0.5,0.6428571428571429,0.2857142857142857,0.7142857142857143,0.6428571428571428,0.7142857142857143,0.6428571428571428,0.7142857142857143,0.6428571428571428,0.7142857142857143,0.35714285714285715,0.4285714285714286,0.35714285714285715,0.4285714285714286,0.35714285714285715,0.4285714285714286,0.35714285714285715,0.4285714285714286,0.2857142857142857,0.2142857142857143,0.2857142857142857,0.2142857142857143,0.2857142857142857,0.2142857142857143,0.2857142857142857,0.14285714285714285,0.21428571428571427,0.14285714285714285,0.21428571428571427,0.14285714285714285,0.21428571428571427,1.0,1.5,2.0,0.14285714285714285,0.0,0.0,0.14285714285714285,0.31582523422207504,14.0,0.2552014686965025,-0.1458651255333868,-0.1582693475079986,0.06089734625953436,0.047495515585470056,-0.09187591856132599,0.010987372892233616,0.011750437785198756,0.05499965569445656
c2,c2,1,ChatDev_ProgramDev2_GPT4o_71_scored.json,1.3,0.7284076923076923,0.7283,0.0,1.0,0.25870124575697934,0.60708,0.6174,1.0,0.38260000000000005,0.07692307692307693,0.07692307692307693,0.3076923076923077,4.0,2.5,0.0,0.469706446550713,0.5098853846153846,0.6514846153846154,0.23076923076923078,0.23076923076923078,0.22412544378698226,0.5335657289864226,6.0,13.0,4.0,7.0,0.9230769230769231,0.07692307692307693,0.9230769230769231,0.9230769230769231,0.07692307692307693,0.9230769230769231,0.07692307692307693,0.9230769230769231,0.9230769230769231,0.07692307692307693,0.6153846153846154,0.38461538461538464,0.6923076923076923,0.3076923076923077,0.6923076923076923,0.8461538461538463,0.8846153846153847,0.8461538461538463,0.8846153846153847,0.8461538461538463,0.8846153846153847,0.5384615384615385,0.576923076923077,0.5384615384615385,0.576923076923077,0.5384615384615385,0.576923076923077,0.5384615384615385,0.576923076923077,0.2692307692307693,0.23076923076923078,0.2692307692307693,0.23076923076923078,0.2692307692307693,0.23076923076923078,0.2692307692307693,0.23076923076923078,0.2692307692307693,0.23076923076923078,0.2692307692307693,0.23076923076923078,0.2692307692307693,1.0,3.0,1.0,0.07692307692307693,0.0,0.0,0.16666666666666666,0.25870124575697934,13.0,0.02792764151835857,-0.3676905151875796,-0.40696502068714646,-0.6630431525730728,-0.7136804894314825,-0.6372709523554505,-0.7428939099762527,-0.8640591401964238,-0.9113433815207553
c2,c2,1,ChatDev_ProgramDev2_GPT4o_72_scored.json,1.3,0.7362538461538461,0.7472,0.0,1.0,0.27694031463443974,0.50754,0.654,1.0,0.346,0.07692307692307693,0.15384615384615385,0.38461538461538464,5.0,3.0,0.0,0.4593135315194064,0.5153776923076923,0.6593307692307693,0.3076923076923077,0.23076923076923078,0.2831745562130178,0.7582039399250219,3.0,13.0,5.0,8.0,0.9230769230769231,0.07692307692307693,0.9230769230769231,0.9230769230769231,0.07692307692307693,0.9230769230769231,0.07692307692307693,0.8461538461538461,0.7692307692307693,0.23076923076923078,0.6153846153846154,0.38461538461538464,0.6153846153846154,0.38461538461538464,0.6153846153846154,0.6923076923076923,0.7307692307692308,0.6923076923076923,0.7307692307692308,0.6923076923076923,0.7307692307692308,0.5384615384615385,0.576923076923077,0.5384615384615385,0.576923076923077,0.5384615384615385,0.576923076923077,0.46153846153846156,0.5384615384615385,0.34615384615384615,0.3076923076923077,0.34615384615384615,0.3076923076923077,0.34615384615384615,0.23076923076923078,0.3076923076923077,0.3076923076923077,0.34615384615384615,0.3076923076923077,0.34615384615384615,0.23076923076923078,0.3076923076923077,1.0,7.0,2.0,0.15384615384615385,0.0,0.3333333333333333,0.2,0.27694031463443974,13.0,0.9554449701628939,0.029061450093472718,0.03465720417822718,-0.041476429290517106,-0.07964971644230784,-0.1345593038645904,-0.14292638574659763,-0.19888950047802678,-0.16149950780730013
c2,c2,1,ChatDev_ProgramDev2_GPT4o_73_scored.json,1.3,0.8011571428571429,0.7222999999999999,0.6199,1.0,0.1569593792504732,0.6389699999999999,0.66215,1.0,0.33785,0.0,0.0,0.42857142857142855,,7.0,0.6199,0.6441977636066697,0.74678,0.8011571428571429,0.42857142857142855,0.35714285714285715,0.3433530612244898,0.4243146625442961,2.0,14.0,5.0,8.0,1.0,0.0,1.0,1.0,0.0,1.0,0.0,1.0,1.0,0.0,0.5714285714285714,0.42857142857142855,0.5714285714285714,0.35714285714285715,0.6428571428571429,1.0,1.0,1.0,1.0,1.0,1.0,0.5714285714285714,0.5714285714285714,0.5714285714285714,0.5714285714285714,0.5714285714285714,0.5714285714285714,0.5714285714285714,0.5714285714285714,0.42857142857142855,0.42857142857142855,0.42857142857142855,0.42857142857142855,0.42857142857142855,0.42857142857142855,0.42857142857142855,0.35714285714285715,0.35714285714285715,0.35714285714285715,0.35714285714285715,0.35714285714285715,0.35714285714285715,0.0,0.0,0.0,0.0,0.0,0.0,0.0,0.1569593792504732,14.0,-0.6961448772222556,0.25543701855176143,0.29009689278552314,0.5901811540449057,0.6923988487123164,0.6873924630763057,0.8769241391851231,1.0036536730404584,1.006096810003972
c2,c2,1,ChatDev_ProgramDev2_GPT4o_75_scored.json,1.3,0.6810266666666667,0.739,0.0,1.0,0.3176059916871147,0.20964000000000008,0.5655,1.0,0.4345,0.13333333333333333,0.13333333333333333,0.3333333333333333,2.5,2.0,0.0,0.363420674979552,0.4767186666666666,0.5476933333333334,0.19999999999999998,0.19999999999999998,0.22700888888888887,0.8324609914645803,2.0,15.0,5.0,9.0,0.8666666666666667,0.13333333333333333,0.8666666666666667,0.8666666666666667,0.13333333333333333,0.8666666666666667,0.13333333333333333,0.8666666666666667,0.6,0.4,0.6,0.4,0.6666666666666666,0.3333333333333333,0.6666666666666666,0.4666666666666667,0.5333333333333333,0.4666666666666667,0.5333333333333333,0.4666666666666667,0.5333333333333333,0.4666666666666667,0.5333333333333333,0.4666666666666667,0.5333333333333333,0.4666666666666667,0.5333333333333333,0.4666666666666667,0.5333333333333333,0.26666666666666666,0.19999999999999998,0.26666666666666666,0.19999999999999998,0.26666666666666666,0.19999999999999998,0.26666666666666666,0.19999999999999998,0.26666666666666666,0.19999999999999998,0.26666666666666666,0.19999999999999998,0.26666666666666666,2.0,1.0,2.0,0.13333333333333333,0.0,0.0,0.0,0.3176059916871147,15.0,0.7312328939875977,0.08007618354732028,0.044219069202705304,-0.12028413051435272,-0.16853774855720594,-0.019491120078036175,-0.23169404000756835,-0.3293312777082883,-0.2924986859479817
c2,c2,1,ChatDev_ProgramDev2_GPT4o_76_scored.json,1.5,0.7621076923076923,0.8032,0.0,1.0,0.2675887270867465,0.5999000000000001,0.6694,1.0,0.3306,0.07692307692307693,0.07692307692307693,0.5384615384615384,6.999999999999999,4.0,0.0,0.49451896522094574,0.5334753846153846,0.6851846153846153,0.4615384615384615,0.3076923076923077,0.41036568047337274,0.6776275526715195,2.0,13.0,5.0,8.0,0.9230769230769231,0.07692307692307693,0.9230769230769231,0.9230769230769231,0.07692307692307693,0.9230769230769231,0.07692307692307693,0.9230769230769231,0.8461538461538461,0.15384615384615385,0.5384615384615384,0.46153846153846156,0.46153846153846156,0.38461538461538464,0.6153846153846154,0.7692307692307692,0.8076923076923077,0.7692307692307692,0.8076923076923077,0.7692307692307692,0.8076923076923077,0.4615384615384615,0.5,0.4615384615384615,0.5,0.4615384615384615,0.5,0.4615384615384615,0.5,0.5,0.4615384615384615,0.5,0.4615384615384615,0.5,0.4615384615384615,0.5,0.3076923076923077,0.34615384615384615,0.3076923076923077,0.34615384615384615,0.3076923076923077,0.34615384615384615,1.0,1.0,1.0,0.07692307692307693,0.0,0.0,0.0,0.2675887270867465,13.0,-0.08532871360499737,0.3171758099494766,0.4269851699878795,0.9382473636426599,0.9600393086868568,0.8157473912611332,0.9217168213902391,0.8155077248480445,0.7903781912349837
c2,c2,1,ChatDev_ProgramDev2_GPT4o_77_scored.json,1.3,0.7529857142857143,0.7085,0.4432,1.0,0.20086729043661375,0.51866,0.5882000000000001,1.0,0.41179999999999994,0.0,0.07142857142857142,0.35714285714285715,,6.0,0.4432,0.5521184238491005,0.6600499999999999,0.7529857142857143,0.35714285714285715,0.2857142857142857,0.2689234693877551,0.6793519085821933,3.0,14.0,5.0,8.0,1.0,0.0,1.0,1.0,0.0,1.0,0.0,0.9285714285714286,0.7142857142857143,0.2857142857142857,0.5,0.5,0.6428571428571429,0.35714285714285715,0.6428571428571429,0.7142857142857143,0.7142857142857143,0.7142857142857143,0.7142857142857143,0.7142857142857143,0.7142857142857143,0.5,0.5,0.5,0.5,0.5,0.5,0.4285714285714286,0.4642857142857143,0.35714285714285715,0.35714285714285715,0.35714285714285715,0.35714285714285715,0.35714285714285715,0.2857142857142857,0.32142857142857145,0.35714285714285715,0.35714285714285715,0.35714285714285715,0.35714285714285715,0.2857142857142857,0.32142857142857145,1.0,1.0,1.0,0.07142857142857142,0.0,0.0,0.0,0.20086729043661375,14.0,-0.13817767620293553,0.1216696371900454,0.10794462294532746,0.5544497552324449,0.6183434904912006,0.8299107773776759,0.9284183605941734,1.0726139446851621,1.1646224257474216
c2,c2,1,ChatDev_ProgramDev2_GPT4o_78_scored.json,1.3,0.6841625,0.6806000000000001,0.0,1.0,0.3050487233111294,0.285,0.5946,1.0,0.4054,0.125,0.125,0.375,3.0,2.3333333333333335,0.0,0.3791137766888706,0.47891374999999997,0.5591625,0.25,0.1875,0.2565609375,0.7800750283556901,2.0,16.0,5.0,8.0,0.875,0.125,0.875,0.875,0.125,0.875,0.125,0.875,0.75,0.25,0.4375,0.5625,0.625,0.3125,0.6875,0.625,0.6875,0.625,0.6875,0.625,0.6875,0.3125,0.375,0.3125,0.375,0.3125,0.375,0.3125,0.375,0.3125,0.25,0.3125,0.25,0.3125,0.25,0.3125,0.1875,0.25,0.1875,0.25,0.1875,0.25,2.0,1.0,2.0,0.125,0.0,0.0,0.0,0.3050487233111294,16.0,0.8471283971448571,-0.07898143485252879,-0.0794545337412839,0.4458795187284347,0.44311194053043274,0.4686622984477907,0.47059274416837205,0.6415687210526445,0.6055757278516544
c2,c2,1,ChatDev_ProgramDev2_GPT4o_79_scored.json,1.3,0.7043142857142857,0.73085,0.0,1.0,0.2916419743872439,0.27733,0.6758500000000001,0.9606250000000001,0.284775,0.14285714285714285,0.21428571428571427,0.35714285714285715,2.5,2.0,0.0,0.4126723113270418,0.49301999999999996,0.5614571428571429,0.2142857142857143,0.07142857142857142,0.2515408163265306,0.743949253802485,3.0,14.0,4.0,7.0,0.9285714285714286,0.07142857142857142,0.8571428571428571,0.8571428571428571,0.14285714285714285,0.8571428571428571,0.14285714285714285,0.7857142857142857,0.7857142857142857,0.21428571428571427,0.6428571428571429,0.35714285714285715,0.6428571428571429,0.2857142857142857,0.7142857142857143,0.6428571428571428,0.7142857142857143,0.6428571428571428,0.7142857142857143,0.6428571428571428,0.7142857142857143,0.5,0.5714285714285715,0.5,0.5714285714285715,0.5,0.5714285714285715,0.4285714285714286,0.5357142857142858,0.2857142857142857,0.2142857142857143,0.2857142857142857,0.2142857142857143,0.2857142857142857,0.14285714285714288,0.25,0.14285714285714285,0.21428571428571427,0.14285714285714285,0.21428571428571427,0.07142857142857142,0.17857142857142855,1.0,8.333333333333334,3.0,0.21428571428571427,0.0,0.3333333333333333,0.3333333333333333,0.2916419743872439,14.0,1.250226748450542,-0.39855991088643716,-0.4037275894685461,-0.7801219396509733,-0.8037416994369331,-1.124873556880782,-1.1822359592078422,-1.1690235413751344,-1.1676740900599436
c2,c2,1,ChatDev_ProgramDev2_GPT4o_7_scored.json,1.3,0.7339470588235294,0.703,0.1511,1.0,0.21532415541019587,0.5659799999999999,0.6486,1.0,0.35140000000000005,0.058823529411764705,0.058823529411764705,0.29411764705882354,5.0,3.0,0.1511,0.5186229034133335,0.5590929411764706,0.6751235294117647,0.23529411764705882,0.23529411764705882,0.21586678200692042,0.6928294502582044,2.0,17.0,5.0,9.0,1.0,0.0,0.9411764705882353,0.9411764705882353,0.058823529411764705,0.9411764705882353,0.058823529411764705,0.9411764705882353,0.8235294117647058,0.17647058823529413,0.5294117647058824,0.47058823529411764,0.7058823529411765,0.29411764705882354,0.7058823529411765,0.7647058823529411,0.7941176470588235,0.7647058823529411,0.7941176470588235,0.7647058823529411,0.7941176470588235,0.47058823529411764,0.5,0.47058823529411764,0.5,0.47058823529411764,0.5,0.47058823529411764,0.5,0.2647058823529412,0.23529411764705882,0.2647058823529412,0.23529411764705882,0.2647058823529412,0.23529411764705882,0.2647058823529412,0.23529411764705882,0.2647058823529412,0.23529411764705882,0.2647058823529412,0.23529411764705882,0.2647058823529412,1.0,1.0,1.0,0.058823529411764705,0.0,0.0,0.0,0.21532415541019587,17.0,0.37191185480681876,0.14617300727899177,0.08306275662492081,0.24024876466213982,0.1891185860295078,0.19452310863670605,0.25093418540130047,0.33455508221880814,0.23535699655922968
c2,c2,1,ChatDev_ProgramDev2_GPT4o_80_scored.json,1.3,0.7239142857142857,0.772,0.0,1.0,0.27856997288996954,0.48399,0.57825,1.0,0.42174999999999996,0.07142857142857142,0.21428571428571427,0.42857142857142855,6.0,3.5,0.0,0.4453443128243162,0.50674,0.6524857142857143,0.3571428571428571,0.14285714285714288,0.3102489795918367,0.7702436872383199,3.0,14.0,5.0,8.0,0.9285714285714286,0.07142857142857142,0.9285714285714286,0.9285714285714286,0.07142857142857142,0.9285714285714286,0.07142857142857142,0.7857142857142857,0.6428571428571429,0.35714285714285715,0.5714285714285714,0.42857142857142855,0.5714285714285714,0.35714285714285715,0.6428571428571429,0.5714285714285715,0.6071428571428572,0.5714285714285715,0.6071428571428572,0.5714285714285715,0.6071428571428572,0.5,0.5357142857142857,0.5,0.5357142857142857,0.5,0.5357142857142857,0.3571428571428571,0.46428571428571425,0.39285714285714285,0.3571428571428571,0.39285714285714285,0.3571428571428571,0.39285714285714285,0.21428571428571427,0.3214285714285714,0.2857142857142857,0.32142857142857145,0.2857142857142857,0.32142857142857145,0.14285714285714288,0.25,1.0,9.333333333333334,3.0,0.21428571428571427,0.0,0.3333333333333333,0.2,0.27856997288996954,14.0,1.2799742166622863,0.12166963719004528,0.1569899075588601,0.34340494955845036,0.33173128421004516,0.42028598117713656,0.5154562839468101,0.5089350782902313,0.5928149485176364
c2,c2,1,ChatDev_ProgramDev2_GPT4o_81_scored.json,1.3,0.6915533333333334,0.7083,0.0,1.0,0.2653793532955334,0.41024000000000005,0.5999,0.902,0.30210000000000004,0.06666666666666667,0.13333333333333333,0.3333333333333333,5.0,3.0,0.0,0.42617398003779994,0.4840873333333333,0.6248866666666667,0.26666666666666666,0.13333333333333333,0.23051777777777777,0.8465362190524482,7.0,15.0,4.0,8.0,0.9333333333333333,0.06666666666666667,0.9333333333333333,0.9333333333333333,0.06666666666666667,0.8666666666666667,0.13333333333333333,0.8666666666666667,0.7333333333333333,0.26666666666666666,0.5333333333333333,0.4666666666666667,0.6666666666666666,0.26666666666666666,0.7333333333333333,0.6666666666666666,0.7,0.6666666666666666,0.7,0.6,0.6666666666666666,0.4666666666666667,0.5,0.4666666666666667,0.5,0.4,0.4666666666666667,0.4,0.4666666666666667,0.3,0.26666666666666666,0.3,0.19999999999999998,0.26666666666666666,0.19999999999999998,0.26666666666666666,0.2,0.23333333333333334,0.13333333333333333,0.2,0.13333333333333333,0.2,1.0,2.0,2.0,0.13333333333333333,0.0,0.0,0.14285714285714285,0.2653793532955334,15.0,0.28829395955845,-0.10507622219783108,-0.1329534763167009,-0.0019748173759408377,-0.010930007098765994,-0.18136942136287482,-0.1703375569148365,-0.22446253697012541,-0.19539366193751012
c2,c2,1,ChatDev_ProgramDev2_GPT4o_82_scored.json,1.5,0.7802615384615385,0.7245,0.5623,1.0,0.18139440894810716,0.5727800000000001,0.6308,1.0,0.3692,0.0,0.0,0.38461538461538464,,6.0,0.5623,0.5988671295134314,0.7148730769230769,0.7802615384615385,0.38461538461538464,0.38461538461538464,0.30010059171597636,0.6669373655164703,4.0,13.0,5.0,8.0,1.0,0.0,1.0,1.0,0.0,1.0,0.0,1.0,0.7692307692307693,0.23076923076923078,0.5384615384615384,0.46153846153846156,0.6153846153846154,0.38461538461538464,0.6153846153846154,0.7692307692307693,0.7692307692307693,0.7692307692307693,0.7692307692307693,0.7692307692307693,0.7692307692307693,0.5384615384615384,0.5384615384615384,0.5384615384615384,0.5384615384615384,0.5384615384615384,0.5384615384615384,0.5384615384615384,0.5384615384615384,0.38461538461538464,0.38461538461538464,0.38461538461538464,0.38461538461538464,0.38461538461538464,0.38461538461538464,0.38461538461538464,0.38461538461538464,0.38461538461538464,0.38461538461538464,0.38461538461538464,0.38461538461538464,0.38461538461538464,0.0,0.0,0.0,0.0,0.0,0.0,0.0,0.18139440894810716,13.0,-0.7750360922596509,0.1731186300214747,0.1780031882684797,0.5252038458329066,0.5828633408676724,0.6967080238502896,0.9132546211283915,0.9700438596531631,1.0111369007312847
c2,c2,1,ChatDev_ProgramDev2_GPT4o_83_scored.json,1.5,0.7826714285714286,0.7202,0.5577,1.0,0.17018795252212618,0.61773,0.636075,1.0,0.36392500000000005,0.0,0.0,0.35714285714285715,,6.0,0.5577,0.6124834760493024,0.7151799999999999,0.7826714285714286,0.35714285714285715,0.35714285714285715,0.2795255102040816,0.544292985069744,2.0,14.0,5.0,8.0,1.0,0.0,1.0,1.0,0.0,1.0,0.0,1.0,0.9285714285714286,0.07142857142857142,0.5714285714285714,0.42857142857142855,0.6428571428571429,0.35714285714285715,0.6428571428571429,0.9285714285714286,0.9285714285714286,0.9285714285714286,0.9285714285714286,0.9285714285714286,0.9285714285714286,0.5714285714285714,0.5714285714285714,0.5714285714285714,0.5714285714285714,0.5714285714285714,0.5714285714285714,0.5714285714285714,0.5714285714285714,0.35714285714285715,0.35714285714285715,0.35714285714285715,0.35714285714285715,0.35714285714285715,0.35714285714285715,0.35714285714285715,0.35714285714285715,0.35714285714285715,0.35714285714285715,0.35714285714285715,0.35714285714285715,0.35714285714285715,0.0,0.0,0.0,0.0,0.0,0.0,0.0,0.17018795252212618,14.0,-0.6549322342415635,0.1216696371900454,0.10794462294532746,0.2750228471042926,0.3279900841344873,0.4333129977803454,0.6007596190900985,0.6430497657163617,0.6521453828812683
c2,c2,1,ChatDev_ProgramDev2_GPT4o_84_scored.json,1.3,0.74495,0.7248,0.1511,1.0,0.2363881032479064,0.55338,0.61565,1.0,0.38434999999999997,0.07142857142857142,0.07142857142857142,0.35714285714285715,5.0,3.0,0.1511,0.5085618967520936,0.5667949999999999,0.6735214285714286,0.2857142857142857,0.2857142857142857,0.26605357142857144,0.743949253802485,2.0,14.0,5.0,8.0,1.0,0.0,0.9285714285714286,0.9285714285714286,0.07142857142857142,0.9285714285714286,0.07142857142857142,0.9285714285714286,0.7857142857142857,0.21428571428571427,0.5714285714285714,0.42857142857142855,0.6428571428571429,0.35714285714285715,0.6428571428571429,0.7142857142857143,0.75,0.7142857142857143,0.75,0.7142857142857143,0.75,0.5,0.5357142857142857,0.5,0.5357142857142857,0.5,0.5357142857142857,0.5,0.5357142857142857,0.32142857142857145,0.2857142857142857,0.32142857142857145,0.2857142857142857,0.32142857142857145,0.2857142857142857,0.32142857142857145,0.2857142857142857,0.32142857142857145,0.2857142857142857,0.32142857142857145,0.2857142857142857,0.32142857142857145,1.0,1.0,1.0,0.07142857142857142,0.0,0.0,0.0,0.2363881032479064,14.0,-0.027515207415560943,-0.012097744171670755,-0.025162362281335567,0.028246642617837353,-0.007596288017981871,0.08422674545514379,0.08621857796080107,0.13742657262459024,0.12715020896871423
c2,c2,1,ChatDev_ProgramDev2_GPT4o_85_scored.json,1.3,0.8033928571428571,0.7401,0.5353,1.0,0.1584807850646061,0.62889,0.7053,1.0,0.29469999999999996,0.0,0.0,0.42857142857142855,,7.0,0.5353,0.6449120720782511,0.722965,0.8033928571428571,0.42857142857142855,0.35714285714285715,0.3443112244897959,0.5580863559661718,3.0,14.0,5.0,8.0,1.0,0.0,1.0,1.0,0.0,1.0,0.0,1.0,0.9285714285714286,0.07142857142857142,0.7857142857142857,0.21428571428571427,0.5714285714285714,0.35714285714285715,0.6428571428571429,0.9285714285714286,0.9285714285714286,0.9285714285714286,0.9285714285714286,0.9285714285714286,0.9285714285714286,0.7857142857142857,0.7857142857142857,0.7857142857142857,0.7857142857142857,0.7857142857142857,0.7857142857142857,0.7857142857142857,0.7857142857142857,0.42857142857142855,0.42857142857142855,0.42857142857142855,0.42857142857142855,0.42857142857142855,0.42857142857142855,0.42857142857142855,0.35714285714285715,0.35714285714285715,0.35714285714285715,0.35714285714285715,0.35714285714285715,0.35714285714285715,0.0,0.0,0.0,0.0,0.0,0.0,0.0,0.1584807850646061,14.0,-0.6914050497776008,0.25543701855176143,0.29009689278552314,-0.24809957033955127,-0.17866137035782323,-0.2519653101484133,-0.3395020085218817,-0.30831126922254376,-0.32180547263376946
c2,c2,1,ChatDev_ProgramDev2_GPT4o_86_scored.json,1.3,0.8024461538461538,0.754,0.542,1.0,0.16758392439603606,0.5984,0.6915,1.0,0.3085,0.0,0.0,0.38461538461538464,,6.0,0.542,0.6348622294501177,0.7243123076923076,0.8024461538461538,0.38461538461538464,0.38461538461538464,0.3086331360946746,0.6289965156668471,2.0,13.0,5.0,8.0,1.0,0.0,1.0,1.0,0.0,1.0,0.0,1.0,0.8461538461538461,0.15384615384615385,0.6153846153846154,0.38461538461538464,0.6153846153846154,0.38461538461538464,0.6153846153846154,0.8461538461538461,0.8461538461538461,0.8461538461538461,0.8461538461538461,0.8461538461538461,0.8461538461538461,0.6153846153846154,0.6153846153846154,0.6153846153846154,0.6153846153846154,0.6153846153846154,0.6153846153846154,0.6153846153846154,0.6153846153846154,0.38461538461538464,0.38461538461538464,0.38461538461538464,0.38461538461538464,0.38461538461538464,0.38461538461538464,0.38461538461538464,0.38461538461538464,0.38461538461538464,0.38461538461538464,0.38461538461538464,0.38461538461538464,0.38461538461538464,0.0,0.0,0.0,0.0,0.0,0.0,0.0,0.16758392439603606,13.0,-0.8180616368551905,0.1731186300214747,0.1780031882684797,0.22428256015643475,0.2701750570989043,0.24648812558252547,0.3694653387310618,0.3171351338765408,0.3107297196110324
c2,c2,1,ChatDev_ProgramDev2_GPT4o_87_scored.json,1.3,0.8153461538461538,0.7271,0.6656,1.0,0.14729455896465327,0.6721400000000001,0.6954,1.0,0.3046,0.0,0.0,0.38461538461538464,,6.0,0.6656,0.6680515948815006,0.7704223076923076,0.8153461538461538,0.38461538461538464,0.38461538461538464,0.31359467455621304,0.41398207241620283,2.0,13.0,5.0,8.0,1.0,0.0,1.0,1.0,0.0,1.0,0.0,1.0,1.0,0.0,0.6923076923076923,0.3076923076923077,0.6153846153846154,0.38461538461538464,0.6153846153846154,1.0,1.0,1.0,1.0,1.0,1.0,0.6923076923076923,0.6923076923076923,0.6923076923076923,0.6923076923076923,0.6923076923076923,0.6923076923076923,0.6923076923076923,0.6923076923076923,0.38461538461538464,0.38461538461538464,0.38461538461538464,0.38461538461538464,0.38461538461538464,0.38461538461538464,0.38461538461538464,0.38461538461538464,0.38461538461538464,0.38461538461538464,0.38461538461538464,0.38461538461538464,0.38461538461538464,0.0,0.0,0.0,0.0,0.0,0.0,0.0,0.14729455896465327,13.0,-0.881271656307567,0.1731186300214747,0.1780031882684797,-0.07663872552003684,-0.042513226669863693,-0.061745714736931676,-0.038730019217043166,0.011605441534822923,0.008462647536952687
c2,c2,1,ChatDev_ProgramDev2_GPT4o_88_scored.json,1.3,0.7542058823529412,0.7277,0.4646,1.0,0.18063876032043566,0.53662,0.6178,1.0,0.3822,0.0,0.058823529411764705,0.35294117647058826,,7.0,0.4646,0.5735671220325055,0.6673241176470588,0.7542058823529412,0.35294117647058826,0.23529411764705882,0.26619031141868515,0.6669307414991416,2.0,17.0,5.0,9.0,1.0,0.0,1.0,1.0,0.0,1.0,0.0,0.9411764705882353,0.7647058823529411,0.23529411764705882,0.5882352941176471,0.4117647058823529,0.6470588235294118,0.29411764705882354,0.7058823529411765,0.7647058823529411,0.7647058823529411,0.7647058823529411,0.7647058823529411,0.7647058823529411,0.7647058823529411,0.5882352941176471,0.5882352941176471,0.5882352941176471,0.5882352941176471,0.5882352941176471,0.5882352941176471,0.5294117647058824,0.5588235294117647,0.35294117647058826,0.35294117647058826,0.35294117647058826,0.35294117647058826,0.35294117647058826,0.29411764705882354,0.3235294117647059,0.29411764705882354,0.29411764705882354,0.29411764705882354,0.29411764705882354,0.23529411764705882,0.2647058823529412,1.0,3.0,1.0,0.058823529411764705,0.0,0.0,0.0,0.18063876032043566,17.0,0.4047967150150302,0.3664957530512301,0.34268802550351046,0.47290208502595316,0.5618793414192397,0.6670072437106149,0.6580884550012496,0.7231461149995264,0.6985770468790133
c2,c2,1,ChatDev_ProgramDev2_GPT4o_89_scored.json,1.3,0.7507230769230769,0.7831,0.0,1.0,0.27110213844131814,0.57884,0.636,1.0,0.364,0.07692307692307693,0.07692307692307693,0.46153846153846156,6.0,3.5,0.0,0.4796209384817588,0.5255061538461538,0.6738,0.38461538461538464,0.3076923076923077,0.3464875739644971,0.6952544476781385,3.0,13.0,5.0,8.0,0.9230769230769231,0.07692307692307693,0.9230769230769231,0.9230769230769231,0.07692307692307693,0.9230769230769231,0.07692307692307693,0.9230769230769231,0.8461538461538461,0.15384615384615385,0.5384615384615384,0.46153846153846156,0.5384615384615384,0.38461538461538464,0.6153846153846154,0.7692307692307692,0.8076923076923077,0.7692307692307692,0.8076923076923077,0.7692307692307692,0.8076923076923077,0.4615384615384615,0.5,0.4615384615384615,0.5,0.4615384615384615,0.5,0.4615384615384615,0.5,0.42307692307692313,0.38461538461538464,0.42307692307692313,0.38461538461538464,0.42307692307692313,0.38461538461538464,0.42307692307692313,0.3076923076923077,0.34615384615384615,0.3076923076923077,0.34615384615384615,0.3076923076923077,0.34615384615384615,1.0,1.0,1.0,0.07692307692307693,0.0,0.0,0.0,0.27110213844131814,13.0,-0.07438294002633417,0.1731186300214747,0.23082118708305344,0.5988461100143074,0.5965389380066589,0.5811602609683151,0.6597566651376726,0.5319972669557878,0.5223626389168351
c2,c2,1,ChatDev_ProgramDev2_GPT4o_8_scored.json,1.3,0.7499615384615385,0.7585,0.0,1.0,0.2719633361558461,0.56168,0.6499,1.0,0.35009999999999997,0.07692307692307693,0.07692307692307693,0.38461538461538464,5.0,3.0,0.0,0.47799820230569234,0.5249730769230769,0.6730384615384615,0.3076923076923077,0.3076923076923077,0.2884467455621302,0.7582039399250219,3.0,13.0,5.0,8.0,0.9230769230769231,0.07692307692307693,0.9230769230769231,0.9230769230769231,0.07692307692307693,0.9230769230769231,0.07692307692307693,0.9230769230769231,0.7692307692307693,0.23076923076923078,0.6153846153846154,0.38461538461538464,0.6153846153846154,0.38461538461538464,0.6153846153846154,0.6923076923076923,0.7307692307692308,0.6923076923076923,0.7307692307692308,0.6923076923076923,0.7307692307692308,0.5384615384615385,0.576923076923077,0.5384615384615385,0.576923076923077,0.5384615384615385,0.576923076923077,0.5384615384615385,0.576923076923077,0.34615384615384615,0.3076923076923077,0.34615384615384615,0.3076923076923077,0.34615384615384615,0.3076923076923077,0.34615384615384615,0.3076923076923077,0.34615384615384615,0.3076923076923077,0.34615384615384615,0.3076923076923077,0.34615384615384615,1.0,1.0,1.0,0.07692307692307693,0.0,0.0,0.0,0.2719633361558461,13.0,-0.07169994215379077,0.029061450093472718,0.03465720417822718,-0.041476429290517106,-0.07964971644230784,-0.07015005673826533,-0.1142824283573406,-0.25012773524736553,-0.2764074346497744
c2,c2,1,ChatDev_ProgramDev2_GPT4o_91_scored.json,1.5,0.8194230769230769,0.7497,0.6147,1.0,0.1486027702083964,0.67074,0.6878,1.0,0.31220000000000003,0.0,0.0,0.38461538461538464,,6.0,0.6147,0.6708203067146805,0.7580061538461538,0.8194230769230769,0.38461538461538464,0.38461538461538464,0.31516272189349115,0.41398207241620283,4.0,13.0,5.0,8.0,1.0,0.0,1.0,1.0,0.0,1.0,0.0,1.0,1.0,0.0,0.6923076923076923,0.3076923076923077,0.6153846153846154,0.38461538461538464,0.6153846153846154,1.0,1.0,1.0,1.0,1.0,1.0,0.6923076923076923,0.6923076923076923,0.6923076923076923,0.6923076923076923,0.6923076923076923,0.6923076923076923,0.6923076923076923,0.6923076923076923,0.38461538461538464,0.38461538461538464,0.38461538461538464,0.38461538461538464,0.38461538461538464,0.38461538461538464,0.38461538461538464,0.38461538461538464,0.38461538461538464,0.38461538461538464,0.38461538461538464,0.38461538461538464,0.38461538461538464,0.0,0.0,0.0,0.0,0.0,0.0,0.0,0.1486027702083964,13.0,-0.8771960208006567,0.1731186300214747,0.1780031882684797,-0.07663872552003684,-0.042513226669863693,-0.042747580222721474,-0.02027980477163341,-0.06000163872106048,-0.0638660348836314
c2,c2,1,ChatDev_ProgramDev2_GPT4o_92_scored.json,1.3,0.7536642857142857,0.7514,0.0,1.0,0.25928615909052755,0.60601,0.65755,1.0,0.34245000000000003,0.07142857142857142,0.07142857142857142,0.42857142857142855,6.0,3.5,0.0,0.49437812662375813,0.527565,0.6822357142857143,0.3571428571428571,0.2857142857142857,0.3229989795918367,0.5580863559661718,3.0,14.0,5.0,8.0,0.9285714285714286,0.07142857142857142,0.9285714285714286,0.9285714285714286,0.07142857142857142,0.9285714285714286,0.07142857142857142,0.9285714285714286,0.9285714285714286,0.07142857142857142,0.5714285714285714,0.42857142857142855,0.5714285714285714,0.35714285714285715,0.6428571428571429,0.8571428571428572,0.8928571428571429,0.8571428571428572,0.8928571428571429,0.8571428571428572,0.8928571428571429,0.5,0.5357142857142857,0.5,0.5357142857142857,0.5,0.5357142857142857,0.5,0.5357142857142857,0.39285714285714285,0.3571428571428571,0.39285714285714285,0.3571428571428571,0.39285714285714285,0.3571428571428571,0.39285714285714285,0.2857142857142857,0.32142857142857145,0.2857142857142857,0.32142857142857145,0.2857142857142857,0.32142857142857145,1.0,1.0,1.0,0.07142857142857142,0.0,0.0,0.0,0.25928615909052755,14.0,0.043821994338167934,0.12166963719004528,0.1569899075588601,0.34340494955845036,0.33173128421004516,0.2764394755474836,0.3043818589613573,0.2575145305111542,0.2185262245278702
c2,c2,1,ChatDev_ProgramDev2_GPT4o_93_scored.json,1.3,0.67075,0.6907,0.0,1.0,0.30367460675155944,0.2343,0.6013000000000001,0.964875,0.363575,0.14285714285714285,0.21428571428571427,0.35714285714285715,2.5,2.0,0.0,0.3670753932484405,0.4695249999999999,0.5278928571428572,0.2142857142857143,0.07142857142857142,0.23955357142857142,0.863927576327933,3.0,14.0,4.0,7.0,0.9285714285714286,0.07142857142857142,0.8571428571428571,0.8571428571428571,0.14285714285714285,0.7857142857142857,0.21428571428571427,0.7857142857142857,0.7142857142857143,0.2857142857142857,0.5,0.5,0.6428571428571429,0.2857142857142857,0.7142857142857143,0.5714285714285714,0.6428571428571429,0.5714285714285714,0.6428571428571429,0.5,0.6071428571428572,0.35714285714285715,0.4285714285714286,0.35714285714285715,0.4285714285714286,0.2857142857142857,0.39285714285714285,0.2857142857142857,0.39285714285714285,0.2857142857142857,0.2142857142857143,0.2857142857142857,0.14285714285714288,0.25,0.14285714285714288,0.25,0.14285714285714285,0.21428571428571427,0.07142857142857142,0.17857142857142855,0.07142857142857142,0.17857142857142855,1.0,2.0,3.0,0.21428571428571427,0.0,0.0,0.16666666666666666,0.30367460675155944,14.0,0.25258324794020703,-0.4599604569539758,-0.46367132850827203,-0.3183911115886172,-0.2935134835612207,-0.3981620989982436,-0.33425143218394204,-0.09098961989605081,-0.05401677487996344
c2,c2,1,ChatDev_ProgramDev2_GPT4o_94_scored.json,1.3,0.7696928571428572,0.75785,0.1511,1.0,0.2257916247475146,0.61021,0.668525,1.0,0.33147499999999996,0.07142857142857142,0.07142857142857142,0.35714285714285715,5.0,3.0,0.1511,0.5439012323953426,0.5841149999999999,0.6982642857142858,0.2857142857142857,0.2857142857142857,0.274890306122449,0.6780646784916197,2.0,14.0,5.0,8.0,1.0,0.0,0.9285714285714286,0.9285714285714286,0.07142857142857142,0.9285714285714286,0.07142857142857142,0.9285714285714286,0.8571428571428571,0.14285714285714285,0.6428571428571429,0.35714285714285715,0.6428571428571429,0.35714285714285715,0.6428571428571429,0.7857142857142857,0.8214285714285714,0.7857142857142857,0.8214285714285714,0.7857142857142857,0.8214285714285714,0.5714285714285715,0.6071428571428572,0.5714285714285715,0.6071428571428572,0.5714285714285715,0.6071428571428572,0.5714285714285715,0.6071428571428572,0.32142857142857145,0.2857142857142857,0.32142857142857145,0.2857142857142857,0.32142857142857145,0.2857142857142857,0.32142857142857145,0.2857142857142857,0.32142857142857145,0.2857142857142857,0.32142857142857145,0.2857142857142857,0.32142857142857145,1.0,1.0,1.0,0.07142857142857142,0.0,0.0,0.0,0.2257916247475146,14.0,-0.06052775353986851,-0.012097744171670755,-0.025162362281335567,-0.251180265510315,-0.2979496943746952,-0.32511223084030677,-0.41022870690796515,-0.4808337770585213,-0.5408617990760188
c2,c2,1,ChatDev_ProgramDev2_GPT4o_96_scored.json,1.3,0.7740076923076923,0.7342,0.4671,1.0,0.1976989142864957,0.51044,0.6274,1.0,0.37260000000000004,0.0,0.07692307692307693,0.38461538461538464,,6.0,0.4671,0.5763087780211966,0.6819353846153845,0.7740076923076923,0.38461538461538464,0.3076923076923077,0.29769526627218934,0.6669373655164703,2.0,13.0,5.0,8.0,1.0,0.0,1.0,1.0,0.0,1.0,0.0,0.9230769230769231,0.7692307692307693,0.23076923076923078,0.6923076923076923,0.3076923076923077,0.6153846153846154,0.38461538461538464,0.6153846153846154,0.7692307692307693,0.7692307692307693,0.7692307692307693,0.7692307692307693,0.7692307692307693,0.7692307692307693,0.6923076923076923,0.6923076923076923,0.6923076923076923,0.6923076923076923,0.6923076923076923,0.6923076923076923,0.6153846153846154,0.6538461538461539,0.38461538461538464,0.38461538461538464,0.38461538461538464,0.38461538461538464,0.38461538461538464,0.3076923076923077,0.34615384615384615,0.38461538461538464,0.38461538461538464,0.38461538461538464,0.38461538461538464,0.3076923076923077,0.34615384615384615,1.0,3.0,1.0,0.07692307692307693,0.0,0.0,0.0,0.1976989142864957,13.0,-0.1621206166161885,0.1731186300214747,0.1780031882684797,-0.07663872552003684,-0.042513226669863693,0.10797652208368066,-0.031272335454755704,0.02393093972715316,0.11836500724916421
c2,c2,1,ChatDev_ProgramDev2_GPT4o_97_scored.json,1.3,0.7267846153846154,0.7997,0.0,1.0,0.28462323772949616,0.52368,0.5281,1.0,0.4719,0.07692307692307693,0.07692307692307693,0.46153846153846156,6.0,3.5,0.0,0.4421613776551192,0.5087492307692307,0.6498615384615385,0.38461538461538464,0.3076923076923077,0.3354390532544379,0.7648208194538375,3.0,13.0,5.0,8.0,0.9230769230769231,0.07692307692307693,0.9230769230769231,0.9230769230769231,0.07692307692307693,0.9230769230769231,0.07692307692307693,0.9230769230769231,0.6923076923076923,0.3076923076923077,0.5384615384615384,0.46153846153846156,0.5384615384615384,0.38461538461538464,0.6153846153846154,0.6153846153846154,0.6538461538461539,0.6153846153846154,0.6538461538461539,0.6153846153846154,0.6538461538461539,0.4615384615384615,0.5,0.4615384615384615,0.5,0.4615384615384615,0.5,0.4615384615384615,0.5,0.42307692307692313,0.38461538461538464,0.42307692307692313,0.38461538461538464,0.42307692307692313,0.38461538461538464,0.42307692307692313,0.3076923076923077,0.34615384615384615,0.3076923076923077,0.34615384615384615,0.3076923076923077,0.34615384615384615,1.0,1.0,1.0,0.07692307692307693,0.0,0.0,0.0,0.28462323772949616,13.0,-0.032258953846792095,0.1731186300214747,0.23082118708305344,0.5988461100143074,0.5965389380066589,0.8508837759792711,0.9166966326278138,0.709867644877886,0.781640250979602
c2,c2,1,ChatDev_ProgramDev2_GPT4o_98_scored.json,1.3,0.7118846153846153,0.6805,0.0,1.0,0.27007704839731556,0.47412000000000004,0.6211,1.0,0.3789,0.07692307692307693,0.15384615384615385,0.3076923076923077,4.0,2.5,0.0,0.4418075669872998,0.4983192307692307,0.6349615384615384,0.23076923076923078,0.15384615384615385,0.21904142011834318,0.6776275526715196,3.0,13.0,4.0,7.0,0.9230769230769231,0.07692307692307693,0.9230769230769231,0.9230769230769231,0.07692307692307693,0.9230769230769231,0.07692307692307693,0.8461538461538461,0.8461538461538461,0.15384615384615385,0.46153846153846156,0.5384615384615384,0.6923076923076923,0.3076923076923077,0.6923076923076923,0.7692307692307692,0.8076923076923077,0.7692307692307692,0.8076923076923077,0.7692307692307692,0.8076923076923077,0.38461538461538464,0.42307692307692313,0.38461538461538464,0.42307692307692313,0.38461538461538464,0.42307692307692313,0.3076923076923077,0.38461538461538464,0.2692307692307693,0.23076923076923078,0.2692307692307693,0.23076923076923078,0.2692307692307693,0.15384615384615385,0.23076923076923078,0.23076923076923078,0.2692307692307693,0.23076923076923078,0.2692307692307693,0.15384615384615385,0.23076923076923078,1.0,3.0,2.0,0.15384615384615385,0.0,0.0,0.16666666666666666,0.27007704839731556,13.0,0.0633681144406821,-0.3676905151875796,-0.40696502068714646,-0.06120058122012939,-0.08830392189394651,-0.04981152093272681,0.0944490833342296,0.2842971738846519,0.2971528888269448
c2,c2,1,ChatDev_ProgramDev_GPT4o_10_scored.json,1.3,0.6986846153846153,0.6752,0.0,1.0,0.2642399167602568,0.55472,0.6206,1.0,0.37939999999999996,0.07692307692307693,0.07692307692307693,0.3076923076923077,4.0,2.5,0.0,0.4344446986243585,0.4890792307692307,0.6217615384615385,0.23076923076923078,0.23076923076923078,0.21497988165680473,0.748580172237067,6.0,13.0,4.0,7.0,0.9230769230769231,0.07692307692307693,0.9230769230769231,0.9230769230769231,0.07692307692307693,0.9230769230769231,0.07692307692307693,0.9230769230769231,0.7692307692307693,0.23076923076923078,0.38461538461538464,0.6153846153846154,0.6923076923076923,0.3076923076923077,0.6923076923076923,0.6923076923076923,0.7307692307692308,0.6923076923076923,0.7307692307692308,0.6923076923076923,0.7307692307692308,0.3076923076923077,0.34615384615384615,0.3076923076923077,0.34615384615384615,0.3076923076923077,0.34615384615384615,0.3076923076923077,0.34615384615384615,0.2692307692307693,0.23076923076923078,0.2692307692307693,0.23076923076923078,0.2692307692307693,0.23076923076923078,0.2692307692307693,0.23076923076923078,0.2692307692307693,0.23076923076923078,0.2692307692307693,0.23076923076923078,0.2692307692307693,1.0,1.0,1.0,0.07692307692307693,0.0,0.0,0.16666666666666666,0.2642399167602568,13.0,-0.09576168483791321,-0.3676905151875796,-0.40696502068714646,0.23972070445634236,0.22438436187482172,0.2501842259369038,0.44684411725048767,0.5656730233221519,0.5269872859059168
c2,c2,1,ChatDev_ProgramDev_GPT4o_17_scored.json,1.3,0.7415,0.7568,0.0,1.0,0.26230904263130894,0.58838,0.6405,1.0,0.35950000000000004,0.07692307692307693,0.07692307692307693,0.46153846153846156,6.0,3.5,0.0,0.4791909573686911,0.51905,0.6645769230769232,0.38461538461538464,0.23076923076923078,0.3422307692307693,0.6952544476781385,6.0,13.0,4.0,7.0,0.9230769230769231,0.07692307692307693,0.9230769230769231,0.9230769230769231,0.07692307692307693,0.9230769230769231,0.07692307692307693,0.9230769230769231,0.8461538461538461,0.15384615384615385,0.6153846153846154,0.38461538461538464,0.5384615384615384,0.3076923076923077,0.6923076923076923,0.7692307692307692,0.8076923076923077,0.7692307692307692,0.8076923076923077,0.7692307692307692,0.8076923076923077,0.5384615384615385,0.576923076923077,0.5384615384615385,0.576923076923077,0.5384615384615385,0.576923076923077,0.5384615384615385,0.576923076923077,0.42307692307692313,0.38461538461538464,0.42307692307692313,0.38461538461538464,0.42307692307692313,0.38461538461538464,0.42307692307692313,0.23076923076923078,0.2692307692307693,0.23076923076923078,0.2692307692307693,0.23076923076923078,0.2692307692307693,1.0,2.0,1.0,0.07692307692307693,0.0,0.0,0.16666666666666666,0.26230904263130894,13.0,-0.031304857180947505,-0.0795761553315757,-0.014637054877493977,0.015759354683632536,0.013320251928914117,-0.05885741831310674,-0.11568937921468533,-0.15653675578919565,-0.2044355846904064
c2,c2,1,ChatDev_ProgramDev_GPT4o_19_scored.json,1.3,0.7138384615384615,0.7042,0.0,1.0,0.2680095937963115,0.51742,0.5951,1.0,0.40490000000000004,0.07692307692307693,0.15384615384615385,0.38461538461538464,5.0,3.0,0.0,0.44582886774215,0.49968692307692303,0.6369153846153845,0.3076923076923077,0.15384615384615385,0.2745532544378698,0.7865210220866901,6.0,13.0,4.0,7.0,0.9230769230769231,0.07692307692307693,0.9230769230769231,0.9230769230769231,0.07692307692307693,0.9230769230769231,0.07692307692307693,0.8461538461538461,0.6923076923076923,0.3076923076923077,0.5384615384615384,0.46153846153846156,0.6153846153846154,0.3076923076923077,0.6923076923076923,0.6153846153846154,0.6538461538461539,0.6153846153846154,0.6538461538461539,0.6153846153846154,0.6538461538461539,0.4615384615384615,0.5,0.4615384615384615,0.5,0.4615384615384615,0.5,0.3846153846153846,0.4615384615384615,0.34615384615384615,0.3076923076923077,0.34615384615384615,0.3076923076923077,0.34615384615384615,0.23076923076923078,0.3076923076923077,0.23076923076923078,0.2692307692307693,0.23076923076923078,0.2692307692307693,0.15384615384615385,0.23076923076923078,1.0,2.0,2.0,0.15384615384615385,0.0,0.0,0.16666666666666666,0.2680095937963115,13.0,-0.013545211062506913,-0.22363333525957765,-0.21080103778232026,-0.022720613268248382,-0.03749183498251614,0.03477623150767322,0.09792026993661926,0.2798905993163042,0.31154106469972714
c2,c2,1,ChatDev_ProgramDev_GPT4o_21_scored.json,1.3,0.7137642857142857,0.73705,0.0,1.0,0.3034916958316578,0.28739000000000003,0.6069,1.0,0.3931,0.14285714285714285,0.14285714285714285,0.42857142857142855,3.0,2.3333333333333335,0.0,0.41027258988262794,0.499635,0.5709071428571428,0.2857142857142857,0.2142857142857143,0.3058989795918367,0.6239709312770374,3.0,14.0,5.0,8.0,0.9285714285714286,0.07142857142857142,0.8571428571428571,0.8571428571428571,0.14285714285714285,0.8571428571428571,0.14285714285714285,0.8571428571428571,0.8571428571428571,0.14285714285714285,0.5714285714285714,0.42857142857142855,0.5714285714285714,0.35714285714285715,0.6428571428571429,0.7142857142857142,0.7857142857142857,0.7142857142857142,0.7857142857142857,0.7142857142857142,0.7857142857142857,0.42857142857142855,0.5,0.42857142857142855,0.5,0.42857142857142855,0.5,0.42857142857142855,0.5,0.3571428571428571,0.2857142857142857,0.3571428571428571,0.2857142857142857,0.3571428571428571,0.2857142857142857,0.3571428571428571,0.2142857142857143,0.2857142857142857,0.2142857142857143,0.2857142857142857,0.2142857142857143,0.2857142857142857,1.0,1.0,2.0,0.14285714285714285,0.0,0.0,0.0,0.3034916958316578,14.0,0.18154107908527295,-0.012097744171670755,0.02388292233219709,0.09662874507199513,0.0881092840068499,0.0847047427195442,0.13246211120267354,0.23930843588966397,0.29056750783908264
c2,c2,1,ChatDev_ProgramDev_GPT4o_7_scored.json,1.3,0.7626384615384615,0.8007,0.0,1.0,0.27277520905418845,0.54754,0.6618,1.0,0.33819999999999995,0.07692307692307693,0.07692307692307693,0.5384615384615384,6.999999999999999,4.0,0.0,0.48986325248427304,0.533846923076923,0.6857153846153845,0.4615384615384615,0.3076923076923077,0.4106514792899408,0.7188768422855504,2.0,13.0,5.0,8.0,0.9230769230769231,0.07692307692307693,0.9230769230769231,0.9230769230769231,0.07692307692307693,0.9230769230769231,0.07692307692307693,0.9230769230769231,0.7692307692307693,0.23076923076923078,0.6923076923076923,0.3076923076923077,0.46153846153846156,0.38461538461538464,0.6153846153846154,0.6923076923076923,0.7307692307692308,0.6923076923076923,0.7307692307692308,0.6923076923076923,0.7307692307692308,0.6153846153846154,0.6538461538461539,0.6153846153846154,0.6538461538461539,0.6153846153846154,0.6538461538461539,0.6153846153846154,0.6538461538461539,0.5,0.4615384615384615,0.5,0.4615384615384615,0.5,0.4615384615384615,0.5,0.3076923076923077,0.34615384615384615,0.3076923076923077,0.34615384615384615,0.3076923076923077,0.34615384615384615,1.0,1.0,1.0,0.07692307692307693,0.0,0.0,0.0,0.27277520905418845,13.0,-0.06917061210299978,0.3171758099494766,0.4269851699878795,0.33640479228971654,0.3346627411493207,0.23777593055890708,0.1407868222170003,0.01952550383093621,0.022431839796045724
c2,c2,1,ChatDev_ProgramDev_GPT4o_8_scored.json,1.3,0.7143923076923077,0.7082,0.0,1.0,0.2677877329916895,0.47578000000000004,0.6442,1.0,0.3558,0.07692307692307693,0.15384615384615385,0.3076923076923077,4.0,2.5,0.0,0.44660457470061815,0.5000746153846153,0.6374692307692307,0.23076923076923078,0.15384615384615385,0.2198130177514793,0.6776275526715196,6.0,13.0,4.0,7.0,0.9230769230769231,0.07692307692307693,0.9230769230769231,0.9230769230769231,0.07692307692307693,0.9230769230769231,0.07692307692307693,0.8461538461538461,0.8461538461538461,0.15384615384615385,0.6153846153846154,0.38461538461538464,0.6923076923076923,0.3076923076923077,0.6923076923076923,0.7692307692307692,0.8076923076923077,0.7692307692307692,0.8076923076923077,0.7692307692307692,0.8076923076923077,0.5384615384615385,0.576923076923077,0.5384615384615385,0.576923076923077,0.5384615384615385,0.576923076923077,0.46153846153846156,0.5384615384615385,0.2692307692307693,0.23076923076923078,0.2692307692307693,0.23076923076923078,0.2692307692307693,0.15384615384615385,0.23076923076923078,0.23076923076923078,0.2692307692307693,0.23076923076923078,0.2692307692307693,0.15384615384615385,0.23076923076923078,1.0,2.0,2.0,0.15384615384615385,0.0,0.0,0.16666666666666666,0.2677877329916895,13.0,-0.014236402012923982,-0.3676905151875796,-0.40696502068714646,-0.6630431525730728,-0.7136804894314825,-0.7045254460541956,-0.7599854664212105,-0.6813906288175922,-0.6568418585983695
