file,sample,label,y,n_outputs,n_entries,alignment_score_high_low_gap_0_6_0_4,alignment_score_high_low_gap_0_7_0_3,alignment_score_high_low_gap_0_8_0_2,alignment_score_high_low_gap_0_9_0_5,alignment_score_high_low_ratio_0_6_0_4,alignment_score_high_low_ratio_0_7_0_3,alignment_score_high_low_ratio_0_8_0_2,alignment_score_high_low_ratio_0_9_0_5,alignment_score_high_rate_0_1,alignment_score_high_rate_0_2,alignment_score_high_rate_0_3,alignment_score_high_rate_0_4,alignment_score_high_rate_0_5,alignment_score_high_rate_0_6,alignment_score_high_rate_0_7,alignment_score_high_rate_0_8,alignment_score_high_rate_0_9,alignment_score_low_high_gap_0_2_0_8,alignment_score_low_high_gap_0_3_0_7,alignment_score_low_high_gap_0_4_0_6,alignment_score_low_high_gap_0_5_0_9,alignment_score_low_rate_0_1,alignment_score_low_rate_0_2,alignment_score_low_rate_0_3,alignment_score_low_rate_0_4,alignment_score_low_rate_0_5,alignment_score_low_rate_0_6,alignment_score_low_rate_0_7,alignment_score_low_rate_0_8,alignment_score_low_rate_0_9,alignment_score_max,alignment_score_mean,alignment_score_min,alignment_score_q10,alignment_score_q25,alignment_score_q50,alignment_score_q75,alignment_score_q90,alignment_score_std,entry_alignment_score_high_low_gap_0_6_0_4,entry_alignment_score_high_low_gap_0_7_0_3,entry_alignment_score_high_low_gap_0_8_0_2,entry_alignment_score_high_low_gap_0_9_0_5,entry_alignment_score_high_low_ratio_0_6_0_4,entry_alignment_score_high_low_ratio_0_7_0_3,entry_alignment_score_high_low_ratio_0_8_0_2,entry_alignment_score_high_low_ratio_0_9_0_5,entry_alignment_score_high_rate_0_1,entry_alignment_score_high_rate_0_2,entry_alignment_score_high_rate_0_3,entry_alignment_score_high_rate_0_4,entry_alignment_score_high_rate_0_5,entry_alignment_score_high_rate_0_6,entry_alignment_score_high_rate_0_7,entry_alignment_score_high_rate_0_8,entry_alignment_score_high_rate_0_9,entry_alignment_score_low_high_gap_0_2_0_8,entry_alignment_score_low_high_gap_0_3_0_7,entry_alignment_score_low_high_gap_0_4_0_6,entry_alignment_score_low_high_gap_0_5_0_9,entry_alignment_score_low_rate_0_1,entry_alignment_score_low_rate_0_2,entry_alignment_score_low_rate_0_3,entry_alignment_score_low_rate_0_4,entry_alignment_score_low_rate_0_5,entry_alignment_score_low_rate_0_6,entry_alignment_score_low_rate_0_7,entry_alignment_score_low_rate_0_8,entry_alignment_score_low_rate_0_9,entry_alignment_score_max,entry_alignment_score_mean,entry_alignment_score_min,entry_alignment_score_q10,entry_alignment_score_q25,entry_alignment_score_q50,entry_alignment_score_q75,entry_alignment_score_q90,entry_alignment_score_std,phase_codereviewcomment_low_rate_0_5,phase_codereviewcomment_mean,phase_codereviewcomment_min,phase_codereviewmodification_low_rate_0_5,phase_codereviewmodification_mean,phase_codereviewmodification_min,phase_coding_low_rate_0_5,phase_coding_mean,phase_coding_min,phase_demandanalysis_low_rate_0_5,phase_demandanalysis_mean,phase_demandanalysis_min,phase_languagechoose_low_rate_0_5,phase_languagechoose_mean,phase_languagechoose_min,phase_manual_low_rate_0_5,phase_manual_mean,phase_manual_min,role_chief_product_officer_low_rate_0_5,role_chief_product_officer_mean,role_chief_product_officer_min,role_chief_technology_officer_low_rate_0_5,role_chief_technology_officer_mean,role_chief_technology_officer_min,role_code_reviewer_low_rate_0_5,role_code_reviewer_mean,role_code_reviewer_min,role_programmer_low_rate_0_5,role_programmer_mean,role_programmer_min
ChatDev_ProgramDev2_GPT4o_0_scored.json,ChatDev_ProgramDev2_GPT4o_0,0.0,0,94,14,0.25531914893617025,0.27659574468085113,0.26595744680851063,0.1914893617021276,1.727272722352617,1.8387096718439127,1.8333333275888888,1.5454545410523413,0.7021276595744681,0.6808510638297872,0.6702127659574468,0.648936170212766,0.648936170212766,0.6063829787234043,0.6063829787234043,0.5851063829787234,0.5425531914893617,-0.26595744680851063,-0.27659574468085113,-0.25531914893617025,-0.1914893617021276,0.2978723404255319,0.3191489361702128,0.32978723404255317,0.35106382978723405,0.35106382978723405,0.39361702127659576,0.39361702127659576,0.4148936170212766,0.4574468085106383,0.9999998758935559,0.6315506853565462,0.0,1.6180857257724606e-06,0.006661830484035219,0.9958035573842622,0.999951325937205,0.999997715246459,0.4472963374282057,0.42857142857142855,0.35714285714285715,0.2857142857142857,-0.14285714285714285,3.9999999720000003,3.4999999755,4.999999930000001,0.49999999824999997,1.0,0.9285714285714286,0.8571428571428571,0.8571428571428571,0.7142857142857143,0.5714285714285714,0.5,0.35714285714285715,0.14285714285714285,-0.2857142857142857,-0.35714285714285715,-0.42857142857142855,0.14285714285714285,0.0,0.07142857142857142,0.14285714285714285,0.14285714285714285,0.2857142857142857,0.42857142857142855,0.5,0.6428571428571429,0.8571428571428571,0.9999998595452219,0.6602459884455425,0.18010060607602246,0.3188686391916754,0.5010866143914612,0.7017774629646236,0.8380305102330872,0.9552197800453024,0.24231304711141674,0.125,0.7859289593666806,0.00020342704214340812,0.23809523809523808,0.7406378622712162,6.34880011604368e-09,0.8333333333333334,0.18010060607602246,1.1253517471925912e-07,0.5555555555555556,0.43536334370313245,0.0,0.0,0.9999998595452219,0.9999998595452219,0.3333333333333333,0.6725479679855684,3.850741922767617e-09,0.42857142857142855,0.5708974147216672,0.0,0.0,0.9999998595452219,0.9999998595452219,0.125,0.7859289593666806,0.00020342704214340812,0.3728813559322034,0.6147093968232108,6.34880011604368e-09
ChatDev_ProgramDev2_GPT4o_13_scored.json,ChatDev_ProgramDev2_GPT4o_13,0.0,0,106,13,0.0,-0.009433962264150941,0.0,-0.1132075471698113,0.9999999978799999,0.9791666645043402,0.9999999976444444,0.7735849041132077,0.5849056603773585,0.5754716981132075,0.5471698113207547,0.5283018867924528,0.5,0.4716981132075472,0.44339622641509435,0.42452830188679247,0.3867924528301887,0.0,0.009433962264150941,0.0,0.1132075471698113,0.41509433962264153,0.42452830188679247,0.4528301886792453,0.4716981132075472,0.5,0.5283018867924528,0.5566037735849056,0.5754716981132075,0.6132075471698113,0.9999999066729325,0.4984789111580591,0.0,1.2689758501247328e-07,8.44944531006289e-06,0.500000024905383,0.9992399152817732,0.9999981360610501,0.4519145949059373,-0.07692307692307693,0.0,0.15384615384615385,-0.30769230769230765,0.8333333315277778,0.9999999973999999,1.999999987,0.42857142777551027,0.9230769230769231,0.8461538461538461,0.6153846153846154,0.5384615384615384,0.46153846153846156,0.38461538461538464,0.38461538461538464,0.3076923076923077,0.23076923076923078,-0.15384615384615385,0.0,0.07692307692307693,0.30769230769230765,0.07692307692307693,0.15384615384615385,0.38461538461538464,0.46153846153846156,0.5384615384615384,0.6153846153846154,0.6153846153846154,0.6923076923076923,0.7692307692307693,0.9999996497924185,0.528548703592653,6.006531919155331e-07,0.16697502594569344,0.24998865758650915,0.45538164085544525,0.8520655683444396,0.9999988848777758,0.34066772789610056,0.7142857142857143,0.36016506815102767,3.059023205018258e-07,0.5094339622641509,0.44414000762704214,6.691586091292782e-10,0.5,0.5917196107204205,0.060086659981916715,0.8571428571428571,0.14285091890080176,0.0,0.0,0.9999995115894581,0.9999995115894581,0.2727272727272727,0.7248195133595716,3.927863545481039e-07,0.5,0.4984983932922722,0.0,0.0,0.9999995115894581,0.9999995115894581,0.7142857142857143,0.36016506815102767,3.059023205018258e-07,0.4657534246575342,0.5181299046272536,6.691586091292782e-10
ChatDev_ProgramDev2_GPT4o_14_scored.json,ChatDev_ProgramDev2_GPT4o_14,0.0,0,113,13,0.45132743362831856,0.42477876106194684,0.4513274336283185,0.41592920353982293,2.6999999898299993,2.599999990206666,2.8888888767983536,2.5666666569988883,0.7964601769911505,0.7610619469026548,0.7345132743362832,0.7345132743362832,0.7345132743362832,0.7168141592920354,0.6902654867256637,0.6902654867256637,0.6814159292035398,-0.4513274336283185,-0.42477876106194684,-0.45132743362831856,-0.41592920353982293,0.20353982300884957,0.23893805309734514,0.26548672566371684,0.26548672566371684,0.26548672566371684,0.2831858407079646,0.30973451327433627,0.30973451327433627,0.3185840707964602,0.9999998950034715,0.7208794250435199,0.0,0.0008679726593909191,0.2689410620683701,0.9890129318044852,0.999986966135356,0.9999992946712892,0.4131376392075152,0.3076923076923077,0.38461538461538464,0.3076923076923077,-0.07692307692307693,1.9999999935,5.999999922000001,307692307.6923077,0.7499999975624999,1.0,1.0,0.9230769230769231,0.6923076923076923,0.6923076923076923,0.6153846153846154,0.46153846153846156,0.3076923076923077,0.23076923076923078,-0.3076923076923077,-0.38461538461538464,-0.3076923076923077,0.07692307692307693,0.0,0.0,0.07692307692307693,0.3076923076923077,0.3076923076923077,0.38461538461538464,0.5384615384615384,0.6923076923076923,0.7692307692307693,0.9999998672922663,0.6613986830067723,0.2689410620683701,0.3365307356902769,0.39999751906175735,0.6328653303800269,0.8133506729434793,0.9997362804371066,0.25352268629040203,0.2222222222222222,0.7316503323376542,0.02931223128647059,0.23728813559322035,0.7417607125980437,0.0,0.4117647058823529,0.5922283787930166,7.484619074298232e-05,0.6666666666666666,0.34133758955325655,0.0,0.0,0.9999998672922663,0.9999998672922663,0.0,0.9999952631374296,0.9999724275352985,0.2222222222222222,0.7804427052760387,0.0,0.0,0.9999998672922663,0.9999998672922663,0.2222222222222222,0.7316503323376542,0.02931223128647059,0.2962962962962963,0.6892808898527734,0.0
ChatDev_ProgramDev2_GPT4o_16_scored.json,ChatDev_ProgramDev2_GPT4o_16,0.0,0,100,13,0.050000000000000044,0.09000000000000002,0.10999999999999999,-0.009999999999999953,1.106382976369398,1.2142857113945578,1.2820512787639708,0.978723402172929,0.62,0.61,0.58,0.53,0.53,0.52,0.51,0.5,0.46,-0.10999999999999999,-0.09000000000000002,-0.050000000000000044,0.009999999999999953,0.38,0.39,0.42,0.47,0.47,0.48,0.49,0.5,0.54,1.0,0.5375359324505826,0.0,2.019709526292396e-07,0.000522223172348604,0.7974371776058164,0.9999796665182402,0.9999994979684961,0.4634208751439029,0.07692307692307687,0.07692307692307693,0.07692307692307693,-0.23076923076923078,1.1666666641388888,1.19999999688,1.3333333275555557,0.49999999891666663,0.7692307692307693,0.7692307692307693,0.6153846153846154,0.5384615384615384,0.5384615384615384,0.5384615384615384,0.46153846153846156,0.3076923076923077,0.23076923076923078,-0.07692307692307693,-0.07692307692307693,-0.07692307692307687,0.23076923076923078,0.23076923076923078,0.23076923076923078,0.38461538461538464,0.46153846153846156,0.46153846153846156,0.46153846153846156,0.5384615384615384,0.6923076923076923,0.7692307692307693,1.0,0.5254257947465331,0.014656158029692319,0.06566996082505583,0.23754174000658979,0.6646505272260371,0.8443737091876637,0.9747798139628217,0.3572233052309108,0.9285714285714286,0.060178039436984736,8.764248219443636e-08,0.475,0.5437722860390118,1.186112015134383e-08,0.3333333333333333,0.6646505272260371,0.001501181950907551,0.7142857142857143,0.2857141710834905,0.0,0.0,1.0,1.0,0.2857142857142857,0.7037728005623078,2.902312105056987e-06,0.42857142857142855,0.5644199240693687,0.0,0.0,1.0,1.0,0.9285714285714286,0.060178039436984736,8.764248219443636e-08,0.4,0.6113464575122181,1.186112015134383e-08
ChatDev_ProgramDev2_GPT4o_1_scored.json,ChatDev_ProgramDev2_GPT4o_1,0.0,0,152,18,0.03947368421052638,0.0,-0.006578947368421073,-0.03947368421052633,1.0833333310462965,0.9999999978591548,0.9859154908470541,0.9178082172670294,0.5855263157894737,0.5328947368421053,0.5328947368421053,0.5263157894736842,0.5197368421052632,0.5131578947368421,0.46710526315789475,0.4605263157894737,0.4407894736842105,0.006578947368421073,0.0,-0.03947368421052638,0.03947368421052633,0.4144736842105263,0.46710526315789475,0.46710526315789475,0.47368421052631576,0.48026315789473684,0.4868421052631579,0.5328947368421053,0.5394736842105263,0.5592105263157895,0.9999998762486311,0.5078521725897719,4.5990553786523166e-10,1.0943659589741462e-08,1.1727659150964923e-05,0.6508190202838084,0.9996976072195709,0.9999981910214052,0.4660049626892557,0.22222222222222227,0.16666666666666669,0.16666666666666666,-0.2222222222222222,1.6666666616666668,1.7499999921250002,1.9999999880000001,0.49999999887499996,0.8333333333333334,0.8333333333333334,0.7777777777777778,0.6666666666666666,0.5555555555555556,0.5555555555555556,0.3888888888888889,0.3333333333333333,0.2222222222222222,-0.16666666666666666,-0.16666666666666669,-0.22222222222222227,0.2222222222222222,0.16666666666666666,0.16666666666666666,0.2222222222222222,0.3333333333333333,0.4444444444444444,0.4444444444444444,0.6111111111111112,0.6666666666666666,0.7777777777777778,0.9999998673813637,0.571224972435467,6.023573837886479e-08,0.033322916343193704,0.3387268247965331,0.6602364028068526,0.880681701509021,0.9581440847791911,0.33521628112544594,0.3333333333333333,0.6418648527946085,6.023573837886479e-08,0.7222222222222222,0.27932921926767673,4.5990553786523166e-10,0.2857142857142857,0.6538140345259712,0.0001233946226544279,0.6666666666666666,0.3762197477706637,9.736200313009565e-10,0.0,0.9999998046640838,0.9999997419468039,0.25,0.7572299526780789,5.043471815847051e-07,0.3888888888888889,0.6302265510422739,9.736200313009565e-10,0.0,0.9999998046640838,0.9999997419468039,0.3333333333333333,0.6418648527946085,6.023573837886479e-08,0.5405405405405406,0.4423629303560453,4.5990553786523166e-10
ChatDev_ProgramDev2_GPT4o_20_scored.json,ChatDev_ProgramDev2_GPT4o_20,0.0,0,112,14,0.0267857142857143,0.0357142857142857,0.05357142857142855,-0.026785714285714246,1.0566037713520826,1.0784313701806996,1.1276595717808962,0.9433962244215024,0.6071428571428571,0.5803571428571429,0.5446428571428571,0.5267857142857143,0.5267857142857143,0.5,0.49107142857142855,0.4732142857142857,0.44642857142857145,-0.05357142857142855,-0.0357142857142857,-0.0267857142857143,0.026785714285714246,0.39285714285714285,0.41964285714285715,0.45535714285714285,0.4732142857142857,0.4732142857142857,0.5,0.5089285714285714,0.5267857142857143,0.5535714285714286,0.9999997486696145,0.5200170476394582,0.0,4.668719366837361e-05,0.0058128101564700815,0.6206776574611397,0.9989846573683219,0.9999827896573279,0.46150159693298665,0.2142857142857143,0.14285714285714285,0.21428571428571427,-0.07142857142857145,1.749999993875,1.9999999860000002,3.9999999440000007,0.7999999977599999,1.0,0.9285714285714286,0.8571428571428571,0.7142857142857143,0.6428571428571429,0.5,0.2857142857142857,0.2857142857142857,0.2857142857142857,-0.21428571428571427,-0.14285714285714285,-0.2142857142857143,0.07142857142857145,0.0,0.07142857142857142,0.14285714285714285,0.2857142857142857,0.35714285714285715,0.5,0.7142857142857143,0.7142857142857143,0.7142857142857143,0.9999997486696145,0.6060295502156547,0.1672685551208457,0.2933948952353045,0.3585846828137298,0.5799278199628836,0.8626223094483513,0.9963564499159769,0.2755604494259371,0.7692307692307693,0.2876728734189109,8.315279260963632e-07,0.5471698113207547,0.45860389258812856,4.78509457496562e-06,0.42857142857142855,0.4719376268187191,0.0011695103074966034,0.16666666666666666,0.7947700807291398,0.0,0.0,0.9999996173695973,0.9999994860695802,0.3076923076923077,0.6818418392878187,0.0,0.2631578947368421,0.717503389216657,0.0,0.0,0.9999996173695973,0.9999994860695802,0.7692307692307693,0.2876728734189109,8.315279260963632e-07,0.5205479452054794,0.46479887931776187,4.78509457496562e-06
ChatDev_ProgramDev2_GPT4o_22_scored.json,ChatDev_ProgramDev2_GPT4o_22,0.0,0,106,14,0.6226415094339623,0.6226415094339623,0.6132075471698114,0.5566037735849056,4.666666639185186,4.666666639185186,5.062499966460939,4.10526313499169,0.8490566037735849,0.8490566037735849,0.8301886792452831,0.8301886792452831,0.8207547169811321,0.7924528301886793,0.7924528301886793,0.7641509433962265,0.7358490566037735,-0.6132075471698114,-0.6226415094339623,-0.6226415094339623,-0.5566037735849056,0.1509433962264151,0.1509433962264151,0.16981132075471697,0.16981132075471697,0.1792452830188679,0.20754716981132076,0.20754716981132076,0.2358490566037736,0.2641509433962264,0.9999998974281193,0.8010519291277501,0.0,0.0023369325293924785,0.8591638681823537,0.9989596380444596,0.9999891136366639,0.9999997760634323,0.362460048825767,0.5,0.42857142857142855,0.5,0.21428571428571427,4.499999968500001,3.9999999720000003,7.999999888000001,1.9999999906666668,1.0,0.9285714285714286,0.8571428571428571,0.8571428571428571,0.7857142857142857,0.6428571428571429,0.5714285714285714,0.5714285714285714,0.42857142857142855,-0.5,-0.42857142857142855,-0.5,-0.21428571428571427,0.0,0.07142857142857142,0.14285714285714285,0.14285714285714285,0.21428571428571427,0.35714285714285715,0.42857142857142855,0.42857142857142855,0.5714285714285714,0.9999998539681682,0.7343038958542727,0.1998894420549374,0.30583776191230255,0.5233812243971372,0.8371465541115491,0.998384724636711,0.9998761325524195,0.28381396300205497,0.25,0.7523452154961259,0.0003353500342255387,0.125,0.8237338810739673,1.2751905914873347e-07,0.0,0.9995876945572343,0.9933071822114634,0.4444444444444444,0.5552153706521611,0.0,0.0,0.9999998539681682,0.9999998539681682,0.13333333333333333,0.8616638349481286,0.0005527785265734312,0.25,0.7467456608371408,0.0,0.0,0.9999998539681682,0.9999998539681682,0.25,0.7523452154961259,0.0003353500342255387,0.13846153846153847,0.8300320819314455,9.736200313009565e-10
ChatDev_ProgramDev2_GPT4o_23_scored.json,ChatDev_ProgramDev2_GPT4o_23,0.0,0,83,13,0.22891566265060237,0.22891566265060248,0.1927710843373494,0.12048192771084332,1.5937499958662107,1.6129032214880334,1.533333329091111,1.312499996595703,0.6385542168674698,0.6385542168674698,0.6265060240963856,0.6144578313253012,0.6144578313253012,0.6144578313253012,0.6024096385542169,0.5542168674698795,0.5060240963855421,-0.1927710843373494,-0.22891566265060248,-0.22891566265060237,-0.12048192771084332,0.3614457831325301,0.3614457831325301,0.37349397590361444,0.3855421686746988,0.3855421686746988,0.3855421686746988,0.39759036144578314,0.4457831325301205,0.4939759036144578,0.9999998764623648,0.5989967882516671,0.0,5.6177488788065125e-08,0.0010402808560130866,0.9525741078508869,0.9999531231369126,0.999999450522419,0.4603792921185196,-0.07692307692307693,0.0,0.15384615384615385,-0.30769230769230765,0.8333333315277778,0.9999999973999999,1.6666666594444446,0.42857142777551027,0.7692307692307693,0.7692307692307693,0.6153846153846154,0.5384615384615384,0.46153846153846156,0.38461538461538464,0.38461538461538464,0.38461538461538464,0.23076923076923078,-0.15384615384615385,0.0,0.07692307692307693,0.30769230769230765,0.23076923076923078,0.23076923076923078,0.38461538461538464,0.46153846153846156,0.5384615384615384,0.6153846153846154,0.6153846153846154,0.6153846153846154,0.7692307692307693,0.999999724577762,0.5019534767121631,7.194133030325383e-09,2.022000676201878e-05,0.2499812778895609,0.4065107439723607,0.8989021458141924,0.9942180077458158,0.38370770553946504,1.0,7.573322925550302e-05,7.194133030325383e-09,0.43243243243243246,0.5450611687014939,2.215948977336598e-08,0.0,0.9710969802321836,0.7772998889863724,0.7142857142857143,0.2856745206910607,0.0,0.0,0.999999724577762,0.999999724577762,0.08333333333333333,0.8989021458141924,0.0011695103074966034,0.3157894736842105,0.6729761786635649,0.0,0.0,0.999999724577762,0.999999724577762,1.0,7.573322925550302e-05,7.194133030325383e-09,0.3137254901960784,0.6642789431916472,2.215948977336598e-08
ChatDev_ProgramDev2_GPT4o_24_scored.json,ChatDev_ProgramDev2_GPT4o_24,0.0,0,113,13,0.035398230088495575,0.026548672566371667,0.01769911504424776,0.008849557522123908,1.0740740718264745,1.0555555533467078,1.0370370348669409,1.0181818160899174,0.5486725663716814,0.5221238938053098,0.5221238938053098,0.5221238938053098,0.5132743362831859,0.5132743362831859,0.504424778761062,0.49557522123893805,0.49557522123893805,-0.01769911504424776,-0.026548672566371667,-0.035398230088495575,-0.008849557522123908,0.45132743362831856,0.4778761061946903,0.4778761061946903,0.4778761061946903,0.48672566371681414,0.48672566371681414,0.49557522123893805,0.504424778761062,0.504424778761062,0.9999998673291829,0.5125839679551075,4.058652126475693e-10,1.4449802461092448e-07,3.535625324942473e-05,0.7310585445716791,0.9999037690455274,0.9999977814684959,0.48412909551662103,0.0,0.07692307692307693,0.07692307692307693,-0.23076923076923073,0.9999999973999999,1.2499999959374999,1.3333333275555557,0.5714285703673471,1.0,0.7692307692307693,0.6923076923076923,0.6153846153846154,0.46153846153846156,0.38461538461538464,0.38461538461538464,0.3076923076923077,0.3076923076923077,-0.07692307692307693,-0.07692307692307693,0.0,0.23076923076923073,0.0,0.23076923076923078,0.3076923076923077,0.38461538461538464,0.5384615384615384,0.6153846153846154,0.6153846153846154,0.6923076923076923,0.6923076923076923,0.9999998673291829,0.559339767923685,0.14804623414332965,0.1567531170429095,0.2273718689169304,0.4378188184628719,0.9901245400091646,0.9999359154864811,0.33770895123375333,0.8888888888888888,0.1803750814448219,2.1024338523818466e-07,0.7037037037037037,0.2860332066086839,2.510999155743982e-08,0.0,0.9901245400091646,0.9046504183676645,0.4,0.5999742585530384,4.058652126475693e-10,0.0,0.9999998673291829,0.9999998673291829,0.22727272727272727,0.7716022224689891,8.152020714470167e-09,0.25925925925925924,0.7398192661882574,4.058652126475693e-10,0.0,0.9999998673291829,0.9999998673291829,0.8888888888888888,0.1803750814448219,2.1024338523818466e-07,0.5263157894736842,0.46478279725673183,2.510999155743982e-08
ChatDev_ProgramDev2_GPT4o_25_scored.json,ChatDev_ProgramDev2_GPT4o_25,0.0,0,115,13,0.391304347826087,0.391304347826087,0.36521739130434777,0.30434782608695654,2.323529403905709,2.406249991352539,2.3124999916894526,1.9999999934285713,0.7478260869565218,0.7217391304347827,0.7217391304347827,0.7043478260869566,0.6956521739130435,0.6869565217391305,0.6695652173913044,0.6434782608695652,0.6086956521739131,-0.36521739130434777,-0.391304347826087,-0.391304347826087,-0.30434782608695654,0.25217391304347825,0.2782608695652174,0.2782608695652174,0.2956521739130435,0.30434782608695654,0.3130434782608696,0.33043478260869563,0.3565217391304348,0.391304347826087,1.0,0.684054302798056,0.0,4.00132275270101e-07,0.10727620060135795,0.9914224163744744,0.9999227284118701,0.9999970473326198,0.43032595868510903,0.4615384615384615,0.3846153846153846,0.3076923076923077,0.0,2.999999987,3.49999997725,307692307.6923077,0.9999999956666666,1.0,1.0,0.8461538461538461,0.7692307692307693,0.7692307692307693,0.6923076923076923,0.5384615384615384,0.3076923076923077,0.23076923076923078,-0.3076923076923077,-0.3846153846153846,-0.4615384615384615,0.0,0.0,0.0,0.15384615384615385,0.23076923076923078,0.23076923076923078,0.3076923076923077,0.46153846153846156,0.6923076923076923,0.7692307692307693,1.0,0.6799136103723141,0.23759658543522472,0.26638834670545963,0.524328847457186,0.7044261596174402,0.851952325609942,0.9954364253656162,0.25919653842502255,0.6,0.3530024671242636,9.736200313009565e-10,0.35,0.6428604312704932,6.691586091292782e-10,0.0,0.9771832405597386,0.7310585455983416,0.7142857142857143,0.2851279801690051,0.0,0.0,1.0,1.0,0.2,0.7992805104723478,8.315279260963632e-07,0.4117647058823529,0.5875706450533243,0.0,0.0,1.0,1.0,0.6,0.3530024671242636,9.736200313009565e-10,0.2619047619047619,0.7279466669038813,6.691586091292782e-10
ChatDev_ProgramDev2_GPT4o_26_scored.json,ChatDev_ProgramDev2_GPT4o_26,0.0,0,123,14,0.5934959349593496,0.5853658536585367,0.5772357723577236,0.5609756097560976,4.041666645953125,3.9999999795,4.086956499882798,3.874999980140625,0.8292682926829268,0.8130081300813008,0.8048780487804879,0.8048780487804879,0.8048780487804879,0.7886178861788617,0.7804878048780488,0.7642276422764228,0.7560975609756098,-0.5772357723577236,-0.5853658536585367,-0.5934959349593496,-0.5609756097560976,0.17073170731707318,0.18699186991869918,0.1951219512195122,0.1951219512195122,0.1951219512195122,0.21138211382113822,0.21951219512195122,0.23577235772357724,0.24390243902439024,0.9999999069494653,0.7920384830538738,0.0,1.3382662359211486e-05,0.9222818798869952,0.9999037707778538,0.9999991424309529,0.9999996063806103,0.38381273195261556,0.4285714285714286,0.4285714285714286,0.21428571428571427,0.07142857142857145,2.9999999860000006,2.9999999860000006,1.9999999906666668,1.249999995625,0.8571428571428571,0.7857142857142857,0.7857142857142857,0.7857142857142857,0.7142857142857143,0.6428571428571429,0.6428571428571429,0.42857142857142855,0.35714285714285715,-0.21428571428571427,-0.4285714285714286,-0.4285714285714286,-0.07142857142857145,0.14285714285714285,0.21428571428571427,0.21428571428571427,0.21428571428571427,0.2857142857142857,0.35714285714285715,0.35714285714285715,0.5714285714285714,0.6428571428571429,0.9999998677263637,0.6639646539710867,7.194133030325383e-09,0.05999954047517164,0.5179550178192046,0.7502762887261498,0.97561374548765,0.9999919043352408,0.3504657057268351,0.5454545454545454,0.46795724779918946,4.363462252943702e-09,0.12280701754385964,0.8546018209020274,4.691164021834418e-08,0.0,0.984621363966408,0.7772998680972217,0.5,0.5046687645915164,0.0,0.0,0.9999994860695802,0.9999994860695802,0.25,0.7388786790171188,2.510999155743982e-08,0.34615384615384615,0.6487979426995795,0.0,0.0,0.9999994860695802,0.9999994860695802,0.5454545454545454,0.46795724779918946,4.363462252943702e-09,0.08641975308641975,0.8938842953732204,4.691164021834418e-08
ChatDev_ProgramDev2_GPT4o_28_scored.json,ChatDev_ProgramDev2_GPT4o_28,0.0,0,92,13,0.7065217391304348,0.6739130434782609,0.6847826086956521,0.6521739130434783,5.999999957538463,5.769230728402367,6.249999952083334,5.285714250979592,0.8804347826086957,0.8695652173913043,0.8586956521739131,0.8586956521739131,0.8478260869565217,0.8478260869565217,0.8152173913043478,0.8152173913043478,0.8043478260869565,-0.6847826086956521,-0.6739130434782609,-0.7065217391304348,-0.6521739130434783,0.11956521739130435,0.13043478260869565,0.14130434782608695,0.14130434782608695,0.15217391304347827,0.15217391304347827,0.18478260869565216,0.18478260869565216,0.1956521739130435,0.9999998940298515,0.8396478217731482,0.0,0.05026911737828028,0.9807660270925495,0.9991895618214734,0.9997965096571051,0.9999967912632617,0.33714597915458416,0.8461538461538463,0.38461538461538464,0.46153846153846156,0.3076923076923077,11.999999844000001,5.999999922000001,461538461.5384615,4.999999935000001,1.0,1.0,0.9230769230769231,0.9230769230769231,0.9230769230769231,0.9230769230769231,0.46153846153846156,0.46153846153846156,0.38461538461538464,-0.46153846153846156,-0.38461538461538464,-0.8461538461538463,-0.3076923076923077,0.0,0.0,0.07692307692307693,0.07692307692307693,0.07692307692307693,0.07692307692307693,0.5384615384615384,0.5384615384615384,0.6153846153846154,0.9999994862849442,0.7624666829014722,0.24986191582419404,0.6224582675596475,0.6224591291503235,0.6873793042962256,0.9922526523155094,0.999612011652603,0.21879169169725327,0.0,0.6224585881477909,0.6224582341683962,0.0,0.9906008326734299,0.817574497518627,0.4166666666666667,0.6470292826650447,0.022977374441877873,0.5714285714285714,0.42836235439619,0.0,0.0,0.9999994862849442,0.9999994862849442,0.3076923076923077,0.6873793042962256,2.9989608248573072e-09,0.4,0.5967233718312132,0.0,0.0,0.9999994862849442,0.9999994862849442,0.0,0.6224585881477909,0.6224582341683962,0.07936507936507936,0.9259044568351837,0.022977374441877873
ChatDev_ProgramDev2_GPT4o_29_scored.json,ChatDev_ProgramDev2_GPT4o_29,0.0,0,143,14,-0.013986013986014012,-0.013986013986014012,-0.02797202797202797,-0.05594405594405594,0.9718309839581432,0.9718309839581432,0.9436619699303709,0.8873239418748264,0.5104895104895105,0.5034965034965035,0.5034965034965035,0.5034965034965035,0.5034965034965035,0.4825174825174825,0.4825174825174825,0.46853146853146854,0.4405594405594406,0.02797202797202797,0.013986013986014012,0.013986013986014012,0.05594405594405594,0.48951048951048953,0.4965034965034965,0.4965034965034965,0.4965034965034965,0.4965034965034965,0.5174825174825175,0.5174825174825175,0.5314685314685315,0.5594405594405595,0.9999998960910051,0.49091891875992294,0.0,3.0671774752560146e-06,0.0006312244315425956,0.5000000166369047,0.9993687024704843,0.9999937746203627,0.4782949498821039,0.07142857142857145,0.14285714285714288,0.07142857142857142,-0.2857142857142857,1.1666666639444445,1.666666658888889,1.9999999720000003,0.33333333255555553,1.0,0.9285714285714286,0.7857142857142857,0.5714285714285714,0.5714285714285714,0.5,0.35714285714285715,0.14285714285714285,0.14285714285714285,-0.07142857142857142,-0.14285714285714288,-0.07142857142857145,0.2857142857142857,0.0,0.07142857142857142,0.21428571428571427,0.42857142857142855,0.42857142857142855,0.5,0.6428571428571429,0.8571428571428571,0.8571428571428571,0.9999998682283358,0.564118460175459,0.13949393860084178,0.22920234132479367,0.35322304420646006,0.5961849089048818,0.7569880553388684,0.9295022654863861,0.271241837864838,0.7142857142857143,0.2799202441048045,1.8189616875530459e-09,0.4925373134328358,0.49539507790659704,1.8553913626159784e-07,0.6071428571428571,0.39426653681826385,2.382369667501818e-07,0.4444444444444444,0.5282453958507743,0.0,0.0,0.9999997391384885,0.9999996100486414,0.2857142857142857,0.6941704441305765,2.335593038799337e-09,0.34782608695652173,0.6292432513254366,0.0,0.0,0.9999997391384885,0.9999996100486414,0.7142857142857143,0.2799202441048045,1.8189616875530459e-09,0.52,0.4674989386040854,1.8553913626159784e-07
ChatDev_ProgramDev2_GPT4o_2_scored.json,ChatDev_ProgramDev2_GPT4o_2,0.0,0,123,14,0.49593495934959353,0.47154471544715443,0.4552845528455285,0.3902439024390244,3.033333320896667,2.999999987275862,2.999999986821429,2.59999998934,0.7723577235772358,0.7723577235772358,0.7642276422764228,0.7560975609756098,0.7560975609756098,0.7398373983739838,0.7073170731707317,0.6829268292682927,0.6341463414634146,-0.4552845528455285,-0.47154471544715443,-0.49593495934959353,-0.3902439024390244,0.22764227642276422,0.22764227642276422,0.23577235772357724,0.24390243902439024,0.24390243902439024,0.2601626016260163,0.2926829268292683,0.3170731707317073,0.36585365853658536,0.9999999350096844,0.7256480740056954,0.0,6.800552947275867e-05,0.5000000887657212,0.9947798476474543,0.9999416773668635,0.999997560306474,0.4099917941455079,0.5,0.35714285714285715,0.14285714285714285,0.0,3.333333317777778,3.4999999755,1.9999999860000002,0.9999999953333334,0.8571428571428571,0.8571428571428571,0.8571428571428571,0.7857142857142857,0.7857142857142857,0.7142857142857143,0.5,0.2857142857142857,0.21428571428571427,-0.14285714285714285,-0.35714285714285715,-0.5,0.0,0.14285714285714285,0.14285714285714285,0.14285714285714285,0.21428571428571427,0.21428571428571427,0.2857142857142857,0.5,0.7142857142857143,0.7857142857142857,0.9999998539681682,0.6397032739366719,5.602796437537268e-09,0.0999972522389677,0.5413594193184382,0.6974341586125401,0.8516645357206789,0.99990802610267,0.3176131107698393,0.36363636363636365,0.5911883723594198,5.602796437537268e-09,0.22580645161290322,0.7258781828223676,1.0467401794744658e-08,0.1111111111111111,0.875228962214262,0.02297737117530712,0.42857142857142855,0.5681416889271297,0.0,0.0,0.9999996100486414,0.9999996100486414,0.3125,0.6880455445807213,3.059023205018258e-07,0.34782608695652173,0.6515530667731065,0.0,0.0,0.9999996100486414,0.9999996100486414,0.36363636363636365,0.5911883723594198,5.602796437537268e-09,0.21428571428571427,0.7472278992857366,1.0467401794744658e-08
ChatDev_ProgramDev2_GPT4o_34_scored.json,ChatDev_ProgramDev2_GPT4o_34,0.0,0,101,13,0.34653465346534656,0.34653465346534656,0.33663366336633666,0.2772277227722772,2.0937499933916013,2.1290322511279918,2.133333326151111,1.8235294063477505,0.7029702970297029,0.7029702970297029,0.693069306930693,0.6831683168316832,0.6633663366336634,0.6633663366336634,0.6534653465346535,0.6336633663366337,0.6138613861386139,-0.33663366336633666,-0.34653465346534656,-0.34653465346534656,-0.2772277227722772,0.297029702970297,0.297029702970297,0.3069306930693069,0.31683168316831684,0.33663366336633666,0.33663366336633666,0.3465346534653465,0.36633663366336633,0.38613861386138615,0.9999998551179712,0.668389273991152,0.0,2.1444937927240387e-05,0.010986943622377869,0.999738754889728,0.9999951995245934,0.9999990427061927,0.44961669053240366,0.07692307692307693,0.23076923076923078,0.23076923076923078,-0.30769230769230765,1.2499999959374999,2.49999998375,3.9999999480000006,0.42857142777551027,0.9230769230769231,0.9230769230769231,0.8461538461538461,0.6923076923076923,0.46153846153846156,0.38461538461538464,0.38461538461538464,0.3076923076923077,0.23076923076923078,-0.23076923076923078,-0.23076923076923078,-0.07692307692307693,0.30769230769230765,0.07692307692307693,0.07692307692307693,0.15384615384615385,0.3076923076923077,0.5384615384615384,0.6153846153846154,0.6153846153846154,0.6923076923076923,0.7692307692307693,0.9999996159950019,0.5801281188067192,0.0833540638740048,0.2667081902344121,0.3775403487974628,0.4999992782949247,0.8327184699212934,0.9994422180231406,0.2935411699659416,1.0,0.17220800129205205,2.1024338523818466e-07,0.17647058823529413,0.8119325430445861,2.2603250957489616e-06,0.5,0.476084515705764,0.0003353500342255387,0.7142857142857143,0.2858125626068564,0.0,0.0,0.9999996159950019,0.9999996159950019,0.16666666666666666,0.8327184699212934,5.3157852544244216e-08,0.3684210526315789,0.6312268198580798,0.0,0.0,0.9999996159950019,0.9999996159950019,1.0,0.17220800129205205,2.1024338523818466e-07,0.23880597014925373,0.7480813390720434,2.2603250957489616e-06
ChatDev_ProgramDev2_GPT4o_4_scored.json,ChatDev_ProgramDev2_GPT4o_4,0.0,0,108,14,0.06481481481481483,0.06481481481481483,0.08333333333333331,0.01851851851851849,1.1489361675726573,1.1521739103383744,1.2142857111632652,1.040816324236568,0.6388888888888888,0.6111111111111112,0.5740740740740741,0.5648148148148148,0.5462962962962963,0.5,0.49074074074074076,0.4722222222222222,0.4722222222222222,-0.08333333333333331,-0.06481481481481483,-0.06481481481481483,-0.01851851851851849,0.3611111111111111,0.3888888888888889,0.42592592592592593,0.4351851851851852,0.4537037037037037,0.5,0.5092592592592593,0.5277777777777778,0.5277777777777778,0.9999998976500452,0.5406574261621775,0.0,6.046203744681239e-07,0.005220125868449866,0.5923179475297603,0.9997531934479967,0.9999869591999127,0.456109165851414,0.35714285714285715,0.21428571428571427,0.21428571428571427,-0.2142857142857143,3.4999999755,3.9999999440000007,214285714.28571427,0.39999999887999993,1.0,1.0,0.9285714285714286,0.8571428571428571,0.6428571428571429,0.5,0.2857142857142857,0.21428571428571427,0.14285714285714285,-0.21428571428571427,-0.21428571428571427,-0.35714285714285715,0.2142857142857143,0.0,0.0,0.07142857142857142,0.14285714285714285,0.35714285714285715,0.5,0.7142857142857143,0.7857142857142857,0.8571428571428571,0.9999998674823244,0.6146011057035936,0.2861177426595812,0.3810664768493793,0.46144335445582374,0.59339551317708,0.7332243722810591,0.9416960175085761,0.2104032738986106,0.45454545454545453,0.5040603498358052,4.139937718785167e-08,0.5238095238095238,0.4618970612526289,1.9555681087850496e-08,0.46153846153846156,0.5716566452277718,0.005220125868449866,0.42857142857142855,0.5725249075181348,0.0,0.0,0.9999998171729299,0.9999997668635353,0.35714285714285715,0.6599819305156003,5.211412487888539e-10,0.38095238095238093,0.6308295895164451,0.0,0.0,0.9999998171729299,0.9999997668635353,0.45454545454545453,0.5040603498358052,4.139937718785167e-08,0.49206349206349204,0.5087976716656548,1.9555681087850496e-08
ChatDev_ProgramDev2_GPT4o_50_scored.json,ChatDev_ProgramDev2_GPT4o_50,0.0,0,135,14,0.11851851851851852,0.10370370370370369,0.11851851851851852,-0.014814814814814836,1.280701751352724,1.2545454514661156,1.3199999964359999,0.9649122784164357,0.6518518518518519,0.6296296296296297,0.5925925925925926,0.5777777777777777,0.5777777777777777,0.5407407407407407,0.5111111111111111,0.4888888888888889,0.4074074074074074,-0.11851851851851852,-0.10370370370370369,-0.11851851851851852,0.014814814814814836,0.34814814814814815,0.37037037037037035,0.4074074074074074,0.4222222222222222,0.4222222222222222,0.45925925925925926,0.4888888888888889,0.5111111111111111,0.5925925925925926,0.9999998770336319,0.5453265333045114,0.0,3.72663895605212e-06,0.004645132198280272,0.7310585765001862,0.9874746517840285,0.9999402806801467,0.4408770565857837,0.0714285714285714,0.14285714285714288,0.2857142857142857,-0.2857142857142857,1.19999999664,1.666666658888889,285714285.7142857,0.4285714277142857,1.0,1.0,0.7857142857142857,0.6428571428571429,0.5,0.42857142857142855,0.35714285714285715,0.2857142857142857,0.21428571428571427,-0.2857142857142857,-0.14285714285714288,-0.0714285714285714,0.2857142857142857,0.0,0.0,0.21428571428571427,0.35714285714285715,0.5,0.5714285714285714,0.6428571428571429,0.7142857142857143,0.7857142857142857,0.9999998542726295,0.5778532712092138,0.24523913225188423,0.25344552750792915,0.3097536993394495,0.5433199000256379,0.7930574178511893,0.9876653754104538,0.27787561626615115,0.6086956521739131,0.37917840992772295,8.592166619174109e-10,0.21052631578947367,0.7147267726268014,3.059023205018258e-07,0.7142857142857143,0.3025323405036864,2.2603250957489616e-06,0.6666666666666666,0.3384430535404716,0.0,0.0,0.9999996100486414,0.9999996100486414,0.5833333333333334,0.41936522587300545,4.691164021834418e-08,0.6190476190476191,0.3846842948733481,0.0,0.0,0.9999996100486414,0.9999996100486414,0.6086956521739131,0.37917840992772295,8.592166619174109e-10,0.32142857142857145,0.629118073307538,3.059023205018258e-07
ChatDev_ProgramDev2_GPT4o_74_scored.json,ChatDev_ProgramDev2_GPT4o_74,0.0,0,133,16,0.20300751879699247,0.20300751879699253,0.21052631578947367,0.09022556390977443,1.5510204039533526,1.5869565171507563,1.6666666613888887,1.2307692276213016,0.7218045112781954,0.6842105263157895,0.6541353383458647,0.631578947368421,0.6090225563909775,0.5714285714285714,0.5488721804511278,0.5263157894736842,0.48120300751879697,-0.21052631578947367,-0.20300751879699253,-0.20300751879699247,-0.09022556390977443,0.2781954887218045,0.3157894736842105,0.3458646616541353,0.3684210526315789,0.39097744360902253,0.42857142857142855,0.45112781954887216,0.47368421052631576,0.518796992481203,0.9999999232860063,0.5990914812171145,0.0,0.00021286041481403088,0.0474258823343777,0.8519527755739452,0.9995693376166013,0.9999993767825335,0.4302869763097144,0.3125,0.1875,0.25,0.0625,1.9999999936,1.5999999948799999,2.333333320888889,1.1666666635555554,0.875,0.8125,0.6875,0.6875,0.625,0.625,0.5,0.4375,0.4375,-0.25,-0.1875,-0.3125,-0.0625,0.125,0.1875,0.3125,0.3125,0.375,0.375,0.5,0.5625,0.5625,0.9999998602143805,0.6268749248955424,9.094808437765229e-10,0.07790074712396616,0.2427508756322917,0.701477552207125,0.9999019222915319,0.9999998440630208,0.37484130090057016,0.4166666666666667,0.5941578624044002,6.82560337633487e-08,0.4461538461538462,0.5353288665911007,2.699578503363014e-07,0.058823529411764705,0.9251698587490855,0.005220126723181337,0.625,0.3751044795485821,0.0,0.0,0.9999998602143805,0.9999998602143805,0.5,0.4912117400003556,1.7257827987960214e-08,0.55,0.4447688358196462,0.0,0.0,0.9999998602143805,0.9999998602143805,0.4166666666666667,0.5941578624044002,6.82560337633487e-08,0.36470588235294116,0.6179294420851172,1.8189616875530459e-09
ChatDev_ProgramDev2_GPT4o_90_scored.json,ChatDev_ProgramDev2_GPT4o_90,0.0,0,117,13,0.06837606837606836,0.07692307692307687,0.07692307692307693,0.0,1.1481481456604936,1.176470585536332,1.1874999971054687,0.9999999978333333,0.6581196581196581,0.5897435897435898,0.5641025641025641,0.5384615384615384,0.5384615384615384,0.5299145299145299,0.5128205128205128,0.48717948717948717,0.46153846153846156,-0.07692307692307693,-0.07692307692307687,-0.06837606837606836,0.0,0.3418803418803419,0.41025641025641024,0.4358974358974359,0.46153846153846156,0.46153846153846156,0.4700854700854701,0.48717948717948717,0.5128205128205128,0.5384615384615384,0.9999999071159212,0.5425415163778121,0.0,7.88926463665814e-06,0.0011695103074966034,0.7772998969312349,0.9959298572495232,0.9999889567776532,0.4569062037791642,0.46153846153846156,0.3076923076923077,0.23076923076923078,-0.07692307692307693,3.999999974,4.999999935000001,3.9999999480000006,0.7499999975624999,1.0,0.9230769230769231,0.9230769230769231,0.8461538461538461,0.6923076923076923,0.6153846153846154,0.38461538461538464,0.3076923076923077,0.23076923076923078,-0.23076923076923078,-0.3076923076923077,-0.46153846153846156,0.07692307692307693,0.0,0.07692307692307693,0.07692307692307693,0.15384615384615385,0.3076923076923077,0.38461538461538464,0.6153846153846154,0.6923076923076923,0.7692307692307693,0.9999832605954327,0.6503606768692157,0.11691991688734671,0.3513039388698733,0.4258765655809931,0.695190208020145,0.8443658545238696,0.998399266209542,0.2634403476026654,0.3181818181818182,0.6616734725939588,0.0,0.6538461538461539,0.3729596431307787,5.715002286213223e-07,0.375,0.6073887941757851,9.610239492660866e-05,0.5,0.5158798343685633,0.0,0.0,0.9999832605954327,0.9999832605954327,0.2857142857142857,0.695190208020145,2.1444937927240387e-05,0.35,0.6413970959246705,0.0,0.0,0.9999832605954327,0.9999832605954327,0.3181818181818182,0.6616734725939588,0.0,0.5633802816901409,0.4520298226170711,5.715002286213223e-07
ChatDev_ProgramDev2_GPT4o_99_scored.json,ChatDev_ProgramDev2_GPT4o_99,0.0,0,194,20,0.27319587628865977,0.288659793814433,0.2989690721649485,0.14948453608247425,1.8153846099663904,1.965517234804994,2.1599999916192,1.4264705841656575,0.7680412371134021,0.7422680412371134,0.7010309278350515,0.6649484536082474,0.6494845360824743,0.6082474226804123,0.5876288659793815,0.5567010309278351,0.5,-0.2989690721649485,-0.288659793814433,-0.27319587628865977,-0.14948453608247425,0.23195876288659795,0.25773195876288657,0.29896907216494845,0.33505154639175255,0.35051546391752575,0.3917525773195876,0.41237113402061853,0.44329896907216493,0.5,0.9999999099484261,0.6384763994756287,0.0,0.0023005189092805156,0.18242553099501957,0.8927237520532465,0.9997202347857596,0.9999982918912752,0.41042731576152097,0.4,0.4,0.30000000000000004,0.0,2.5999999895999997,3.6666666422222227,2.99999998,0.999999997142857,0.95,0.85,0.85,0.75,0.65,0.65,0.55,0.45,0.35,-0.30000000000000004,-0.4,-0.4,0.0,0.05,0.15,0.15,0.25,0.35,0.35,0.45,0.55,0.65,0.9999998733913003,0.679030501863467,0.09534947042092046,0.1799467609211154,0.4431412570921677,0.7527113164979975,0.9591637133633244,0.9999973353131938,0.30491914183107094,0.72,0.29828034460884173,7.734421907141565e-08,0.40217391304347827,0.5702246452911502,0.0,0.13333333333333333,0.8707276494902727,0.07585818556115988,0.12,0.8537362563806574,2.2603250957489616e-06,0.5,0.547674668901142,0.09534947042092046,0.2222222222222222,0.789956495591928,1.8189616875530459e-09,0.16279069767441862,0.8270377518644451,1.8189616875530459e-09,0.5,0.547674668901142,0.09534947042092046,0.72,0.29828034460884173,7.734421907141565e-08,0.3387096774193548,0.6431406468957863,0.0
ChatDev_ProgramDev2_GPT4o_9_scored.json,ChatDev_ProgramDev2_GPT4o_9,0.0,0,131,14,0.1068702290076336,0.1068702290076336,0.09923664122137404,0.030534351145038163,1.2456140322249922,1.2499999970758928,1.2499999968509614,1.070175436136965,0.648854961832061,0.6030534351145038,0.5725190839694656,0.5648854961832062,0.5648854961832062,0.5419847328244275,0.5343511450381679,0.4961832061068702,0.46564885496183206,-0.09923664122137404,-0.1068702290076336,-0.1068702290076336,-0.030534351145038163,0.3511450381679389,0.3969465648854962,0.42748091603053434,0.4351145038167939,0.4351145038167939,0.4580152671755725,0.46564885496183206,0.5038167938931297,0.5343511450381679,0.9999998673813637,0.547864662786384,3.1608814543136926e-10,1.7603429545652396e-06,0.010986942377665301,0.7310586278577654,0.9947798385696526,0.999992008858029,0.44918397905119434,0.3571428571428571,0.2857142857142857,0.2857142857142857,-0.14285714285714285,2.6666666542222224,2.999999979,4.999999930000001,0.6666666651111111,1.0,0.9285714285714286,0.8571428571428571,0.7857142857142857,0.5714285714285714,0.5714285714285714,0.42857142857142855,0.35714285714285715,0.2857142857142857,-0.2857142857142857,-0.2857142857142857,-0.3571428571428571,0.14285714285714285,0.0,0.07142857142857142,0.14285714285714285,0.21428571428571427,0.42857142857142855,0.42857142857142855,0.5714285714285714,0.6428571428571429,0.7142857142857143,0.9999998673813637,0.6417977890570926,0.15649686760721457,0.2752003836131934,0.4390918274622016,0.645672521129556,0.9667691926173759,0.999999583686872,0.28751842709720604,0.5333333333333333,0.4350521872466597,1.9555681087850496e-08,0.5084745762711864,0.47062002782357704,4.944450501938644e-09,0.3125,0.6544798614413945,9.931194312156244e-08,0.5714285714285714,0.41997804481994094,3.1608814543136926e-10,0.0,0.9999998673813637,0.9999998673813637,0.18181818181818182,0.8673621091734981,0.2689414395711808,0.3333333333333333,0.6933794174804481,3.1608814543136926e-10,0.0,0.9999998673813637,0.9999998673813637,0.5333333333333333,0.4350521872466597,1.9555681087850496e-08,0.44871794871794873,0.5286955932973386,4.944450501938644e-09
ChatDev_ProgramDev_GPT4o_0_scored.json,ChatDev_ProgramDev_GPT4o_0,0.0,0,149,13,0.22818791946308725,0.2416107382550336,0.24832214765100674,0.15436241610738255,1.5964912238968914,1.7058823479573242,1.7399999948148,1.3965517205502378,0.697986577181208,0.6644295302013423,0.6577181208053692,0.6174496644295302,0.610738255033557,0.610738255033557,0.5838926174496645,0.5838926174496645,0.5436241610738255,-0.24832214765100674,-0.2416107382550336,-0.22818791946308725,-0.15436241610738255,0.30201342281879195,0.33557046979865773,0.3422818791946309,0.3825503355704698,0.38926174496644295,0.38926174496644295,0.4161073825503356,0.4161073825503356,0.4563758389261745,0.9999999357253901,0.6170214825284506,0.0,7.484619074298232e-05,0.017986213338107782,0.9241418377243177,0.9999645706796938,0.9999995331510567,0.4466033287411367,0.5384615384615385,0.46153846153846156,0.5384615384615384,0.07692307692307693,3.333333318888889,3.999999974,538461538.4615384,1.3333333275555557,1.0,1.0,0.8461538461538461,0.7692307692307693,0.7692307692307693,0.7692307692307693,0.6153846153846154,0.5384615384615384,0.3076923076923077,-0.5384615384615384,-0.46153846153846156,-0.5384615384615385,-0.07692307692307693,0.0,0.0,0.15384615384615385,0.23076923076923078,0.23076923076923078,0.23076923076923078,0.38461538461538464,0.46153846153846156,0.6923076923076923,0.9999998762486311,0.7349237167905742,0.249999423647082,0.2942407188501341,0.6356006538499582,0.8365656726898633,0.9853434421773181,0.9971726758207673,0.26842681519407635,0.15,0.8543803281735067,0.0005527785265734312,0.582089552238806,0.4235602959379084,1.8553913626159784e-07,0.13043478260869565,0.8847368806281646,0.014063628103031398,0.42857142857142855,0.5688587533452072,0.0,0.0,0.9999998762486311,0.9999998762486311,0.37037037037037035,0.6360177329832494,1.6052280551856116e-09,0.38235294117647056,0.6221908842342406,0.0,0.0,0.9999998762486311,0.9999998762486311,0.15,0.8543803281735067,0.0005527785265734312,0.44680851063829785,0.5605755786495339,1.8553913626159784e-07
ChatDev_ProgramDev_GPT4o_13_scored.json,ChatDev_ProgramDev_GPT4o_13,0.0,0,164,13,-0.14634146341463422,-0.14634146341463417,-0.12804878048780488,-0.2195121951219512,0.7362637349368433,0.7272727259173554,0.7439024375365854,0.6210526305068145,0.5670731707317073,0.5,0.4634146341463415,0.4451219512195122,0.42073170731707316,0.40853658536585363,0.3902439024390244,0.3719512195121951,0.3597560975609756,0.12804878048780488,0.14634146341463417,0.14634146341463422,0.2195121951219512,0.4329268292682927,0.5,0.5365853658536586,0.5548780487804879,0.5792682926829268,0.5914634146341463,0.6097560975609756,0.6280487804878049,0.6402439024390244,1.0,0.447898994957349,2.215948977336598e-08,9.280660873935994e-05,0.014063626520379485,0.20256279182853848,0.999290255574971,0.999999219997542,0.4450976673758257,0.23076923076923078,0.23076923076923073,0.23076923076923078,0.0,1.59999999584,1.7499999943124998,1.9999999913333333,0.9999999973999999,0.9230769230769231,0.7692307692307693,0.6923076923076923,0.6153846153846154,0.6153846153846154,0.6153846153846154,0.5384615384615384,0.46153846153846156,0.38461538461538464,-0.23076923076923078,-0.23076923076923073,-0.23076923076923078,0.0,0.07692307692307693,0.23076923076923078,0.3076923076923077,0.38461538461538464,0.38461538461538464,0.38461538461538464,0.46153846153846156,0.5384615384615384,0.6153846153846154,1.0,0.6233419086392876,0.04845847910548204,0.1218782990486579,0.22547861276066444,0.7193421070185922,0.9999914007160021,0.9999998865429878,0.3693660585602892,0.6111111111111112,0.37886972645705014,1.2098659934854867e-06,0.797979797979798,0.24774636799459143,2.215948977336598e-08,0.04,0.956622322355816,3.7266389560521204e-06,0.1111111111111111,0.8888789737454627,2.1444937927240387e-05,0.0,1.0,1.0,0.3,0.7193421070185922,6.82560337633487e-08,0.21052631578947367,0.7996490438892151,6.82560337633487e-08,0.0,1.0,1.0,0.6111111111111112,0.37886972645705014,1.2098659934854867e-06,0.6349206349206349,0.4003368909752638,2.215948977336598e-08
ChatDev_ProgramDev_GPT4o_14_scored.json,ChatDev_ProgramDev_GPT4o_14,0.0,0,142,15,0.3591549295774648,0.37323943661971837,0.38732394366197187,0.2957746478873239,2.1860465044088695,2.4324324230971515,2.5714285609959187,1.933333327232592,0.7887323943661971,0.7535211267605634,0.7394366197183099,0.6971830985915493,0.6830985915492958,0.6619718309859155,0.6338028169014085,0.6338028169014085,0.6126760563380281,-0.38732394366197187,-0.37323943661971837,-0.3591549295774648,-0.2957746478873239,0.2112676056338028,0.24647887323943662,0.2605633802816901,0.3028169014084507,0.31690140845070425,0.3380281690140845,0.36619718309859156,0.36619718309859156,0.3873239436619718,0.999999886378162,0.6867981519579777,4.944450501938644e-09,3.535625324942473e-05,0.23426049560768902,0.9933070956449828,0.9999545755229655,0.9999992892006285,0.41943814338997704,0.5333333333333332,0.5333333333333333,0.6,0.13333333333333336,3.666666648333333,8.999999865000001,600000000.0,1.499999994375,1.0,1.0,0.9333333333333333,0.8,0.7333333333333333,0.7333333333333333,0.6,0.6,0.4,-0.6,-0.5333333333333333,-0.5333333333333332,-0.13333333333333336,0.0,0.0,0.06666666666666667,0.2,0.26666666666666666,0.26666666666666666,0.4,0.4,0.6,0.9999998602143805,0.7476797547243745,0.2006847076940135,0.3459218171188563,0.5833285616971053,0.8509132895813869,0.9970962194821001,0.9999399904526107,0.2671519416428406,0.06451612903225806,0.9311864642582524,1.7603429545652396e-06,0.5862068965517241,0.4392816913186899,5.3157852544244216e-08,0.125,0.8711307920448048,2.2603250957489616e-06,0.5,0.4999959267480011,4.944450501938644e-09,0.0,0.9999998573083231,0.9999998544022656,0.13333333333333333,0.8185755241412921,1.8553913626159784e-07,0.2608695652173913,0.7077652293957996,4.944450501938644e-09,0.0,0.9999998573083231,0.9999998544022656,0.06451612903225806,0.9311864642582524,1.7603429545652396e-06,0.44047619047619047,0.5759554381696514,5.3157852544244216e-08
ChatDev_ProgramDev_GPT4o_16_scored.json,ChatDev_ProgramDev_GPT4o_16,0.0,0,138,13,0.4710144927536232,0.463768115942029,0.45652173913043476,0.44927536231884063,2.8055555448009257,2.7777777671296295,2.749999989458333,2.722222211787037,0.7463768115942029,0.7391304347826086,0.7391304347826086,0.7391304347826086,0.7391304347826086,0.7318840579710145,0.7246376811594203,0.717391304347826,0.7101449275362319,-0.45652173913043476,-0.463768115942029,-0.4710144927536232,-0.44927536231884063,0.2536231884057971,0.2608695652173913,0.2608695652173913,0.2608695652173913,0.2608695652173913,0.26811594202898553,0.2753623188405797,0.2826086956521739,0.2898550724637681,0.9999999197817607,0.7295577723632823,2.4616969518153846e-10,1.8316859448531837e-06,0.06283940845544542,0.9998414595285858,0.9999988645934796,0.999999741041284,0.43248601655423846,0.3846153846153846,0.3076923076923077,0.15384615384615385,0.0,2.2499999926874996,1.9999999935,1.6666666594444446,0.99999999675,0.7692307692307693,0.7692307692307693,0.6923076923076923,0.6923076923076923,0.6923076923076923,0.6923076923076923,0.6153846153846154,0.38461538461538464,0.3076923076923077,-0.15384615384615385,-0.3076923076923077,-0.3846153846153846,0.0,0.23076923076923078,0.23076923076923078,0.3076923076923077,0.3076923076923077,0.3076923076923077,0.3076923076923077,0.38461538461538464,0.6153846153846154,0.6923076923076923,0.9999985129776989,0.6095639767620552,3.927863545481039e-07,0.004744000316310589,0.21542856714302977,0.750036981115026,0.9204099472202003,0.9904536881327592,0.38279257505184416,0.5,0.5023797020199239,3.927863545481039e-07,0.2962962962962963,0.6929957050611655,1.9555681087850496e-08,0.0,0.9999878890468212,0.9998414625224927,0.6666666666666666,0.33310516042622923,1.186112015134383e-08,0.0,0.9999985129776989,0.9999985129776989,0.2222222222222222,0.7571596285652435,2.4616969518153846e-10,0.3333333333333333,0.6511460115304899,2.4616969518153846e-10,0.0,0.9999985129776989,0.9999985129776989,0.5,0.5023797020199239,3.927863545481039e-07,0.23300970873786409,0.7576412005810083,1.9555681087850496e-08
ChatDev_ProgramDev_GPT4o_1_scored.json,ChatDev_ProgramDev_GPT4o_1,0.0,0,177,13,0.20903954802259883,0.2033898305084746,0.1694915254237288,0.039548022598870025,1.578124995635498,1.620689650226516,1.5357142808603315,1.0999999972185712,0.711864406779661,0.6836158192090396,0.672316384180791,0.6384180790960452,0.6045197740112994,0.5706214689265536,0.5310734463276836,0.4858757062146893,0.4350282485875706,-0.1694915254237288,-0.2033898305084746,-0.20903954802259883,-0.039548022598870025,0.288135593220339,0.3163841807909605,0.327683615819209,0.3615819209039548,0.3954802259887006,0.4293785310734463,0.4689265536723164,0.5141242937853108,0.5649717514124294,0.9999998958488132,0.5894255794307106,9.736200313009565e-10,0.0011695103074966034,0.06008665751589444,0.7772998476440878,0.9990888820837137,0.9999989032416138,0.4206713951788349,0.5384615384615385,0.4615384615384615,0.5384615384615384,0.07692307692307693,7.999999896000001,6.9999999090000005,538461538.4615384,1.49999999025,1.0,1.0,0.9230769230769231,0.9230769230769231,0.8461538461538461,0.6153846153846154,0.5384615384615384,0.5384615384615384,0.23076923076923078,-0.5384615384615384,-0.4615384615384615,-0.5384615384615385,-0.07692307692307693,0.0,0.0,0.07692307692307693,0.07692307692307693,0.15384615384615385,0.38461538461538464,0.46153846153846156,0.46153846153846156,0.7692307692307693,0.9999998547156183,0.7147815496803951,0.25425724202286454,0.5008021208933668,0.5321876965550232,0.8061701891744878,0.8443892329833811,0.9998488274491513,0.2259486393278831,0.15789473684210525,0.8371099599448427,0.0011695103074966034,0.532608695652174,0.44651160364343406,7.33820819192633e-07,0.18181818181818182,0.8061701891744878,0.0005527785265734312,0.2222222222222222,0.777746164724036,9.736200313009565e-10,0.0,0.9999998547156183,0.9999998547156183,0.36666666666666664,0.6200545123670893,1.7603429545652396e-06,0.3333333333333333,0.6564448936802308,9.736200313009565e-10,0.0,0.9999998547156183,0.9999998547156183,0.15789473684210525,0.8371099599448427,0.0011695103074966034,0.4576271186440678,0.523914301796942,7.33820819192633e-07
ChatDev_ProgramDev_GPT4o_20_scored.json,ChatDev_ProgramDev_GPT4o_20,0.0,0,139,13,-0.057553956834532405,-0.057553956834532405,-0.0647482014388489,-0.1151079136690647,0.8873239419248166,0.8840579692335643,0.8656716399950991,0.7808219163214488,0.5611510791366906,0.5179856115107914,0.5035971223021583,0.4892086330935252,0.4748201438848921,0.45323741007194246,0.43884892086330934,0.4172661870503597,0.41007194244604317,0.0647482014388489,0.057553956834532405,0.057553956834532405,0.1151079136690647,0.43884892086330934,0.48201438848920863,0.49640287769784175,0.5107913669064749,0.5251798561151079,0.5467625899280576,0.5611510791366906,0.5827338129496403,0.5899280575539568,1.0,0.47382718687982794,0.0,9.830801521297767e-08,2.7535687796947383e-05,0.32082129568731216,0.9997305758149662,0.9999972402811396,0.46393099731291976,0.07692307692307693,0.0,0.0,-0.3076923076923077,1.19999999688,0.9999999973999999,0.99999999675,0.3333333326111111,0.8461538461538461,0.6923076923076923,0.6153846153846154,0.6153846153846154,0.5384615384615384,0.46153846153846156,0.38461538461538464,0.3076923076923077,0.15384615384615385,0.0,0.0,-0.07692307692307693,0.3076923076923077,0.15384615384615385,0.3076923076923077,0.38461538461538464,0.38461538461538464,0.46153846153846156,0.5384615384615384,0.6153846153846154,0.6923076923076923,0.8461538461538461,1.0,0.5163825069342973,8.592166619174109e-10,0.09158720898727249,0.1428506707449588,0.5000080939143347,0.8920464403612144,0.978523476850635,0.35542812974855786,0.4,0.608301318670499,3.7266389560521204e-06,0.7903225806451613,0.2087551980903087,1.8189616875530459e-09,0.10526315789473684,0.8937238648826004,0.014063628313759052,0.875,0.12499433700924104,0.0,0.0,1.0,1.0,0.24,0.7509183697971871,8.315279260963632e-07,0.3939393939393939,0.5991792103334426,0.0,0.0,1.0,1.0,0.4,0.608301318670499,3.7266389560521204e-06,0.6144578313253012,0.38461472860305823,1.8189616875530459e-09
ChatDev_ProgramDev_GPT4o_22_scored.json,ChatDev_ProgramDev_GPT4o_22,0.0,0,158,14,-0.06329113924050633,-0.050632911392405056,-0.012658227848101278,-0.1645569620253164,0.8780487787959548,0.885714283715102,0.9682539658256487,0.6904761891774378,0.6582278481012658,0.6012658227848101,0.5569620253164557,0.4810126582278481,0.46835443037974683,0.45569620253164556,0.3924050632911392,0.3860759493670886,0.3670886075949367,0.012658227848101278,0.050632911392405056,0.06329113924050633,0.1645569620253164,0.34177215189873417,0.3987341772151899,0.4430379746835443,0.5189873417721519,0.5316455696202531,0.5443037974683544,0.6075949367088608,0.6139240506329114,0.6329113924050633,1.0,0.4954091271088275,0.0,0.0038009014903516766,0.04742587981467778,0.37754066683122334,0.9993576192751832,0.9999995854446706,0.42559125553309596,-0.0714285714285714,0.0,0.07142857142857142,-0.2857142857142857,0.8333333313888889,0.9999999964999999,1.4999999895,0.4285714277142857,0.8571428571428571,0.8571428571428571,0.7142857142857143,0.5714285714285714,0.5,0.35714285714285715,0.2857142857142857,0.21428571428571427,0.21428571428571427,-0.07142857142857142,0.0,0.0714285714285714,0.2857142857142857,0.14285714285714285,0.14285714285714285,0.2857142857142857,0.42857142857142855,0.5,0.6428571428571429,0.7142857142857143,0.7857142857142857,0.7857142857142857,1.0,0.51879817579414,2.7535687796947383e-05,0.11592825575821591,0.2989759024959468,0.47865982747293234,0.750206750527504,0.9977746203129602,0.3212920420880461,0.5,0.5182185309763904,4.539785156619626e-05,0.7407407407407407,0.29712450073044094,4.539785156619626e-05,0.0,0.9948344231521791,0.8519528026038979,0.7142857142857143,0.30602659882598926,0.0,0.0,1.0,1.0,0.5,0.5509636991741583,3.927863545481039e-07,0.5652173913043478,0.4764176251551503,0.0,0.0,1.0,1.0,0.5,0.5182185309763904,4.539785156619626e-05,0.5350877192982456,0.49081286039560074,4.539785156619626e-05
ChatDev_ProgramDev_GPT4o_23_scored.json,ChatDev_ProgramDev_GPT4o_23,0.0,0,152,14,0.38157894736842113,0.34868421052631576,0.3486842105263157,0.23026315789473684,2.288888881157531,2.324999991165,2.432432422439737,1.7446808454214575,0.7960526315789473,0.756578947368421,0.7368421052631579,0.7039473684210527,0.6907894736842105,0.6776315789473685,0.6118421052631579,0.5921052631578947,0.5394736842105263,-0.3486842105263157,-0.34868421052631576,-0.38157894736842113,-0.23026315789473684,0.20394736842105263,0.24342105263157895,0.2631578947368421,0.29605263157894735,0.3092105263157895,0.3223684210526316,0.3881578947368421,0.40789473684210525,0.4605263157894737,0.9999999215691177,0.6714699334071061,0.0,0.0012452327020208431,0.22270014662547719,0.9241418300726902,0.9999066235752108,0.9999995142064995,0.40335043229602013,0.8571428571428571,0.6428571428571429,0.5,0.3571428571428571,857142857.1428571,642857142.8571428,499999999.99999994,5.999999916000001,1.0,1.0,1.0,1.0,0.9285714285714286,0.8571428571428571,0.6428571428571429,0.5,0.42857142857142855,-0.5,-0.6428571428571429,-0.8571428571428571,-0.3571428571428571,0.0,0.0,0.0,0.0,0.07142857142857142,0.14285714285714285,0.35714285714285715,0.5,0.5714285714285714,0.9999998673813637,0.7908731713410074,0.41739534368543,0.5490219547726549,0.6486939641253464,0.7989414811230792,0.9867682543554788,0.9999971982813787,0.18811288016964842,0.20833333333333334,0.793274530130305,6.47594599989589e-07,0.37037037037037035,0.5917398364423442,3.7266389560521204e-06,0.3333333333333333,0.6669254317850759,0.0,0.1,0.8992517508739101,5.211412487888539e-10,0.0,0.999999801446668,0.9999997355119722,0.375,0.64261680823877,2.4616969518153846e-10,0.2692307692307692,0.7413225554061316,2.4616969518153846e-10,0.0,0.999999801446668,0.9999997355119722,0.20833333333333334,0.793274530130305,6.47594599989589e-07,0.35714285714285715,0.6115600076718509,0.0
ChatDev_ProgramDev_GPT4o_24_scored.json,ChatDev_ProgramDev_GPT4o_24,0.0,0,137,13,0.24817518248175185,0.2408759124087591,0.2554744525547445,0.17518248175182483,1.6938775462844649,1.7333333280562961,1.8536585303914332,1.4799999959448,0.7372262773722628,0.7007299270072993,0.6715328467153284,0.6423357664233577,0.635036496350365,0.6058394160583942,0.5693430656934306,0.5547445255474452,0.5401459854014599,-0.2554744525547445,-0.2408759124087591,-0.24817518248175185,-0.17518248175182483,0.26277372262773724,0.29927007299270075,0.3284671532846715,0.35766423357664234,0.36496350364963503,0.39416058394160586,0.4306569343065693,0.44525547445255476,0.45985401459854014,1.0,0.6297888398983787,1.186112015134383e-08,0.00020607202761732104,0.09534946543419627,0.9241418422936906,0.9999250290697224,0.9999959239747311,0.4274669166990685,0.30769230769230765,0.3846153846153846,0.38461538461538464,0.0,2.333333323222222,3.49999997725,5.999999922000001,0.9999999956666666,0.9230769230769231,0.9230769230769231,0.8461538461538461,0.7692307692307693,0.7692307692307693,0.5384615384615384,0.5384615384615384,0.46153846153846156,0.23076923076923078,-0.38461538461538464,-0.3846153846153846,-0.30769230769230765,0.0,0.07692307692307693,0.07692307692307693,0.15384615384615385,0.23076923076923078,0.23076923076923078,0.46153846153846156,0.46153846153846156,0.5384615384615384,0.7692307692307693,1.0,0.648522894845129,0.01478670854529004,0.2735011607825852,0.510545722340004,0.7051144611455501,0.8435649973746006,0.9993305568936335,0.2970513176739367,0.3181818181818182,0.6693952148857496,1.4449802461092448e-07,0.38235294117647056,0.5993795117312395,1.522997974471263e-08,0.21052631578947367,0.8147928279527328,0.03732688524565363,0.42857142857142855,0.5682470983250996,1.186112015134383e-08,0.0,1.0,1.0,0.5,0.519680987639735,3.059023205018258e-07,0.4782608695652174,0.5344619778483243,1.186112015134383e-08,0.0,1.0,1.0,0.3181818181818182,0.6693952148857496,1.4449802461092448e-07,0.33707865168539325,0.6542941284380828,1.522997974471263e-08
ChatDev_ProgramDev_GPT4o_25_scored.json,ChatDev_ProgramDev_GPT4o_25,0.0,0,171,13,0.20467836257309946,0.18128654970760233,0.19298245614035092,0.08187134502923976,1.5468749958669434,1.5081967170835795,1.5892857094327169,1.212121208980716,0.7192982456140351,0.672514619883041,0.6432748538011696,0.6257309941520468,0.6140350877192983,0.5789473684210527,0.5380116959064327,0.52046783625731,0.4678362573099415,-0.19298245614035092,-0.18128654970760233,-0.20467836257309946,-0.08187134502923976,0.2807017543859649,0.32748538011695905,0.3567251461988304,0.3742690058479532,0.38596491228070173,0.42105263157894735,0.4619883040935672,0.47953216374269003,0.5321637426900585,0.9999998774628127,0.5907904706862758,3.581747930283181e-10,2.382369667501818e-07,0.04237638237817133,0.8175745051798029,0.9959298291498008,0.999998907572464,0.4299032569383236,0.4615384615384615,0.3846153846153846,0.38461538461538464,0.15384615384615385,2.999999987,3.49999997725,5.999999922000001,1.6666666594444446,1.0,0.9230769230769231,0.8461538461538461,0.7692307692307693,0.7692307692307693,0.6923076923076923,0.5384615384615384,0.46153846153846156,0.38461538461538464,-0.38461538461538464,-0.3846153846153846,-0.4615384615384615,-0.15384615384615385,0.0,0.07692307692307693,0.15384615384615385,0.23076923076923078,0.23076923076923078,0.3076923076923077,0.46153846153846156,0.5384615384615384,0.6153846153846154,0.9999998678732606,0.6969809223314111,0.10048457588929478,0.292328501569169,0.5199867470189948,0.7170406033612527,0.9733497283463145,0.9996516176434858,0.2947449469311907,0.42857142857142855,0.6039409238124452,0.0002611902975925828,0.5151515151515151,0.4472783058734078,1.6052280551856116e-09,0.0,0.9733497283463145,0.5000000331756734,0.3333333333333333,0.6455100194919782,3.581747930283181e-10,0.0,0.9999998678732606,0.9999998678732606,0.3333333333333333,0.6615373596786008,6.82560337633487e-08,0.3333333333333333,0.6561949129497266,3.581747930283181e-10,0.0,0.9999998678732606,0.9999998678732606,0.42857142857142855,0.6039409238124452,0.0002611902975925828,0.3953488372093023,0.5700071067020538,1.6052280551856116e-09
ChatDev_ProgramDev_GPT4o_26_scored.json,ChatDev_ProgramDev_GPT4o_26,0.0,0,143,13,0.2657342657342658,0.23776223776223776,0.23776223776223782,0.09790209790209792,1.7599999949664,1.7906976684634937,1.871794864931624,1.2692307657403845,0.7762237762237763,0.7272727272727273,0.6993006993006993,0.6503496503496503,0.6363636363636364,0.6153846153846154,0.5384615384615384,0.5104895104895105,0.46153846153846156,-0.23776223776223782,-0.23776223776223776,-0.2657342657342658,-0.09790209790209792,0.22377622377622378,0.2727272727272727,0.3006993006993007,0.34965034965034963,0.36363636363636365,0.38461538461538464,0.46153846153846156,0.48951048951048953,0.5384615384615384,1.0,0.621648376821044,1.103256032343554e-09,0.0015862924112738392,0.14804721116301528,0.8175744936781614,0.9999481173409452,0.9999992383416967,0.4086308679523243,0.5384615384615385,0.46153846153846156,0.38461538461538464,0.15384615384615385,7.999999896000001,461538461.5384615,384615384.61538464,1.6666666594444446,1.0,1.0,1.0,0.9230769230769231,0.7692307692307693,0.6153846153846154,0.46153846153846156,0.38461538461538464,0.38461538461538464,-0.38461538461538464,-0.46153846153846156,-0.5384615384615385,-0.15384615384615385,0.0,0.0,0.0,0.07692307692307693,0.23076923076923078,0.38461538461538464,0.5384615384615384,0.6153846153846154,0.6153846153846154,0.9999998486459631,0.7323307826842921,0.3301708615682362,0.4884524812175919,0.5309635700404137,0.6968814074734907,0.999832072931611,0.999999693957957,0.23213219643102267,0.2857142857142857,0.7042740487314053,6.47594599989589e-07,0.527027027027027,0.4498920557344527,7.484619074298232e-05,0.0,0.9911194194115532,0.8175744936781614,0.2,0.7999949044749846,1.103256032343554e-09,0.0,0.9999998486459631,0.9999998486459631,0.4166666666666667,0.5834025629529509,1.0467401794744658e-08,0.3181818181818182,0.6818536272811481,1.103256032343554e-09,0.0,0.9999998486459631,0.9999998486459631,0.2857142857142857,0.7042740487314053,6.47594599989589e-07,0.3939393939393939,0.5869210425577633,7.484619074298232e-05
ChatDev_ProgramDev_GPT4o_28_scored.json,ChatDev_ProgramDev_GPT4o_28,0.0,0,159,13,0.32075471698113206,0.32075471698113206,0.32075471698113206,0.16352201257861637,2.0408163199083713,2.243902430322427,2.4999999883088235,1.5098039168615918,0.8238993710691824,0.7861635220125787,0.7421383647798742,0.6918238993710691,0.6792452830188679,0.6289308176100629,0.5786163522012578,0.5345911949685535,0.48427672955974843,-0.32075471698113206,-0.32075471698113206,-0.32075471698113206,-0.16352201257861637,0.1761006289308176,0.2138364779874214,0.2578616352201258,0.3081761006289308,0.32075471698113206,0.3710691823899371,0.42138364779874216,0.46540880503144655,0.5157232704402516,1.0,0.6552435262545905,8.592166619174109e-10,0.01406362795508314,0.24582080368232512,0.8519527888272579,0.9998589703272476,0.9999991665567514,0.3891323230195144,0.6153846153846154,0.6153846153846154,0.38461538461538464,0.07692307692307693,8.999999883000001,8.999999883000001,5.999999922000001,1.2499999959374999,0.9230769230769231,0.9230769230769231,0.9230769230769231,0.9230769230769231,0.6923076923076923,0.6923076923076923,0.6923076923076923,0.46153846153846156,0.38461538461538464,-0.38461538461538464,-0.6153846153846154,-0.6153846153846154,-0.07692307692307693,0.07692307692307693,0.07692307692307693,0.07692307692307693,0.07692307692307693,0.3076923076923077,0.3076923076923077,0.3076923076923077,0.5384615384615384,0.6153846153846154,1.0,0.7304516175104604,0.0004555261318731157,0.4603453838042753,0.4990388935930533,0.797960521484487,0.9691774970729029,0.9991414436350132,0.28641277571910956,0.14285714285714285,0.8445017027973682,3.535625324942473e-05,0.4883720930232558,0.4747078213012699,1.186112015134383e-08,0.06666666666666667,0.9369098410375035,0.014063628313759052,0.5,0.49808334686716615,8.592166619174109e-10,0.0,1.0,1.0,0.15384615384615385,0.8432700064218889,1.0677029917933763e-06,0.23529411764705882,0.7620496159384247,8.592166619174109e-10,0.0,1.0,1.0,0.14285714285714285,0.8445017027973682,3.535625324942473e-05,0.36666666666666664,0.6041195120398494,1.186112015134383e-08
ChatDev_ProgramDev_GPT4o_29_scored.json,ChatDev_ProgramDev_GPT4o_29,0.0,0,114,13,0.5614035087719298,0.5350877192982456,0.5350877192982456,0.4473684210526316,4.19999997606,4.049999976915,4.210526290526316,3.3181818009876034,0.8333333333333334,0.8333333333333334,0.8245614035087719,0.8245614035087719,0.8070175438596491,0.7368421052631579,0.7105263157894737,0.7017543859649122,0.6403508771929824,-0.5350877192982456,-0.5350877192982456,-0.5614035087719298,-0.4473684210526316,0.16666666666666666,0.16666666666666666,0.17543859649122806,0.17543859649122806,0.19298245614035087,0.2631578947368421,0.2894736842105263,0.2982456140350877,0.35964912280701755,0.999999898974302,0.7597809341283707,2.646573638909117e-09,0.0012690118005198878,0.562176534763348,0.9890129279119938,0.999962060365613,0.9999992051933574,0.3683780276752497,0.23076923076923073,0.23076923076923073,0.15384615384615385,0.0,1.7499999943124998,1.7499999943124998,1.4999999951249998,0.99999999675,0.7692307692307693,0.6923076923076923,0.6923076923076923,0.6923076923076923,0.6923076923076923,0.5384615384615384,0.5384615384615384,0.46153846153846156,0.3076923076923077,-0.15384615384615385,-0.23076923076923073,-0.23076923076923073,0.0,0.23076923076923078,0.3076923076923077,0.3076923076923077,0.3076923076923077,0.3076923076923077,0.46153846153846156,0.46153846153846156,0.5384615384615384,0.6923076923076923,0.9999998544022656,0.5838998067241857,3.927863545481039e-07,0.0007096700657940752,0.18739230920407696,0.7081977473316953,0.994506347078405,0.9993807653189053,0.3919310627102802,1.0,0.00047324437366032073,3.927863545481039e-07,0.15625,0.7823519415253618,0.00070967033651176,0.0,0.9969063678723542,0.9399132443632225,0.3333333333333333,0.59369583694231,2.8453348089834e-08,0.0,0.9999998544022656,0.9999998544022656,0.375,0.5658585640389288,2.646573638909117e-09,0.36363636363636365,0.5734505475580327,2.646573638909117e-09,0.0,0.9999998544022656,0.9999998544022656,1.0,0.00047324437366032073,3.927863545481039e-07,0.125,0.8295192597367533,3.535625324942473e-05
ChatDev_ProgramDev_GPT4o_2_scored.json,ChatDev_ProgramDev_GPT4o_2,0.0,0,140,14,0.37857142857142856,0.3714285714285714,0.3642857142857143,0.24999999999999994,2.3589743505062457,2.405405396303871,2.4571428473142856,1.8536585302557997,0.7857142857142857,0.75,0.7357142857142858,0.7214285714285714,0.7071428571428572,0.6571428571428571,0.6357142857142857,0.6142857142857143,0.5428571428571428,-0.3642857142857143,-0.3714285714285714,-0.37857142857142856,-0.24999999999999994,0.21428571428571427,0.25,0.2642857142857143,0.2785714285714286,0.29285714285714287,0.34285714285714286,0.36428571428571427,0.38571428571428573,0.45714285714285713,0.9999998882331123,0.67632178906047,0.0,0.000531035677338642,0.24731244979219202,0.9399133090752172,0.9999665314335556,0.9999985684590469,0.40621474267432145,0.3571428571428572,0.4285714285714286,0.35714285714285715,0.14285714285714285,2.2499999921250002,2.9999999860000006,3.4999999755,1.4999999947499998,0.9285714285714286,0.8571428571428571,0.7857142857142857,0.7142857142857143,0.7142857142857143,0.6428571428571429,0.6428571428571429,0.5,0.42857142857142855,-0.35714285714285715,-0.4285714285714286,-0.3571428571428572,-0.14285714285714285,0.07142857142857142,0.14285714285714285,0.21428571428571427,0.2857142857142857,0.2857142857142857,0.35714285714285715,0.35714285714285715,0.5,0.5714285714285714,0.9999998764623648,0.6888622989871135,0.06628433226560847,0.19219687658792411,0.4226756543159235,0.825598284160239,0.9855700519934399,0.9999965387013616,0.32929878587765476,0.5909090909090909,0.4308289565556851,8.152020714470167e-09,0.208955223880597,0.7233348799599165,6.144171336422507e-06,0.125,0.8846912691466609,0.0003353500342255387,0.6666666666666666,0.3244389782297447,0.0,0.0,0.9999994860695802,0.9999994860695802,0.2222222222222222,0.766505299173817,1.0677029917933763e-06,0.4,0.5896787707961881,0.0,0.0,0.9999994860695802,0.9999994860695802,0.5909090909090909,0.4308289565556851,8.152020714470167e-09,0.18823529411764706,0.7590958515485177,6.144171336422507e-06
ChatDev_ProgramDev_GPT4o_4_scored.json,ChatDev_ProgramDev_GPT4o_4,0.0,0,178,16,0.039325842696629254,0.044943820224719155,0.02808988764044945,0.011235955056179747,1.0823529389098963,1.0952380929172336,1.0595238072786282,1.0232558118355868,0.5449438202247191,0.5280898876404494,0.5280898876404494,0.5224719101123596,0.5168539325842697,0.5168539325842697,0.5168539325842697,0.5,0.4943820224719101,-0.02808988764044945,-0.044943820224719155,-0.039325842696629254,-0.011235955056179747,0.4550561797752809,0.47191011235955055,0.47191011235955055,0.47752808988764045,0.48314606741573035,0.48314606741573035,0.48314606741573035,0.5,0.5056179775280899,0.9999999210319136,0.5153474041340506,0.0,1.2966623011197663e-08,3.927863545481039e-07,0.8290484494933639,0.9998157805389146,0.9999978546767692,0.4861276905198135,0.3125,0.3125,0.25,-0.125,2.2499999909999997,2.2499999909999997,2.333333320888889,0.6666666648888888,0.875,0.8125,0.75,0.75,0.625,0.5625,0.5625,0.4375,0.25,-0.25,-0.3125,-0.3125,0.125,0.125,0.1875,0.25,0.25,0.375,0.4375,0.4375,0.5625,0.75,0.9999937535913467,0.635991943831938,0.05001429955318045,0.14547271199903677,0.41480293068567137,0.7996102354492176,0.897376550485703,0.9976479182727351,0.33337038870662095,0.3333333333333333,0.6654257351661188,1.4449802461092448e-07,0.6951219512195121,0.2969999667217745,0.0,0.5416666666666666,0.4785623467321517,3.2241867372567335e-08,0.21428571428571427,0.7858021642249607,3.581747930283181e-10,0.0,0.9999937535913467,0.9999937535913467,0.14285714285714285,0.8615930993533683,0.0002611902975925828,0.17857142857142858,0.8236976317891646,3.581747930283181e-10,0.0,0.9999937535913467,0.9999937535913467,0.3333333333333333,0.6654257351661188,1.4449802461092448e-07,0.6120689655172413,0.38546470625796164,0.0
ChatDev_ProgramDev_GPT4o_9_scored.json,ChatDev_ProgramDev_GPT4o_9,0.0,0,143,13,0.5314685314685315,0.5524475524475524,0.5664335664335665,0.4755244755244756,3.303030288717171,3.82142855191199,4.11538459275,2.999999987382353,0.8321678321678322,0.8181818181818182,0.8041958041958042,0.7692307692307693,0.7622377622377622,0.7622377622377622,0.7482517482517482,0.7482517482517482,0.7132867132867133,-0.5664335664335665,-0.5524475524475524,-0.5314685314685315,-0.4755244755244756,0.16783216783216784,0.18181818181818182,0.1958041958041958,0.23076923076923078,0.23776223776223776,0.23776223776223776,0.2517482517482518,0.2517482517482518,0.2867132867132867,1.0,0.7708619508568616,0.0,7.90974315797076e-05,0.7483765813038709,0.9995693596475166,0.999996987918345,0.9999996827463571,0.3871351541732242,0.4615384615384615,0.38461538461538464,0.3076923076923077,0.07692307692307693,2.999999987,2.6666666551111113,2.9999999805,1.3333333275555557,0.8461538461538461,0.8461538461538461,0.7692307692307693,0.7692307692307693,0.7692307692307693,0.6923076923076923,0.6153846153846154,0.46153846153846156,0.3076923076923077,-0.3076923076923077,-0.38461538461538464,-0.4615384615384615,-0.07692307692307693,0.15384615384615385,0.15384615384615385,0.23076923076923078,0.23076923076923078,0.23076923076923078,0.3076923076923077,0.38461538461538464,0.5384615384615384,0.6923076923076923,1.0,0.6496081812183707,8.152020714470167e-09,0.049839346486030965,0.5912125050439301,0.7535042599276771,0.907625503017176,0.9223804108256886,0.33644914687351085,0.35714285714285715,0.6421135516380538,0.0,0.23684210526315788,0.7686387712725701,7.88926463665814e-06,0.09090909090909091,0.907625503017176,1.3007123989067183e-05,0.6,0.4667879630138549,2.215948977336598e-08,0.0,1.0,1.0,0.125,0.8848190472779677,1.186112015134383e-08,0.3076923076923077,0.7240378610225396,1.186112015134383e-08,0.0,1.0,1.0,0.35714285714285715,0.6421135516380538,0.0,0.20588235294117646,0.798222400617769,7.88926463665814e-06
ChatDev_ProgramDev2_GPT4o_18_scored.json,ChatDev_ProgramDev2_GPT4o_18,2.6,1,138,14,0.03623188405797101,0.043478260869565244,0.028985507246376774,-0.02898550724637683,1.078124997675293,1.09677419110718,1.0655737680811608,0.9374999979785156,0.5652173913043478,0.5579710144927537,0.5507246376811594,0.5362318840579711,0.5362318840579711,0.5,0.4927536231884058,0.47101449275362317,0.43478260869565216,-0.028985507246376774,-0.043478260869565244,-0.03623188405797101,0.02898550724637683,0.43478260869565216,0.4420289855072464,0.4492753623188406,0.463768115942029,0.463768115942029,0.5,0.5072463768115942,0.5289855072463768,0.5652173913043478,0.9999998954464603,0.5136886438733114,0.0,2.344369841656303e-08,0.00016968394136010782,0.592317942783631,0.9975273328208798,0.9999954768340129,0.4625255275308985,0.14285714285714285,0.2142857142857143,0.07142857142857142,-0.21428571428571427,1.3333333302222221,1.749999993875,1.3333333271111112,0.4999999988333333,1.0,0.7857142857142857,0.7142857142857143,0.5714285714285714,0.5714285714285714,0.5714285714285714,0.5,0.2857142857142857,0.21428571428571427,-0.07142857142857142,-0.2142857142857143,-0.14285714285714285,0.21428571428571427,0.0,0.21428571428571427,0.2857142857142857,0.42857142857142855,0.42857142857142855,0.42857142857142855,0.5,0.7142857142857143,0.7857142857142857,0.9999998954464603,0.596074003414854,0.13130715999118803,0.19227967637810622,0.3057485372871307,0.7157657245776051,0.8233593200005989,0.999814378387023,0.3160765767685068,0.55,0.4518410351193333,0.0001584362410990077,0.578125,0.3881866051831527,0.0,0.2222222222222222,0.7371599010703255,0.03732688524565363,0.6666666666666666,0.3332777200047616,3.1608814543136926e-10,0.0,0.9999998673813637,0.9999998673813637,0.29411764705882354,0.6943715480848848,8.152020714470167e-09,0.4230769230769231,0.5693775306725344,3.1608814543136926e-10,0.0,0.9999998673813637,0.9999998673813637,0.55,0.4518410351193333,0.0001584362410990077,0.4827586206896552,0.48334333568194016,0.0
ChatDev_ProgramDev2_GPT4o_27_scored.json,ChatDev_ProgramDev2_GPT4o_27,2.6,1,132,13,0.2878787878787879,0.28787878787878796,0.2954545454545454,0.12878787878787878,1.9047618987755102,2.0270270197954714,2.2580645065140477,1.3863636322045454,0.803030303030303,0.7651515151515151,0.7196969696969697,0.6818181818181818,0.6666666666666666,0.6060606060606061,0.5681818181818182,0.5303030303030303,0.4621212121212121,-0.2954545454545454,-0.28787878787878796,-0.2878787878787879,-0.12878787878787878,0.19696969696969696,0.23484848484848486,0.2803030303030303,0.3181818181818182,0.3333333333333333,0.3939393939393939,0.4318181818181818,0.4696969696969697,0.5378787878787878,0.9999998762486311,0.635440599296122,0.0,0.0001629353212034478,0.26894142164905366,0.8519528134518701,0.9918936394700832,0.9999869627409673,0.3953665212208834,0.3846153846153846,0.23076923076923078,0.07692307692307693,-0.07692307692307693,3.49999997725,2.49999998375,1.9999999740000003,0.6666666637777778,0.9230769230769231,0.9230769230769231,0.8461538461538461,0.8461538461538461,0.7692307692307693,0.5384615384615384,0.38461538461538464,0.15384615384615385,0.15384615384615385,-0.07692307692307693,-0.23076923076923078,-0.3846153846153846,0.07692307692307693,0.07692307692307693,0.07692307692307693,0.15384615384615385,0.15384615384615385,0.23076923076923078,0.46153846153846156,0.6153846153846154,0.8461538461538461,0.8461538461538461,0.9999997421128699,0.6090387155634492,0.0001098705191702765,0.2899404077169757,0.5731896879854727,0.6001101323464852,0.7660326497833949,0.9490682368483783,0.2623478433569688,0.4117647058823529,0.6408383214587401,0.0,0.24242424242424243,0.7002478012130388,1.2501528663867426e-09,0.35294117647058826,0.5731896879854727,0.014063628552544767,0.8571428571428571,0.14290184028963948,0.0,0.0,0.9999997421128699,0.9999997421128699,0.4166666666666667,0.5759680393508136,2.8453348089834e-08,0.5789473684210527,0.41641733443353895,0.0,0.0,0.9999997421128699,0.9999997421128699,0.4117647058823529,0.6408383214587401,0.0,0.26666666666666666,0.6785714209356332,1.2501528663867426e-09
ChatDev_ProgramDev2_GPT4o_31_scored.json,ChatDev_ProgramDev2_GPT4o_31,2.6,1,76,13,0.13157894736842107,0.11842105263157898,0.09210526315789469,0.026315789473684237,1.3225806419188346,1.2999999967066667,1.2413793070915575,1.0624999974765625,0.6578947368421053,0.618421052631579,0.6052631578947368,0.5921052631578947,0.5789473684210527,0.5394736842105263,0.5131578947368421,0.47368421052631576,0.4473684210526316,-0.09210526315789469,-0.11842105263157898,-0.13157894736842107,-0.026315789473684237,0.34210526315789475,0.3815789473684211,0.39473684210526316,0.40789473684210525,0.42105263157894735,0.4605263157894737,0.4868421052631579,0.5263157894736842,0.5526315789473685,0.9999998843221187,0.5583845691566155,0.0,2.3971709739227485e-06,0.03151106758780041,0.7541792298584076,0.9993838369833661,0.9999929247610425,0.4436079916172436,0.0,0.07692307692307693,0.15384615384615385,-0.23076923076923078,0.9999999973999999,1.2499999959374999,1.999999987,0.49999999891666663,0.8461538461538461,0.8461538461538461,0.6923076923076923,0.6153846153846154,0.5384615384615384,0.38461538461538464,0.38461538461538464,0.3076923076923077,0.23076923076923078,-0.15384615384615385,-0.07692307692307693,0.0,0.23076923076923078,0.15384615384615385,0.15384615384615385,0.3076923076923077,0.38461538461538464,0.46153846153846156,0.6153846153846154,0.6153846153846154,0.6923076923076923,0.7692307692307693,0.9999997490246897,0.5402987242061418,3.7266389560521204e-06,0.045565434099221015,0.24999311630652868,0.5533700659808274,0.8586041084050475,0.9962040846755104,0.3459612348141937,0.8181818181818182,0.18636300106948026,2.8453348089834e-08,0.28,0.6518022082952726,0.00020342704214340812,0.5333333333333333,0.4976999443895418,0.0004305571096741222,0.6666666666666666,0.3614757619573178,0.0,0.0,0.9999997490246897,0.9999997490246897,0.4,0.5533700659808274,1.9555681087850496e-08,0.5,0.4814097019720113,0.0,0.0,0.9999997490246897,0.9999997490246897,0.8181818181818182,0.18636300106948026,2.8453348089834e-08,0.3409090909090909,0.6309213630518814,0.00020342704214340812
ChatDev_ProgramDev2_GPT4o_32_scored.json,ChatDev_ProgramDev2_GPT4o_32,2.6,1,111,14,0.027027027027026973,0.018018018018018056,0.05405405405405406,-0.03603603603603606,1.0566037713720184,1.0384615362448224,1.1249999973984375,0.9259259240226336,0.6126126126126126,0.5675675675675675,0.5315315315315315,0.5225225225225225,0.5135135135135135,0.5045045045045045,0.4864864864864865,0.4864864864864865,0.45045045045045046,-0.05405405405405406,-0.018018018018018056,-0.027027027027026973,0.03603603603603606,0.38738738738738737,0.43243243243243246,0.46846846846846846,0.4774774774774775,0.4864864864864865,0.4954954954954955,0.5135135135135135,0.5135135135135135,0.5495495495495496,0.9999999073045405,0.5197530937930892,0.0,1.370956471489639e-06,0.0010402808560130866,0.6224593616104455,0.999569345500048,0.9999919939762473,0.4637288686991347,-0.0714285714285714,0.14285714285714288,0.21428571428571427,-0.2857142857142857,0.8333333313888889,1.666666658888889,3.9999999440000007,0.49999999912500004,1.0,0.9285714285714286,0.7857142857142857,0.5714285714285714,0.42857142857142855,0.35714285714285715,0.35714285714285715,0.2857142857142857,0.2857142857142857,-0.21428571428571427,-0.14285714285714288,0.0714285714285714,0.2857142857142857,0.0,0.07142857142857142,0.21428571428571427,0.42857142857142855,0.5714285714285714,0.6428571428571429,0.6428571428571429,0.7142857142857143,0.7142857142857143,0.9999998544022656,0.5550896097194815,0.1506169469015785,0.21862761522291452,0.3341665222509888,0.4890123052474399,0.866397093949921,0.9982760004767066,0.3021684068748088,0.7647058823529411,0.25197463743641985,6.82560337633487e-08,0.5882352941176471,0.41859676331409607,3.850741922767617e-09,0.07142857142857142,0.9191631543287808,0.11920292768578214,0.6666666666666666,0.3350031046990016,0.0,0.0,0.9999998541852169,0.9999998539681682,0.3076923076923077,0.7080989128133417,1.370956471489639e-06,0.42105263157894735,0.590279183935129,0.0,0.0,0.9999998541852169,0.9999998539681682,0.7647058823529411,0.25197463743641985,6.82560337633487e-08,0.4782608695652174,0.5248797923017782,9.736200313009565e-10
ChatDev_ProgramDev2_GPT4o_35_scored.json,ChatDev_ProgramDev2_GPT4o_35,2.6,1,86,15,0.4651162790697674,0.4767441860465116,0.4767441860465117,0.4186046511627907,2.818181807165289,2.9523809402902494,3.049999986885,2.4999999910416664,0.7790697674418605,0.7674418604651163,0.7558139534883721,0.7441860465116279,0.7209302325581395,0.7209302325581395,0.7209302325581395,0.7093023255813954,0.6976744186046512,-0.4767441860465117,-0.4767441860465116,-0.4651162790697674,-0.4186046511627907,0.22093023255813954,0.23255813953488372,0.2441860465116279,0.2558139534883721,0.27906976744186046,0.27906976744186046,0.27906976744186046,0.29069767441860467,0.3023255813953488,0.9999998756170231,0.7353536569503213,0.0,0.0006708042571018459,0.3926114077949804,0.9993687086749696,0.9999947685709449,0.9999994476749627,0.42013895628680126,0.4666666666666666,0.39999999999999997,0.39999999999999997,0.06666666666666665,2.7499999896875,2.9999999849999996,2.9999999849999996,1.2499999953124998,0.8666666666666667,0.8,0.8,0.7333333333333333,0.7333333333333333,0.7333333333333333,0.6,0.6,0.3333333333333333,-0.39999999999999997,-0.39999999999999997,-0.4666666666666666,-0.06666666666666665,0.13333333333333333,0.2,0.2,0.26666666666666666,0.26666666666666666,0.26666666666666666,0.4,0.4,0.6666666666666666,0.9999998603034779,0.6761181449085669,1.0467401794744658e-08,0.041528417786159295,0.47975379210964286,0.856251162264351,0.9989127017609363,0.9999995662362676,0.36623100903186906,0.3,0.6982941142437278,1.0467401794744658e-08,0.42424242424242425,0.6057365812895278,7.484619074298232e-05,0.0,0.997864628007149,0.9770225636575424,0.375,0.6098152175995509,0.0,0.0,0.9999998603034779,0.9999998603034779,0.2,0.8276947616489592,0.014063627917064897,0.2608695652173913,0.7519105724143824,0.0,0.0,0.9999998603034779,0.9999998603034779,0.3,0.6982941142437278,1.0467401794744658e-08,0.3125,0.7075768172374413,4.78509457496562e-06
ChatDev_ProgramDev2_GPT4o_36_scored.json,ChatDev_ProgramDev2_GPT4o_36,2.6,1,104,14,0.6346153846153846,0.6346153846153846,0.625,0.625,4.473684186038781,4.473684186038781,4.421052607379502,4.421052607379502,0.8173076923076923,0.8173076923076923,0.8173076923076923,0.8173076923076923,0.8173076923076923,0.8173076923076923,0.8173076923076923,0.8076923076923077,0.8076923076923077,-0.625,-0.6346153846153846,-0.6346153846153846,-0.625,0.18269230769230768,0.18269230769230768,0.18269230769230768,0.18269230769230768,0.18269230769230768,0.18269230769230768,0.18269230769230768,0.19230769230769232,0.19230769230769232,0.9999999069494653,0.8143131104007133,0.0,1.4254896229800527e-06,0.9986411245510789,0.9999754330694818,0.9999977165784464,0.9999995527234287,0.38553654828305634,0.21428571428571425,0.2142857142857143,0.2142857142857143,0.0,1.5999999955199997,1.749999993875,1.749999993875,0.9999999976666666,0.7142857142857143,0.7142857142857143,0.7142857142857143,0.6428571428571429,0.5714285714285714,0.5714285714285714,0.5,0.5,0.42857142857142855,-0.2142857142857143,-0.2142857142857143,-0.21428571428571425,0.0,0.2857142857142857,0.2857142857142857,0.2857142857142857,0.35714285714285715,0.42857142857142855,0.42857142857142855,0.5,0.5,0.5714285714285714,0.9999998602143805,0.5820744401117145,6.34880011604368e-09,3.990855198414943e-07,0.08437743556855974,0.7354822975059394,0.9996834492746479,0.9999716919746267,0.4250179445739532,1.0,3.9552898887622634e-07,6.34880011604368e-09,0.0,0.9996536063651775,0.9859362945826523,0.14285714285714285,0.8570283801323801,0.0,0.75,0.2506956171466854,0.0,0.0,0.9999996100486414,0.9999996100486414,0.38461538461538464,0.6139362148794988,3.581747930283181e-10,0.5238095238095238,0.4755588443146175,0.0,0.0,0.9999996100486414,0.9999996100486414,1.0,3.9552898887622634e-07,6.34880011604368e-09,0.06329113924050633,0.9329345184105268,0.0
ChatDev_ProgramDev2_GPT4o_37_scored.json,ChatDev_ProgramDev2_GPT4o_37,2.6,1,134,14,-0.07462686567164184,-0.10447761194029853,-0.12686567164179108,-0.17164179104477612,0.8550724621075404,0.7971014477273682,0.7536231869422391,0.6760563367522318,0.5149253731343284,0.48507462686567165,0.48507462686567165,0.48507462686567165,0.4701492537313433,0.44029850746268656,0.41044776119402987,0.3880597014925373,0.3582089552238806,0.12686567164179108,0.10447761194029853,0.07462686567164184,0.17164179104477612,0.48507462686567165,0.5149253731343284,0.5149253731343284,0.5149253731343284,0.5298507462686567,0.5597014925373134,0.5895522388059702,0.6119402985074627,0.6417910447761194,0.9999998871298562,0.4492584275722649,0.0,3.319675307157093e-07,4.862120682163958e-05,0.1824255211655355,0.997936790805095,0.9999981526732942,0.45988602906977527,0.14285714285714285,0.0,0.07142857142857145,-0.14285714285714285,1.3333333302222221,0.9999999976666666,1.249999995625,0.6666666651111111,0.9285714285714286,0.7142857142857143,0.5714285714285714,0.5714285714285714,0.5714285714285714,0.5714285714285714,0.42857142857142855,0.35714285714285715,0.2857142857142857,-0.07142857142857145,0.0,-0.14285714285714285,0.14285714285714285,0.07142857142857142,0.2857142857142857,0.42857142857142855,0.42857142857142855,0.42857142857142855,0.42857142857142855,0.5714285714285714,0.6428571428571429,0.7142857142857143,0.9999998871298562,0.5753824605050194,0.08536492872878113,0.17288514839255464,0.20390774121278737,0.6635873017068549,0.9579023692081508,0.999850199521013,0.3568711098675145,0.4166666666666667,0.5628202153850715,2.510999155743982e-08,0.5833333333333334,0.39399984729075765,0.0,0.75,0.1977438896545536,8.764248219443636e-08,0.7777777777777778,0.26016217630647626,0.0,0.0,0.9999996100486414,0.9999996100486414,0.3076923076923077,0.6850780976765953,6.82560337633487e-08,0.5,0.5112488571160921,0.0,0.0,0.9999996100486414,0.9999996100486414,0.4166666666666667,0.5628202153850715,2.510999155743982e-08,0.6049382716049383,0.36353493154403216,0.0
ChatDev_ProgramDev2_GPT4o_45_scored.json,ChatDev_ProgramDev2_GPT4o_45,2.6,1,119,14,0.40336134453781514,0.4117647058823529,0.4201680672268908,0.3277310924369748,2.411764697441176,2.6333333228877773,2.851851839282579,2.114285707097143,0.8151260504201681,0.773109243697479,0.7478991596638656,0.7142857142857143,0.7058823529411765,0.6890756302521008,0.6638655462184874,0.6470588235294118,0.6218487394957983,-0.4201680672268908,-0.4117647058823529,-0.40336134453781514,-0.3277310924369748,0.18487394957983194,0.226890756302521,0.25210084033613445,0.2857142857142857,0.29411764705882354,0.31092436974789917,0.33613445378151263,0.35294117647058826,0.37815126050420167,1.0,0.7057533610649431,1.103256032343554e-09,0.0031726831078774057,0.27176072963532005,0.9820138375156034,0.9999891119226625,0.9999996604200683,0.4044558114258609,0.4285714285714286,0.3571428571428571,0.2857142857142857,0.0,2.9999999860000006,2.6666666542222224,2.999999979,0.9999999964999999,0.8571428571428571,0.8571428571428571,0.7857142857142857,0.7857142857142857,0.7142857142857143,0.6428571428571429,0.5714285714285714,0.42857142857142855,0.2857142857142857,-0.2857142857142857,-0.3571428571428571,-0.4285714285714286,0.0,0.14285714285714285,0.14285714285714285,0.21428571428571427,0.21428571428571427,0.2857142857142857,0.35714285714285715,0.42857142857142855,0.5714285714285714,0.7142857142857143,1.0,0.6495084155350412,1.522997974471263e-08,0.0821106805900844,0.5136785460251609,0.7642171558439816,0.9064836745115177,0.9999998610420527,0.33401555726968896,0.45,0.5252355162685394,1.522997974471263e-08,0.35,0.6664838134297795,0.0001233946226544279,0.08333333333333333,0.9171086566122497,0.1824255366675585,0.375,0.6237878872856634,1.103256032343554e-09,0.0,1.0,1.0,0.08333333333333333,0.8746087282093215,9.237449661970594e-09,0.2,0.7742803918398582,1.103256032343554e-09,0.0,1.0,1.0,0.45,0.5252355162685394,1.522997974471263e-08,0.29333333333333333,0.7199244291508637,0.0001233946226544279
ChatDev_ProgramDev2_GPT4o_46_scored.json,ChatDev_ProgramDev2_GPT4o_46,2.6,1,135,13,0.4444444444444445,0.4074074074074074,0.3851851851851852,0.29629629629629634,2.7142857038163264,2.6176470484299306,2.6774193431789803,2.0810810734879475,0.8,0.7703703703703704,0.7481481481481481,0.7407407407407407,0.725925925925926,0.7037037037037037,0.6592592592592592,0.6148148148148148,0.5703703703703704,-0.3851851851851852,-0.4074074074074074,-0.4444444444444445,-0.29629629629629634,0.2,0.22962962962962963,0.2518518518518518,0.25925925925925924,0.2740740740740741,0.2962962962962963,0.34074074074074073,0.3851851851851852,0.42962962962962964,0.9999999353230372,0.6975481524103557,0.0,0.0004794456764338458,0.2948813819922741,0.9770226009379105,0.9998589732545077,0.9999985535814215,0.39725325303058856,0.7692307692307693,0.38461538461538464,0.38461538461538464,0.0,769230769.2307693,384615384.61538464,384615384.61538464,0.9999999935,1.0,1.0,1.0,1.0,0.8461538461538461,0.7692307692307693,0.38461538461538464,0.38461538461538464,0.15384615384615385,-0.38461538461538464,-0.38461538461538464,-0.7692307692307693,0.0,0.0,0.0,0.0,0.0,0.15384615384615385,0.23076923076923078,0.6153846153846154,0.6153846153846154,0.8461538461538461,0.9999998666231077,0.712290563522501,0.49855319449372165,0.515289104990465,0.6002996214497696,0.6619766843166236,0.8434493261509522,0.9560656443512403,0.16236674554558425,0.14705882352941177,0.8377095509308069,6.82560337633487e-08,0.3050847457627119,0.6437064974715186,1.0677029917933763e-06,0.375,0.5806737137592176,0.008577484930474293,0.42857142857142855,0.5688145520204254,0.0,0.0,0.9999998666231077,0.9999998666231077,0.2,0.8434493261509522,4.78509457496562e-06,0.29411764705882354,0.7303644191560295,0.0,0.0,0.9999998666231077,0.9999998666231077,0.14705882352941177,0.8377095509308069,6.82560337633487e-08,0.32051282051282054,0.6316561890285401,1.0677029917933763e-06
ChatDev_ProgramDev2_GPT4o_55_scored.json,ChatDev_ProgramDev2_GPT4o_55,2.6,1,251,21,0.41832669322709165,0.40637450199203184,0.40239043824701193,0.35059760956175295,2.45833332476331,2.4571428483322446,2.5538461439843783,2.189189181763696,0.7529880478087649,0.7410358565737052,0.7211155378486056,0.7131474103585658,0.7051792828685259,0.7051792828685259,0.6852589641434262,0.6613545816733067,0.6454183266932271,-0.40239043824701193,-0.40637450199203184,-0.41832669322709165,-0.35059760956175295,0.24701195219123506,0.2589641434262948,0.2788844621513944,0.2868525896414343,0.2948207171314741,0.2948207171314741,0.3147410358565737,0.3386454183266932,0.3545816733067729,0.9999999242570978,0.7000447317834629,0.0,4.944450501938644e-09,0.13362507977469534,0.9968272661280745,0.9999754635235161,0.9999992590533927,0.43005891508660604,0.38095238095238093,0.42857142857142855,0.28571428571428575,0.09523809523809523,2.3333333251666666,2.79999998824,2.1999999907600003,1.3333333286666667,0.7619047619047619,0.7619047619047619,0.7619047619047619,0.7142857142857143,0.7142857142857143,0.6666666666666666,0.6666666666666666,0.5238095238095238,0.38095238095238093,-0.28571428571428575,-0.42857142857142855,-0.38095238095238093,-0.09523809523809523,0.23809523809523808,0.23809523809523808,0.23809523809523808,0.2857142857142857,0.2857142857142857,0.3333333333333333,0.3333333333333333,0.47619047619047616,0.6190476190476191,0.9999998678732606,0.6476873173705295,8.315279260963632e-07,1.0677029917933763e-06,0.33151225113432115,0.8295776091702179,0.9629492853873077,0.9997919242447562,0.388357491895441,1.0,9.88977969894372e-07,8.315279260963632e-07,0.20454545454545456,0.7956283907726681,1.7603429545652396e-06,0.0,0.9813417512631691,0.6224593456154905,0.4,0.5988449147413456,0.0,0.0,0.9999996101377389,0.9999996101377389,0.2,0.7920840407757553,1.186112015134383e-08,0.28,0.7147883903619915,0.0,0.0,0.9999996101377389,0.9999996101377389,1.0,9.88977969894372e-07,8.315279260963632e-07,0.29493087557603687,0.6998134236560749,0.0
ChatDev_ProgramDev2_GPT4o_57_scored.json,ChatDev_ProgramDev2_GPT4o_57,2.6,1,123,13,0.6666666666666666,0.6341463414634146,0.6097560975609756,0.5121951219512195,5.555555517592593,5.874999954835937,5.9999999508,4.149999974477501,0.9024390243902439,0.8780487804878049,0.8699186991869918,0.8536585365853658,0.8373983739837398,0.8130081300813008,0.7642276422764228,0.7317073170731707,0.6747967479674797,-0.6097560975609756,-0.6341463414634146,-0.6666666666666666,-0.5121951219512195,0.0975609756097561,0.12195121951219512,0.13008130081300814,0.14634146341463414,0.16260162601626016,0.18699186991869918,0.23577235772357724,0.2682926829268293,0.3252032520325203,1.0,0.8033578179304273,0.0,0.1549228860482906,0.7541792253248452,0.9890129350960348,0.9997016935488601,0.9999980934557999,0.32685065715714035,0.3076923076923077,0.23076923076923073,0.23076923076923078,0.0,1.9999999935,1.7499999943124998,1.9999999913333333,0.99999999675,0.7692307692307693,0.7692307692307693,0.6923076923076923,0.6923076923076923,0.6923076923076923,0.6153846153846154,0.5384615384615384,0.46153846153846156,0.3076923076923077,-0.23076923076923078,-0.23076923076923073,-0.3076923076923077,0.0,0.23076923076923078,0.23076923076923078,0.3076923076923077,0.3076923076923077,0.3076923076923077,0.38461538461538464,0.46153846153846156,0.5384615384615384,0.6923076923076923,1.0,0.60718565770941,1.7257827987960214e-08,2.510999155743982e-08,0.24999924601431547,0.7923463854419498,0.9591987659497424,0.99146055271882,0.38716506127841055,1.0,2.2492603700946618e-08,1.7257827987960214e-08,0.13513513513513514,0.8177123509285958,0.0011695103074966034,0.0,0.9591987659497424,0.7310585788740389,0.5,0.46553345324333617,0.0,0.0,1.0,1.0,0.0,0.9881200924549498,0.8807970608883412,0.21052631578947367,0.768083612786902,0.0,0.0,1.0,1.0,1.0,2.2492603700946618e-08,1.7257827987960214e-08,0.13541666666666666,0.8255233356653588,3.059023205018258e-07
ChatDev_ProgramDev2_GPT4o_5_scored.json,ChatDev_ProgramDev2_GPT4o_5,2.6,1,76,13,0.19736842105263158,0.28947368421052627,0.2368421052631579,0.03947368421052633,1.5172413753341258,2.0476190402086165,1.89999999278,1.0967741908595212,0.7368421052631579,0.7368421052631579,0.7236842105263158,0.618421052631579,0.5921052631578947,0.5789473684210527,0.5657894736842105,0.5,0.4473684210526316,-0.2368421052631579,-0.28947368421052627,-0.19736842105263158,-0.03947368421052633,0.2631578947368421,0.2631578947368421,0.27631578947368424,0.3815789473684211,0.40789473684210525,0.42105263157894735,0.4342105263157895,0.5,0.5526315789473685,0.9999996464275807,0.6090184870760261,0.0,0.00017864634625959573,0.09534948405458912,0.7743165332864095,0.999088867484239,0.9999895352234858,0.4141245222308426,0.30769230769230765,0.15384615384615385,0.0,-0.23076923076923078,2.333333323222222,1.999999987,0.9999999935,0.2499999991875,0.8461538461538461,0.8461538461538461,0.8461538461538461,0.7692307692307693,0.6923076923076923,0.5384615384615384,0.3076923076923077,0.15384615384615385,0.07692307692307693,0.0,-0.15384615384615385,-0.30769230769230765,0.23076923076923078,0.15384615384615385,0.15384615384615385,0.15384615384615385,0.23076923076923078,0.3076923076923077,0.46153846153846156,0.6923076923076923,0.8461538461538461,0.9230769230769231,0.9999995106174685,0.5402436281303173,0.0009110514045295695,0.06864424613412351,0.40080848652410145,0.6022622248831739,0.7310573067593097,0.8359641369834391,0.2863315971690862,0.6666666666666666,0.24481366039615549,0.0009110514045295695,0.42424242424242425,0.61268783821106,5.829127258796956e-05,0.18181818181818182,0.7659112513675687,0.0373268869815644,0.6666666666666666,0.4677964817276412,3.2241867372567335e-08,0.0,0.9999995106174685,0.9999995106174685,0.3333333333333333,0.6668351358534318,4.363462252943702e-09,0.4444444444444444,0.6004889178115016,4.363462252943702e-09,0.0,0.9999995106174685,0.9999995106174685,0.6666666666666666,0.24481366039615549,0.0009110514045295695,0.3877551020408163,0.625464588951607,0.0
ChatDev_ProgramDev2_GPT4o_60_scored.json,ChatDev_ProgramDev2_GPT4o_60,2.6,1,159,14,0.20125786163522014,0.2138364779874214,0.22641509433962265,0.08176100628930816,1.5423728771993679,1.641509429037736,1.8181818116115702,1.2131147509363074,0.7421383647798742,0.7232704402515723,0.6666666666666666,0.6289308176100629,0.6163522012578616,0.5723270440251572,0.5471698113207547,0.5031446540880503,0.46540880503144655,-0.22641509433962265,-0.2138364779874214,-0.20125786163522014,-0.08176100628930816,0.2578616352201258,0.27672955974842767,0.3333333333333333,0.3710691823899371,0.3836477987421384,0.4276729559748428,0.4528301886792453,0.4968553459119497,0.5345911949685535,1.0,0.6033906639164252,0.0,0.00014596947186452794,0.09534946916009217,0.8175745025270458,0.9994471834289171,0.999998208985688,0.4192781687693402,0.5714285714285714,0.2142857142857143,0.14285714285714285,0.0,4.999999965000001,2.4999999825000003,2.9999999580000005,0.9999999953333334,0.9285714285714286,0.9285714285714286,0.8571428571428571,0.8571428571428571,0.7857142857142857,0.7142857142857143,0.35714285714285715,0.21428571428571427,0.21428571428571427,-0.14285714285714285,-0.2142857142857143,-0.5714285714285714,0.0,0.07142857142857142,0.07142857142857142,0.14285714285714285,0.14285714285714285,0.21428571428571427,0.2857142857142857,0.6428571428571429,0.7857142857142857,0.7857142857142857,1.0,0.6293394317136622,0.002873000760589603,0.2973561835288975,0.5284369258706767,0.6464346644718649,0.7407156824415511,0.9915424257409826,0.27033772798763406,0.38095238095238093,0.6066009042337103,5.3157852544244216e-08,0.4691358024691358,0.5107642687865914,4.78509457496562e-06,0.0,0.9776702622023329,0.6224593495673595,0.5714285714285714,0.460359687984116,0.0,0.0,1.0,1.0,0.3684210526315789,0.6512776099201335,1.6701414089010932e-05,0.4230769230769231,0.5998766309373595,0.0,0.0,1.0,1.0,0.38095238095238093,0.6066009042337103,5.3157852544244216e-08,0.3783783783783784,0.6000333708957868,0.0
ChatDev_ProgramDev2_GPT4o_61_scored.json,ChatDev_ProgramDev2_GPT4o_61,2.6,1,126,14,0.07142857142857145,0.07936507936507942,0.09523809523809523,0.031746031746031744,1.155172411283591,1.1818181791107438,1.2352941145951557,1.0689655149191437,0.626984126984127,0.5952380952380952,0.5634920634920635,0.5396825396825397,0.5396825396825397,0.5317460317460317,0.5158730158730159,0.5,0.49206349206349204,-0.09523809523809523,-0.07936507936507942,-0.07142857142857145,-0.031746031746031744,0.373015873015873,0.40476190476190477,0.4365079365079365,0.4603174603174603,0.4603174603174603,0.46825396825396826,0.48412698412698413,0.5,0.5079365079365079,0.9999998973390646,0.5454298083962056,0.0,1.3007123989067183e-05,0.0085355453863993,0.7974371646860077,0.9995693494661326,0.9999826766448088,0.46230892172815763,0.21428571428571425,0.14285714285714288,0.14285714285714288,-0.14285714285714285,1.5999999955199997,1.666666658888889,1.666666658888889,0.6666666651111111,0.9285714285714286,0.7857142857142857,0.7857142857142857,0.6428571428571429,0.5714285714285714,0.5714285714285714,0.35714285714285715,0.35714285714285715,0.2857142857142857,-0.14285714285714288,-0.14285714285714288,-0.21428571428571425,0.14285714285714285,0.07142857142857142,0.21428571428571427,0.21428571428571427,0.35714285714285715,0.42857142857142855,0.42857142857142855,0.6428571428571429,0.6428571428571429,0.7142857142857143,0.9999996101377389,0.6004664909538401,0.048279635788111896,0.1902467374475451,0.3631813982042428,0.6193462917799301,0.9447763324957992,0.9999800061260965,0.32213932463753703,0.9047619047619048,0.1573878174066473,5.715002286213223e-07,0.5254237288135594,0.474619261349159,6.691586091292782e-10,0.0,0.9727674718237121,0.6791787126478431,0.25,0.7499291383053742,0.0,0.0,0.9999989042508468,0.9999981983639548,0.4,0.6054844967780127,5.3157852544244216e-08,0.35714285714285715,0.6467543943572589,0.0,0.0,0.9999989042508468,0.9999981983639548,0.9047619047619048,0.1573878174066473,5.715002286213223e-07,0.4024390243902439,0.5894979507474948,6.691586091292782e-10
ChatDev_ProgramDev2_GPT4o_62_scored.json,ChatDev_ProgramDev2_GPT4o_62,2.6,1,144,15,0.37499999999999994,0.3819444444444445,0.4166666666666667,0.34722222222222227,2.2857142778775508,2.410256401357002,2.7647058706435987,2.1627906904315846,0.7916666666666666,0.7638888888888888,0.7291666666666666,0.7083333333333334,0.7013888888888888,0.6666666666666666,0.6527777777777778,0.6527777777777778,0.6458333333333334,-0.4166666666666667,-0.3819444444444445,-0.37499999999999994,-0.34722222222222227,0.20833333333333334,0.2361111111111111,0.2708333333333333,0.2916666666666667,0.2986111111111111,0.3333333333333333,0.3472222222222222,0.3472222222222222,0.3541666666666667,0.9999999098015293,0.7003080558098598,0.0,0.0001233946226544279,0.2227001799730408,0.9984988342369647,0.9999920443087195,0.9999995887631977,0.4196254847635335,0.2,0.13333333333333336,0.2,-0.06666666666666665,1.5999999952,1.3999999958,1.99999999,0.7999999976,0.8,0.8,0.6666666666666666,0.6666666666666666,0.6666666666666666,0.5333333333333333,0.4666666666666667,0.4,0.26666666666666666,-0.2,-0.13333333333333336,-0.2,0.06666666666666665,0.2,0.2,0.3333333333333333,0.3333333333333333,0.3333333333333333,0.4666666666666667,0.5333333333333333,0.6,0.7333333333333333,0.9999996296324527,0.5721306216991975,8.764248219443636e-08,2.0905974296728503e-07,0.26028040040462097,0.6562130849340829,0.8919182043970675,0.9998777053927075,0.36845180554376705,0.4166666666666667,0.5468442749784311,0.0,0.29577464788732394,0.7062214734718377,0.0001233946226544279,0.21739130434782608,0.8150231491860199,0.006692851264215723,0.5,0.46376070368145933,0.0,0.0,0.9999996100486414,0.9999996100486414,0.23809523809523808,0.7377689962043958,3.927863545481039e-07,0.3103448275862069,0.66218050171531,0.0,0.0,0.9999996100486414,0.9999996100486414,0.4166666666666667,0.5468442749784311,0.0,0.29292929292929293,0.7179788892107029,8.764248219443636e-08
ChatDev_ProgramDev2_GPT4o_63_scored.json,ChatDev_ProgramDev2_GPT4o_63,2.6,1,166,13,0.18674698795180728,0.19277108433734935,0.1807228915662651,0.06024096385542166,1.4920634881320232,1.5517241334898928,1.5454545407900826,1.1515151486189164,0.7168674698795181,0.6686746987951807,0.6506024096385542,0.6204819277108434,0.6024096385542169,0.5662650602409639,0.5421686746987951,0.5120481927710844,0.4578313253012048,-0.1807228915662651,-0.19277108433734935,-0.18674698795180728,-0.06024096385542166,0.28313253012048195,0.3313253012048193,0.3493975903614458,0.3795180722891566,0.39759036144578314,0.43373493975903615,0.4578313253012048,0.4879518072289157,0.5421686746987951,1.0,0.5922271098434999,0.0,0.0005225101853686494,0.0505910735757222,0.817574504094049,0.9998625190953166,0.9999990264936884,0.4307607163422179,0.15384615384615385,0.38461538461538464,0.46153846153846156,-0.23076923076923078,1.4999999951249998,5.999999922000001,461538461.5384615,0.49999999891666663,1.0,1.0,0.9230769230769231,0.6923076923076923,0.5384615384615384,0.46153846153846156,0.46153846153846156,0.46153846153846156,0.23076923076923078,-0.46153846153846156,-0.38461538461538464,-0.15384615384615385,0.23076923076923078,0.0,0.0,0.07692307692307693,0.3076923076923077,0.46153846153846156,0.5384615384615384,0.5384615384615384,0.5384615384615384,0.7692307692307693,1.0,0.633990066071117,0.22990454175835595,0.32434533255803905,0.3959313993584001,0.5914431252198716,0.8352642018694357,0.991074564839736,0.27201423029341765,0.23809523809523808,0.7452507268499785,7.582560427911907e-10,0.5569620253164557,0.4297673668371428,1.3440409951135022e-08,0.17857142857142858,0.8083670600746505,0.0001584362410990077,0.6,0.3977849415118651,0.0,0.0,1.0,1.0,0.15,0.8352642018694357,5.3157852544244216e-08,0.24,0.7477683497979216,0.0,0.0,1.0,1.0,0.23809523809523808,0.7452507268499785,7.582560427911907e-10,0.4778761061946903,0.5129674948033153,1.3440409951135022e-08
ChatDev_ProgramDev2_GPT4o_64_scored.json,ChatDev_ProgramDev2_GPT4o_64,2.6,1,107,14,0.4485981308411215,0.43925233644859807,0.46728971962616817,0.35514018691588783,2.7777777667695474,2.958333320144097,3.4999999812750002,2.266666658582222,0.8317757009345794,0.8130841121495327,0.7757009345794392,0.7476635514018691,0.719626168224299,0.7009345794392523,0.6635514018691588,0.6542056074766355,0.6355140186915887,-0.46728971962616817,-0.43925233644859807,-0.4485981308411215,-0.35514018691588783,0.16822429906542055,0.18691588785046728,0.22429906542056074,0.2523364485981308,0.2803738317757009,0.29906542056074764,0.3364485981308411,0.34579439252336447,0.3644859813084112,1.0,0.7239417782676875,0.0,0.0011695103074966034,0.40768210043534825,0.9968272669236065,0.9999333842003717,0.9999983303530622,0.3929563601039012,0.28571428571428575,0.3571428571428571,0.35714285714285715,0.0714285714285714,1.79999999496,2.6666666542222224,3.4999999755,1.19999999664,1.0,0.8571428571428571,0.7857142857142857,0.6428571428571429,0.6428571428571429,0.6428571428571429,0.5714285714285714,0.5,0.42857142857142855,-0.35714285714285715,-0.3571428571428571,-0.28571428571428575,-0.0714285714285714,0.0,0.14285714285714285,0.21428571428571427,0.35714285714285715,0.35714285714285715,0.35714285714285715,0.42857142857142855,0.5,0.5714285714285714,0.9999998544022656,0.6594316108532178,0.11920292052939573,0.19209161788876578,0.3440249666744496,0.8020824576241885,0.9602051621710415,0.9975532964226101,0.3298693062332408,0.3333333333333333,0.679503749129169,1.3440409951135022e-08,0.2708333333333333,0.7250627311846582,2.2603250957489616e-06,0.05263157894736842,0.9355095352851843,0.22270016584298527,0.4,0.5615397208526421,0.0,0.0,0.9999998544022656,0.9999998544022656,0.45454545454545453,0.6036773401306973,0.0019267342527389902,0.4375,0.590509334106305,0.0,0.0,0.9999998544022656,0.9999998544022656,0.3333333333333333,0.679503749129169,1.3440409951135022e-08,0.24691358024691357,0.7518282386713196,3.2241867372567335e-08
ChatDev_ProgramDev2_GPT4o_65_scored.json,ChatDev_ProgramDev2_GPT4o_65,2.6,1,131,13,0.03816793893129766,0.05343511450381677,0.06106870229007638,-0.022900763358778664,1.0806451590070238,1.118644065312841,1.145454542726281,0.9523809504006046,0.5877862595419847,0.5801526717557252,0.549618320610687,0.5267175572519084,0.5190839694656488,0.5114503816793893,0.5038167938931297,0.48091603053435117,0.4580152671755725,-0.06106870229007638,-0.05343511450381677,-0.03816793893129766,0.022900763358778664,0.4122137404580153,0.4198473282442748,0.45038167938931295,0.4732824427480916,0.48091603053435117,0.48854961832061067,0.4961832061068702,0.5190839694656488,0.5419847328244275,1.0,0.5264649685647935,0.0,6.023573837886479e-08,1.6701414089010932e-05,0.7310585571306342,0.9998415161423742,0.9999969999807653,0.4689480112111771,0.23076923076923073,0.38461538461538464,0.15384615384615385,-0.07692307692307693,1.7499999943124998,5.999999922000001,2.9999999610000003,0.7499999975624999,0.9230769230769231,0.9230769230769231,0.9230769230769231,0.6923076923076923,0.6923076923076923,0.5384615384615384,0.46153846153846156,0.23076923076923078,0.23076923076923078,-0.15384615384615385,-0.38461538461538464,-0.23076923076923073,0.07692307692307693,0.07692307692307693,0.07692307692307693,0.07692307692307693,0.3076923076923077,0.3076923076923077,0.46153846153846156,0.5384615384615384,0.7692307692307693,0.7692307692307693,1.0,0.6303587850846091,0.01717339051303557,0.33797400821554846,0.39874725924099624,0.6665897334711401,0.7849035723578272,0.9817548322996639,0.2789399623096906,0.42857142857142855,0.5709386784824201,0.0,0.6901408450704225,0.3288856067011549,0.0,0.0,0.9940195630133845,0.9399132564963681,0.5,0.4999556260476229,0.0,0.0,1.0,1.0,0.21428571428571427,0.7849035723578272,2.382369667501818e-07,0.3,0.6994191884647659,0.0,0.0,1.0,1.0,0.42857142857142855,0.5709386784824201,0.0,0.5543478260869565,0.4592891519147785,0.0
ChatDev_ProgramDev2_GPT4o_67_scored.json,ChatDev_ProgramDev2_GPT4o_67,2.6,1,111,14,0.3963963963963964,0.42342342342342343,0.3693693693693693,0.2882882882882883,2.333333325484848,2.56666665717,2.518518508164609,1.9696969630716252,0.7927927927927928,0.7567567567567568,0.7297297297297297,0.7027027027027027,0.7027027027027027,0.6936936936936937,0.6936936936936937,0.6126126126126126,0.5855855855855856,-0.3693693693693693,-0.42342342342342343,-0.3963963963963964,-0.2882882882882883,0.2072072072072072,0.24324324324324326,0.2702702702702703,0.2972972972972973,0.2972972972972973,0.3063063063063063,0.3063063063063063,0.38738738738738737,0.4144144144144144,0.9999998963654445,0.6937152960916876,0.0,2.1444937927240387e-05,0.24582080499503217,0.9890129766216319,0.9999978150085447,0.9999997415589672,0.4112006248232353,0.5,0.42857142857142855,0.14285714285714285,0.0,3.333333317777778,3.9999999720000003,1.9999999860000002,0.9999999964999999,0.8571428571428571,0.8571428571428571,0.8571428571428571,0.7857142857142857,0.7142857142857143,0.7142857142857143,0.5714285714285714,0.2857142857142857,0.2857142857142857,-0.14285714285714285,-0.42857142857142855,-0.5,0.0,0.14285714285714285,0.14285714285714285,0.14285714285714285,0.21428571428571427,0.2857142857142857,0.2857142857142857,0.42857142857142855,0.7142857142857143,0.7142857142857143,0.9999998674823244,0.6399180527229588,0.0,0.09999727904244189,0.49010953951083297,0.7183205432922222,0.8725950667745745,0.9995282464531413,0.32268727564131733,0.2727272727272727,0.7073487582330655,5.3157852544244216e-08,0.2962962962962963,0.6892646587366772,0.0001233946226544279,0.3,0.713218451640773,0.0,0.8,0.1999944836638902,0.0,0.0,0.9999998674823244,0.9999998674823244,0.2,0.7735024242981289,2.1444937927240387e-05,0.4,0.5823331107533827,0.0,0.0,0.9999998674823244,0.9999998674823244,0.2727272727272727,0.7073487582330655,5.3157852544244216e-08,0.2875,0.706058132289274,0.0
ChatDev_ProgramDev2_GPT4o_68_scored.json,ChatDev_ProgramDev2_GPT4o_68,2.6,1,124,13,0.20967741935483875,0.2096774193548387,0.20161290322580644,0.12903225806451613,1.5777777734301235,1.6190476142675736,1.6578947314321328,1.3478260833232514,0.717741935483871,0.6935483870967742,0.6612903225806451,0.6370967741935484,0.6290322580645161,0.5725806451612904,0.5483870967741935,0.5080645161290323,0.5,-0.20161290322580644,-0.2096774193548387,-0.20967741935483875,-0.12903225806451613,0.28225806451612906,0.3064516129032258,0.3387096774193548,0.3629032258064516,0.3709677419354839,0.4274193548387097,0.45161290322580644,0.49193548387096775,0.5,0.9999998960910051,0.6034638103228828,3.581747930283181e-10,0.0005142910777254137,0.03732688333442358,0.8927237389430354,0.9998077620653948,0.9999937898579967,0.4312813976187786,0.3076923076923077,0.3076923076923077,0.15384615384615385,-0.07692307692307693,2.9999999805,4.999999935000001,2.9999999610000003,0.7499999975624999,0.9230769230769231,0.9230769230769231,0.9230769230769231,0.8461538461538461,0.6923076923076923,0.46153846153846156,0.38461538461538464,0.23076923076923078,0.23076923076923078,-0.15384615384615385,-0.3076923076923077,-0.3076923076923077,0.07692307692307693,0.07692307692307693,0.07692307692307693,0.07692307692307693,0.15384615384615385,0.3076923076923077,0.5384615384615384,0.6153846153846154,0.7692307692307693,0.7692307692307693,0.9999982000492466,0.6136829129640577,0.09177702365872673,0.35922178779448316,0.43426753303656074,0.5384598651095169,0.7499938946336886,0.9659971151404845,0.2571487396164253,0.42857142857142855,0.5049453955213062,1.8189616875530459e-09,0.5370370370370371,0.44843744906957794,1.3007123989067183e-05,0.0,0.9695897311112083,0.5000000712966506,0.5714285714285714,0.41393029050605884,3.581747930283181e-10,0.0,0.9999982000492466,0.9999982000492466,0.25,0.7468852694745249,2.510999155743982e-08,0.3684210526315789,0.6242176456440375,3.581747930283181e-10,0.0,0.9999982000492466,0.9999982000492466,0.42857142857142855,0.5049453955213062,1.8189616875530459e-09,0.3670886075949367,0.6122221535223965,1.3007123989067183e-05
ChatDev_ProgramDev2_GPT4o_71_scored.json,ChatDev_ProgramDev2_GPT4o_71,2.6,1,128,13,0.2109375,0.203125,0.203125,0.109375,1.5399999960575999,1.5652173869489603,1.5777777732898763,1.2799999967231999,0.6875,0.6484375,0.640625,0.609375,0.609375,0.6015625,0.5625,0.5546875,0.5,-0.203125,-0.203125,-0.2109375,-0.109375,0.3125,0.3515625,0.359375,0.390625,0.390625,0.3984375,0.4375,0.4453125,0.5,0.9999998771078478,0.5980228154898783,0.0,2.22589685353677e-06,0.01038457871262131,0.8927237675882436,0.9999784991030336,0.9999995372955928,0.4479681832569953,0.6153846153846154,0.23076923076923078,0.23076923076923078,-0.15384615384615385,8.999999883000001,3.9999999480000006,230769230.76923075,0.499999998375,1.0,1.0,0.9230769230769231,0.9230769230769231,0.6923076923076923,0.6923076923076923,0.3076923076923077,0.23076923076923078,0.15384615384615385,-0.23076923076923078,-0.23076923076923078,-0.6153846153846154,0.15384615384615385,0.0,0.0,0.07692307692307693,0.07692307692307693,0.3076923076923077,0.3076923076923077,0.6923076923076923,0.7692307692307693,0.8461538461538461,0.9999998677263637,0.6449555531709611,0.2857131257472765,0.42233882804622774,0.4547689008855563,0.6265295500726167,0.777982437352924,0.9666725803208491,0.21008165965945622,0.42857142857142855,0.6002010505937977,2.215948977336598e-08,0.4166666666666667,0.5638958653402345,3.6534822137210456e-08,0.3333333333333333,0.6265295500726167,0.0001584362410990077,0.6363636363636364,0.3471879530702874,0.0,0.0,0.9999998677263637,0.9999998677263637,0.21428571428571427,0.777982437352924,1.8553913626159784e-07,0.4,0.5884328642685639,0.0,0.0,0.9999998677263637,0.9999998677263637,0.42857142857142855,0.6002010505937977,2.215948977336598e-08,0.38271604938271603,0.5954552697011631,3.6534822137210456e-08
ChatDev_ProgramDev2_GPT4o_72_scored.json,ChatDev_ProgramDev2_GPT4o_72,2.6,1,99,13,0.3131313131313132,0.33333333333333337,0.3434343434343435,0.2828282828282829,1.9393939335757577,2.0645161224391257,2.133333326293333,1.8235294064550174,0.7272727272727273,0.696969696969697,0.6868686868686869,0.6666666666666666,0.6565656565656566,0.6464646464646465,0.6464646464646465,0.6464646464646465,0.6262626262626263,-0.3434343434343435,-0.33333333333333337,-0.3131313131313132,-0.2828282828282829,0.2727272727272727,0.30303030303030304,0.31313131313131315,0.3333333333333333,0.3434343434343434,0.35353535353535354,0.35353535353535354,0.35353535353535354,0.37373737373737376,0.9999999389665429,0.6647238373476982,0.0,4.78509457496562e-06,0.03520162653380356,0.9933070925220056,0.999992469935144,0.9999995340303851,0.44583955059070557,0.23076923076923073,0.3846153846153846,0.23076923076923078,-0.07692307692307693,1.7499999943124998,3.49999997725,3.9999999480000006,0.79999999792,1.0,0.9230769230769231,0.8461538461538461,0.6923076923076923,0.6153846153846154,0.5384615384615384,0.5384615384615384,0.3076923076923077,0.3076923076923077,-0.23076923076923078,-0.3846153846153846,-0.23076923076923073,0.07692307692307693,0.0,0.07692307692307693,0.15384615384615385,0.3076923076923077,0.38461538461538464,0.46153846153846156,0.46153846153846156,0.6923076923076923,0.6923076923076923,0.9999998758935559,0.635271890242187,0.13584691174659103,0.24098351123282424,0.33323072140324456,0.711461651286134,0.9924428581693534,0.9971961001724654,0.30365672132404536,0.8888888888888888,0.19686096663176705,1.186112015134383e-08,0.2857142857142857,0.6986423111505484,2.902312105056987e-06,0.3157894736842105,0.711461651286134,0.001501181950907551,0.42857142857142855,0.5704177343695344,0.0,0.0,0.9999998758935559,0.9999998758935559,0.23076923076923078,0.7745951590917927,3.6534822137210456e-08,0.3,0.7031330604390023,0.0,0.0,0.9999998758935559,0.9999998758935559,0.8888888888888888,0.19686096663176705,1.186112015134383e-08,0.3076923076923077,0.6919992183965494,6.023573837886479e-08
ChatDev_ProgramDev2_GPT4o_73_scored.json,ChatDev_ProgramDev2_GPT4o_73,2.6,1,141,14,0.22695035460992907,0.21276595744680854,0.21276595744680854,0.10638297872340424,1.5925925884341563,1.5882352897266436,1.6249999952265626,1.2777777744413579,0.6950354609929078,0.6595744680851063,0.6382978723404256,0.6170212765957447,0.6170212765957447,0.6099290780141844,0.574468085106383,0.5531914893617021,0.48936170212765956,-0.21276595744680854,-0.21276595744680854,-0.22695035460992907,-0.10638297872340424,0.3049645390070922,0.3404255319148936,0.3617021276595745,0.3829787234042553,0.3829787234042553,0.3900709219858156,0.425531914893617,0.44680851063829785,0.5106382978723404,0.999999908345886,0.6027366702181881,0.0,3.7266389560521204e-06,0.010986915388990461,0.8807970260118442,0.9998764894188769,0.9999992439009133,0.44546080452850956,0.42857142857142855,0.3571428571428571,0.2857142857142857,0.07142857142857142,3.9999999720000003,5.999999916000001,4.999999930000001,1.3333333271111112,0.9285714285714286,0.9285714285714286,0.9285714285714286,0.8571428571428571,0.7857142857142857,0.5714285714285714,0.42857142857142855,0.35714285714285715,0.2857142857142857,-0.2857142857142857,-0.3571428571428571,-0.42857142857142855,-0.07142857142857142,0.07142857142857142,0.07142857142857142,0.07142857142857142,0.14285714285714285,0.21428571428571427,0.42857142857142855,0.5714285714285714,0.6428571428571429,0.7142857142857143,0.9999998762486311,0.6760254083720745,0.010986915388990461,0.36583571216434063,0.5313205758565667,0.6558224396398772,0.9637216463749562,0.9999845618711929,0.2831941228556162,0.13333333333333333,0.8623456064000633,1.1253517471925912e-07,0.47435897435897434,0.5188074754158455,6.34880011604368e-09,0.38461538461538464,0.6421157555884736,0.0002611902975925828,0.4,0.5300567825976944,0.0,0.0,0.9999998673813637,0.9999998673813637,0.3333333333333333,0.5965323135543038,0.0,0.36,0.56994210117166,0.0,0.0,0.9999998673813637,0.9999998673813637,0.13333333333333333,0.8623456064000633,1.1253517471925912e-07,0.4421052631578947,0.5559398242225538,6.34880011604368e-09
ChatDev_ProgramDev2_GPT4o_75_scored.json,ChatDev_ProgramDev2_GPT4o_75,2.6,1,111,15,0.09909909909909914,0.09909909909909914,0.09009009009009006,0.07207207207207206,1.2199999972916,1.224489793144523,1.2083333305390624,1.1599999974247999,0.5855855855855856,0.5675675675675675,0.5585585585585585,0.5495495495495496,0.5495495495495496,0.5495495495495496,0.5405405405405406,0.5225225225225225,0.5225225225225225,-0.09009009009009006,-0.09909909909909914,-0.09909909909909914,-0.07207207207207206,0.4144144144144144,0.43243243243243246,0.44144144144144143,0.45045045045045046,0.45045045045045046,0.45045045045045046,0.4594594594594595,0.4774774774774775,0.4774774774774775,0.9999999360812932,0.5467546742169425,0.0,0.0,2.0857585430608238e-08,0.939913335171657,0.9999754648390815,0.9999989084952923,0.4827125609975646,0.0,-0.06666666666666665,-0.13333333333333333,-0.33333333333333337,0.9999999974999999,0.7999999976,0.49999999812499996,0.2857142851020408,0.7333333333333333,0.7333333333333333,0.6666666666666666,0.6,0.5333333333333333,0.4,0.26666666666666666,0.13333333333333333,0.13333333333333333,0.13333333333333333,0.06666666666666665,0.0,0.33333333333333337,0.26666666666666666,0.26666666666666666,0.3333333333333333,0.4,0.4666666666666667,0.6,0.7333333333333333,0.8666666666666667,0.8666666666666667,0.999999884590805,0.4555030065074908,5.3157852544244216e-08,0.0004513922623669667,0.13970099345298984,0.5377774531232644,0.6616079147970304,0.8849700234833013,0.33219329469736825,1.0,0.0036624590167057764,5.3157852544244216e-08,0.5294117647058824,0.46806240970221813,0.0,0.35294117647058826,0.6213287782032761,0.0,0.8333333333333334,0.16722782327260258,0.0,0.0,0.999999884590805,0.999999884590805,0.4166666666666667,0.6114846412526614,1.8189616875530459e-09,0.5555555555555556,0.4633990352593085,0.0,0.0,0.999999884590805,0.999999884590805,1.0,0.0036624590167057764,5.3157852544244216e-08,0.4268292682926829,0.5661510924638615,0.0
ChatDev_ProgramDev2_GPT4o_79_scored.json,ChatDev_ProgramDev2_GPT4o_79,2.6,1,138,14,0.4347826086956522,0.4492753623188406,0.4347826086956522,0.39855072463768115,2.5789473590554017,2.823529400304498,2.764705871131488,2.4473684121648196,0.7536231884057971,0.7536231884057971,0.7536231884057971,0.7246376811594203,0.7246376811594203,0.7101449275362319,0.6956521739130435,0.6811594202898551,0.6739130434782609,-0.4347826086956522,-0.4492753623188406,-0.4347826086956522,-0.39855072463768115,0.2463768115942029,0.2463768115942029,0.2463768115942029,0.2753623188405797,0.2753623188405797,0.2898550724637681,0.30434782608695654,0.3188405797101449,0.32608695652173914,0.9999999209836976,0.7158815673375415,0.0,4.087047679877733e-07,0.3208213081791035,0.999941675620762,0.9999992845072837,0.9999998247339643,0.4277193718976556,0.14285714285714285,0.2857142857142857,0.2142857142857143,-0.14285714285714285,1.4999999947499998,2.999999979,2.4999999825000003,0.7142857128571429,0.8571428571428571,0.8571428571428571,0.8571428571428571,0.7142857142857143,0.5,0.42857142857142855,0.42857142857142855,0.35714285714285715,0.35714285714285715,-0.2142857142857143,-0.2857142857142857,-0.14285714285714285,0.14285714285714285,0.14285714285714285,0.14285714285714285,0.14285714285714285,0.2857142857142857,0.5,0.5714285714285714,0.5714285714285714,0.6428571428571429,0.6428571428571429,0.9999998438958114,0.5773989751789613,1.3440409951135022e-08,0.09905822799756174,0.34879310924670814,0.4888753224032562,0.9668642801863028,0.9960961578548586,0.3486157303809619,0.75,0.2486373987066821,8.592166619174109e-10,0.25396825396825395,0.7365015673338611,1.0467401794744658e-08,0.0,0.9827058301490332,0.5000000628071719,0.6,0.43238900983528544,0.0,0.0,0.9999997352070351,0.9999997352070351,0.5,0.4756069489899375,3.6534822137210456e-08,0.5416666666666666,0.4575994743421658,0.0,0.0,0.9999997352070351,0.9999997352070351,0.75,0.2486373987066821,8.592166619174109e-10,0.18095238095238095,0.8078111427000787,0.0
ChatDev_ProgramDev2_GPT4o_80_scored.json,ChatDev_ProgramDev2_GPT4o_80,2.6,1,150,14,0.25333333333333335,0.2733333333333333,0.27333333333333326,0.22666666666666663,1.6909090862975207,1.7884615333025147,1.8039215633217989,1.60714285283801,0.6933333333333334,0.66,0.6533333333333333,0.6333333333333333,0.6266666666666667,0.62,0.62,0.6133333333333333,0.6,-0.27333333333333326,-0.2733333333333333,-0.25333333333333335,-0.22666666666666663,0.30666666666666664,0.34,0.3466666666666667,0.36666666666666664,0.37333333333333335,0.38,0.38,0.38666666666666666,0.4,0.9999998952800043,0.6344851197754531,0.0,2.0970585543417444e-05,0.011756113393683041,0.992364778580654,0.9999416850321426,0.9999993361546408,0.458222410112468,0.28571428571428575,0.4285714285714286,0.42857142857142855,0.0714285714285714,1.79999999496,2.9999999860000006,3.9999999720000003,1.19999999664,0.8571428571428571,0.8571428571428571,0.7857142857142857,0.6428571428571429,0.6428571428571429,0.6428571428571429,0.6428571428571429,0.5714285714285714,0.42857142857142855,-0.42857142857142855,-0.4285714285714286,-0.28571428571428575,-0.0714285714285714,0.14285714285714285,0.14285714285714285,0.21428571428571427,0.35714285714285715,0.35714285714285715,0.35714285714285715,0.35714285714285715,0.42857142857142855,0.5714285714285714,0.9999998488900025,0.6769235644563001,0.00037256810455560965,0.12974974402774783,0.3340504892560798,0.887467996464137,0.9901927452186949,0.9999985035637207,0.36679942262738513,0.9230769230769231,0.08478262682220862,0.0,0.4,0.6042296815282532,7.734421907141565e-08,0.06666666666666667,0.9394352913246489,0.017986215599005696,0.3333333333333333,0.6663689688467666,0.0,0.0,0.9999996100486414,0.9999996100486414,0.7,0.37380079245648273,1.1253517471925912e-07,0.5263157894736842,0.5123857181150382,0.0,0.0,0.9999996100486414,0.9999996100486414,0.9230769230769231,0.08478262682220862,0.0,0.2956521739130435,0.7072632497379455,7.734421907141565e-08
ChatDev_ProgramDev2_GPT4o_82_scored.json,ChatDev_ProgramDev2_GPT4o_82,2.6,1,114,13,0.017543859649122806,0.017543859649122806,0.017543859649122806,-0.06140350877192985,1.0363636342155371,1.0384615361849112,1.039215683951557,0.872727270918347,0.5877192982456141,0.5526315789473685,0.543859649122807,0.5175438596491229,0.5175438596491229,0.5,0.47368421052631576,0.4649122807017544,0.42105263157894735,-0.017543859649122806,-0.017543859649122806,-0.017543859649122806,0.06140350877192985,0.41228070175438597,0.4473684210526316,0.45614035087719296,0.4824561403508772,0.4824561403508772,0.5,0.5263157894736842,0.5350877192982456,0.5789473684210527,1.0,0.5127771922466634,0.0,3.83687327444562e-05,0.00917985012687841,0.5923179362302866,0.9999703893420471,0.9999997577908619,0.4584761727094166,0.1538461538461538,0.0,0.0,-0.23076923076923078,1.3999999963599998,0.9999999973999999,0.99999999675,0.49999999891666663,1.0,0.6923076923076923,0.6153846153846154,0.6153846153846154,0.5384615384615384,0.5384615384615384,0.38461538461538464,0.3076923076923077,0.23076923076923078,0.0,0.0,-0.1538461538461538,0.23076923076923078,0.0,0.3076923076923077,0.38461538461538464,0.38461538461538464,0.46153846153846156,0.46153846153846156,0.6153846153846154,0.6923076923076923,0.7692307692307693,1.0,0.5474827957162837,0.12110487351735102,0.15332462391995366,0.19075259140016004,0.6002997340725473,0.8368423233935643,0.999442980374188,0.3320408933623791,0.56,0.42159155096271456,1.7603429545652396e-06,0.7045454545454546,0.304646963050465,5.602796437537268e-09,0.0,0.9999904493325086,0.9999038031227618,0.625,0.3637663977866408,0.0,0.0,1.0,1.0,0.25,0.7176538130853489,1.4449802461092448e-07,0.4,0.5760988469658657,0.0,0.0,1.0,1.0,0.56,0.42159155096271456,1.7603429545652396e-06,0.49206349206349204,0.5141799290852652,5.602796437537268e-09
ChatDev_ProgramDev2_GPT4o_84_scored.json,ChatDev_ProgramDev2_GPT4o_84,2.6,1,156,14,-0.02564102564102566,-0.03846153846153849,-0.04487179487179488,-0.14102564102564102,0.9480519461312193,0.9199999980863999,0.9027777758217592,0.7215189859170005,0.5641025641025641,0.5384615384615384,0.5192307692307693,0.5064102564102564,0.4935897435897436,0.46794871794871795,0.4423076923076923,0.4166666666666667,0.36538461538461536,0.04487179487179488,0.03846153846153849,0.02564102564102566,0.14102564102564102,0.4358974358974359,0.46153846153846156,0.4807692307692308,0.4935897435897436,0.5064102564102564,0.532051282051282,0.5576923076923077,0.5833333333333334,0.6346153846153846,0.9999998860671814,0.4754307626398649,0.0,2.373592355863998e-08,0.000821483185040535,0.4378234979301504,0.9914224845316499,0.9999869681118219,0.45167912299888585,-0.07142857142857145,-0.07142857142857145,0.07142857142857142,-0.2857142857142857,0.8571428554285714,0.7999999977599999,1.3333333271111112,0.49999999912500004,0.9285714285714286,0.7857142857142857,0.6428571428571429,0.5,0.42857142857142855,0.42857142857142855,0.2857142857142857,0.2857142857142857,0.2857142857142857,-0.07142857142857142,0.07142857142857145,0.07142857142857145,0.2857142857142857,0.07142857142857142,0.21428571428571427,0.35714285714285715,0.5,0.5714285714285714,0.5714285714285714,0.7142857142857143,0.7142857142857143,0.7142857142857143,0.9999998855505501,0.5306083035268561,0.0016087585068781665,0.1611862122686338,0.2805927166160196,0.4238717836594832,0.9209671738880485,0.9999989934722056,0.34436829086561516,0.76,0.24074742954409908,2.1024338523818466e-07,0.5,0.46797555278490016,0.0,0.30434782608695654,0.6841378271948659,3.2241867372567335e-08,0.5,0.4999966972174874,0.0,0.0,0.9999998728824653,0.9999998602143805,0.5,0.49407421025250964,0.0,0.5,0.4952587076455052,0.0,0.0,0.9999998728824653,0.9999998602143805,0.76,0.24074742954409908,2.1024338523818466e-07,0.47619047619047616,0.49755903025458703,0.0
ChatDev_ProgramDev2_GPT4o_8_scored.json,ChatDev_ProgramDev2_GPT4o_8,2.6,1,103,13,-0.029126213592232997,-0.04854368932038833,-0.03883495145631072,-0.09708737864077671,0.9423076904411983,0.9019607824921184,0.9183673450083297,0.8076923060924557,0.5339805825242718,0.5242718446601942,0.5048543689320388,0.49514563106796117,0.49514563106796117,0.47572815533980584,0.44660194174757284,0.4368932038834951,0.4077669902912621,0.03883495145631072,0.04854368932038833,0.029126213592232997,0.09708737864077671,0.46601941747572817,0.47572815533980584,0.49514563106796117,0.5048543689320388,0.5048543689320388,0.5242718446601942,0.5533980582524272,0.5631067961165048,0.5922330097087378,1.0,0.47741797276589176,0.0,5.329966652656819e-07,2.7535687796947383e-05,0.37754067447365985,0.9971773533910204,0.9999971856209284,0.4697898752482266,0.0,0.23076923076923078,0.23076923076923078,-0.23076923076923078,0.9999999978333333,3.9999999480000006,3.9999999480000006,0.49999999891666663,1.0,0.9230769230769231,0.9230769230769231,0.5384615384615384,0.5384615384615384,0.46153846153846156,0.3076923076923077,0.3076923076923077,0.23076923076923078,-0.23076923076923078,-0.23076923076923078,0.0,0.23076923076923078,0.0,0.07692307692307693,0.07692307692307693,0.46153846153846156,0.46153846153846156,0.5384615384615384,0.6923076923076923,0.6923076923076923,0.7692307692307693,0.9999998673991014,0.5790537739984585,0.10459334741757194,0.31445690688156375,0.35765547577267787,0.5000000571180176,0.851949685328877,0.9922116420424653,0.28823356984751286,0.6666666666666666,0.2514757270158355,1.7257827987960214e-08,0.6666666666666666,0.3320235392372828,5.043471815847051e-07,0.0,0.9611354966449032,0.6224593214408681,0.6,0.38801752869659845,0.0,0.0,0.9999998673991014,0.9999998673991014,0.3076923076923077,0.6587558286839499,1.1253517471925912e-07,0.43478260869565216,0.5410435243416232,0.0,0.0,0.9999998673991014,0.9999998673991014,0.6666666666666666,0.2514757270158355,1.7257827987960214e-08,0.5373134328358209,0.4547287565569005,5.3157852544244216e-08
ChatDev_ProgramDev2_GPT4o_91_scored.json,ChatDev_ProgramDev2_GPT4o_91,2.6,1,118,13,0.2796610169491525,0.2796610169491525,0.2796610169491525,0.16949152542372886,1.7857142806972788,1.8684210468296398,1.916666660384259,1.465116275049216,0.711864406779661,0.6949152542372882,0.6779661016949152,0.6440677966101694,0.635593220338983,0.635593220338983,0.6016949152542372,0.5847457627118644,0.5338983050847458,-0.2796610169491525,-0.2796610169491525,-0.2796610169491525,-0.16949152542372886,0.288135593220339,0.3050847457627119,0.3220338983050847,0.3559322033898305,0.3644067796610169,0.3644067796610169,0.3983050847457627,0.4152542372881356,0.4661016949152542,0.9999998869263981,0.6302336473882599,0.0,2.2242761760360666e-07,0.019234003907404897,0.9462436695681193,0.9995206946780861,0.9999969814601138,0.43655794205776877,0.38461538461538464,0.23076923076923078,0.15384615384615385,0.0,2.6666666551111113,1.9999999913333333,1.6666666594444446,0.9999999973999999,0.8461538461538461,0.7692307692307693,0.7692307692307693,0.7692307692307693,0.6153846153846154,0.6153846153846154,0.46153846153846156,0.38461538461538464,0.38461538461538464,-0.15384615384615385,-0.23076923076923078,-0.38461538461538464,0.0,0.15384615384615385,0.23076923076923078,0.23076923076923078,0.23076923076923078,0.38461538461538464,0.38461538461538464,0.5384615384615384,0.6153846153846154,0.6153846153846154,0.9999998676981315,0.6085237989296548,2.1586486666319633e-07,0.04214819224534983,0.4461047271991687,0.6435782881131491,0.9325365464664181,0.9916658341781064,0.35052758546150664,0.631578947368421,0.38854410184584465,1.0677029917933763e-06,0.35185185185185186,0.6484426556590975,1.4166087866431961e-09,0.05555555555555555,0.9102097755844256,0.18242551880872493,0.875,0.12499663305470932,0.0,0.0,0.9999998676981315,0.9999998676981315,0.3333333333333333,0.6267475361049698,1.4449802461092448e-07,0.5882352941176471,0.3906294640813178,0.0,0.0,0.9999998676981315,0.9999998676981315,0.631578947368421,0.38854410184584465,1.0677029917933763e-06,0.2597402597402597,0.7324597641844283,1.4166087866431961e-09
ChatDev_ProgramDev2_GPT4o_94_scored.json,ChatDev_ProgramDev2_GPT4o_94,2.6,1,113,14,-0.10619469026548667,-0.10619469026548678,-0.11504424778761069,-0.1415929203539823,0.8064516114334028,0.7999999984933333,0.7833333318580555,0.7460317446936257,0.48672566371681414,0.4690265486725664,0.4690265486725664,0.45132743362831856,0.4424778761061947,0.4424778761061947,0.4247787610619469,0.415929203539823,0.415929203539823,0.11504424778761069,0.10619469026548678,0.10619469026548667,0.1415929203539823,0.5132743362831859,0.5309734513274337,0.5309734513274337,0.5486725663716814,0.5575221238938053,0.5575221238938053,0.5752212389380531,0.584070796460177,0.584070796460177,0.999999908345886,0.4484259759434004,0.0,8.438241020098437e-08,4.78509457496562e-06,0.09534946543419627,0.9996646337408893,0.9999993786551576,0.47611333827475383,0.0714285714285714,0.14285714285714285,0.07142857142857145,-0.21428571428571427,1.19999999664,1.4999999947499998,1.249999995625,0.4999999988333333,0.8571428571428571,0.7142857142857143,0.7142857142857143,0.6428571428571429,0.5714285714285714,0.42857142857142855,0.42857142857142855,0.35714285714285715,0.21428571428571427,-0.07142857142857145,-0.14285714285714285,-0.0714285714285714,0.21428571428571427,0.14285714285714285,0.2857142857142857,0.2857142857142857,0.35714285714285715,0.42857142857142855,0.5714285714285714,0.5714285714285714,0.6428571428571429,0.7857142857142857,0.9999998675297262,0.5496724652127842,0.07929860230380989,0.0986783636269146,0.18038339530558722,0.5500886807084727,0.8333555009469467,0.9996930960698516,0.34187849072634324,0.4375,0.6201056406827661,2.7535687796947383e-05,0.8979591836734694,0.10979971388282288,0.0,0.11764705882352941,0.8439884895238613,0.09534947042092046,0.6,0.3999797775150175,2.061153622438558e-09,0.0,0.9999998675060253,0.9999998674823244,0.2,0.8014565352162031,2.7535687796947383e-05,0.3,0.7010873457909067,2.061153622438558e-09,0.0,0.9999998675060253,0.9999998674823244,0.4375,0.6201056406827661,2.7535687796947383e-05,0.6857142857142857,0.31041007456799297,0.0
ChatDev_ProgramDev2_GPT4o_95_scored.json,ChatDev_ProgramDev2_GPT4o_95,2.6,1,119,14,0.2605042016806723,0.26050420168067223,0.25210084033613445,0.18487394957983194,1.7209302277955651,1.7560975558786434,1.7499999947937497,1.4888888849516049,0.6890756302521008,0.6638655462184874,0.6554621848739496,0.6386554621848739,0.6218487394957983,0.6218487394957983,0.6050420168067226,0.5882352941176471,0.5630252100840336,-0.25210084033613445,-0.26050420168067223,-0.2605042016806723,-0.18487394957983194,0.31092436974789917,0.33613445378151263,0.3445378151260504,0.36134453781512604,0.37815126050420167,0.37815126050420167,0.3949579831932773,0.4117647058823529,0.4369747899159664,0.9999998875823303,0.6280500847863155,0.0,2.1444937927240387e-05,0.026144798279802664,0.977022586170916,0.9999333396145328,0.9999978061225119,0.4506843308301782,0.3571428571428572,0.2857142857142857,0.35714285714285715,0.07142857142857145,2.2499999921250002,1.9999999929999999,3.4999999755,1.249999995625,0.9285714285714286,0.8571428571428571,0.7142857142857143,0.7142857142857143,0.7142857142857143,0.6428571428571429,0.5714285714285714,0.5,0.35714285714285715,-0.35714285714285715,-0.2857142857142857,-0.3571428571428572,-0.07142857142857145,0.07142857142857142,0.14285714285714285,0.2857142857142857,0.2857142857142857,0.2857142857142857,0.35714285714285715,0.42857142857142855,0.5,0.6428571428571429,0.9999998607953747,0.6595799979156545,4.691164021834418e-08,0.17446071165711052,0.33849310948996836,0.8007956097774013,0.9665945858803714,0.9999996996033487,0.34498462828100945,0.1111111111111111,0.8602460289881092,4.691164021834418e-08,0.5925925925925926,0.43293908385703234,1.2501528663867426e-09,0.0,0.9795761504122751,0.7772998684957595,0.5,0.4929236296148444,0.0,0.0,0.9999997483930816,0.9999997483930816,0.2857142857142857,0.7288187740588664,1.1253517471925912e-07,0.36363636363636365,0.6430387215337675,0.0,0.0,0.9999997483930816,0.9999997483930816,0.1111111111111111,0.8602460289881092,4.691164021834418e-08,0.4444444444444444,0.5707329857929743,1.2501528663867426e-09
ChatDev_ProgramDev2_GPT4o_98_scored.json,ChatDev_ProgramDev2_GPT4o_98,2.6,1,105,13,0.35238095238095235,0.37142857142857144,0.38095238095238093,0.3238095238095238,2.1212121144628098,2.29999999195,2.3793103362128414,1.9999999938235293,0.7333333333333333,0.7238095238095238,0.7142857142857143,0.6857142857142857,0.6761904761904762,0.6666666666666666,0.6571428571428571,0.6571428571428571,0.6476190476190476,-0.38095238095238093,-0.37142857142857144,-0.35238095238095235,-0.3238095238095238,0.26666666666666666,0.2761904761904762,0.2857142857142857,0.3142857142857143,0.3238095238095238,0.3333333333333333,0.34285714285714286,0.34285714285714286,0.3523809523809524,0.9999998848348444,0.681029357263863,0.0,4.947096527246981e-07,0.07585818390734378,0.9914225215635821,0.9999251169157239,0.9999957613450291,0.4388624369453256,0.15384615384615385,0.15384615384615385,0.0,-0.30769230769230765,1.4999999951249998,1.6666666594444446,0.9999999956666666,0.42857142777551027,0.7692307692307693,0.7692307692307693,0.7692307692307693,0.6923076923076923,0.46153846153846156,0.46153846153846156,0.38461538461538464,0.23076923076923078,0.23076923076923078,0.0,-0.15384615384615385,-0.15384615384615385,0.30769230769230765,0.23076923076923078,0.23076923076923078,0.23076923076923078,0.3076923076923077,0.5384615384615384,0.5384615384615384,0.6153846153846154,0.7692307692307693,0.7692307692307693,0.9999998540572655,0.5360675694656137,0.01406361981432138,0.03327221190263911,0.3998919999528116,0.4964820922086956,0.7885773850758313,0.9485496709485981,0.334162502910334,0.7142857142857143,0.3532661674348751,8.152020714470167e-09,0.11538461538461539,0.880151091949478,1.7257827987960214e-08,1.0,0.07445169942558466,3.927863545481039e-07,0.5555555555555556,0.4428209298443156,0.0,0.0,0.9999998540572655,0.9999998540572655,0.25,0.722001806978395,1.7257827987960214e-08,0.36,0.6214966912101264,0.0,0.0,0.9999998540572655,0.9999998540572655,0.7142857142857143,0.3532661674348751,8.152020714470167e-09,0.2777777777777778,0.729136141754876,1.7257827987960214e-08
ChatDev_ProgramDev_GPT4o_18_scored.json,ChatDev_ProgramDev_GPT4o_18,2.6,1,184,13,0.2934782608695652,0.2934782608695652,0.2771739130434782,0.17934782608695649,1.899999994173333,1.9642857078316323,1.9444444378189296,1.5238095193590322,0.7336956521739131,0.7065217391304348,0.6956521739130435,0.6739130434782609,0.657608695652174,0.6195652173913043,0.5978260869565217,0.5706521739130435,0.5217391304347826,-0.2771739130434782,-0.2934782608695652,-0.2934782608695652,-0.17934782608695649,0.266304347826087,0.29347826086956524,0.30434782608695654,0.32608695652173914,0.3423913043478261,0.3804347826086957,0.40217391304347827,0.42934782608695654,0.4782608695652174,1.0,0.6346790781022728,0.0,1.260167076992144e-06,0.09047664537398414,0.9046504899018712,0.9996975385597516,0.9999994165243055,0.42537365653299103,0.6153846153846154,0.4615384615384615,0.38461538461538464,0.07692307692307693,4.9999999675,6.9999999090000005,5.999999922000001,1.3333333275555557,1.0,0.9230769230769231,0.9230769230769231,0.8461538461538461,0.7692307692307693,0.7692307692307693,0.5384615384615384,0.46153846153846156,0.3076923076923077,-0.38461538461538464,-0.4615384615384615,-0.6153846153846154,-0.07692307692307693,0.0,0.07692307692307693,0.07692307692307693,0.15384615384615385,0.23076923076923078,0.23076923076923078,0.46153846153846156,0.5384615384615384,0.6923076923076923,1.0,0.7184715681816156,0.16697009339967148,0.4162188298093078,0.6241726813588853,0.7478710328692649,0.963020111036525,0.9950370915667582,0.24638528915930435,0.18181818181818182,0.8256701563261414,1.3007123989067183e-05,0.4766355140186916,0.48828664913042086,0.0,0.0,0.9984622653915752,0.9770225828160359,0.4,0.5977359071069077,5.3157852544244216e-08,0.0,1.0,1.0,0.21428571428571427,0.7478710328692649,0.00020342704214340812,0.2916666666666667,0.6853147304682827,5.3157852544244216e-08,0.0,1.0,1.0,0.18181818181818182,0.8256701563261414,1.3007123989067183e-05,0.3795620437956204,0.5924719226306883,0.0
ChatDev_ProgramDev_GPT4o_27_scored.json,ChatDev_ProgramDev_GPT4o_27,2.6,1,218,13,-0.0688073394495412,-0.059633027522935755,-0.07339449541284404,-0.23853211009174313,0.8648648631663016,0.8659793794970773,0.8222222202306172,0.5517241368941737,0.6559633027522935,0.5871559633027523,0.555045871559633,0.4908256880733945,0.46788990825688076,0.44036697247706424,0.3853211009174312,0.3394495412844037,0.29357798165137616,0.07339449541284404,0.059633027522935755,0.0688073394495412,0.23853211009174313,0.3440366972477064,0.41284403669724773,0.44495412844036697,0.5091743119266054,0.5321100917431193,0.5596330275229358,0.6146788990825688,0.6605504587155964,0.7064220183486238,0.9999998849817412,0.47328850934928374,3.850741922767617e-09,0.0023088563930607478,0.01923400033878119,0.37754070108153537,0.9734351829312436,0.9999956829362965,0.41382958662517083,0.23076923076923073,0.23076923076923078,0.38461538461538464,-0.07692307692307693,1.7499999943124998,1.9999999913333333,5.999999922000001,0.79999999792,0.9230769230769231,0.9230769230769231,0.7692307692307693,0.6923076923076923,0.6153846153846154,0.5384615384615384,0.46153846153846156,0.46153846153846156,0.3076923076923077,-0.38461538461538464,-0.23076923076923078,-0.23076923076923073,0.07692307692307693,0.07692307692307693,0.07692307692307693,0.23076923076923078,0.3076923076923077,0.38461538461538464,0.46153846153846156,0.5384615384615384,0.5384615384615384,0.6923076923076923,0.9999998607953747,0.6302395007871702,0.0015987807894642717,0.24479397753961893,0.33335620734248517,0.6908208479286099,0.9403808026002656,0.9954042740164557,0.33068621083773475,0.45,0.5340715501450748,1.7603429545652396e-06,0.6827586206896552,0.33395077882606605,2.1444937927240387e-05,0.0967741935483871,0.8915708857032675,0.0004305571096741222,0.3333333333333333,0.6666779543453568,1.9555681087850496e-08,0.0,0.9999998607953747,0.9999998607953747,0.2727272727272727,0.6908208479286099,3.850741922767617e-09,0.29411764705882354,0.6822998266639323,3.850741922767617e-09,0.0,0.9999998607953747,0.9999998607953747,0.45,0.5340715501450748,1.7603429545652396e-06,0.5730337078651685,0.4378782134369742,2.1444937927240387e-05
ChatDev_ProgramDev_GPT4o_5_scored.json,ChatDev_ProgramDev_GPT4o_5,2.6,1,89,13,0.0449438202247191,0.07865168539325845,0.0898876404494382,-0.011235955056179747,1.0975609732272456,1.1842105235422438,1.2222222192006171,0.9761904741218821,0.6179775280898876,0.5955056179775281,0.5730337078651685,0.5393258426966292,0.5280898876404494,0.5056179775280899,0.5056179775280899,0.4943820224719101,0.4606741573033708,-0.0898876404494382,-0.07865168539325845,-0.0449438202247191,0.011235955056179747,0.38202247191011235,0.4044943820224719,0.42696629213483145,0.4606741573033708,0.47191011235955055,0.4943820224719101,0.4943820224719101,0.5056179775280899,0.5393258426966292,0.9999998193069712,0.5324089744967057,0.0,3.92894509628944e-06,0.0019267342527389902,0.7772998700389635,0.9990888817809672,0.9999958645731327,0.46409817523277863,-0.07692307692307693,-0.15384615384615385,-0.07692307692307693,-0.3076923076923077,0.7499999975624999,0.3333333318888889,0.49999999675,0.19999999948,0.9230769230769231,0.8461538461538461,0.7692307692307693,0.6923076923076923,0.6153846153846154,0.23076923076923078,0.07692307692307693,0.07692307692307693,0.07692307692307693,0.07692307692307693,0.15384615384615385,0.07692307692307693,0.3076923076923077,0.07692307692307693,0.15384615384615385,0.23076923076923078,0.3076923076923077,0.38461538461538464,0.7692307692307693,0.9230769230769231,0.9230769230769231,0.9230769230769231,0.9999995045115723,0.4701629200518749,2.382369667501818e-07,0.1399020395703462,0.34913761624956663,0.507031076310871,0.5839828375518958,0.6485015443789102,0.2463645852287706,1.0,0.1139675910555491,2.382369667501818e-07,0.4583333333333333,0.5393741545536654,0.0,0.4444444444444444,0.5558894393804922,5.043471815847051e-07,0.5714285714285714,0.4391416850067734,4.058652126475693e-10,0.0,0.9999995045115723,0.9999995045115723,0.4117647058823529,0.5729798286813306,4.5990553786523166e-10,0.4583333333333333,0.5339437034429181,4.058652126475693e-10,0.0,0.9999995045115723,0.9999995045115723,1.0,0.1139675910555491,2.382369667501818e-07,0.45901639344262296,0.5447188126212877,0.0
ChatDev_ProgramDev_GPT4o_8_scored.json,ChatDev_ProgramDev_GPT4o_8,2.6,1,167,13,0.14371257485029942,0.15568862275449097,0.17365269461077842,0.005988023952095856,1.3749999964121093,1.456140346610957,1.568627445843906,1.0142857118659183,0.7365269461077845,0.6946107784431138,0.6586826347305389,0.6167664670658682,0.5808383233532934,0.5269461077844312,0.49700598802395207,0.47904191616766467,0.4251497005988024,-0.17365269461077842,-0.15568862275449097,-0.14371257485029942,-0.005988023952095856,0.2634730538922156,0.30538922155688625,0.3413173652694611,0.38323353293413176,0.41916167664670656,0.47305389221556887,0.5029940119760479,0.5209580838323353,0.5748502994011976,0.9999998776423639,0.5800472567788627,0.0,3.8252986058496735e-05,0.0856038215987695,0.6791787368377596,0.9999595676428206,0.9999969786520404,0.41796947649016714,0.30769230769230765,0.3076923076923077,0.07692307692307693,-0.3076923076923077,2.333333323222222,2.9999999805,1.9999999740000003,0.19999999948,0.9230769230769231,0.9230769230769231,0.8461538461538461,0.7692307692307693,0.6153846153846154,0.5384615384615384,0.46153846153846156,0.15384615384615385,0.07692307692307693,-0.07692307692307693,-0.3076923076923077,-0.30769230769230765,0.3076923076923077,0.07692307692307693,0.07692307692307693,0.15384615384615385,0.23076923076923078,0.38461538461538464,0.46153846153846156,0.5384615384615384,0.8461538461538461,0.9230769230769231,0.9999998492033553,0.5962153427996395,3.5516364869837756e-07,0.30382473622290945,0.4357766777879541,0.6771716884297149,0.7875167040451662,0.8723075210915291,0.2645068937457012,0.24242424242424243,0.7669556519351838,0.0,0.6301369863013698,0.37114242161484834,4.78509457496562e-06,0.2,0.7967798641887488,0.0,0.6,0.3150068947162557,2.510999155743982e-08,0.0,0.9999998492033553,0.9999998492033553,0.23809523809523808,0.7599033912071727,4.363462252943702e-09,0.3076923076923077,0.6743463726512271,4.363462252943702e-09,0.0,0.9999998492033553,0.9999998492033553,0.24242424242424243,0.7669556519351838,0.0,0.5046728971962616,0.49556401710349307,0.0
