score_key,direction,threshold,f1,precision,recall,specificity,accuracy,balanced_accuracy,tp,fp,tn,fn,n
consistency_score_file_mean,low_is_c4,0.6779770331598836,0.7216494845360825,0.5833333333333334,0.9459459459459459,0.32432432432432434,0.6351351351351351,0.6351351351351351,35,25,12,2,74
consistency_score_file_mean,low_is_c4,0.6794720561178906,0.7142857142857142,0.5737704918032787,0.9459459459459459,0.2972972972972973,0.6216216216216216,0.6216216216216216,35,26,11,2,74
consistency_score_file_mean,low_is_c4,0.7244615928460381,0.7115384615384616,0.5522388059701493,1.0,0.1891891891891892,0.5945945945945946,0.5945945945945946,37,30,7,0,74
consistency_score_file_mean,low_is_c4,0.6765208546824335,0.7083333333333333,0.576271186440678,0.918918918918919,0.32432432432432434,0.6216216216216216,0.6216216216216217,34,25,12,3,74
consistency_score_file_mean,low_is_c4,0.6843879546797138,0.7070707070707071,0.5645161290322581,0.9459459459459459,0.2702702702702703,0.6081081081081081,0.6081081081081081,35,27,10,2,74
consistency_score_file_mean,low_is_c4,0.713536056601448,0.7058823529411765,0.5538461538461539,0.972972972972973,0.21621621621621623,0.5945945945945946,0.5945945945945946,36,29,8,1,74
consistency_score_file_mean,low_is_c4,0.7313912000973761,0.7047619047619048,0.5441176470588235,1.0,0.16216216216216217,0.581081081081081,0.5810810810810811,37,31,6,0,74
consistency_score_file_mean,low_is_c4,0.6599129931805985,0.7032967032967032,0.5925925925925926,0.8648648648648649,0.40540540540540543,0.6351351351351351,0.6351351351351352,32,22,15,5,74
consistency_score_file_mean,low_is_c4,0.6929216106592622,0.7000000000000001,0.5555555555555556,0.9459459459459459,0.24324324324324326,0.5945945945945946,0.5945945945945946,35,28,9,2,74
consistency_score_file_mean,low_is_c4,0.7166265589310054,0.6990291262135921,0.5454545454545454,0.972972972972973,0.1891891891891892,0.581081081081081,0.5810810810810811,36,30,7,1,74
consistency_score_file_mean,low_is_c4,0.7333173392692823,0.6981132075471698,0.5362318840579711,1.0,0.13513513513513514,0.5675675675675675,0.5675675675675675,37,32,5,0,74
consistency_score_file_mean,low_is_c4,0.6608223357261573,0.6956521739130435,0.5818181818181818,0.8648648648648649,0.3783783783783784,0.6216216216216216,0.6216216216216217,32,23,14,5,74
consistency_score_file_mean,low_is_c4,0.6760717766403207,0.6947368421052632,0.5689655172413793,0.8918918918918919,0.32432432432432434,0.6081081081081081,0.6081081081081081,33,25,12,4,74
consistency_score_file_mean,low_is_c4,0.7046357429269561,0.6930693069306929,0.546875,0.9459459459459459,0.21621621621621623,0.581081081081081,0.5810810810810811,35,29,8,2,74
consistency_score_file_mean,low_is_c4,0.7346138063224235,0.691588785046729,0.5285714285714286,1.0,0.10810810810810811,0.5540540540540541,0.5540540540540541,37,33,4,0,74
consistency_score_file_mean,low_is_c4,0.649558298376706,0.6896551724137931,0.6,0.8108108108108109,0.4594594594594595,0.6351351351351351,0.6351351351351352,30,20,17,7,74
consistency_score_file_mean,low_is_c4,0.6595058043844362,0.6888888888888889,0.5849056603773585,0.8378378378378378,0.40540540540540543,0.6216216216216216,0.6216216216216216,31,22,15,6,74
consistency_score_file_mean,low_is_c4,0.6626816684889295,0.6881720430107527,0.5714285714285714,0.8648648648648649,0.35135135135135137,0.6081081081081081,0.6081081081081081,32,24,13,5,74
consistency_score_file_mean,low_is_c4,0.7413017357574744,0.6851851851851851,0.5211267605633803,1.0,0.08108108108108109,0.5405405405405406,0.5405405405405406,37,34,3,0,74
consistency_score_file_mean,low_is_c4,0.6481051061078292,0.6823529411764706,0.6041666666666666,0.7837837837837838,0.4864864864864865,0.6351351351351351,0.6351351351351351,29,19,18,8,74
consistency_score_file_mean,low_is_c4,0.6499844290437933,0.6818181818181819,0.5882352941176471,0.8108108108108109,0.43243243243243246,0.6216216216216216,0.6216216216216217,30,21,16,7,74
consistency_score_file_mean,low_is_c4,0.6699950311715805,0.6808510638297872,0.5614035087719298,0.8648648648648649,0.32432432432432434,0.5945945945945946,0.5945945945945946,32,25,12,5,74
consistency_score_file_mean,low_is_c4,0.7550732188129234,0.6788990825688073,0.5138888888888888,1.0,0.05405405405405406,0.527027027027027,0.527027027027027,37,35,2,0,74
consistency_score_file_mean,low_is_c4,0.6490156551900852,0.6744186046511628,0.5918367346938775,0.7837837837837838,0.4594594594594595,0.6216216216216216,0.6216216216216216,29,20,17,8,74
consistency_score_file_mean,low_is_c4,0.6548961438612168,0.6741573033707865,0.5769230769230769,0.8108108108108109,0.40540540540540543,0.6081081081081081,0.6081081081081081,30,22,15,7,74
consistency_score_file_mean,high_is_c4,0.5295785035597546,0.673076923076923,0.5223880597014925,0.9459459459459459,0.13513513513513514,0.5405405405405406,0.5405405405405406,35,32,5,2,74
consistency_score_file_mean,low_is_c4,0.7766699271212398,0.6727272727272727,0.5068493150684932,1.0,0.02702702702702703,0.5135135135135135,0.5135135135135135,37,36,1,0,74
consistency_score_file_mean,low_is_c4,0.6463214352707453,0.6666666666666666,0.5957446808510638,0.7567567567567568,0.4864864864864865,0.6216216216216216,0.6216216216216217,28,19,18,9,74
consistency_score_file_mean,high_is_c4,0.4555030065074908,0.6666666666666666,0.5,1.0,0.0,0.5,0.5,37,37,0,0,74
consistency_score_file_mean,low_is_c4,0.7908731713410074,0.6666666666666666,0.5,1.0,0.0,0.5,0.5,37,37,0,0,74
consistency_score_file_mean,high_is_c4,0.526987249169593,0.6666666666666665,0.5147058823529411,0.9459459459459459,0.10810810810810811,0.527027027027027,0.527027027027027,35,33,4,2,74
consistency_score_file_mean,high_is_c4,0.5221119852703365,0.660377358490566,0.5072463768115942,0.9459459459459459,0.08108108108108109,0.5135135135135135,0.5135135135135135,35,34,3,2,74
consistency_score_file_mean,high_is_c4,0.533337936496235,0.6601941747572816,0.5151515151515151,0.918918918918919,0.13513513513513514,0.527027027027027,0.5270270270270271,34,32,5,3,74
consistency_score_file_mean,low_is_c4,0.6408579208900257,0.6585365853658536,0.6,0.7297297297297297,0.5135135135135135,0.6216216216216216,0.6216216216216216,27,18,19,10,74
consistency_score_file_mean,low_is_c4,0.6356319170370626,0.6582278481012659,0.6190476190476191,0.7027027027027027,0.5675675675675675,0.6351351351351351,0.6351351351351351,26,16,21,11,74
consistency_score_file_mean,high_is_c4,0.4628329632796828,0.6545454545454545,0.4931506849315068,0.972972972972973,0.0,0.4864864864864865,0.4864864864864865,36,37,0,1,74
consistency_score_file_mean,high_is_c4,0.5175903413642187,0.6542056074766355,0.5,0.9459459459459459,0.05405405405405406,0.5,0.5,35,35,2,2,74
consistency_score_file_mean,low_is_c4,0.6433766711140269,0.6506024096385542,0.5869565217391305,0.7297297297297297,0.4864864864864865,0.6081081081081081,0.6081081081081081,27,19,18,10,74
consistency_score_file_mean,low_is_c4,0.637847608884305,0.6499999999999999,0.6046511627906976,0.7027027027027027,0.5405405405405406,0.6216216216216216,0.6216216216216217,26,17,20,11,74
consistency_score_file_mean,high_is_c4,0.5091679918232301,0.6481481481481483,0.49295774647887325,0.9459459459459459,0.02702702702702703,0.4864864864864865,0.4864864864864865,35,36,1,2,74
consistency_score_file_mean,high_is_c4,0.5381555987979656,0.6470588235294117,0.5076923076923077,0.8918918918918919,0.13513513513513514,0.5135135135135135,0.5135135135135135,33,32,5,4,74
consistency_score_file_mean,high_is_c4,0.48605819838201897,0.6422018348623854,0.4861111111111111,0.9459459459459459,0.0,0.47297297297297297,0.47297297297297297,35,37,0,2,74
consistency_score_file_mean,low_is_c4,0.6398106633298153,0.6419753086419754,0.5909090909090909,0.7027027027027027,0.5135135135135135,0.6081081081081081,0.6081081081081081,26,18,19,11,74
consistency_score_file_mean,low_is_c4,0.6346309781566519,0.6410256410256411,0.6097560975609756,0.6756756756756757,0.5675675675675675,0.6216216216216216,0.6216216216216216,25,16,21,12,74
consistency_score_file_mean,high_is_c4,0.5402711761682295,0.6336633663366337,0.5,0.8648648648648649,0.13513513513513514,0.5,0.5,32,32,5,5,74
consistency_score_file_mean,low_is_c4,0.632174425577863,0.6233766233766234,0.6,0.6486486486486487,0.5675675675675675,0.6081081081081081,0.6081081081081081,24,16,21,13,74
consistency_score_file_mean,high_is_c4,0.5438907599612128,0.62,0.49206349206349204,0.8378378378378378,0.13513513513513514,0.4864864864864865,0.4864864864864865,31,32,5,6,74
consistency_score_file_mean,high_is_c4,0.548577630464534,0.606060606060606,0.4838709677419355,0.8108108108108109,0.13513513513513514,0.47297297297297297,0.472972972972973,30,32,5,7,74
consistency_score_file_mean,low_is_c4,0.6302991429358896,0.6052631578947368,0.5897435897435898,0.6216216216216216,0.5675675675675675,0.5945945945945946,0.5945945945945945,23,16,21,14,74
consistency_score_file_mean,high_is_c4,0.5716777970673322,0.5957446808510638,0.49122807017543857,0.7567567567567568,0.21621621621621623,0.4864864864864865,0.4864864864864865,28,29,8,9,74
consistency_score_file_mean,high_is_c4,0.5523810374661329,0.5918367346938777,0.47540983606557374,0.7837837837837838,0.13513513513513514,0.4594594594594595,0.45945945945945943,29,32,5,8,74
consistency_score_file_mean,low_is_c4,0.6141420093338257,0.5915492957746479,0.6176470588235294,0.5675675675675675,0.6486486486486487,0.6081081081081081,0.6081081081081081,21,13,24,16,74
consistency_score_file_mean,high_is_c4,0.567671716305463,0.5894736842105263,0.4827586206896552,0.7567567567567568,0.1891891891891892,0.47297297297297297,0.472972972972973,28,30,7,9,74
consistency_score_file_mean,low_is_c4,0.6297894662504162,0.5866666666666667,0.5789473684210527,0.5945945945945946,0.5675675675675675,0.581081081081081,0.5810810810810811,22,16,21,15,74
consistency_score_file_mean,high_is_c4,0.5617291140495719,0.5833333333333334,0.4745762711864407,0.7567567567567568,0.16216216216216217,0.4594594594594595,0.4594594594594595,28,31,6,9,74
consistency_score_file_mean,low_is_c4,0.6189715071714406,0.5833333333333333,0.6,0.5675675675675675,0.6216216216216216,0.5945945945945946,0.5945945945945945,21,14,23,16,74
consistency_score_file_mean,high_is_c4,0.5737565411021084,0.5806451612903226,0.48214285714285715,0.7297297297297297,0.21621621621621623,0.47297297297297297,0.47297297297297297,27,29,8,10,74
consistency_score_file_mean,low_is_c4,0.6093013461627522,0.5797101449275363,0.625,0.5405405405405406,0.6756756756756757,0.6081081081081081,0.6081081081081081,20,12,25,17,74
consistency_score_file_mean,high_is_c4,0.5572146888215832,0.577319587628866,0.4666666666666667,0.7567567567567568,0.13513513513513514,0.44594594594594594,0.44594594594594594,28,32,5,9,74
consistency_score_file_mean,low_is_c4,0.625108416767415,0.5753424657534246,0.5833333333333334,0.5675675675675675,0.5945945945945946,0.581081081081081,0.5810810810810811,21,15,22,16,74
consistency_score_file_mean,low_is_c4,0.6116234448630564,0.5714285714285714,0.6060606060606061,0.5405405405405406,0.6486486486486487,0.5945945945945946,0.5945945945945946,20,13,24,17,74
consistency_score_file_mean,low_is_c4,0.6281071783046024,0.5675675675675675,0.5675675675675675,0.5675675675675675,0.5675675675675675,0.5675675675675675,0.5675675675675675,21,16,21,16,74
consistency_score_file_mean,high_is_c4,0.5763907178419904,0.5652173913043479,0.4727272727272727,0.7027027027027027,0.21621621621621623,0.4594594594594595,0.4594594594594595,26,29,8,11,74
consistency_score_file_mean,low_is_c4,0.608781257246552,0.5588235294117647,0.6129032258064516,0.5135135135135135,0.6756756756756757,0.5945945945945946,0.5945945945945945,19,12,25,18,74
consistency_score_file_mean,high_is_c4,0.5784535226038362,0.5555555555555556,0.4716981132075472,0.6756756756756757,0.24324324324324326,0.4594594594594595,0.45945945945945943,25,28,9,12,74
consistency_score_file_mean,high_is_c4,0.5776261231940876,0.5494505494505494,0.46296296296296297,0.6756756756756757,0.21621621621621623,0.44594594594594594,0.44594594594594594,25,29,8,12,74
consistency_score_file_mean,high_is_c4,0.5811012794592169,0.5454545454545454,0.47058823529411764,0.6486486486486487,0.2702702702702703,0.4594594594594595,0.4594594594594595,24,27,10,13,74
consistency_score_file_mean,high_is_c4,0.5795909464025888,0.5393258426966292,0.46153846153846156,0.6486486486486487,0.24324324324324326,0.44594594594594594,0.44594594594594594,24,28,9,13,74
consistency_score_file_mean,low_is_c4,0.6078547283195324,0.5373134328358209,0.6,0.4864864864864865,0.6756756756756757,0.581081081081081,0.5810810810810811,18,12,25,19,74
consistency_score_file_mean,high_is_c4,0.5899869050695199,0.5348837209302325,0.46938775510204084,0.6216216216216216,0.2972972972972973,0.4594594594594595,0.45945945945945943,23,26,11,14,74
consistency_score_file_mean,high_is_c4,0.5829871234179502,0.5287356321839081,0.46,0.6216216216216216,0.2702702702702703,0.44594594594594594,0.44594594594594594,23,27,10,14,74
consistency_score_file_mean,low_is_c4,0.6032480205847475,0.5230769230769231,0.6071428571428571,0.4594594594594595,0.7027027027027027,0.581081081081081,0.5810810810810811,17,11,26,20,74
consistency_score_file_mean,high_is_c4,0.5961446731072467,0.5176470588235293,0.4583333333333333,0.5945945945945946,0.2972972972972973,0.44594594594594594,0.44594594594594594,22,26,11,15,74
consistency_score_file_mean,low_is_c4,0.6066076039625323,0.5151515151515151,0.5862068965517241,0.4594594594594595,0.6756756756756757,0.5675675675675675,0.5675675675675675,17,12,25,20,74
consistency_score_file_mean,low_is_c4,0.5983409168767397,0.5,0.5925925925925926,0.43243243243243246,0.7027027027027027,0.5675675675675675,0.5675675675675675,16,11,26,21,74
consistency_score_file_mean,high_is_c4,0.5983409168767397,0.5,0.44680851063829785,0.5675675675675675,0.2972972972972973,0.43243243243243246,0.43243243243243246,21,26,11,16,74
consistency_score_file_mean,high_is_c4,0.6066076039625323,0.4878048780487805,0.4444444444444444,0.5405405405405406,0.32432432432432434,0.43243243243243246,0.43243243243243246,20,25,12,17,74
consistency_score_file_mean,high_is_c4,0.6032480205847475,0.4819277108433735,0.43478260869565216,0.5405405405405406,0.2972972972972973,0.4189189189189189,0.41891891891891897,20,26,11,17,74
consistency_score_file_mean,low_is_c4,0.5961446731072467,0.47619047619047616,0.5769230769230769,0.40540540540540543,0.7027027027027027,0.5540540540540541,0.5540540540540541,15,11,26,22,74
consistency_score_file_mean,high_is_c4,0.6078547283195324,0.46913580246913583,0.4318181818181818,0.5135135135135135,0.32432432432432434,0.4189189189189189,0.4189189189189189,19,25,12,18,74
consistency_score_file_mean,low_is_c4,0.5829871234179502,0.45901639344262296,0.5833333333333334,0.3783783783783784,0.7297297297297297,0.5540540540540541,0.5540540540540541,14,10,27,23,74
consistency_score_file_mean,low_is_c4,0.5899869050695199,0.4516129032258065,0.56,0.3783783783783784,0.7027027027027027,0.5405405405405406,0.5405405405405406,14,11,26,23,74
consistency_score_file_mean,high_is_c4,0.608781257246552,0.45,0.4186046511627907,0.4864864864864865,0.32432432432432434,0.40540540540540543,0.40540540540540543,18,25,12,19,74
consistency_score_file_mean,low_is_c4,0.5795909464025888,0.4406779661016949,0.5909090909090909,0.35135135135135137,0.7567567567567568,0.5540540540540541,0.5540540540540541,13,9,28,24,74
consistency_score_file_mean,high_is_c4,0.6116234448630564,0.4358974358974359,0.4146341463414634,0.4594594594594595,0.35135135135135137,0.40540540540540543,0.40540540540540543,17,24,13,20,74
consistency_score_file_mean,low_is_c4,0.5811012794592169,0.43333333333333335,0.5652173913043478,0.35135135135135137,0.7297297297297297,0.5405405405405406,0.5405405405405406,13,10,27,24,74
consistency_score_file_mean,high_is_c4,0.6281071783046024,0.43243243243243246,0.43243243243243246,0.43243243243243246,0.43243243243243246,0.43243243243243246,0.43243243243243246,16,21,16,21,74
consistency_score_file_mean,high_is_c4,0.6093013461627522,0.430379746835443,0.40476190476190477,0.4594594594594595,0.32432432432432434,0.3918918918918919,0.3918918918918919,17,25,12,20,74
consistency_score_file_mean,high_is_c4,0.625108416767415,0.4266666666666667,0.42105263157894735,0.43243243243243246,0.40540540540540543,0.4189189189189189,0.41891891891891897,16,22,15,21,74
consistency_score_file_mean,low_is_c4,0.5776261231940876,0.4210526315789474,0.6,0.32432432432432434,0.7837837837837838,0.5540540540540541,0.5540540540540541,12,8,29,25,74
consistency_score_file_mean,high_is_c4,0.6189715071714406,0.42105263157894735,0.41025641025641024,0.43243243243243246,0.3783783783783784,0.40540540540540543,0.40540540540540543,16,23,14,21,74
consistency_score_file_mean,high_is_c4,0.6141420093338257,0.4155844155844156,0.4,0.43243243243243246,0.35135135135135137,0.3918918918918919,0.3918918918918919,16,24,13,21,74
consistency_score_file_mean,low_is_c4,0.5784535226038362,0.41379310344827586,0.5714285714285714,0.32432432432432434,0.7567567567567568,0.5405405405405406,0.5405405405405406,12,9,28,25,74
consistency_score_file_mean,high_is_c4,0.6297894662504162,0.4109589041095891,0.4166666666666667,0.40540540540540543,0.43243243243243246,0.4189189189189189,0.41891891891891897,15,21,16,22,74
consistency_score_file_mean,low_is_c4,0.5763907178419904,0.39285714285714285,0.5789473684210527,0.2972972972972973,0.7837837837837838,0.5405405405405406,0.5405405405405406,11,8,29,26,74
consistency_score_file_mean,high_is_c4,0.6302991429358896,0.3888888888888889,0.4,0.3783783783783784,0.43243243243243246,0.40540540540540543,0.40540540540540543,14,21,16,23,74
consistency_score_file_mean,high_is_c4,0.632174425577863,0.3661971830985916,0.38235294117647056,0.35135135135135137,0.43243243243243246,0.3918918918918919,0.3918918918918919,13,21,16,24,74
consistency_score_file_mean,low_is_c4,0.5737565411021084,0.36363636363636365,0.5555555555555556,0.2702702702702703,0.7837837837837838,0.527027027027027,0.527027027027027,10,8,29,27,74
consistency_score_file_mean,low_is_c4,0.5572146888215832,0.35294117647058826,0.6428571428571429,0.24324324324324326,0.8648648648648649,0.5540540540540541,0.5540540540540541,9,5,32,28,74
consistency_score_file_mean,low_is_c4,0.5617291140495719,0.34615384615384615,0.6,0.24324324324324326,0.8378378378378378,0.5405405405405406,0.5405405405405406,9,6,31,28,74
consistency_score_file_mean,high_is_c4,0.6346309781566519,0.34285714285714286,0.36363636363636365,0.32432432432432434,0.43243243243243246,0.3783783783783784,0.3783783783783784,12,21,16,25,74
consistency_score_file_mean,low_is_c4,0.567671716305463,0.339622641509434,0.5625,0.24324324324324326,0.8108108108108109,0.527027027027027,0.5270270270270271,9,7,30,28,74
consistency_score_file_mean,low_is_c4,0.5716777970673322,0.33333333333333337,0.5294117647058824,0.24324324324324326,0.7837837837837838,0.5135135135135135,0.5135135135135135,9,8,29,28,74
consistency_score_file_mean,high_is_c4,0.6398106633298153,0.3283582089552239,0.36666666666666664,0.2972972972972973,0.4864864864864865,0.3918918918918919,0.3918918918918919,11,19,18,26,74
consistency_score_file_mean,high_is_c4,0.637847608884305,0.3235294117647059,0.3548387096774194,0.2972972972972973,0.4594594594594595,0.3783783783783784,0.3783783783783784,11,20,17,26,74
consistency_score_file_mean,low_is_c4,0.5523810374661329,0.32,0.6153846153846154,0.21621621621621623,0.8648648648648649,0.5405405405405406,0.5405405405405406,8,5,32,29,74
consistency_score_file_mean,high_is_c4,0.6356319170370626,0.3188405797101449,0.34375,0.2972972972972973,0.43243243243243246,0.36486486486486486,0.3648648648648649,11,21,16,26,74
consistency_score_file_mean,high_is_c4,0.6433766711140269,0.3076923076923077,0.35714285714285715,0.2702702702702703,0.5135135135135135,0.3918918918918919,0.3918918918918919,10,18,19,27,74
consistency_score_file_mean,high_is_c4,0.6408579208900257,0.30303030303030304,0.3448275862068966,0.2702702702702703,0.4864864864864865,0.3783783783783784,0.3783783783783784,10,19,18,27,74
consistency_score_file_mean,low_is_c4,0.548577630464534,0.28571428571428575,0.5833333333333334,0.1891891891891892,0.8648648648648649,0.527027027027027,0.5270270270270271,7,5,32,30,74
consistency_score_file_mean,high_is_c4,0.6463214352707453,0.28125,0.3333333333333333,0.24324324324324326,0.5135135135135135,0.3783783783783784,0.3783783783783784,9,18,19,28,74
consistency_score_file_mean,high_is_c4,0.6490156551900852,0.25806451612903225,0.32,0.21621621621621623,0.5405405405405406,0.3783783783783784,0.3783783783783784,8,17,20,29,74
consistency_score_file_mean,high_is_c4,0.6481051061078292,0.25396825396825395,0.3076923076923077,0.21621621621621623,0.5135135135135135,0.36486486486486486,0.36486486486486486,8,18,19,29,74
consistency_score_file_mean,low_is_c4,0.5438907599612128,0.25,0.5454545454545454,0.16216216216216217,0.8648648648648649,0.5135135135135135,0.5135135135135136,6,5,32,31,74
consistency_score_file_mean,high_is_c4,0.6548961438612168,0.23728813559322035,0.3181818181818182,0.1891891891891892,0.5945945945945946,0.3918918918918919,0.3918918918918919,7,15,22,30,74
consistency_score_file_mean,high_is_c4,0.6499844290437933,0.23333333333333334,0.30434782608695654,0.1891891891891892,0.5675675675675675,0.3783783783783784,0.3783783783783784,7,16,21,30,74
consistency_score_file_mean,high_is_c4,0.649558298376706,0.22950819672131148,0.2916666666666667,0.1891891891891892,0.5405405405405406,0.36486486486486486,0.3648648648648649,7,17,20,30,74
consistency_score_file_mean,low_is_c4,0.5402711761682295,0.21276595744680854,0.5,0.13513513513513514,0.8648648648648649,0.5,0.5,5,5,32,32,74
consistency_score_file_mean,high_is_c4,0.6595058043844362,0.20689655172413793,0.2857142857142857,0.16216216216216217,0.5945945945945946,0.3783783783783784,0.3783783783783784,6,15,22,31,74
consistency_score_file_mean,high_is_c4,0.6699950311715805,0.18518518518518517,0.29411764705882354,0.13513513513513514,0.6756756756756757,0.40540540540540543,0.4054054054054054,5,12,25,32,74
consistency_score_file_mean,high_is_c4,0.6626816684889295,0.18181818181818182,0.2777777777777778,0.13513513513513514,0.6486486486486487,0.3918918918918919,0.3918918918918919,5,13,24,32,74
consistency_score_file_mean,high_is_c4,0.6608223357261573,0.17857142857142858,0.2631578947368421,0.13513513513513514,0.6216216216216216,0.3783783783783784,0.3783783783783784,5,14,23,32,74
consistency_score_file_mean,high_is_c4,0.6599129931805985,0.1754385964912281,0.25,0.13513513513513514,0.5945945945945946,0.36486486486486486,0.3648648648648649,5,15,22,32,74
consistency_score_file_mean,low_is_c4,0.5381555987979656,0.17391304347826086,0.4444444444444444,0.10810810810810811,0.8648648648648649,0.4864864864864865,0.4864864864864865,4,5,32,33,74
consistency_score_file_mean,high_is_c4,0.6760717766403207,0.1509433962264151,0.25,0.10810810810810811,0.6756756756756757,0.3918918918918919,0.3918918918918919,4,12,25,33,74
consistency_score_file_mean,low_is_c4,0.533337936496235,0.13333333333333333,0.375,0.08108108108108109,0.8648648648648649,0.47297297297297297,0.472972972972973,3,5,32,34,74
consistency_score_file_mean,high_is_c4,0.6765208546824335,0.11538461538461539,0.2,0.08108108108108109,0.6756756756756757,0.3783783783783784,0.3783783783783784,3,12,25,34,74
consistency_score_file_mean,low_is_c4,0.48605819838201897,0.10256410256410257,1.0,0.05405405405405406,1.0,0.527027027027027,0.527027027027027,2,0,37,35,74
consistency_score_file_mean,low_is_c4,0.5091679918232301,0.1,0.6666666666666666,0.05405405405405406,0.972972972972973,0.5135135135135135,0.5135135135135136,2,1,36,35,74
consistency_score_file_mean,low_is_c4,0.5175903413642187,0.0975609756097561,0.5,0.05405405405405406,0.9459459459459459,0.5,0.5,2,2,35,35,74
consistency_score_file_mean,low_is_c4,0.5221119852703365,0.09523809523809523,0.4,0.05405405405405406,0.918918918918919,0.4864864864864865,0.4864864864864865,2,3,34,35,74
consistency_score_file_mean,low_is_c4,0.526987249169593,0.09302325581395349,0.3333333333333333,0.05405405405405406,0.8918918918918919,0.47297297297297297,0.47297297297297297,2,4,33,35,74
consistency_score_file_mean,low_is_c4,0.5295785035597546,0.09090909090909091,0.2857142857142857,0.05405405405405406,0.8648648648648649,0.4594594594594595,0.4594594594594595,2,5,32,35,74
consistency_score_file_mean,high_is_c4,0.7046357429269561,0.0851063829787234,0.2,0.05405405405405406,0.7837837837837838,0.4189189189189189,0.4189189189189189,2,8,29,35,74
consistency_score_file_mean,high_is_c4,0.6929216106592622,0.08333333333333334,0.18181818181818182,0.05405405405405406,0.7567567567567568,0.40540540540540543,0.40540540540540543,2,9,28,35,74
consistency_score_file_mean,high_is_c4,0.6843879546797138,0.0816326530612245,0.16666666666666666,0.05405405405405406,0.7297297297297297,0.3918918918918919,0.3918918918918919,2,10,27,35,74
consistency_score_file_mean,high_is_c4,0.6794720561178906,0.08,0.15384615384615385,0.05405405405405406,0.7027027027027027,0.3783783783783784,0.3783783783783784,2,11,26,35,74
consistency_score_file_mean,high_is_c4,0.6779770331598836,0.0784313725490196,0.14285714285714285,0.05405405405405406,0.6756756756756757,0.36486486486486486,0.36486486486486486,2,12,25,35,74
consistency_score_file_mean,low_is_c4,0.4555030065074908,0.052631578947368425,1.0,0.02702702702702703,1.0,0.5135135135135135,0.5135135135135135,1,0,37,36,74
consistency_score_file_mean,low_is_c4,0.4628329632796828,0.052631578947368425,1.0,0.02702702702702703,1.0,0.5135135135135135,0.5135135135135135,1,0,37,36,74
consistency_score_file_mean,high_is_c4,0.7166265589310054,0.044444444444444446,0.125,0.02702702702702703,0.8108108108108109,0.4189189189189189,0.41891891891891897,1,7,30,36,74
consistency_score_file_mean,high_is_c4,0.713536056601448,0.043478260869565216,0.1111111111111111,0.02702702702702703,0.7837837837837838,0.40540540540540543,0.4054054054054054,1,8,29,36,74
consistency_score_file_mean,high_is_c4,0.7766699271212398,0.0,0.0,0.0,0.972972972972973,0.4864864864864865,0.4864864864864865,0,1,36,37,74
consistency_score_file_mean,high_is_c4,0.7908731713410074,0.0,0.0,0.0,0.972972972972973,0.4864864864864865,0.4864864864864865,0,1,36,37,74
consistency_score_file_mean,high_is_c4,0.7550732188129234,0.0,0.0,0.0,0.9459459459459459,0.47297297297297297,0.47297297297297297,0,2,35,37,74
consistency_score_file_mean,high_is_c4,0.7413017357574744,0.0,0.0,0.0,0.918918918918919,0.4594594594594595,0.4594594594594595,0,3,34,37,74
consistency_score_file_mean,high_is_c4,0.7346138063224235,0.0,0.0,0.0,0.8918918918918919,0.44594594594594594,0.44594594594594594,0,4,33,37,74
consistency_score_file_mean,high_is_c4,0.7333173392692823,0.0,0.0,0.0,0.8648648648648649,0.43243243243243246,0.43243243243243246,0,5,32,37,74
consistency_score_file_mean,high_is_c4,0.7313912000973761,0.0,0.0,0.0,0.8378378378378378,0.4189189189189189,0.4189189189189189,0,6,31,37,74
consistency_score_file_mean,high_is_c4,0.7244615928460381,0.0,0.0,0.0,0.8108108108108109,0.40540540540540543,0.40540540540540543,0,7,30,37,74
consistency_score_file_median,high_is_c4,0.48376757493809425,0.6792452830188679,0.5217391304347826,0.972972972972973,0.10810810810810811,0.5405405405405406,0.5405405405405406,36,33,4,1,74
consistency_score_file_median,high_is_c4,0.46702073416418877,0.6728971962616821,0.5142857142857142,0.972972972972973,0.08108108108108109,0.527027027027027,0.5270270270270271,36,34,3,1,74
consistency_score_file_median,high_is_c4,0.415191263815922,0.6727272727272727,0.5068493150684932,1.0,0.02702702702702703,0.5135135135135135,0.5135135135135135,37,36,1,0,74
consistency_score_file_median,high_is_c4,0.4466002296591586,0.6666666666666666,0.5070422535211268,0.972972972972973,0.05405405405405406,0.5135135135135135,0.5135135135135136,36,35,2,1,74
consistency_score_file_median,high_is_c4,0.4065107439723607,0.6666666666666666,0.5,1.0,0.0,0.5,0.5,37,37,0,0,74
consistency_score_file_median,low_is_c4,0.887467996464137,0.6666666666666666,0.5,1.0,0.0,0.5,0.5,37,37,0,0,74
consistency_score_file_median,high_is_c4,0.488943813825348,0.6666666666666665,0.5147058823529411,0.9459459459459459,0.10810810810810811,0.527027027027027,0.527027027027027,35,33,4,2,74
consistency_score_file_median,high_is_c4,0.4308453010611776,0.6605504587155964,0.5,0.972972972972973,0.02702702702702703,0.5,0.5,36,36,1,1,74
consistency_score_file_median,low_is_c4,0.8330716409300405,0.660377358490566,0.5072463768115942,0.9459459459459459,0.08108108108108109,0.5135135135135135,0.5135135135135135,35,34,3,2,74
consistency_score_file_median,low_is_c4,0.8041263233993381,0.6601941747572816,0.5151515151515151,0.918918918918919,0.13513513513513514,0.527027027027027,0.5270270270270271,34,32,5,3,74
consistency_score_file_median,low_is_c4,0.871859579364244,0.6545454545454545,0.4931506849315068,0.972972972972973,0.0,0.4864864864864865,0.4864864864864865,36,37,0,1,74
consistency_score_file_median,low_is_c4,0.8368561134007062,0.6542056074766355,0.5,0.9459459459459459,0.05405405405405406,0.5,0.5,35,35,2,2,74
consistency_score_file_median,high_is_c4,0.4927471987280677,0.6538461538461539,0.5074626865671642,0.918918918918919,0.10810810810810811,0.5135135135135135,0.5135135135135136,34,33,4,3,74
consistency_score_file_median,low_is_c4,0.8158842366673633,0.6538461538461539,0.5074626865671642,0.918918918918919,0.10810810810810811,0.5135135135135135,0.5135135135135136,34,33,4,3,74
consistency_score_file_median,low_is_c4,0.7951534534632184,0.6530612244897959,0.5245901639344263,0.8648648648648649,0.21621621621621623,0.5405405405405406,0.5405405405405406,32,29,8,5,74
consistency_score_file_median,low_is_c4,0.7489540069921454,0.6521739130434782,0.5454545454545454,0.8108108108108109,0.32432432432432434,0.5675675675675675,0.5675675675675675,30,25,12,7,74
consistency_score_file_median,low_is_c4,0.6930055279743775,0.6493506493506493,0.625,0.6756756756756757,0.5945945945945946,0.6351351351351351,0.6351351351351351,25,15,22,12,74
consistency_score_file_median,low_is_c4,0.8440299218464681,0.6481481481481483,0.49295774647887325,0.9459459459459459,0.02702702702702703,0.4864864864864865,0.4864864864864865,35,36,1,2,74
consistency_score_file_median,low_is_c4,0.8275879466652284,0.6476190476190476,0.5,0.918918918918919,0.08108108108108109,0.5,0.5,34,34,3,3,74
consistency_score_file_median,high_is_c4,0.4999996677064712,0.6470588235294117,0.5076923076923077,0.8918918918918919,0.13513513513513514,0.5135135135135135,0.5135135135135135,33,32,5,4,74
consistency_score_file_median,low_is_c4,0.8014390337007948,0.6470588235294117,0.5076923076923077,0.8918918918918919,0.13513513513513514,0.5135135135135135,0.5135135135135135,33,32,5,4,74
consistency_score_file_median,low_is_c4,0.7984510013037831,0.6464646464646465,0.5161290322580645,0.8648648648648649,0.1891891891891892,0.527027027027027,0.5270270270270271,32,30,7,5,74
consistency_score_file_median,low_is_c4,0.7501566349205879,0.6451612903225806,0.5357142857142857,0.8108108108108109,0.2972972972972973,0.5540540540540541,0.5540540540540541,30,26,11,7,74
consistency_score_file_median,low_is_c4,0.8535822259228689,0.6422018348623854,0.4861111111111111,0.9459459459459459,0.0,0.47297297297297297,0.47297297297297297,35,37,0,2,74
consistency_score_file_median,low_is_c4,0.6960358077468178,0.6410256410256411,0.6097560975609756,0.6756756756756757,0.5675675675675675,0.6216216216216216,0.6216216216216216,25,16,21,12,74
consistency_score_file_median,high_is_c4,0.49824068525181014,0.6407766990291263,0.5,0.8918918918918919,0.10810810810810811,0.5,0.5,33,33,4,4,74
consistency_score_file_median,low_is_c4,0.6822754963629702,0.64,0.631578947368421,0.6486486486486487,0.6216216216216216,0.6351351351351351,0.6351351351351351,24,14,23,13,74
consistency_score_file_median,high_is_c4,0.5035195851126029,0.64,0.5079365079365079,0.8648648648648649,0.16216216216216217,0.5135135135135135,0.5135135135135136,32,31,6,5,74
consistency_score_file_median,low_is_c4,0.7992758582861483,0.64,0.5079365079365079,0.8648648648648649,0.16216216216216217,0.5135135135135135,0.5135135135135136,32,31,6,5,74
consistency_score_file_median,low_is_c4,0.7782817706429657,0.6391752577319588,0.5166666666666667,0.8378378378378378,0.21621621621621623,0.527027027027027,0.527027027027027,31,29,8,6,74
consistency_score_file_median,low_is_c4,0.7514938026120737,0.6382978723404256,0.5263157894736842,0.8108108108108109,0.2702702702702703,0.5405405405405406,0.5405405405405406,30,27,10,7,74
consistency_score_file_median,low_is_c4,0.7416766651876021,0.6373626373626374,0.5370370370370371,0.7837837837837838,0.32432432432432434,0.5540540540540541,0.5540540540540541,29,25,12,8,74
consistency_score_file_median,high_is_c4,0.5000040755161761,0.6336633663366337,0.5,0.8648648648648649,0.13513513513513514,0.5,0.5,32,32,5,5,74
consistency_score_file_median,low_is_c4,0.8002029226133094,0.6336633663366337,0.5,0.8648648648648649,0.13513513513513514,0.5,0.5,32,32,5,5,74
consistency_score_file_median,low_is_c4,0.6971577830430153,0.6329113924050633,0.5952380952380952,0.6756756756756757,0.5405405405405406,0.6081081081081081,0.6081081081081081,25,17,20,12,74
consistency_score_file_median,low_is_c4,0.6891000761124177,0.631578947368421,0.6153846153846154,0.6486486486486487,0.5945945945945946,0.6216216216216216,0.6216216216216217,24,15,22,13,74
consistency_score_file_median,low_is_c4,0.7531077882128373,0.631578947368421,0.5172413793103449,0.8108108108108109,0.24324324324324326,0.527027027027027,0.5270270270270271,30,28,9,7,74
consistency_score_file_median,low_is_c4,0.7188313251554073,0.6292134831460674,0.5384615384615384,0.7567567567567568,0.35135135135135137,0.5540540540540541,0.5540540540540541,28,24,13,9,74
consistency_score_file_median,high_is_c4,0.5224042647170677,0.6262626262626263,0.5,0.8378378378378378,0.16216216216216217,0.5,0.5,31,31,6,6,74
consistency_score_file_median,low_is_c4,0.6994558554098326,0.6250000000000001,0.5813953488372093,0.6756756756756757,0.5135135135135135,0.5945945945945946,0.5945945945945945,25,18,19,12,74
consistency_score_file_median,low_is_c4,0.7588607078858294,0.6249999999999999,0.5084745762711864,0.8108108108108109,0.21621621621621623,0.5135135135135135,0.5135135135135136,30,29,8,7,74
consistency_score_file_median,low_is_c4,0.7274122022622658,0.6222222222222221,0.5283018867924528,0.7567567567567568,0.32432432432432434,0.5405405405405406,0.5405405405405406,28,25,12,9,74
consistency_score_file_median,low_is_c4,0.6718807109504275,0.6216216216216216,0.6216216216216216,0.6216216216216216,0.6216216216216216,0.6216216216216216,0.6216216216216216,23,14,23,14,74
consistency_score_file_median,low_is_c4,0.7164031639694289,0.6206896551724138,0.54,0.7297297297297297,0.3783783783783784,0.5540540540540541,0.5540540540540541,27,23,14,10,74
consistency_score_file_median,low_is_c4,0.7016275075858743,0.617283950617284,0.5681818181818182,0.6756756756756757,0.4864864864864865,0.581081081081081,0.5810810810810811,25,19,18,12,74
consistency_score_file_median,low_is_c4,0.7176805733267375,0.6136363636363636,0.5294117647058824,0.7297297297297297,0.35135135135135137,0.5405405405405406,0.5405405405405406,27,24,13,10,74
consistency_score_file_median,high_is_c4,0.5381186591163907,0.6122448979591837,0.4918032786885246,0.8108108108108109,0.16216216216216217,0.4864864864864865,0.4864864864864865,30,31,6,7,74
consistency_score_file_median,low_is_c4,0.664118914466446,0.611111111111111,0.6285714285714286,0.5945945945945946,0.6486486486486487,0.6216216216216216,0.6216216216216217,22,13,24,15,74
consistency_score_file_median,low_is_c4,0.7031018112910319,0.6097560975609757,0.5555555555555556,0.6756756756756757,0.4594594594594595,0.5675675675675675,0.5675675675675675,25,20,17,12,74
consistency_score_file_median,low_is_c4,0.7136136879318695,0.6046511627906977,0.5306122448979592,0.7027027027027027,0.3783783783783784,0.5405405405405406,0.5405405405405406,26,23,14,11,74
consistency_score_file_median,high_is_c4,0.5467042903670554,0.6041666666666666,0.4915254237288136,0.7837837837837838,0.1891891891891892,0.4864864864864865,0.4864864864864865,29,30,7,8,74
consistency_score_file_median,low_is_c4,0.6656201303485886,0.6027397260273972,0.6111111111111112,0.5945945945945946,0.6216216216216216,0.6081081081081081,0.6081081081081081,22,14,23,15,74
consistency_score_file_median,low_is_c4,0.7047703103814951,0.6024096385542168,0.5434782608695652,0.6756756756756757,0.43243243243243246,0.5540540540540541,0.5540540540540541,25,21,16,12,74
consistency_score_file_median,high_is_c4,0.5408898825675774,0.5979381443298969,0.48333333333333334,0.7837837837837838,0.16216216216216217,0.47297297297297297,0.47297297297297297,29,31,6,8,74
consistency_score_file_median,low_is_c4,0.7066561042386227,0.5952380952380952,0.5319148936170213,0.6756756756756757,0.40540540540540543,0.5405405405405406,0.5405405405405406,25,22,15,12,74
consistency_score_file_median,low_is_c4,0.6627819930117392,0.5915492957746479,0.6176470588235294,0.5675675675675675,0.6486486486486487,0.6081081081081081,0.6081081081081081,21,13,24,16,74
consistency_score_file_median,high_is_c4,0.5517293733446501,0.5894736842105263,0.4827586206896552,0.7567567567567568,0.1891891891891892,0.47297297297297297,0.472972972972973,28,30,7,9,74
consistency_score_file_median,low_is_c4,0.7098296993089146,0.5882352941176472,0.5208333333333334,0.6756756756756757,0.3783783783783784,0.527027027027027,0.527027027027027,25,23,14,12,74
consistency_score_file_median,high_is_c4,0.5856854725913776,0.5806451612903226,0.48214285714285715,0.7297297297297297,0.21621621621621623,0.47297297297297297,0.47297297297297297,27,29,8,10,74
consistency_score_file_median,low_is_c4,0.6582247438704678,0.5797101449275363,0.625,0.5405405405405406,0.6756756756756757,0.6081081081081081,0.6081081081081081,20,12,25,17,74
consistency_score_file_median,high_is_c4,0.5981475206256835,0.5777777777777777,0.49056603773584906,0.7027027027027027,0.2702702702702703,0.4864864864864865,0.4864864864864865,26,27,10,11,74
consistency_score_file_median,high_is_c4,0.5666489429718555,0.5744680851063829,0.47368421052631576,0.7297297297297297,0.1891891891891892,0.4594594594594595,0.45945945945945943,27,30,7,10,74
consistency_score_file_median,low_is_c4,0.661106543561738,0.5714285714285714,0.6060606060606061,0.5405405405405406,0.6486486486486487,0.5945945945945946,0.5945945945945946,20,13,24,17,74
consistency_score_file_median,high_is_c4,0.5947902110409808,0.5714285714285714,0.48148148148148145,0.7027027027027027,0.24324324324324326,0.47297297297297297,0.472972972972973,26,28,9,11,74
consistency_score_file_median,high_is_c4,0.5924193191984758,0.5652173913043479,0.4727272727272727,0.7027027027027027,0.21621621621621623,0.4594594594594595,0.4594594594594595,26,29,8,11,74
consistency_score_file_median,high_is_c4,0.6002049332095163,0.5617977528089887,0.4807692307692308,0.6756756756756757,0.2702702702702703,0.47297297297297297,0.47297297297297297,25,27,10,12,74
consistency_score_file_median,low_is_c4,0.65601776228698,0.5588235294117647,0.6129032258064516,0.5135135135135135,0.6756756756756757,0.5945945945945946,0.5945945945945945,19,12,25,18,74
consistency_score_file_median,high_is_c4,0.6012809794778606,0.5454545454545454,0.47058823529411764,0.6486486486486487,0.2702702702702703,0.4594594594594595,0.4594594594594595,24,27,10,13,74
consistency_score_file_median,low_is_c4,0.651128552055871,0.5373134328358209,0.6,0.4864864864864865,0.6756756756756757,0.581081081081081,0.5810810810810811,18,12,25,19,74
consistency_score_file_median,high_is_c4,0.610804258331552,0.5287356321839081,0.46,0.6216216216216216,0.2702702702702703,0.44594594594594594,0.44594594594594594,23,27,10,14,74
consistency_score_file_median,low_is_c4,0.6446254046213524,0.5230769230769231,0.6071428571428571,0.4594594594594595,0.7027027027027027,0.581081081081081,0.5810810810810811,17,11,26,20,74
consistency_score_file_median,low_is_c4,0.6460535928007104,0.5151515151515151,0.5862068965517241,0.4594594594594595,0.6756756756756757,0.5675675675675675,0.5675675675675675,17,12,25,20,74
consistency_score_file_median,high_is_c4,0.6229379209262733,0.5116279069767442,0.4489795918367347,0.5945945945945946,0.2702702702702703,0.43243243243243246,0.43243243243243246,22,27,10,15,74
consistency_score_file_median,low_is_c4,0.6296974402263218,0.5079365079365079,0.6153846153846154,0.43243243243243246,0.7297297297297297,0.581081081081081,0.5810810810810811,16,10,27,21,74
consistency_score_file_median,low_is_c4,0.6382218092465879,0.5,0.5925925925925926,0.43243243243243246,0.7027027027027027,0.5675675675675675,0.5675675675675675,16,11,26,21,74
consistency_score_file_median,high_is_c4,0.6382218092465879,0.5,0.44680851063829785,0.5675675675675675,0.2972972972972973,0.43243243243243246,0.43243243243243246,21,26,11,16,74
consistency_score_file_median,high_is_c4,0.6296974402263218,0.4941176470588235,0.4375,0.5675675675675675,0.2702702702702703,0.4189189189189189,0.4189189189189189,21,27,10,16,74
consistency_score_file_median,high_is_c4,0.6460535928007104,0.4878048780487805,0.4444444444444444,0.5405405405405406,0.32432432432432434,0.43243243243243246,0.43243243243243246,20,25,12,17,74
consistency_score_file_median,low_is_c4,0.6229379209262733,0.48387096774193555,0.6,0.40540540540540543,0.7297297297297297,0.5675675675675675,0.5675675675675675,15,10,27,22,74
consistency_score_file_median,high_is_c4,0.6446254046213524,0.4819277108433735,0.43478260869565216,0.5405405405405406,0.2972972972972973,0.4189189189189189,0.41891891891891897,20,26,11,17,74
consistency_score_file_median,high_is_c4,0.651128552055871,0.46913580246913583,0.4318181818181818,0.5135135135135135,0.32432432432432434,0.4189189189189189,0.4189189189189189,19,25,12,18,74
consistency_score_file_median,low_is_c4,0.610804258331552,0.45901639344262296,0.5833333333333334,0.3783783783783784,0.7297297297297297,0.5540540540540541,0.5540540540540541,14,10,27,23,74
consistency_score_file_median,high_is_c4,0.65601776228698,0.45,0.4186046511627907,0.4864864864864865,0.32432432432432434,0.40540540540540543,0.40540540540540543,18,25,12,19,74
consistency_score_file_median,high_is_c4,0.661106543561738,0.4358974358974359,0.4146341463414634,0.4594594594594595,0.35135135135135137,0.40540540540540543,0.40540540540540543,17,24,13,20,74
consistency_score_file_median,low_is_c4,0.6012809794778606,0.43333333333333335,0.5652173913043478,0.35135135135135137,0.7297297297297297,0.5405405405405406,0.5405405405405406,13,10,27,24,74
consistency_score_file_median,high_is_c4,0.6582247438704678,0.430379746835443,0.40476190476190477,0.4594594594594595,0.32432432432432434,0.3918918918918919,0.3918918918918919,17,25,12,20,74
consistency_score_file_median,high_is_c4,0.6627819930117392,0.4155844155844156,0.4,0.43243243243243246,0.35135135135135137,0.3918918918918919,0.3918918918918919,16,24,13,21,74
consistency_score_file_median,low_is_c4,0.6002049332095163,0.4067796610169491,0.5454545454545454,0.32432432432432434,0.7297297297297297,0.527027027027027,0.527027027027027,12,10,27,25,74
consistency_score_file_median,high_is_c4,0.6656201303485886,0.4,0.39473684210526316,0.40540540540540543,0.3783783783783784,0.3918918918918919,0.3918918918918919,15,23,14,22,74
consistency_score_file_median,high_is_c4,0.664118914466446,0.39473684210526316,0.38461538461538464,0.40540540540540543,0.35135135135135137,0.3783783783783784,0.3783783783783784,15,24,13,22,74
consistency_score_file_median,low_is_c4,0.5924193191984758,0.39285714285714285,0.5789473684210527,0.2972972972972973,0.7837837837837838,0.5405405405405406,0.5405405405405406,11,8,29,26,74
consistency_score_file_median,low_is_c4,0.5947902110409808,0.38596491228070173,0.55,0.2972972972972973,0.7567567567567568,0.527027027027027,0.5270270270270271,11,9,28,26,74
consistency_score_file_median,high_is_c4,0.7098296993089146,0.38095238095238093,0.46153846153846156,0.32432432432432434,0.6216216216216216,0.47297297297297297,0.47297297297297297,12,14,23,25,74
consistency_score_file_median,low_is_c4,0.5981475206256835,0.37931034482758624,0.5238095238095238,0.2972972972972973,0.7297297297297297,0.5135135135135135,0.5135135135135135,11,10,27,26,74
consistency_score_file_median,high_is_c4,0.6718807109504275,0.37837837837837834,0.3783783783783784,0.3783783783783784,0.3783783783783784,0.3783783783783784,0.3783783783783784,14,23,14,23,74
consistency_score_file_median,high_is_c4,0.7066561042386227,0.375,0.4444444444444444,0.32432432432432434,0.5945945945945946,0.4594594594594595,0.4594594594594595,12,15,22,25,74
consistency_score_file_median,low_is_c4,0.5666489429718555,0.37037037037037035,0.5882352941176471,0.2702702702702703,0.8108108108108109,0.5405405405405406,0.5405405405405406,10,7,30,27,74
consistency_score_file_median,high_is_c4,0.7047703103814951,0.3692307692307692,0.42857142857142855,0.32432432432432434,0.5675675675675675,0.44594594594594594,0.44594594594594594,12,16,21,25,74
consistency_score_file_median,low_is_c4,0.5856854725913776,0.36363636363636365,0.5555555555555556,0.2702702702702703,0.7837837837837838,0.527027027027027,0.527027027027027,10,8,29,27,74
consistency_score_file_median,high_is_c4,0.7031018112910319,0.36363636363636365,0.41379310344827586,0.32432432432432434,0.5405405405405406,0.43243243243243246,0.43243243243243246,12,17,20,25,74
consistency_score_file_median,high_is_c4,0.6891000761124177,0.36111111111111116,0.37142857142857144,0.35135135135135137,0.40540540540540543,0.3783783783783784,0.3783783783783784,13,22,15,24,74
consistency_score_file_median,high_is_c4,0.7016275075858743,0.3582089552238806,0.4,0.32432432432432434,0.5135135135135135,0.4189189189189189,0.4189189189189189,12,18,19,25,74
consistency_score_file_median,high_is_c4,0.6822754963629702,0.3561643835616438,0.3611111111111111,0.35135135135135137,0.3783783783783784,0.36486486486486486,0.3648648648648649,13,23,14,24,74
consistency_score_file_median,high_is_c4,0.7136136879318695,0.3548387096774193,0.44,0.2972972972972973,0.6216216216216216,0.4594594594594595,0.45945945945945943,11,14,23,26,74
consistency_score_file_median,high_is_c4,0.6994558554098326,0.3529411764705882,0.3870967741935484,0.32432432432432434,0.4864864864864865,0.40540540540540543,0.40540540540540543,12,19,18,25,74
consistency_score_file_median,high_is_c4,0.6971577830430153,0.34782608695652173,0.375,0.32432432432432434,0.4594594594594595,0.3918918918918919,0.3918918918918919,12,20,17,25,74
consistency_score_file_median,high_is_c4,0.6960358077468178,0.34285714285714286,0.36363636363636365,0.32432432432432434,0.43243243243243246,0.3783783783783784,0.3783783783783784,12,21,16,25,74
consistency_score_file_median,low_is_c4,0.5517293733446501,0.339622641509434,0.5625,0.24324324324324326,0.8108108108108109,0.527027027027027,0.5270270270270271,9,7,30,28,74
consistency_score_file_median,high_is_c4,0.6930055279743775,0.3380281690140845,0.35294117647058826,0.32432432432432434,0.40540540540540543,0.36486486486486486,0.3648648648648649,12,22,15,25,74
consistency_score_file_median,high_is_c4,0.7176805733267375,0.3333333333333333,0.43478260869565216,0.2702702702702703,0.6486486486486487,0.4594594594594595,0.4594594594594595,10,13,24,27,74
consistency_score_file_median,high_is_c4,0.7164031639694289,0.3278688524590164,0.4166666666666667,0.2702702702702703,0.6216216216216216,0.44594594594594594,0.44594594594594594,10,14,23,27,74
consistency_score_file_median,low_is_c4,0.5408898825675774,0.3137254901960784,0.5714285714285714,0.21621621621621623,0.8378378378378378,0.527027027027027,0.527027027027027,8,6,31,29,74
consistency_score_file_median,high_is_c4,0.7274122022622658,0.3103448275862069,0.42857142857142855,0.24324324324324326,0.6756756756756757,0.4594594594594595,0.45945945945945943,9,12,25,28,74
consistency_score_file_median,low_is_c4,0.5467042903670554,0.3076923076923077,0.5333333333333333,0.21621621621621623,0.8108108108108109,0.5135135135135135,0.5135135135135136,8,7,30,29,74
consistency_score_file_median,high_is_c4,0.7188313251554073,0.3050847457627119,0.4090909090909091,0.24324324324324326,0.6486486486486487,0.44594594594594594,0.44594594594594594,9,13,24,28,74
consistency_score_file_median,high_is_c4,0.7416766651876021,0.2807017543859649,0.4,0.21621621621621623,0.6756756756756757,0.44594594594594594,0.44594594594594594,8,12,25,29,74
consistency_score_file_median,low_is_c4,0.5381186591163907,0.28,0.5384615384615384,0.1891891891891892,0.8378378378378378,0.5135135135135135,0.5135135135135135,7,6,31,30,74
consistency_score_file_median,high_is_c4,0.7588607078858294,0.2692307692307693,0.4666666666666667,0.1891891891891892,0.7837837837837838,0.4864864864864865,0.4864864864864865,7,8,29,30,74
consistency_score_file_median,high_is_c4,0.7531077882128373,0.2641509433962264,0.4375,0.1891891891891892,0.7567567567567568,0.47297297297297297,0.472972972972973,7,9,28,30,74
consistency_score_file_median,high_is_c4,0.7514938026120737,0.2592592592592593,0.4117647058823529,0.1891891891891892,0.7297297297297297,0.4594594594594595,0.45945945945945943,7,10,27,30,74
consistency_score_file_median,high_is_c4,0.7501566349205879,0.2545454545454546,0.3888888888888889,0.1891891891891892,0.7027027027027027,0.44594594594594594,0.44594594594594594,7,11,26,30,74
consistency_score_file_median,high_is_c4,0.7489540069921454,0.25,0.3684210526315789,0.1891891891891892,0.6756756756756757,0.43243243243243246,0.43243243243243246,7,12,25,30,74
consistency_score_file_median,low_is_c4,0.5224042647170677,0.2448979591836735,0.5,0.16216216216216217,0.8378378378378378,0.5,0.5,6,6,31,31,74
consistency_score_file_median,high_is_c4,0.7782817706429657,0.23529411764705885,0.42857142857142855,0.16216216216216217,0.7837837837837838,0.47297297297297297,0.47297297297297297,6,8,29,31,74
consistency_score_file_median,high_is_c4,0.8002029226133094,0.21276595744680854,0.5,0.13513513513513514,0.8648648648648649,0.5,0.5,5,5,32,32,74
consistency_score_file_median,low_is_c4,0.5000040755161761,0.21276595744680854,0.5,0.13513513513513514,0.8648648648648649,0.5,0.5,5,5,32,32,74
consistency_score_file_median,high_is_c4,0.7992758582861483,0.20833333333333334,0.45454545454545453,0.13513513513513514,0.8378378378378378,0.4864864864864865,0.4864864864864865,5,6,31,32,74
consistency_score_file_median,low_is_c4,0.5035195851126029,0.20833333333333334,0.45454545454545453,0.13513513513513514,0.8378378378378378,0.4864864864864865,0.4864864864864865,5,6,31,32,74
consistency_score_file_median,high_is_c4,0.7984510013037831,0.20408163265306126,0.4166666666666667,0.13513513513513514,0.8108108108108109,0.47297297297297297,0.472972972972973,5,7,30,32,74
consistency_score_file_median,high_is_c4,0.7951534534632184,0.2,0.38461538461538464,0.13513513513513514,0.7837837837837838,0.4594594594594595,0.45945945945945943,5,8,29,32,74
consistency_score_file_median,low_is_c4,0.49824068525181014,0.17777777777777778,0.5,0.10810810810810811,0.8918918918918919,0.5,0.5,4,4,33,33,74
consistency_score_file_median,high_is_c4,0.8014390337007948,0.17391304347826086,0.4444444444444444,0.10810810810810811,0.8648648648648649,0.4864864864864865,0.4864864864864865,4,5,32,33,74
consistency_score_file_median,low_is_c4,0.4999996677064712,0.17391304347826086,0.4444444444444444,0.10810810810810811,0.8648648648648649,0.4864864864864865,0.4864864864864865,4,5,32,33,74
consistency_score_file_median,high_is_c4,0.8275879466652284,0.13953488372093023,0.5,0.08108108108108109,0.918918918918919,0.5,0.5,3,3,34,34,74
consistency_score_file_median,high_is_c4,0.8158842366673633,0.13636363636363638,0.42857142857142855,0.08108108108108109,0.8918918918918919,0.4864864864864865,0.4864864864864865,3,4,33,34,74
consistency_score_file_median,low_is_c4,0.4927471987280677,0.13636363636363638,0.42857142857142855,0.08108108108108109,0.8918918918918919,0.4864864864864865,0.4864864864864865,3,4,33,34,74
consistency_score_file_median,high_is_c4,0.8041263233993381,0.13333333333333333,0.375,0.08108108108108109,0.8648648648648649,0.47297297297297297,0.472972972972973,3,5,32,34,74
consistency_score_file_median,high_is_c4,0.8535822259228689,0.10256410256410257,1.0,0.05405405405405406,1.0,0.527027027027027,0.527027027027027,2,0,37,35,74
consistency_score_file_median,high_is_c4,0.8440299218464681,0.1,0.6666666666666666,0.05405405405405406,0.972972972972973,0.5135135135135135,0.5135135135135136,2,1,36,35,74
consistency_score_file_median,high_is_c4,0.8368561134007062,0.0975609756097561,0.5,0.05405405405405406,0.9459459459459459,0.5,0.5,2,2,35,35,74
consistency_score_file_median,high_is_c4,0.8330716409300405,0.09523809523809523,0.4,0.05405405405405406,0.918918918918919,0.4864864864864865,0.4864864864864865,2,3,34,35,74
consistency_score_file_median,low_is_c4,0.488943813825348,0.09302325581395349,0.3333333333333333,0.05405405405405406,0.8918918918918919,0.47297297297297297,0.47297297297297297,2,4,33,35,74
consistency_score_file_median,high_is_c4,0.871859579364244,0.052631578947368425,1.0,0.02702702702702703,1.0,0.5135135135135135,0.5135135135135135,1,0,37,36,74
consistency_score_file_median,high_is_c4,0.887467996464137,0.052631578947368425,1.0,0.02702702702702703,1.0,0.5135135135135135,0.5135135135135135,1,0,37,36,74
consistency_score_file_median,low_is_c4,0.4308453010611776,0.05128205128205129,0.5,0.02702702702702703,0.972972972972973,0.5,0.5,1,1,36,36,74
consistency_score_file_median,low_is_c4,0.4466002296591586,0.05,0.3333333333333333,0.02702702702702703,0.9459459459459459,0.4864864864864865,0.4864864864864865,1,2,35,36,74
consistency_score_file_median,low_is_c4,0.46702073416418877,0.04878048780487805,0.25,0.02702702702702703,0.918918918918919,0.47297297297297297,0.472972972972973,1,3,34,36,74
consistency_score_file_median,low_is_c4,0.48376757493809425,0.047619047619047616,0.2,0.02702702702702703,0.8918918918918919,0.4594594594594595,0.45945945945945943,1,4,33,36,74
consistency_score_file_median,low_is_c4,0.4065107439723607,0.0,0.0,0.0,0.972972972972973,0.4864864864864865,0.4864864864864865,0,1,36,37,74
consistency_score_file_median,low_is_c4,0.415191263815922,0.0,0.0,0.0,0.972972972972973,0.4864864864864865,0.4864864864864865,0,1,36,37,74
consistency_score_file_min,low_is_c4,0.1671193242602586,0.7157894736842105,0.5862068965517241,0.918918918918919,0.35135135135135137,0.6351351351351351,0.6351351351351352,34,24,13,3,74
consistency_score_file_min,low_is_c4,0.13767042517371642,0.7111111111111112,0.6037735849056604,0.8648648648648649,0.43243243243243246,0.6486486486486487,0.6486486486486487,32,21,16,5,74
consistency_score_file_min,low_is_c4,0.15355690725439655,0.7096774193548389,0.5892857142857143,0.8918918918918919,0.3783783783783784,0.6351351351351351,0.6351351351351351,33,23,14,4,74
consistency_score_file_min,low_is_c4,0.17368458059843406,0.7083333333333333,0.576271186440678,0.918918918918919,0.32432432432432434,0.6216216216216216,0.6216216216216217,34,25,12,3,74
consistency_score_file_min,low_is_c4,0.14377008637208571,0.7032967032967032,0.5925925925925926,0.8648648648648649,0.40540540540540543,0.6351351351351351,0.6351351351351352,32,22,15,5,74
consistency_score_file_min,low_is_c4,0.16173348050344305,0.7021276595744681,0.5789473684210527,0.8918918918918919,0.35135135135135137,0.6216216216216216,0.6216216216216216,33,24,13,4,74
consistency_score_file_min,low_is_c4,0.1899950240654799,0.7010309278350515,0.5666666666666667,0.918918918918919,0.2972972972972973,0.6081081081081081,0.6081081081081081,34,26,11,3,74
consistency_score_file_min,low_is_c4,0.23375056359679033,0.7000000000000001,0.5555555555555556,0.9459459459459459,0.24324324324324326,0.5945945945945946,0.5945945945945946,35,28,9,2,74
consistency_score_file_min,low_is_c4,0.13357703586888953,0.6966292134831461,0.5961538461538461,0.8378378378378378,0.43243243243243246,0.6351351351351351,0.6351351351351351,31,21,16,6,74
consistency_score_file_min,low_is_c4,0.1493315905224541,0.6956521739130435,0.5818181818181818,0.8648648648648649,0.3783783783783784,0.6216216216216216,0.6216216216216217,32,23,14,5,74
consistency_score_file_min,low_is_c4,0.20028707487447545,0.6938775510204082,0.5573770491803278,0.918918918918919,0.2702702702702703,0.5945945945945946,0.5945945945945946,34,27,10,3,74
consistency_score_file_min,low_is_c4,0.2414178588435545,0.6930693069306929,0.546875,0.9459459459459459,0.21621621621621623,0.581081081081081,0.5810810810810811,35,29,8,2,74
consistency_score_file_min,low_is_c4,0.21529462472618474,0.6868686868686869,0.5483870967741935,0.918918918918919,0.24324324324324326,0.581081081081081,0.5810810810810811,34,28,9,3,74
consistency_score_file_min,low_is_c4,0.24755052403803912,0.6862745098039216,0.5384615384615384,0.9459459459459459,0.1891891891891892,0.5675675675675675,0.5675675675675675,35,30,7,2,74
consistency_score_file_min,low_is_c4,0.1262060167542695,0.6818181818181819,0.5882352941176471,0.8108108108108109,0.43243243243243246,0.6216216216216216,0.6216216216216217,30,21,16,7,74
consistency_score_file_min,high_is_c4,9.309711254607413e-09,0.6796116504854369,0.5303030303030303,0.9459459459459459,0.16216216216216217,0.5540540540540541,0.5540540540540541,35,31,6,2,74
consistency_score_file_min,low_is_c4,0.24993066973563802,0.6796116504854369,0.5303030303030303,0.9459459459459459,0.16216216216216217,0.5540540540540541,0.5540540540540541,35,31,6,2,74
consistency_score_file_min,high_is_c4,7.673076872397775e-09,0.673076923076923,0.5223880597014925,0.9459459459459459,0.13513513513513514,0.5405405405405406,0.5405405405405406,35,32,5,2,74
consistency_score_file_min,low_is_c4,0.25212833283497327,0.673076923076923,0.5223880597014925,0.9459459459459459,0.13513513513513514,0.5405405405405406,0.5405405405405406,35,32,5,2,74
consistency_score_file_min,high_is_c4,5.975798276790474e-09,0.6728971962616821,0.5142857142857142,0.972972972972973,0.08108108108108109,0.527027027027027,0.5270270270270271,36,34,3,1,74
consistency_score_file_min,low_is_c4,0.28591543420342885,0.6728971962616821,0.5142857142857142,0.972972972972973,0.08108108108108109,0.527027027027027,0.5270270270270271,36,34,3,1,74
consistency_score_file_min,low_is_c4,0.12015389702337337,0.6666666666666666,0.58,0.7837837837837838,0.43243243243243246,0.6081081081081081,0.6081081081081081,29,21,16,8,74
consistency_score_file_min,high_is_c4,1.1953905872939839e-08,0.6666666666666666,0.5230769230769231,0.918918918918919,0.16216216216216217,0.5405405405405406,0.5405405405405406,34,31,6,3,74
consistency_score_file_min,high_is_c4,3.2561386406568956e-09,0.6666666666666666,0.5070422535211268,0.972972972972973,0.05405405405405406,0.5135135135135135,0.5135135135135136,36,35,2,1,74
consistency_score_file_min,low_is_c4,0.3081443021139087,0.6666666666666666,0.5070422535211268,0.972972972972973,0.05405405405405406,0.5135135135135135,0.5135135135135136,36,35,2,1,74
consistency_score_file_min,high_is_c4,0.0,0.6666666666666666,0.5,1.0,0.0,0.5,0.5,37,37,0,0,74
consistency_score_file_min,low_is_c4,0.4985531944937216,0.6666666666666666,0.5,1.0,0.0,0.5,0.5,37,37,0,0,74
consistency_score_file_min,low_is_c4,0.26159915204561734,0.6666666666666665,0.5147058823529411,0.9459459459459459,0.10810810810810811,0.527027027027027,0.527027027027027,35,33,4,2,74
consistency_score_file_min,high_is_c4,8.843487528469669e-10,0.6605504587155964,0.5,0.972972972972973,0.02702702702702703,0.5,0.5,36,36,1,1,74
consistency_score_file_min,low_is_c4,0.3737831026268331,0.6605504587155964,0.5,0.972972972972973,0.02702702702702703,0.5,0.5,36,36,1,1,74
consistency_score_file_min,high_is_c4,6.7714665731845314e-09,0.660377358490566,0.5072463768115942,0.9459459459459459,0.08108108108108109,0.5135135135135135,0.5135135135135135,35,34,3,2,74
consistency_score_file_min,low_is_c4,0.2773270939078233,0.660377358490566,0.5072463768115942,0.9459459459459459,0.08108108108108109,0.5135135135135135,0.5135135135135135,35,34,3,2,74
consistency_score_file_min,low_is_c4,0.11075663215245932,0.6588235294117648,0.5833333333333334,0.7567567567567568,0.4594594594594595,0.6081081081081081,0.6081081081081081,28,20,17,9,74
consistency_score_file_min,low_is_c4,0.09356324703982358,0.6585365853658536,0.6,0.7297297297297297,0.5135135135135135,0.6216216216216216,0.6216216216216216,27,18,19,10,74
consistency_score_file_min,high_is_c4,4.2960833095870547e-10,0.6545454545454545,0.4931506849315068,0.972972972972973,0.0,0.4864864864864865,0.4864864864864865,36,37,0,1,74
consistency_score_file_min,low_is_c4,0.4579742690895758,0.6545454545454545,0.4931506849315068,0.972972972972973,0.0,0.4864864864864865,0.4864864864864865,36,37,0,1,74
consistency_score_file_min,high_is_c4,1.4335194847923825e-08,0.6534653465346535,0.515625,0.8918918918918919,0.16216216216216217,0.527027027027027,0.527027027027027,33,31,6,4,74
consistency_score_file_min,low_is_c4,0.11806141870837122,0.6511627906976745,0.5714285714285714,0.7567567567567568,0.43243243243243246,0.5945945945945946,0.5945945945945946,28,21,16,9,74
consistency_score_file_min,low_is_c4,0.09791702315510761,0.6506024096385542,0.5869565217391305,0.7297297297297297,0.4864864864864865,0.6081081081081081,0.6081081081081081,27,19,18,10,74
consistency_score_file_min,low_is_c4,0.10253896165343336,0.6428571428571429,0.574468085106383,0.7297297297297297,0.4594594594594595,0.5945945945945946,0.5945945945945946,27,20,17,10,74
consistency_score_file_min,low_is_c4,0.08857097619375393,0.6419753086419754,0.5909090909090909,0.7027027027027027,0.5135135135135135,0.6081081081081081,0.6081081081081081,26,18,19,11,74
consistency_score_file_min,low_is_c4,0.04836905744679697,0.64,0.631578947368421,0.6486486486486487,0.6216216216216216,0.6351351351351351,0.6351351351351351,24,14,23,13,74
consistency_score_file_min,high_is_c4,1.624390386633642e-08,0.64,0.5079365079365079,0.8648648648648649,0.16216216216216217,0.5135135135135135,0.5135135135135136,32,31,6,5,74
consistency_score_file_min,low_is_c4,0.08132633308890735,0.6329113924050633,0.5952380952380952,0.6756756756756757,0.5405405405405406,0.6081081081081081,0.6081081081081081,25,17,20,12,74
consistency_score_file_min,low_is_c4,0.04923638932933125,0.631578947368421,0.6153846153846154,0.6486486486486487,0.5945945945945946,0.6216216216216216,0.6216216216216217,24,15,22,13,74
consistency_score_file_min,high_is_c4,3.2084734103152195e-08,0.6262626262626263,0.5,0.8378378378378378,0.16216216216216217,0.5,0.5,31,31,6,6,74
consistency_score_file_min,low_is_c4,0.08435949630139297,0.6250000000000001,0.5813953488372093,0.6756756756756757,0.5135135135135135,0.5945945945945946,0.5945945945945945,25,18,19,12,74
consistency_score_file_min,low_is_c4,0.058149315909394456,0.6233766233766234,0.6,0.6486486486486487,0.5675675675675675,0.6081081081081081,0.6081081081081081,24,16,21,13,74
consistency_score_file_min,low_is_c4,0.03272651315057373,0.6216216216216216,0.6216216216216216,0.6216216216216216,0.6216216216216216,0.6216216216216216,0.6216216216216216,23,14,23,14,74
consistency_score_file_min,low_is_c4,0.01435988892200685,0.619718309859155,0.6470588235294118,0.5945945945945946,0.6756756756756757,0.6351351351351351,0.6351351351351351,22,12,25,15,74
consistency_score_file_min,low_is_c4,0.07279146728470917,0.6153846153846153,0.5853658536585366,0.6486486486486487,0.5405405405405406,0.5945945945945946,0.5945945945945946,24,17,20,13,74
consistency_score_file_min,high_is_c4,5.00347463812942e-08,0.6122448979591837,0.4918032786885246,0.8108108108108109,0.16216216216216217,0.4864864864864865,0.4864864864864865,30,31,6,7,74
consistency_score_file_min,low_is_c4,0.01472143328749118,0.611111111111111,0.6285714285714286,0.5945945945945946,0.6486486486486487,0.6216216216216216,0.6216216216216217,22,13,24,15,74
consistency_score_file_min,high_is_c4,7.393911028665057e-08,0.6041666666666666,0.4915254237288136,0.7837837837837838,0.1891891891891892,0.4864864864864865,0.4864864864864865,29,30,7,8,74
consistency_score_file_min,low_is_c4,0.015980049529162803,0.6027397260273972,0.6111111111111112,0.5945945945945946,0.6216216216216216,0.6081081081081081,0.6081081081081081,22,14,23,15,74
consistency_score_file_min,low_is_c4,0.012525267601655921,0.6000000000000001,0.6363636363636364,0.5675675675675675,0.6756756756756757,0.6216216216216216,0.6216216216216216,21,12,25,16,74
consistency_score_file_min,high_is_c4,5.6696795461554505e-08,0.5979381443298969,0.48333333333333334,0.7837837837837838,0.16216216216216217,0.47297297297297297,0.47297297297297297,29,31,6,8,74
consistency_score_file_min,high_is_c4,1.5175367442881634e-07,0.5894736842105263,0.4827586206896552,0.7567567567567568,0.1891891891891892,0.47297297297297297,0.472972972972973,28,30,7,9,74
consistency_score_file_min,low_is_c4,0.006929958074790032,0.5797101449275363,0.625,0.5405405405405406,0.6756756756756757,0.6081081081081081,0.6081081081081081,20,12,25,17,74
consistency_score_file_min,high_is_c4,2.2705091670668906e-07,0.5744680851063829,0.47368421052631576,0.7297297297297297,0.1891891891891892,0.4594594594594595,0.45945945945945943,27,30,7,10,74
consistency_score_file_min,high_is_c4,7.16090559005948e-07,0.5617977528089887,0.4807692307692308,0.6756756756756757,0.2702702702702703,0.47297297297297297,0.47297297297297297,25,27,10,12,74
consistency_score_file_min,high_is_c4,2.967003077242797e-07,0.5591397849462365,0.4642857142857143,0.7027027027027027,0.1891891891891892,0.44594594594594594,0.44594594594594594,26,30,7,11,74
consistency_score_file_min,low_is_c4,0.0022408796337338847,0.5588235294117647,0.6129032258064516,0.5135135135135135,0.6756756756756757,0.5945945945945946,0.5945945945945945,19,12,25,18,74
consistency_score_file_min,high_is_c4,4.967197732318184e-07,0.5555555555555556,0.4716981132075472,0.6756756756756757,0.24324324324324326,0.4594594594594595,0.45945945945945943,25,28,9,12,74
consistency_score_file_min,high_is_c4,2.279083441074242e-06,0.5454545454545454,0.47058823529411764,0.6486486486486487,0.2702702702702703,0.4594594594594595,0.4594594594594595,24,27,10,13,74
consistency_score_file_min,high_is_c4,3.739750016232408e-07,0.5434782608695652,0.45454545454545453,0.6756756756756757,0.1891891891891892,0.43243243243243246,0.43243243243243246,25,30,7,12,74
consistency_score_file_min,low_is_c4,0.001603769648171219,0.5373134328358209,0.6,0.4864864864864865,0.6756756756756757,0.581081081081081,0.5810810810810811,18,12,25,19,74
consistency_score_file_min,high_is_c4,6.870310348361195e-05,0.5348837209302325,0.46938775510204084,0.6216216216216216,0.2972972972972973,0.4594594594594595,0.45945945945945943,23,26,11,14,74
consistency_score_file_min,high_is_c4,1.563116337649975e-05,0.5287356321839081,0.46,0.6216216216216216,0.2702702702702703,0.44594594594594594,0.44594594594594594,23,27,10,14,74
consistency_score_file_min,high_is_c4,0.00024121931186294309,0.5176470588235293,0.4583333333333333,0.5945945945945946,0.2972972972972973,0.44594594594594594,0.44594594594594594,22,26,11,15,74
consistency_score_file_min,low_is_c4,0.0012549160969969205,0.5151515151515151,0.5862068965517241,0.4594594594594595,0.6756756756756757,0.5675675675675675,0.5675675675675675,17,12,25,20,74
consistency_score_file_min,high_is_c4,0.0006832887682013426,0.506024096385542,0.45652173913043476,0.5675675675675675,0.32432432432432434,0.44594594594594594,0.44594594594594594,21,25,12,16,74
consistency_score_file_min,low_is_c4,0.0004140471182143627,0.5,0.5925925925925926,0.43243243243243246,0.7027027027027027,0.5675675675675675,0.5675675675675675,16,11,26,21,74
consistency_score_file_min,high_is_c4,0.0004140471182143627,0.5,0.44680851063829785,0.5675675675675675,0.2972972972972973,0.43243243243243246,0.43243243243243246,21,26,11,16,74
consistency_score_file_min,low_is_c4,0.0006832887682013426,0.49230769230769234,0.5714285714285714,0.43243243243243246,0.6756756756756757,0.5540540540540541,0.5540540540540541,16,12,25,21,74
consistency_score_file_min,high_is_c4,0.0012549160969969205,0.4878048780487805,0.4444444444444444,0.5405405405405406,0.32432432432432434,0.43243243243243246,0.43243243243243246,20,25,12,17,74
consistency_score_file_min,low_is_c4,0.00024121931186294309,0.47619047619047616,0.5769230769230769,0.40540540540540543,0.7027027027027027,0.5540540540540541,0.5540540540540541,15,11,26,22,74
consistency_score_file_min,high_is_c4,0.001603769648171219,0.46913580246913583,0.4318181818181818,0.5135135135135135,0.32432432432432434,0.4189189189189189,0.4189189189189189,19,25,12,18,74
consistency_score_file_min,low_is_c4,1.563116337649975e-05,0.45901639344262296,0.5833333333333334,0.3783783783783784,0.7297297297297297,0.5540540540540541,0.5540540540540541,14,10,27,23,74
consistency_score_file_min,low_is_c4,6.870310348361195e-05,0.4516129032258065,0.56,0.3783783783783784,0.7027027027027027,0.5405405405405406,0.5405405405405406,14,11,26,23,74
consistency_score_file_min,high_is_c4,0.0022408796337338847,0.45,0.4186046511627907,0.4864864864864865,0.32432432432432434,0.40540540540540543,0.40540540540540543,18,25,12,19,74
consistency_score_file_min,low_is_c4,2.279083441074242e-06,0.43333333333333335,0.5652173913043478,0.35135135135135137,0.7297297297297297,0.5405405405405406,0.5405405405405406,13,10,27,24,74
consistency_score_file_min,high_is_c4,0.006929958074790032,0.430379746835443,0.40476190476190477,0.4594594594594595,0.32432432432432434,0.3918918918918919,0.3918918918918919,17,25,12,20,74
consistency_score_file_min,low_is_c4,3.739750016232408e-07,0.42857142857142855,0.631578947368421,0.32432432432432434,0.8108108108108109,0.5675675675675675,0.5675675675675675,12,7,30,25,74
consistency_score_file_min,low_is_c4,4.967197732318184e-07,0.41379310344827586,0.5714285714285714,0.32432432432432434,0.7567567567567568,0.5405405405405406,0.5405405405405406,12,9,28,25,74
consistency_score_file_min,high_is_c4,0.012525267601655921,0.4102564102564103,0.3902439024390244,0.43243243243243246,0.32432432432432434,0.3783783783783784,0.3783783783783784,16,25,12,21,74
consistency_score_file_min,low_is_c4,7.16090559005948e-07,0.4067796610169491,0.5454545454545454,0.32432432432432434,0.7297297297297297,0.527027027027027,0.527027027027027,12,10,27,25,74
consistency_score_file_min,high_is_c4,0.015980049529162803,0.4,0.39473684210526316,0.40540540540540543,0.3783783783783784,0.3918918918918919,0.3918918918918919,15,23,14,22,74
consistency_score_file_min,low_is_c4,2.967003077242797e-07,0.39999999999999997,0.6111111111111112,0.2972972972972973,0.8108108108108109,0.5540540540540541,0.5540540540540541,11,7,30,26,74
consistency_score_file_min,high_is_c4,0.01472143328749118,0.39473684210526316,0.38461538461538464,0.40540540540540543,0.35135135135135137,0.3783783783783784,0.3783783783783784,15,24,13,22,74
consistency_score_file_min,high_is_c4,0.01435988892200685,0.3896103896103896,0.375,0.40540540540540543,0.32432432432432434,0.36486486486486486,0.3648648648648649,15,25,12,22,74
consistency_score_file_min,high_is_c4,0.03272651315057373,0.37837837837837834,0.3783783783783784,0.3783783783783784,0.3783783783783784,0.3783783783783784,0.3783783783783784,14,23,14,23,74
consistency_score_file_min,high_is_c4,0.07279146728470917,0.37142857142857144,0.3939393939393939,0.35135135135135137,0.4594594594594595,0.40540540540540543,0.40540540540540543,13,20,17,24,74
consistency_score_file_min,low_is_c4,2.2705091670668906e-07,0.37037037037037035,0.5882352941176471,0.2702702702702703,0.8108108108108109,0.5405405405405406,0.5405405405405406,10,7,30,27,74
consistency_score_file_min,high_is_c4,0.058149315909394456,0.3661971830985916,0.38235294117647056,0.35135135135135137,0.43243243243243246,0.3918918918918919,0.3918918918918919,13,21,16,24,74
consistency_score_file_min,high_is_c4,0.04923638932933125,0.36111111111111116,0.37142857142857144,0.35135135135135137,0.40540540540540543,0.3783783783783784,0.3783783783783784,13,22,15,24,74
consistency_score_file_min,high_is_c4,0.04836905744679697,0.3561643835616438,0.3611111111111111,0.35135135135135137,0.3783783783783784,0.36486486486486486,0.3648648648648649,13,23,14,24,74
consistency_score_file_min,high_is_c4,0.08435949630139297,0.3529411764705882,0.3870967741935484,0.32432432432432434,0.4864864864864865,0.40540540540540543,0.40540540540540543,12,19,18,25,74
consistency_score_file_min,high_is_c4,0.08132633308890735,0.34782608695652173,0.375,0.32432432432432434,0.4594594594594595,0.3918918918918919,0.3918918918918919,12,20,17,25,74
consistency_score_file_min,low_is_c4,1.5175367442881634e-07,0.339622641509434,0.5625,0.24324324324324326,0.8108108108108109,0.527027027027027,0.5270270270270271,9,7,30,28,74
consistency_score_file_min,high_is_c4,0.08857097619375393,0.3283582089552239,0.36666666666666664,0.2972972972972973,0.4864864864864865,0.3918918918918919,0.3918918918918919,11,19,18,26,74
consistency_score_file_min,low_is_c4,5.6696795461554505e-08,0.3137254901960784,0.5714285714285714,0.21621621621621623,0.8378378378378378,0.527027027027027,0.527027027027027,8,6,31,29,74
consistency_score_file_min,high_is_c4,0.10253896165343336,0.3125,0.37037037037037035,0.2702702702702703,0.5405405405405406,0.40540540540540543,0.40540540540540543,10,17,20,27,74
consistency_score_file_min,low_is_c4,7.393911028665057e-08,0.3076923076923077,0.5333333333333333,0.21621621621621623,0.8108108108108109,0.5135135135135135,0.5135135135135136,8,7,30,29,74
consistency_score_file_min,high_is_c4,0.09791702315510761,0.3076923076923077,0.35714285714285715,0.2702702702702703,0.5135135135135135,0.3918918918918919,0.3918918918918919,10,18,19,27,74
consistency_score_file_min,high_is_c4,0.09356324703982358,0.30303030303030304,0.3448275862068966,0.2702702702702703,0.4864864864864865,0.3783783783783784,0.3783783783783784,10,19,18,27,74
consistency_score_file_min,high_is_c4,0.11806141870837122,0.2903225806451613,0.36,0.24324324324324326,0.5675675675675675,0.40540540540540543,0.4054054054054054,9,16,21,28,74
consistency_score_file_min,high_is_c4,0.11075663215245932,0.2857142857142857,0.34615384615384615,0.24324324324324326,0.5405405405405406,0.3918918918918919,0.3918918918918919,9,17,20,28,74
consistency_score_file_min,low_is_c4,5.00347463812942e-08,0.28,0.5384615384615384,0.1891891891891892,0.8378378378378378,0.5135135135135135,0.5135135135135135,7,6,31,30,74
consistency_score_file_min,high_is_c4,0.12015389702337337,0.26229508196721313,0.3333333333333333,0.21621621621621623,0.5675675675675675,0.3918918918918919,0.3918918918918919,8,16,21,29,74
consistency_score_file_min,low_is_c4,3.2084734103152195e-08,0.2448979591836735,0.5,0.16216216216216217,0.8378378378378378,0.5,0.5,6,6,31,31,74
consistency_score_file_min,high_is_c4,0.1262060167542695,0.23333333333333334,0.30434782608695654,0.1891891891891892,0.5675675675675675,0.3783783783783784,0.3783783783783784,7,16,21,30,74
consistency_score_file_min,low_is_c4,1.624390386633642e-08,0.20833333333333334,0.45454545454545453,0.13513513513513514,0.8378378378378378,0.4864864864864865,0.4864864864864865,5,6,31,32,74
consistency_score_file_min,high_is_c4,0.13357703586888953,0.20338983050847456,0.2727272727272727,0.16216216216216217,0.5675675675675675,0.36486486486486486,0.36486486486486486,6,16,21,31,74
consistency_score_file_min,high_is_c4,0.1493315905224541,0.17857142857142858,0.2631578947368421,0.13513513513513514,0.6216216216216216,0.3783783783783784,0.3783783783783784,5,14,23,32,74
consistency_score_file_min,high_is_c4,0.14377008637208571,0.1754385964912281,0.25,0.13513513513513514,0.5945945945945946,0.36486486486486486,0.3648648648648649,5,15,22,32,74
consistency_score_file_min,high_is_c4,0.13767042517371642,0.1724137931034483,0.23809523809523808,0.13513513513513514,0.5675675675675675,0.35135135135135137,0.3513513513513513,5,16,21,32,74
consistency_score_file_min,low_is_c4,1.4335194847923825e-08,0.1702127659574468,0.4,0.10810810810810811,0.8378378378378378,0.47297297297297297,0.47297297297297297,4,6,31,33,74
consistency_score_file_min,high_is_c4,0.16173348050344305,0.14814814814814817,0.23529411764705882,0.10810810810810811,0.6486486486486487,0.3783783783783784,0.3783783783783784,4,13,24,33,74
consistency_score_file_min,high_is_c4,0.15355690725439655,0.14545454545454545,0.2222222222222222,0.10810810810810811,0.6216216216216216,0.36486486486486486,0.36486486486486486,4,14,23,33,74
consistency_score_file_min,low_is_c4,1.1953905872939839e-08,0.13043478260869568,0.3333333333333333,0.08108108108108109,0.8378378378378378,0.4594594594594595,0.45945945945945943,3,6,31,34,74
consistency_score_file_min,high_is_c4,0.21529462472618474,0.12244897959183675,0.25,0.08108108108108109,0.7567567567567568,0.4189189189189189,0.41891891891891897,3,9,28,34,74
consistency_score_file_min,high_is_c4,0.20028707487447545,0.12,0.23076923076923078,0.08108108108108109,0.7297297297297297,0.40540540540540543,0.4054054054054054,3,10,27,34,74
consistency_score_file_min,high_is_c4,0.1899950240654799,0.11764705882352942,0.21428571428571427,0.08108108108108109,0.7027027027027027,0.3918918918918919,0.3918918918918919,3,11,26,34,74
consistency_score_file_min,high_is_c4,0.17368458059843406,0.11538461538461539,0.2,0.08108108108108109,0.6756756756756757,0.3783783783783784,0.3783783783783784,3,12,25,34,74
consistency_score_file_min,high_is_c4,0.1671193242602586,0.11320754716981132,0.1875,0.08108108108108109,0.6486486486486487,0.36486486486486486,0.3648648648648649,3,13,24,34,74
consistency_score_file_min,high_is_c4,0.2773270939078233,0.09523809523809523,0.4,0.05405405405405406,0.918918918918919,0.4864864864864865,0.4864864864864865,2,3,34,35,74
consistency_score_file_min,low_is_c4,6.7714665731845314e-09,0.09523809523809523,0.4,0.05405405405405406,0.918918918918919,0.4864864864864865,0.4864864864864865,2,3,34,35,74
consistency_score_file_min,high_is_c4,0.26159915204561734,0.09302325581395349,0.3333333333333333,0.05405405405405406,0.8918918918918919,0.47297297297297297,0.47297297297297297,2,4,33,35,74
consistency_score_file_min,high_is_c4,0.25212833283497327,0.09090909090909091,0.2857142857142857,0.05405405405405406,0.8648648648648649,0.4594594594594595,0.4594594594594595,2,5,32,35,74
consistency_score_file_min,low_is_c4,7.673076872397775e-09,0.09090909090909091,0.2857142857142857,0.05405405405405406,0.8648648648648649,0.4594594594594595,0.4594594594594595,2,5,32,35,74
consistency_score_file_min,high_is_c4,0.24993066973563802,0.08888888888888889,0.25,0.05405405405405406,0.8378378378378378,0.44594594594594594,0.44594594594594594,2,6,31,35,74
consistency_score_file_min,low_is_c4,9.309711254607413e-09,0.08888888888888889,0.25,0.05405405405405406,0.8378378378378378,0.44594594594594594,0.44594594594594594,2,6,31,35,74
consistency_score_file_min,high_is_c4,0.24755052403803912,0.08695652173913043,0.2222222222222222,0.05405405405405406,0.8108108108108109,0.43243243243243246,0.43243243243243246,2,7,30,35,74
consistency_score_file_min,high_is_c4,0.2414178588435545,0.0851063829787234,0.2,0.05405405405405406,0.7837837837837838,0.4189189189189189,0.4189189189189189,2,8,29,35,74
consistency_score_file_min,high_is_c4,0.23375056359679033,0.08333333333333334,0.18181818181818182,0.05405405405405406,0.7567567567567568,0.40540540540540543,0.40540540540540543,2,9,28,35,74
consistency_score_file_min,high_is_c4,0.4579742690895758,0.052631578947368425,1.0,0.02702702702702703,1.0,0.5135135135135135,0.5135135135135135,1,0,37,36,74
consistency_score_file_min,high_is_c4,0.4985531944937216,0.052631578947368425,1.0,0.02702702702702703,1.0,0.5135135135135135,0.5135135135135135,1,0,37,36,74
consistency_score_file_min,low_is_c4,0.0,0.052631578947368425,1.0,0.02702702702702703,1.0,0.5135135135135135,0.5135135135135135,1,0,37,36,74
consistency_score_file_min,low_is_c4,4.2960833095870547e-10,0.052631578947368425,1.0,0.02702702702702703,1.0,0.5135135135135135,0.5135135135135135,1,0,37,36,74
consistency_score_file_min,high_is_c4,0.3737831026268331,0.05128205128205129,0.5,0.02702702702702703,0.972972972972973,0.5,0.5,1,1,36,36,74
consistency_score_file_min,low_is_c4,8.843487528469669e-10,0.05128205128205129,0.5,0.02702702702702703,0.972972972972973,0.5,0.5,1,1,36,36,74
consistency_score_file_min,high_is_c4,0.3081443021139087,0.05,0.3333333333333333,0.02702702702702703,0.9459459459459459,0.4864864864864865,0.4864864864864865,1,2,35,36,74
consistency_score_file_min,low_is_c4,3.2561386406568956e-09,0.05,0.3333333333333333,0.02702702702702703,0.9459459459459459,0.4864864864864865,0.4864864864864865,1,2,35,36,74
consistency_score_file_min,high_is_c4,0.28591543420342885,0.04878048780487805,0.25,0.02702702702702703,0.918918918918919,0.47297297297297297,0.472972972972973,1,3,34,36,74
consistency_score_file_min,low_is_c4,5.975798276790474e-09,0.04878048780487805,0.25,0.02702702702702703,0.918918918918919,0.47297297297297297,0.472972972972973,1,3,34,36,74
consistency_score_file_q10,low_is_c4,0.44134210592525147,0.6857142857142857,0.5294117647058824,0.972972972972973,0.13513513513513514,0.5540540540540541,0.5540540540540541,36,32,5,1,74
consistency_score_file_q10,low_is_c4,0.47439893251093357,0.6792452830188679,0.5217391304347826,0.972972972972973,0.10810810810810811,0.5405405405405406,0.5405405405405406,36,33,4,1,74
consistency_score_file_q10,low_is_c4,0.5321555298815599,0.6788990825688073,0.5138888888888888,1.0,0.05405405405405406,0.527027027027027,0.527027027027027,37,35,2,0,74
consistency_score_file_q10,low_is_c4,0.4192788289277678,0.673076923076923,0.5223880597014925,0.9459459459459459,0.13513513513513514,0.5405405405405406,0.5405405405405406,35,32,5,2,74
consistency_score_file_q10,low_is_c4,0.49462730105547936,0.6728971962616821,0.5142857142857142,0.972972972972973,0.08108108108108109,0.527027027027027,0.5270270270270271,36,34,3,1,74
consistency_score_file_q10,low_is_c4,0.5857401111661512,0.6727272727272727,0.5068493150684932,1.0,0.02702702702702703,0.5135135135135135,0.5135135135135135,37,36,1,0,74
consistency_score_file_q10,low_is_c4,0.37345109450686,0.6666666666666666,0.5230769230769231,0.918918918918919,0.16216216216216217,0.5405405405405406,0.5405405405405406,34,31,6,3,74
consistency_score_file_q10,low_is_c4,0.508045612941916,0.6666666666666666,0.5070422535211268,0.972972972972973,0.05405405405405406,0.5135135135135135,0.5135135135135136,36,35,2,1,74
consistency_score_file_q10,high_is_c4,2.510999155743982e-08,0.6666666666666666,0.5,1.0,0.0,0.5,0.5,37,37,0,0,74
consistency_score_file_q10,low_is_c4,0.6224582675596475,0.6666666666666666,0.5,1.0,0.0,0.5,0.5,37,37,0,0,74
consistency_score_file_q10,low_is_c4,0.39864265332934357,0.6601941747572816,0.5151515151515151,0.918918918918919,0.13513513513513514,0.527027027027027,0.5270270270270271,34,32,5,3,74
consistency_score_file_q10,high_is_c4,1.1708486726236243e-07,0.6545454545454545,0.4931506849315068,0.972972972972973,0.0,0.4864864864864865,0.4864864864864865,36,37,0,1,74
consistency_score_file_q10,low_is_c4,0.36252874997941187,0.6534653465346535,0.515625,0.8918918918918919,0.16216216216216217,0.527027027027027,0.527027027027027,33,31,6,4,74
consistency_score_file_q10,low_is_c4,0.34194791266720237,0.6530612244897959,0.5245901639344263,0.8648648648648649,0.21621621621621623,0.5405405405405406,0.5405405405405406,32,29,8,5,74
consistency_score_file_q10,low_is_c4,0.3486128779943648,0.6464646464646465,0.5161290322580645,0.8648648648648649,0.1891891891891892,0.527027027027027,0.5270270270270271,32,30,7,5,74
consistency_score_file_q10,low_is_c4,0.33043803412415795,0.6458333333333334,0.5254237288135594,0.8378378378378378,0.24324324324324326,0.5405405405405406,0.5405405405405406,31,28,9,6,74
consistency_score_file_q10,high_is_c4,3.040726314043897e-07,0.6422018348623854,0.4861111111111111,0.9459459459459459,0.0,0.47297297297297297,0.47297297297297297,35,37,0,2,74
consistency_score_file_q10,low_is_c4,0.24911975252377405,0.6419753086419754,0.5909090909090909,0.7027027027027027,0.5135135135135135,0.6081081081081081,0.6081081081081081,26,18,19,11,74
consistency_score_file_q10,low_is_c4,0.3552628633321782,0.64,0.5079365079365079,0.8648648648648649,0.16216216216216217,0.5135135135135135,0.5135135135135136,32,31,6,5,74
consistency_score_file_q10,low_is_c4,0.3372523719529127,0.6391752577319588,0.5166666666666667,0.8378378378378378,0.21621621621621623,0.527027027027027,0.527027027027027,31,29,8,6,74
consistency_score_file_q10,low_is_c4,0.3166627730366196,0.6382978723404256,0.5263157894736842,0.8108108108108109,0.2702702702702703,0.5405405405405406,0.5405405405405406,30,27,10,7,74
consistency_score_file_q10,low_is_c4,0.2599169371066944,0.6341463414634145,0.5777777777777777,0.7027027027027027,0.4864864864864865,0.5945945945945946,0.5945945945945946,26,19,18,11,74
consistency_score_file_q10,low_is_c4,0.32160698587485725,0.631578947368421,0.5172413793103449,0.8108108108108109,0.24324324324324326,0.527027027027027,0.5270270270270271,30,28,9,7,74
consistency_score_file_q10,low_is_c4,0.304831249067606,0.6304347826086956,0.5272727272727272,0.7837837837837838,0.2972972972972973,0.5405405405405406,0.5405405405405406,29,26,11,8,74
consistency_score_file_q10,high_is_c4,7.333942558174353e-07,0.6296296296296297,0.4788732394366197,0.918918918918919,0.0,0.4594594594594595,0.4594594594594595,34,37,0,3,74
consistency_score_file_q10,low_is_c4,0.26654826846993585,0.6265060240963856,0.5652173913043478,0.7027027027027027,0.4594594594594595,0.581081081081081,0.5810810810810811,26,20,17,11,74
consistency_score_file_q10,low_is_c4,0.2428887443862216,0.6250000000000001,0.5813953488372093,0.6756756756756757,0.5135135135135135,0.5945945945945946,0.5945945945945945,25,18,19,12,74
consistency_score_file_q10,low_is_c4,0.31014733439693315,0.6236559139784947,0.5178571428571429,0.7837837837837838,0.2702702702702703,0.527027027027027,0.527027027027027,29,27,10,8,74
consistency_score_file_q10,high_is_c4,0.00023580613456449274,0.6226415094339622,0.4782608695652174,0.8918918918918919,0.02702702702702703,0.4594594594594595,0.45945945945945943,33,36,1,4,74
consistency_score_file_q10,high_is_c4,0.01900810610947485,0.6213592233009709,0.48484848484848486,0.8648648648648649,0.08108108108108109,0.47297297297297297,0.472972972972973,32,34,3,5,74
consistency_score_file_q10,low_is_c4,0.29113445464307236,0.6206896551724138,0.54,0.7297297297297297,0.3783783783783784,0.5540540540540541,0.5540540540540541,27,23,14,10,74
consistency_score_file_q10,low_is_c4,0.27010467550849865,0.6190476190476191,0.5531914893617021,0.7027027027027027,0.43243243243243246,0.5675675675675675,0.5675675675675675,26,21,16,11,74
consistency_score_file_q10,high_is_c4,1.0643854876906077e-05,0.6168224299065421,0.4714285714285714,0.8918918918918919,0.0,0.44594594594594594,0.44594594594594594,33,37,0,4,74
consistency_score_file_q10,low_is_c4,0.3005904598759035,0.6153846153846154,0.5185185185185185,0.7567567567567568,0.2972972972972973,0.527027027027027,0.5270270270270271,28,26,11,9,74
consistency_score_file_q10,low_is_c4,0.2239149782738541,0.6153846153846153,0.5853658536585366,0.6486486486486487,0.5405405405405406,0.5945945945945946,0.5945945945945946,24,17,20,13,74
consistency_score_file_q10,high_is_c4,0.002726835191052332,0.6153846153846153,0.47761194029850745,0.8648648648648649,0.05405405405405406,0.4594594594594595,0.4594594594594595,32,35,2,5,74
consistency_score_file_q10,high_is_c4,0.037425667064676496,0.6138613861386139,0.484375,0.8378378378378378,0.10810810810810811,0.47297297297297297,0.47297297297297297,31,33,4,6,74
consistency_score_file_q10,low_is_c4,0.29286169840223675,0.6136363636363636,0.5294117647058824,0.7297297297297297,0.35135135135135137,0.5405405405405406,0.5405405405405406,27,24,13,10,74
consistency_score_file_q10,low_is_c4,0.2743507721978893,0.611764705882353,0.5416666666666666,0.7027027027027027,0.40540540540540543,0.5540540540540541,0.5540540540540541,26,22,15,11,74
consistency_score_file_q10,high_is_c4,0.0005805311640805209,0.6095238095238095,0.47058823529411764,0.8648648648648649,0.02702702702702703,0.44594594594594594,0.44594594594594594,32,36,1,5,74
consistency_score_file_q10,high_is_c4,0.03329756412291641,0.607843137254902,0.47692307692307695,0.8378378378378378,0.08108108108108109,0.4594594594594595,0.45945945945945943,31,34,3,6,74
consistency_score_file_q10,low_is_c4,0.23509292627880896,0.6075949367088608,0.5714285714285714,0.6486486486486487,0.5135135135135135,0.581081081081081,0.5810810810810811,24,18,19,13,74
consistency_score_file_q10,low_is_c4,0.2938178070427193,0.6067415730337079,0.5192307692307693,0.7297297297297297,0.32432432432432434,0.527027027027027,0.527027027027027,27,25,12,10,74
consistency_score_file_q10,low_is_c4,0.2825703956650846,0.6046511627906977,0.5306122448979592,0.7027027027027027,0.3783783783783784,0.5405405405405406,0.5405405405405406,26,23,14,11,74
consistency_score_file_q10,low_is_c4,0.29579845118951575,0.6,0.5094339622641509,0.7297297297297297,0.2972972972972973,0.5135135135135135,0.5135135135135135,27,26,11,10,74
consistency_score_file_q10,high_is_c4,0.041838305015754564,0.6,0.47619047619047616,0.8108108108108109,0.10810810810810811,0.4594594594594595,0.4594594594594595,30,33,4,7,74
consistency_score_file_q10,low_is_c4,0.20545364580051037,0.5974025974025973,0.575,0.6216216216216216,0.5405405405405406,0.581081081081081,0.5810810810810811,23,17,20,14,74
consistency_score_file_q10,high_is_c4,0.06715710347958967,0.5894736842105263,0.4827586206896552,0.7567567567567568,0.1891891891891892,0.47297297297297297,0.472972972972973,28,30,7,9,74
consistency_score_file_q10,low_is_c4,0.19214424723834495,0.5866666666666667,0.5789473684210527,0.5945945945945946,0.5675675675675675,0.581081081081081,0.5810810810810811,22,16,21,15,74
consistency_score_file_q10,high_is_c4,0.043856813172285423,0.5858585858585857,0.46774193548387094,0.7837837837837838,0.10810810810810811,0.44594594594594594,0.44594594594594594,29,33,4,8,74
consistency_score_file_q10,high_is_c4,0.06283475065011374,0.5833333333333334,0.4745762711864407,0.7567567567567568,0.16216216216216217,0.4594594594594595,0.4594594594594595,28,31,6,9,74
consistency_score_file_q10,high_is_c4,0.08000571385702529,0.5806451612903226,0.48214285714285715,0.7297297297297297,0.21621621621621623,0.47297297297297297,0.47297297297297297,27,29,8,10,74
consistency_score_file_q10,low_is_c4,0.19223827648301517,0.5789473684210528,0.5641025641025641,0.5945945945945946,0.5405405405405406,0.5675675675675675,0.5675675675675675,22,17,20,15,74
consistency_score_file_q10,high_is_c4,0.05491944348060131,0.577319587628866,0.4666666666666667,0.7567567567567568,0.13513513513513514,0.44594594594594594,0.44594594594594594,28,32,5,9,74
consistency_score_file_q10,high_is_c4,0.07327249662904484,0.5744680851063829,0.47368421052631576,0.7297297297297297,0.1891891891891892,0.4594594594594595,0.45945945945945943,27,30,7,10,74
consistency_score_file_q10,high_is_c4,0.04770239029262599,0.5714285714285715,0.45901639344262296,0.7567567567567568,0.10810810810810811,0.43243243243243246,0.43243243243243246,28,33,4,9,74
consistency_score_file_q10,high_is_c4,0.09513278630709354,0.5714285714285714,0.48148148148148145,0.7027027027027027,0.24324324324324326,0.47297297297297297,0.472972972972973,26,28,9,11,74
consistency_score_file_q10,low_is_c4,0.19116917766815544,0.5675675675675675,0.5675675675675675,0.5675675675675675,0.5675675675675675,0.5675675675675675,0.5675675675675675,21,16,21,16,74
consistency_score_file_q10,high_is_c4,0.08684894478867844,0.5652173913043479,0.4727272727272727,0.7027027027027027,0.21621621621621623,0.4594594594594595,0.4594594594594595,26,29,8,11,74
consistency_score_file_q10,low_is_c4,0.17720373628911296,0.5555555555555556,0.5714285714285714,0.5405405405405406,0.5945945945945946,0.5675675675675675,0.5675675675675675,20,15,22,17,74
consistency_score_file_q10,high_is_c4,0.09886829581223816,0.5555555555555556,0.4716981132075472,0.6756756756756757,0.24324324324324326,0.4594594594594595,0.45945945945945943,25,28,9,12,74
consistency_score_file_q10,low_is_c4,0.18509674918433028,0.547945205479452,0.5555555555555556,0.5405405405405406,0.5675675675675675,0.5540540540540541,0.5540540540540541,20,16,21,17,74
consistency_score_file_q10,high_is_c4,0.0999972656407048,0.5454545454545454,0.47058823529411764,0.6486486486486487,0.2702702702702703,0.4594594594594595,0.4594594594594595,24,27,10,13,74
consistency_score_file_q10,high_is_c4,0.12581402153820287,0.5411764705882353,0.4791666666666667,0.6216216216216216,0.32432432432432434,0.47297297297297297,0.47297297297297297,23,25,12,14,74
consistency_score_file_q10,high_is_c4,0.09952774011826473,0.5393258426966292,0.46153846153846156,0.6486486486486487,0.24324324324324326,0.44594594594594594,0.44594594594594594,24,28,9,13,74
consistency_score_file_q10,low_is_c4,0.17367293002483258,0.5352112676056339,0.5588235294117647,0.5135135135135135,0.5945945945945946,0.5540540540540541,0.5540540540540541,19,15,22,18,74
consistency_score_file_q10,high_is_c4,0.11890327740343692,0.5348837209302325,0.46938775510204084,0.6216216216216216,0.2972972972972973,0.4594594594594595,0.45945945945945943,23,26,11,14,74
consistency_score_file_q10,high_is_c4,0.10796276740032891,0.5287356321839081,0.46,0.6216216216216216,0.2702702702702703,0.44594594594594594,0.44594594594594594,23,27,10,14,74
consistency_score_file_q10,high_is_c4,0.13482589179904703,0.5238095238095238,0.46808510638297873,0.5945945945945946,0.32432432432432434,0.4594594594594595,0.4594594594594595,22,25,12,15,74
consistency_score_file_q10,low_is_c4,0.1640806191071636,0.5217391304347827,0.5625,0.4864864864864865,0.6216216216216216,0.5540540540540541,0.5540540540540541,18,14,23,19,74
consistency_score_file_q10,low_is_c4,0.16993008716912406,0.5142857142857143,0.5454545454545454,0.4864864864864865,0.5945945945945946,0.5405405405405406,0.5405405405405406,18,15,22,19,74
consistency_score_file_q10,high_is_c4,0.14939866795949522,0.5121951219512195,0.4666666666666667,0.5675675675675675,0.35135135135135137,0.4594594594594595,0.45945945945945943,21,24,13,16,74
consistency_score_file_q10,low_is_c4,0.15503887048143158,0.5074626865671642,0.5666666666666667,0.4594594594594595,0.6486486486486487,0.5540540540540541,0.5540540540540541,17,13,24,20,74
consistency_score_file_q10,high_is_c4,0.14268737578469148,0.506024096385542,0.45652173913043476,0.5675675675675675,0.32432432432432434,0.44594594594594594,0.44594594594594594,21,25,12,16,74
consistency_score_file_q10,low_is_c4,0.15896966465577164,0.5,0.5483870967741935,0.4594594594594595,0.6216216216216216,0.5405405405405406,0.5405405405405406,17,14,23,20,74
consistency_score_file_q10,high_is_c4,0.15896966465577164,0.5,0.46511627906976744,0.5405405405405406,0.3783783783783784,0.4594594594594595,0.4594594594594595,20,23,14,17,74
consistency_score_file_q10,high_is_c4,0.15503887048143158,0.49382716049382713,0.45454545454545453,0.5405405405405406,0.35135135135135137,0.44594594594594594,0.44594594594594594,20,24,13,17,74
consistency_score_file_q10,low_is_c4,0.14268737578469148,0.49230769230769234,0.5714285714285714,0.43243243243243246,0.6756756756756757,0.5540540540540541,0.5540540540540541,16,12,25,21,74
consistency_score_file_q10,high_is_c4,0.16993008716912406,0.48717948717948717,0.4634146341463415,0.5135135135135135,0.40540540540540543,0.4594594594594595,0.45945945945945943,19,22,15,18,74
consistency_score_file_q10,low_is_c4,0.14939866795949522,0.48484848484848486,0.5517241379310345,0.43243243243243246,0.6486486486486487,0.5405405405405406,0.5405405405405406,16,13,24,21,74
consistency_score_file_q10,high_is_c4,0.1640806191071636,0.48101265822784806,0.4523809523809524,0.5135135135135135,0.3783783783783784,0.44594594594594594,0.44594594594594594,19,23,14,18,74
consistency_score_file_q10,low_is_c4,0.13482589179904703,0.46875,0.5555555555555556,0.40540540540540543,0.6756756756756757,0.5405405405405406,0.5405405405405406,15,12,25,22,74
consistency_score_file_q10,high_is_c4,0.17367293002483258,0.4675324675324675,0.45,0.4864864864864865,0.40540540540540543,0.44594594594594594,0.44594594594594594,18,22,15,19,74
consistency_score_file_q10,low_is_c4,0.10796276740032891,0.45901639344262296,0.5833333333333334,0.3783783783783784,0.7297297297297297,0.5540540540540541,0.5540540540540541,14,10,27,23,74
consistency_score_file_q10,high_is_c4,0.18509674918433028,0.45333333333333337,0.4473684210526316,0.4594594594594595,0.43243243243243246,0.44594594594594594,0.44594594594594594,17,21,16,20,74
consistency_score_file_q10,low_is_c4,0.11890327740343692,0.4516129032258065,0.56,0.3783783783783784,0.7027027027027027,0.5405405405405406,0.5405405405405406,14,11,26,23,74
consistency_score_file_q10,high_is_c4,0.17720373628911296,0.4473684210526316,0.4358974358974359,0.4594594594594595,0.40540540540540543,0.43243243243243246,0.43243243243243246,17,22,15,20,74
consistency_score_file_q10,low_is_c4,0.12581402153820287,0.4444444444444445,0.5384615384615384,0.3783783783783784,0.6756756756756757,0.527027027027027,0.527027027027027,14,12,25,23,74
consistency_score_file_q10,low_is_c4,0.09952774011826473,0.4406779661016949,0.5909090909090909,0.35135135135135137,0.7567567567567568,0.5540540540540541,0.5540540540540541,13,9,28,24,74
consistency_score_file_q10,low_is_c4,0.0999972656407048,0.43333333333333335,0.5652173913043478,0.35135135135135137,0.7297297297297297,0.5405405405405406,0.5405405405405406,13,10,27,24,74
consistency_score_file_q10,high_is_c4,0.19116917766815544,0.43243243243243246,0.43243243243243246,0.43243243243243246,0.43243243243243246,0.43243243243243246,0.43243243243243246,16,21,16,21,74
consistency_score_file_q10,high_is_c4,0.19223827648301517,0.4166666666666667,0.42857142857142855,0.40540540540540543,0.4594594594594595,0.43243243243243246,0.43243243243243246,15,20,17,22,74
consistency_score_file_q10,low_is_c4,0.09886829581223816,0.41379310344827586,0.5714285714285714,0.32432432432432434,0.7567567567567568,0.5405405405405406,0.5405405405405406,12,9,28,25,74
consistency_score_file_q10,high_is_c4,0.19214424723834495,0.4109589041095891,0.4166666666666667,0.40540540540540543,0.43243243243243246,0.4189189189189189,0.41891891891891897,15,21,16,22,74
consistency_score_file_q10,high_is_c4,0.20545364580051037,0.39436619718309857,0.4117647058823529,0.3783783783783784,0.4594594594594595,0.4189189189189189,0.41891891891891897,14,20,17,23,74
consistency_score_file_q10,low_is_c4,0.08684894478867844,0.39285714285714285,0.5789473684210527,0.2972972972972973,0.7837837837837838,0.5405405405405406,0.5405405405405406,11,8,29,26,74
consistency_score_file_q10,low_is_c4,0.09513278630709354,0.38596491228070173,0.55,0.2972972972972973,0.7567567567567568,0.527027027027027,0.5270270270270271,11,9,28,26,74
consistency_score_file_q10,high_is_c4,0.23509292627880896,0.37681159420289856,0.40625,0.35135135135135137,0.4864864864864865,0.4189189189189189,0.41891891891891897,13,19,18,24,74
consistency_score_file_q10,high_is_c4,0.2239149782738541,0.37142857142857144,0.3939393939393939,0.35135135135135137,0.4594594594594595,0.40540540540540543,0.40540540540540543,13,20,17,24,74
consistency_score_file_q10,low_is_c4,0.07327249662904484,0.37037037037037035,0.5882352941176471,0.2702702702702703,0.8108108108108109,0.5405405405405406,0.5405405405405406,10,7,30,27,74
consistency_score_file_q10,low_is_c4,0.08000571385702529,0.36363636363636365,0.5555555555555556,0.2702702702702703,0.7837837837837838,0.527027027027027,0.527027027027027,10,8,29,27,74
consistency_score_file_q10,low_is_c4,0.04770239029262599,0.36000000000000004,0.6923076923076923,0.24324324324324326,0.8918918918918919,0.5675675675675675,0.5675675675675675,9,4,33,28,74
consistency_score_file_q10,high_is_c4,0.2825703956650846,0.3548387096774193,0.44,0.2972972972972973,0.6216216216216216,0.4594594594594595,0.45945945945945943,11,14,23,26,74
consistency_score_file_q10,low_is_c4,0.05491944348060131,0.35294117647058826,0.6428571428571429,0.24324324324324326,0.8648648648648649,0.5540540540540541,0.5540540540540541,9,5,32,28,74
consistency_score_file_q10,high_is_c4,0.2428887443862216,0.3529411764705882,0.3870967741935484,0.32432432432432434,0.4864864864864865,0.40540540540540543,0.40540540540540543,12,19,18,25,74
consistency_score_file_q10,high_is_c4,0.2743507721978893,0.34920634920634924,0.4230769230769231,0.2972972972972973,0.5945945945945946,0.44594594594594594,0.44594594594594594,11,15,22,26,74
consistency_score_file_q10,low_is_c4,0.06283475065011374,0.34615384615384615,0.6,0.24324324324324326,0.8378378378378378,0.5405405405405406,0.5405405405405406,9,6,31,28,74
consistency_score_file_q10,high_is_c4,0.29579845118951575,0.3448275862068966,0.47619047619047616,0.2702702702702703,0.7027027027027027,0.4864864864864865,0.4864864864864865,10,11,26,27,74
consistency_score_file_q10,high_is_c4,0.27010467550849865,0.34375,0.4074074074074074,0.2972972972972973,0.5675675675675675,0.43243243243243246,0.43243243243243246,11,16,21,26,74
consistency_score_file_q10,low_is_c4,0.06715710347958967,0.339622641509434,0.5625,0.24324324324324326,0.8108108108108109,0.527027027027027,0.5270270270270271,9,7,30,28,74
consistency_score_file_q10,high_is_c4,0.2938178070427193,0.33898305084745767,0.45454545454545453,0.2702702702702703,0.6756756756756757,0.47297297297297297,0.47297297297297297,10,12,25,27,74
consistency_score_file_q10,high_is_c4,0.26654826846993585,0.3384615384615385,0.39285714285714285,0.2972972972972973,0.5405405405405406,0.4189189189189189,0.41891891891891897,11,17,20,26,74
consistency_score_file_q10,high_is_c4,0.2599169371066944,0.33333333333333337,0.3793103448275862,0.2972972972972973,0.5135135135135135,0.40540540540540543,0.4054054054054054,11,18,19,26,74
consistency_score_file_q10,high_is_c4,0.29286169840223675,0.3333333333333333,0.43478260869565216,0.2702702702702703,0.6486486486486487,0.4594594594594595,0.4594594594594595,10,13,24,27,74
consistency_score_file_q10,high_is_c4,0.24911975252377405,0.3283582089552239,0.36666666666666664,0.2972972972972973,0.4864864864864865,0.3918918918918919,0.3918918918918919,11,19,18,26,74
consistency_score_file_q10,high_is_c4,0.29113445464307236,0.3278688524590164,0.4166666666666667,0.2702702702702703,0.6216216216216216,0.44594594594594594,0.44594594594594594,10,14,23,27,74
consistency_score_file_q10,low_is_c4,0.043856813172285423,0.326530612244898,0.6666666666666666,0.21621621621621623,0.8918918918918919,0.5540540540540541,0.5540540540540541,8,4,33,29,74
consistency_score_file_q10,high_is_c4,0.3005904598759035,0.3157894736842105,0.45,0.24324324324324326,0.7027027027027027,0.47297297297297297,0.472972972972973,9,11,26,28,74
consistency_score_file_q10,low_is_c4,0.041838305015754564,0.2916666666666667,0.6363636363636364,0.1891891891891892,0.8918918918918919,0.5405405405405406,0.5405405405405406,7,4,33,30,74
consistency_score_file_q10,high_is_c4,0.31014733439693315,0.2909090909090909,0.4444444444444444,0.21621621621621623,0.7297297297297297,0.47297297297297297,0.47297297297297297,8,10,27,29,74
consistency_score_file_q10,high_is_c4,0.304831249067606,0.28571428571428575,0.42105263157894735,0.21621621621621623,0.7027027027027027,0.4594594594594595,0.4594594594594595,8,11,26,29,74
consistency_score_file_q10,high_is_c4,0.32160698587485725,0.2641509433962264,0.4375,0.1891891891891892,0.7567567567567568,0.47297297297297297,0.472972972972973,7,9,28,30,74
consistency_score_file_q10,low_is_c4,0.03329756412291641,0.26086956521739135,0.6666666666666666,0.16216216216216217,0.918918918918919,0.5405405405405406,0.5405405405405406,6,3,34,31,74
consistency_score_file_q10,high_is_c4,0.3166627730366196,0.2592592592592593,0.4117647058823529,0.1891891891891892,0.7297297297297297,0.4594594594594595,0.45945945945945943,7,10,27,30,74
consistency_score_file_q10,low_is_c4,0.037425667064676496,0.25531914893617025,0.6,0.16216216216216217,0.8918918918918919,0.527027027027027,0.527027027027027,6,4,33,31,74
consistency_score_file_q10,high_is_c4,0.3372523719529127,0.23529411764705885,0.42857142857142855,0.16216216216216217,0.7837837837837838,0.47297297297297297,0.47297297297297297,6,8,29,31,74
consistency_score_file_q10,low_is_c4,0.0005805311640805209,0.23255813953488372,0.8333333333333334,0.13513513513513514,0.972972972972973,0.5540540540540541,0.5540540540540541,5,1,36,32,74
consistency_score_file_q10,high_is_c4,0.33043803412415795,0.23076923076923078,0.4,0.16216216216216217,0.7567567567567568,0.4594594594594595,0.4594594594594595,6,9,28,31,74
consistency_score_file_q10,low_is_c4,0.002726835191052332,0.22727272727272727,0.7142857142857143,0.13513513513513514,0.9459459459459459,0.5405405405405406,0.5405405405405406,5,2,35,32,74
consistency_score_file_q10,low_is_c4,0.01900810610947485,0.22222222222222224,0.625,0.13513513513513514,0.918918918918919,0.527027027027027,0.5270270270270271,5,3,34,32,74
consistency_score_file_q10,high_is_c4,0.3552628633321782,0.20833333333333334,0.45454545454545453,0.13513513513513514,0.8378378378378378,0.4864864864864865,0.4864864864864865,5,6,31,32,74
consistency_score_file_q10,high_is_c4,0.3486128779943648,0.20408163265306126,0.4166666666666667,0.13513513513513514,0.8108108108108109,0.47297297297297297,0.472972972972973,5,7,30,32,74
consistency_score_file_q10,high_is_c4,0.34194791266720237,0.2,0.38461538461538464,0.13513513513513514,0.7837837837837838,0.4594594594594595,0.45945945945945943,5,8,29,32,74
consistency_score_file_q10,low_is_c4,1.0643854876906077e-05,0.1951219512195122,1.0,0.10810810810810811,1.0,0.5540540540540541,0.5540540540540541,4,0,37,33,74
consistency_score_file_q10,low_is_c4,0.00023580613456449274,0.19047619047619047,0.8,0.10810810810810811,0.972972972972973,0.5405405405405406,0.5405405405405406,4,1,36,33,74
consistency_score_file_q10,high_is_c4,0.36252874997941187,0.1702127659574468,0.4,0.10810810810810811,0.8378378378378378,0.47297297297297297,0.47297297297297297,4,6,31,33,74
consistency_score_file_q10,low_is_c4,7.333942558174353e-07,0.15,1.0,0.08108108108108109,1.0,0.5405405405405406,0.5405405405405406,3,0,37,34,74
consistency_score_file_q10,high_is_c4,0.39864265332934357,0.13333333333333333,0.375,0.08108108108108109,0.8648648648648649,0.47297297297297297,0.472972972972973,3,5,32,34,74
consistency_score_file_q10,high_is_c4,0.37345109450686,0.13043478260869568,0.3333333333333333,0.08108108108108109,0.8378378378378378,0.4594594594594595,0.45945945945945943,3,6,31,34,74
consistency_score_file_q10,low_is_c4,3.040726314043897e-07,0.10256410256410257,1.0,0.05405405405405406,1.0,0.527027027027027,0.527027027027027,2,0,37,35,74
consistency_score_file_q10,high_is_c4,0.4192788289277678,0.09090909090909091,0.2857142857142857,0.05405405405405406,0.8648648648648649,0.4594594594594595,0.4594594594594595,2,5,32,35,74
consistency_score_file_q10,low_is_c4,2.510999155743982e-08,0.052631578947368425,1.0,0.02702702702702703,1.0,0.5135135135135135,0.5135135135135135,1,0,37,36,74
consistency_score_file_q10,low_is_c4,1.1708486726236243e-07,0.052631578947368425,1.0,0.02702702702702703,1.0,0.5135135135135135,0.5135135135135135,1,0,37,36,74
consistency_score_file_q10,high_is_c4,0.508045612941916,0.05,0.3333333333333333,0.02702702702702703,0.9459459459459459,0.4864864864864865,0.4864864864864865,1,2,35,36,74
consistency_score_file_q10,high_is_c4,0.49462730105547936,0.04878048780487805,0.25,0.02702702702702703,0.918918918918919,0.47297297297297297,0.472972972972973,1,3,34,36,74
consistency_score_file_q10,high_is_c4,0.47439893251093357,0.047619047619047616,0.2,0.02702702702702703,0.8918918918918919,0.4594594594594595,0.45945945945945943,1,4,33,36,74
consistency_score_file_q10,high_is_c4,0.44134210592525147,0.046511627906976744,0.16666666666666666,0.02702702702702703,0.8648648648648649,0.44594594594594594,0.44594594594594594,1,5,32,36,74
consistency_score_file_q10,high_is_c4,0.5857401111661512,0.0,0.0,0.0,0.972972972972973,0.4864864864864865,0.4864864864864865,0,1,36,37,74
consistency_score_file_q10,high_is_c4,0.6224582675596475,0.0,0.0,0.0,0.972972972972973,0.4864864864864865,0.4864864864864865,0,1,36,37,74
consistency_score_file_q10,high_is_c4,0.5321555298815599,0.0,0.0,0.0,0.9459459459459459,0.47297297297297297,0.47297297297297297,0,2,35,37,74
consistency_score_file_q25,low_is_c4,0.4945742165519431,0.6888888888888889,0.5849056603773585,0.8378378378378378,0.40540540540540543,0.6216216216216216,0.6216216216216216,31,22,15,6,74
consistency_score_file_q25,low_is_c4,0.5000627539922573,0.6813186813186813,0.5740740740740741,0.8378378378378378,0.3783783783783784,0.6081081081081081,0.6081081081081081,31,23,14,6,74
consistency_score_file_q25,low_is_c4,0.5158167819221828,0.6808510638297872,0.5614035087719298,0.8648648648648649,0.32432432432432434,0.5945945945945946,0.5945945945945946,32,25,12,5,74
consistency_score_file_q25,low_is_c4,0.6298866676044217,0.6788990825688073,0.5138888888888888,1.0,0.05405405405405406,0.527027027027027,0.527027027027027,37,35,2,0,74
consistency_score_file_q25,low_is_c4,0.48493166581023794,0.6741573033707865,0.5769230769230769,0.8108108108108109,0.40540540540540543,0.6081081081081081,0.6081081081081081,30,22,15,7,74
consistency_score_file_q25,low_is_c4,0.5058161683657325,0.6739130434782609,0.5636363636363636,0.8378378378378378,0.35135135135135137,0.5945945945945946,0.5945945945945946,31,24,13,6,74
consistency_score_file_q25,low_is_c4,0.5189708824190997,0.6736842105263158,0.5517241379310345,0.8648648648648649,0.2972972972972973,0.581081081081081,0.5810810810810811,32,26,11,5,74
consistency_score_file_q25,low_is_c4,0.5317541362057949,0.6732673267326733,0.53125,0.918918918918919,0.1891891891891892,0.5540540540540541,0.5540540540540541,34,30,7,3,74
consistency_score_file_q25,low_is_c4,0.5782591248412889,0.673076923076923,0.5223880597014925,0.9459459459459459,0.13513513513513514,0.5405405405405406,0.5405405405405406,35,32,5,2,74
consistency_score_file_q25,low_is_c4,0.6113793753000465,0.6728971962616821,0.5142857142857142,0.972972972972973,0.08108108108108109,0.527027027027027,0.5270270270270271,36,34,3,1,74
consistency_score_file_q25,low_is_c4,0.6421473089876524,0.6727272727272727,0.5068493150684932,1.0,0.02702702702702703,0.5135135135135135,0.5135135135135135,37,36,1,0,74
consistency_score_file_q25,low_is_c4,0.521683985708066,0.6666666666666667,0.5423728813559322,0.8648648648648649,0.2702702702702703,0.5675675675675675,0.5675675675675675,32,27,10,5,74
consistency_score_file_q25,low_is_c4,0.45810612767069003,0.6666666666666666,0.58,0.7837837837837838,0.43243243243243246,0.6081081081081081,0.6081081081081081,29,21,16,8,74
consistency_score_file_q25,low_is_c4,0.5121121341825825,0.6666666666666666,0.5535714285714286,0.8378378378378378,0.32432432432432434,0.581081081081081,0.5810810810810811,31,25,12,6,74
consistency_score_file_q25,low_is_c4,0.5297002479555453,0.6666666666666666,0.532258064516129,0.8918918918918919,0.21621621621621623,0.5540540540540541,0.5540540540540541,33,29,8,4,74
consistency_score_file_q25,low_is_c4,0.5367735579367308,0.6666666666666666,0.5230769230769231,0.918918918918919,0.16216216216216217,0.5405405405405406,0.5405405405405406,34,31,6,3,74
consistency_score_file_q25,low_is_c4,0.6233159052546045,0.6666666666666666,0.5070422535211268,0.972972972972973,0.05405405405405406,0.5135135135135135,0.5135135135135136,36,35,2,1,74
consistency_score_file_q25,high_is_c4,0.08437743556855974,0.6666666666666666,0.5,1.0,0.0,0.5,0.5,37,37,0,0,74
consistency_score_file_q25,low_is_c4,0.6486939641253464,0.6666666666666666,0.5,1.0,0.0,0.5,0.5,37,37,0,0,74
consistency_score_file_q25,low_is_c4,0.5872705333705177,0.6666666666666665,0.5147058823529411,0.9459459459459459,0.10810810810810811,0.527027027027027,0.527027027027027,35,33,4,2,74
consistency_score_file_q25,low_is_c4,0.5957560632468497,0.660377358490566,0.5072463768115942,0.9459459459459459,0.08108108108108109,0.5135135135135135,0.5135135135135135,35,34,3,2,74
consistency_score_file_q25,low_is_c4,0.5572745536519554,0.6601941747572816,0.5151515151515151,0.918918918918919,0.13513513513513514,0.527027027027027,0.5270270270270271,34,32,5,3,74
consistency_score_file_q25,low_is_c4,0.5311420729484901,0.6599999999999999,0.5238095238095238,0.8918918918918919,0.1891891891891892,0.5405405405405406,0.5405405405405406,33,30,7,4,74
consistency_score_file_q25,high_is_c4,0.24999088694651891,0.6597938144329898,0.5333333333333333,0.8648648648648649,0.24324324324324326,0.5540540540540541,0.5540540540540541,32,28,9,5,74
consistency_score_file_q25,low_is_c4,0.5238550359271615,0.6597938144329898,0.5333333333333333,0.8648648648648649,0.24324324324324326,0.5540540540540541,0.5540540540540541,32,28,9,5,74
consistency_score_file_q25,low_is_c4,0.4705985732827333,0.6590909090909091,0.5686274509803921,0.7837837837837838,0.40540540540540543,0.5945945945945946,0.5945945945945946,29,22,15,8,74
consistency_score_file_q25,high_is_c4,0.11203921451077481,0.6545454545454545,0.4931506849315068,0.972972972972973,0.0,0.4864864864864865,0.4864864864864865,36,37,0,1,74
consistency_score_file_q25,high_is_c4,0.24998496773803502,0.6530612244897959,0.5245901639344263,0.8648648648648649,0.21621621621621623,0.5405405405405406,0.5405405405405406,32,29,8,5,74
consistency_score_file_q25,low_is_c4,0.5263828866639313,0.6530612244897959,0.5245901639344263,0.8648648648648649,0.21621621621621623,0.5405405405405406,0.5405405405405406,32,29,8,5,74
consistency_score_file_q25,low_is_c4,0.4504368140423626,0.6511627906976745,0.5714285714285714,0.7567567567567568,0.43243243243243246,0.5945945945945946,0.5945945945945946,28,21,16,9,74
consistency_score_file_q25,low_is_c4,0.43743425262507785,0.6506024096385542,0.5869565217391305,0.7297297297297297,0.4864864864864865,0.6081081081081081,0.6081081081081081,27,19,18,10,74
consistency_score_file_q25,high_is_c4,0.161617033025273,0.6481481481481483,0.49295774647887325,0.9459459459459459,0.02702702702702703,0.4864864864864865,0.4864864864864865,35,36,1,2,74
consistency_score_file_q25,high_is_c4,0.2463660767609263,0.6464646464646465,0.5161290322580645,0.8648648648648649,0.1891891891891892,0.527027027027027,0.5270270270270271,32,30,7,5,74
consistency_score_file_q25,high_is_c4,0.24999618116042208,0.6458333333333334,0.5254237288135594,0.8378378378378378,0.24324324324324326,0.5405405405405406,0.5405405405405406,31,28,9,6,74
consistency_score_file_q25,low_is_c4,0.44111654227718455,0.6428571428571429,0.574468085106383,0.7297297297297297,0.4594594594594595,0.5945945945945946,0.5945945945945946,27,20,17,10,74
consistency_score_file_q25,high_is_c4,0.14127583209897432,0.6422018348623854,0.4861111111111111,0.9459459459459459,0.0,0.47297297297297297,0.47297297297297297,35,37,0,2,74
consistency_score_file_q25,high_is_c4,0.1890724503021185,0.6415094339622641,0.4927536231884058,0.918918918918919,0.05405405405405406,0.4864864864864865,0.4864864864864865,34,35,2,3,74
consistency_score_file_q25,low_is_c4,0.4078057086048864,0.6410256410256411,0.6097560975609756,0.6756756756756757,0.5675675675675675,0.6216216216216216,0.6216216216216216,25,16,21,12,74
consistency_score_file_q25,high_is_c4,0.24014630781944074,0.64,0.5079365079365079,0.8648648648648649,0.16216216216216217,0.5135135135135135,0.5135135135135136,32,31,6,5,74
consistency_score_file_q25,high_is_c4,0.1838878522548321,0.6355140186915889,0.4857142857142857,0.918918918918919,0.02702702702702703,0.47297297297297297,0.472972972972973,34,36,1,3,74
consistency_score_file_q25,low_is_c4,0.44462299214566814,0.6352941176470588,0.5625,0.7297297297297297,0.43243243243243246,0.581081081081081,0.5810810810810811,27,21,16,10,74
consistency_score_file_q25,low_is_c4,0.4350221054122574,0.6341463414634145,0.5777777777777777,0.7027027027027027,0.4864864864864865,0.5945945945945946,0.5945945945945946,26,19,18,11,74
consistency_score_file_q25,high_is_c4,0.2324568044617601,0.6336633663366337,0.5,0.8648648648648649,0.13513513513513514,0.5,0.5,32,32,5,5,74
consistency_score_file_q25,low_is_c4,0.41873929250079744,0.6329113924050633,0.5952380952380952,0.6756756756756757,0.5405405405405406,0.6081081081081081,0.6081081081081081,25,17,20,12,74
consistency_score_file_q25,low_is_c4,0.3999447595072845,0.631578947368421,0.6153846153846154,0.6486486486486487,0.5945945945945946,0.6216216216216216,0.6216216216216217,24,15,22,13,74
consistency_score_file_q25,high_is_c4,0.2551398232094682,0.631578947368421,0.5172413793103449,0.8108108108108109,0.24324324324324326,0.527027027027027,0.5270270270270271,30,28,9,7,74
consistency_score_file_q25,high_is_c4,0.1973301663064737,0.6285714285714286,0.4852941176470588,0.8918918918918919,0.05405405405405406,0.47297297297297297,0.47297297297297297,33,35,2,4,74
consistency_score_file_q25,high_is_c4,0.22642524083879742,0.6274509803921569,0.49230769230769234,0.8648648648648649,0.10810810810810811,0.4864864864864865,0.4864864864864865,32,33,4,5,74
consistency_score_file_q25,low_is_c4,0.4242761099484583,0.6250000000000001,0.5813953488372093,0.6756756756756757,0.5135135135135135,0.5945945945945946,0.5945945945945945,25,18,19,12,74
consistency_score_file_q25,low_is_c4,0.4004030027929294,0.6233766233766234,0.6,0.6486486486486487,0.5675675675675675,0.6081081081081081,0.6081081081081081,24,16,21,13,74
consistency_score_file_q25,high_is_c4,0.2204535899518471,0.6213592233009709,0.48484848484848486,0.8648648648648649,0.08108108108108109,0.47297297297297297,0.472972972972973,32,34,3,5,74
consistency_score_file_q25,low_is_c4,0.43007204930877696,0.617283950617284,0.5681818181818182,0.6756756756756757,0.4864864864864865,0.581081081081081,0.5810810810810811,25,19,18,12,74
consistency_score_file_q25,high_is_c4,0.2704365585103203,0.6170212765957447,0.5087719298245614,0.7837837837837838,0.24324324324324326,0.5135135135135135,0.5135135135135135,29,28,9,8,74
consistency_score_file_q25,high_is_c4,0.20966815417790857,0.6153846153846153,0.47761194029850745,0.8648648648648649,0.05405405405405406,0.4594594594594595,0.4594594594594595,32,35,2,5,74
consistency_score_file_q25,low_is_c4,0.3993196295969039,0.6133333333333333,0.6052631578947368,0.6216216216216216,0.5945945945945946,0.6081081081081081,0.6081081081081081,23,15,22,14,74
consistency_score_file_q25,high_is_c4,0.3023622198915388,0.608695652173913,0.509090909090909,0.7567567567567568,0.2702702702702703,0.5135135135135135,0.5135135135135136,28,27,10,9,74
consistency_score_file_q25,high_is_c4,0.2897843095559832,0.6021505376344086,0.5,0.7567567567567568,0.24324324324324326,0.5,0.5,28,28,9,9,74
consistency_score_file_q25,high_is_c4,0.32063297523688533,0.6,0.5094339622641509,0.7297297297297297,0.2972972972972973,0.5135135135135135,0.5135135135135135,27,26,11,10,74
consistency_score_file_q25,low_is_c4,0.3973393292996982,0.5945945945945946,0.5945945945945946,0.5945945945945946,0.5945945945945946,0.5945945945945946,0.5945945945945946,22,15,22,15,74
consistency_score_file_q25,high_is_c4,0.3077511183132901,0.5934065934065933,0.5,0.7297297297297297,0.2702702702702703,0.5,0.5,27,27,10,10,74
consistency_score_file_q25,high_is_c4,0.3323714862687829,0.5842696629213484,0.5,0.7027027027027027,0.2972972972972973,0.5,0.5,26,26,11,11,74
consistency_score_file_q25,low_is_c4,0.3703608735008528,0.5833333333333333,0.6,0.5675675675675675,0.6216216216216216,0.5945945945945946,0.5945945945945945,21,14,23,16,74
consistency_score_file_q25,low_is_c4,0.3867358740779315,0.5753424657534246,0.5833333333333334,0.5675675675675675,0.5945945945945946,0.581081081081081,0.5810810810810811,21,15,22,16,74
consistency_score_file_q25,low_is_c4,0.3581200792932039,0.5714285714285714,0.6060606060606061,0.5405405405405406,0.6486486486486487,0.5945945945945946,0.5945945945945946,20,13,24,17,74
consistency_score_file_q25,high_is_c4,0.3332934643728649,0.5681818181818181,0.49019607843137253,0.6756756756756757,0.2972972972972973,0.4864864864864865,0.4864864864864865,25,26,11,12,74
consistency_score_file_q25,low_is_c4,0.3608830405089863,0.5633802816901409,0.5882352941176471,0.5405405405405406,0.6216216216216216,0.581081081081081,0.5810810810810811,20,14,23,17,74
consistency_score_file_q25,low_is_c4,0.35118033022801337,0.5588235294117647,0.6129032258064516,0.5135135135135135,0.6756756756756757,0.5945945945945946,0.5945945945945945,19,12,25,18,74
consistency_score_file_q25,high_is_c4,0.3337033482992825,0.5517241379310345,0.48,0.6486486486486487,0.2972972972972973,0.47297297297297297,0.472972972972973,24,26,11,13,74
consistency_score_file_q25,low_is_c4,0.355439259989569,0.5507246376811593,0.59375,0.5135135135135135,0.6486486486486487,0.581081081081081,0.5810810810810811,19,13,24,18,74
consistency_score_file_q25,low_is_c4,0.3489653627481374,0.5373134328358209,0.6,0.4864864864864865,0.6756756756756757,0.581081081081081,0.5810810810810811,18,12,25,19,74
consistency_score_file_q25,high_is_c4,0.3341085057535343,0.5348837209302325,0.46938775510204084,0.6216216216216216,0.2972972972972973,0.4594594594594595,0.45945945945945943,23,26,11,14,74
consistency_score_file_q25,high_is_c4,0.3363298158704786,0.5176470588235293,0.4583333333333333,0.5945945945945946,0.2972972972972973,0.44594594594594594,0.44594594594594594,22,26,11,15,74
consistency_score_file_q25,low_is_c4,0.34640903796057887,0.5151515151515151,0.5862068965517241,0.4594594594594595,0.6756756756756757,0.5675675675675675,0.5675675675675675,17,12,25,20,74
consistency_score_file_q25,high_is_c4,0.3413758957354913,0.506024096385542,0.45652173913043476,0.5675675675675675,0.32432432432432434,0.44594594594594594,0.44594594594594594,21,25,12,16,74
consistency_score_file_q25,low_is_c4,0.33860996714325076,0.5,0.5925925925925926,0.43243243243243246,0.7027027027027027,0.5675675675675675,0.5675675675675675,16,11,26,21,74
consistency_score_file_q25,high_is_c4,0.33860996714325076,0.5,0.44680851063829785,0.5675675675675675,0.2972972972972973,0.43243243243243246,0.43243243243243246,21,26,11,16,74
consistency_score_file_q25,low_is_c4,0.3413758957354913,0.49230769230769234,0.5714285714285714,0.43243243243243246,0.6756756756756757,0.5540540540540541,0.5540540540540541,16,12,25,21,74
consistency_score_file_q25,high_is_c4,0.34640903796057887,0.4878048780487805,0.4444444444444444,0.5405405405405406,0.32432432432432434,0.43243243243243246,0.43243243243243246,20,25,12,17,74
consistency_score_file_q25,low_is_c4,0.3363298158704786,0.47619047619047616,0.5769230769230769,0.40540540540540543,0.7027027027027027,0.5540540540540541,0.5540540540540541,15,11,26,22,74
consistency_score_file_q25,high_is_c4,0.3489653627481374,0.46913580246913583,0.4318181818181818,0.5135135135135135,0.32432432432432434,0.4189189189189189,0.4189189189189189,19,25,12,18,74
consistency_score_file_q25,high_is_c4,0.355439259989569,0.4556962025316456,0.42857142857142855,0.4864864864864865,0.35135135135135137,0.4189189189189189,0.41891891891891897,18,24,13,19,74
consistency_score_file_q25,low_is_c4,0.3341085057535343,0.4516129032258065,0.56,0.3783783783783784,0.7027027027027027,0.5405405405405406,0.5405405405405406,14,11,26,23,74
consistency_score_file_q25,high_is_c4,0.35118033022801337,0.45,0.4186046511627907,0.4864864864864865,0.32432432432432434,0.40540540540540543,0.40540540540540543,18,25,12,19,74
consistency_score_file_q25,high_is_c4,0.3608830405089863,0.44155844155844154,0.425,0.4594594594594595,0.3783783783783784,0.4189189189189189,0.41891891891891897,17,23,14,20,74
consistency_score_file_q25,high_is_c4,0.3581200792932039,0.4358974358974359,0.4146341463414634,0.4594594594594595,0.35135135135135137,0.40540540540540543,0.40540540540540543,17,24,13,20,74
consistency_score_file_q25,high_is_c4,0.3867358740779315,0.4266666666666667,0.42105263157894735,0.43243243243243246,0.40540540540540543,0.4189189189189189,0.41891891891891897,16,22,15,21,74
consistency_score_file_q25,low_is_c4,0.3337033482992825,0.4262295081967213,0.5416666666666666,0.35135135135135137,0.7027027027027027,0.527027027027027,0.5270270270270271,13,11,26,24,74
consistency_score_file_q25,high_is_c4,0.3703608735008528,0.42105263157894735,0.41025641025641024,0.43243243243243246,0.3783783783783784,0.40540540540540543,0.40540540540540543,16,23,14,21,74
consistency_score_file_q25,high_is_c4,0.3973393292996982,0.40540540540540543,0.40540540540540543,0.40540540540540543,0.40540540540540543,0.40540540540540543,0.40540540540540543,15,22,15,22,74
consistency_score_file_q25,low_is_c4,0.3332934643728649,0.4,0.5217391304347826,0.32432432432432434,0.7027027027027027,0.5135135135135135,0.5135135135135136,12,11,26,25,74
consistency_score_file_q25,high_is_c4,0.3993196295969039,0.3835616438356164,0.3888888888888889,0.3783783783783784,0.40540540540540543,0.3918918918918919,0.3918918918918919,14,22,15,23,74
consistency_score_file_q25,low_is_c4,0.3323714862687829,0.3728813559322034,0.5,0.2972972972972973,0.7027027027027027,0.5,0.5,11,11,26,26,74
consistency_score_file_q25,high_is_c4,0.4004030027929294,0.3661971830985916,0.38235294117647056,0.35135135135135137,0.43243243243243246,0.3918918918918919,0.3918918918918919,13,21,16,24,74
consistency_score_file_q25,high_is_c4,0.3999447595072845,0.36111111111111116,0.37142857142857144,0.35135135135135137,0.40540540540540543,0.3783783783783784,0.3783783783783784,13,22,15,24,74
consistency_score_file_q25,high_is_c4,0.43007204930877696,0.3582089552238806,0.4,0.32432432432432434,0.5135135135135135,0.4189189189189189,0.4189189189189189,12,18,19,25,74
consistency_score_file_q25,high_is_c4,0.4242761099484583,0.3529411764705882,0.3870967741935484,0.32432432432432434,0.4864864864864865,0.40540540540540543,0.40540540540540543,12,19,18,25,74
consistency_score_file_q25,low_is_c4,0.3077511183132901,0.3508771929824562,0.5,0.2702702702702703,0.7297297297297297,0.5,0.5,10,10,27,27,74
consistency_score_file_q25,high_is_c4,0.41873929250079744,0.34782608695652173,0.375,0.32432432432432434,0.4594594594594595,0.3918918918918919,0.3918918918918919,12,20,17,25,74
consistency_score_file_q25,low_is_c4,0.32063297523688533,0.3448275862068966,0.47619047619047616,0.2702702702702703,0.7027027027027027,0.4864864864864865,0.4864864864864865,10,11,26,27,74
consistency_score_file_q25,high_is_c4,0.4078057086048864,0.34285714285714286,0.36363636363636365,0.32432432432432434,0.43243243243243246,0.3783783783783784,0.3783783783783784,12,21,16,25,74
consistency_score_file_q25,high_is_c4,0.4350221054122574,0.33333333333333337,0.3793103448275862,0.2972972972972973,0.5135135135135135,0.40540540540540543,0.4054054054054054,11,18,19,26,74
consistency_score_file_q25,low_is_c4,0.2897843095559832,0.3272727272727273,0.5,0.24324324324324326,0.7567567567567568,0.5,0.5,9,9,28,28,74
consistency_score_file_q25,low_is_c4,0.3023622198915388,0.3214285714285714,0.47368421052631576,0.24324324324324326,0.7297297297297297,0.4864864864864865,0.4864864864864865,9,10,27,28,74
consistency_score_file_q25,high_is_c4,0.44462299214566814,0.31746031746031744,0.38461538461538464,0.2702702702702703,0.5675675675675675,0.4189189189189189,0.4189189189189189,10,16,21,27,74
consistency_score_file_q25,high_is_c4,0.44111654227718455,0.3125,0.37037037037037035,0.2702702702702703,0.5405405405405406,0.40540540540540543,0.40540540540540543,10,17,20,27,74
consistency_score_file_q25,high_is_c4,0.43743425262507785,0.3076923076923077,0.35714285714285715,0.2702702702702703,0.5135135135135135,0.3918918918918919,0.3918918918918919,10,18,19,27,74
consistency_score_file_q25,low_is_c4,0.2704365585103203,0.29629629629629634,0.47058823529411764,0.21621621621621623,0.7567567567567568,0.4864864864864865,0.4864864864864865,8,9,28,29,74
consistency_score_file_q25,high_is_c4,0.4504368140423626,0.2903225806451613,0.36,0.24324324324324326,0.5675675675675675,0.40540540540540543,0.4054054054054054,9,16,21,28,74
consistency_score_file_q25,high_is_c4,0.4705985732827333,0.26666666666666666,0.34782608695652173,0.21621621621621623,0.5945945945945946,0.40540540540540543,0.40540540540540543,8,15,22,29,74
consistency_score_file_q25,low_is_c4,0.2551398232094682,0.2641509433962264,0.4375,0.1891891891891892,0.7567567567567568,0.47297297297297297,0.472972972972973,7,9,28,30,74
consistency_score_file_q25,high_is_c4,0.45810612767069003,0.26229508196721313,0.3333333333333333,0.21621621621621623,0.5675675675675675,0.3918918918918919,0.3918918918918919,8,16,21,29,74
consistency_score_file_q25,high_is_c4,0.48493166581023794,0.23728813559322035,0.3181818181818182,0.1891891891891892,0.5945945945945946,0.3918918918918919,0.3918918918918919,7,15,22,30,74
consistency_score_file_q25,low_is_c4,0.24999618116042208,0.23076923076923078,0.4,0.16216216216216217,0.7567567567567568,0.4594594594594595,0.4594594594594595,6,9,28,31,74
consistency_score_file_q25,low_is_c4,0.20966815417790857,0.22727272727272727,0.7142857142857143,0.13513513513513514,0.9459459459459459,0.5405405405405406,0.5405405405405406,5,2,35,32,74
consistency_score_file_q25,low_is_c4,0.2204535899518471,0.22222222222222224,0.625,0.13513513513513514,0.918918918918919,0.527027027027027,0.5270270270270271,5,3,34,32,74
consistency_score_file_q25,high_is_c4,0.5121121341825825,0.2181818181818182,0.3333333333333333,0.16216216216216217,0.6756756756756757,0.4189189189189189,0.4189189189189189,6,12,25,31,74
consistency_score_file_q25,low_is_c4,0.22642524083879742,0.2173913043478261,0.5555555555555556,0.13513513513513514,0.8918918918918919,0.5135135135135135,0.5135135135135135,5,4,33,32,74
consistency_score_file_q25,high_is_c4,0.5058161683657325,0.21428571428571427,0.3157894736842105,0.16216216216216217,0.6486486486486487,0.40540540540540543,0.40540540540540543,6,13,24,31,74
consistency_score_file_q25,low_is_c4,0.2324568044617601,0.21276595744680854,0.5,0.13513513513513514,0.8648648648648649,0.5,0.5,5,5,32,32,74
consistency_score_file_q25,high_is_c4,0.5000627539922573,0.2105263157894737,0.3,0.16216216216216217,0.6216216216216216,0.3918918918918919,0.3918918918918919,6,14,23,31,74
consistency_score_file_q25,low_is_c4,0.24014630781944074,0.20833333333333334,0.45454545454545453,0.13513513513513514,0.8378378378378378,0.4864864864864865,0.4864864864864865,5,6,31,32,74
consistency_score_file_q25,high_is_c4,0.4945742165519431,0.20689655172413793,0.2857142857142857,0.16216216216216217,0.5945945945945946,0.3783783783783784,0.3783783783783784,6,15,22,31,74
consistency_score_file_q25,low_is_c4,0.2463660767609263,0.20408163265306126,0.4166666666666667,0.13513513513513514,0.8108108108108109,0.47297297297297297,0.472972972972973,5,7,30,32,74
consistency_score_file_q25,high_is_c4,0.5263828866639313,0.2,0.38461538461538464,0.13513513513513514,0.7837837837837838,0.4594594594594595,0.45945945945945943,5,8,29,32,74
consistency_score_file_q25,low_is_c4,0.24998496773803502,0.2,0.38461538461538464,0.13513513513513514,0.7837837837837838,0.4594594594594595,0.45945945945945943,5,8,29,32,74
consistency_score_file_q25,high_is_c4,0.5238550359271615,0.19607843137254902,0.35714285714285715,0.13513513513513514,0.7567567567567568,0.44594594594594594,0.44594594594594594,5,9,28,32,74
consistency_score_file_q25,low_is_c4,0.24999088694651891,0.19607843137254902,0.35714285714285715,0.13513513513513514,0.7567567567567568,0.44594594594594594,0.44594594594594594,5,9,28,32,74
consistency_score_file_q25,high_is_c4,0.521683985708066,0.1923076923076923,0.3333333333333333,0.13513513513513514,0.7297297297297297,0.43243243243243246,0.43243243243243246,5,10,27,32,74
consistency_score_file_q25,high_is_c4,0.5189708824190997,0.18867924528301885,0.3125,0.13513513513513514,0.7027027027027027,0.4189189189189189,0.41891891891891897,5,11,26,32,74
consistency_score_file_q25,low_is_c4,0.1973301663064737,0.18604651162790697,0.6666666666666666,0.10810810810810811,0.9459459459459459,0.527027027027027,0.527027027027027,4,2,35,33,74
consistency_score_file_q25,high_is_c4,0.5158167819221828,0.18518518518518517,0.29411764705882354,0.13513513513513514,0.6756756756756757,0.40540540540540543,0.4054054054054054,5,12,25,32,74
consistency_score_file_q25,high_is_c4,0.5311420729484901,0.16666666666666669,0.36363636363636365,0.10810810810810811,0.8108108108108109,0.4594594594594595,0.4594594594594595,4,7,30,33,74
consistency_score_file_q25,high_is_c4,0.5297002479555453,0.163265306122449,0.3333333333333333,0.10810810810810811,0.7837837837837838,0.44594594594594594,0.44594594594594594,4,8,29,33,74
consistency_score_file_q25,low_is_c4,0.1838878522548321,0.14634146341463414,0.75,0.08108108108108109,0.972972972972973,0.527027027027027,0.5270270270270271,3,1,36,34,74
consistency_score_file_q25,low_is_c4,0.1890724503021185,0.14285714285714288,0.6,0.08108108108108109,0.9459459459459459,0.5135135135135135,0.5135135135135135,3,2,35,34,74
consistency_score_file_q25,high_is_c4,0.5572745536519554,0.13333333333333333,0.375,0.08108108108108109,0.8648648648648649,0.47297297297297297,0.472972972972973,3,5,32,34,74
consistency_score_file_q25,high_is_c4,0.5367735579367308,0.13043478260869568,0.3333333333333333,0.08108108108108109,0.8378378378378378,0.4594594594594595,0.45945945945945943,3,6,31,34,74
consistency_score_file_q25,high_is_c4,0.5317541362057949,0.12765957446808512,0.3,0.08108108108108109,0.8108108108108109,0.44594594594594594,0.44594594594594594,3,7,30,34,74
consistency_score_file_q25,low_is_c4,0.14127583209897432,0.10256410256410257,1.0,0.05405405405405406,1.0,0.527027027027027,0.527027027027027,2,0,37,35,74
consistency_score_file_q25,low_is_c4,0.161617033025273,0.1,0.6666666666666666,0.05405405405405406,0.972972972972973,0.5135135135135135,0.5135135135135136,2,1,36,35,74
consistency_score_file_q25,high_is_c4,0.5957560632468497,0.09523809523809523,0.4,0.05405405405405406,0.918918918918919,0.4864864864864865,0.4864864864864865,2,3,34,35,74
consistency_score_file_q25,high_is_c4,0.5872705333705177,0.09302325581395349,0.3333333333333333,0.05405405405405406,0.8918918918918919,0.47297297297297297,0.47297297297297297,2,4,33,35,74
consistency_score_file_q25,high_is_c4,0.5782591248412889,0.09090909090909091,0.2857142857142857,0.05405405405405406,0.8648648648648649,0.4594594594594595,0.4594594594594595,2,5,32,35,74
consistency_score_file_q25,low_is_c4,0.08437743556855974,0.052631578947368425,1.0,0.02702702702702703,1.0,0.5135135135135135,0.5135135135135135,1,0,37,36,74
consistency_score_file_q25,low_is_c4,0.11203921451077481,0.052631578947368425,1.0,0.02702702702702703,1.0,0.5135135135135135,0.5135135135135135,1,0,37,36,74
consistency_score_file_q25,high_is_c4,0.6233159052546045,0.05,0.3333333333333333,0.02702702702702703,0.9459459459459459,0.4864864864864865,0.4864864864864865,1,2,35,36,74
consistency_score_file_q25,high_is_c4,0.6113793753000465,0.04878048780487805,0.25,0.02702702702702703,0.918918918918919,0.47297297297297297,0.472972972972973,1,3,34,36,74
consistency_score_file_q25,high_is_c4,0.6421473089876524,0.0,0.0,0.0,0.972972972972973,0.4864864864864865,0.4864864864864865,0,1,36,37,74
consistency_score_file_q25,high_is_c4,0.6486939641253464,0.0,0.0,0.0,0.972972972972973,0.4864864864864865,0.4864864864864865,0,1,36,37,74
consistency_score_file_q25,high_is_c4,0.6298866676044217,0.0,0.0,0.0,0.9459459459459459,0.47297297297297297,0.47297297297297297,0,2,35,37,74
consistency_score_file_q75,low_is_c4,0.9680208886296029,0.7096774193548389,0.5892857142857143,0.8918918918918919,0.3783783783783784,0.6351351351351351,0.6351351351351351,33,23,14,4,74
consistency_score_file_q75,low_is_c4,0.9666818892488737,0.7032967032967032,0.5925925925925926,0.8648648648648649,0.40540540540540543,0.6351351351351351,0.6351351351351352,32,22,15,5,74
consistency_score_file_q75,low_is_c4,0.9712636127096087,0.7021276595744681,0.5789473684210527,0.8918918918918919,0.35135135135135137,0.6216216216216216,0.6216216216216216,33,24,13,4,74
consistency_score_file_q75,low_is_c4,0.9668167364018394,0.6956521739130435,0.5818181818181818,0.8648648648648649,0.3783783783783784,0.6216216216216216,0.6216216216216217,32,23,14,5,74
consistency_score_file_q75,low_is_c4,0.9744817369169823,0.6947368421052632,0.5689655172413793,0.8918918918918919,0.32432432432432434,0.6081081081081081,0.6081081081081081,33,25,12,4,74
consistency_score_file_q75,low_is_c4,0.9651581161276639,0.6888888888888889,0.5849056603773585,0.8378378378378378,0.40540540540540543,0.6216216216216216,0.6216216216216216,31,22,15,6,74
consistency_score_file_q75,low_is_c4,0.980478593832484,0.6874999999999999,0.559322033898305,0.8918918918918919,0.2972972972972973,0.5945945945945946,0.5945945945945946,33,26,11,4,74
consistency_score_file_q75,low_is_c4,0.9997577611031294,0.6851851851851851,0.5211267605633803,1.0,0.08108108108108109,0.5405405405405406,0.5405405405405406,37,34,3,0,74
consistency_score_file_q75,low_is_c4,0.985456747085379,0.6804123711340206,0.55,0.8918918918918919,0.2702702702702703,0.581081081081081,0.5810810810810811,33,27,10,4,74
consistency_score_file_q75,low_is_c4,0.9934746026238792,0.6796116504854369,0.5303030303030303,0.9459459459459459,0.16216216216216217,0.5540540540540541,0.5540540540540541,35,31,6,2,74
consistency_score_file_q75,low_is_c4,0.9998669976115715,0.6788990825688073,0.5138888888888888,1.0,0.05405405405405406,0.527027027027027,0.527027027027027,37,35,2,0,74
consistency_score_file_q75,low_is_c4,0.9633708787057407,0.6741573033707865,0.5769230769230769,0.8108108108108109,0.40540540540540543,0.6081081081081081,0.6081081081081081,30,22,15,7,74
consistency_score_file_q75,low_is_c4,0.9861691531744594,0.673469387755102,0.5409836065573771,0.8918918918918919,0.24324324324324326,0.5675675675675675,0.5675675675675675,33,28,9,4,74
consistency_score_file_q75,low_is_c4,0.9912226987671022,0.6732673267326733,0.53125,0.918918918918919,0.1891891891891892,0.5540540540540541,0.5540540540540541,34,30,7,3,74
consistency_score_file_q75,low_is_c4,0.9958012832802525,0.673076923076923,0.5223880597014925,0.9459459459459459,0.13513513513513514,0.5405405405405406,0.5405405405405406,35,32,5,2,74
consistency_score_file_q75,low_is_c4,0.999298075517792,0.6728971962616821,0.5142857142857142,0.972972972972973,0.08108108108108109,0.527027027027027,0.5270270270270271,36,34,3,1,74
consistency_score_file_q75,low_is_c4,0.999946661503767,0.6727272727272727,0.5068493150684932,1.0,0.02702702702702703,0.5135135135135135,0.5135135135135135,37,36,1,0,74
consistency_score_file_q75,low_is_c4,0.9884463971823216,0.6666666666666666,0.532258064516129,0.8918918918918919,0.21621621621621623,0.5540540540540541,0.5540540540540541,33,29,8,4,74
consistency_score_file_q75,low_is_c4,0.9923477552424315,0.6666666666666666,0.5230769230769231,0.918918918918919,0.16216216216216217,0.5405405405405406,0.5405405405405406,34,31,6,3,74
consistency_score_file_q75,high_is_c4,0.5839828375518958,0.6666666666666666,0.5,1.0,0.0,0.5,0.5,37,37,0,0,74
consistency_score_file_q75,low_is_c4,0.9999914007160021,0.6666666666666666,0.5,1.0,0.0,0.5,0.5,37,37,0,0,74
consistency_score_file_q75,low_is_c4,0.9977404720594056,0.6666666666666665,0.5147058823529411,0.9459459459459459,0.10810810810810811,0.527027027027027,0.527027027027027,35,33,4,2,74
consistency_score_file_q75,low_is_c4,0.9986487131988235,0.660377358490566,0.5072463768115942,0.9459459459459459,0.08108108108108109,0.5135135135135135,0.5135135135135135,35,34,3,2,74
consistency_score_file_q75,low_is_c4,0.9901586426139297,0.6599999999999999,0.5238095238095238,0.8918918918918919,0.1891891891891892,0.5405405405405406,0.5405405405405406,33,30,7,4,74
consistency_score_file_q75,low_is_c4,0.9629846982119163,0.6590909090909091,0.5686274509803921,0.7837837837837838,0.40540540540540543,0.5945945945945946,0.5945945945945946,29,22,15,8,74
consistency_score_file_q75,high_is_c4,0.6227953761744631,0.6545454545454545,0.4931506849315068,0.972972972972973,0.0,0.4864864864864865,0.4864864864864865,36,37,0,1,74
consistency_score_file_q75,low_is_c4,0.9615772237791747,0.6436781609195402,0.56,0.7567567567567568,0.40540540540540543,0.581081081081081,0.5810810810810811,28,22,15,9,74
consistency_score_file_q75,high_is_c4,0.69633261077817,0.6422018348623854,0.4861111111111111,0.9459459459459459,0.0,0.47297297297297297,0.47297297297297297,35,37,0,2,74
consistency_score_file_q75,high_is_c4,0.7369700273613051,0.6355140186915889,0.4857142857142857,0.918918918918919,0.02702702702702703,0.47297297297297297,0.472972972972973,34,36,1,3,74
consistency_score_file_q75,high_is_c4,0.7321408395201844,0.6296296296296297,0.4788732394366197,0.918918918918919,0.0,0.4594594594594595,0.4594594594594595,34,37,0,3,74
consistency_score_file_q75,low_is_c4,0.9597019640603919,0.6279069767441859,0.5510204081632653,0.7297297297297297,0.40540540540540543,0.5675675675675675,0.5675675675675675,27,22,15,10,74
consistency_score_file_q75,high_is_c4,0.7453547885376198,0.6226415094339622,0.4782608695652174,0.8918918918918919,0.02702702702702703,0.4594594594594595,0.45945945945945943,33,36,1,4,74
consistency_score_file_q75,high_is_c4,0.7615103525611315,0.6213592233009709,0.48484848484848486,0.8648648648648649,0.08108108108108109,0.47297297297297297,0.472972972972973,32,34,3,5,74
consistency_score_file_q75,low_is_c4,0.9585330412857376,0.6190476190476191,0.5531914893617021,0.7027027027027027,0.43243243243243246,0.5675675675675675,0.5675675675675675,26,21,16,11,74
consistency_score_file_q75,high_is_c4,0.753597402933186,0.6153846153846153,0.47761194029850745,0.8648648648648649,0.05405405405405406,0.4594594594594595,0.4594594594594595,32,35,2,5,74
consistency_score_file_q75,low_is_c4,0.9591812396565333,0.611764705882353,0.5416666666666666,0.7027027027027027,0.40540540540540543,0.5540540540540541,0.5540540540540541,26,22,15,11,74
consistency_score_file_q75,high_is_c4,0.7501003225805962,0.6095238095238095,0.47058823529411764,0.8648648648648649,0.02702702702702703,0.44594594594594594,0.44594594594594594,32,36,1,5,74
consistency_score_file_q75,high_is_c4,0.7720075435681595,0.607843137254902,0.47692307692307695,0.8378378378378378,0.08108108108108109,0.4594594594594595,0.45945945945945943,31,34,3,6,74
consistency_score_file_q75,low_is_c4,0.951339350851975,0.6024096385542168,0.5434782608695652,0.6756756756756757,0.43243243243243246,0.5540540540540541,0.5540540540540541,25,21,16,12,74
consistency_score_file_q75,high_is_c4,0.7814430048553755,0.594059405940594,0.46875,0.8108108108108109,0.08108108108108109,0.44594594594594594,0.44594594594594594,30,34,3,7,74
consistency_score_file_q75,low_is_c4,0.9425785675480325,0.5853658536585367,0.5333333333333333,0.6486486486486487,0.43243243243243246,0.5405405405405406,0.5405405405405406,24,21,16,13,74
consistency_score_file_q75,high_is_c4,0.7862101382014967,0.58,0.4603174603174603,0.7837837837837838,0.08108108108108109,0.43243243243243246,0.43243243243243246,29,34,3,8,74
consistency_score_file_q75,low_is_c4,0.9364586745333419,0.5679012345679012,0.5227272727272727,0.6216216216216216,0.43243243243243246,0.527027027027027,0.527027027027027,23,21,16,14,74
consistency_score_file_q75,high_is_c4,0.7880470445604988,0.5656565656565656,0.45161290322580644,0.7567567567567568,0.08108108108108109,0.4189189189189189,0.41891891891891897,28,34,3,9,74
consistency_score_file_q75,high_is_c4,0.8183549964720391,0.5625,0.4576271186440678,0.7297297297297297,0.13513513513513514,0.43243243243243246,0.43243243243243246,27,32,5,10,74
consistency_score_file_q75,high_is_c4,0.8032040453973344,0.556701030927835,0.45,0.7297297297297297,0.10810810810810811,0.4189189189189189,0.4189189189189189,27,33,4,10,74
consistency_score_file_q75,high_is_c4,0.83303698543412,0.553191489361702,0.45614035087719296,0.7027027027027027,0.16216216216216217,0.43243243243243246,0.43243243243243246,26,31,6,11,74
consistency_score_file_q75,high_is_c4,0.7908174014635103,0.5510204081632653,0.4426229508196721,0.7297297297297297,0.08108108108108109,0.40540540540540543,0.4054054054054054,27,34,3,10,74
consistency_score_file_q75,low_is_c4,0.9267518601772333,0.55,0.5116279069767442,0.5945945945945946,0.43243243243243246,0.5135135135135135,0.5135135135135136,22,21,16,15,74
consistency_score_file_q75,low_is_c4,0.8919823223791409,0.547945205479452,0.5555555555555556,0.5405405405405406,0.5675675675675675,0.5540540540540541,0.5540540540540541,20,16,21,17,74
consistency_score_file_q75,high_is_c4,0.8280388949609461,0.5473684210526315,0.4482758620689655,0.7027027027027027,0.13513513513513514,0.4189189189189189,0.41891891891891897,26,32,5,11,74
consistency_score_file_q75,low_is_c4,0.9070545887643469,0.5454545454545455,0.525,0.5675675675675675,0.4864864864864865,0.527027027027027,0.527027027027027,21,19,18,16,74
consistency_score_file_q75,low_is_c4,0.8947114954234587,0.5405405405405406,0.5405405405405406,0.5405405405405406,0.5405405405405406,0.5405405405405406,0.5405405405405406,20,17,20,17,74
consistency_score_file_q75,low_is_c4,0.9140177251186881,0.5384615384615384,0.5121951219512195,0.5675675675675675,0.4594594594594595,0.5135135135135135,0.5135135135135135,21,20,17,16,74
consistency_score_file_q75,high_is_c4,0.8343098514081912,0.5376344086021506,0.44642857142857145,0.6756756756756757,0.16216216216216217,0.4189189189189189,0.4189189189189189,25,31,6,12,74
consistency_score_file_q75,low_is_c4,0.8766383841417977,0.5352112676056339,0.5588235294117647,0.5135135135135135,0.5945945945945946,0.5540540540540541,0.5540540540540541,19,15,22,18,74
consistency_score_file_q75,low_is_c4,0.8981393481499477,0.5333333333333333,0.5263157894736842,0.5405405405405406,0.5135135135135135,0.527027027027027,0.527027027027027,20,18,19,17,74
consistency_score_file_q75,low_is_c4,0.9206885605541244,0.5316455696202531,0.5,0.5675675675675675,0.43243243243243246,0.5,0.5,21,21,16,16,74
consistency_score_file_q75,low_is_c4,0.8862999529530442,0.5277777777777778,0.5428571428571428,0.5135135135135135,0.5675675675675675,0.5405405405405406,0.5405405405405406,19,16,21,18,74
consistency_score_file_q75,low_is_c4,0.902692910162855,0.5263157894736842,0.5128205128205128,0.5405405405405406,0.4864864864864865,0.5135135135135135,0.5135135135135136,20,19,18,17,74
consistency_score_file_q75,high_is_c4,0.851807110524778,0.5238095238095238,0.46808510638297873,0.5945945945945946,0.32432432432432434,0.4594594594594595,0.4594594594594595,22,25,12,15,74
consistency_score_file_q75,high_is_c4,0.8360532626315,0.5217391304347827,0.43636363636363634,0.6486486486486487,0.16216216216216217,0.40540540540540543,0.40540540540540543,24,31,6,13,74
consistency_score_file_q75,high_is_c4,0.8553348383747436,0.5185185185185185,0.4772727272727273,0.5675675675675675,0.3783783783783784,0.47297297297297297,0.47297297297297297,21,23,14,16,74
consistency_score_file_q75,high_is_c4,0.84802688435203,0.5176470588235293,0.4583333333333333,0.5945945945945946,0.2972972972972973,0.44594594594594594,0.44594594594594594,22,26,11,15,74
consistency_score_file_q75,low_is_c4,0.8694960803622478,0.5142857142857143,0.5454545454545454,0.4864864864864865,0.5945945945945946,0.5405405405405406,0.5405405405405406,18,15,22,19,74
consistency_score_file_q75,high_is_c4,0.8520089469771908,0.5121951219512195,0.4666666666666667,0.5675675675675675,0.35135135135135137,0.4594594594594595,0.45945945945945943,21,24,13,16,74
consistency_score_file_q75,high_is_c4,0.8443814710855224,0.5116279069767442,0.4489795918367347,0.5945945945945946,0.2702702702702703,0.43243243243243246,0.43243243243243246,22,27,10,15,74
consistency_score_file_q75,high_is_c4,0.8407399181920197,0.5111111111111112,0.4339622641509434,0.6216216216216216,0.1891891891891892,0.40540540540540543,0.4054054054054054,23,30,7,14,74
consistency_score_file_q75,low_is_c4,0.8435071617627763,0.5084745762711864,0.6818181818181818,0.40540540540540543,0.8108108108108109,0.6081081081081081,0.6081081081081081,15,7,30,22,74
consistency_score_file_q75,high_is_c4,0.8645097016991361,0.5063291139240507,0.47619047619047616,0.5405405405405406,0.40540540540540543,0.47297297297297297,0.472972972972973,20,22,15,17,74
consistency_score_file_q75,high_is_c4,0.8519510054694095,0.506024096385542,0.45652173913043476,0.5675675675675675,0.32432432432432434,0.44594594594594594,0.44594594594594594,21,25,12,16,74
consistency_score_file_q75,high_is_c4,0.8443697818557667,0.5057471264367815,0.44,0.5945945945945946,0.24324324324324326,0.4189189189189189,0.41891891891891897,22,28,9,15,74
consistency_score_file_q75,high_is_c4,0.8374364168133258,0.5054945054945055,0.42592592592592593,0.6216216216216216,0.16216216216216217,0.3918918918918919,0.3918918918918919,23,31,6,14,74
consistency_score_file_q75,high_is_c4,0.8439654259492351,0.5000000000000001,0.43137254901960786,0.5945945945945946,0.21621621621621623,0.40540540540540543,0.40540540540540543,22,29,8,15,74
consistency_score_file_q75,low_is_c4,0.8439654259492351,0.5,0.6521739130434783,0.40540540540540543,0.7837837837837838,0.5945945945945946,0.5945945945945946,15,8,29,22,74
consistency_score_file_q75,low_is_c4,0.8606132089266993,0.5,0.5483870967741935,0.4594594594594595,0.6216216216216216,0.5405405405405406,0.5405405405405406,17,14,23,20,74
consistency_score_file_q75,high_is_c4,0.8606132089266993,0.5,0.46511627906976744,0.5405405405405406,0.3783783783783784,0.4594594594594595,0.4594594594594595,20,23,14,17,74
consistency_score_file_q75,high_is_c4,0.8435071617627763,0.49438202247191015,0.4230769230769231,0.5945945945945946,0.1891891891891892,0.3918918918918919,0.3918918918918919,22,30,7,15,74
consistency_score_file_q75,low_is_c4,0.8645097016991361,0.4927536231884059,0.53125,0.4594594594594595,0.5945945945945946,0.527027027027027,0.5270270270270271,17,15,22,20,74
consistency_score_file_q75,low_is_c4,0.8519510054694095,0.49230769230769234,0.5714285714285714,0.43243243243243246,0.6756756756756757,0.5540540540540541,0.5540540540540541,16,12,25,21,74
consistency_score_file_q75,low_is_c4,0.8443697818557667,0.4918032786885246,0.625,0.40540540540540543,0.7567567567567568,0.581081081081081,0.5810810810810811,15,9,28,22,74
consistency_score_file_q75,low_is_c4,0.8374364168133258,0.4912280701754387,0.7,0.3783783783783784,0.8378378378378378,0.6081081081081081,0.6081081081081081,14,6,31,23,74
consistency_score_file_q75,high_is_c4,0.8694960803622478,0.48717948717948717,0.4634146341463415,0.5135135135135135,0.40540540540540543,0.4594594594594595,0.45945945945945943,19,22,15,18,74
consistency_score_file_q75,low_is_c4,0.8520089469771908,0.48484848484848486,0.5517241379310345,0.43243243243243246,0.6486486486486487,0.5405405405405406,0.5405405405405406,16,13,24,21,74
consistency_score_file_q75,low_is_c4,0.8443814710855224,0.48387096774193555,0.6,0.40540540540540543,0.7297297297297297,0.5675675675675675,0.5675675675675675,15,10,27,22,74
consistency_score_file_q75,low_is_c4,0.8407399181920197,0.48275862068965514,0.6666666666666666,0.3783783783783784,0.8108108108108109,0.5945945945945946,0.5945945945945946,14,7,30,23,74
consistency_score_file_q75,low_is_c4,0.8553348383747436,0.47761194029850745,0.5333333333333333,0.43243243243243246,0.6216216216216216,0.527027027027027,0.527027027027027,16,14,23,21,74
consistency_score_file_q75,low_is_c4,0.84802688435203,0.47619047619047616,0.5769230769230769,0.40540540540540543,0.7027027027027027,0.5540540540540541,0.5540540540540541,15,11,26,22,74
consistency_score_file_q75,high_is_c4,0.8862999529530442,0.47368421052631576,0.46153846153846156,0.4864864864864865,0.43243243243243246,0.4594594594594595,0.4594594594594595,18,21,16,19,74
consistency_score_file_q75,high_is_c4,0.902692910162855,0.47222222222222227,0.4857142857142857,0.4594594594594595,0.5135135135135135,0.4864864864864865,0.4864864864864865,17,18,19,20,74
consistency_score_file_q75,low_is_c4,0.851807110524778,0.46875,0.5555555555555556,0.40540540540540543,0.6756756756756757,0.5405405405405406,0.5405405405405406,15,12,25,22,74
consistency_score_file_q75,high_is_c4,0.8766383841417977,0.4675324675324675,0.45,0.4864864864864865,0.40540540540540543,0.44594594594594594,0.44594594594594594,18,22,15,19,74
consistency_score_file_q75,high_is_c4,0.8981393481499477,0.4657534246575342,0.4722222222222222,0.4594594594594595,0.4864864864864865,0.47297297297297297,0.472972972972973,17,19,18,20,74
consistency_score_file_q75,low_is_c4,0.8360532626315,0.4642857142857143,0.6842105263157895,0.35135135135135137,0.8378378378378378,0.5945945945945946,0.5945945945945946,13,6,31,24,74
consistency_score_file_q75,high_is_c4,0.9206885605541244,0.463768115942029,0.5,0.43243243243243246,0.5675675675675675,0.5,0.5,16,16,21,21,74
consistency_score_file_q75,high_is_c4,0.8947114954234587,0.4594594594594595,0.4594594594594595,0.4594594594594595,0.4594594594594595,0.4594594594594595,0.4594594594594595,17,20,17,20,74
consistency_score_file_q75,high_is_c4,0.9140177251186881,0.45714285714285713,0.48484848484848486,0.43243243243243246,0.5405405405405406,0.4864864864864865,0.4864864864864865,16,17,20,21,74
consistency_score_file_q75,high_is_c4,0.8919823223791409,0.45333333333333337,0.4473684210526316,0.4594594594594595,0.43243243243243246,0.44594594594594594,0.44594594594594594,17,21,16,20,74
consistency_score_file_q75,high_is_c4,0.9070545887643469,0.4507042253521127,0.47058823529411764,0.43243243243243246,0.5135135135135135,0.47297297297297297,0.47297297297297297,16,18,19,21,74
consistency_score_file_q75,high_is_c4,0.9267518601772333,0.4411764705882353,0.4838709677419355,0.40540540540540543,0.5675675675675675,0.4864864864864865,0.4864864864864865,15,16,21,22,74
consistency_score_file_q75,low_is_c4,0.8343098514081912,0.4363636363636364,0.6666666666666666,0.32432432432432434,0.8378378378378378,0.581081081081081,0.5810810810810811,12,6,31,25,74
consistency_score_file_q75,high_is_c4,0.9364586745333419,0.417910447761194,0.4666666666666667,0.3783783783783784,0.5675675675675675,0.47297297297297297,0.47297297297297297,14,16,21,23,74
consistency_score_file_q75,low_is_c4,0.8280388949609461,0.41509433962264153,0.6875,0.2972972972972973,0.8648648648648649,0.581081081081081,0.5810810810810811,11,5,32,26,74
consistency_score_file_q75,low_is_c4,0.83303698543412,0.40740740740740744,0.6470588235294118,0.2972972972972973,0.8378378378378378,0.5675675675675675,0.5675675675675675,11,6,31,26,74
consistency_score_file_q75,low_is_c4,0.7908174014635103,0.4,0.7692307692307693,0.2702702702702703,0.918918918918919,0.5945945945945946,0.5945945945945946,10,3,34,27,74
consistency_score_file_q75,high_is_c4,0.9425785675480325,0.393939393939394,0.4482758620689655,0.35135135135135137,0.5675675675675675,0.4594594594594595,0.45945945945945943,13,16,21,24,74
consistency_score_file_q75,low_is_c4,0.8032040453973344,0.39215686274509803,0.7142857142857143,0.2702702702702703,0.8918918918918919,0.581081081081081,0.5810810810810811,10,4,33,27,74
consistency_score_file_q75,low_is_c4,0.8183549964720391,0.3846153846153846,0.6666666666666666,0.2702702702702703,0.8648648648648649,0.5675675675675675,0.5675675675675675,10,5,32,27,74
consistency_score_file_q75,high_is_c4,0.951339350851975,0.3692307692307692,0.42857142857142855,0.32432432432432434,0.5675675675675675,0.44594594594594594,0.44594594594594594,12,16,21,25,74
consistency_score_file_q75,low_is_c4,0.7880470445604988,0.3673469387755103,0.75,0.24324324324324326,0.918918918918919,0.581081081081081,0.5810810810810811,9,3,34,28,74
consistency_score_file_q75,high_is_c4,0.9591812396565333,0.34920634920634924,0.4230769230769231,0.2972972972972973,0.5945945945945946,0.44594594594594594,0.44594594594594594,11,15,22,26,74
consistency_score_file_q75,high_is_c4,0.9585330412857376,0.34375,0.4074074074074074,0.2972972972972973,0.5675675675675675,0.43243243243243246,0.43243243243243246,11,16,21,26,74
consistency_score_file_q75,low_is_c4,0.7862101382014967,0.33333333333333337,0.7272727272727273,0.21621621621621623,0.918918918918919,0.5675675675675675,0.5675675675675675,8,3,34,29,74
consistency_score_file_q75,high_is_c4,0.9597019640603919,0.3225806451612903,0.4,0.2702702702702703,0.5945945945945946,0.43243243243243246,0.43243243243243246,10,15,22,27,74
consistency_score_file_q75,low_is_c4,0.7814430048553755,0.2978723404255319,0.7,0.1891891891891892,0.918918918918919,0.5540540540540541,0.5540540540540541,7,3,34,30,74
consistency_score_file_q75,high_is_c4,0.9615772237791747,0.2950819672131148,0.375,0.24324324324324326,0.5945945945945946,0.4189189189189189,0.41891891891891897,9,15,22,28,74
consistency_score_file_q75,high_is_c4,0.9629846982119163,0.26666666666666666,0.34782608695652173,0.21621621621621623,0.5945945945945946,0.40540540540540543,0.40540540540540543,8,15,22,29,74
consistency_score_file_q75,low_is_c4,0.7720075435681595,0.26086956521739135,0.6666666666666666,0.16216216216216217,0.918918918918919,0.5405405405405406,0.5405405405405406,6,3,34,31,74
consistency_score_file_q75,high_is_c4,0.9633708787057407,0.23728813559322035,0.3181818181818182,0.1891891891891892,0.5945945945945946,0.3918918918918919,0.3918918918918919,7,15,22,30,74
consistency_score_file_q75,low_is_c4,0.7501003225805962,0.23255813953488372,0.8333333333333334,0.13513513513513514,0.972972972972973,0.5540540540540541,0.5540540540540541,5,1,36,32,74
consistency_score_file_q75,low_is_c4,0.753597402933186,0.22727272727272727,0.7142857142857143,0.13513513513513514,0.9459459459459459,0.5405405405405406,0.5405405405405406,5,2,35,32,74
consistency_score_file_q75,low_is_c4,0.7615103525611315,0.22222222222222224,0.625,0.13513513513513514,0.918918918918919,0.527027027027027,0.5270270270270271,5,3,34,32,74
consistency_score_file_q75,high_is_c4,0.9651581161276639,0.20689655172413793,0.2857142857142857,0.16216216216216217,0.5945945945945946,0.3783783783783784,0.3783783783783784,6,15,22,31,74
consistency_score_file_q75,low_is_c4,0.7453547885376198,0.19047619047619047,0.8,0.10810810810810811,0.972972972972973,0.5405405405405406,0.5405405405405406,4,1,36,33,74
consistency_score_file_q75,high_is_c4,0.9668167364018394,0.17857142857142858,0.2631578947368421,0.13513513513513514,0.6216216216216216,0.3783783783783784,0.3783783783783784,5,14,23,32,74
consistency_score_file_q75,high_is_c4,0.9666818892488737,0.1754385964912281,0.25,0.13513513513513514,0.5945945945945946,0.36486486486486486,0.3648648648648649,5,15,22,32,74
consistency_score_file_q75,high_is_c4,0.9901586426139297,0.16666666666666669,0.36363636363636365,0.10810810810810811,0.8108108108108109,0.4594594594594595,0.4594594594594595,4,7,30,33,74
consistency_score_file_q75,high_is_c4,0.9884463971823216,0.163265306122449,0.3333333333333333,0.10810810810810811,0.7837837837837838,0.44594594594594594,0.44594594594594594,4,8,29,33,74
consistency_score_file_q75,high_is_c4,0.9861691531744594,0.16,0.3076923076923077,0.10810810810810811,0.7567567567567568,0.43243243243243246,0.43243243243243246,4,9,28,33,74
consistency_score_file_q75,high_is_c4,0.985456747085379,0.1568627450980392,0.2857142857142857,0.10810810810810811,0.7297297297297297,0.4189189189189189,0.4189189189189189,4,10,27,33,74
consistency_score_file_q75,high_is_c4,0.980478593832484,0.15384615384615385,0.26666666666666666,0.10810810810810811,0.7027027027027027,0.40540540540540543,0.40540540540540543,4,11,26,33,74
consistency_score_file_q75,high_is_c4,0.9744817369169823,0.1509433962264151,0.25,0.10810810810810811,0.6756756756756757,0.3918918918918919,0.3918918918918919,4,12,25,33,74
consistency_score_file_q75,low_is_c4,0.7321408395201844,0.15,1.0,0.08108108108108109,1.0,0.5405405405405406,0.5405405405405406,3,0,37,34,74
consistency_score_file_q75,high_is_c4,0.9712636127096087,0.14814814814814817,0.23529411764705882,0.10810810810810811,0.6486486486486487,0.3783783783783784,0.3783783783783784,4,13,24,33,74
consistency_score_file_q75,low_is_c4,0.7369700273613051,0.14634146341463414,0.75,0.08108108108108109,0.972972972972973,0.527027027027027,0.5270270270270271,3,1,36,34,74
consistency_score_file_q75,high_is_c4,0.9680208886296029,0.14545454545454545,0.2222222222222222,0.10810810810810811,0.6216216216216216,0.36486486486486486,0.36486486486486486,4,14,23,33,74
consistency_score_file_q75,high_is_c4,0.9923477552424315,0.13043478260869568,0.3333333333333333,0.08108108108108109,0.8378378378378378,0.4594594594594595,0.45945945945945943,3,6,31,34,74
consistency_score_file_q75,high_is_c4,0.9912226987671022,0.12765957446808512,0.3,0.08108108108108109,0.8108108108108109,0.44594594594594594,0.44594594594594594,3,7,30,34,74
consistency_score_file_q75,low_is_c4,0.69633261077817,0.10256410256410257,1.0,0.05405405405405406,1.0,0.527027027027027,0.527027027027027,2,0,37,35,74
consistency_score_file_q75,high_is_c4,0.9986487131988235,0.09523809523809523,0.4,0.05405405405405406,0.918918918918919,0.4864864864864865,0.4864864864864865,2,3,34,35,74
consistency_score_file_q75,high_is_c4,0.9977404720594056,0.09302325581395349,0.3333333333333333,0.05405405405405406,0.8918918918918919,0.47297297297297297,0.47297297297297297,2,4,33,35,74
consistency_score_file_q75,high_is_c4,0.9958012832802525,0.09090909090909091,0.2857142857142857,0.05405405405405406,0.8648648648648649,0.4594594594594595,0.4594594594594595,2,5,32,35,74
consistency_score_file_q75,high_is_c4,0.9934746026238792,0.08888888888888889,0.25,0.05405405405405406,0.8378378378378378,0.44594594594594594,0.44594594594594594,2,6,31,35,74
consistency_score_file_q75,low_is_c4,0.5839828375518958,0.052631578947368425,1.0,0.02702702702702703,1.0,0.5135135135135135,0.5135135135135135,1,0,37,36,74
consistency_score_file_q75,low_is_c4,0.6227953761744631,0.052631578947368425,1.0,0.02702702702702703,1.0,0.5135135135135135,0.5135135135135135,1,0,37,36,74
consistency_score_file_q75,high_is_c4,0.999298075517792,0.04878048780487805,0.25,0.02702702702702703,0.918918918918919,0.47297297297297297,0.472972972972973,1,3,34,36,74
consistency_score_file_q75,high_is_c4,0.999946661503767,0.0,0.0,0.0,0.972972972972973,0.4864864864864865,0.4864864864864865,0,1,36,37,74
consistency_score_file_q75,high_is_c4,0.9999914007160021,0.0,0.0,0.0,0.972972972972973,0.4864864864864865,0.4864864864864865,0,1,36,37,74
consistency_score_file_q75,high_is_c4,0.9998669976115715,0.0,0.0,0.0,0.9459459459459459,0.47297297297297297,0.47297297297297297,0,2,35,37,74
consistency_score_file_q75,high_is_c4,0.9997577611031294,0.0,0.0,0.0,0.918918918918919,0.4594594594594595,0.4594594594594595,0,3,34,37,74
consistency_score_file_std,high_is_c4,0.24433881617009368,0.6796116504854369,0.5303030303030303,0.9459459459459459,0.16216216216216217,0.5540540540540541,0.5540540540540541,35,31,6,2,74
consistency_score_file_std,high_is_c4,0.23722262177121972,0.673076923076923,0.5223880597014925,0.9459459459459459,0.13513513513513514,0.5405405405405406,0.5405405405405406,35,32,5,2,74
consistency_score_file_std,high_is_c4,0.24637493719403747,0.6666666666666666,0.5230769230769231,0.918918918918919,0.16216216216216217,0.5405405405405406,0.5405405405405406,34,31,6,3,74
consistency_score_file_std,high_is_c4,0.16236674554558425,0.6666666666666666,0.5,1.0,0.0,0.5,0.5,37,37,0,0,74
consistency_score_file_std,low_is_c4,0.4250179445739532,0.6666666666666666,0.5,1.0,0.0,0.5,0.5,37,37,0,0,74
consistency_score_file_std,high_is_c4,0.2290404178794529,0.6666666666666665,0.5147058823529411,0.9459459459459459,0.10810810810810811,0.527027027027027,0.527027027027027,35,33,4,2,74
consistency_score_file_std,high_is_c4,0.1990972699145523,0.6605504587155964,0.5,0.972972972972973,0.02702702702702703,0.5,0.5,36,36,1,1,74
consistency_score_file_std,low_is_c4,0.3901442773028606,0.6605504587155964,0.5,0.972972972972973,0.02702702702702703,0.5,0.5,36,36,1,1,74
consistency_score_file_std,high_is_c4,0.22237016551256816,0.660377358490566,0.5072463768115942,0.9459459459459459,0.08108108108108109,0.5135135135135135,0.5135135135135135,35,34,3,2,74
consistency_score_file_std,low_is_c4,0.3689089320520281,0.6601941747572816,0.5151515151515151,0.918918918918919,0.13513513513513514,0.527027027027027,0.5270270270270271,34,32,5,3,74
consistency_score_file_std,high_is_c4,0.25533571295341373,0.6599999999999999,0.5238095238095238,0.8918918918918919,0.1891891891891892,0.5405405405405406,0.5405405405405406,33,30,7,4,74
consistency_score_file_std,high_is_c4,0.17523981285761633,0.6545454545454545,0.4931506849315068,0.972972972972973,0.0,0.4864864864864865,0.4864864864864865,36,37,0,1,74
consistency_score_file_std,low_is_c4,0.4084745036421167,0.6545454545454545,0.4931506849315068,0.972972972972973,0.0,0.4864864864864865,0.4864864864864865,36,37,0,1,74
consistency_score_file_std,high_is_c4,0.21459748279793195,0.6542056074766355,0.5,0.9459459459459459,0.05405405405405406,0.5,0.5,35,35,2,2,74
consistency_score_file_std,low_is_c4,0.3721036797304297,0.6538461538461539,0.5074626865671642,0.918918918918919,0.10810810810810811,0.5135135135135135,0.5135135135135136,34,33,4,3,74
consistency_score_file_std,high_is_c4,0.24995398772485322,0.6534653465346535,0.515625,0.8918918918918919,0.16216216216216217,0.527027027027027,0.527027027027027,33,31,6,4,74
consistency_score_file_std,high_is_c4,0.2607721908909957,0.6530612244897959,0.5245901639344263,0.8648648648648649,0.21621621621621623,0.5405405405405406,0.5405405405405406,32,29,8,5,74
consistency_score_file_std,high_is_c4,0.2102424667790334,0.6481481481481483,0.49295774647887325,0.9459459459459459,0.02702702702702703,0.4864864864864865,0.4864864864864865,35,36,1,2,74
consistency_score_file_std,low_is_c4,0.3877612765869257,0.6481481481481483,0.49295774647887325,0.9459459459459459,0.02702702702702703,0.4864864864864865,0.4864864864864865,35,36,1,2,74
consistency_score_file_std,low_is_c4,0.3788169379762072,0.6476190476190476,0.5,0.918918918918919,0.08108108108108109,0.5,0.5,34,34,3,3,74
consistency_score_file_std,low_is_c4,0.3676256140855761,0.6470588235294117,0.5076923076923077,0.8918918918918919,0.13513513513513514,0.5135135135135135,0.5135135135135135,33,32,5,4,74
consistency_score_file_std,high_is_c4,0.25817263902072396,0.6464646464646465,0.5161290322580645,0.8648648648648649,0.1891891891891892,0.527027027027027,0.5270270270270271,32,30,7,5,74
consistency_score_file_std,high_is_c4,0.2639736206741833,0.6458333333333334,0.5254237288135594,0.8378378378378378,0.24324324324324326,0.5405405405405406,0.5405405405405406,31,28,9,6,74
consistency_score_file_std,high_is_c4,0.26938227159085526,0.6451612903225806,0.5357142857142857,0.8108108108108109,0.2972972972972973,0.5540540540540541,0.5540540540540541,30,26,11,7,74
consistency_score_file_std,low_is_c4,0.3832501402956546,0.6415094339622641,0.4927536231884058,0.918918918918919,0.05405405405405406,0.4864864864864865,0.4864864864864865,34,35,2,3,74
consistency_score_file_std,high_is_c4,0.2628940954798171,0.6391752577319588,0.5166666666666667,0.8378378378378378,0.21621621621621623,0.527027027027027,0.527027027027027,31,29,8,6,74
consistency_score_file_std,high_is_c4,0.2677893784184585,0.6382978723404256,0.5263157894736842,0.8108108108108109,0.2702702702702703,0.5405405405405406,0.5405405405405406,30,27,10,7,74
consistency_score_file_std,high_is_c4,0.27162803407912783,0.6373626373626374,0.5370370370370371,0.7837837837837838,0.32432432432432434,0.5540540540540541,0.5540540540540541,29,25,12,8,74
consistency_score_file_std,high_is_c4,0.27840778928792087,0.6363636363636364,0.5490196078431373,0.7567567567567568,0.3783783783783784,0.5675675675675675,0.5675675675675675,28,23,14,9,74
consistency_score_file_std,low_is_c4,0.3854363834089377,0.6355140186915889,0.4857142857142857,0.918918918918919,0.02702702702702703,0.47297297297297297,0.472972972972973,34,36,1,3,74
consistency_score_file_std,low_is_c4,0.3665152158296271,0.6336633663366337,0.5,0.8648648648648649,0.13513513513513514,0.5,0.5,32,32,5,5,74
consistency_score_file_std,high_is_c4,0.26582941769427093,0.631578947368421,0.5172413793103449,0.8108108108108109,0.24324324324324326,0.527027027027027,0.5270270270270271,30,28,9,7,74
consistency_score_file_std,high_is_c4,0.27078978292623607,0.6304347826086956,0.5272727272727272,0.7837837837837838,0.2972972972972973,0.5405405405405406,0.5405405405405406,29,26,11,8,74
consistency_score_file_std,high_is_c4,0.2767180328460441,0.6292134831460674,0.5384615384615384,0.7567567567567568,0.35135135135135137,0.5540540540540541,0.5540540540540541,28,24,13,9,74
consistency_score_file_std,low_is_c4,0.35704720754921265,0.6262626262626263,0.5,0.8378378378378378,0.16216216216216217,0.5,0.5,31,31,6,6,74
consistency_score_file_std,high_is_c4,0.2737873398596774,0.6222222222222221,0.5283018867924528,0.7567567567567568,0.32432432432432434,0.5405405405405406,0.5405405405405406,28,25,12,9,74
consistency_score_file_std,high_is_c4,0.28106704258265336,0.6206896551724138,0.54,0.7297297297297297,0.3783783783783784,0.5540540540540541,0.5540540540540541,27,23,14,10,74
consistency_score_file_std,low_is_c4,0.3617271571313899,0.62,0.49206349206349204,0.8378378378378378,0.13513513513513514,0.4864864864864865,0.4864864864864865,31,32,5,6,74
consistency_score_file_std,low_is_c4,0.35297785760503225,0.6185567010309277,0.5,0.8108108108108109,0.1891891891891892,0.5,0.5,30,30,7,7,74
consistency_score_file_std,high_is_c4,0.29960986227437275,0.6153846153846153,0.5853658536585366,0.6486486486486487,0.5405405405405406,0.5945945945945946,0.5945945945945946,24,17,20,13,74
consistency_score_file_std,low_is_c4,0.35614961980803617,0.6122448979591837,0.4918032786885246,0.8108108108108109,0.16216216216216217,0.4864864864864865,0.4864864864864865,30,31,6,7,74
consistency_score_file_std,high_is_c4,0.2850727800855706,0.611764705882353,0.5416666666666666,0.7027027027027027,0.40540540540540543,0.5540540540540541,0.5540540540540541,26,22,15,11,74
consistency_score_file_std,low_is_c4,0.3495407180538985,0.6105263157894737,0.5,0.7837837837837838,0.21621621621621623,0.5,0.5,29,29,8,8,74
consistency_score_file_std,high_is_c4,0.28787599847235945,0.6097560975609757,0.5555555555555556,0.6756756756756757,0.4594594594594595,0.5675675675675675,0.5675675675675675,25,20,17,12,74
consistency_score_file_std,high_is_c4,0.2958981323025637,0.6075949367088608,0.5714285714285714,0.6486486486486487,0.5135135135135135,0.581081081081081,0.5810810810810811,24,18,19,13,74
consistency_score_file_std,high_is_c4,0.2835040429288356,0.6046511627906977,0.5306122448979592,0.7027027027027027,0.3783783783783784,0.5405405405405406,0.5405405405405406,26,23,14,11,74
consistency_score_file_std,low_is_c4,0.35049664559417093,0.6041666666666666,0.4915254237288136,0.7837837837837838,0.1891891891891892,0.4864864864864865,0.4864864864864865,29,30,7,8,74
consistency_score_file_std,high_is_c4,0.2869656014081578,0.6024096385542168,0.5434782608695652,0.6756756756756757,0.43243243243243246,0.5540540540540541,0.5540540540540541,25,21,16,12,74
consistency_score_file_std,high_is_c4,0.29414305844856614,0.6,0.5581395348837209,0.6486486486486487,0.4864864864864865,0.5675675675675675,0.5675675675675675,24,19,18,13,74
consistency_score_file_std,high_is_c4,0.3029125640994271,0.5974025974025973,0.575,0.6216216216216216,0.5405405405405406,0.581081081081081,0.5810810810810811,23,17,20,14,74
consistency_score_file_std,low_is_c4,0.34728848259757783,0.5957446808510638,0.49122807017543857,0.7567567567567568,0.21621621621621623,0.4864864864864865,0.4864864864864865,28,29,8,9,74
consistency_score_file_std,high_is_c4,0.2863721864440979,0.5952380952380952,0.5319148936170213,0.6756756756756757,0.40540540540540543,0.5405405405405406,0.5405405405405406,25,22,15,12,74
consistency_score_file_std,high_is_c4,0.29088736990672726,0.5925925925925926,0.5454545454545454,0.6486486486486487,0.4594594594594595,0.5540540540540541,0.5540540540540541,24,20,17,13,74
consistency_score_file_std,high_is_c4,0.3104978592997889,0.5866666666666667,0.5789473684210527,0.5945945945945946,0.5675675675675675,0.581081081081081,0.5810810810810811,22,16,21,15,74
consistency_score_file_std,high_is_c4,0.32171568336279155,0.5833333333333333,0.6,0.5675675675675675,0.6216216216216216,0.5945945945945946,0.5945945945945945,21,14,23,16,74
consistency_score_file_std,low_is_c4,0.3454729315476016,0.5806451612903226,0.48214285714285715,0.7297297297297297,0.21621621621621623,0.47297297297297297,0.47297297297297297,27,29,8,10,74
consistency_score_file_std,high_is_c4,0.3042879315775582,0.5789473684210528,0.5641025641025641,0.5945945945945946,0.5405405405405406,0.5675675675675675,0.5675675675675675,22,17,20,15,74
consistency_score_file_std,high_is_c4,0.3194525764289427,0.5753424657534246,0.5833333333333334,0.5675675675675675,0.5945945945945946,0.581081081081081,0.5810810810810811,21,15,22,16,74
consistency_score_file_std,high_is_c4,0.31684484376917305,0.5675675675675675,0.5675675675675675,0.5675675675675675,0.5675675675675675,0.5675675675675675,0.5675675675675675,21,16,21,16,74
consistency_score_file_std,low_is_c4,0.3446764595733123,0.5652173913043479,0.4727272727272727,0.7027027027027027,0.21621621621621623,0.4594594594594595,0.4594594594594595,26,29,8,11,74
consistency_score_file_std,high_is_c4,0.32241330013942715,0.5633802816901409,0.5882352941176471,0.5405405405405406,0.6216216216216216,0.581081081081081,0.5810810810810811,20,14,23,17,74
consistency_score_file_std,low_is_c4,0.33468939201788994,0.5581395348837208,0.4897959183673469,0.6486486486486487,0.32432432432432434,0.4864864864864865,0.4864864864864865,24,25,12,13,74
consistency_score_file_std,low_is_c4,0.33583271399947834,0.5517241379310345,0.48,0.6486486486486487,0.2972972972972973,0.47297297297297297,0.472972972972973,24,26,11,13,74
consistency_score_file_std,high_is_c4,0.3295840460554478,0.5507246376811593,0.59375,0.5135135135135135,0.6486486486486487,0.581081081081081,0.5810810810810811,19,13,24,18,74
consistency_score_file_std,low_is_c4,0.3431233907959792,0.5494505494505494,0.46296296296296297,0.6756756756756757,0.21621621621621623,0.44594594594594594,0.44594594594594594,25,29,8,12,74
consistency_score_file_std,low_is_c4,0.33707904905363206,0.5454545454545454,0.47058823529411764,0.6486486486486487,0.2702702702702703,0.4594594594594595,0.4594594594594595,24,27,10,13,74
consistency_score_file_std,high_is_c4,0.32599303075948605,0.5428571428571428,0.5757575757575758,0.5135135135135135,0.6216216216216216,0.5675675675675675,0.5675675675675675,19,14,23,18,74
consistency_score_file_std,low_is_c4,0.33408903009001145,0.5411764705882353,0.4791666666666667,0.6216216216216216,0.32432432432432434,0.47297297297297297,0.47297297297297297,23,25,12,14,74
consistency_score_file_std,low_is_c4,0.33918833956492694,0.5393258426966292,0.46153846153846156,0.6486486486486487,0.24324324324324326,0.44594594594594594,0.44594594594594594,24,28,9,13,74
consistency_score_file_std,low_is_c4,0.3412731093112219,0.5333333333333334,0.4528301886792453,0.6486486486486487,0.21621621621621623,0.43243243243243246,0.43243243243243246,24,29,8,13,74
consistency_score_file_std,low_is_c4,0.3327818417019946,0.5301204819277109,0.4782608695652174,0.5945945945945946,0.35135135135135137,0.47297297297297297,0.472972972972973,22,24,13,15,74
consistency_score_file_std,high_is_c4,0.3302777585354878,0.5294117647058824,0.5806451612903226,0.4864864864864865,0.6486486486486487,0.5675675675675675,0.5675675675675675,18,13,24,19,74
consistency_score_file_std,low_is_c4,0.3336929729881549,0.5238095238095238,0.46808510638297873,0.5945945945945946,0.32432432432432434,0.4594594594594595,0.4594594594594595,22,25,12,15,74
consistency_score_file_std,low_is_c4,0.33211709402987366,0.5121951219512195,0.4666666666666667,0.5675675675675675,0.35135135135135137,0.4594594594594595,0.45945945945945943,21,24,13,16,74
consistency_score_file_std,high_is_c4,0.3313635521000569,0.5074626865671642,0.5666666666666667,0.4594594594594595,0.6486486486486487,0.5540540540540541,0.5540540540540541,17,13,24,20,74
consistency_score_file_std,low_is_c4,0.3313635521000569,0.49382716049382713,0.45454545454545453,0.5405405405405406,0.35135135135135137,0.44594594594594594,0.44594594594594594,20,24,13,17,74
consistency_score_file_std,high_is_c4,0.33211709402987366,0.48484848484848486,0.5517241379310345,0.43243243243243246,0.6486486486486487,0.5405405405405406,0.5405405405405406,16,13,24,21,74
consistency_score_file_std,low_is_c4,0.3302777585354878,0.47500000000000003,0.4418604651162791,0.5135135135135135,0.35135135135135137,0.43243243243243246,0.43243243243243246,19,24,13,18,74
consistency_score_file_std,high_is_c4,0.3336929729881549,0.46875,0.5555555555555556,0.40540540540540543,0.6756756756756757,0.5405405405405406,0.5405405405405406,15,12,25,22,74
consistency_score_file_std,high_is_c4,0.3327818417019946,0.46153846153846156,0.5357142857142857,0.40540540540540543,0.6486486486486487,0.527027027027027,0.5270270270270271,15,13,24,22,74
consistency_score_file_std,low_is_c4,0.32599303075948605,0.4615384615384615,0.43902439024390244,0.4864864864864865,0.3783783783783784,0.43243243243243246,0.43243243243243246,18,23,14,19,74
consistency_score_file_std,low_is_c4,0.3295840460554478,0.4556962025316456,0.42857142857142855,0.4864864864864865,0.35135135135135137,0.4189189189189189,0.41891891891891897,18,24,13,19,74
consistency_score_file_std,high_is_c4,0.3412731093112219,0.4482758620689656,0.6190476190476191,0.35135135135135137,0.7837837837837838,0.5675675675675675,0.5675675675675675,13,8,29,24,74
consistency_score_file_std,high_is_c4,0.33408903009001145,0.4444444444444445,0.5384615384615384,0.3783783783783784,0.6756756756756757,0.527027027027027,0.527027027027027,14,12,25,23,74
consistency_score_file_std,low_is_c4,0.32241330013942715,0.44155844155844154,0.425,0.4594594594594595,0.3783783783783784,0.4189189189189189,0.41891891891891897,17,23,14,20,74
consistency_score_file_std,high_is_c4,0.33918833956492694,0.4406779661016949,0.5909090909090909,0.35135135135135137,0.7567567567567568,0.5540540540540541,0.5540540540540541,13,9,28,24,74
consistency_score_file_std,high_is_c4,0.33707904905363206,0.43333333333333335,0.5652173913043478,0.35135135135135137,0.7297297297297297,0.5405405405405406,0.5405405405405406,13,10,27,24,74
consistency_score_file_std,low_is_c4,0.31684484376917305,0.43243243243243246,0.43243243243243246,0.43243243243243246,0.43243243243243246,0.43243243243243246,0.43243243243243246,16,21,16,21,74
consistency_score_file_std,low_is_c4,0.3194525764289427,0.4266666666666667,0.42105263157894735,0.43243243243243246,0.40540540540540543,0.4189189189189189,0.41891891891891897,16,22,15,21,74
consistency_score_file_std,high_is_c4,0.33583271399947834,0.4262295081967213,0.5416666666666666,0.35135135135135137,0.7027027027027027,0.527027027027027,0.5270270270270271,13,11,26,24,74
consistency_score_file_std,high_is_c4,0.3431233907959792,0.4210526315789474,0.6,0.32432432432432434,0.7837837837837838,0.5540540540540541,0.5540540540540541,12,8,29,25,74
consistency_score_file_std,low_is_c4,0.32171568336279155,0.42105263157894735,0.41025641025641024,0.43243243243243246,0.3783783783783784,0.40540540540540543,0.40540540540540543,16,23,14,21,74
consistency_score_file_std,high_is_c4,0.33468939201788994,0.4193548387096775,0.52,0.35135135135135137,0.6756756756756757,0.5135135135135135,0.5135135135135135,13,12,25,24,74
consistency_score_file_std,low_is_c4,0.3042879315775582,0.4166666666666667,0.42857142857142855,0.40540540540540543,0.4594594594594595,0.43243243243243246,0.43243243243243246,15,20,17,22,74
consistency_score_file_std,low_is_c4,0.3104978592997889,0.4109589041095891,0.4166666666666667,0.40540540540540543,0.43243243243243246,0.4189189189189189,0.41891891891891897,15,21,16,22,74
consistency_score_file_std,low_is_c4,0.3029125640994271,0.39436619718309857,0.4117647058823529,0.3783783783783784,0.4594594594594595,0.4189189189189189,0.41891891891891897,14,20,17,23,74
consistency_score_file_std,high_is_c4,0.3446764595733123,0.39285714285714285,0.5789473684210527,0.2972972972972973,0.7837837837837838,0.5405405405405406,0.5405405405405406,11,8,29,26,74
consistency_score_file_std,low_is_c4,0.29088736990672726,0.3880597014925374,0.43333333333333335,0.35135135135135137,0.5405405405405406,0.44594594594594594,0.44594594594594594,13,17,20,24,74
consistency_score_file_std,low_is_c4,0.29414305844856614,0.38235294117647056,0.41935483870967744,0.35135135135135137,0.5135135135135135,0.43243243243243246,0.43243243243243246,13,18,19,24,74
consistency_score_file_std,low_is_c4,0.2958981323025637,0.37681159420289856,0.40625,0.35135135135135137,0.4864864864864865,0.4189189189189189,0.41891891891891897,13,19,18,24,74
consistency_score_file_std,low_is_c4,0.2863721864440979,0.375,0.4444444444444444,0.32432432432432434,0.5945945945945946,0.4594594594594595,0.4594594594594595,12,15,22,25,74
consistency_score_file_std,low_is_c4,0.29960986227437275,0.37142857142857144,0.3939393939393939,0.35135135135135137,0.4594594594594595,0.40540540540540543,0.40540540540540543,13,20,17,24,74
consistency_score_file_std,low_is_c4,0.2869656014081578,0.3692307692307692,0.42857142857142855,0.32432432432432434,0.5675675675675675,0.44594594594594594,0.44594594594594594,12,16,21,25,74
consistency_score_file_std,high_is_c4,0.3454729315476016,0.36363636363636365,0.5555555555555556,0.2702702702702703,0.7837837837837838,0.527027027027027,0.527027027027027,10,8,29,27,74
consistency_score_file_std,low_is_c4,0.28787599847235945,0.36363636363636365,0.41379310344827586,0.32432432432432434,0.5405405405405406,0.43243243243243246,0.43243243243243246,12,17,20,25,74
consistency_score_file_std,low_is_c4,0.2835040429288356,0.3548387096774193,0.44,0.2972972972972973,0.6216216216216216,0.4594594594594595,0.45945945945945943,11,14,23,26,74
consistency_score_file_std,low_is_c4,0.2850727800855706,0.34920634920634924,0.4230769230769231,0.2972972972972973,0.5945945945945946,0.44594594594594594,0.44594594594594594,11,15,22,26,74
consistency_score_file_std,high_is_c4,0.34728848259757783,0.33333333333333337,0.5294117647058824,0.24324324324324326,0.7837837837837838,0.5135135135135135,0.5135135135135135,9,8,29,28,74
consistency_score_file_std,low_is_c4,0.28106704258265336,0.3278688524590164,0.4166666666666667,0.2702702702702703,0.6216216216216216,0.44594594594594594,0.44594594594594594,10,14,23,27,74
consistency_score_file_std,low_is_c4,0.2737873398596774,0.3103448275862069,0.42857142857142855,0.24324324324324326,0.6756756756756757,0.4594594594594595,0.45945945945945943,9,12,25,28,74
consistency_score_file_std,high_is_c4,0.35049664559417093,0.3076923076923077,0.5333333333333333,0.21621621621621623,0.8108108108108109,0.5135135135135135,0.5135135135135136,8,7,30,29,74
consistency_score_file_std,low_is_c4,0.2767180328460441,0.3050847457627119,0.4090909090909091,0.24324324324324326,0.6486486486486487,0.44594594594594594,0.44594594594594594,9,13,24,28,74
consistency_score_file_std,high_is_c4,0.3495407180538985,0.3018867924528302,0.5,0.21621621621621623,0.7837837837837838,0.5,0.5,8,8,29,29,74
consistency_score_file_std,low_is_c4,0.27840778928792087,0.30000000000000004,0.391304347826087,0.24324324324324326,0.6216216216216216,0.43243243243243246,0.43243243243243246,9,14,23,28,74
consistency_score_file_std,low_is_c4,0.27078978292623607,0.28571428571428575,0.42105263157894735,0.21621621621621623,0.7027027027027027,0.4594594594594595,0.4594594594594595,8,11,26,29,74
consistency_score_file_std,low_is_c4,0.27162803407912783,0.2807017543859649,0.4,0.21621621621621623,0.6756756756756757,0.44594594594594594,0.44594594594594594,8,12,25,29,74
consistency_score_file_std,high_is_c4,0.35614961980803617,0.28,0.5384615384615384,0.1891891891891892,0.8378378378378378,0.5135135135135135,0.5135135135135135,7,6,31,30,74
consistency_score_file_std,high_is_c4,0.35297785760503225,0.2745098039215686,0.5,0.1891891891891892,0.8108108108108109,0.5,0.5,7,7,30,30,74
consistency_score_file_std,low_is_c4,0.26582941769427093,0.2641509433962264,0.4375,0.1891891891891892,0.7567567567567568,0.47297297297297297,0.472972972972973,7,9,28,30,74
consistency_score_file_std,low_is_c4,0.2677893784184585,0.2592592592592593,0.4117647058823529,0.1891891891891892,0.7297297297297297,0.4594594594594595,0.45945945945945943,7,10,27,30,74
consistency_score_file_std,low_is_c4,0.26938227159085526,0.2545454545454546,0.3888888888888889,0.1891891891891892,0.7027027027027027,0.44594594594594594,0.44594594594594594,7,11,26,30,74
consistency_score_file_std,high_is_c4,0.3617271571313899,0.25,0.5454545454545454,0.16216216216216217,0.8648648648648649,0.5135135135135135,0.5135135135135136,6,5,32,31,74
consistency_score_file_std,high_is_c4,0.35704720754921265,0.2448979591836735,0.5,0.16216216216216217,0.8378378378378378,0.5,0.5,6,6,31,31,74
consistency_score_file_std,low_is_c4,0.2628940954798171,0.23529411764705885,0.42857142857142855,0.16216216216216217,0.7837837837837838,0.47297297297297297,0.47297297297297297,6,8,29,31,74
consistency_score_file_std,low_is_c4,0.2639736206741833,0.23076923076923078,0.4,0.16216216216216217,0.7567567567567568,0.4594594594594595,0.4594594594594595,6,9,28,31,74
consistency_score_file_std,high_is_c4,0.3665152158296271,0.21276595744680854,0.5,0.13513513513513514,0.8648648648648649,0.5,0.5,5,5,32,32,74
consistency_score_file_std,low_is_c4,0.25817263902072396,0.20408163265306126,0.4166666666666667,0.13513513513513514,0.8108108108108109,0.47297297297297297,0.472972972972973,5,7,30,32,74
consistency_score_file_std,low_is_c4,0.2607721908909957,0.2,0.38461538461538464,0.13513513513513514,0.7837837837837838,0.4594594594594595,0.45945945945945943,5,8,29,32,74
consistency_score_file_std,high_is_c4,0.3676256140855761,0.17391304347826086,0.4444444444444444,0.10810810810810811,0.8648648648648649,0.4864864864864865,0.4864864864864865,4,5,32,33,74
consistency_score_file_std,low_is_c4,0.24995398772485322,0.1702127659574468,0.4,0.10810810810810811,0.8378378378378378,0.47297297297297297,0.47297297297297297,4,6,31,33,74
consistency_score_file_std,low_is_c4,0.25533571295341373,0.16666666666666669,0.36363636363636365,0.10810810810810811,0.8108108108108109,0.4594594594594595,0.4594594594594595,4,7,30,33,74
consistency_score_file_std,high_is_c4,0.3854363834089377,0.14634146341463414,0.75,0.08108108108108109,0.972972972972973,0.527027027027027,0.5270270270270271,3,1,36,34,74
consistency_score_file_std,high_is_c4,0.3832501402956546,0.14285714285714288,0.6,0.08108108108108109,0.9459459459459459,0.5135135135135135,0.5135135135135135,3,2,35,34,74
consistency_score_file_std,high_is_c4,0.3788169379762072,0.13953488372093023,0.5,0.08108108108108109,0.918918918918919,0.5,0.5,3,3,34,34,74
consistency_score_file_std,high_is_c4,0.3721036797304297,0.13636363636363638,0.42857142857142855,0.08108108108108109,0.8918918918918919,0.4864864864864865,0.4864864864864865,3,4,33,34,74
consistency_score_file_std,high_is_c4,0.3689089320520281,0.13333333333333333,0.375,0.08108108108108109,0.8648648648648649,0.47297297297297297,0.472972972972973,3,5,32,34,74
consistency_score_file_std,low_is_c4,0.24637493719403747,0.13043478260869568,0.3333333333333333,0.08108108108108109,0.8378378378378378,0.4594594594594595,0.45945945945945943,3,6,31,34,74
consistency_score_file_std,high_is_c4,0.3877612765869257,0.1,0.6666666666666666,0.05405405405405406,0.972972972972973,0.5135135135135135,0.5135135135135136,2,1,36,35,74
consistency_score_file_std,low_is_c4,0.2102424667790334,0.1,0.6666666666666666,0.05405405405405406,0.972972972972973,0.5135135135135135,0.5135135135135136,2,1,36,35,74
consistency_score_file_std,low_is_c4,0.21459748279793195,0.0975609756097561,0.5,0.05405405405405406,0.9459459459459459,0.5,0.5,2,2,35,35,74
consistency_score_file_std,low_is_c4,0.22237016551256816,0.09523809523809523,0.4,0.05405405405405406,0.918918918918919,0.4864864864864865,0.4864864864864865,2,3,34,35,74
consistency_score_file_std,low_is_c4,0.2290404178794529,0.09302325581395349,0.3333333333333333,0.05405405405405406,0.8918918918918919,0.47297297297297297,0.47297297297297297,2,4,33,35,74
consistency_score_file_std,low_is_c4,0.23722262177121972,0.09090909090909091,0.2857142857142857,0.05405405405405406,0.8648648648648649,0.4594594594594595,0.4594594594594595,2,5,32,35,74
consistency_score_file_std,low_is_c4,0.24433881617009368,0.08888888888888889,0.25,0.05405405405405406,0.8378378378378378,0.44594594594594594,0.44594594594594594,2,6,31,35,74
consistency_score_file_std,high_is_c4,0.4084745036421167,0.052631578947368425,1.0,0.02702702702702703,1.0,0.5135135135135135,0.5135135135135135,1,0,37,36,74
consistency_score_file_std,high_is_c4,0.4250179445739532,0.052631578947368425,1.0,0.02702702702702703,1.0,0.5135135135135135,0.5135135135135135,1,0,37,36,74
consistency_score_file_std,low_is_c4,0.16236674554558425,0.052631578947368425,1.0,0.02702702702702703,1.0,0.5135135135135135,0.5135135135135135,1,0,37,36,74
consistency_score_file_std,low_is_c4,0.17523981285761633,0.052631578947368425,1.0,0.02702702702702703,1.0,0.5135135135135135,0.5135135135135135,1,0,37,36,74
consistency_score_file_std,high_is_c4,0.3901442773028606,0.05128205128205129,0.5,0.02702702702702703,0.972972972972973,0.5,0.5,1,1,36,36,74
consistency_score_file_std,low_is_c4,0.1990972699145523,0.05128205128205129,0.5,0.02702702702702703,0.972972972972973,0.5,0.5,1,1,36,36,74
entropy_normalized,high_is_c4,0.6424619328527571,0.6851851851851851,0.5211267605633803,1.0,0.08108108108108109,0.5405405405405406,0.5405405405405406,37,34,3,0,74
entropy_normalized,high_is_c4,0.6220748618933527,0.6788990825688073,0.5138888888888888,1.0,0.05405405405405406,0.527027027027027,0.527027027027027,37,35,2,0,74
entropy_normalized,high_is_c4,0.6621254816724929,0.6728971962616821,0.5142857142857142,0.972972972972973,0.08108108108108109,0.527027027027027,0.5270270270270271,36,34,3,1,74
entropy_normalized,high_is_c4,0.5912932396648352,0.6727272727272727,0.5068493150684932,1.0,0.02702702702702703,0.5135135135135135,0.5135135135135135,37,36,1,0,74
entropy_normalized,low_is_c4,0.97494560530289,0.6727272727272727,0.5068493150684932,1.0,0.02702702702702703,0.5135135135135135,0.5135135135135135,37,36,1,0,74
entropy_normalized,high_is_c4,0.5660470234199638,0.6666666666666666,0.5,1.0,0.0,0.5,0.5,37,37,0,0,74
entropy_normalized,low_is_c4,0.9780416657815157,0.6666666666666666,0.5,1.0,0.0,0.5,0.5,37,37,0,0,74
entropy_normalized,low_is_c4,0.9677220801559878,0.6605504587155964,0.5,0.972972972972973,0.02702702702702703,0.5,0.5,36,36,1,1,74
entropy_normalized,high_is_c4,0.668235673322812,0.660377358490566,0.5072463768115942,0.9459459459459459,0.08108108108108109,0.5135135135135135,0.5135135135135135,35,34,3,2,74
entropy_normalized,low_is_c4,0.9510866616275002,0.660377358490566,0.5072463768115942,0.9459459459459459,0.08108108108108109,0.5135135135135135,0.5135135135135135,35,34,3,2,74
entropy_normalized,high_is_c4,0.6856327081704625,0.6601941747572816,0.5151515151515151,0.918918918918919,0.13513513513513514,0.527027027027027,0.5270270270270271,34,32,5,3,74
entropy_normalized,high_is_c4,0.759991952852578,0.6599999999999999,0.5238095238095238,0.8918918918918919,0.1891891891891892,0.5405405405405406,0.5405405405405406,33,30,7,4,74
entropy_normalized,low_is_c4,0.956406949264542,0.6542056074766355,0.5,0.9459459459459459,0.05405405405405406,0.5,0.5,35,35,2,2,74
entropy_normalized,high_is_c4,0.6735807669003366,0.6538461538461539,0.5074626865671642,0.918918918918919,0.10810810810810811,0.5135135135135135,0.5135135135135136,34,33,4,3,74
entropy_normalized,high_is_c4,0.7518716292441928,0.6534653465346535,0.515625,0.8918918918918919,0.16216216216216217,0.527027027027027,0.527027027027027,33,31,6,4,74
entropy_normalized,high_is_c4,0.7653525769816026,0.6530612244897959,0.5245901639344263,0.8648648648648649,0.21621621621621623,0.5405405405405406,0.5405405405405406,32,29,8,5,74
entropy_normalized,high_is_c4,0.8116923516355677,0.651685393258427,0.5576923076923077,0.7837837837837838,0.3783783783783784,0.581081081081081,0.5810810810810811,29,23,14,8,74
entropy_normalized,low_is_c4,0.9607945795163676,0.6481481481481483,0.49295774647887325,0.9459459459459459,0.02702702702702703,0.4864864864864865,0.4864864864864865,35,36,1,2,74
entropy_normalized,high_is_c4,0.7211090179532362,0.6470588235294117,0.5076923076923077,0.8918918918918919,0.13513513513513514,0.5135135135135135,0.5135135135135135,33,32,5,4,74
entropy_normalized,high_is_c4,0.787813833696757,0.6451612903225806,0.5357142857142857,0.8108108108108109,0.2972972972972973,0.5540540540540541,0.5540540540540541,30,26,11,7,74
entropy_normalized,high_is_c4,0.8035720280271824,0.6444444444444444,0.5471698113207547,0.7837837837837838,0.35135135135135137,0.5675675675675675,0.5675675675675675,29,24,13,8,74
entropy_normalized,high_is_c4,0.7707601537275053,0.6391752577319588,0.5166666666666667,0.8378378378378378,0.21621621621621623,0.527027027027027,0.527027027027027,31,29,8,6,74
entropy_normalized,high_is_c4,0.7942134594413427,0.6373626373626374,0.5370370370370371,0.7837837837837838,0.32432432432432434,0.5540540540540541,0.5540540540540541,29,25,12,8,74
entropy_normalized,high_is_c4,0.8211238306698196,0.6363636363636364,0.5490196078431373,0.7567567567567568,0.3783783783783784,0.5675675675675675,0.5675675675675675,28,23,14,9,74
entropy_normalized,high_is_c4,0.7894680535789609,0.6304347826086956,0.5272727272727272,0.7837837837837838,0.2972972972972973,0.5405405405405406,0.5405405405405406,29,26,11,8,74
entropy_normalized,low_is_c4,0.9435463611339996,0.6274509803921569,0.49230769230769234,0.8648648648648649,0.10810810810810811,0.4864864864864865,0.4864864864864865,32,33,4,5,74
entropy_normalized,low_is_c4,0.9298191213011976,0.6262626262626263,0.5,0.8378378378378378,0.16216216216216217,0.5,0.5,31,31,6,6,74
entropy_normalized,high_is_c4,0.7810784975161664,0.6249999999999999,0.5084745762711864,0.8108108108108109,0.21621621621621623,0.5135135135135135,0.5135135135135136,30,29,8,7,74
entropy_normalized,high_is_c4,0.8275899343960009,0.6206896551724138,0.54,0.7297297297297297,0.3783783783783784,0.5540540540540541,0.5540540540540541,27,23,14,10,74
entropy_normalized,high_is_c4,0.8286967871818545,0.6190476190476191,0.5531914893617021,0.7027027027027027,0.43243243243243246,0.5675675675675675,0.5675675675675675,26,21,16,11,74
entropy_normalized,low_is_c4,0.9285130764419524,0.6185567010309277,0.5,0.8108108108108109,0.1891891891891892,0.5,0.5,30,30,7,7,74
entropy_normalized,low_is_c4,0.9354260375256143,0.6138613861386139,0.484375,0.8378378378378378,0.10810810810810811,0.47297297297297297,0.47297297297297297,31,33,4,6,74
entropy_normalized,high_is_c4,0.8282335494412877,0.611764705882353,0.5416666666666666,0.7027027027027027,0.40540540540540543,0.5540540540540541,0.5540540540540541,26,22,15,11,74
entropy_normalized,high_is_c4,0.8396643275352957,0.6097560975609757,0.5555555555555556,0.6756756756756757,0.4594594594594595,0.5675675675675675,0.5675675675675675,25,20,17,12,74
entropy_normalized,high_is_c4,0.8277703117007209,0.6046511627906977,0.5306122448979592,0.7027027027027027,0.3783783783783784,0.5405405405405406,0.5405405405405406,26,23,14,11,74
entropy_normalized,low_is_c4,0.923769058722476,0.6041666666666666,0.4915254237288136,0.7837837837837838,0.1891891891891892,0.4864864864864865,0.4864864864864865,29,30,7,8,74
entropy_normalized,high_is_c4,0.852811544253213,0.6,0.5581395348837209,0.6486486486486487,0.4864864864864865,0.5675675675675675,0.5675675675675675,24,19,18,13,74
entropy_normalized,low_is_c4,0.9162406033352481,0.5744680851063829,0.47368421052631576,0.7297297297297297,0.1891891891891892,0.4594594594594595,0.45945945945945943,27,30,7,10,74
entropy_normalized,high_is_c4,0.855539307240039,0.5714285714285715,0.55,0.5945945945945946,0.5135135135135135,0.5540540540540541,0.5540540540540541,22,18,19,15,74
entropy_normalized,high_is_c4,0.8708575864115873,0.5714285714285714,0.6060606060606061,0.5405405405405406,0.6486486486486487,0.5945945945945946,0.5945945945945946,20,13,24,17,74
entropy_normalized,high_is_c4,0.8560873938623891,0.5675675675675675,0.5675675675675675,0.5675675675675675,0.5675675675675675,0.5675675675675675,0.5675675675675675,21,16,21,16,74
entropy_normalized,high_is_c4,0.8600074850951611,0.5633802816901409,0.5882352941176471,0.5405405405405406,0.6216216216216216,0.581081081081081,0.5810810810810811,20,14,23,17,74
entropy_normalized,low_is_c4,0.9061046786569098,0.5591397849462365,0.4642857142857143,0.7027027027027027,0.1891891891891892,0.44594594594594594,0.44594594594594594,26,30,7,11,74
entropy_normalized,low_is_c4,0.9097744996090668,0.5591397849462365,0.4642857142857143,0.7027027027027027,0.1891891891891892,0.44594594594594594,0.44594594594594594,26,30,7,11,74
entropy_normalized,low_is_c4,0.9000664611844609,0.5555555555555556,0.4716981132075472,0.6756756756756757,0.24324324324324326,0.4594594594594595,0.45945945945945943,25,28,9,12,74
entropy_normalized,low_is_c4,0.8936611880570793,0.5393258426966292,0.46153846153846156,0.6486486486486487,0.24324324324324326,0.44594594594594594,0.44594594594594594,24,28,9,13,74
entropy_normalized,high_is_c4,0.8882163434281167,0.53125,0.6296296296296297,0.4594594594594595,0.7297297297297297,0.5945945945945946,0.5945945945945946,17,10,27,20,74
entropy_normalized,high_is_c4,0.8902220097637676,0.53125,0.6296296296296297,0.4594594594594595,0.7297297297297297,0.5945945945945946,0.5945945945945946,17,10,27,20,74
entropy_normalized,high_is_c4,0.8794418163774455,0.5294117647058824,0.5806451612903226,0.4864864864864865,0.6486486486486487,0.5675675675675675,0.5675675675675675,18,13,24,19,74
entropy_normalized,high_is_c4,0.8850702056643356,0.5230769230769231,0.6071428571428571,0.4594594594594595,0.7027027027027027,0.581081081081081,0.5810810810810811,17,11,26,20,74
entropy_normalized,low_is_c4,0.891758071082957,0.5227272727272727,0.45098039215686275,0.6216216216216216,0.24324324324324326,0.43243243243243246,0.43243243243243246,23,28,9,14,74
entropy_normalized,high_is_c4,0.8825128852479274,0.5074626865671642,0.5666666666666667,0.4594594594594595,0.6486486486486487,0.5540540540540541,0.5540540540540541,17,13,24,20,74
entropy_normalized,low_is_c4,0.8902220097637676,0.4941176470588235,0.4375,0.5675675675675675,0.2702702702702703,0.4189189189189189,0.4189189189189189,21,27,10,16,74
entropy_normalized,low_is_c4,0.8825128852479274,0.49382716049382713,0.45454545454545453,0.5405405405405406,0.35135135135135137,0.44594594594594594,0.44594594594594594,20,24,13,17,74
entropy_normalized,low_is_c4,0.8850702056643356,0.4819277108433735,0.43478260869565216,0.5405405405405406,0.2972972972972973,0.4189189189189189,0.41891891891891897,20,26,11,17,74
entropy_normalized,low_is_c4,0.8882163434281167,0.4761904761904763,0.425531914893617,0.5405405405405406,0.2702702702702703,0.40540540540540543,0.40540540540540543,20,27,10,17,74
entropy_normalized,low_is_c4,0.8794418163774455,0.47500000000000003,0.4418604651162791,0.5135135135135135,0.35135135135135137,0.43243243243243246,0.43243243243243246,19,24,13,18,74
entropy_normalized,high_is_c4,0.891758071082957,0.4666666666666667,0.6086956521739131,0.3783783783783784,0.7567567567567568,0.5675675675675675,0.5675675675675675,14,9,28,23,74
entropy_normalized,low_is_c4,0.8600074850951611,0.44155844155844154,0.425,0.4594594594594595,0.3783783783783784,0.4189189189189189,0.41891891891891897,17,23,14,20,74
entropy_normalized,high_is_c4,0.8936611880570793,0.4406779661016949,0.5909090909090909,0.35135135135135137,0.7567567567567568,0.5540540540540541,0.5540540540540541,13,9,28,24,74
entropy_normalized,low_is_c4,0.8708575864115873,0.4358974358974359,0.4146341463414634,0.4594594594594595,0.35135135135135137,0.40540540540540543,0.40540540540540543,17,24,13,20,74
entropy_normalized,low_is_c4,0.8560873938623891,0.43243243243243246,0.43243243243243246,0.43243243243243246,0.43243243243243246,0.43243243243243246,0.43243243243243246,16,21,16,21,74
entropy_normalized,low_is_c4,0.855539307240039,0.4225352112676056,0.4411764705882353,0.40540540540540543,0.4864864864864865,0.44594594594594594,0.44594594594594594,15,19,18,22,74
entropy_normalized,high_is_c4,0.9000664611844609,0.41379310344827586,0.5714285714285714,0.32432432432432434,0.7567567567567568,0.5405405405405406,0.5405405405405406,12,9,28,25,74
entropy_normalized,high_is_c4,0.9097744996090668,0.39999999999999997,0.6111111111111112,0.2972972972972973,0.8108108108108109,0.5540540540540541,0.5540540540540541,11,7,30,26,74
entropy_normalized,high_is_c4,0.9061046786569098,0.38596491228070173,0.55,0.2972972972972973,0.7567567567567568,0.527027027027027,0.5270270270270271,11,9,28,26,74
entropy_normalized,low_is_c4,0.852811544253213,0.38235294117647056,0.41935483870967744,0.35135135135135137,0.5135135135135135,0.43243243243243246,0.43243243243243246,13,18,19,24,74
entropy_normalized,high_is_c4,0.9162406033352481,0.37037037037037035,0.5882352941176471,0.2702702702702703,0.8108108108108109,0.5405405405405406,0.5405405405405406,10,7,30,27,74
entropy_normalized,low_is_c4,0.8396643275352957,0.36363636363636365,0.41379310344827586,0.32432432432432434,0.5405405405405406,0.43243243243243246,0.43243243243243246,12,17,20,25,74
entropy_normalized,low_is_c4,0.8277703117007209,0.3548387096774193,0.44,0.2972972972972973,0.6216216216216216,0.4594594594594595,0.45945945945945943,11,14,23,26,74
entropy_normalized,low_is_c4,0.8282335494412877,0.34920634920634924,0.4230769230769231,0.2972972972972973,0.5945945945945946,0.44594594594594594,0.44594594594594594,11,15,22,26,74
entropy_normalized,low_is_c4,0.8286967871818545,0.34375,0.4074074074074074,0.2972972972972973,0.5675675675675675,0.43243243243243246,0.43243243243243246,11,16,21,26,74
entropy_normalized,low_is_c4,0.8275899343960009,0.3278688524590164,0.4166666666666667,0.2702702702702703,0.6216216216216216,0.44594594594594594,0.44594594594594594,10,14,23,27,74
entropy_normalized,high_is_c4,0.923769058722476,0.3076923076923077,0.5333333333333333,0.21621621621621623,0.8108108108108109,0.5135135135135135,0.5135135135135136,8,7,30,29,74
entropy_normalized,low_is_c4,0.8211238306698196,0.30000000000000004,0.391304347826087,0.24324324324324326,0.6216216216216216,0.43243243243243246,0.43243243243243246,9,14,23,28,74
entropy_normalized,low_is_c4,0.7894680535789609,0.28571428571428575,0.42105263157894735,0.21621621621621623,0.7027027027027027,0.4594594594594595,0.4594594594594595,8,11,26,29,74
entropy_normalized,low_is_c4,0.7942134594413427,0.2807017543859649,0.4,0.21621621621621623,0.6756756756756757,0.44594594594594594,0.44594594594594594,8,12,25,29,74
entropy_normalized,low_is_c4,0.8035720280271824,0.27586206896551724,0.38095238095238093,0.21621621621621623,0.6486486486486487,0.43243243243243246,0.43243243243243246,8,13,24,29,74
entropy_normalized,high_is_c4,0.9285130764419524,0.2745098039215686,0.5,0.1891891891891892,0.8108108108108109,0.5,0.5,7,7,30,30,74
entropy_normalized,low_is_c4,0.8116923516355677,0.27118644067796616,0.36363636363636365,0.21621621621621623,0.6216216216216216,0.4189189189189189,0.4189189189189189,8,14,23,29,74
entropy_normalized,low_is_c4,0.7810784975161664,0.2692307692307693,0.4666666666666667,0.1891891891891892,0.7837837837837838,0.4864864864864865,0.4864864864864865,7,8,29,30,74
entropy_normalized,high_is_c4,0.9354260375256143,0.25531914893617025,0.6,0.16216216216216217,0.8918918918918919,0.527027027027027,0.527027027027027,6,4,33,31,74
entropy_normalized,low_is_c4,0.787813833696757,0.2545454545454546,0.3888888888888889,0.1891891891891892,0.7027027027027027,0.44594594594594594,0.44594594594594594,7,11,26,30,74
entropy_normalized,high_is_c4,0.9298191213011976,0.2448979591836735,0.5,0.16216216216216217,0.8378378378378378,0.5,0.5,6,6,31,31,74
entropy_normalized,low_is_c4,0.7707601537275053,0.23529411764705885,0.42857142857142855,0.16216216216216217,0.7837837837837838,0.47297297297297297,0.47297297297297297,6,8,29,31,74
entropy_normalized,high_is_c4,0.9435463611339996,0.2173913043478261,0.5555555555555556,0.13513513513513514,0.8918918918918919,0.5135135135135135,0.5135135135135135,5,4,33,32,74
entropy_normalized,low_is_c4,0.7653525769816026,0.2,0.38461538461538464,0.13513513513513514,0.7837837837837838,0.4594594594594595,0.45945945945945943,5,8,29,32,74
entropy_normalized,low_is_c4,0.7211090179532362,0.17391304347826086,0.4444444444444444,0.10810810810810811,0.8648648648648649,0.4864864864864865,0.4864864864864865,4,5,32,33,74
entropy_normalized,low_is_c4,0.7518716292441928,0.1702127659574468,0.4,0.10810810810810811,0.8378378378378378,0.47297297297297297,0.47297297297297297,4,6,31,33,74
entropy_normalized,low_is_c4,0.759991952852578,0.16666666666666669,0.36363636363636365,0.10810810810810811,0.8108108108108109,0.4594594594594595,0.4594594594594595,4,7,30,33,74
entropy_normalized,low_is_c4,0.6735807669003366,0.13636363636363638,0.42857142857142855,0.08108108108108109,0.8918918918918919,0.4864864864864865,0.4864864864864865,3,4,33,34,74
entropy_normalized,low_is_c4,0.6856327081704625,0.13333333333333333,0.375,0.08108108108108109,0.8648648648648649,0.47297297297297297,0.472972972972973,3,5,32,34,74
entropy_normalized,high_is_c4,0.9607945795163676,0.1,0.6666666666666666,0.05405405405405406,0.972972972972973,0.5135135135135135,0.5135135135135136,2,1,36,35,74
entropy_normalized,high_is_c4,0.956406949264542,0.0975609756097561,0.5,0.05405405405405406,0.9459459459459459,0.5,0.5,2,2,35,35,74
entropy_normalized,high_is_c4,0.9510866616275002,0.09523809523809523,0.4,0.05405405405405406,0.918918918918919,0.4864864864864865,0.4864864864864865,2,3,34,35,74
entropy_normalized,low_is_c4,0.668235673322812,0.09523809523809523,0.4,0.05405405405405406,0.918918918918919,0.4864864864864865,0.4864864864864865,2,3,34,35,74
entropy_normalized,high_is_c4,0.9677220801559878,0.05128205128205129,0.5,0.02702702702702703,0.972972972972973,0.5,0.5,1,1,36,36,74
entropy_normalized,low_is_c4,0.6621254816724929,0.04878048780487805,0.25,0.02702702702702703,0.918918918918919,0.47297297297297297,0.472972972972973,1,3,34,36,74
entropy_normalized,high_is_c4,0.97494560530289,0.0,0.0,0.0,0.972972972972973,0.4864864864864865,0.4864864864864865,0,1,36,37,74
entropy_normalized,high_is_c4,0.9780416657815157,0.0,0.0,0.0,0.972972972972973,0.4864864864864865,0.4864864864864865,0,1,36,37,74
entropy_normalized,low_is_c4,0.5660470234199638,0.0,0.0,0.0,0.972972972972973,0.4864864864864865,0.4864864864864865,0,1,36,37,74
entropy_normalized,low_is_c4,0.5912932396648352,0.0,0.0,0.0,0.972972972972973,0.4864864864864865,0.4864864864864865,0,1,36,37,74
entropy_normalized,low_is_c4,0.6220748618933527,0.0,0.0,0.0,0.9459459459459459,0.47297297297297297,0.47297297297297297,0,2,35,37,74
entropy_normalized,low_is_c4,0.6424619328527571,0.0,0.0,0.0,0.918918918918919,0.4594594594594595,0.4594594594594595,0,3,34,37,74
failure_sensitive_score,low_is_c4,0.48788642278408156,0.7191011235955056,0.6153846153846154,0.8648648648648649,0.4594594594594595,0.6621621621621622,0.6621621621621622,32,20,17,5,74
failure_sensitive_score,low_is_c4,0.4997259563633665,0.7173913043478262,0.6,0.8918918918918919,0.40540540540540543,0.6486486486486487,0.6486486486486487,33,22,15,4,74
failure_sensitive_score,low_is_c4,0.4772914449995821,0.7126436781609196,0.62,0.8378378378378378,0.4864864864864865,0.6621621621621622,0.6621621621621622,31,19,18,6,74
failure_sensitive_score,low_is_c4,0.49326798074839207,0.7111111111111112,0.6037735849056604,0.8648648648648649,0.43243243243243246,0.6486486486486487,0.6486486486486487,32,21,16,5,74
failure_sensitive_score,low_is_c4,0.5030075507006824,0.7096774193548389,0.5892857142857143,0.8918918918918919,0.3783783783783784,0.6351351351351351,0.6351351351351351,33,23,14,4,74
failure_sensitive_score,low_is_c4,0.5144102527838392,0.7083333333333333,0.576271186440678,0.918918918918919,0.32432432432432434,0.6216216216216216,0.6216216216216217,34,25,12,3,74
failure_sensitive_score,low_is_c4,0.4741797586189943,0.7058823529411764,0.625,0.8108108108108109,0.5135135135135135,0.6621621621621622,0.6621621621621622,30,18,19,7,74
failure_sensitive_score,low_is_c4,0.4817567131077616,0.7045454545454545,0.6078431372549019,0.8378378378378378,0.4594594594594595,0.6486486486486487,0.6486486486486487,31,20,17,6,74
failure_sensitive_score,low_is_c4,0.49678525818910013,0.7032967032967032,0.5925925925925926,0.8648648648648649,0.40540540540540543,0.6351351351351351,0.6351351351351352,32,22,15,5,74
failure_sensitive_score,low_is_c4,0.5076894912637936,0.7021276595744681,0.5789473684210527,0.8918918918918919,0.35135135135135137,0.6216216216216216,0.6216216216216216,33,24,13,4,74
failure_sensitive_score,low_is_c4,0.5161292352625382,0.7010309278350515,0.5666666666666667,0.918918918918919,0.2972972972972973,0.6081081081081081,0.6081081081081081,34,26,11,3,74
failure_sensitive_score,low_is_c4,0.5404221108345537,0.7000000000000001,0.5555555555555556,0.9459459459459459,0.24324324324324326,0.5945945945945946,0.5945945945945946,35,28,9,2,74
failure_sensitive_score,low_is_c4,0.5635003427307521,0.6990291262135921,0.5454545454545454,0.972972972972973,0.1891891891891892,0.581081081081081,0.5810810810810811,36,30,7,1,74
failure_sensitive_score,low_is_c4,0.4754575560821806,0.6976744186046512,0.6122448979591837,0.8108108108108109,0.4864864864864865,0.6486486486486487,0.6486486486486487,30,19,18,7,74
failure_sensitive_score,low_is_c4,0.5121085994370864,0.6947368421052632,0.5689655172413793,0.8918918918918919,0.32432432432432434,0.6081081081081081,0.6081081081081081,33,25,12,4,74
failure_sensitive_score,low_is_c4,0.5171171960667313,0.6938775510204082,0.5573770491803278,0.918918918918919,0.2702702702702703,0.5945945945945946,0.5945945945945946,34,27,10,3,74
failure_sensitive_score,low_is_c4,0.5454399498082194,0.6930693069306929,0.546875,0.9459459459459459,0.21621621621621623,0.581081081081081,0.5810810810810811,35,29,8,2,74
failure_sensitive_score,low_is_c4,0.575301908548804,0.6923076923076924,0.5373134328358209,0.972972972972973,0.16216216216216217,0.5675675675675675,0.5675675675675675,36,31,6,1,74
failure_sensitive_score,low_is_c4,0.473620485063497,0.6904761904761905,0.6170212765957447,0.7837837837837838,0.5135135135135135,0.6486486486486487,0.6486486486486487,29,18,19,8,74
failure_sensitive_score,low_is_c4,0.5276074216713159,0.6868686868686869,0.5483870967741935,0.918918918918919,0.24324324324324326,0.581081081081081,0.5810810810810811,34,28,9,3,74
failure_sensitive_score,low_is_c4,0.5501198143191097,0.6862745098039216,0.5384615384615384,0.9459459459459459,0.1891891891891892,0.5675675675675675,0.5675675675675675,35,30,7,2,74
failure_sensitive_score,low_is_c4,0.5801027489992011,0.6857142857142857,0.5294117647058824,0.972972972972973,0.13513513513513514,0.5540540540540541,0.5540540540540541,36,32,5,1,74
failure_sensitive_score,low_is_c4,0.45775659256381784,0.6835443037974683,0.6428571428571429,0.7297297297297297,0.5945945945945946,0.6621621621621622,0.6621621621621622,27,15,22,10,74
failure_sensitive_score,low_is_c4,0.46324063627622536,0.6829268292682927,0.6222222222222222,0.7567567567567568,0.5405405405405406,0.6486486486486487,0.6486486486486487,28,17,20,9,74
failure_sensitive_score,low_is_c4,0.5865138347313964,0.6792452830188679,0.5217391304347826,0.972972972972973,0.10810810810810811,0.5405405405405406,0.5405405405405406,36,33,4,1,74
failure_sensitive_score,low_is_c4,0.45930034475174397,0.675,0.627906976744186,0.7297297297297297,0.5675675675675675,0.6486486486486487,0.6486486486486487,27,16,21,10,74
failure_sensitive_score,low_is_c4,0.469028982257109,0.674698795180723,0.6086956521739131,0.7567567567567568,0.5135135135135135,0.6351351351351351,0.6351351351351351,28,18,19,9,74
failure_sensitive_score,low_is_c4,0.5990658408129077,0.6728971962616821,0.5142857142857142,0.972972972972973,0.08108108108108109,0.527027027027027,0.5270270270270271,36,34,3,1,74
failure_sensitive_score,low_is_c4,0.6634995879291006,0.6727272727272727,0.5068493150684932,1.0,0.02702702702702703,0.5135135135135135,0.5135135135135135,37,36,1,0,74
failure_sensitive_score,low_is_c4,0.4568775482801063,0.6666666666666667,0.6341463414634146,0.7027027027027027,0.5945945945945946,0.6486486486486487,0.6486486486486487,26,15,22,11,74
failure_sensitive_score,low_is_c4,0.46095233158138044,0.6666666666666666,0.6136363636363636,0.7297297297297297,0.5405405405405406,0.6351351351351351,0.6351351351351351,27,17,20,10,74
failure_sensitive_score,low_is_c4,0.6101840295638821,0.6666666666666666,0.5070422535211268,0.972972972972973,0.05405405405405406,0.5135135135135135,0.5135135135135136,36,35,2,1,74
failure_sensitive_score,high_is_c4,0.3188521205025993,0.6666666666666666,0.5,1.0,0.0,0.5,0.5,37,37,0,0,74
failure_sensitive_score,low_is_c4,0.6788298230443341,0.6666666666666666,0.5,1.0,0.0,0.5,0.5,37,37,0,0,74
failure_sensitive_score,high_is_c4,0.3709463563658387,0.6666666666666665,0.5147058823529411,0.9459459459459459,0.10810810810810811,0.527027027027027,0.527027027027027,35,33,4,2,74
failure_sensitive_score,low_is_c4,0.6299260795816712,0.6605504587155964,0.5,0.972972972972973,0.02702702702702703,0.5,0.5,36,36,1,1,74
failure_sensitive_score,high_is_c4,0.3665756282365259,0.660377358490566,0.5072463768115942,0.9459459459459459,0.08108108108108109,0.5135135135135135,0.5135135135135135,35,34,3,2,74
failure_sensitive_score,high_is_c4,0.37520256433373345,0.6601941747572816,0.5151515151515151,0.918918918918919,0.13513513513513514,0.527027027027027,0.5270270270270271,34,32,5,3,74
failure_sensitive_score,low_is_c4,0.4546908123709942,0.6578947368421052,0.6410256410256411,0.6756756756756757,0.6216216216216216,0.6486486486486487,0.6486486486486487,25,14,23,12,74
failure_sensitive_score,high_is_c4,0.3239831180050009,0.6545454545454545,0.4931506849315068,0.972972972972973,0.0,0.4864864864864865,0.4864864864864865,36,37,0,1,74
failure_sensitive_score,high_is_c4,0.362317369437005,0.6542056074766355,0.5,0.9459459459459459,0.05405405405405406,0.5,0.5,35,35,2,2,74
failure_sensitive_score,high_is_c4,0.3720516718761718,0.6538461538461539,0.5074626865671642,0.918918918918919,0.10810810810810811,0.5135135135135135,0.5135135135135136,34,33,4,3,74
failure_sensitive_score,low_is_c4,0.4556848398431099,0.6493506493506493,0.625,0.6756756756756757,0.5945945945945946,0.6351351351351351,0.6351351351351351,25,15,22,12,74
failure_sensitive_score,high_is_c4,0.35641759548426355,0.6481481481481483,0.49295774647887325,0.9459459459459459,0.02702702702702703,0.4864864864864865,0.4864864864864865,35,36,1,2,74
failure_sensitive_score,high_is_c4,0.3783270400242835,0.6470588235294117,0.5076923076923077,0.8918918918918919,0.13513513513513514,0.5135135135135135,0.5135135135135135,33,32,5,4,74
failure_sensitive_score,high_is_c4,0.3402407756820782,0.6422018348623854,0.4861111111111111,0.9459459459459459,0.0,0.47297297297297297,0.47297297297297297,35,37,0,2,74
failure_sensitive_score,low_is_c4,0.45401863353063554,0.64,0.631578947368421,0.6486486486486487,0.6216216216216216,0.6351351351351351,0.6351351351351351,24,14,23,13,74
failure_sensitive_score,high_is_c4,0.3789551198414035,0.6336633663366337,0.5,0.8648648648648649,0.13513513513513514,0.5,0.5,32,32,5,5,74
failure_sensitive_score,low_is_c4,0.44940975834260855,0.6301369863013699,0.6388888888888888,0.6216216216216216,0.6486486486486487,0.6351351351351351,0.6351351351351351,23,13,24,14,74
failure_sensitive_score,high_is_c4,0.4001744801288656,0.6262626262626263,0.5,0.8378378378378378,0.16216216216216217,0.5,0.5,31,31,6,6,74
failure_sensitive_score,low_is_c4,0.45212912569844715,0.6216216216216216,0.6216216216216216,0.6216216216216216,0.6216216216216216,0.6216216216216216,0.6216216216216216,23,14,23,14,74
failure_sensitive_score,high_is_c4,0.38966194167288726,0.62,0.49206349206349204,0.8378378378378378,0.13513513513513514,0.4864864864864865,0.4864864864864865,31,32,5,6,74
failure_sensitive_score,low_is_c4,0.4470977300748231,0.619718309859155,0.6470588235294118,0.5945945945945946,0.6756756756756757,0.6351351351351351,0.6351351351351351,22,12,25,15,74
failure_sensitive_score,high_is_c4,0.40233537406978936,0.6122448979591837,0.4918032786885246,0.8108108108108109,0.16216216216216217,0.4864864864864865,0.4864864864864865,30,31,6,7,74
failure_sensitive_score,low_is_c4,0.44786746517129017,0.611111111111111,0.6285714285714286,0.5945945945945946,0.6486486486486487,0.6216216216216216,0.6216216216216217,22,13,24,15,74
failure_sensitive_score,low_is_c4,0.4440252257504977,0.6000000000000001,0.6363636363636364,0.5675675675675675,0.6756756756756757,0.6216216216216216,0.6216216216216216,21,12,25,16,74
failure_sensitive_score,high_is_c4,0.40581569832011805,0.5979381443298969,0.48333333333333334,0.7837837837837838,0.16216216216216217,0.47297297297297297,0.47297297297297297,29,31,6,8,74
failure_sensitive_score,high_is_c4,0.40800620816146604,0.5833333333333334,0.4745762711864407,0.7567567567567568,0.16216216216216217,0.4594594594594595,0.4594594594594595,28,31,6,9,74
failure_sensitive_score,low_is_c4,0.4415233936077994,0.5797101449275363,0.625,0.5405405405405406,0.6756756756756757,0.6081081081081081,0.6081081081081081,20,12,25,17,74
failure_sensitive_score,low_is_c4,0.4367233748636331,0.5757575757575758,0.6551724137931034,0.5135135135135135,0.7297297297297297,0.6216216216216216,0.6216216216216216,19,10,27,18,74
failure_sensitive_score,high_is_c4,0.41304041452583934,0.5744680851063829,0.47368421052631576,0.7297297297297297,0.1891891891891892,0.4594594594594595,0.45945945945945943,27,30,7,10,74
failure_sensitive_score,high_is_c4,0.40864514444146416,0.5684210526315788,0.46551724137931033,0.7297297297297297,0.16216216216216217,0.44594594594594594,0.44594594594594594,27,31,6,10,74
failure_sensitive_score,low_is_c4,0.4377717757013988,0.5671641791044775,0.6333333333333333,0.5135135135135135,0.7027027027027027,0.6081081081081081,0.6081081081081081,19,11,26,18,74
failure_sensitive_score,low_is_c4,0.43538107109685,0.5625,0.6666666666666666,0.4864864864864865,0.7567567567567568,0.6216216216216216,0.6216216216216217,18,9,28,19,74
failure_sensitive_score,high_is_c4,0.4184601327827231,0.5591397849462365,0.4642857142857143,0.7027027027027027,0.1891891891891892,0.44594594594594594,0.44594594594594594,26,30,7,11,74
failure_sensitive_score,low_is_c4,0.44010597506373217,0.5588235294117647,0.6129032258064516,0.5135135135135135,0.6756756756756757,0.5945945945945946,0.5945945945945945,19,12,25,18,74
failure_sensitive_score,low_is_c4,0.4363336769068854,0.5538461538461539,0.6428571428571429,0.4864864864864865,0.7297297297297297,0.6081081081081081,0.6081081081081081,18,10,27,19,74
failure_sensitive_score,high_is_c4,0.42229969231526965,0.5434782608695652,0.45454545454545453,0.6756756756756757,0.1891891891891892,0.43243243243243246,0.43243243243243246,25,30,7,12,74
failure_sensitive_score,low_is_c4,0.43427912263911606,0.5396825396825398,0.6538461538461539,0.4594594594594595,0.7567567567567568,0.6081081081081081,0.6081081081081081,17,9,28,20,74
failure_sensitive_score,high_is_c4,0.4254983447920768,0.5274725274725275,0.4444444444444444,0.6486486486486487,0.1891891891891892,0.4189189189189189,0.41891891891891897,24,30,7,13,74
failure_sensitive_score,low_is_c4,0.4297365516495264,0.5245901639344263,0.6666666666666666,0.43243243243243246,0.7837837837837838,0.6081081081081081,0.6081081081081081,16,8,29,21,74
failure_sensitive_score,low_is_c4,0.4324218566005077,0.5161290322580645,0.64,0.43243243243243246,0.7567567567567568,0.5945945945945946,0.5945945945945946,16,9,28,21,74
failure_sensitive_score,high_is_c4,0.4261633930301919,0.5111111111111112,0.4339622641509434,0.6216216216216216,0.1891891891891892,0.40540540540540543,0.4054054054054054,23,30,7,14,74
failure_sensitive_score,low_is_c4,0.42652748180975525,0.5084745762711864,0.6818181818181818,0.40540540540540543,0.8108108108108109,0.6081081081081081,0.6081081081081081,15,7,30,22,74
failure_sensitive_score,high_is_c4,0.42753605127074645,0.5000000000000001,0.43137254901960786,0.5945945945945946,0.21621621621621623,0.40540540540540543,0.40540540540540543,22,29,8,15,74
failure_sensitive_score,low_is_c4,0.42753605127074645,0.5,0.6521739130434783,0.40540540540540543,0.7837837837837838,0.5945945945945946,0.5945945945945946,15,8,29,22,74
failure_sensitive_score,high_is_c4,0.42652748180975525,0.49438202247191015,0.4230769230769231,0.5945945945945946,0.1891891891891892,0.3918918918918919,0.3918918918918919,22,30,7,15,74
failure_sensitive_score,high_is_c4,0.4324218566005077,0.4883720930232558,0.42857142857142855,0.5675675675675675,0.24324324324324326,0.40540540540540543,0.4054054054054054,21,28,9,16,74
failure_sensitive_score,high_is_c4,0.4297365516495264,0.4827586206896552,0.42,0.5675675675675675,0.21621621621621623,0.3918918918918919,0.3918918918918919,21,29,8,16,74
failure_sensitive_score,low_is_c4,0.4261633930301919,0.48275862068965514,0.6666666666666666,0.3783783783783784,0.8108108108108109,0.5945945945945946,0.5945945945945946,14,7,30,23,74
failure_sensitive_score,high_is_c4,0.43427912263911606,0.47058823529411764,0.4166666666666667,0.5405405405405406,0.24324324324324326,0.3918918918918919,0.3918918918918919,20,28,9,17,74
failure_sensitive_score,high_is_c4,0.4363336769068854,0.4578313253012048,0.41304347826086957,0.5135135135135135,0.2702702702702703,0.3918918918918919,0.3918918918918919,19,27,10,18,74
failure_sensitive_score,low_is_c4,0.4254983447920768,0.456140350877193,0.65,0.35135135135135137,0.8108108108108109,0.581081081081081,0.5810810810810811,13,7,30,24,74
failure_sensitive_score,high_is_c4,0.43538107109685,0.4523809523809524,0.40425531914893614,0.5135135135135135,0.24324324324324326,0.3783783783783784,0.3783783783783784,19,28,9,18,74
failure_sensitive_score,high_is_c4,0.44010597506373217,0.45,0.4186046511627907,0.4864864864864865,0.32432432432432434,0.40540540540540543,0.40540540540540543,18,25,12,19,74
failure_sensitive_score,high_is_c4,0.4377717757013988,0.44444444444444453,0.4090909090909091,0.4864864864864865,0.2972972972972973,0.3918918918918919,0.3918918918918919,18,26,11,19,74
failure_sensitive_score,high_is_c4,0.4367233748636331,0.43902439024390244,0.4,0.4864864864864865,0.2702702702702703,0.3783783783783784,0.3783783783783784,18,27,10,19,74
failure_sensitive_score,high_is_c4,0.4415233936077994,0.430379746835443,0.40476190476190477,0.4594594594594595,0.32432432432432434,0.3918918918918919,0.3918918918918919,17,25,12,20,74
failure_sensitive_score,low_is_c4,0.42229969231526965,0.42857142857142855,0.631578947368421,0.32432432432432434,0.8108108108108109,0.5675675675675675,0.5675675675675675,12,7,30,25,74
failure_sensitive_score,high_is_c4,0.4440252257504977,0.4102564102564103,0.3902439024390244,0.43243243243243246,0.32432432432432434,0.3783783783783784,0.3783783783783784,16,25,12,21,74
failure_sensitive_score,low_is_c4,0.4184601327827231,0.39999999999999997,0.6111111111111112,0.2972972972972973,0.8108108108108109,0.5540540540540541,0.5540540540540541,11,7,30,26,74
failure_sensitive_score,high_is_c4,0.44786746517129017,0.39473684210526316,0.38461538461538464,0.40540540540540543,0.35135135135135137,0.3783783783783784,0.3783783783783784,15,24,13,22,74
failure_sensitive_score,high_is_c4,0.4470977300748231,0.3896103896103896,0.375,0.40540540540540543,0.32432432432432434,0.36486486486486486,0.3648648648648649,15,25,12,22,74
failure_sensitive_score,high_is_c4,0.45212912569844715,0.37837837837837834,0.3783783783783784,0.3783783783783784,0.3783783783783784,0.3783783783783784,0.3783783783783784,14,23,14,23,74
failure_sensitive_score,low_is_c4,0.40864514444146416,0.3773584905660377,0.625,0.2702702702702703,0.8378378378378378,0.5540540540540541,0.5540540540540541,10,6,31,27,74
failure_sensitive_score,high_is_c4,0.44940975834260855,0.37333333333333335,0.3684210526315789,0.3783783783783784,0.35135135135135137,0.36486486486486486,0.3648648648648649,14,24,13,23,74
failure_sensitive_score,low_is_c4,0.41304041452583934,0.37037037037037035,0.5882352941176471,0.2702702702702703,0.8108108108108109,0.5405405405405406,0.5405405405405406,10,7,30,27,74
failure_sensitive_score,high_is_c4,0.45401863353063554,0.3561643835616438,0.3611111111111111,0.35135135135135137,0.3783783783783784,0.36486486486486486,0.3648648648648649,13,23,14,24,74
failure_sensitive_score,low_is_c4,0.40800620816146604,0.34615384615384615,0.6,0.24324324324324326,0.8378378378378378,0.5405405405405406,0.5405405405405406,9,6,31,28,74
failure_sensitive_score,high_is_c4,0.4556848398431099,0.3380281690140845,0.35294117647058826,0.32432432432432434,0.40540540540540543,0.36486486486486486,0.3648648648648649,12,22,15,25,74
failure_sensitive_score,high_is_c4,0.4546908123709942,0.33333333333333337,0.34285714285714286,0.32432432432432434,0.3783783783783784,0.35135135135135137,0.35135135135135137,12,23,14,25,74
failure_sensitive_score,high_is_c4,0.4568775482801063,0.3142857142857143,0.3333333333333333,0.2972972972972973,0.40540540540540543,0.35135135135135137,0.35135135135135137,11,22,15,26,74
failure_sensitive_score,low_is_c4,0.40581569832011805,0.3137254901960784,0.5714285714285714,0.21621621621621623,0.8378378378378378,0.527027027027027,0.527027027027027,8,6,31,29,74
failure_sensitive_score,high_is_c4,0.46095233158138044,0.29850746268656714,0.3333333333333333,0.2702702702702703,0.4594594594594595,0.36486486486486486,0.3648648648648649,10,20,17,27,74
failure_sensitive_score,high_is_c4,0.45930034475174397,0.2941176470588235,0.3225806451612903,0.2702702702702703,0.43243243243243246,0.35135135135135137,0.35135135135135137,10,21,16,27,74
failure_sensitive_score,high_is_c4,0.45775659256381784,0.2898550724637681,0.3125,0.2702702702702703,0.40540540540540543,0.33783783783783783,0.33783783783783783,10,22,15,27,74
failure_sensitive_score,low_is_c4,0.40233537406978936,0.28,0.5384615384615384,0.1891891891891892,0.8378378378378378,0.5135135135135135,0.5135135135135135,7,6,31,30,74
failure_sensitive_score,high_is_c4,0.469028982257109,0.27692307692307694,0.32142857142857145,0.24324324324324326,0.4864864864864865,0.36486486486486486,0.3648648648648649,9,19,18,28,74
failure_sensitive_score,high_is_c4,0.46324063627622536,0.27272727272727276,0.3103448275862069,0.24324324324324326,0.4594594594594595,0.35135135135135137,0.35135135135135137,9,20,17,28,74
failure_sensitive_score,low_is_c4,0.38966194167288726,0.25,0.5454545454545454,0.16216216216216217,0.8648648648648649,0.5135135135135135,0.5135135135135136,6,5,32,31,74
failure_sensitive_score,high_is_c4,0.473620485063497,0.25,0.2962962962962963,0.21621621621621623,0.4864864864864865,0.35135135135135137,0.35135135135135137,8,19,18,29,74
failure_sensitive_score,low_is_c4,0.4001744801288656,0.2448979591836735,0.5,0.16216216216216217,0.8378378378378378,0.5,0.5,6,6,31,31,74
failure_sensitive_score,high_is_c4,0.4754575560821806,0.22580645161290325,0.28,0.1891891891891892,0.5135135135135135,0.35135135135135137,0.3513513513513513,7,18,19,30,74
failure_sensitive_score,high_is_c4,0.4741797586189943,0.22222222222222224,0.2692307692307692,0.1891891891891892,0.4864864864864865,0.33783783783783783,0.33783783783783783,7,19,18,30,74
failure_sensitive_score,low_is_c4,0.3789551198414035,0.21276595744680854,0.5,0.13513513513513514,0.8648648648648649,0.5,0.5,5,5,32,32,74
failure_sensitive_score,high_is_c4,0.4817567131077616,0.2,0.2608695652173913,0.16216216216216217,0.5405405405405406,0.35135135135135137,0.35135135135135137,6,17,20,31,74
failure_sensitive_score,high_is_c4,0.4772914449995821,0.19672131147540983,0.25,0.16216216216216217,0.5135135135135135,0.33783783783783783,0.33783783783783783,6,18,19,31,74
failure_sensitive_score,high_is_c4,0.49678525818910013,0.1754385964912281,0.25,0.13513513513513514,0.5945945945945946,0.36486486486486486,0.3648648648648649,5,15,22,32,74
failure_sensitive_score,low_is_c4,0.3783270400242835,0.17391304347826086,0.4444444444444444,0.10810810810810811,0.8648648648648649,0.4864864864864865,0.4864864864864865,4,5,32,33,74
failure_sensitive_score,high_is_c4,0.49326798074839207,0.1724137931034483,0.23809523809523808,0.13513513513513514,0.5675675675675675,0.35135135135135137,0.3513513513513513,5,16,21,32,74
failure_sensitive_score,high_is_c4,0.48788642278408156,0.16949152542372883,0.22727272727272727,0.13513513513513514,0.5405405405405406,0.33783783783783783,0.33783783783783783,5,17,20,32,74
failure_sensitive_score,high_is_c4,0.5121085994370864,0.1509433962264151,0.25,0.10810810810810811,0.6756756756756757,0.3918918918918919,0.3918918918918919,4,12,25,33,74
failure_sensitive_score,high_is_c4,0.5076894912637936,0.14814814814814817,0.23529411764705882,0.10810810810810811,0.6486486486486487,0.3783783783783784,0.3783783783783784,4,13,24,33,74
failure_sensitive_score,high_is_c4,0.5030075507006824,0.14545454545454545,0.2222222222222222,0.10810810810810811,0.6216216216216216,0.36486486486486486,0.36486486486486486,4,14,23,33,74
failure_sensitive_score,high_is_c4,0.4997259563633665,0.14285714285714288,0.21052631578947367,0.10810810810810811,0.5945945945945946,0.35135135135135137,0.35135135135135137,4,15,22,33,74
failure_sensitive_score,low_is_c4,0.3720516718761718,0.13636363636363638,0.42857142857142855,0.08108108108108109,0.8918918918918919,0.4864864864864865,0.4864864864864865,3,4,33,34,74
failure_sensitive_score,low_is_c4,0.37520256433373345,0.13333333333333333,0.375,0.08108108108108109,0.8648648648648649,0.47297297297297297,0.472972972972973,3,5,32,34,74
failure_sensitive_score,high_is_c4,0.5276074216713159,0.12244897959183675,0.25,0.08108108108108109,0.7567567567567568,0.4189189189189189,0.41891891891891897,3,9,28,34,74
failure_sensitive_score,high_is_c4,0.5171171960667313,0.12,0.23076923076923078,0.08108108108108109,0.7297297297297297,0.40540540540540543,0.4054054054054054,3,10,27,34,74
failure_sensitive_score,high_is_c4,0.5161292352625382,0.11764705882352942,0.21428571428571427,0.08108108108108109,0.7027027027027027,0.3918918918918919,0.3918918918918919,3,11,26,34,74
failure_sensitive_score,high_is_c4,0.5144102527838392,0.11538461538461539,0.2,0.08108108108108109,0.6756756756756757,0.3783783783783784,0.3783783783783784,3,12,25,34,74
failure_sensitive_score,low_is_c4,0.3402407756820782,0.10256410256410257,1.0,0.05405405405405406,1.0,0.527027027027027,0.527027027027027,2,0,37,35,74
failure_sensitive_score,low_is_c4,0.35641759548426355,0.1,0.6666666666666666,0.05405405405405406,0.972972972972973,0.5135135135135135,0.5135135135135136,2,1,36,35,74
failure_sensitive_score,low_is_c4,0.362317369437005,0.0975609756097561,0.5,0.05405405405405406,0.9459459459459459,0.5,0.5,2,2,35,35,74
failure_sensitive_score,low_is_c4,0.3665756282365259,0.09523809523809523,0.4,0.05405405405405406,0.918918918918919,0.4864864864864865,0.4864864864864865,2,3,34,35,74
failure_sensitive_score,low_is_c4,0.3709463563658387,0.09302325581395349,0.3333333333333333,0.05405405405405406,0.8918918918918919,0.47297297297297297,0.47297297297297297,2,4,33,35,74
failure_sensitive_score,high_is_c4,0.5501198143191097,0.08695652173913043,0.2222222222222222,0.05405405405405406,0.8108108108108109,0.43243243243243246,0.43243243243243246,2,7,30,35,74
failure_sensitive_score,high_is_c4,0.5454399498082194,0.0851063829787234,0.2,0.05405405405405406,0.7837837837837838,0.4189189189189189,0.4189189189189189,2,8,29,35,74
failure_sensitive_score,high_is_c4,0.5404221108345537,0.08333333333333334,0.18181818181818182,0.05405405405405406,0.7567567567567568,0.40540540540540543,0.40540540540540543,2,9,28,35,74
failure_sensitive_score,low_is_c4,0.3188521205025993,0.052631578947368425,1.0,0.02702702702702703,1.0,0.5135135135135135,0.5135135135135135,1,0,37,36,74
failure_sensitive_score,low_is_c4,0.3239831180050009,0.052631578947368425,1.0,0.02702702702702703,1.0,0.5135135135135135,0.5135135135135135,1,0,37,36,74
failure_sensitive_score,high_is_c4,0.6299260795816712,0.05128205128205129,0.5,0.02702702702702703,0.972972972972973,0.5,0.5,1,1,36,36,74
failure_sensitive_score,high_is_c4,0.6101840295638821,0.05,0.3333333333333333,0.02702702702702703,0.9459459459459459,0.4864864864864865,0.4864864864864865,1,2,35,36,74
failure_sensitive_score,high_is_c4,0.5990658408129077,0.04878048780487805,0.25,0.02702702702702703,0.918918918918919,0.47297297297297297,0.472972972972973,1,3,34,36,74
failure_sensitive_score,high_is_c4,0.5865138347313964,0.047619047619047616,0.2,0.02702702702702703,0.8918918918918919,0.4594594594594595,0.45945945945945943,1,4,33,36,74
failure_sensitive_score,high_is_c4,0.5801027489992011,0.046511627906976744,0.16666666666666666,0.02702702702702703,0.8648648648648649,0.44594594594594594,0.44594594594594594,1,5,32,36,74
failure_sensitive_score,high_is_c4,0.575301908548804,0.045454545454545456,0.14285714285714285,0.02702702702702703,0.8378378378378378,0.43243243243243246,0.43243243243243246,1,6,31,36,74
failure_sensitive_score,high_is_c4,0.5635003427307521,0.044444444444444446,0.125,0.02702702702702703,0.8108108108108109,0.4189189189189189,0.41891891891891897,1,7,30,36,74
failure_sensitive_score,high_is_c4,0.6634995879291006,0.0,0.0,0.0,0.972972972972973,0.4864864864864865,0.4864864864864865,0,1,36,37,74
failure_sensitive_score,high_is_c4,0.6788298230443341,0.0,0.0,0.0,0.972972972972973,0.4864864864864865,0.4864864864864865,0,1,36,37,74
high_density_score_0_8,low_is_c4,0.34184796739144085,0.6862745098039216,0.5384615384615384,0.9459459459459459,0.1891891891891892,0.5675675675675675,0.5675675675675675,35,30,7,2,74
high_density_score_0_8,low_is_c4,0.3343668890058637,0.68,0.5396825396825397,0.918918918918919,0.21621621621621623,0.5675675675675675,0.5675675675675675,34,29,8,3,74
high_density_score_0_8,low_is_c4,0.3481694246471181,0.6796116504854369,0.5303030303030303,0.9459459459459459,0.16216216216216217,0.5540540540540541,0.5540540540540541,35,31,6,2,74
high_density_score_0_8,low_is_c4,0.39112502553705186,0.6792452830188679,0.5217391304347826,0.972972972972973,0.10810810810810811,0.5405405405405406,0.5405405405405406,36,33,4,1,74
high_density_score_0_8,low_is_c4,0.41263655657379084,0.6788990825688073,0.5138888888888888,1.0,0.05405405405405406,0.527027027027027,0.527027027027027,37,35,2,0,74
high_density_score_0_8,low_is_c4,0.3381981505316918,0.6732673267326733,0.53125,0.918918918918919,0.1891891891891892,0.5540540540540541,0.5540540540540541,34,30,7,3,74
high_density_score_0_8,low_is_c4,0.36839503635275384,0.673076923076923,0.5223880597014925,0.9459459459459459,0.13513513513513514,0.5405405405405406,0.5405405405405406,35,32,5,2,74
high_density_score_0_8,low_is_c4,0.39558237043271416,0.6728971962616821,0.5142857142857142,0.972972972972973,0.08108108108108109,0.527027027027027,0.5270270270270271,36,34,3,1,74
high_density_score_0_8,low_is_c4,0.43410503951853313,0.6727272727272727,0.5068493150684932,1.0,0.02702702702702703,0.5135135135135135,0.5135135135135135,37,36,1,0,74
high_density_score_0_8,low_is_c4,0.29596452944221063,0.6666666666666666,0.5535714285714286,0.8378378378378378,0.32432432432432434,0.581081081081081,0.5810810810810811,31,25,12,6,74
high_density_score_0_8,low_is_c4,0.330696130597748,0.6666666666666666,0.532258064516129,0.8918918918918919,0.21621621621621623,0.5540540540540541,0.5540540540540541,33,29,8,4,74
high_density_score_0_8,low_is_c4,0.40069952107003237,0.6666666666666666,0.5070422535211268,0.972972972972973,0.05405405405405406,0.5135135135135135,0.5135135135135136,36,35,2,1,74
high_density_score_0_8,high_is_c4,0.03616637846552884,0.6666666666666666,0.5,1.0,0.0,0.5,0.5,37,37,0,0,74
high_density_score_0_8,low_is_c4,0.44860785283462473,0.6666666666666666,0.5,1.0,0.0,0.5,0.5,37,37,0,0,74
high_density_score_0_8,low_is_c4,0.38584791915421407,0.6666666666666665,0.5147058823529411,0.9459459459459459,0.10810810810810811,0.527027027027027,0.527027027027027,35,33,4,2,74
high_density_score_0_8,low_is_c4,0.29956870986080764,0.6595744680851063,0.543859649122807,0.8378378378378378,0.2972972972972973,0.5675675675675675,0.5675675675675675,31,26,11,6,74
high_density_score_0_8,high_is_c4,0.04845005633326381,0.6545454545454545,0.4931506849315068,0.972972972972973,0.0,0.4864864864864865,0.4864864864864865,36,37,0,1,74
high_density_score_0_8,low_is_c4,0.3297529021922181,0.6530612244897959,0.5245901639344263,0.8648648648648649,0.21621621621621623,0.5405405405405406,0.5405405405405406,32,29,8,5,74
high_density_score_0_8,low_is_c4,0.30269144320044256,0.6526315789473685,0.5344827586206896,0.8378378378378378,0.2702702702702703,0.5540540540540541,0.5540540540540541,31,27,10,6,74
high_density_score_0_8,low_is_c4,0.29182400989049406,0.6521739130434782,0.5454545454545454,0.8108108108108109,0.32432432432432434,0.5675675675675675,0.5675675675675675,30,25,12,7,74
high_density_score_0_8,high_is_c4,0.08185137789068905,0.6481481481481483,0.49295774647887325,0.9459459459459459,0.02702702702702703,0.4864864864864865,0.4864864864864865,35,36,1,2,74
high_density_score_0_8,low_is_c4,0.3136236142265288,0.6458333333333334,0.5254237288135594,0.8378378378378378,0.24324324324324326,0.5405405405405406,0.5405405405405406,31,28,9,6,74
high_density_score_0_8,low_is_c4,0.28095260998761235,0.6436781609195402,0.56,0.7567567567567568,0.40540540540540543,0.581081081081081,0.5810810810810811,28,22,15,9,74
high_density_score_0_8,high_is_c4,0.07066104282731787,0.6422018348623854,0.4861111111111111,0.9459459459459459,0.0,0.47297297297297297,0.47297297297297297,35,37,0,2,74
high_density_score_0_8,low_is_c4,0.3256996540205531,0.6391752577319588,0.5166666666666667,0.8378378378378378,0.21621621621621623,0.527027027027027,0.527027027027027,31,29,8,6,74
high_density_score_0_8,low_is_c4,0.29095849482496794,0.6373626373626374,0.5370370370370371,0.7837837837837838,0.32432432432432434,0.5540540540540541,0.5540540540540541,29,25,12,8,74
high_density_score_0_8,low_is_c4,0.28311098296056375,0.6363636363636364,0.5490196078431373,0.7567567567567568,0.3783783783783784,0.5675675675675675,0.5675675675675675,28,23,14,9,74
high_density_score_0_8,high_is_c4,0.08741992084076591,0.6355140186915889,0.4857142857142857,0.918918918918919,0.02702702702702703,0.47297297297297297,0.472972972972973,34,36,1,3,74
high_density_score_0_8,low_is_c4,0.28612627289957393,0.6292134831460674,0.5384615384615384,0.7567567567567568,0.35135135135135137,0.5540540540540541,0.5540540540540541,28,24,13,9,74
high_density_score_0_8,low_is_c4,0.2793001419212189,0.6279069767441859,0.5510204081632653,0.7297297297297297,0.40540540540540543,0.5675675675675675,0.5675675675675675,27,22,15,10,74
high_density_score_0_8,low_is_c4,0.2741078443444578,0.6265060240963856,0.5652173913043478,0.7027027027027027,0.4594594594594595,0.581081081081081,0.5810810810810811,26,20,17,11,74
high_density_score_0_8,high_is_c4,0.09271185064331453,0.6226415094339622,0.4782608695652174,0.8918918918918919,0.02702702702702703,0.4594594594594595,0.45945945945945943,33,36,1,4,74
high_density_score_0_8,low_is_c4,0.2892880175599518,0.6222222222222221,0.5283018867924528,0.7567567567567568,0.32432432432432434,0.5405405405405406,0.5405405405405406,28,25,12,9,74
high_density_score_0_8,low_is_c4,0.27625212753413636,0.6190476190476191,0.5531914893617021,0.7027027027027027,0.43243243243243246,0.5675675675675675,0.5675675675675675,26,21,16,11,74
high_density_score_0_8,low_is_c4,0.2554649321676276,0.617283950617284,0.5681818181818182,0.6756756756756757,0.4864864864864865,0.581081081081081,0.5810810810810811,25,19,18,12,74
high_density_score_0_8,low_is_c4,0.2342476491714827,0.6153846153846153,0.5853658536585366,0.6486486486486487,0.5405405405405406,0.5945945945945946,0.5945945945945946,24,17,20,13,74
high_density_score_0_8,high_is_c4,0.11743946915804188,0.6153846153846153,0.47761194029850745,0.8648648648648649,0.05405405405405406,0.4594594594594595,0.4594594594594595,32,35,2,5,74
high_density_score_0_8,low_is_c4,0.2783036124707453,0.611764705882353,0.5416666666666666,0.7027027027027027,0.40540540540540543,0.5540540540540541,0.5540540540540541,26,22,15,11,74
high_density_score_0_8,low_is_c4,0.27172506376760075,0.6097560975609757,0.5555555555555556,0.6756756756756757,0.4594594594594595,0.5675675675675675,0.5675675675675675,25,20,17,12,74
high_density_score_0_8,high_is_c4,0.1024346508015056,0.6095238095238095,0.47058823529411764,0.8648648648648649,0.02702702702702703,0.44594594594594594,0.44594594594594594,32,36,1,5,74
high_density_score_0_8,high_is_c4,0.13327934329470598,0.607843137254902,0.47692307692307695,0.8378378378378378,0.08108108108108109,0.4594594594594595,0.45945945945945943,31,34,3,6,74
high_density_score_0_8,low_is_c4,0.23512491105028607,0.6075949367088608,0.5714285714285714,0.6486486486486487,0.5135135135135135,0.581081081081081,0.5810810810810811,24,18,19,13,74
high_density_score_0_8,low_is_c4,0.2290328723857489,0.6052631578947368,0.5897435897435898,0.6216216216216216,0.5675675675675675,0.5945945945945946,0.5945945945945945,23,16,21,14,74
high_density_score_0_8,high_is_c4,0.1277040687911976,0.6019417475728156,0.4696969696969697,0.8378378378378378,0.05405405405405406,0.44594594594594594,0.44594594594594594,31,35,2,6,74
high_density_score_0_8,low_is_c4,0.23861989228886016,0.6,0.5581395348837209,0.6486486486486487,0.4864864864864865,0.5675675675675675,0.5675675675675675,24,19,18,13,74
high_density_score_0_8,low_is_c4,0.23163055553238146,0.5974025974025973,0.575,0.6216216216216216,0.5405405405405406,0.581081081081081,0.5810810810810811,23,17,20,14,74
high_density_score_0_8,high_is_c4,0.138238791706932,0.594059405940594,0.46875,0.8108108108108109,0.08108108108108109,0.44594594594594594,0.44594594594594594,30,34,3,7,74
high_density_score_0_8,low_is_c4,0.22165228343873952,0.5866666666666667,0.5789473684210527,0.5945945945945946,0.5675675675675675,0.581081081081081,0.5810810810810811,22,16,21,15,74
high_density_score_0_8,high_is_c4,0.14354327285176927,0.58,0.4603174603174603,0.7837837837837838,0.08108108108108109,0.43243243243243246,0.43243243243243246,29,34,3,8,74
high_density_score_0_8,low_is_c4,0.20770905375681892,0.5753424657534246,0.5833333333333334,0.5675675675675675,0.5945945945945946,0.581081081081081,0.5810810810810811,21,15,22,16,74
high_density_score_0_8,low_is_c4,0.21182825300233296,0.5675675675675675,0.5675675675675675,0.5675675675675675,0.5675675675675675,0.5675675675675675,0.5675675675675675,21,16,21,16,74
high_density_score_0_8,high_is_c4,0.14715165441410427,0.5656565656565656,0.45161290322580644,0.7567567567567568,0.08108108108108109,0.4189189189189189,0.41891891891891897,28,34,3,9,74
high_density_score_0_8,low_is_c4,0.20585382780071085,0.5555555555555556,0.5714285714285714,0.5405405405405406,0.5945945945945946,0.5675675675675675,0.5675675675675675,20,15,22,17,74
high_density_score_0_8,high_is_c4,0.1502191346609255,0.5510204081632653,0.4426229508196721,0.7297297297297297,0.08108108108108109,0.40540540540540543,0.4054054054054054,27,34,3,10,74
high_density_score_0_8,low_is_c4,0.1982112861085359,0.5507246376811593,0.59375,0.5135135135135135,0.6486486486486487,0.581081081081081,0.5810810810810811,19,13,24,18,74
high_density_score_0_8,high_is_c4,0.16567334796270072,0.5434782608695652,0.45454545454545453,0.6756756756756757,0.1891891891891892,0.43243243243243246,0.43243243243243246,25,30,7,12,74
high_density_score_0_8,low_is_c4,0.20180913228861355,0.5428571428571428,0.5757575757575758,0.5135135135135135,0.6216216216216216,0.5675675675675675,0.5675675675675675,19,14,23,18,74
high_density_score_0_8,high_is_c4,0.16386565248370247,0.5376344086021506,0.44642857142857145,0.6756756756756757,0.16216216216216217,0.4189189189189189,0.4189189189189189,25,31,6,12,74
high_density_score_0_8,high_is_c4,0.15509970189233394,0.5360824742268041,0.43333333333333335,0.7027027027027027,0.08108108108108109,0.3918918918918919,0.3918918918918919,26,34,3,11,74
high_density_score_0_8,low_is_c4,0.20450051148682832,0.5352112676056339,0.5588235294117647,0.5135135135135135,0.5945945945945946,0.5540540540540541,0.5540540540540541,19,15,22,18,74
high_density_score_0_8,high_is_c4,0.16214992282141327,0.5319148936170213,0.43859649122807015,0.6756756756756757,0.13513513513513514,0.40540540540540543,0.4054054054054054,25,32,5,12,74
high_density_score_0_8,low_is_c4,0.1958899343197622,0.5294117647058824,0.5806451612903226,0.4864864864864865,0.6486486486486487,0.5675675675675675,0.5675675675675675,18,13,24,19,74
high_density_score_0_8,high_is_c4,0.16735100306498857,0.5274725274725275,0.4444444444444444,0.6486486486486487,0.1891891891891892,0.4189189189189189,0.41891891891891897,24,30,7,13,74
high_density_score_0_8,high_is_c4,0.1602782002585893,0.5263157894736842,0.43103448275862066,0.6756756756756757,0.10810810810810811,0.3918918918918919,0.3918918918918919,25,33,4,12,74
high_density_score_0_8,low_is_c4,0.1866210267472862,0.5230769230769231,0.6071428571428571,0.4594594594594595,0.7027027027027027,0.581081081081081,0.5810810810810811,17,11,26,20,74
high_density_score_0_8,high_is_c4,0.15874197827948816,0.5208333333333334,0.423728813559322,0.6756756756756757,0.08108108108108109,0.3783783783783784,0.3783783783783784,25,34,3,12,74
high_density_score_0_8,low_is_c4,0.1783356758161812,0.5161290322580645,0.64,0.43243243243243246,0.7567567567567568,0.5945945945945946,0.5945945945945946,16,9,28,21,74
high_density_score_0_8,low_is_c4,0.19173367682491688,0.5151515151515151,0.5862068965517241,0.4594594594594595,0.6756756756756757,0.5675675675675675,0.5675675675675675,17,12,25,20,74
high_density_score_0_8,high_is_c4,0.16938155147715467,0.5111111111111112,0.4339622641509434,0.6216216216216216,0.1891891891891892,0.40540540540540543,0.4054054054054054,23,30,7,14,74
high_density_score_0_8,low_is_c4,0.17120570104752408,0.5084745762711864,0.6818181818181818,0.40540540540540543,0.8108108108108109,0.6081081081081081,0.6081081081081081,15,7,30,22,74
high_density_score_0_8,low_is_c4,0.18063666180737148,0.5079365079365079,0.6153846153846154,0.43243243243243246,0.7297297297297297,0.581081081081081,0.5810810810810811,16,10,27,21,74
high_density_score_0_8,low_is_c4,0.1942636517126755,0.5074626865671642,0.5666666666666667,0.4594594594594595,0.6486486486486487,0.5540540540540541,0.5540540540540541,17,13,24,20,74
high_density_score_0_8,high_is_c4,0.17566084603057067,0.5057471264367815,0.44,0.5945945945945946,0.24324324324324326,0.4189189189189189,0.41891891891891897,22,28,9,15,74
high_density_score_0_8,high_is_c4,0.17262792201906707,0.5000000000000001,0.43137254901960786,0.5945945945945946,0.21621621621621623,0.40540540540540543,0.40540540540540543,22,29,8,15,74
high_density_score_0_8,low_is_c4,0.17262792201906707,0.5,0.6521739130434783,0.40540540540540543,0.7837837837837838,0.5945945945945946,0.5945945945945946,15,8,29,22,74
high_density_score_0_8,low_is_c4,0.1828030466656615,0.5,0.5925925925925926,0.43243243243243246,0.7027027027027027,0.5675675675675675,0.5675675675675675,16,11,26,21,74
high_density_score_0_8,high_is_c4,0.1828030466656615,0.5,0.44680851063829785,0.5675675675675675,0.2972972972972973,0.43243243243243246,0.43243243243243246,21,26,11,16,74
high_density_score_0_8,high_is_c4,0.17120570104752408,0.49438202247191015,0.4230769230769231,0.5945945945945946,0.1891891891891892,0.3918918918918919,0.3918918918918919,22,30,7,15,74
high_density_score_0_8,high_is_c4,0.18063666180737148,0.4941176470588235,0.4375,0.5675675675675675,0.2702702702702703,0.4189189189189189,0.4189189189189189,21,27,10,16,74
high_density_score_0_8,high_is_c4,0.1942636517126755,0.49382716049382713,0.45454545454545453,0.5405405405405406,0.35135135135135137,0.44594594594594594,0.44594594594594594,20,24,13,17,74
high_density_score_0_8,low_is_c4,0.17566084603057067,0.4918032786885246,0.625,0.40540540540540543,0.7567567567567568,0.581081081081081,0.5810810810810811,15,9,28,22,74
high_density_score_0_8,high_is_c4,0.1783356758161812,0.4883720930232558,0.42857142857142855,0.5675675675675675,0.24324324324324326,0.40540540540540543,0.4054054054054054,21,28,9,16,74
high_density_score_0_8,high_is_c4,0.19173367682491688,0.4878048780487805,0.4444444444444444,0.5405405405405406,0.32432432432432434,0.43243243243243246,0.43243243243243246,20,25,12,17,74
high_density_score_0_8,low_is_c4,0.16938155147715467,0.48275862068965514,0.6666666666666666,0.3783783783783784,0.8108108108108109,0.5945945945945946,0.5945945945945946,14,7,30,23,74
high_density_score_0_8,high_is_c4,0.1866210267472862,0.4819277108433735,0.43478260869565216,0.5405405405405406,0.2972972972972973,0.4189189189189189,0.41891891891891897,20,26,11,17,74
high_density_score_0_8,high_is_c4,0.1958899343197622,0.47500000000000003,0.4418604651162791,0.5135135135135135,0.35135135135135137,0.43243243243243246,0.43243243243243246,19,24,13,18,74
high_density_score_0_8,high_is_c4,0.20450051148682832,0.4675324675324675,0.45,0.4864864864864865,0.40540540540540543,0.44594594594594594,0.44594594594594594,18,22,15,19,74
high_density_score_0_8,low_is_c4,0.15874197827948816,0.46153846153846156,0.8,0.32432432432432434,0.918918918918919,0.6216216216216216,0.6216216216216217,12,3,34,25,74
high_density_score_0_8,high_is_c4,0.20180913228861355,0.4615384615384615,0.43902439024390244,0.4864864864864865,0.3783783783783784,0.43243243243243246,0.43243243243243246,18,23,14,19,74
high_density_score_0_8,low_is_c4,0.16735100306498857,0.456140350877193,0.65,0.35135135135135137,0.8108108108108109,0.581081081081081,0.5810810810810811,13,7,30,24,74
high_density_score_0_8,high_is_c4,0.1982112861085359,0.4556962025316456,0.42857142857142855,0.4864864864864865,0.35135135135135137,0.4189189189189189,0.41891891891891897,18,24,13,19,74
high_density_score_0_8,low_is_c4,0.1602782002585893,0.4528301886792453,0.75,0.32432432432432434,0.8918918918918919,0.6081081081081081,0.6081081081081081,12,4,33,25,74
high_density_score_0_8,high_is_c4,0.20585382780071085,0.4473684210526316,0.4358974358974359,0.4594594594594595,0.40540540540540543,0.43243243243243246,0.43243243243243246,17,22,15,20,74
high_density_score_0_8,low_is_c4,0.16214992282141327,0.44444444444444453,0.7058823529411765,0.32432432432432434,0.8648648648648649,0.5945945945945946,0.5945945945945946,12,5,32,25,74
high_density_score_0_8,low_is_c4,0.16386565248370247,0.4363636363636364,0.6666666666666666,0.32432432432432434,0.8378378378378378,0.581081081081081,0.5810810810810811,12,6,31,25,74
high_density_score_0_8,high_is_c4,0.21182825300233296,0.43243243243243246,0.43243243243243246,0.43243243243243246,0.43243243243243246,0.43243243243243246,0.43243243243243246,16,21,16,21,74
high_density_score_0_8,low_is_c4,0.15509970189233394,0.43137254901960786,0.7857142857142857,0.2972972972972973,0.918918918918919,0.6081081081081081,0.6081081081081081,11,3,34,26,74
high_density_score_0_8,low_is_c4,0.16567334796270072,0.42857142857142855,0.631578947368421,0.32432432432432434,0.8108108108108109,0.5675675675675675,0.5675675675675675,12,7,30,25,74
high_density_score_0_8,high_is_c4,0.20770905375681892,0.4266666666666667,0.42105263157894735,0.43243243243243246,0.40540540540540543,0.4189189189189189,0.41891891891891897,16,22,15,21,74
high_density_score_0_8,high_is_c4,0.22165228343873952,0.4109589041095891,0.4166666666666667,0.40540540540540543,0.43243243243243246,0.4189189189189189,0.41891891891891897,15,21,16,22,74
high_density_score_0_8,low_is_c4,0.1502191346609255,0.4,0.7692307692307693,0.2702702702702703,0.918918918918919,0.5945945945945946,0.5945945945945946,10,3,34,27,74
high_density_score_0_8,high_is_c4,0.23163055553238146,0.39436619718309857,0.4117647058823529,0.3783783783783784,0.4594594594594595,0.4189189189189189,0.41891891891891897,14,20,17,23,74
high_density_score_0_8,high_is_c4,0.2290328723857489,0.3888888888888889,0.4,0.3783783783783784,0.43243243243243246,0.40540540540540543,0.40540540540540543,14,21,16,23,74
high_density_score_0_8,high_is_c4,0.23861989228886016,0.38235294117647056,0.41935483870967744,0.35135135135135137,0.5135135135135135,0.43243243243243246,0.43243243243243246,13,18,19,24,74
high_density_score_0_8,high_is_c4,0.23512491105028607,0.37681159420289856,0.40625,0.35135135135135137,0.4864864864864865,0.4189189189189189,0.41891891891891897,13,19,18,24,74
high_density_score_0_8,high_is_c4,0.2342476491714827,0.37142857142857144,0.3939393939393939,0.35135135135135137,0.4594594594594595,0.40540540540540543,0.40540540540540543,13,20,17,24,74
high_density_score_0_8,low_is_c4,0.14715165441410427,0.3673469387755103,0.75,0.24324324324324326,0.918918918918919,0.581081081081081,0.5810810810810811,9,3,34,28,74
high_density_score_0_8,high_is_c4,0.27172506376760075,0.36363636363636365,0.41379310344827586,0.32432432432432434,0.5405405405405406,0.43243243243243246,0.43243243243243246,12,17,20,25,74
high_density_score_0_8,high_is_c4,0.2554649321676276,0.3582089552238806,0.4,0.32432432432432434,0.5135135135135135,0.4189189189189189,0.4189189189189189,12,18,19,25,74
high_density_score_0_8,high_is_c4,0.2783036124707453,0.34920634920634924,0.4230769230769231,0.2972972972972973,0.5945945945945946,0.44594594594594594,0.44594594594594594,11,15,22,26,74
high_density_score_0_8,high_is_c4,0.27625212753413636,0.34375,0.4074074074074074,0.2972972972972973,0.5675675675675675,0.43243243243243246,0.43243243243243246,11,16,21,26,74
high_density_score_0_8,high_is_c4,0.2741078443444578,0.3384615384615385,0.39285714285714285,0.2972972972972973,0.5405405405405406,0.4189189189189189,0.41891891891891897,11,17,20,26,74
high_density_score_0_8,low_is_c4,0.14354327285176927,0.33333333333333337,0.7272727272727273,0.21621621621621623,0.918918918918919,0.5675675675675675,0.5675675675675675,8,3,34,29,74
high_density_score_0_8,high_is_c4,0.2793001419212189,0.3225806451612903,0.4,0.2702702702702703,0.5945945945945946,0.43243243243243246,0.43243243243243246,10,15,22,27,74
high_density_score_0_8,high_is_c4,0.2892880175599518,0.3103448275862069,0.42857142857142855,0.24324324324324326,0.6756756756756757,0.4594594594594595,0.45945945945945943,9,12,25,28,74
high_density_score_0_8,high_is_c4,0.28612627289957393,0.3050847457627119,0.4090909090909091,0.24324324324324326,0.6486486486486487,0.44594594594594594,0.44594594594594594,9,13,24,28,74
high_density_score_0_8,high_is_c4,0.28311098296056375,0.30000000000000004,0.391304347826087,0.24324324324324326,0.6216216216216216,0.43243243243243246,0.43243243243243246,9,14,23,28,74
high_density_score_0_8,low_is_c4,0.138238791706932,0.2978723404255319,0.7,0.1891891891891892,0.918918918918919,0.5540540540540541,0.5540540540540541,7,3,34,30,74
high_density_score_0_8,high_is_c4,0.28095260998761235,0.2950819672131148,0.375,0.24324324324324326,0.5945945945945946,0.4189189189189189,0.41891891891891897,9,15,22,28,74
high_density_score_0_8,high_is_c4,0.29095849482496794,0.2807017543859649,0.4,0.21621621621621623,0.6756756756756757,0.44594594594594594,0.44594594594594594,8,12,25,29,74
high_density_score_0_8,low_is_c4,0.1277040687911976,0.26666666666666666,0.75,0.16216216216216217,0.9459459459459459,0.5540540540540541,0.5540540540540541,6,2,35,31,74
high_density_score_0_8,low_is_c4,0.13327934329470598,0.26086956521739135,0.6666666666666666,0.16216216216216217,0.918918918918919,0.5405405405405406,0.5405405405405406,6,3,34,31,74
high_density_score_0_8,high_is_c4,0.29182400989049406,0.25,0.3684210526315789,0.1891891891891892,0.6756756756756757,0.43243243243243246,0.43243243243243246,7,12,25,30,74
high_density_score_0_8,high_is_c4,0.3256996540205531,0.23529411764705885,0.42857142857142855,0.16216216216216217,0.7837837837837838,0.47297297297297297,0.47297297297297297,6,8,29,31,74
high_density_score_0_8,low_is_c4,0.1024346508015056,0.23255813953488372,0.8333333333333334,0.13513513513513514,0.972972972972973,0.5540540540540541,0.5540540540540541,5,1,36,32,74
high_density_score_0_8,high_is_c4,0.3136236142265288,0.23076923076923078,0.4,0.16216216216216217,0.7567567567567568,0.4594594594594595,0.4594594594594595,6,9,28,31,74
high_density_score_0_8,low_is_c4,0.11743946915804188,0.22727272727272727,0.7142857142857143,0.13513513513513514,0.9459459459459459,0.5405405405405406,0.5405405405405406,5,2,35,32,74
high_density_score_0_8,high_is_c4,0.30269144320044256,0.22641509433962265,0.375,0.16216216216216217,0.7297297297297297,0.44594594594594594,0.44594594594594594,6,10,27,31,74
high_density_score_0_8,high_is_c4,0.29956870986080764,0.22222222222222227,0.35294117647058826,0.16216216216216217,0.7027027027027027,0.43243243243243246,0.43243243243243246,6,11,26,31,74
high_density_score_0_8,high_is_c4,0.29596452944221063,0.2181818181818182,0.3333333333333333,0.16216216216216217,0.6756756756756757,0.4189189189189189,0.4189189189189189,6,12,25,31,74
high_density_score_0_8,high_is_c4,0.3297529021922181,0.2,0.38461538461538464,0.13513513513513514,0.7837837837837838,0.4594594594594595,0.45945945945945943,5,8,29,32,74
high_density_score_0_8,low_is_c4,0.09271185064331453,0.19047619047619047,0.8,0.10810810810810811,0.972972972972973,0.5405405405405406,0.5405405405405406,4,1,36,33,74
high_density_score_0_8,high_is_c4,0.330696130597748,0.163265306122449,0.3333333333333333,0.10810810810810811,0.7837837837837838,0.44594594594594594,0.44594594594594594,4,8,29,33,74
high_density_score_0_8,low_is_c4,0.08741992084076591,0.14634146341463414,0.75,0.08108108108108109,0.972972972972973,0.527027027027027,0.5270270270270271,3,1,36,34,74
high_density_score_0_8,high_is_c4,0.3381981505316918,0.12765957446808512,0.3,0.08108108108108109,0.8108108108108109,0.44594594594594594,0.44594594594594594,3,7,30,34,74
high_density_score_0_8,high_is_c4,0.3343668890058637,0.125,0.2727272727272727,0.08108108108108109,0.7837837837837838,0.43243243243243246,0.43243243243243246,3,8,29,34,74
high_density_score_0_8,low_is_c4,0.07066104282731787,0.10256410256410257,1.0,0.05405405405405406,1.0,0.527027027027027,0.527027027027027,2,0,37,35,74
high_density_score_0_8,low_is_c4,0.08185137789068905,0.1,0.6666666666666666,0.05405405405405406,0.972972972972973,0.5135135135135135,0.5135135135135136,2,1,36,35,74
high_density_score_0_8,high_is_c4,0.38584791915421407,0.09302325581395349,0.3333333333333333,0.05405405405405406,0.8918918918918919,0.47297297297297297,0.47297297297297297,2,4,33,35,74
high_density_score_0_8,high_is_c4,0.36839503635275384,0.09090909090909091,0.2857142857142857,0.05405405405405406,0.8648648648648649,0.4594594594594595,0.4594594594594595,2,5,32,35,74
high_density_score_0_8,high_is_c4,0.3481694246471181,0.08888888888888889,0.25,0.05405405405405406,0.8378378378378378,0.44594594594594594,0.44594594594594594,2,6,31,35,74
high_density_score_0_8,high_is_c4,0.34184796739144085,0.08695652173913043,0.2222222222222222,0.05405405405405406,0.8108108108108109,0.43243243243243246,0.43243243243243246,2,7,30,35,74
high_density_score_0_8,low_is_c4,0.03616637846552884,0.052631578947368425,1.0,0.02702702702702703,1.0,0.5135135135135135,0.5135135135135135,1,0,37,36,74
high_density_score_0_8,low_is_c4,0.04845005633326381,0.052631578947368425,1.0,0.02702702702702703,1.0,0.5135135135135135,0.5135135135135135,1,0,37,36,74
high_density_score_0_8,high_is_c4,0.40069952107003237,0.05,0.3333333333333333,0.02702702702702703,0.9459459459459459,0.4864864864864865,0.4864864864864865,1,2,35,36,74
high_density_score_0_8,high_is_c4,0.39558237043271416,0.04878048780487805,0.25,0.02702702702702703,0.918918918918919,0.47297297297297297,0.472972972972973,1,3,34,36,74
high_density_score_0_8,high_is_c4,0.39112502553705186,0.047619047619047616,0.2,0.02702702702702703,0.8918918918918919,0.4594594594594595,0.45945945945945943,1,4,33,36,74
high_density_score_0_8,high_is_c4,0.43410503951853313,0.0,0.0,0.0,0.972972972972973,0.4864864864864865,0.4864864864864865,0,1,36,37,74
high_density_score_0_8,high_is_c4,0.44860785283462473,0.0,0.0,0.0,0.972972972972973,0.4864864864864865,0.4864864864864865,0,1,36,37,74
high_density_score_0_8,high_is_c4,0.41263655657379084,0.0,0.0,0.0,0.9459459459459459,0.47297297297297297,0.47297297297297297,0,2,35,37,74
high_low_gap_0_6_0_2,low_is_c4,0.5358974358974358,0.6956521739130435,0.5818181818181818,0.8648648648648649,0.3783783783783784,0.6216216216216216,0.6216216216216217,32,23,14,5,74
high_low_gap_0_6_0_2,low_is_c4,0.5714285714285714,0.6874999999999999,0.559322033898305,0.8918918918918919,0.2972972972972973,0.5945945945945946,0.5945945945945946,33,26,11,4,74
high_low_gap_0_6_0_2,low_is_c4,0.5166666666666666,0.6813186813186813,0.5740740740740741,0.8378378378378378,0.3783783783783784,0.6081081081081081,0.6081081081081081,31,23,14,6,74
high_low_gap_0_6_0_2,low_is_c4,0.5384615384615385,0.6808510638297872,0.5614035087719298,0.8648648648648649,0.32432432432432434,0.5945945945945946,0.5945945945945946,32,25,12,5,74
high_low_gap_0_6_0_2,low_is_c4,0.554945054945055,0.6808510638297872,0.5614035087719298,0.8648648648648649,0.32432432432432434,0.5945945945945946,0.5945945945945946,32,25,12,5,74
high_low_gap_0_6_0_2,low_is_c4,0.5934065934065935,0.6804123711340206,0.55,0.8918918918918919,0.2702702702702703,0.581081081081081,0.5810810810810811,33,27,10,4,74
high_low_gap_0_6_0_2,low_is_c4,0.7128205128205127,0.6792452830188679,0.5217391304347826,0.972972972972973,0.10810810810810811,0.5405405405405406,0.5405405405405406,36,33,4,1,74
high_low_gap_0_6_0_2,low_is_c4,0.8131868131868132,0.6788990825688073,0.5138888888888888,1.0,0.05405405405405406,0.527027027027027,0.527027027027027,37,35,2,0,74
high_low_gap_0_6_0_2,low_is_c4,0.7512820512820513,0.6728971962616821,0.5142857142857142,0.972972972972973,0.08108108108108109,0.527027027027027,0.5270270270270271,36,34,3,1,74
high_low_gap_0_6_0_2,low_is_c4,0.8901098901098901,0.6727272727272727,0.5068493150684932,1.0,0.02702702702702703,0.5135135135135135,0.5135135135135135,37,36,1,0,74
high_low_gap_0_6_0_2,high_is_c4,0.07692307692307693,0.6666666666666666,0.5,1.0,0.0,0.5,0.5,37,37,0,0,74
high_low_gap_0_6_0_2,low_is_c4,0.9230769230769231,0.6666666666666666,0.5,1.0,0.0,0.5,0.5,37,37,0,0,74
high_low_gap_0_6_0_2,low_is_c4,0.6675824175824177,0.6601941747572816,0.5151515151515151,0.918918918918919,0.13513513513513514,0.527027027027027,0.5270270270270271,34,32,5,3,74
high_low_gap_0_6_0_2,high_is_c4,0.10512820512820514,0.6545454545454545,0.4931506849315068,0.972972972972973,0.0,0.4864864864864865,0.4864864864864865,36,37,0,1,74
high_low_gap_0_6_0_2,high_is_c4,0.18406593406593408,0.6476190476190476,0.5,0.918918918918919,0.08108108108108109,0.5,0.5,34,34,3,3,74
high_low_gap_0_6_0_2,low_is_c4,0.6291208791208791,0.6470588235294117,0.5076923076923077,0.8918918918918919,0.13513513513513514,0.5135135135135135,0.5135135135135135,33,32,5,4,74
high_low_gap_0_6_0_2,high_is_c4,0.1380952380952381,0.6422018348623854,0.4861111111111111,0.9459459459459459,0.0,0.47297297297297297,0.47297297297297297,35,37,0,2,74
high_low_gap_0_6_0_2,low_is_c4,0.46153846153846156,0.6419753086419754,0.5909090909090909,0.7027027027027027,0.5135135135135135,0.6081081081081081,0.6081081081081081,26,18,19,11,74
high_low_gap_0_6_0_2,low_is_c4,0.4807692307692308,0.6419753086419754,0.5909090909090909,0.7027027027027027,0.5135135135135135,0.6081081081081081,0.6081081081081081,26,18,19,11,74
high_low_gap_0_6_0_2,high_is_c4,0.22252747252747251,0.6407766990291263,0.5,0.8918918918918919,0.10810810810810811,0.5,0.5,33,33,4,4,74
high_low_gap_0_6_0_2,high_is_c4,0.2142857142857143,0.6346153846153846,0.4925373134328358,0.8918918918918919,0.08108108108108109,0.4864864864864865,0.4864864864864865,33,34,3,4,74
high_low_gap_0_6_0_2,high_is_c4,0.23076923076923075,0.6336633663366337,0.5,0.8648648648648649,0.13513513513513514,0.5,0.5,32,32,5,5,74
high_low_gap_0_6_0_2,high_is_c4,0.14835164835164835,0.6296296296296297,0.4788732394366197,0.918918918918919,0.0,0.4594594594594595,0.4594594594594595,34,37,0,3,74
high_low_gap_0_6_0_2,high_is_c4,0.2582417582417582,0.6122448979591837,0.4918032786885246,0.8108108108108109,0.16216216216216217,0.4864864864864865,0.4864864864864865,30,31,6,7,74
high_low_gap_0_6_0_2,low_is_c4,0.3867521367521368,0.5757575757575758,0.6551724137931034,0.5135135135135135,0.7297297297297297,0.6216216216216216,0.6216216216216216,19,10,27,18,74
high_low_gap_0_6_0_2,low_is_c4,0.4087301587301587,0.5671641791044775,0.6333333333333333,0.5135135135135135,0.7027027027027027,0.6081081081081081,0.6081081081081081,19,11,26,18,74
high_low_gap_0_6_0_2,high_is_c4,0.3205128205128205,0.5652173913043479,0.4727272727272727,0.7027027027027027,0.21621621621621623,0.4594594594594595,0.4594594594594595,26,29,8,11,74
high_low_gap_0_6_0_2,high_is_c4,0.3076923076923077,0.5591397849462365,0.4642857142857143,0.7027027027027027,0.1891891891891892,0.44594594594594594,0.44594594594594594,26,30,7,11,74
high_low_gap_0_6_0_2,low_is_c4,0.4285714285714286,0.5555555555555556,0.5714285714285714,0.5405405405405406,0.5945945945945946,0.5675675675675675,0.5675675675675675,20,15,22,17,74
high_low_gap_0_6_0_2,low_is_c4,0.4330357142857143,0.5555555555555556,0.5714285714285714,0.5405405405405406,0.5945945945945946,0.5675675675675675,0.5675675675675675,20,15,22,17,74
high_low_gap_0_6_0_2,high_is_c4,0.29670329670329665,0.553191489361702,0.45614035087719296,0.7027027027027027,0.16216216216216217,0.43243243243243246,0.43243243243243246,26,31,6,11,74
high_low_gap_0_6_0_2,high_is_c4,0.34523809523809523,0.5494505494505494,0.46296296296296297,0.6756756756756757,0.21621621621621623,0.44594594594594594,0.44594594594594594,25,29,8,12,74
high_low_gap_0_6_0_2,low_is_c4,0.4495192307692307,0.547945205479452,0.5555555555555556,0.5405405405405406,0.5675675675675675,0.5540540540540541,0.5540540540540541,20,16,21,17,74
high_low_gap_0_6_0_2,high_is_c4,0.3798076923076923,0.5227272727272727,0.45098039215686275,0.6216216216216216,0.24324324324324326,0.43243243243243246,0.43243243243243246,23,28,9,14,74
high_low_gap_0_6_0_2,high_is_c4,0.3846153846153846,0.5227272727272727,0.45098039215686275,0.6216216216216216,0.24324324324324326,0.43243243243243246,0.43243243243243246,23,28,9,14,74
high_low_gap_0_6_0_2,high_is_c4,0.36607142857142855,0.5168539325842696,0.4423076923076923,0.6216216216216216,0.21621621621621623,0.4189189189189189,0.4189189189189189,23,29,8,14,74
high_low_gap_0_6_0_2,low_is_c4,0.3846153846153846,0.4918032786885246,0.625,0.40540540540540543,0.7567567567567568,0.581081081081081,0.5810810810810811,15,9,28,22,74
high_low_gap_0_6_0_2,low_is_c4,0.36607142857142855,0.4745762711864407,0.6363636363636364,0.3783783783783784,0.7837837837837838,0.581081081081081,0.5810810810810811,14,8,29,23,74
high_low_gap_0_6_0_2,low_is_c4,0.3798076923076923,0.4666666666666667,0.6086956521739131,0.3783783783783784,0.7567567567567568,0.5675675675675675,0.5675675675675675,14,9,28,23,74
high_low_gap_0_6_0_2,high_is_c4,0.4495192307692307,0.45333333333333337,0.4473684210526316,0.4594594594594595,0.43243243243243246,0.44594594594594594,0.44594594594594594,17,21,16,20,74
high_low_gap_0_6_0_2,high_is_c4,0.4330357142857143,0.4473684210526316,0.4358974358974359,0.4594594594594595,0.40540540540540543,0.43243243243243246,0.43243243243243246,17,22,15,20,74
high_low_gap_0_6_0_2,high_is_c4,0.4087301587301587,0.44444444444444453,0.4090909090909091,0.4864864864864865,0.2972972972972973,0.3918918918918919,0.3918918918918919,18,26,11,19,74
high_low_gap_0_6_0_2,high_is_c4,0.3867521367521368,0.43902439024390244,0.4,0.4864864864864865,0.2702702702702703,0.3783783783783784,0.3783783783783784,18,27,10,19,74
high_low_gap_0_6_0_2,high_is_c4,0.4285714285714286,0.430379746835443,0.40476190476190477,0.4594594594594595,0.32432432432432434,0.3918918918918919,0.3918918918918919,17,25,12,20,74
high_low_gap_0_6_0_2,low_is_c4,0.34523809523809523,0.4210526315789474,0.6,0.32432432432432434,0.7837837837837838,0.5540540540540541,0.5540540540540541,12,8,29,25,74
high_low_gap_0_6_0_2,low_is_c4,0.29670329670329665,0.40740740740740744,0.6470588235294118,0.2972972972972973,0.8378378378378378,0.5675675675675675,0.5675675675675675,11,6,31,26,74
high_low_gap_0_6_0_2,low_is_c4,0.3076923076923077,0.39285714285714285,0.5789473684210527,0.2972972972972973,0.7837837837837838,0.5405405405405406,0.5405405405405406,11,8,29,26,74
high_low_gap_0_6_0_2,low_is_c4,0.3205128205128205,0.39285714285714285,0.5789473684210527,0.2972972972972973,0.7837837837837838,0.5405405405405406,0.5405405405405406,11,8,29,26,74
high_low_gap_0_6_0_2,high_is_c4,0.46153846153846156,0.3529411764705882,0.3870967741935484,0.32432432432432434,0.4864864864864865,0.40540540540540543,0.40540540540540543,12,19,18,25,74
high_low_gap_0_6_0_2,high_is_c4,0.4807692307692308,0.3283582089552239,0.36666666666666664,0.2972972972972973,0.4864864864864865,0.3918918918918919,0.3918918918918919,11,19,18,26,74
high_low_gap_0_6_0_2,low_is_c4,0.2582417582417582,0.28,0.5384615384615384,0.1891891891891892,0.8378378378378378,0.5135135135135135,0.5135135135135135,7,6,31,30,74
high_low_gap_0_6_0_2,low_is_c4,0.23076923076923075,0.21276595744680854,0.5,0.13513513513513514,0.8648648648648649,0.5,0.5,5,5,32,32,74
high_low_gap_0_6_0_2,high_is_c4,0.5166666666666666,0.2105263157894737,0.3,0.16216216216216217,0.6216216216216216,0.3918918918918919,0.3918918918918919,6,14,23,31,74
high_low_gap_0_6_0_2,high_is_c4,0.554945054945055,0.18518518518518517,0.29411764705882354,0.13513513513513514,0.6756756756756757,0.40540540540540543,0.4054054054054054,5,12,25,32,74
high_low_gap_0_6_0_2,high_is_c4,0.5714285714285714,0.18518518518518517,0.29411764705882354,0.13513513513513514,0.6756756756756757,0.40540540540540543,0.4054054054054054,5,12,25,32,74
high_low_gap_0_6_0_2,high_is_c4,0.5384615384615385,0.18181818181818182,0.2777777777777778,0.13513513513513514,0.6486486486486487,0.3918918918918919,0.3918918918918919,5,13,24,32,74
high_low_gap_0_6_0_2,high_is_c4,0.5358974358974358,0.17857142857142858,0.2631578947368421,0.13513513513513514,0.6216216216216216,0.3783783783783784,0.3783783783783784,5,14,23,32,74
high_low_gap_0_6_0_2,low_is_c4,0.2142857142857143,0.17777777777777778,0.5,0.10810810810810811,0.8918918918918919,0.5,0.5,4,4,33,33,74
high_low_gap_0_6_0_2,low_is_c4,0.22252747252747251,0.17777777777777778,0.5,0.10810810810810811,0.8918918918918919,0.5,0.5,4,4,33,33,74
high_low_gap_0_6_0_2,high_is_c4,0.6291208791208791,0.17391304347826086,0.4444444444444444,0.10810810810810811,0.8648648648648649,0.4864864864864865,0.4864864864864865,4,5,32,33,74
high_low_gap_0_6_0_2,high_is_c4,0.5934065934065935,0.1568627450980392,0.2857142857142857,0.10810810810810811,0.7297297297297297,0.4189189189189189,0.4189189189189189,4,10,27,33,74
high_low_gap_0_6_0_2,low_is_c4,0.14835164835164835,0.15,1.0,0.08108108108108109,1.0,0.5405405405405406,0.5405405405405406,3,0,37,34,74
high_low_gap_0_6_0_2,low_is_c4,0.18406593406593408,0.13953488372093023,0.5,0.08108108108108109,0.918918918918919,0.5,0.5,3,3,34,34,74
high_low_gap_0_6_0_2,high_is_c4,0.6675824175824177,0.13333333333333333,0.375,0.08108108108108109,0.8648648648648649,0.47297297297297297,0.472972972972973,3,5,32,34,74
high_low_gap_0_6_0_2,low_is_c4,0.1380952380952381,0.10256410256410257,1.0,0.05405405405405406,1.0,0.527027027027027,0.527027027027027,2,0,37,35,74
high_low_gap_0_6_0_2,low_is_c4,0.07692307692307693,0.052631578947368425,1.0,0.02702702702702703,1.0,0.5135135135135135,0.5135135135135135,1,0,37,36,74
high_low_gap_0_6_0_2,low_is_c4,0.10512820512820514,0.052631578947368425,1.0,0.02702702702702703,1.0,0.5135135135135135,0.5135135135135135,1,0,37,36,74
high_low_gap_0_6_0_2,high_is_c4,0.7512820512820513,0.04878048780487805,0.25,0.02702702702702703,0.918918918918919,0.47297297297297297,0.472972972972973,1,3,34,36,74
high_low_gap_0_6_0_2,high_is_c4,0.7128205128205127,0.047619047619047616,0.2,0.02702702702702703,0.8918918918918919,0.4594594594594595,0.45945945945945943,1,4,33,36,74
high_low_gap_0_6_0_2,high_is_c4,0.8901098901098901,0.0,0.0,0.0,0.972972972972973,0.4864864864864865,0.4864864864864865,0,1,36,37,74
high_low_gap_0_6_0_2,high_is_c4,0.9230769230769231,0.0,0.0,0.0,0.972972972972973,0.4864864864864865,0.4864864864864865,0,1,36,37,74
high_low_gap_0_6_0_2,high_is_c4,0.8131868131868132,0.0,0.0,0.0,0.9459459459459459,0.47297297297297297,0.47297297297297297,0,2,35,37,74
high_low_gap_0_6_0_3,low_is_c4,0.5358974358974358,0.6808510638297872,0.5614035087719298,0.8648648648648649,0.32432432432432434,0.5945945945945946,0.5945945945945946,32,25,12,5,74
high_low_gap_0_6_0_3,low_is_c4,0.8076923076923077,0.6788990825688073,0.5138888888888888,1.0,0.05405405405405406,0.527027027027027,0.527027027027027,37,35,2,0,74
high_low_gap_0_6_0_3,low_is_c4,0.8516483516483517,0.6727272727272727,0.5068493150684932,1.0,0.02702702702702703,0.5135135135135135,0.5135135135135135,37,36,1,0,74
high_low_gap_0_6_0_3,low_is_c4,0.4807692307692307,0.6666666666666667,0.5660377358490566,0.8108108108108109,0.3783783783783784,0.5945945945945946,0.5945945945945946,30,23,14,7,74
high_low_gap_0_6_0_3,low_is_c4,0.5166666666666666,0.6666666666666666,0.5535714285714286,0.8378378378378378,0.32432432432432434,0.581081081081081,0.5810810810810811,31,25,12,6,74
high_low_gap_0_6_0_3,low_is_c4,0.5934065934065934,0.6666666666666666,0.5230769230769231,0.918918918918919,0.16216216216216217,0.5405405405405406,0.5405405405405406,34,31,6,3,74
high_low_gap_0_6_0_3,high_is_c4,0.033333333333333354,0.6666666666666666,0.5070422535211268,0.972972972972973,0.05405405405405406,0.5135135135135135,0.5135135135135136,36,35,2,1,74
high_low_gap_0_6_0_3,low_is_c4,0.7307692307692308,0.6666666666666666,0.5070422535211268,0.972972972972973,0.05405405405405406,0.5135135135135135,0.5135135135135136,36,35,2,1,74
high_low_gap_0_6_0_3,high_is_c4,0.0,0.6666666666666666,0.5,1.0,0.0,0.5,0.5,37,37,0,0,74
high_low_gap_0_6_0_3,low_is_c4,0.8571428571428571,0.6666666666666666,0.5,1.0,0.0,0.5,0.5,37,37,0,0,74
high_low_gap_0_6_0_3,low_is_c4,0.641025641025641,0.660377358490566,0.5072463768115942,0.9459459459459459,0.08108108108108109,0.5135135135135135,0.5135135135135135,35,34,3,2,74
high_low_gap_0_6_0_3,low_is_c4,0.4285714285714286,0.6590909090909091,0.5686274509803921,0.7837837837837838,0.40540540540540543,0.5945945945945946,0.5945945945945946,29,22,15,8,74
high_low_gap_0_6_0_3,low_is_c4,0.44505494505494503,0.6590909090909091,0.5686274509803921,0.7837837837837838,0.40540540540540543,0.5945945945945946,0.5945945945945946,29,22,15,8,74
high_low_gap_0_6_0_3,high_is_c4,0.06904761904761905,0.6542056074766355,0.5,0.9459459459459459,0.05405405405405406,0.5,0.5,35,35,2,2,74
high_low_gap_0_6_0_3,low_is_c4,0.6794871794871795,0.6542056074766355,0.5,0.9459459459459459,0.05405405405405406,0.5,0.5,35,35,2,2,74
high_low_gap_0_6_0_3,high_is_c4,0.07417582417582419,0.6476190476190476,0.5,0.918918918918919,0.08108108108108109,0.5,0.5,34,34,3,3,74
high_low_gap_0_6_0_3,high_is_c4,0.10989010989010989,0.6470588235294117,0.5076923076923077,0.8918918918918919,0.13513513513513514,0.5135135135135135,0.5135135135135135,33,32,5,4,74
high_low_gap_0_6_0_3,high_is_c4,0.14285714285714285,0.6470588235294117,0.5076923076923077,0.8918918918918919,0.13513513513513514,0.5135135135135135,0.5135135135135135,33,32,5,4,74
high_low_gap_0_6_0_3,low_is_c4,0.5384615384615385,0.6464646464646465,0.5161290322580645,0.8648648648648649,0.1891891891891892,0.527027027027027,0.5270270270270271,32,30,7,5,74
high_low_gap_0_6_0_3,low_is_c4,0.554945054945055,0.6464646464646465,0.5161290322580645,0.8648648648648649,0.1891891891891892,0.527027027027027,0.5270270270270271,32,30,7,5,74
high_low_gap_0_6_0_3,high_is_c4,0.07142857142857142,0.6415094339622641,0.4927536231884058,0.918918918918919,0.05405405405405406,0.4864864864864865,0.4864864864864865,34,35,2,3,74
high_low_gap_0_6_0_3,low_is_c4,0.4065934065934066,0.6329113924050633,0.5952380952380952,0.6756756756756757,0.5405405405405406,0.6081081081081081,0.6081081081081081,25,17,20,12,74
high_low_gap_0_6_0_3,high_is_c4,0.14835164835164832,0.606060606060606,0.4838709677419355,0.8108108108108109,0.13513513513513514,0.47297297297297297,0.472972972972973,30,32,5,7,74
high_low_gap_0_6_0_3,high_is_c4,0.1769230769230769,0.5979381443298969,0.48333333333333334,0.7837837837837838,0.16216216216216217,0.47297297297297297,0.47297297297297297,29,31,6,8,74
high_low_gap_0_6_0_3,high_is_c4,0.23076923076923075,0.5957446808510638,0.49122807017543857,0.7567567567567568,0.21621621621621623,0.4864864864864865,0.4864864864864865,28,29,8,9,74
high_low_gap_0_6_0_3,high_is_c4,0.22252747252747251,0.5894736842105263,0.4827586206896552,0.7567567567567568,0.1891891891891892,0.47297297297297297,0.472972972972973,28,30,7,9,74
high_low_gap_0_6_0_3,high_is_c4,0.2582417582417582,0.5869565217391305,0.4909090909090909,0.7297297297297297,0.24324324324324326,0.4864864864864865,0.4864864864864865,27,28,9,10,74
high_low_gap_0_6_0_3,high_is_c4,0.20714285714285713,0.5833333333333334,0.4745762711864407,0.7567567567567568,0.16216216216216217,0.4594594594594595,0.4594594594594595,28,31,6,9,74
high_low_gap_0_6_0_3,low_is_c4,0.3846153846153846,0.5599999999999999,0.5526315789473685,0.5675675675675675,0.5405405405405406,0.5540540540540541,0.5540540540540541,21,17,20,16,74
high_low_gap_0_6_0_3,high_is_c4,0.29670329670329665,0.5454545454545454,0.47058823529411764,0.6486486486486487,0.2702702702702703,0.4594594594594595,0.4594594594594595,24,27,10,13,74
high_low_gap_0_6_0_3,high_is_c4,0.34523809523809523,0.5365853658536586,0.4888888888888889,0.5945945945945946,0.3783783783783784,0.4864864864864865,0.4864864864864865,22,23,14,15,74
high_low_gap_0_6_0_3,high_is_c4,0.3571428571428571,0.5365853658536586,0.4888888888888889,0.5945945945945946,0.3783783783783784,0.4864864864864865,0.4864864864864865,22,23,14,15,74
high_low_gap_0_6_0_3,high_is_c4,0.3229166666666667,0.5301204819277109,0.4782608695652174,0.5945945945945946,0.35135135135135137,0.47297297297297297,0.472972972972973,22,24,13,15,74
high_low_gap_0_6_0_3,high_is_c4,0.3076923076923077,0.5287356321839081,0.46,0.6216216216216216,0.2702702702702703,0.44594594594594594,0.44594594594594594,23,27,10,14,74
high_low_gap_0_6_0_3,high_is_c4,0.3571428571428572,0.525,0.4883720930232558,0.5675675675675675,0.40540540540540543,0.4864864864864865,0.4864864864864865,21,22,15,16,74
high_low_gap_0_6_0_3,high_is_c4,0.31009615384615385,0.5176470588235293,0.4583333333333333,0.5945945945945946,0.2972972972972973,0.44594594594594594,0.44594594594594594,22,26,11,15,74
high_low_gap_0_6_0_3,high_is_c4,0.3708791208791209,0.5063291139240507,0.47619047619047616,0.5405405405405406,0.40540540540540543,0.47297297297297297,0.472972972972973,20,22,15,17,74
high_low_gap_0_6_0_3,high_is_c4,0.3846153846153846,0.5063291139240507,0.47619047619047616,0.5405405405405406,0.40540540540540543,0.47297297297297297,0.472972972972973,20,22,15,17,74
high_low_gap_0_6_0_3,low_is_c4,0.3571428571428572,0.4927536231884059,0.53125,0.4594594594594595,0.5945945945945946,0.527027027027027,0.5270270270270271,17,15,22,20,74
high_low_gap_0_6_0_3,low_is_c4,0.3708791208791209,0.4927536231884059,0.53125,0.4594594594594595,0.5945945945945946,0.527027027027027,0.5270270270270271,17,15,22,20,74
high_low_gap_0_6_0_3,low_is_c4,0.3571428571428571,0.47761194029850745,0.5333333333333333,0.43243243243243246,0.6216216216216216,0.527027027027027,0.527027027027027,16,14,23,21,74
high_low_gap_0_6_0_3,low_is_c4,0.3076923076923077,0.47619047619047616,0.5769230769230769,0.40540540540540543,0.7027027027027027,0.5540540540540541,0.5540540540540541,15,11,26,22,74
high_low_gap_0_6_0_3,low_is_c4,0.31009615384615385,0.47619047619047616,0.5769230769230769,0.40540540540540543,0.7027027027027027,0.5540540540540541,0.5540540540540541,15,11,26,22,74
high_low_gap_0_6_0_3,low_is_c4,0.3229166666666667,0.46153846153846156,0.5357142857142857,0.40540540540540543,0.6486486486486487,0.527027027027027,0.5270270270270271,15,13,24,22,74
high_low_gap_0_6_0_3,low_is_c4,0.34523809523809523,0.4545454545454546,0.5172413793103449,0.40540540540540543,0.6216216216216216,0.5135135135135135,0.5135135135135135,15,14,23,22,74
high_low_gap_0_6_0_3,low_is_c4,0.29670329670329665,0.43333333333333335,0.5652173913043478,0.35135135135135137,0.7297297297297297,0.5405405405405406,0.5405405405405406,13,10,27,24,74
high_low_gap_0_6_0_3,low_is_c4,0.2582417582417582,0.35714285714285715,0.5263157894736842,0.2702702702702703,0.7567567567567568,0.5135135135135135,0.5135135135135136,10,9,28,27,74
high_low_gap_0_6_0_3,high_is_c4,0.4065934065934066,0.34782608695652173,0.375,0.32432432432432434,0.4594594594594595,0.3918918918918919,0.3918918918918919,12,20,17,25,74
high_low_gap_0_6_0_3,low_is_c4,0.20714285714285713,0.34615384615384615,0.6,0.24324324324324326,0.8378378378378378,0.5405405405405406,0.5405405405405406,9,6,31,28,74
high_low_gap_0_6_0_3,low_is_c4,0.22252747252747251,0.339622641509434,0.5625,0.24324324324324326,0.8108108108108109,0.527027027027027,0.5270270270270271,9,7,30,28,74
high_low_gap_0_6_0_3,low_is_c4,0.23076923076923075,0.33333333333333337,0.5294117647058824,0.24324324324324326,0.7837837837837838,0.5135135135135135,0.5135135135135135,9,8,29,28,74
high_low_gap_0_6_0_3,high_is_c4,0.4285714285714286,0.33333333333333337,0.3793103448275862,0.2972972972972973,0.5135135135135135,0.40540540540540543,0.4054054054054054,11,18,19,26,74
high_low_gap_0_6_0_3,low_is_c4,0.1769230769230769,0.3137254901960784,0.5714285714285714,0.21621621621621623,0.8378378378378378,0.527027027027027,0.527027027027027,8,6,31,29,74
high_low_gap_0_6_0_3,low_is_c4,0.14835164835164832,0.28571428571428575,0.5833333333333334,0.1891891891891892,0.8648648648648649,0.527027027027027,0.5270270270270271,7,5,32,30,74
high_low_gap_0_6_0_3,high_is_c4,0.44505494505494503,0.26666666666666666,0.34782608695652173,0.21621621621621623,0.5945945945945946,0.40540540540540543,0.40540540540540543,8,15,22,29,74
high_low_gap_0_6_0_3,low_is_c4,0.14285714285714285,0.25,0.5454545454545454,0.16216216216216217,0.8648648648648649,0.5135135135135135,0.5135135135135136,6,5,32,31,74
high_low_gap_0_6_0_3,high_is_c4,0.4807692307692307,0.24137931034482757,0.3333333333333333,0.1891891891891892,0.6216216216216216,0.40540540540540543,0.4054054054054054,7,14,23,30,74
high_low_gap_0_6_0_3,high_is_c4,0.5166666666666666,0.2181818181818182,0.3333333333333333,0.16216216216216217,0.6756756756756757,0.4189189189189189,0.4189189189189189,6,12,25,31,74
high_low_gap_0_6_0_3,high_is_c4,0.554945054945055,0.20408163265306126,0.4166666666666667,0.13513513513513514,0.8108108108108109,0.47297297297297297,0.472972972972973,5,7,30,32,74
high_low_gap_0_6_0_3,high_is_c4,0.5384615384615385,0.1923076923076923,0.3333333333333333,0.13513513513513514,0.7297297297297297,0.43243243243243246,0.43243243243243246,5,10,27,32,74
high_low_gap_0_6_0_3,high_is_c4,0.5358974358974358,0.18518518518518517,0.29411764705882354,0.13513513513513514,0.6756756756756757,0.40540540540540543,0.4054054054054054,5,12,25,32,74
high_low_gap_0_6_0_3,low_is_c4,0.10989010989010989,0.17391304347826086,0.4444444444444444,0.10810810810810811,0.8648648648648649,0.4864864864864865,0.4864864864864865,4,5,32,33,74
high_low_gap_0_6_0_3,low_is_c4,0.07142857142857142,0.14285714285714288,0.6,0.08108108108108109,0.9459459459459459,0.5135135135135135,0.5135135135135135,3,2,35,34,74
high_low_gap_0_6_0_3,low_is_c4,0.07417582417582419,0.13953488372093023,0.5,0.08108108108108109,0.918918918918919,0.5,0.5,3,3,34,34,74
high_low_gap_0_6_0_3,high_is_c4,0.5934065934065934,0.13043478260869568,0.3333333333333333,0.08108108108108109,0.8378378378378378,0.4594594594594595,0.45945945945945943,3,6,31,34,74
high_low_gap_0_6_0_3,high_is_c4,0.6794871794871795,0.0975609756097561,0.5,0.05405405405405406,0.9459459459459459,0.5,0.5,2,2,35,35,74
high_low_gap_0_6_0_3,low_is_c4,0.06904761904761905,0.0975609756097561,0.5,0.05405405405405406,0.9459459459459459,0.5,0.5,2,2,35,35,74
high_low_gap_0_6_0_3,high_is_c4,0.641025641025641,0.09523809523809523,0.4,0.05405405405405406,0.918918918918919,0.4864864864864865,0.4864864864864865,2,3,34,35,74
high_low_gap_0_6_0_3,high_is_c4,0.7307692307692308,0.05,0.3333333333333333,0.02702702702702703,0.9459459459459459,0.4864864864864865,0.4864864864864865,1,2,35,36,74
high_low_gap_0_6_0_3,low_is_c4,0.0,0.05,0.3333333333333333,0.02702702702702703,0.9459459459459459,0.4864864864864865,0.4864864864864865,1,2,35,36,74
high_low_gap_0_6_0_3,low_is_c4,0.033333333333333354,0.05,0.3333333333333333,0.02702702702702703,0.9459459459459459,0.4864864864864865,0.4864864864864865,1,2,35,36,74
high_low_gap_0_6_0_3,high_is_c4,0.8516483516483517,0.0,0.0,0.0,0.972972972972973,0.4864864864864865,0.4864864864864865,0,1,36,37,74
high_low_gap_0_6_0_3,high_is_c4,0.8571428571428571,0.0,0.0,0.0,0.972972972972973,0.4864864864864865,0.4864864864864865,0,1,36,37,74
high_low_gap_0_6_0_3,high_is_c4,0.8076923076923077,0.0,0.0,0.0,0.9459459459459459,0.47297297297297297,0.47297297297297297,0,2,35,37,74
high_low_gap_0_6_0_4,low_is_c4,0.8076923076923077,0.6788990825688073,0.5138888888888888,1.0,0.05405405405405406,0.527027027027027,0.527027027027027,37,35,2,0,74
high_low_gap_0_6_0_4,low_is_c4,0.4285714285714286,0.6739130434782609,0.5636363636363636,0.8378378378378378,0.35135135135135137,0.5945945945945946,0.5945945945945946,31,24,13,6,74
high_low_gap_0_6_0_4,low_is_c4,0.44505494505494503,0.6739130434782609,0.5636363636363636,0.8378378378378378,0.35135135135135137,0.5945945945945946,0.5945945945945946,31,24,13,6,74
high_low_gap_0_6_0_4,low_is_c4,0.8516483516483517,0.6727272727272727,0.5068493150684932,1.0,0.02702702702702703,0.5135135135135135,0.5135135135135135,37,36,1,0,74
high_low_gap_0_6_0_4,low_is_c4,0.39230769230769236,0.6666666666666666,0.58,0.7837837837837838,0.43243243243243246,0.6081081081081081,0.6081081081081081,29,21,16,8,74
high_low_gap_0_6_0_4,high_is_c4,-0.07417582417582419,0.6666666666666666,0.5070422535211268,0.972972972972973,0.05405405405405406,0.5135135135135135,0.5135135135135136,36,35,2,1,74
high_low_gap_0_6_0_4,low_is_c4,0.6923076923076923,0.6666666666666666,0.5070422535211268,0.972972972972973,0.05405405405405406,0.5135135135135135,0.5135135135135136,36,35,2,1,74
high_low_gap_0_6_0_4,high_is_c4,-0.07692307692307693,0.6666666666666666,0.5,1.0,0.0,0.5,0.5,37,37,0,0,74
high_low_gap_0_6_0_4,low_is_c4,0.8571428571428571,0.6666666666666666,0.5,1.0,0.0,0.5,0.5,37,37,0,0,74
high_low_gap_0_6_0_4,low_is_c4,0.5166666666666666,0.6599999999999999,0.5238095238095238,0.8918918918918919,0.1891891891891892,0.5405405405405406,0.5405405405405406,33,30,7,4,74
high_low_gap_0_6_0_4,low_is_c4,0.4833333333333333,0.6597938144329898,0.5333333333333333,0.8648648648648649,0.24324324324324326,0.5540540540540541,0.5540540540540541,32,28,9,5,74
high_low_gap_0_6_0_4,low_is_c4,0.41428571428571426,0.6590909090909091,0.5686274509803921,0.7837837837837838,0.40540540540540543,0.5945945945945946,0.5945945945945946,29,22,15,8,74
high_low_gap_0_6_0_4,high_is_c4,-0.07142857142857142,0.6542056074766355,0.5,0.9459459459459459,0.05405405405405406,0.5,0.5,35,35,2,2,74
high_low_gap_0_6_0_4,low_is_c4,0.5358974358974359,0.6534653465346535,0.515625,0.8918918918918919,0.16216216216216217,0.527027027027027,0.527027027027027,33,31,6,4,74
high_low_gap_0_6_0_4,low_is_c4,0.3846153846153846,0.6511627906976745,0.5714285714285714,0.7567567567567568,0.43243243243243246,0.5945945945945946,0.5945945945945946,28,21,16,9,74
high_low_gap_0_6_0_4,low_is_c4,0.3076923076923077,0.6493506493506493,0.625,0.6756756756756757,0.5945945945945946,0.6351351351351351,0.6351351351351351,25,15,22,12,74
high_low_gap_0_6_0_4,low_is_c4,0.31009615384615385,0.6493506493506493,0.625,0.6756756756756757,0.5945945945945946,0.6351351351351351,0.6351351351351351,25,15,22,12,74
high_low_gap_0_6_0_4,high_is_c4,-0.0357142857142857,0.6476190476190476,0.5,0.918918918918919,0.08108108108108109,0.5,0.5,34,34,3,3,74
high_low_gap_0_6_0_4,low_is_c4,0.5934065934065934,0.6476190476190476,0.5,0.918918918918919,0.08108108108108109,0.5,0.5,34,34,3,3,74
high_low_gap_0_6_0_4,low_is_c4,0.46153846153846156,0.6458333333333334,0.5254237288135594,0.8378378378378378,0.24324324324324326,0.5405405405405406,0.5405405405405406,31,28,9,6,74
high_low_gap_0_6_0_4,low_is_c4,0.4641025641025641,0.6458333333333334,0.5254237288135594,0.8378378378378378,0.24324324324324326,0.5405405405405406,0.5405405405405406,31,28,9,6,74
high_low_gap_0_6_0_4,low_is_c4,0.38278388278388276,0.6428571428571429,0.574468085106383,0.7297297297297297,0.4594594594594595,0.5945945945945946,0.5945945945945946,27,20,17,10,74
high_low_gap_0_6_0_4,low_is_c4,0.554945054945055,0.6346153846153846,0.4925373134328358,0.8918918918918919,0.08108108108108109,0.4864864864864865,0.4864864864864865,33,34,3,4,74
high_low_gap_0_6_0_4,low_is_c4,0.33482142857142855,0.6329113924050633,0.5952380952380952,0.6756756756756757,0.5405405405405406,0.6081081081081081,0.6081081081081081,25,17,20,12,74
high_low_gap_0_6_0_4,high_is_c4,0.10989010989010989,0.631578947368421,0.5172413793103449,0.8108108108108109,0.24324324324324326,0.527027027027027,0.5270270270270271,30,28,9,7,74
high_low_gap_0_6_0_4,low_is_c4,0.3571428571428572,0.6265060240963856,0.5652173913043478,0.7027027027027027,0.4594594594594595,0.581081081081081,0.5810810810810811,26,20,17,11,74
high_low_gap_0_6_0_4,low_is_c4,0.36904761904761907,0.6265060240963856,0.5652173913043478,0.7027027027027027,0.4594594594594595,0.581081081081081,0.5810810810810811,26,20,17,11,74
high_low_gap_0_6_0_4,low_is_c4,0.3571428571428571,0.6250000000000001,0.5813953488372093,0.6756756756756757,0.5135135135135135,0.5945945945945946,0.5945945945945945,25,18,19,12,74
high_low_gap_0_6_0_4,high_is_c4,0.0769230769230769,0.6185567010309277,0.5,0.8108108108108109,0.1891891891891892,0.5,0.5,30,30,7,7,74
high_low_gap_0_6_0_4,high_is_c4,0.0357142857142857,0.6138613861386139,0.484375,0.8378378378378378,0.10810810810810811,0.47297297297297297,0.47297297297297297,31,33,4,6,74
high_low_gap_0_6_0_4,high_is_c4,0.07417582417582416,0.6122448979591837,0.4918032786885246,0.8108108108108109,0.16216216216216217,0.4864864864864865,0.4864864864864865,30,31,6,7,74
high_low_gap_0_6_0_4,high_is_c4,0.07142857142857142,0.606060606060606,0.4838709677419355,0.8108108108108109,0.13513513513513514,0.47297297297297297,0.472972972972973,30,32,5,7,74
high_low_gap_0_6_0_4,low_is_c4,0.2967032967032967,0.5915492957746479,0.6176470588235294,0.5675675675675675,0.6486486486486487,0.6081081081081081,0.6081081081081081,21,13,24,16,74
high_low_gap_0_6_0_4,high_is_c4,0.14835164835164832,0.5869565217391305,0.4909090909090909,0.7297297297297297,0.24324324324324326,0.4864864864864865,0.4864864864864865,27,28,9,10,74
high_low_gap_0_6_0_4,high_is_c4,0.15384615384615383,0.5714285714285714,0.48148148148148145,0.7027027027027027,0.24324324324324326,0.47297297297297297,0.472972972972973,26,28,9,11,74
high_low_gap_0_6_0_4,low_is_c4,0.23076923076923075,0.5588235294117647,0.6129032258064516,0.5135135135135135,0.6756756756756757,0.5945945945945946,0.5945945945945945,19,12,25,18,74
high_low_gap_0_6_0_4,low_is_c4,0.25824175824175827,0.5507246376811593,0.59375,0.5135135135135135,0.6486486486486487,0.581081081081081,0.5810810810810811,19,13,24,18,74
high_low_gap_0_6_0_4,high_is_c4,0.17692307692307693,0.5393258426966292,0.46153846153846156,0.6486486486486487,0.24324324324324326,0.44594594594594594,0.44594594594594594,24,28,9,13,74
high_low_gap_0_6_0_4,high_is_c4,0.20714285714285713,0.5227272727272727,0.45098039215686275,0.6216216216216216,0.24324324324324326,0.43243243243243246,0.43243243243243246,23,28,9,14,74
high_low_gap_0_6_0_4,low_is_c4,0.21428571428571427,0.5161290322580645,0.64,0.43243243243243246,0.7567567567567568,0.5945945945945946,0.5945945945945946,16,9,28,21,74
high_low_gap_0_6_0_4,low_is_c4,0.21825396825396828,0.5079365079365079,0.6153846153846154,0.43243243243243246,0.7297297297297297,0.581081081081081,0.5810810810810811,16,10,27,21,74
high_low_gap_0_6_0_4,low_is_c4,0.2264957264957265,0.5,0.5925925925925926,0.43243243243243246,0.7027027027027027,0.5675675675675675,0.5675675675675675,16,11,26,21,74
high_low_gap_0_6_0_4,high_is_c4,0.2264957264957265,0.5,0.44680851063829785,0.5675675675675675,0.2972972972972973,0.43243243243243246,0.43243243243243246,21,26,11,16,74
high_low_gap_0_6_0_4,high_is_c4,0.21825396825396828,0.4941176470588235,0.4375,0.5675675675675675,0.2702702702702703,0.4189189189189189,0.4189189189189189,21,27,10,16,74
high_low_gap_0_6_0_4,high_is_c4,0.21428571428571427,0.4883720930232558,0.42857142857142855,0.5675675675675675,0.24324324324324326,0.40540540540540543,0.4054054054054054,21,28,9,16,74
high_low_gap_0_6_0_4,low_is_c4,0.20714285714285713,0.4666666666666667,0.6086956521739131,0.3783783783783784,0.7567567567567568,0.5675675675675675,0.5675675675675675,14,9,28,23,74
high_low_gap_0_6_0_4,high_is_c4,0.25824175824175827,0.4556962025316456,0.42857142857142855,0.4864864864864865,0.35135135135135137,0.4189189189189189,0.41891891891891897,18,24,13,19,74
high_low_gap_0_6_0_4,high_is_c4,0.23076923076923075,0.45,0.4186046511627907,0.4864864864864865,0.32432432432432434,0.40540540540540543,0.40540540540540543,18,25,12,19,74
high_low_gap_0_6_0_4,low_is_c4,0.17692307692307693,0.4406779661016949,0.5909090909090909,0.35135135135135137,0.7567567567567568,0.5540540540540541,0.5540540540540541,13,9,28,24,74
high_low_gap_0_6_0_4,high_is_c4,0.2967032967032967,0.4155844155844156,0.4,0.43243243243243246,0.35135135135135137,0.3918918918918919,0.3918918918918919,16,24,13,21,74
high_low_gap_0_6_0_4,low_is_c4,0.15384615384615383,0.38596491228070173,0.55,0.2972972972972973,0.7567567567567568,0.527027027027027,0.5270270270270271,11,9,28,26,74
high_low_gap_0_6_0_4,high_is_c4,0.3076923076923077,0.37837837837837834,0.3783783783783784,0.3783783783783784,0.3783783783783784,0.3783783783783784,0.3783783783783784,14,23,14,23,74
high_low_gap_0_6_0_4,high_is_c4,0.3571428571428572,0.3582089552238806,0.4,0.32432432432432434,0.5135135135135135,0.4189189189189189,0.4189189189189189,12,18,19,25,74
high_low_gap_0_6_0_4,low_is_c4,0.14835164835164832,0.35714285714285715,0.5263157894736842,0.2702702702702703,0.7567567567567568,0.5135135135135135,0.5135135135135136,10,9,28,27,74
high_low_gap_0_6_0_4,high_is_c4,0.33482142857142855,0.34782608695652173,0.375,0.32432432432432434,0.4594594594594595,0.3918918918918919,0.3918918918918919,12,20,17,25,74
high_low_gap_0_6_0_4,high_is_c4,0.3571428571428571,0.34782608695652173,0.375,0.32432432432432434,0.4594594594594595,0.3918918918918919,0.3918918918918919,12,20,17,25,74
high_low_gap_0_6_0_4,high_is_c4,0.36904761904761907,0.3384615384615385,0.39285714285714285,0.2972972972972973,0.5405405405405406,0.4189189189189189,0.41891891891891897,11,17,20,26,74
high_low_gap_0_6_0_4,high_is_c4,0.31009615384615385,0.3380281690140845,0.35294117647058826,0.32432432432432434,0.40540540540540543,0.36486486486486486,0.3648648648648649,12,22,15,25,74
high_low_gap_0_6_0_4,high_is_c4,0.38278388278388276,0.3125,0.37037037037037035,0.2702702702702703,0.5405405405405406,0.40540540540540543,0.40540540540540543,10,17,20,27,74
high_low_gap_0_6_0_4,high_is_c4,0.3846153846153846,0.3125,0.37037037037037035,0.2702702702702703,0.5405405405405406,0.40540540540540543,0.40540540540540543,10,17,20,27,74
high_low_gap_0_6_0_4,low_is_c4,0.07142857142857142,0.28571428571428575,0.5833333333333334,0.1891891891891892,0.8648648648648649,0.527027027027027,0.5270270270270271,7,5,32,30,74
high_low_gap_0_6_0_4,low_is_c4,0.07417582417582416,0.28,0.5384615384615384,0.1891891891891892,0.8378378378378378,0.5135135135135135,0.5135135135135135,7,6,31,30,74
high_low_gap_0_6_0_4,low_is_c4,0.0769230769230769,0.2745098039215686,0.5,0.1891891891891892,0.8108108108108109,0.5,0.5,7,7,30,30,74
high_low_gap_0_6_0_4,high_is_c4,0.41428571428571426,0.26666666666666666,0.34782608695652173,0.21621621621621623,0.5945945945945946,0.40540540540540543,0.40540540540540543,8,15,22,29,74
high_low_gap_0_6_0_4,low_is_c4,0.10989010989010989,0.2641509433962264,0.4375,0.1891891891891892,0.7567567567567568,0.47297297297297297,0.472972972972973,7,9,28,30,74
high_low_gap_0_6_0_4,high_is_c4,0.39230769230769236,0.26229508196721313,0.3333333333333333,0.21621621621621623,0.5675675675675675,0.3918918918918919,0.3918918918918919,8,16,21,29,74
high_low_gap_0_6_0_4,low_is_c4,0.0357142857142857,0.25531914893617025,0.6,0.16216216216216217,0.8918918918918919,0.527027027027027,0.527027027027027,6,4,33,31,74
high_low_gap_0_6_0_4,high_is_c4,0.4285714285714286,0.24137931034482757,0.3333333333333333,0.1891891891891892,0.6216216216216216,0.40540540540540543,0.4054054054054054,7,14,23,30,74
high_low_gap_0_6_0_4,high_is_c4,0.4641025641025641,0.23076923076923078,0.4,0.16216216216216217,0.7567567567567568,0.4594594594594595,0.4594594594594595,6,9,28,31,74
high_low_gap_0_6_0_4,high_is_c4,0.46153846153846156,0.22641509433962265,0.375,0.16216216216216217,0.7297297297297297,0.44594594594594594,0.44594594594594594,6,10,27,31,74
high_low_gap_0_6_0_4,high_is_c4,0.44505494505494503,0.21428571428571427,0.3157894736842105,0.16216216216216217,0.6486486486486487,0.40540540540540543,0.40540540540540543,6,13,24,31,74
high_low_gap_0_6_0_4,high_is_c4,0.4833333333333333,0.19607843137254902,0.35714285714285715,0.13513513513513514,0.7567567567567568,0.44594594594594594,0.44594594594594594,5,9,28,32,74
high_low_gap_0_6_0_4,high_is_c4,0.554945054945055,0.18181818181818182,0.5714285714285714,0.10810810810810811,0.918918918918919,0.5135135135135135,0.5135135135135136,4,3,34,33,74
high_low_gap_0_6_0_4,high_is_c4,0.5358974358974359,0.1702127659574468,0.4,0.10810810810810811,0.8378378378378378,0.47297297297297297,0.47297297297297297,4,6,31,33,74
high_low_gap_0_6_0_4,high_is_c4,0.5166666666666666,0.16666666666666669,0.36363636363636365,0.10810810810810811,0.8108108108108109,0.4594594594594595,0.4594594594594595,4,7,30,33,74
high_low_gap_0_6_0_4,high_is_c4,0.5934065934065934,0.13953488372093023,0.5,0.08108108108108109,0.918918918918919,0.5,0.5,3,3,34,34,74
high_low_gap_0_6_0_4,low_is_c4,-0.0357142857142857,0.13953488372093023,0.5,0.08108108108108109,0.918918918918919,0.5,0.5,3,3,34,34,74
high_low_gap_0_6_0_4,low_is_c4,-0.07142857142857142,0.0975609756097561,0.5,0.05405405405405406,0.9459459459459459,0.5,0.5,2,2,35,35,74
high_low_gap_0_6_0_4,high_is_c4,0.6923076923076923,0.05,0.3333333333333333,0.02702702702702703,0.9459459459459459,0.4864864864864865,0.4864864864864865,1,2,35,36,74
high_low_gap_0_6_0_4,low_is_c4,-0.07692307692307693,0.05,0.3333333333333333,0.02702702702702703,0.9459459459459459,0.4864864864864865,0.4864864864864865,1,2,35,36,74
high_low_gap_0_6_0_4,low_is_c4,-0.07417582417582419,0.05,0.3333333333333333,0.02702702702702703,0.9459459459459459,0.4864864864864865,0.4864864864864865,1,2,35,36,74
high_low_gap_0_6_0_4,high_is_c4,0.8516483516483517,0.0,0.0,0.0,0.972972972972973,0.4864864864864865,0.4864864864864865,0,1,36,37,74
high_low_gap_0_6_0_4,high_is_c4,0.8571428571428571,0.0,0.0,0.0,0.972972972972973,0.4864864864864865,0.4864864864864865,0,1,36,37,74
high_low_gap_0_6_0_4,high_is_c4,0.8076923076923077,0.0,0.0,0.0,0.9459459459459459,0.47297297297297297,0.47297297297297297,0,2,35,37,74
high_low_gap_0_7_0_2,low_is_c4,0.4285714285714286,0.7096774193548389,0.5892857142857143,0.8918918918918919,0.3783783783783784,0.6351351351351351,0.6351351351351351,33,23,14,4,74
high_low_gap_0_7_0_2,low_is_c4,0.44505494505494503,0.7096774193548389,0.5892857142857143,0.8918918918918919,0.3783783783783784,0.6351351351351351,0.6351351351351351,33,23,14,4,74
high_low_gap_0_7_0_2,low_is_c4,0.46153846153846156,0.7058823529411765,0.5538461538461539,0.972972972972973,0.21621621621621623,0.5945945945945946,0.5945945945945946,36,29,8,1,74
high_low_gap_0_7_0_2,low_is_c4,0.4807692307692308,0.7058823529411765,0.5538461538461539,0.972972972972973,0.21621621621621623,0.5945945945945946,0.5945945945945946,36,29,8,1,74
high_low_gap_0_7_0_2,low_is_c4,0.5192307692307692,0.7047619047619048,0.5441176470588235,1.0,0.16216216216216217,0.581081081081081,0.5810810810810811,37,31,6,0,74
high_low_gap_0_7_0_2,low_is_c4,0.5692307692307692,0.691588785046729,0.5285714285714286,1.0,0.10810810810810811,0.5540540540540541,0.5540540540540541,37,33,4,0,74
high_low_gap_0_7_0_2,low_is_c4,0.6076923076923078,0.6851851851851851,0.5211267605633803,1.0,0.08108108108108109,0.5405405405405406,0.5405405405405406,37,34,3,0,74
high_low_gap_0_7_0_2,low_is_c4,0.6291208791208791,0.6727272727272727,0.5068493150684932,1.0,0.02702702702702703,0.5135135135135135,0.5135135135135135,37,36,1,0,74
high_low_gap_0_7_0_2,high_is_c4,-0.07692307692307693,0.6666666666666666,0.5,1.0,0.0,0.5,0.5,37,37,0,0,74
high_low_gap_0_7_0_2,low_is_c4,0.6428571428571429,0.6666666666666666,0.5,1.0,0.0,0.5,0.5,37,37,0,0,74
high_low_gap_0_7_0_2,high_is_c4,-0.038461538461538464,0.6545454545454545,0.4931506849315068,0.972972972972973,0.0,0.4864864864864865,0.4864864864864865,36,37,0,1,74
high_low_gap_0_7_0_2,low_is_c4,0.4,0.6511627906976745,0.5714285714285714,0.7567567567567568,0.43243243243243246,0.5945945945945946,0.5945945945945946,28,21,16,9,74
high_low_gap_0_7_0_2,low_is_c4,0.41428571428571426,0.6511627906976745,0.5714285714285714,0.7567567567567568,0.43243243243243246,0.5945945945945946,0.5945945945945946,28,21,16,9,74
high_low_gap_0_7_0_2,low_is_c4,0.3923076923076923,0.6428571428571429,0.574468085106383,0.7297297297297297,0.4594594594594595,0.5945945945945946,0.5945945945945946,27,20,17,10,74
high_low_gap_0_7_0_2,high_is_c4,0.03571428571428571,0.6422018348623854,0.4861111111111111,0.9459459459459459,0.0,0.47297297297297297,0.47297297297297297,35,37,0,2,74
high_low_gap_0_7_0_2,high_is_c4,0.07417582417582418,0.6296296296296297,0.4788732394366197,0.918918918918919,0.0,0.4594594594594595,0.4594594594594595,34,37,0,3,74
high_low_gap_0_7_0_2,high_is_c4,0.10989010989010989,0.6226415094339622,0.4782608695652174,0.8918918918918919,0.02702702702702703,0.4594594594594595,0.45945945945945943,33,36,1,4,74
high_low_gap_0_7_0_2,high_is_c4,0.14285714285714285,0.6226415094339622,0.4782608695652174,0.8918918918918919,0.02702702702702703,0.4594594594594595,0.45945945945945943,33,36,1,4,74
high_low_gap_0_7_0_2,low_is_c4,0.3571428571428571,0.6052631578947368,0.5897435897435898,0.6216216216216216,0.5675675675675675,0.5945945945945946,0.5945945945945945,23,16,21,14,74
high_low_gap_0_7_0_2,low_is_c4,0.3076923076923077,0.6027397260273972,0.6111111111111112,0.5945945945945946,0.6216216216216216,0.6081081081081081,0.6081081081081081,22,14,23,15,74
high_low_gap_0_7_0_2,low_is_c4,0.31009615384615385,0.6027397260273972,0.6111111111111112,0.5945945945945946,0.6216216216216216,0.6081081081081081,0.6081081081081081,22,14,23,15,74
high_low_gap_0_7_0_2,low_is_c4,0.33482142857142855,0.5945945945945946,0.5945945945945946,0.5945945945945946,0.5945945945945946,0.5945945945945946,0.5945945945945946,22,15,22,15,74
high_low_gap_0_7_0_2,low_is_c4,0.3660714285714286,0.5897435897435899,0.5609756097560976,0.6216216216216216,0.5135135135135135,0.5675675675675675,0.5675675675675675,23,18,19,14,74
high_low_gap_0_7_0_2,high_is_c4,0.14835164835164838,0.5882352941176471,0.46153846153846156,0.8108108108108109,0.05405405405405406,0.43243243243243246,0.43243243243243246,30,35,2,7,74
high_low_gap_0_7_0_2,low_is_c4,0.3798076923076923,0.5822784810126581,0.5476190476190477,0.6216216216216216,0.4864864864864865,0.5540540540540541,0.5540540540540541,23,19,18,14,74
high_low_gap_0_7_0_2,high_is_c4,0.2142857142857143,0.577319587628866,0.4666666666666667,0.7567567567567568,0.13513513513513514,0.44594594594594594,0.44594594594594594,28,32,5,9,74
high_low_gap_0_7_0_2,high_is_c4,0.23076923076923075,0.5744680851063829,0.47368421052631576,0.7297297297297297,0.1891891891891892,0.4594594594594595,0.45945945945945943,27,30,7,10,74
high_low_gap_0_7_0_2,high_is_c4,0.18406593406593408,0.5714285714285715,0.45901639344262296,0.7567567567567568,0.10810810810810811,0.43243243243243246,0.43243243243243246,28,33,4,9,74
high_low_gap_0_7_0_2,high_is_c4,0.22649572649572647,0.5684210526315788,0.46551724137931033,0.7297297297297297,0.16216216216216217,0.44594594594594594,0.44594594594594594,27,31,6,10,74
high_low_gap_0_7_0_2,high_is_c4,0.21825396825396826,0.5625,0.4576271186440678,0.7297297297297297,0.13513513513513514,0.43243243243243246,0.43243243243243246,27,32,5,10,74
high_low_gap_0_7_0_2,low_is_c4,0.29670329670329665,0.5454545454545455,0.6206896551724138,0.4864864864864865,0.7027027027027027,0.5945945945945946,0.5945945945945946,18,11,26,19,74
high_low_gap_0_7_0_2,high_is_c4,0.24871794871794872,0.5393258426966292,0.46153846153846156,0.6486486486486487,0.24324324324324326,0.44594594594594594,0.44594594594594594,24,28,9,13,74
high_low_gap_0_7_0_2,high_is_c4,0.2761904761904762,0.5227272727272727,0.45098039215686275,0.6216216216216216,0.24324324324324326,0.43243243243243246,0.43243243243243246,23,28,9,14,74
high_low_gap_0_7_0_2,low_is_c4,0.2761904761904762,0.4666666666666667,0.6086956521739131,0.3783783783783784,0.7567567567567568,0.5675675675675675,0.5675675675675675,14,9,28,23,74
high_low_gap_0_7_0_2,high_is_c4,0.29670329670329665,0.4634146341463415,0.4222222222222222,0.5135135135135135,0.2972972972972973,0.40540540540540543,0.4054054054054054,19,26,11,18,74
high_low_gap_0_7_0_2,high_is_c4,0.3076923076923077,0.45,0.4186046511627907,0.4864864864864865,0.32432432432432434,0.40540540540540543,0.40540540540540543,18,25,12,19,74
high_low_gap_0_7_0_2,low_is_c4,0.24871794871794872,0.4406779661016949,0.5909090909090909,0.35135135135135137,0.7567567567567568,0.5540540540540541,0.5540540540540541,13,9,28,24,74
high_low_gap_0_7_0_2,high_is_c4,0.3798076923076923,0.40579710144927533,0.4375,0.3783783783783784,0.5135135135135135,0.44594594594594594,0.44594594594594594,14,18,19,23,74
high_low_gap_0_7_0_2,high_is_c4,0.33482142857142855,0.40540540540540543,0.40540540540540543,0.40540540540540543,0.40540540540540543,0.40540540540540543,0.40540540540540543,15,22,15,22,74
high_low_gap_0_7_0_2,high_is_c4,0.3571428571428571,0.40540540540540543,0.40540540540540543,0.40540540540540543,0.40540540540540543,0.40540540540540543,0.40540540540540543,15,22,15,22,74
high_low_gap_0_7_0_2,high_is_c4,0.3660714285714286,0.4000000000000001,0.42424242424242425,0.3783783783783784,0.4864864864864865,0.43243243243243246,0.43243243243243246,14,19,18,23,74
high_low_gap_0_7_0_2,high_is_c4,0.31009615384615385,0.4,0.39473684210526316,0.40540540540540543,0.3783783783783784,0.3918918918918919,0.3918918918918919,15,23,14,22,74
high_low_gap_0_7_0_2,low_is_c4,0.2142857142857143,0.3846153846153846,0.6666666666666666,0.2702702702702703,0.8648648648648649,0.5675675675675675,0.5675675675675675,10,5,32,27,74
high_low_gap_0_7_0_2,low_is_c4,0.21825396825396826,0.3846153846153846,0.6666666666666666,0.2702702702702703,0.8648648648648649,0.5675675675675675,0.5675675675675675,10,5,32,27,74
high_low_gap_0_7_0_2,low_is_c4,0.22649572649572647,0.3773584905660377,0.625,0.2702702702702703,0.8378378378378378,0.5540540540540541,0.5540540540540541,10,6,31,27,74
high_low_gap_0_7_0_2,low_is_c4,0.23076923076923075,0.37037037037037035,0.5882352941176471,0.2702702702702703,0.8108108108108109,0.5405405405405406,0.5405405405405406,10,7,30,27,74
high_low_gap_0_7_0_2,low_is_c4,0.18406593406593408,0.36000000000000004,0.6923076923076923,0.24324324324324326,0.8918918918918919,0.5675675675675675,0.5675675675675675,9,4,33,28,74
high_low_gap_0_7_0_2,high_is_c4,0.3923076923076923,0.3125,0.37037037037037035,0.2702702702702703,0.5405405405405406,0.40540540540540543,0.40540540540540543,10,17,20,27,74
high_low_gap_0_7_0_2,low_is_c4,0.14835164835164838,0.30434782608695654,0.7777777777777778,0.1891891891891892,0.9459459459459459,0.5675675675675675,0.5675675675675675,7,2,35,30,74
high_low_gap_0_7_0_2,high_is_c4,0.41428571428571426,0.2903225806451613,0.36,0.24324324324324326,0.5675675675675675,0.40540540540540543,0.4054054054054054,9,16,21,28,74
high_low_gap_0_7_0_2,high_is_c4,0.4,0.2857142857142857,0.34615384615384615,0.24324324324324326,0.5405405405405406,0.3918918918918919,0.3918918918918919,9,17,20,28,74
high_low_gap_0_7_0_2,low_is_c4,0.14285714285714285,0.26666666666666666,0.75,0.16216216216216217,0.9459459459459459,0.5540540540540541,0.5540540540540541,6,2,35,31,74
high_low_gap_0_7_0_2,low_is_c4,0.10989010989010989,0.19047619047619047,0.8,0.10810810810810811,0.972972972972973,0.5405405405405406,0.5405405405405406,4,1,36,33,74
high_low_gap_0_7_0_2,low_is_c4,0.07417582417582418,0.15,1.0,0.08108108108108109,1.0,0.5405405405405406,0.5405405405405406,3,0,37,34,74
high_low_gap_0_7_0_2,high_is_c4,0.44505494505494503,0.14545454545454545,0.2222222222222222,0.10810810810810811,0.6216216216216216,0.36486486486486486,0.36486486486486486,4,14,23,33,74
high_low_gap_0_7_0_2,high_is_c4,0.4285714285714286,0.14035087719298245,0.2,0.10810810810810811,0.5675675675675675,0.33783783783783783,0.33783783783783783,4,16,21,33,74
high_low_gap_0_7_0_2,low_is_c4,0.03571428571428571,0.10256410256410257,1.0,0.05405405405405406,1.0,0.527027027027027,0.527027027027027,2,0,37,35,74
high_low_gap_0_7_0_2,high_is_c4,0.46153846153846156,0.0784313725490196,0.14285714285714285,0.05405405405405406,0.6756756756756757,0.36486486486486486,0.36486486486486486,2,12,25,35,74
high_low_gap_0_7_0_2,low_is_c4,-0.07692307692307693,0.052631578947368425,1.0,0.02702702702702703,1.0,0.5135135135135135,0.5135135135135135,1,0,37,36,74
high_low_gap_0_7_0_2,low_is_c4,-0.038461538461538464,0.052631578947368425,1.0,0.02702702702702703,1.0,0.5135135135135135,0.5135135135135135,1,0,37,36,74
high_low_gap_0_7_0_2,high_is_c4,0.4807692307692308,0.043478260869565216,0.1111111111111111,0.02702702702702703,0.7837837837837838,0.40540540540540543,0.4054054054054054,1,8,29,36,74
high_low_gap_0_7_0_2,high_is_c4,0.6291208791208791,0.0,0.0,0.0,0.972972972972973,0.4864864864864865,0.4864864864864865,0,1,36,37,74
high_low_gap_0_7_0_2,high_is_c4,0.6428571428571429,0.0,0.0,0.0,0.972972972972973,0.4864864864864865,0.4864864864864865,0,1,36,37,74
high_low_gap_0_7_0_2,high_is_c4,0.6076923076923078,0.0,0.0,0.0,0.918918918918919,0.4594594594594595,0.4594594594594595,0,3,34,37,74
high_low_gap_0_7_0_2,high_is_c4,0.5692307692307692,0.0,0.0,0.0,0.8918918918918919,0.44594594594594594,0.44594594594594594,0,4,33,37,74
high_low_gap_0_7_0_2,high_is_c4,0.5192307692307692,0.0,0.0,0.0,0.8378378378378378,0.4189189189189189,0.4189189189189189,0,6,31,37,74
high_low_gap_0_7_0_3,low_is_c4,0.4285714285714286,0.6923076923076924,0.5373134328358209,0.972972972972973,0.16216216216216217,0.5675675675675675,0.5675675675675675,36,31,6,1,74
high_low_gap_0_7_0_3,low_is_c4,0.44505494505494503,0.6923076923076924,0.5373134328358209,0.972972972972973,0.16216216216216217,0.5675675675675675,0.5675675675675675,36,31,6,1,74
high_low_gap_0_7_0_3,low_is_c4,0.46153846153846156,0.6851851851851851,0.5211267605633803,1.0,0.08108108108108109,0.5405405405405406,0.5405405405405406,37,34,3,0,74
high_low_gap_0_7_0_3,low_is_c4,0.49743589743589745,0.6851851851851851,0.5211267605633803,1.0,0.08108108108108109,0.5405405405405406,0.5405405405405406,37,34,3,0,74
high_low_gap_0_7_0_3,low_is_c4,0.5743589743589743,0.6788990825688073,0.5138888888888888,1.0,0.05405405405405406,0.527027027027027,0.527027027027027,37,35,2,0,74
high_low_gap_0_7_0_3,low_is_c4,0.4,0.673469387755102,0.5409836065573771,0.8918918918918919,0.24324324324324326,0.5675675675675675,0.5675675675675675,33,28,9,4,74
high_low_gap_0_7_0_3,low_is_c4,0.41428571428571426,0.673469387755102,0.5409836065573771,0.8918918918918919,0.24324324324324326,0.5675675675675675,0.5675675675675675,33,28,9,4,74
high_low_gap_0_7_0_3,low_is_c4,0.6291208791208791,0.6727272727272727,0.5068493150684932,1.0,0.02702702702702703,0.5135135135135135,0.5135135135135135,37,36,1,0,74
high_low_gap_0_7_0_3,low_is_c4,0.3923076923076923,0.6666666666666667,0.5423728813559322,0.8648648648648649,0.2702702702702703,0.5675675675675675,0.5675675675675675,32,27,10,5,74
high_low_gap_0_7_0_3,low_is_c4,0.3571428571428571,0.6666666666666666,0.5957446808510638,0.7567567567567568,0.4864864864864865,0.6216216216216216,0.6216216216216217,28,19,18,9,74
high_low_gap_0_7_0_3,high_is_c4,-0.15384615384615385,0.6666666666666666,0.5,1.0,0.0,0.5,0.5,37,37,0,0,74
high_low_gap_0_7_0_3,low_is_c4,0.6428571428571429,0.6666666666666666,0.5,1.0,0.0,0.5,0.5,37,37,0,0,74
high_low_gap_0_7_0_3,high_is_c4,-0.11263736263736265,0.6545454545454545,0.4931506849315068,0.972972972972973,0.0,0.4864864864864865,0.4864864864864865,36,37,0,1,74
high_low_gap_0_7_0_3,low_is_c4,0.3708791208791209,0.6511627906976745,0.5714285714285714,0.7567567567567568,0.43243243243243246,0.5945945945945946,0.5945945945945946,28,21,16,9,74
high_low_gap_0_7_0_3,low_is_c4,0.3846153846153846,0.6444444444444444,0.5471698113207547,0.7837837837837838,0.35135135135135137,0.5675675675675675,0.5675675675675675,29,24,13,8,74
high_low_gap_0_7_0_3,high_is_c4,-0.06904761904761905,0.6422018348623854,0.4861111111111111,0.9459459459459459,0.0,0.47297297297297297,0.47297297297297297,35,37,0,2,74
high_low_gap_0_7_0_3,high_is_c4,-0.033333333333333326,0.6296296296296297,0.4788732394366197,0.918918918918919,0.0,0.4594594594594595,0.4594594594594595,34,37,0,3,74
high_low_gap_0_7_0_3,high_is_c4,0.038461538461538464,0.6274509803921569,0.49230769230769234,0.8648648648648649,0.10810810810810811,0.4864864864864865,0.4864864864864865,32,33,4,5,74
high_low_gap_0_7_0_3,high_is_c4,0.10512820512820514,0.6262626262626263,0.5,0.8378378378378378,0.16216216216216217,0.5,0.5,31,31,6,6,74
high_low_gap_0_7_0_3,low_is_c4,0.31009615384615385,0.6250000000000001,0.5813953488372093,0.6756756756756757,0.5135135135135135,0.5945945945945946,0.5945945945945945,25,18,19,12,74
high_low_gap_0_7_0_3,low_is_c4,0.33482142857142855,0.617283950617284,0.5681818181818182,0.6756756756756757,0.4864864864864865,0.581081081081081,0.5810810810810811,25,19,18,12,74
high_low_gap_0_7_0_3,high_is_c4,0.1380952380952381,0.6122448979591837,0.4918032786885246,0.8108108108108109,0.16216216216216217,0.4864864864864865,0.4864864864864865,30,31,6,7,74
high_low_gap_0_7_0_3,high_is_c4,0.14285714285714285,0.6122448979591837,0.4918032786885246,0.8108108108108109,0.16216216216216217,0.4864864864864865,0.4864864864864865,30,31,6,7,74
high_low_gap_0_7_0_3,low_is_c4,0.2967032967032967,0.6052631578947368,0.5897435897435898,0.6216216216216216,0.5675675675675675,0.5945945945945946,0.5945945945945945,23,16,21,14,74
high_low_gap_0_7_0_3,high_is_c4,0.14835164835164838,0.5869565217391305,0.4909090909090909,0.7297297297297297,0.24324324324324326,0.4864864864864865,0.4864864864864865,27,28,9,10,74
high_low_gap_0_7_0_3,low_is_c4,0.2582417582417582,0.5753424657534246,0.5833333333333334,0.5675675675675675,0.5945945945945946,0.581081081081081,0.5810810810810811,21,15,22,16,74
high_low_gap_0_7_0_3,high_is_c4,0.2142857142857143,0.5747126436781609,0.5,0.6756756756756757,0.32432432432432434,0.5,0.5,25,25,12,12,74
high_low_gap_0_7_0_3,high_is_c4,0.20089285714285715,0.5681818181818181,0.49019607843137253,0.6756756756756757,0.2972972972972973,0.4864864864864865,0.4864864864864865,25,26,11,12,74
high_low_gap_0_7_0_3,high_is_c4,0.17708333333333334,0.5617977528089887,0.4807692307692308,0.6756756756756757,0.2702702702702703,0.47297297297297297,0.47297297297297297,25,27,10,12,74
high_low_gap_0_7_0_3,high_is_c4,0.16025641025641027,0.5555555555555556,0.4716981132075472,0.6756756756756757,0.24324324324324326,0.4594594594594595,0.45945945945945943,25,28,9,12,74
high_low_gap_0_7_0_3,high_is_c4,0.22252747252747251,0.5238095238095238,0.46808510638297873,0.5945945945945946,0.32432432432432434,0.4594594594594595,0.4594594594594595,22,25,12,15,74
high_low_gap_0_7_0_3,high_is_c4,0.23076923076923075,0.5185185185185185,0.4772727272727273,0.5675675675675675,0.3783783783783784,0.47297297297297297,0.47297297297297297,21,23,14,16,74
high_low_gap_0_7_0_3,low_is_c4,0.23076923076923075,0.47761194029850745,0.5333333333333333,0.43243243243243246,0.6216216216216216,0.527027027027027,0.527027027027027,16,14,23,21,74
high_low_gap_0_7_0_3,low_is_c4,0.2142857142857143,0.46875,0.5555555555555556,0.40540540540540543,0.6756756756756757,0.5405405405405406,0.5405405405405406,15,12,25,22,74
high_low_gap_0_7_0_3,low_is_c4,0.22252747252747251,0.46875,0.5555555555555556,0.40540540540540543,0.6756756756756757,0.5405405405405406,0.5405405405405406,15,12,25,22,74
high_low_gap_0_7_0_3,high_is_c4,0.2582417582417582,0.4266666666666667,0.42105263157894735,0.43243243243243246,0.40540540540540543,0.4189189189189189,0.41891891891891897,16,22,15,21,74
high_low_gap_0_7_0_3,low_is_c4,0.16025641025641027,0.41379310344827586,0.5714285714285714,0.32432432432432434,0.7567567567567568,0.5405405405405406,0.5405405405405406,12,9,28,25,74
high_low_gap_0_7_0_3,low_is_c4,0.17708333333333334,0.4067796610169491,0.5454545454545454,0.32432432432432434,0.7297297297297297,0.527027027027027,0.527027027027027,12,10,27,25,74
high_low_gap_0_7_0_3,low_is_c4,0.20089285714285715,0.4,0.5217391304347826,0.32432432432432434,0.7027027027027027,0.5135135135135135,0.5135135135135136,12,11,26,25,74
high_low_gap_0_7_0_3,high_is_c4,0.2967032967032967,0.3888888888888889,0.4,0.3783783783783784,0.43243243243243246,0.40540540540540543,0.40540540540540543,14,21,16,23,74
high_low_gap_0_7_0_3,high_is_c4,0.33482142857142855,0.3582089552238806,0.4,0.32432432432432434,0.5135135135135135,0.4189189189189189,0.4189189189189189,12,18,19,25,74
high_low_gap_0_7_0_3,high_is_c4,0.3571428571428571,0.3582089552238806,0.4,0.32432432432432434,0.5135135135135135,0.4189189189189189,0.4189189189189189,12,18,19,25,74
high_low_gap_0_7_0_3,low_is_c4,0.14835164835164838,0.35714285714285715,0.5263157894736842,0.2702702702702703,0.7567567567567568,0.5135135135135135,0.5135135135135136,10,9,28,27,74
high_low_gap_0_7_0_3,high_is_c4,0.31009615384615385,0.3529411764705882,0.3870967741935484,0.32432432432432434,0.4864864864864865,0.40540540540540543,0.40540540540540543,12,19,18,25,74
high_low_gap_0_7_0_3,low_is_c4,0.14285714285714285,0.3076923076923077,0.5333333333333333,0.21621621621621623,0.8108108108108109,0.5135135135135135,0.5135135135135136,8,7,30,29,74
high_low_gap_0_7_0_3,high_is_c4,0.3708791208791209,0.2903225806451613,0.36,0.24324324324324326,0.5675675675675675,0.40540540540540543,0.4054054054054054,9,16,21,28,74
high_low_gap_0_7_0_3,high_is_c4,0.3846153846153846,0.2903225806451613,0.36,0.24324324324324326,0.5675675675675675,0.40540540540540543,0.4054054054054054,9,16,21,28,74
high_low_gap_0_7_0_3,low_is_c4,0.1380952380952381,0.28,0.5384615384615384,0.1891891891891892,0.8378378378378378,0.5135135135135135,0.5135135135135135,7,6,31,30,74
high_low_gap_0_7_0_3,low_is_c4,0.10512820512820514,0.2448979591836735,0.5,0.16216216216216217,0.8378378378378378,0.5,0.5,6,6,31,31,74
high_low_gap_0_7_0_3,low_is_c4,0.038461538461538464,0.2173913043478261,0.5555555555555556,0.13513513513513514,0.8918918918918919,0.5135135135135135,0.5135135135135135,5,4,33,32,74
high_low_gap_0_7_0_3,high_is_c4,0.3923076923076923,0.1923076923076923,0.3333333333333333,0.13513513513513514,0.7297297297297297,0.43243243243243246,0.43243243243243246,5,10,27,32,74
high_low_gap_0_7_0_3,high_is_c4,0.41428571428571426,0.16,0.3076923076923077,0.10810810810810811,0.7567567567567568,0.43243243243243246,0.43243243243243246,4,9,28,33,74
high_low_gap_0_7_0_3,high_is_c4,0.4,0.1568627450980392,0.2857142857142857,0.10810810810810811,0.7297297297297297,0.4189189189189189,0.4189189189189189,4,10,27,33,74
high_low_gap_0_7_0_3,low_is_c4,-0.033333333333333326,0.15,1.0,0.08108108108108109,1.0,0.5405405405405406,0.5405405405405406,3,0,37,34,74
high_low_gap_0_7_0_3,low_is_c4,-0.06904761904761905,0.10256410256410257,1.0,0.05405405405405406,1.0,0.527027027027027,0.527027027027027,2,0,37,35,74
high_low_gap_0_7_0_3,high_is_c4,0.4285714285714286,0.0851063829787234,0.2,0.05405405405405406,0.7837837837837838,0.4189189189189189,0.4189189189189189,2,8,29,35,74
high_low_gap_0_7_0_3,low_is_c4,-0.15384615384615385,0.052631578947368425,1.0,0.02702702702702703,1.0,0.5135135135135135,0.5135135135135135,1,0,37,36,74
high_low_gap_0_7_0_3,low_is_c4,-0.11263736263736265,0.052631578947368425,1.0,0.02702702702702703,1.0,0.5135135135135135,0.5135135135135135,1,0,37,36,74
high_low_gap_0_7_0_3,high_is_c4,0.44505494505494503,0.045454545454545456,0.14285714285714285,0.02702702702702703,0.8378378378378378,0.43243243243243246,0.43243243243243246,1,6,31,36,74
high_low_gap_0_7_0_3,high_is_c4,0.6291208791208791,0.0,0.0,0.0,0.972972972972973,0.4864864864864865,0.4864864864864865,0,1,36,37,74
high_low_gap_0_7_0_3,high_is_c4,0.6428571428571429,0.0,0.0,0.0,0.972972972972973,0.4864864864864865,0.4864864864864865,0,1,36,37,74
high_low_gap_0_7_0_3,high_is_c4,0.5743589743589743,0.0,0.0,0.0,0.9459459459459459,0.47297297297297297,0.47297297297297297,0,2,35,37,74
high_low_gap_0_7_0_3,high_is_c4,0.49743589743589745,0.0,0.0,0.0,0.918918918918919,0.4594594594594595,0.4594594594594595,0,3,34,37,74
high_low_gap_0_7_0_3,high_is_c4,0.46153846153846156,0.0,0.0,0.0,0.8648648648648649,0.43243243243243246,0.43243243243243246,0,5,32,37,74
high_low_gap_0_7_0_4,low_is_c4,0.3846153846153846,0.72,0.5714285714285714,0.972972972972973,0.2702702702702703,0.6216216216216216,0.6216216216216217,36,27,10,1,74
high_low_gap_0_7_0_4,low_is_c4,0.2928571428571429,0.7126436781609196,0.62,0.8378378378378378,0.4864864864864865,0.6621621621621622,0.6621621621621622,31,19,18,6,74
high_low_gap_0_7_0_4,low_is_c4,0.3571428571428571,0.7083333333333333,0.576271186440678,0.918918918918919,0.32432432432432434,0.6216216216216216,0.6216216216216217,34,25,12,3,74
high_low_gap_0_7_0_4,low_is_c4,0.38278388278388276,0.7070707070707071,0.5645161290322581,0.9459459459459459,0.2702702702702703,0.6081081081081081,0.6081081081081081,35,27,10,2,74
high_low_gap_0_7_0_4,low_is_c4,0.3923076923076923,0.7047619047619048,0.5441176470588235,1.0,0.16216216216216217,0.581081081081081,0.5810810810810811,37,31,6,0,74
high_low_gap_0_7_0_4,low_is_c4,0.3038461538461539,0.7045454545454545,0.6078431372549019,0.8378378378378378,0.4594594594594595,0.6486486486486487,0.6486486486486487,31,20,17,6,74
high_low_gap_0_7_0_4,low_is_c4,0.41428571428571426,0.6981132075471698,0.5362318840579711,1.0,0.13513513513513514,0.5675675675675675,0.5675675675675675,37,32,5,0,74
high_low_gap_0_7_0_4,low_is_c4,0.2857142857142857,0.6976744186046512,0.6122448979591837,0.8108108108108109,0.4864864864864865,0.6486486486486487,0.6486486486486487,30,19,18,7,74
high_low_gap_0_7_0_4,low_is_c4,0.3571428571428572,0.6938775510204082,0.5573770491803278,0.918918918918919,0.2702702702702703,0.5945945945945946,0.5945945945945946,34,27,10,3,74
high_low_gap_0_7_0_4,low_is_c4,0.36904761904761907,0.6938775510204082,0.5573770491803278,0.918918918918919,0.2702702702702703,0.5945945945945946,0.5945945945945946,34,27,10,3,74
high_low_gap_0_7_0_4,low_is_c4,0.4285714285714286,0.6851851851851851,0.5211267605633803,1.0,0.08108108108108109,0.5405405405405406,0.5405405405405406,37,34,3,0,74
high_low_gap_0_7_0_4,low_is_c4,0.44505494505494503,0.6851851851851851,0.5211267605633803,1.0,0.08108108108108109,0.5405405405405406,0.5405405405405406,37,34,3,0,74
high_low_gap_0_7_0_4,low_is_c4,0.34523809523809523,0.6808510638297872,0.5614035087719298,0.8648648648648649,0.32432432432432434,0.5945945945945946,0.5945945945945946,32,25,12,5,74
high_low_gap_0_7_0_4,low_is_c4,0.5384615384615384,0.6788990825688073,0.5138888888888888,1.0,0.05405405405405406,0.527027027027027,0.527027027027027,37,35,2,0,74
high_low_gap_0_7_0_4,low_is_c4,0.2582417582417582,0.674698795180723,0.6086956521739131,0.7567567567567568,0.5135135135135135,0.6351351351351351,0.6351351351351351,28,18,19,9,74
high_low_gap_0_7_0_4,low_is_c4,0.3076923076923077,0.6739130434782609,0.5636363636363636,0.8378378378378378,0.35135135135135137,0.5945945945945946,0.5945945945945946,31,24,13,6,74
high_low_gap_0_7_0_4,low_is_c4,0.31009615384615385,0.6739130434782609,0.5636363636363636,0.8378378378378378,0.35135135135135137,0.5945945945945946,0.5945945945945946,31,24,13,6,74
high_low_gap_0_7_0_4,low_is_c4,0.6291208791208791,0.6727272727272727,0.5068493150684932,1.0,0.02702702702702703,0.5135135135135135,0.5135135135135135,37,36,1,0,74
high_low_gap_0_7_0_4,low_is_c4,0.32291666666666663,0.6666666666666666,0.5535714285714286,0.8378378378378378,0.32432432432432434,0.581081081081081,0.5810810810810811,31,25,12,6,74
high_low_gap_0_7_0_4,high_is_c4,-0.23076923076923078,0.6666666666666666,0.5,1.0,0.0,0.5,0.5,37,37,0,0,74
high_low_gap_0_7_0_4,low_is_c4,0.6428571428571429,0.6666666666666666,0.5,1.0,0.0,0.5,0.5,37,37,0,0,74
high_low_gap_0_7_0_4,high_is_c4,-0.22252747252747254,0.6545454545454545,0.4931506849315068,0.972972972972973,0.0,0.4864864864864865,0.4864864864864865,36,37,0,1,74
high_low_gap_0_7_0_4,high_is_c4,-0.18406593406593408,0.6422018348623854,0.4861111111111111,0.9459459459459459,0.0,0.47297297297297297,0.47297297297297297,35,37,0,2,74
high_low_gap_0_7_0_4,high_is_c4,-0.1380952380952381,0.6355140186915889,0.4857142857142857,0.918918918918919,0.02702702702702703,0.47297297297297297,0.472972972972973,34,36,1,3,74
high_low_gap_0_7_0_4,high_is_c4,-0.07417582417582416,0.6346153846153846,0.4925373134328358,0.8918918918918919,0.08108108108108109,0.4864864864864865,0.4864864864864865,33,34,3,4,74
high_low_gap_0_7_0_4,high_is_c4,-0.14835164835164835,0.6296296296296297,0.4788732394366197,0.918918918918919,0.0,0.4594594594594595,0.4594594594594595,34,37,0,3,74
high_low_gap_0_7_0_4,high_is_c4,-0.0357142857142857,0.6274509803921569,0.49230769230769234,0.8648648648648649,0.10810810810810811,0.4864864864864865,0.4864864864864865,32,33,4,5,74
high_low_gap_0_7_0_4,high_is_c4,-0.10512820512820514,0.6226415094339622,0.4782608695652174,0.8918918918918919,0.02702702702702703,0.4594594594594595,0.45945945945945943,33,36,1,4,74
high_low_gap_0_7_0_4,high_is_c4,0.06349206349206349,0.608695652173913,0.509090909090909,0.7567567567567568,0.2702702702702703,0.5135135135135135,0.5135135135135136,28,27,10,9,74
high_low_gap_0_7_0_4,high_is_c4,0.02777777777777779,0.6021505376344086,0.5,0.7567567567567568,0.24324324324324326,0.5,0.5,28,28,9,9,74
high_low_gap_0_7_0_4,low_is_c4,0.23076923076923075,0.5974025974025973,0.575,0.6216216216216216,0.5405405405405406,0.581081081081081,0.5810810810810811,23,17,20,14,74
high_low_gap_0_7_0_4,high_is_c4,0.07142857142857142,0.5934065934065933,0.5,0.7297297297297297,0.2702702702702703,0.5,0.5,27,27,10,10,74
high_low_gap_0_7_0_4,high_is_c4,0.07417582417582419,0.5777777777777777,0.49056603773584906,0.7027027027027027,0.2702702702702703,0.4864864864864865,0.4864864864864865,26,27,10,11,74
high_low_gap_0_7_0_4,low_is_c4,0.2142857142857143,0.5675675675675675,0.5675675675675675,0.5675675675675675,0.5675675675675675,0.5675675675675675,0.5675675675675675,21,16,21,16,74
high_low_gap_0_7_0_4,low_is_c4,0.22252747252747251,0.5675675675675675,0.5675675675675675,0.5675675675675675,0.5675675675675675,0.5675675675675675,0.5675675675675675,21,16,21,16,74
high_low_gap_0_7_0_4,low_is_c4,0.21428571428571425,0.5555555555555556,0.5714285714285714,0.5405405405405406,0.5945945945945946,0.5675675675675675,0.5675675675675675,20,15,22,17,74
high_low_gap_0_7_0_4,high_is_c4,0.10512820512820514,0.5517241379310345,0.48,0.6486486486486487,0.2972972972972973,0.47297297297297297,0.472972972972973,24,26,11,13,74
high_low_gap_0_7_0_4,low_is_c4,0.17067307692307693,0.5428571428571428,0.5757575757575758,0.5135135135135135,0.6216216216216216,0.5675675675675675,0.5675675675675675,19,14,23,18,74
high_low_gap_0_7_0_4,low_is_c4,0.20089285714285712,0.5352112676056339,0.5588235294117647,0.5135135135135135,0.5945945945945946,0.5540540540540541,0.5540540540540541,19,15,22,18,74
high_low_gap_0_7_0_4,high_is_c4,0.1380952380952381,0.5348837209302325,0.46938775510204084,0.6216216216216216,0.2972972972972973,0.4594594594594595,0.45945945945945943,23,26,11,14,74
high_low_gap_0_7_0_4,high_is_c4,0.15384615384615383,0.5121951219512195,0.4666666666666667,0.5675675675675675,0.35135135135135137,0.4594594594594595,0.45945945945945943,21,24,13,16,74
high_low_gap_0_7_0_4,high_is_c4,0.14835164835164832,0.506024096385542,0.45652173913043476,0.5675675675675675,0.32432432432432434,0.44594594594594594,0.44594594594594594,21,25,12,16,74
high_low_gap_0_7_0_4,low_is_c4,0.14835164835164832,0.49230769230769234,0.5714285714285714,0.43243243243243246,0.6756756756756757,0.5540540540540541,0.5540540540540541,16,12,25,21,74
high_low_gap_0_7_0_4,low_is_c4,0.15384615384615383,0.48484848484848486,0.5517241379310345,0.43243243243243246,0.6486486486486487,0.5405405405405406,0.5405405405405406,16,13,24,21,74
high_low_gap_0_7_0_4,high_is_c4,0.20089285714285712,0.4675324675324675,0.45,0.4864864864864865,0.40540540540540543,0.44594594594594594,0.44594594594594594,18,22,15,19,74
high_low_gap_0_7_0_4,high_is_c4,0.21428571428571425,0.4675324675324675,0.45,0.4864864864864865,0.40540540540540543,0.44594594594594594,0.44594594594594594,18,22,15,19,74
high_low_gap_0_7_0_4,high_is_c4,0.17067307692307693,0.4615384615384615,0.43902439024390244,0.4864864864864865,0.3783783783783784,0.43243243243243246,0.43243243243243246,18,23,14,19,74
high_low_gap_0_7_0_4,high_is_c4,0.2142857142857143,0.45333333333333337,0.4473684210526316,0.4594594594594595,0.43243243243243246,0.44594594594594594,0.44594594594594594,17,21,16,20,74
high_low_gap_0_7_0_4,low_is_c4,0.1380952380952381,0.4516129032258065,0.56,0.3783783783783784,0.7027027027027027,0.5405405405405406,0.5405405405405406,14,11,26,23,74
high_low_gap_0_7_0_4,high_is_c4,0.22252747252747251,0.43243243243243246,0.43243243243243246,0.43243243243243246,0.43243243243243246,0.43243243243243246,0.43243243243243246,16,21,16,21,74
high_low_gap_0_7_0_4,low_is_c4,0.10512820512820514,0.4262295081967213,0.5416666666666666,0.35135135135135137,0.7027027027027027,0.527027027027027,0.5270270270270271,13,11,26,24,74
high_low_gap_0_7_0_4,high_is_c4,0.23076923076923075,0.39436619718309857,0.4117647058823529,0.3783783783783784,0.4594594594594595,0.4189189189189189,0.41891891891891897,14,20,17,23,74
high_low_gap_0_7_0_4,low_is_c4,0.07417582417582419,0.37931034482758624,0.5238095238095238,0.2972972972972973,0.7297297297297297,0.5135135135135135,0.5135135135135135,11,10,27,26,74
high_low_gap_0_7_0_4,low_is_c4,0.07142857142857142,0.3508771929824562,0.5,0.2702702702702703,0.7297297297297297,0.5,0.5,10,10,27,27,74
high_low_gap_0_7_0_4,low_is_c4,0.02777777777777779,0.3272727272727273,0.5,0.24324324324324326,0.7567567567567568,0.5,0.5,9,9,28,28,74
high_low_gap_0_7_0_4,low_is_c4,0.06349206349206349,0.3214285714285714,0.47368421052631576,0.24324324324324326,0.7297297297297297,0.4864864864864865,0.4864864864864865,9,10,27,28,74
high_low_gap_0_7_0_4,high_is_c4,0.2582417582417582,0.27692307692307694,0.32142857142857145,0.24324324324324326,0.4864864864864865,0.36486486486486486,0.3648648648648649,9,19,18,28,74
high_low_gap_0_7_0_4,high_is_c4,0.2857142857142857,0.27692307692307694,0.32142857142857145,0.24324324324324326,0.4864864864864865,0.36486486486486486,0.3648648648648649,9,19,18,28,74
high_low_gap_0_7_0_4,high_is_c4,0.32291666666666663,0.2181818181818182,0.3333333333333333,0.16216216216216217,0.6756756756756757,0.4189189189189189,0.4189189189189189,6,12,25,31,74
high_low_gap_0_7_0_4,low_is_c4,-0.0357142857142857,0.2173913043478261,0.5555555555555556,0.13513513513513514,0.8918918918918919,0.5135135135135135,0.5135135135135135,5,4,33,32,74
high_low_gap_0_7_0_4,high_is_c4,0.31009615384615385,0.21428571428571427,0.3157894736842105,0.16216216216216217,0.6486486486486487,0.40540540540540543,0.40540540540540543,6,13,24,31,74
high_low_gap_0_7_0_4,high_is_c4,0.3076923076923077,0.2105263157894737,0.3,0.16216216216216217,0.6216216216216216,0.3918918918918919,0.3918918918918919,6,14,23,31,74
high_low_gap_0_7_0_4,high_is_c4,0.3038461538461539,0.2,0.2608695652173913,0.16216216216216217,0.5405405405405406,0.35135135135135137,0.35135135135135137,6,17,20,31,74
high_low_gap_0_7_0_4,high_is_c4,0.2928571428571429,0.19672131147540983,0.25,0.16216216216216217,0.5135135135135135,0.33783783783783783,0.33783783783783783,6,18,19,31,74
high_low_gap_0_7_0_4,low_is_c4,-0.10512820512820514,0.19047619047619047,0.8,0.10810810810810811,0.972972972972973,0.5405405405405406,0.5405405405405406,4,1,36,33,74
high_low_gap_0_7_0_4,high_is_c4,0.34523809523809523,0.18518518518518517,0.29411764705882354,0.13513513513513514,0.6756756756756757,0.40540540540540543,0.4054054054054054,5,12,25,32,74
high_low_gap_0_7_0_4,high_is_c4,0.3571428571428571,0.18518518518518517,0.29411764705882354,0.13513513513513514,0.6756756756756757,0.40540540540540543,0.4054054054054054,5,12,25,32,74
high_low_gap_0_7_0_4,low_is_c4,-0.07417582417582416,0.18181818181818182,0.5714285714285714,0.10810810810810811,0.918918918918919,0.5135135135135135,0.5135135135135136,4,3,34,33,74
high_low_gap_0_7_0_4,low_is_c4,-0.14835164835164835,0.15,1.0,0.08108108108108109,1.0,0.5405405405405406,0.5405405405405406,3,0,37,34,74
high_low_gap_0_7_0_4,low_is_c4,-0.1380952380952381,0.14634146341463414,0.75,0.08108108108108109,0.972972972972973,0.527027027027027,0.5270270270270271,3,1,36,34,74
high_low_gap_0_7_0_4,high_is_c4,0.36904761904761907,0.12,0.23076923076923078,0.08108108108108109,0.7297297297297297,0.40540540540540543,0.4054054054054054,3,10,27,34,74
high_low_gap_0_7_0_4,high_is_c4,0.3571428571428572,0.11764705882352942,0.21428571428571427,0.08108108108108109,0.7027027027027027,0.3918918918918919,0.3918918918918919,3,11,26,34,74
high_low_gap_0_7_0_4,low_is_c4,-0.18406593406593408,0.10256410256410257,1.0,0.05405405405405406,1.0,0.527027027027027,0.527027027027027,2,0,37,35,74
high_low_gap_0_7_0_4,high_is_c4,0.38278388278388276,0.0816326530612245,0.16666666666666666,0.05405405405405406,0.7297297297297297,0.3918918918918919,0.3918918918918919,2,10,27,35,74
high_low_gap_0_7_0_4,high_is_c4,0.3846153846153846,0.0816326530612245,0.16666666666666666,0.05405405405405406,0.7297297297297297,0.3918918918918919,0.3918918918918919,2,10,27,35,74
high_low_gap_0_7_0_4,low_is_c4,-0.23076923076923078,0.052631578947368425,1.0,0.02702702702702703,1.0,0.5135135135135135,0.5135135135135135,1,0,37,36,74
high_low_gap_0_7_0_4,low_is_c4,-0.22252747252747254,0.052631578947368425,1.0,0.02702702702702703,1.0,0.5135135135135135,0.5135135135135135,1,0,37,36,74
high_low_gap_0_7_0_4,high_is_c4,0.6291208791208791,0.0,0.0,0.0,0.972972972972973,0.4864864864864865,0.4864864864864865,0,1,36,37,74
high_low_gap_0_7_0_4,high_is_c4,0.6428571428571429,0.0,0.0,0.0,0.972972972972973,0.4864864864864865,0.4864864864864865,0,1,36,37,74
high_low_gap_0_7_0_4,high_is_c4,0.5384615384615384,0.0,0.0,0.0,0.9459459459459459,0.47297297297297297,0.47297297297297297,0,2,35,37,74
high_low_gap_0_7_0_4,high_is_c4,0.44505494505494503,0.0,0.0,0.0,0.918918918918919,0.4594594594594595,0.4594594594594595,0,3,34,37,74
high_low_gap_0_7_0_4,high_is_c4,0.4285714285714286,0.0,0.0,0.0,0.8918918918918919,0.44594594594594594,0.44594594594594594,0,4,33,37,74
high_low_gap_0_7_0_4,high_is_c4,0.41428571428571426,0.0,0.0,0.0,0.8648648648648649,0.43243243243243246,0.43243243243243246,0,5,32,37,74
high_low_gap_0_7_0_4,high_is_c4,0.3923076923076923,0.0,0.0,0.0,0.8378378378378378,0.4189189189189189,0.4189189189189189,0,6,31,37,74
high_low_gap_0_7_0_5,low_is_c4,0.2967032967032967,0.7234042553191489,0.5964912280701754,0.918918918918919,0.3783783783783784,0.6486486486486487,0.6486486486486487,34,23,14,3,74
high_low_gap_0_7_0_5,low_is_c4,0.34523809523809523,0.712871287128713,0.5625,0.972972972972973,0.24324324324324326,0.6081081081081081,0.6081081081081081,36,28,9,1,74
high_low_gap_0_7_0_5,low_is_c4,0.2857142857142857,0.7096774193548389,0.5892857142857143,0.8918918918918919,0.3783783783783784,0.6351351351351351,0.6351351351351351,33,23,14,4,74
high_low_gap_0_7_0_5,low_is_c4,0.3076923076923077,0.7070707070707071,0.5645161290322581,0.9459459459459459,0.2702702702702703,0.6081081081081081,0.6081081081081081,35,27,10,2,74
high_low_gap_0_7_0_5,low_is_c4,0.3205128205128205,0.7070707070707071,0.5645161290322581,0.9459459459459459,0.2702702702702703,0.6081081081081081,0.6081081081081081,35,27,10,2,74
high_low_gap_0_7_0_5,low_is_c4,0.35714285714285715,0.7058823529411765,0.5538461538461539,0.972972972972973,0.21621621621621623,0.5945945945945946,0.5945945945945946,36,29,8,1,74
high_low_gap_0_7_0_5,low_is_c4,0.38278388278388276,0.7047619047619048,0.5441176470588235,1.0,0.16216216216216217,0.581081081081081,0.5810810810810811,37,31,6,0,74
high_low_gap_0_7_0_5,low_is_c4,0.36904761904761907,0.6923076923076924,0.5373134328358209,0.972972972972973,0.16216216216216217,0.5675675675675675,0.5675675675675675,36,31,6,1,74
high_low_gap_0_7_0_5,low_is_c4,0.3846153846153846,0.691588785046729,0.5285714285714286,1.0,0.10810810810810811,0.5540540540540541,0.5540540540540541,37,33,4,0,74
high_low_gap_0_7_0_5,low_is_c4,0.2582417582417582,0.6741573033707865,0.5769230769230769,0.8108108108108109,0.40540540540540543,0.6081081081081081,0.6081081081081081,30,22,15,7,74
high_low_gap_0_7_0_5,low_is_c4,0.4780219780219781,0.6727272727272727,0.5068493150684932,1.0,0.02702702702702703,0.5135135135135135,0.5135135135135135,37,36,1,0,74
high_low_gap_0_7_0_5,low_is_c4,0.23076923076923075,0.6666666666666666,0.58,0.7837837837837838,0.43243243243243246,0.6081081081081081,0.6081081081081081,29,21,16,8,74
high_low_gap_0_7_0_5,high_is_c4,-0.3076923076923077,0.6666666666666666,0.5,1.0,0.0,0.5,0.5,37,37,0,0,74
high_low_gap_0_7_0_5,low_is_c4,0.5714285714285715,0.6666666666666666,0.5,1.0,0.0,0.5,0.5,37,37,0,0,74
high_low_gap_0_7_0_5,low_is_c4,0.2142857142857143,0.6588235294117648,0.5833333333333334,0.7567567567567568,0.4594594594594595,0.6081081081081081,0.6081081081081081,28,20,17,9,74
high_low_gap_0_7_0_5,low_is_c4,0.22252747252747251,0.6588235294117648,0.5833333333333334,0.7567567567567568,0.4594594594594595,0.6081081081081081,0.6081081081081081,28,20,17,9,74
high_low_gap_0_7_0_5,high_is_c4,-0.2967032967032967,0.6545454545454545,0.4931506849315068,0.972972972972973,0.0,0.4864864864864865,0.4864864864864865,36,37,0,1,74
high_low_gap_0_7_0_5,low_is_c4,0.21428571428571425,0.6506024096385542,0.5869565217391305,0.7297297297297297,0.4864864864864865,0.6081081081081081,0.6081081081081081,27,19,18,10,74
high_low_gap_0_7_0_5,low_is_c4,0.17067307692307693,0.6499999999999999,0.6046511627906976,0.7027027027027027,0.5405405405405406,0.6216216216216216,0.6216216216216217,26,17,20,11,74
high_low_gap_0_7_0_5,high_is_c4,-0.21428571428571427,0.6481481481481483,0.49295774647887325,0.9459459459459459,0.02702702702702703,0.4864864864864865,0.4864864864864865,35,36,1,2,74
high_low_gap_0_7_0_5,high_is_c4,-0.25,0.6422018348623854,0.4861111111111111,0.9459459459459459,0.0,0.47297297297297297,0.47297297297297297,35,37,0,2,74
high_low_gap_0_7_0_5,low_is_c4,0.19375000000000003,0.6419753086419754,0.5909090909090909,0.7027027027027027,0.5135135135135135,0.6081081081081081,0.6081081081081081,26,18,19,11,74
high_low_gap_0_7_0_5,high_is_c4,-0.20714285714285713,0.6355140186915889,0.4857142857142857,0.918918918918919,0.02702702702702703,0.47297297297297297,0.472972972972973,34,36,1,3,74
high_low_gap_0_7_0_5,low_is_c4,0.20714285714285716,0.6341463414634145,0.5777777777777777,0.7027027027027027,0.4864864864864865,0.5945945945945946,0.5945945945945946,26,19,18,11,74
high_low_gap_0_7_0_5,high_is_c4,-0.10989010989010989,0.6262626262626263,0.5,0.8378378378378378,0.16216216216216217,0.5,0.5,31,31,6,6,74
high_low_gap_0_7_0_5,low_is_c4,0.15384615384615383,0.6233766233766234,0.6,0.6486486486486487,0.5675675675675675,0.6081081081081081,0.6081081081081081,24,16,21,13,74
high_low_gap_0_7_0_5,high_is_c4,-0.17692307692307693,0.6226415094339622,0.4782608695652174,0.8918918918918919,0.02702702702702703,0.4594594594594595,0.45945945945945943,33,36,1,4,74
high_low_gap_0_7_0_5,high_is_c4,-0.14835164835164832,0.62,0.49206349206349204,0.8378378378378378,0.13513513513513514,0.4864864864864865,0.4864864864864865,31,32,5,6,74
high_low_gap_0_7_0_5,low_is_c4,0.14835164835164832,0.6133333333333333,0.6052631578947368,0.6216216216216216,0.5945945945945946,0.6081081081081081,0.6081081081081081,23,15,22,14,74
high_low_gap_0_7_0_5,high_is_c4,-0.15384615384615383,0.6095238095238095,0.47058823529411764,0.8648648648648649,0.02702702702702703,0.44594594594594594,0.44594594594594594,32,36,1,5,74
high_low_gap_0_7_0_5,high_is_c4,-0.07417582417582419,0.6041666666666666,0.4915254237288136,0.7837837837837838,0.1891891891891892,0.4864864864864865,0.4864864864864865,29,30,7,8,74
high_low_gap_0_7_0_5,high_is_c4,-0.07142857142857142,0.6021505376344086,0.5,0.7567567567567568,0.24324324324324326,0.5,0.5,28,28,9,9,74
high_low_gap_0_7_0_5,high_is_c4,-0.027777777777777762,0.6,0.5094339622641509,0.7297297297297297,0.2972972972972973,0.5135135135135135,0.5135135135135135,27,26,11,10,74
high_low_gap_0_7_0_5,low_is_c4,0.1380952380952381,0.5945945945945946,0.5945945945945946,0.5945945945945946,0.5945945945945946,0.5945945945945946,0.5945945945945946,22,15,22,15,74
high_low_gap_0_7_0_5,high_is_c4,-0.06349206349206346,0.5934065934065933,0.5,0.7297297297297297,0.2702702702702703,0.5,0.5,27,27,10,10,74
high_low_gap_0_7_0_5,low_is_c4,0.10096153846153846,0.5833333333333333,0.6,0.5675675675675675,0.6216216216216216,0.5945945945945946,0.5945945945945945,21,14,23,16,74
high_low_gap_0_7_0_5,low_is_c4,0.12916666666666668,0.5753424657534246,0.5833333333333334,0.5675675675675675,0.5945945945945946,0.581081081081081,0.5810810810810811,21,15,22,16,74
high_low_gap_0_7_0_5,high_is_c4,0.035714285714285726,0.5301204819277109,0.4782608695652174,0.5945945945945946,0.35135135135135137,0.47297297297297297,0.472972972972973,22,24,13,15,74
high_low_gap_0_7_0_5,low_is_c4,0.07417582417582419,0.5074626865671642,0.5666666666666667,0.4594594594594595,0.6486486486486487,0.5540540540540541,0.5540540540540541,17,13,24,20,74
high_low_gap_0_7_0_5,high_is_c4,0.07417582417582419,0.49382716049382713,0.45454545454545453,0.5405405405405406,0.35135135135135137,0.44594594594594594,0.44594594594594594,20,24,13,17,74
high_low_gap_0_7_0_5,low_is_c4,0.035714285714285726,0.46153846153846156,0.5357142857142857,0.40540540540540543,0.6486486486486487,0.527027027027027,0.5270270270270271,15,13,24,22,74
high_low_gap_0_7_0_5,high_is_c4,0.12916666666666668,0.4266666666666667,0.42105263157894735,0.43243243243243246,0.40540540540540543,0.4189189189189189,0.41891891891891897,16,22,15,21,74
high_low_gap_0_7_0_5,high_is_c4,0.10096153846153846,0.42105263157894735,0.41025641025641024,0.43243243243243246,0.3783783783783784,0.40540540540540543,0.40540540540540543,16,23,14,21,74
high_low_gap_0_7_0_5,high_is_c4,0.1380952380952381,0.40540540540540543,0.40540540540540543,0.40540540540540543,0.40540540540540543,0.40540540540540543,0.40540540540540543,15,22,15,22,74
high_low_gap_0_7_0_5,high_is_c4,0.14835164835164832,0.3835616438356164,0.3888888888888889,0.3783783783783784,0.40540540540540543,0.3918918918918919,0.3918918918918919,14,22,15,23,74
high_low_gap_0_7_0_5,high_is_c4,0.15384615384615383,0.3661971830985916,0.38235294117647056,0.35135135135135137,0.43243243243243246,0.3918918918918919,0.3918918918918919,13,21,16,24,74
high_low_gap_0_7_0_5,low_is_c4,-0.06349206349206346,0.3508771929824562,0.5,0.2702702702702703,0.7297297297297297,0.5,0.5,10,10,27,27,74
high_low_gap_0_7_0_5,low_is_c4,-0.027777777777777762,0.3448275862068966,0.47619047619047616,0.2702702702702703,0.7027027027027027,0.4864864864864865,0.4864864864864865,10,11,26,27,74
high_low_gap_0_7_0_5,high_is_c4,0.20714285714285716,0.33333333333333337,0.3793103448275862,0.2972972972972973,0.5135135135135135,0.40540540540540543,0.4054054054054054,11,18,19,26,74
high_low_gap_0_7_0_5,high_is_c4,0.21428571428571425,0.33333333333333337,0.3793103448275862,0.2972972972972973,0.5135135135135135,0.40540540540540543,0.4054054054054054,11,18,19,26,74
high_low_gap_0_7_0_5,high_is_c4,0.19375000000000003,0.3283582089552239,0.36666666666666664,0.2972972972972973,0.4864864864864865,0.3918918918918919,0.3918918918918919,11,19,18,26,74
high_low_gap_0_7_0_5,low_is_c4,-0.07142857142857142,0.3272727272727273,0.5,0.24324324324324326,0.7567567567567568,0.5,0.5,9,9,28,28,74
high_low_gap_0_7_0_5,high_is_c4,0.17067307692307693,0.3235294117647059,0.3548387096774194,0.2972972972972973,0.4594594594594595,0.3783783783783784,0.3783783783783784,11,20,17,26,74
high_low_gap_0_7_0_5,low_is_c4,-0.07417582417582419,0.3076923076923077,0.5333333333333333,0.21621621621621623,0.8108108108108109,0.5135135135135135,0.5135135135135136,8,7,30,29,74
high_low_gap_0_7_0_5,high_is_c4,0.22252747252747251,0.2857142857142857,0.34615384615384615,0.24324324324324326,0.5405405405405406,0.3918918918918919,0.3918918918918919,9,17,20,28,74
high_low_gap_0_7_0_5,high_is_c4,0.2142857142857143,0.28125,0.3333333333333333,0.24324324324324326,0.5135135135135135,0.3783783783783784,0.3783783783783784,9,18,19,28,74
high_low_gap_0_7_0_5,high_is_c4,0.23076923076923075,0.26229508196721313,0.3333333333333333,0.21621621621621623,0.5675675675675675,0.3918918918918919,0.3918918918918919,8,16,21,29,74
high_low_gap_0_7_0_5,low_is_c4,-0.14835164835164832,0.25,0.5454545454545454,0.16216216216216217,0.8648648648648649,0.5135135135135135,0.5135135135135136,6,5,32,31,74
high_low_gap_0_7_0_5,low_is_c4,-0.10989010989010989,0.2448979591836735,0.5,0.16216216216216217,0.8378378378378378,0.5,0.5,6,6,31,31,74
high_low_gap_0_7_0_5,high_is_c4,0.2582417582417582,0.23728813559322035,0.3181818181818182,0.1891891891891892,0.5945945945945946,0.3918918918918919,0.3918918918918919,7,15,22,30,74
high_low_gap_0_7_0_5,high_is_c4,0.2857142857142857,0.23728813559322035,0.3181818181818182,0.1891891891891892,0.5945945945945946,0.3918918918918919,0.3918918918918919,7,15,22,30,74
high_low_gap_0_7_0_5,low_is_c4,-0.15384615384615383,0.23255813953488372,0.8333333333333334,0.13513513513513514,0.972972972972973,0.5540540540540541,0.5540540540540541,5,1,36,32,74
high_low_gap_0_7_0_5,low_is_c4,-0.17692307692307693,0.19047619047619047,0.8,0.10810810810810811,0.972972972972973,0.5405405405405406,0.5405405405405406,4,1,36,33,74
high_low_gap_0_7_0_5,low_is_c4,-0.20714285714285713,0.14634146341463414,0.75,0.08108108108108109,0.972972972972973,0.527027027027027,0.5270270270270271,3,1,36,34,74
high_low_gap_0_7_0_5,high_is_c4,0.2967032967032967,0.11111111111111113,0.17647058823529413,0.08108108108108109,0.6216216216216216,0.35135135135135137,0.3513513513513513,3,14,23,34,74
high_low_gap_0_7_0_5,low_is_c4,-0.25,0.10256410256410257,1.0,0.05405405405405406,1.0,0.527027027027027,0.527027027027027,2,0,37,35,74
high_low_gap_0_7_0_5,low_is_c4,-0.21428571428571427,0.1,0.6666666666666666,0.05405405405405406,0.972972972972973,0.5135135135135135,0.5135135135135136,2,1,36,35,74
high_low_gap_0_7_0_5,high_is_c4,0.3205128205128205,0.0816326530612245,0.16666666666666666,0.05405405405405406,0.7297297297297297,0.3918918918918919,0.3918918918918919,2,10,27,35,74
high_low_gap_0_7_0_5,high_is_c4,0.3076923076923077,0.08,0.15384615384615385,0.05405405405405406,0.7027027027027027,0.3783783783783784,0.3783783783783784,2,11,26,35,74
high_low_gap_0_7_0_5,low_is_c4,-0.3076923076923077,0.052631578947368425,1.0,0.02702702702702703,1.0,0.5135135135135135,0.5135135135135135,1,0,37,36,74
high_low_gap_0_7_0_5,low_is_c4,-0.2967032967032967,0.052631578947368425,1.0,0.02702702702702703,1.0,0.5135135135135135,0.5135135135135135,1,0,37,36,74
high_low_gap_0_7_0_5,high_is_c4,0.36904761904761907,0.045454545454545456,0.14285714285714285,0.02702702702702703,0.8378378378378378,0.43243243243243246,0.43243243243243246,1,6,31,36,74
high_low_gap_0_7_0_5,high_is_c4,0.35714285714285715,0.043478260869565216,0.1111111111111111,0.02702702702702703,0.7837837837837838,0.40540540540540543,0.4054054054054054,1,8,29,36,74
high_low_gap_0_7_0_5,high_is_c4,0.34523809523809523,0.0425531914893617,0.1,0.02702702702702703,0.7567567567567568,0.3918918918918919,0.3918918918918919,1,9,28,36,74
high_low_gap_0_7_0_5,high_is_c4,0.4780219780219781,0.0,0.0,0.0,0.972972972972973,0.4864864864864865,0.4864864864864865,0,1,36,37,74
high_low_gap_0_7_0_5,high_is_c4,0.5714285714285715,0.0,0.0,0.0,0.972972972972973,0.4864864864864865,0.4864864864864865,0,1,36,37,74
high_low_gap_0_7_0_5,high_is_c4,0.38278388278388276,0.0,0.0,0.0,0.8378378378378378,0.4189189189189189,0.4189189189189189,0,6,31,37,74
high_low_gap_0_7_0_5,high_is_c4,0.3846153846153846,0.0,0.0,0.0,0.8378378378378378,0.4189189189189189,0.4189189189189189,0,6,31,37,74
high_low_gap_0_8_0_2,low_is_c4,0.4807692307692308,0.6981132075471698,0.5362318840579711,1.0,0.13513513513513514,0.5675675675675675,0.5675675675675675,37,32,5,0,74
high_low_gap_0_8_0_2,low_is_c4,0.44505494505494503,0.6923076923076924,0.5373134328358209,0.972972972972973,0.16216216216216217,0.5675675675675675,0.5675675675675675,36,31,6,1,74
high_low_gap_0_8_0_2,low_is_c4,0.5192307692307692,0.6851851851851851,0.5211267605633803,1.0,0.08108108108108109,0.5405405405405406,0.5405405405405406,37,34,3,0,74
high_low_gap_0_8_0_2,low_is_c4,0.41428571428571426,0.6796116504854369,0.5303030303030303,0.9459459459459459,0.16216216216216217,0.5540540540540541,0.5540540540540541,35,31,6,2,74
high_low_gap_0_8_0_2,low_is_c4,0.5692307692307692,0.6727272727272727,0.5068493150684932,1.0,0.02702702702702703,0.5135135135135135,0.5135135135135135,37,36,1,0,74
high_low_gap_0_8_0_2,low_is_c4,0.3923076923076923,0.6666666666666666,0.5230769230769231,0.918918918918919,0.16216216216216217,0.5405405405405406,0.5405405405405406,34,31,6,3,74
high_low_gap_0_8_0_2,high_is_c4,-0.13333333333333333,0.6666666666666666,0.5,1.0,0.0,0.5,0.5,37,37,0,0,74
high_low_gap_0_8_0_2,low_is_c4,0.6,0.6666666666666666,0.5,1.0,0.0,0.5,0.5,37,37,0,0,74
high_low_gap_0_8_0_2,low_is_c4,0.2928571428571429,0.6590909090909091,0.5686274509803921,0.7837837837837838,0.40540540540540543,0.5945945945945946,0.5945945945945946,29,22,15,8,74
high_low_gap_0_8_0_2,high_is_c4,-0.10512820512820513,0.6545454545454545,0.4931506849315068,0.972972972972973,0.0,0.4864864864864865,0.4864864864864865,36,37,0,1,74
high_low_gap_0_8_0_2,low_is_c4,0.3708791208791209,0.6526315789473685,0.5344827586206896,0.8378378378378378,0.2702702702702703,0.5540540540540541,0.5540540540540541,31,27,10,6,74
high_low_gap_0_8_0_2,low_is_c4,0.3038461538461539,0.651685393258427,0.5576923076923077,0.7837837837837838,0.3783783783783784,0.581081081081081,0.5810810810810811,29,23,14,8,74
high_low_gap_0_8_0_2,low_is_c4,0.2403846153846154,0.6499999999999999,0.6046511627906976,0.7027027027027027,0.5405405405405406,0.6216216216216216,0.6216216216216217,26,17,20,11,74
high_low_gap_0_8_0_2,low_is_c4,0.2857142857142857,0.6436781609195402,0.56,0.7567567567567568,0.40540540540540543,0.581081081081081,0.5810810810810811,28,22,15,9,74
high_low_gap_0_8_0_2,high_is_c4,-0.038461538461538464,0.6422018348623854,0.4861111111111111,0.9459459459459459,0.0,0.47297297297297297,0.47297297297297297,35,37,0,2,74
high_low_gap_0_8_0_2,low_is_c4,0.26785714285714285,0.6341463414634145,0.5777777777777777,0.7027027027027027,0.4864864864864865,0.5945945945945946,0.5945945945945946,26,19,18,11,74
high_low_gap_0_8_0_2,low_is_c4,0.33241758241758246,0.6304347826086956,0.5272727272727272,0.7837837837837838,0.2972972972972973,0.5405405405405406,0.5405405405405406,29,26,11,8,74
high_low_gap_0_8_0_2,high_is_c4,0.03571428571428571,0.6095238095238095,0.47058823529411764,0.8648648648648649,0.02702702702702703,0.44594594594594594,0.44594594594594594,32,36,1,5,74
high_low_gap_0_8_0_2,low_is_c4,0.2142857142857143,0.6027397260273972,0.6111111111111112,0.5945945945945946,0.6216216216216216,0.6081081081081081,0.6081081081081081,22,14,23,15,74
high_low_gap_0_8_0_2,low_is_c4,0.22252747252747254,0.6027397260273972,0.6111111111111112,0.5945945945945946,0.6216216216216216,0.6081081081081081,0.6081081081081081,22,14,23,15,74
high_low_gap_0_8_0_2,high_is_c4,0.07142857142857144,0.594059405940594,0.46875,0.8108108108108109,0.08108108108108109,0.44594594594594594,0.44594594594594594,30,34,3,7,74
high_low_gap_0_8_0_2,low_is_c4,0.20714285714285713,0.5671641791044775,0.6333333333333333,0.5135135135135135,0.7027027027027027,0.6081081081081081,0.6081081081081081,19,11,26,18,74
high_low_gap_0_8_0_2,high_is_c4,0.07417582417582419,0.5656565656565656,0.45161290322580644,0.7567567567567568,0.08108108108108109,0.4189189189189189,0.41891891891891897,28,34,3,9,74
high_low_gap_0_8_0_2,low_is_c4,0.16025641025641024,0.5538461538461539,0.6428571428571429,0.4864864864864865,0.7297297297297297,0.6081081081081081,0.6081081081081081,18,10,27,19,74
high_low_gap_0_8_0_2,high_is_c4,0.10989010989010989,0.5473684210526315,0.4482758620689655,0.7027027027027027,0.13513513513513514,0.4189189189189189,0.41891891891891897,26,32,5,11,74
high_low_gap_0_8_0_2,high_is_c4,0.14285714285714285,0.5473684210526315,0.4482758620689655,0.7027027027027027,0.13513513513513514,0.4189189189189189,0.41891891891891897,26,32,5,11,74
high_low_gap_0_8_0_2,low_is_c4,0.18333333333333335,0.5454545454545455,0.6206896551724138,0.4864864864864865,0.7027027027027027,0.5945945945945946,0.5945945945945946,18,11,26,19,74
high_low_gap_0_8_0_2,high_is_c4,0.14835164835164838,0.5054945054945055,0.42592592592592593,0.6216216216216216,0.16216216216216217,0.3918918918918919,0.3918918918918919,23,31,6,14,74
high_low_gap_0_8_0_2,low_is_c4,0.14835164835164838,0.4912280701754387,0.7,0.3783783783783784,0.8378378378378378,0.6081081081081081,0.6081081081081081,14,6,31,23,74
high_low_gap_0_8_0_2,low_is_c4,0.14285714285714285,0.4642857142857143,0.6842105263157895,0.35135135135135137,0.8378378378378378,0.5945945945945946,0.5945945945945946,13,6,31,24,74
high_low_gap_0_8_0_2,high_is_c4,0.18333333333333335,0.4634146341463415,0.4222222222222222,0.5135135135135135,0.2972972972972973,0.40540540540540543,0.4054054054054054,19,26,11,18,74
high_low_gap_0_8_0_2,high_is_c4,0.16025641025641024,0.4578313253012048,0.41304347826086957,0.5135135135135135,0.2702702702702703,0.3918918918918919,0.3918918918918919,19,27,10,18,74
high_low_gap_0_8_0_2,high_is_c4,0.20714285714285713,0.44444444444444453,0.4090909090909091,0.4864864864864865,0.2972972972972973,0.3918918918918919,0.3918918918918919,18,26,11,19,74
high_low_gap_0_8_0_2,high_is_c4,0.2142857142857143,0.44155844155844154,0.425,0.4594594594594595,0.3783783783783784,0.4189189189189189,0.41891891891891897,17,23,14,20,74
high_low_gap_0_8_0_2,low_is_c4,0.10989010989010989,0.41509433962264153,0.6875,0.2972972972972973,0.8648648648648649,0.581081081081081,0.5810810810810811,11,5,32,26,74
high_low_gap_0_8_0_2,high_is_c4,0.22252747252747254,0.4,0.39473684210526316,0.40540540540540543,0.3783783783783784,0.3918918918918919,0.3918918918918919,15,23,14,22,74
high_low_gap_0_8_0_2,low_is_c4,0.07417582417582419,0.3673469387755103,0.75,0.24324324324324326,0.918918918918919,0.581081081081081,0.5810810810810811,9,3,34,28,74
high_low_gap_0_8_0_2,high_is_c4,0.26785714285714285,0.33333333333333337,0.3793103448275862,0.2972972972972973,0.5135135135135135,0.40540540540540543,0.4054054054054054,11,18,19,26,74
high_low_gap_0_8_0_2,high_is_c4,0.2857142857142857,0.33333333333333337,0.3793103448275862,0.2972972972972973,0.5135135135135135,0.40540540540540543,0.4054054054054054,11,18,19,26,74
high_low_gap_0_8_0_2,high_is_c4,0.2403846153846154,0.3235294117647059,0.3548387096774194,0.2972972972972973,0.4594594594594595,0.3783783783783784,0.3783783783783784,11,20,17,26,74
high_low_gap_0_8_0_2,low_is_c4,0.07142857142857144,0.2978723404255319,0.7,0.1891891891891892,0.918918918918919,0.5540540540540541,0.5540540540540541,7,3,34,30,74
high_low_gap_0_8_0_2,high_is_c4,0.33241758241758246,0.28571428571428575,0.42105263157894735,0.21621621621621623,0.7027027027027027,0.4594594594594595,0.4594594594594595,8,11,26,29,74
high_low_gap_0_8_0_2,high_is_c4,0.3038461538461539,0.27118644067796616,0.36363636363636365,0.21621621621621623,0.6216216216216216,0.4189189189189189,0.4189189189189189,8,14,23,29,74
high_low_gap_0_8_0_2,high_is_c4,0.2928571428571429,0.26666666666666666,0.34782608695652173,0.21621621621621623,0.5945945945945946,0.40540540540540543,0.40540540540540543,8,15,22,29,74
high_low_gap_0_8_0_2,low_is_c4,0.03571428571428571,0.23255813953488372,0.8333333333333334,0.13513513513513514,0.972972972972973,0.5540540540540541,0.5540540540540541,5,1,36,32,74
high_low_gap_0_8_0_2,high_is_c4,0.3708791208791209,0.22641509433962265,0.375,0.16216216216216217,0.7297297297297297,0.44594594594594594,0.44594594594594594,6,10,27,31,74
high_low_gap_0_8_0_2,high_is_c4,0.3923076923076923,0.13043478260869568,0.3333333333333333,0.08108108108108109,0.8378378378378378,0.4594594594594595,0.45945945945945943,3,6,31,34,74
high_low_gap_0_8_0_2,low_is_c4,-0.038461538461538464,0.10256410256410257,1.0,0.05405405405405406,1.0,0.527027027027027,0.527027027027027,2,0,37,35,74
high_low_gap_0_8_0_2,high_is_c4,0.41428571428571426,0.08888888888888889,0.25,0.05405405405405406,0.8378378378378378,0.44594594594594594,0.44594594594594594,2,6,31,35,74
high_low_gap_0_8_0_2,low_is_c4,-0.13333333333333333,0.052631578947368425,1.0,0.02702702702702703,1.0,0.5135135135135135,0.5135135135135135,1,0,37,36,74
high_low_gap_0_8_0_2,low_is_c4,-0.10512820512820513,0.052631578947368425,1.0,0.02702702702702703,1.0,0.5135135135135135,0.5135135135135135,1,0,37,36,74
high_low_gap_0_8_0_2,high_is_c4,0.44505494505494503,0.045454545454545456,0.14285714285714285,0.02702702702702703,0.8378378378378378,0.43243243243243246,0.43243243243243246,1,6,31,36,74
high_low_gap_0_8_0_2,high_is_c4,0.5692307692307692,0.0,0.0,0.0,0.972972972972973,0.4864864864864865,0.4864864864864865,0,1,36,37,74
high_low_gap_0_8_0_2,high_is_c4,0.6,0.0,0.0,0.0,0.972972972972973,0.4864864864864865,0.4864864864864865,0,1,36,37,74
high_low_gap_0_8_0_2,high_is_c4,0.5192307692307692,0.0,0.0,0.0,0.918918918918919,0.4594594594594595,0.4594594594594595,0,3,34,37,74
high_low_gap_0_8_0_2,high_is_c4,0.4807692307692308,0.0,0.0,0.0,0.8648648648648649,0.43243243243243246,0.43243243243243246,0,5,32,37,74
high_low_gap_0_8_0_3,low_is_c4,0.41428571428571426,0.691588785046729,0.5285714285714286,1.0,0.10810810810810811,0.5540540540540541,0.5540540540540541,37,33,4,0,74
high_low_gap_0_8_0_3,low_is_c4,0.44505494505494503,0.6851851851851851,0.5211267605633803,1.0,0.08108108108108109,0.5405405405405406,0.5405405405405406,37,34,3,0,74
high_low_gap_0_8_0_3,low_is_c4,0.3923076923076923,0.6792452830188679,0.5217391304347826,0.972972972972973,0.10810810810810811,0.5405405405405406,0.5405405405405406,36,33,4,1,74
high_low_gap_0_8_0_3,low_is_c4,0.4807692307692307,0.6788990825688073,0.5138888888888888,1.0,0.05405405405405406,0.527027027027027,0.527027027027027,37,35,2,0,74
high_low_gap_0_8_0_3,low_is_c4,0.2928571428571429,0.6736842105263158,0.5517241379310345,0.8648648648648649,0.2972972972972973,0.581081081081081,0.5810810810810811,32,26,11,5,74
high_low_gap_0_8_0_3,low_is_c4,0.5166666666666666,0.6727272727272727,0.5068493150684932,1.0,0.02702702702702703,0.5135135135135135,0.5135135135135135,37,36,1,0,74
high_low_gap_0_8_0_3,low_is_c4,0.3038461538461539,0.6666666666666667,0.5423728813559322,0.8648648648648649,0.2702702702702703,0.5675675675675675,0.5675675675675675,32,27,10,5,74
high_low_gap_0_8_0_3,low_is_c4,0.37087912087912084,0.6666666666666666,0.532258064516129,0.8918918918918919,0.21621621621621623,0.5540540540540541,0.5540540540540541,33,29,8,4,74
high_low_gap_0_8_0_3,high_is_c4,-0.19999999999999998,0.6666666666666666,0.5,1.0,0.0,0.5,0.5,37,37,0,0,74
high_low_gap_0_8_0_3,low_is_c4,0.5333333333333333,0.6666666666666666,0.5,1.0,0.0,0.5,0.5,37,37,0,0,74
high_low_gap_0_8_0_3,low_is_c4,0.3846153846153846,0.6599999999999999,0.5238095238095238,0.8918918918918919,0.1891891891891892,0.5405405405405406,0.5405405405405406,33,30,7,4,74
high_low_gap_0_8_0_3,low_is_c4,0.2857142857142857,0.6595744680851063,0.543859649122807,0.8378378378378378,0.2972972972972973,0.5675675675675675,0.5675675675675675,31,26,11,6,74
high_low_gap_0_8_0_3,high_is_c4,-0.1769230769230769,0.6545454545454545,0.4931506849315068,0.972972972972973,0.0,0.4864864864864865,0.4864864864864865,36,37,0,1,74
high_low_gap_0_8_0_3,low_is_c4,0.3324175824175824,0.6530612244897959,0.5245901639344263,0.8648648648648649,0.21621621621621623,0.5405405405405406,0.5405405405405406,32,29,8,5,74
high_low_gap_0_8_0_3,high_is_c4,-0.07417582417582419,0.6476190476190476,0.5,0.918918918918919,0.08108108108108109,0.5,0.5,34,34,3,3,74
high_low_gap_0_8_0_3,high_is_c4,-0.07142857142857141,0.6470588235294117,0.5076923076923077,0.8918918918918919,0.13513513513513514,0.5135135135135135,0.5135135135135135,33,32,5,4,74
high_low_gap_0_8_0_3,high_is_c4,-0.11538461538461539,0.6422018348623854,0.4861111111111111,0.9459459459459459,0.0,0.47297297297297297,0.47297297297297297,35,37,0,2,74
high_low_gap_0_8_0_3,low_is_c4,0.2582417582417582,0.6373626373626374,0.5370370370370371,0.7837837837837838,0.32432432432432434,0.5540540540540541,0.5540540540540541,29,25,12,8,74
high_low_gap_0_8_0_3,high_is_c4,-0.07142857142857144,0.6346153846153846,0.4925373134328358,0.8918918918918919,0.08108108108108109,0.4864864864864865,0.4864864864864865,33,34,3,4,74
high_low_gap_0_8_0_3,high_is_c4,-0.0357142857142857,0.6336633663366337,0.5,0.8648648648648649,0.13513513513513514,0.5,0.5,32,32,5,5,74
high_low_gap_0_8_0_3,low_is_c4,0.2142857142857143,0.6279069767441859,0.5510204081632653,0.7297297297297297,0.40540540540540543,0.5675675675675675,0.5675675675675675,27,22,15,10,74
high_low_gap_0_8_0_3,low_is_c4,0.22252747252747254,0.6279069767441859,0.5510204081632653,0.7297297297297297,0.40540540540540543,0.5675675675675675,0.5675675675675675,27,22,15,10,74
high_low_gap_0_8_0_3,low_is_c4,0.17067307692307693,0.5897435897435899,0.5609756097560976,0.6216216216216216,0.5135135135135135,0.5675675675675675,0.5675675675675675,23,18,19,14,74
high_low_gap_0_8_0_3,low_is_c4,0.20089285714285715,0.5822784810126581,0.5476190476190477,0.6216216216216216,0.4864864864864865,0.5540540540540541,0.5540540540540541,23,19,18,14,74
high_low_gap_0_8_0_3,high_is_c4,0.033333333333333354,0.5591397849462365,0.4642857142857143,0.7027027027027027,0.1891891891891892,0.44594594594594594,0.44594594594594594,26,30,7,11,74
high_low_gap_0_8_0_3,high_is_c4,0.06904761904761907,0.5434782608695652,0.45454545454545453,0.6756756756756757,0.1891891891891892,0.43243243243243246,0.43243243243243246,25,30,7,12,74
high_low_gap_0_8_0_3,high_is_c4,0.13392857142857142,0.5176470588235293,0.4583333333333333,0.5945945945945946,0.2972972972972973,0.44594594594594594,0.44594594594594594,22,26,11,15,74
high_low_gap_0_8_0_3,high_is_c4,0.14285714285714285,0.5176470588235293,0.4583333333333333,0.5945945945945946,0.2972972972972973,0.44594594594594594,0.44594594594594594,22,26,11,15,74
high_low_gap_0_8_0_3,high_is_c4,0.07142857142857144,0.5168539325842696,0.4423076923076923,0.6216216216216216,0.21621621621621623,0.4189189189189189,0.4189189189189189,23,29,8,14,74
high_low_gap_0_8_0_3,high_is_c4,0.11805555555555555,0.5116279069767442,0.4489795918367347,0.5945945945945946,0.2702702702702703,0.43243243243243246,0.43243243243243246,22,27,10,15,74
high_low_gap_0_8_0_3,high_is_c4,0.09401709401709402,0.5057471264367815,0.44,0.5945945945945946,0.24324324324324326,0.4189189189189189,0.41891891891891897,22,28,9,15,74
high_low_gap_0_8_0_3,high_is_c4,0.07417582417582419,0.5000000000000001,0.43137254901960786,0.5945945945945946,0.21621621621621623,0.40540540540540543,0.40540540540540543,22,29,8,15,74
high_low_gap_0_8_0_3,low_is_c4,0.07417582417582419,0.5,0.6521739130434783,0.40540540540540543,0.7837837837837838,0.5945945945945946,0.5945945945945946,15,8,29,22,74
high_low_gap_0_8_0_3,low_is_c4,0.14835164835164838,0.5,0.5483870967741935,0.4594594594594595,0.6216216216216216,0.5405405405405406,0.5405405405405406,17,14,23,20,74
high_low_gap_0_8_0_3,high_is_c4,0.14835164835164838,0.5,0.46511627906976744,0.5405405405405406,0.3783783783783784,0.4594594594594595,0.4594594594594595,20,23,14,17,74
high_low_gap_0_8_0_3,low_is_c4,0.09401709401709402,0.4918032786885246,0.625,0.40540540540540543,0.7567567567567568,0.581081081081081,0.5810810810810811,15,9,28,22,74
high_low_gap_0_8_0_3,low_is_c4,0.11805555555555555,0.48387096774193555,0.6,0.40540540540540543,0.7297297297297297,0.5675675675675675,0.5675675675675675,15,10,27,22,74
high_low_gap_0_8_0_3,low_is_c4,0.14285714285714285,0.47761194029850745,0.5333333333333333,0.43243243243243246,0.6216216216216216,0.527027027027027,0.527027027027027,16,14,23,21,74
high_low_gap_0_8_0_3,low_is_c4,0.13392857142857142,0.47619047619047616,0.5769230769230769,0.40540540540540543,0.7027027027027027,0.5540540540540541,0.5540540540540541,15,11,26,22,74
high_low_gap_0_8_0_3,low_is_c4,0.07142857142857144,0.4745762711864407,0.6363636363636364,0.3783783783783784,0.7837837837837838,0.581081081081081,0.5810810810810811,14,8,29,23,74
high_low_gap_0_8_0_3,low_is_c4,0.06904761904761907,0.42857142857142855,0.631578947368421,0.32432432432432434,0.8108108108108109,0.5675675675675675,0.5675675675675675,12,7,30,25,74
high_low_gap_0_8_0_3,high_is_c4,0.20089285714285715,0.40579710144927533,0.4375,0.3783783783783784,0.5135135135135135,0.44594594594594594,0.44594594594594594,14,18,19,23,74
high_low_gap_0_8_0_3,high_is_c4,0.17067307692307693,0.4000000000000001,0.42424242424242425,0.3783783783783784,0.4864864864864865,0.43243243243243246,0.43243243243243246,14,19,18,23,74
high_low_gap_0_8_0_3,low_is_c4,0.033333333333333354,0.39999999999999997,0.6111111111111112,0.2972972972972973,0.8108108108108109,0.5540540540540541,0.5540540540540541,11,7,30,26,74
high_low_gap_0_8_0_3,high_is_c4,0.2142857142857143,0.3880597014925374,0.43333333333333335,0.35135135135135137,0.5405405405405406,0.44594594594594594,0.44594594594594594,13,17,20,24,74
high_low_gap_0_8_0_3,high_is_c4,0.22252747252747254,0.3225806451612903,0.4,0.2702702702702703,0.5945945945945946,0.43243243243243246,0.43243243243243246,10,15,22,27,74
high_low_gap_0_8_0_3,high_is_c4,0.2582417582417582,0.2807017543859649,0.4,0.21621621621621623,0.6756756756756757,0.44594594594594594,0.44594594594594594,8,12,25,29,74
high_low_gap_0_8_0_3,high_is_c4,0.2857142857142857,0.2807017543859649,0.4,0.21621621621621623,0.6756756756756757,0.44594594594594594,0.44594594594594594,8,12,25,29,74
high_low_gap_0_8_0_3,low_is_c4,-0.0357142857142857,0.21276595744680854,0.5,0.13513513513513514,0.8648648648648649,0.5,0.5,5,5,32,32,74
high_low_gap_0_8_0_3,high_is_c4,0.3324175824175824,0.2,0.38461538461538464,0.13513513513513514,0.7837837837837838,0.4594594594594595,0.45945945945945943,5,8,29,32,74
high_low_gap_0_8_0_3,high_is_c4,0.3038461538461539,0.1923076923076923,0.3333333333333333,0.13513513513513514,0.7297297297297297,0.43243243243243246,0.43243243243243246,5,10,27,32,74
high_low_gap_0_8_0_3,high_is_c4,0.2928571428571429,0.18867924528301885,0.3125,0.13513513513513514,0.7027027027027027,0.4189189189189189,0.41891891891891897,5,11,26,32,74
high_low_gap_0_8_0_3,low_is_c4,-0.07142857142857144,0.18181818181818182,0.5714285714285714,0.10810810810810811,0.918918918918919,0.5135135135135135,0.5135135135135136,4,3,34,33,74
high_low_gap_0_8_0_3,low_is_c4,-0.07142857142857141,0.17391304347826086,0.4444444444444444,0.10810810810810811,0.8648648648648649,0.4864864864864865,0.4864864864864865,4,5,32,33,74
high_low_gap_0_8_0_3,high_is_c4,0.37087912087912084,0.163265306122449,0.3333333333333333,0.10810810810810811,0.7837837837837838,0.44594594594594594,0.44594594594594594,4,8,29,33,74
high_low_gap_0_8_0_3,high_is_c4,0.3846153846153846,0.163265306122449,0.3333333333333333,0.10810810810810811,0.7837837837837838,0.44594594594594594,0.44594594594594594,4,8,29,33,74
high_low_gap_0_8_0_3,low_is_c4,-0.07417582417582419,0.13953488372093023,0.5,0.08108108108108109,0.918918918918919,0.5,0.5,3,3,34,34,74
high_low_gap_0_8_0_3,low_is_c4,-0.11538461538461539,0.10256410256410257,1.0,0.05405405405405406,1.0,0.527027027027027,0.527027027027027,2,0,37,35,74
high_low_gap_0_8_0_3,low_is_c4,-0.19999999999999998,0.052631578947368425,1.0,0.02702702702702703,1.0,0.5135135135135135,0.5135135135135135,1,0,37,36,74
high_low_gap_0_8_0_3,low_is_c4,-0.1769230769230769,0.052631578947368425,1.0,0.02702702702702703,1.0,0.5135135135135135,0.5135135135135135,1,0,37,36,74
high_low_gap_0_8_0_3,high_is_c4,0.3923076923076923,0.047619047619047616,0.2,0.02702702702702703,0.8918918918918919,0.4594594594594595,0.45945945945945943,1,4,33,36,74
high_low_gap_0_8_0_3,high_is_c4,0.5166666666666666,0.0,0.0,0.0,0.972972972972973,0.4864864864864865,0.4864864864864865,0,1,36,37,74
high_low_gap_0_8_0_3,high_is_c4,0.5333333333333333,0.0,0.0,0.0,0.972972972972973,0.4864864864864865,0.4864864864864865,0,1,36,37,74
high_low_gap_0_8_0_3,high_is_c4,0.4807692307692307,0.0,0.0,0.0,0.9459459459459459,0.47297297297297297,0.47297297297297297,0,2,35,37,74
high_low_gap_0_8_0_3,high_is_c4,0.44505494505494503,0.0,0.0,0.0,0.918918918918919,0.4594594594594595,0.4594594594594595,0,3,34,37,74
high_low_gap_0_8_0_3,high_is_c4,0.41428571428571426,0.0,0.0,0.0,0.8918918918918919,0.44594594594594594,0.44594594594594594,0,4,33,37,74
high_low_gap_0_8_0_4,low_is_c4,0.358974358974359,0.6923076923076924,0.5373134328358209,0.972972972972973,0.16216216216216217,0.5675675675675675,0.5675675675675675,36,31,6,1,74
high_low_gap_0_8_0_4,low_is_c4,0.3923076923076923,0.691588785046729,0.5285714285714286,1.0,0.10810810810810811,0.5540540540540541,0.5540540540540541,37,33,4,0,74
high_low_gap_0_8_0_4,low_is_c4,0.2142857142857143,0.6874999999999999,0.559322033898305,0.8918918918918919,0.2972972972972973,0.5945945945945946,0.5945945945945946,33,26,11,4,74
high_low_gap_0_8_0_4,low_is_c4,0.22252747252747254,0.6874999999999999,0.559322033898305,0.8918918918918919,0.2972972972972973,0.5945945945945946,0.5945945945945946,33,26,11,4,74
high_low_gap_0_8_0_4,low_is_c4,0.41428571428571426,0.6851851851851851,0.5211267605633803,1.0,0.08108108108108109,0.5405405405405406,0.5405405405405406,37,34,3,0,74
high_low_gap_0_8_0_4,low_is_c4,0.2728937728937729,0.68,0.5396825396825397,0.918918918918919,0.21621621621621623,0.5675675675675675,0.5675675675675675,34,29,8,3,74
high_low_gap_0_8_0_4,low_is_c4,0.3076923076923077,0.6796116504854369,0.5303030303030303,0.9459459459459459,0.16216216216216217,0.5540540540540541,0.5540540540540541,35,31,6,2,74
high_low_gap_0_8_0_4,low_is_c4,0.3205128205128205,0.6796116504854369,0.5303030303030303,0.9459459459459459,0.16216216216216217,0.5540540540540541,0.5540540540540541,35,31,6,2,74
high_low_gap_0_8_0_4,low_is_c4,0.44505494505494503,0.6788990825688073,0.5138888888888888,1.0,0.05405405405405406,0.527027027027027,0.527027027027027,37,35,2,0,74
high_low_gap_0_8_0_4,high_is_c4,-0.2761904761904762,0.6727272727272727,0.5068493150684932,1.0,0.02702702702702703,0.5135135135135135,0.5135135135135135,37,36,1,0,74
high_low_gap_0_8_0_4,low_is_c4,0.4807692307692307,0.6727272727272727,0.5068493150684932,1.0,0.02702702702702703,0.5135135135135135,0.5135135135135135,37,36,1,0,74
high_low_gap_0_8_0_4,low_is_c4,0.21428571428571425,0.6666666666666667,0.5660377358490566,0.8108108108108109,0.3783783783783784,0.5945945945945946,0.5945945945945946,30,23,14,7,74
high_low_gap_0_8_0_4,low_is_c4,0.17067307692307693,0.6666666666666666,0.58,0.7837837837837838,0.43243243243243246,0.6081081081081081,0.6081081081081081,29,21,16,8,74
high_low_gap_0_8_0_4,low_is_c4,0.23443223443223446,0.6666666666666666,0.532258064516129,0.8918918918918919,0.21621621621621623,0.5540540540540541,0.5540540540540541,33,29,8,4,74
high_low_gap_0_8_0_4,high_is_c4,-0.2857142857142857,0.6666666666666666,0.5,1.0,0.0,0.5,0.5,37,37,0,0,74
high_low_gap_0_8_0_4,low_is_c4,0.5,0.6666666666666666,0.5,1.0,0.0,0.5,0.5,37,37,0,0,74
high_low_gap_0_8_0_4,high_is_c4,-0.24871794871794875,0.6605504587155964,0.5,0.972972972972973,0.02702702702702703,0.5,0.5,36,36,1,1,74
high_low_gap_0_8_0_4,low_is_c4,0.19375,0.6590909090909091,0.5686274509803921,0.7837837837837838,0.40540540540540543,0.5945945945945946,0.5945945945945946,29,22,15,8,74
high_low_gap_0_8_0_4,low_is_c4,0.20714285714285713,0.651685393258427,0.5576923076923077,0.7837837837837838,0.3783783783783784,0.581081081081081,0.5810810810810811,29,23,14,8,74
high_low_gap_0_8_0_4,high_is_c4,-0.22252747252747254,0.6481481481481483,0.49295774647887325,0.9459459459459459,0.02702702702702703,0.4864864864864865,0.4864864864864865,35,36,1,2,74
high_low_gap_0_8_0_4,high_is_c4,-0.2142857142857143,0.6481481481481483,0.49295774647887325,0.9459459459459459,0.02702702702702703,0.4864864864864865,0.4864864864864865,35,36,1,2,74
high_low_gap_0_8_0_4,high_is_c4,-0.18406593406593408,0.6415094339622641,0.4927536231884058,0.918918918918919,0.05405405405405406,0.4864864864864865,0.4864864864864865,34,35,2,3,74
high_low_gap_0_8_0_4,high_is_c4,-0.14835164835164835,0.6407766990291263,0.5,0.8918918918918919,0.10810810810810811,0.5,0.5,33,33,4,4,74
high_low_gap_0_8_0_4,high_is_c4,-0.10989010989010989,0.6138613861386139,0.484375,0.8378378378378378,0.10810810810810811,0.47297297297297297,0.47297297297297297,31,33,4,6,74
high_low_gap_0_8_0_4,low_is_c4,0.14285714285714285,0.6075949367088608,0.5714285714285714,0.6486486486486487,0.5135135135135135,0.581081081081081,0.5810810810810811,24,18,19,13,74
high_low_gap_0_8_0_4,low_is_c4,0.14835164835164838,0.6,0.5581395348837209,0.6486486486486487,0.4864864864864865,0.5675675675675675,0.5675675675675675,24,19,18,13,74
high_low_gap_0_8_0_4,low_is_c4,0.07417582417582419,0.5833333333333333,0.6,0.5675675675675675,0.6216216216216216,0.5945945945945946,0.5945945945945945,21,14,23,16,74
high_low_gap_0_8_0_4,low_is_c4,0.10096153846153846,0.5789473684210528,0.5641025641025641,0.5945945945945946,0.5405405405405406,0.5675675675675675,0.5675675675675675,22,17,20,15,74
high_low_gap_0_8_0_4,low_is_c4,0.13392857142857142,0.5714285714285715,0.55,0.5945945945945946,0.5135135135135135,0.5540540540540541,0.5540540540540541,22,18,19,15,74
high_low_gap_0_8_0_4,low_is_c4,0.07142857142857144,0.5633802816901409,0.5882352941176471,0.5405405405405406,0.6216216216216216,0.581081081081081,0.5810810810810811,20,14,23,17,74
high_low_gap_0_8_0_4,high_is_c4,-0.07142857142857142,0.5494505494505494,0.46296296296296297,0.6756756756756757,0.21621621621621623,0.44594594594594594,0.44594594594594594,25,29,8,12,74
high_low_gap_0_8_0_4,high_is_c4,-0.07417582417582419,0.5434782608695652,0.45454545454545453,0.6756756756756757,0.1891891891891892,0.43243243243243246,0.43243243243243246,25,30,7,12,74
high_low_gap_0_8_0_4,low_is_c4,0.06904761904761907,0.5373134328358209,0.6,0.4864864864864865,0.6756756756756757,0.581081081081081,0.5810810810810811,18,12,25,19,74
high_low_gap_0_8_0_4,high_is_c4,-0.0357142857142857,0.5333333333333334,0.4528301886792453,0.6486486486486487,0.21621621621621623,0.43243243243243246,0.43243243243243246,24,29,8,13,74
high_low_gap_0_8_0_4,low_is_c4,0.033333333333333354,0.5151515151515151,0.5862068965517241,0.4594594594594595,0.6756756756756757,0.5675675675675675,0.5675675675675675,17,12,25,20,74
high_low_gap_0_8_0_4,high_is_c4,0.033333333333333354,0.4878048780487805,0.4444444444444444,0.5405405405405406,0.32432432432432434,0.43243243243243246,0.43243243243243246,20,25,12,17,74
high_low_gap_0_8_0_4,high_is_c4,0.06904761904761907,0.46913580246913583,0.4318181818181818,0.5135135135135135,0.32432432432432434,0.4189189189189189,0.4189189189189189,19,25,12,18,74
high_low_gap_0_8_0_4,low_is_c4,-0.0357142857142857,0.4482758620689656,0.6190476190476191,0.35135135135135137,0.7837837837837838,0.5675675675675675,0.5675675675675675,13,8,29,24,74
high_low_gap_0_8_0_4,high_is_c4,0.07142857142857144,0.44155844155844154,0.425,0.4594594594594595,0.3783783783783784,0.4189189189189189,0.41891891891891897,17,23,14,20,74
high_low_gap_0_8_0_4,low_is_c4,-0.07417582417582419,0.42857142857142855,0.631578947368421,0.32432432432432434,0.8108108108108109,0.5675675675675675,0.5675675675675675,12,7,30,25,74
high_low_gap_0_8_0_4,high_is_c4,0.13392857142857142,0.4225352112676056,0.4411764705882353,0.40540540540540543,0.4864864864864865,0.44594594594594594,0.44594594594594594,15,19,18,22,74
high_low_gap_0_8_0_4,high_is_c4,0.14285714285714285,0.4225352112676056,0.4411764705882353,0.40540540540540543,0.4864864864864865,0.44594594594594594,0.44594594594594594,15,19,18,22,74
high_low_gap_0_8_0_4,low_is_c4,-0.07142857142857142,0.4210526315789474,0.6,0.32432432432432434,0.7837837837837838,0.5540540540540541,0.5540540540540541,12,8,29,25,74
high_low_gap_0_8_0_4,high_is_c4,0.07417582417582419,0.42105263157894735,0.41025641025641024,0.43243243243243246,0.3783783783783784,0.40540540540540543,0.40540540540540543,16,23,14,21,74
high_low_gap_0_8_0_4,high_is_c4,0.10096153846153846,0.4166666666666667,0.42857142857142855,0.40540540540540543,0.4594594594594595,0.43243243243243246,0.43243243243243246,15,20,17,22,74
high_low_gap_0_8_0_4,high_is_c4,0.14835164835164838,0.38235294117647056,0.41935483870967744,0.35135135135135137,0.5135135135135135,0.43243243243243246,0.43243243243243246,13,18,19,24,74
high_low_gap_0_8_0_4,high_is_c4,0.20714285714285713,0.27118644067796616,0.36363636363636365,0.21621621621621623,0.6216216216216216,0.4189189189189189,0.4189189189189189,8,14,23,29,74
high_low_gap_0_8_0_4,high_is_c4,0.21428571428571425,0.27118644067796616,0.36363636363636365,0.21621621621621623,0.6216216216216216,0.4189189189189189,0.4189189189189189,8,14,23,29,74
high_low_gap_0_8_0_4,high_is_c4,0.19375,0.26666666666666666,0.34782608695652173,0.21621621621621623,0.5945945945945946,0.40540540540540543,0.40540540540540543,8,15,22,29,74
high_low_gap_0_8_0_4,high_is_c4,0.17067307692307693,0.26229508196721313,0.3333333333333333,0.21621621621621623,0.5675675675675675,0.3918918918918919,0.3918918918918919,8,16,21,29,74
high_low_gap_0_8_0_4,low_is_c4,-0.10989010989010989,0.25531914893617025,0.6,0.16216216216216217,0.8918918918918919,0.527027027027027,0.527027027027027,6,4,33,31,74
high_low_gap_0_8_0_4,high_is_c4,0.2142857142857143,0.21428571428571427,0.3157894736842105,0.16216216216216217,0.6486486486486487,0.40540540540540543,0.40540540540540543,6,13,24,31,74
high_low_gap_0_8_0_4,low_is_c4,-0.14835164835164835,0.17777777777777778,0.5,0.10810810810810811,0.8918918918918919,0.5,0.5,4,4,33,33,74
high_low_gap_0_8_0_4,high_is_c4,0.23443223443223446,0.163265306122449,0.3333333333333333,0.10810810810810811,0.7837837837837838,0.44594594594594594,0.44594594594594594,4,8,29,33,74
high_low_gap_0_8_0_4,high_is_c4,0.22252747252747254,0.15384615384615385,0.26666666666666666,0.10810810810810811,0.7027027027027027,0.40540540540540543,0.40540540540540543,4,11,26,33,74
high_low_gap_0_8_0_4,low_is_c4,-0.2142857142857143,0.14634146341463414,0.75,0.08108108108108109,0.972972972972973,0.527027027027027,0.5270270270270271,3,1,36,34,74
high_low_gap_0_8_0_4,low_is_c4,-0.18406593406593408,0.14285714285714288,0.6,0.08108108108108109,0.9459459459459459,0.5135135135135135,0.5135135135135135,3,2,35,34,74
high_low_gap_0_8_0_4,high_is_c4,0.3076923076923077,0.12765957446808512,0.3,0.08108108108108109,0.8108108108108109,0.44594594594594594,0.44594594594594594,3,7,30,34,74
high_low_gap_0_8_0_4,high_is_c4,0.2728937728937729,0.125,0.2727272727272727,0.08108108108108109,0.7837837837837838,0.43243243243243246,0.43243243243243246,3,8,29,34,74
high_low_gap_0_8_0_4,low_is_c4,-0.22252747252747254,0.1,0.6666666666666666,0.05405405405405406,0.972972972972973,0.5135135135135135,0.5135135135135136,2,1,36,35,74
high_low_gap_0_8_0_4,high_is_c4,0.3205128205128205,0.08888888888888889,0.25,0.05405405405405406,0.8378378378378378,0.44594594594594594,0.44594594594594594,2,6,31,35,74
high_low_gap_0_8_0_4,low_is_c4,-0.24871794871794875,0.05128205128205129,0.5,0.02702702702702703,0.972972972972973,0.5,0.5,1,1,36,36,74
high_low_gap_0_8_0_4,high_is_c4,0.358974358974359,0.045454545454545456,0.14285714285714285,0.02702702702702703,0.8378378378378378,0.43243243243243246,0.43243243243243246,1,6,31,36,74
high_low_gap_0_8_0_4,high_is_c4,0.4807692307692307,0.0,0.0,0.0,0.972972972972973,0.4864864864864865,0.4864864864864865,0,1,36,37,74
high_low_gap_0_8_0_4,high_is_c4,0.5,0.0,0.0,0.0,0.972972972972973,0.4864864864864865,0.4864864864864865,0,1,36,37,74
high_low_gap_0_8_0_4,low_is_c4,-0.2857142857142857,0.0,0.0,0.0,0.972972972972973,0.4864864864864865,0.4864864864864865,0,1,36,37,74
high_low_gap_0_8_0_4,low_is_c4,-0.2761904761904762,0.0,0.0,0.0,0.972972972972973,0.4864864864864865,0.4864864864864865,0,1,36,37,74
high_low_gap_0_8_0_4,high_is_c4,0.44505494505494503,0.0,0.0,0.0,0.9459459459459459,0.47297297297297297,0.47297297297297297,0,2,35,37,74
high_low_gap_0_8_0_4,high_is_c4,0.41428571428571426,0.0,0.0,0.0,0.918918918918919,0.4594594594594595,0.4594594594594595,0,3,34,37,74
high_low_gap_0_8_0_4,high_is_c4,0.3923076923076923,0.0,0.0,0.0,0.8918918918918919,0.44594594594594594,0.44594594594594594,0,4,33,37,74
high_low_gap_0_8_0_5,low_is_c4,0.2728937728937729,0.6923076923076924,0.5373134328358209,0.972972972972973,0.16216216216216217,0.5675675675675675,0.5675675675675675,36,31,6,1,74
high_low_gap_0_8_0_5,low_is_c4,0.34523809523809523,0.691588785046729,0.5285714285714286,1.0,0.10810810810810811,0.5540540540540541,0.5540540540540541,37,33,4,0,74
high_low_gap_0_8_0_5,low_is_c4,0.3205128205128205,0.6857142857142857,0.5294117647058824,0.972972972972973,0.13513513513513514,0.5540540540540541,0.5540540540540541,36,32,5,1,74
high_low_gap_0_8_0_5,low_is_c4,0.37087912087912084,0.6851851851851851,0.5211267605633803,1.0,0.08108108108108109,0.5405405405405406,0.5405405405405406,37,34,3,0,74
high_low_gap_0_8_0_5,low_is_c4,0.23443223443223446,0.6796116504854369,0.5303030303030303,0.9459459459459459,0.16216216216216217,0.5540540540540541,0.5540540540540541,35,31,6,2,74
high_low_gap_0_8_0_5,low_is_c4,0.3846153846153846,0.6788990825688073,0.5138888888888888,1.0,0.05405405405405406,0.527027027027027,0.527027027027027,37,35,2,0,74
high_low_gap_0_8_0_5,low_is_c4,0.22252747252747254,0.673469387755102,0.5409836065573771,0.8918918918918919,0.24324324324324326,0.5675675675675675,0.5675675675675675,33,28,9,4,74
high_low_gap_0_8_0_5,low_is_c4,0.4065934065934066,0.6727272727272727,0.5068493150684932,1.0,0.02702702702702703,0.5135135135135135,0.5135135135135135,37,36,1,0,74
high_low_gap_0_8_0_5,low_is_c4,0.21428571428571427,0.6666666666666667,0.5423728813559322,0.8648648648648649,0.2702702702702703,0.5675675675675675,0.5675675675675675,32,27,10,5,74
high_low_gap_0_8_0_5,high_is_c4,-0.33333333333333337,0.6666666666666666,0.5,1.0,0.0,0.5,0.5,37,37,0,0,74
high_low_gap_0_8_0_5,low_is_c4,0.4285714285714286,0.6666666666666666,0.5,1.0,0.0,0.5,0.5,37,37,0,0,74
high_low_gap_0_8_0_5,low_is_c4,0.14835164835164838,0.6593406593406594,0.5555555555555556,0.8108108108108109,0.35135135135135137,0.581081081081081,0.5810810810810811,30,24,13,7,74
high_low_gap_0_8_0_5,high_is_c4,-0.32051282051282054,0.6545454545454545,0.4931506849315068,0.972972972972973,0.0,0.4864864864864865,0.4864864864864865,36,37,0,1,74
high_low_gap_0_8_0_5,high_is_c4,-0.3076923076923077,0.6545454545454545,0.4931506849315068,0.972972972972973,0.0,0.4864864864864865,0.4864864864864865,36,37,0,1,74
high_low_gap_0_8_0_5,low_is_c4,0.18406593406593405,0.6526315789473685,0.5344827586206896,0.8378378378378378,0.2702702702702703,0.5540540540540541,0.5540540540540541,31,27,10,6,74
high_low_gap_0_8_0_5,low_is_c4,0.14285714285714285,0.6444444444444444,0.5471698113207547,0.7837837837837838,0.35135135135135137,0.5675675675675675,0.5675675675675675,29,24,13,8,74
high_low_gap_0_8_0_5,low_is_c4,0.07417582417582419,0.6341463414634145,0.5777777777777777,0.7027027027027027,0.4864864864864865,0.5945945945945946,0.5945945945945946,26,19,18,11,74
high_low_gap_0_8_0_5,low_is_c4,0.06904761904761907,0.6329113924050633,0.5952380952380952,0.6756756756756757,0.5405405405405406,0.6081081081081081,0.6081081081081081,25,17,20,12,74
high_low_gap_0_8_0_5,low_is_c4,0.03125,0.631578947368421,0.6153846153846154,0.6486486486486487,0.5945945945945946,0.6216216216216216,0.6216216216216217,24,15,22,13,74
high_low_gap_0_8_0_5,high_is_c4,-0.29670329670329665,0.6296296296296297,0.4788732394366197,0.918918918918919,0.0,0.4594594594594595,0.4594594594594595,34,37,0,3,74
high_low_gap_0_8_0_5,low_is_c4,0.08846153846153848,0.6279069767441859,0.5510204081632653,0.7297297297297297,0.40540540540540543,0.5675675675675675,0.5675675675675675,27,22,15,10,74
high_low_gap_0_8_0_5,high_is_c4,-0.18406593406593408,0.6262626262626263,0.5,0.8378378378378378,0.16216216216216217,0.5,0.5,31,31,6,6,74
high_low_gap_0_8_0_5,low_is_c4,0.07142857142857144,0.6250000000000001,0.5813953488372093,0.6756756756756757,0.5135135135135135,0.5945945945945946,0.5945945945945945,25,18,19,12,74
high_low_gap_0_8_0_5,low_is_c4,0.12142857142857144,0.6206896551724138,0.54,0.7297297297297297,0.3783783783783784,0.5540540540540541,0.5540540540540541,27,23,14,10,74
high_low_gap_0_8_0_5,high_is_c4,-0.22252747252747251,0.62,0.49206349206349204,0.8378378378378378,0.13513513513513514,0.4864864864864865,0.4864864864864865,31,32,5,6,74
high_low_gap_0_8_0_5,low_is_c4,0.06458333333333335,0.6153846153846153,0.5853658536585366,0.6486486486486487,0.5405405405405406,0.5945945945945946,0.5945945945945946,24,17,20,13,74
high_low_gap_0_8_0_5,high_is_c4,-0.2582417582417582,0.6153846153846153,0.47761194029850745,0.8648648648648649,0.05405405405405406,0.4594594594594595,0.4594594594594595,32,35,2,5,74
high_low_gap_0_8_0_5,high_is_c4,-0.23076923076923075,0.6019417475728156,0.4696969696969697,0.8378378378378378,0.05405405405405406,0.44594594594594594,0.44594594594594594,31,35,2,6,74
high_low_gap_0_8_0_5,high_is_c4,-0.14285714285714285,0.5934065934065933,0.5,0.7297297297297297,0.2702702702702703,0.5,0.5,27,27,10,10,74
high_low_gap_0_8_0_5,high_is_c4,-0.14835164835164832,0.5869565217391305,0.4909090909090909,0.7297297297297297,0.24324324324324326,0.4864864864864865,0.4864864864864865,27,28,9,10,74
high_low_gap_0_8_0_5,high_is_c4,-0.15384615384615383,0.5806451612903226,0.48214285714285715,0.7297297297297297,0.21621621621621623,0.47297297297297297,0.47297297297297297,27,29,8,10,74
high_low_gap_0_8_0_5,low_is_c4,-0.0357142857142857,0.5714285714285714,0.6060606060606061,0.5405405405405406,0.6486486486486487,0.5945945945945946,0.5945945945945946,20,13,24,17,74
high_low_gap_0_8_0_5,high_is_c4,-0.09401709401709402,0.5681818181818181,0.49019607843137253,0.6756756756756757,0.2972972972972973,0.4864864864864865,0.4864864864864865,25,26,11,12,74
high_low_gap_0_8_0_5,high_is_c4,-0.12698412698412698,0.5617977528089887,0.4807692307692308,0.6756756756756757,0.2702702702702703,0.47297297297297297,0.47297297297297297,25,27,10,12,74
high_low_gap_0_8_0_5,low_is_c4,-0.07417582417582419,0.5230769230769231,0.6071428571428571,0.4594594594594595,0.7027027027027027,0.581081081081081,0.5810810810810811,17,11,26,20,74
high_low_gap_0_8_0_5,low_is_c4,-0.07142857142857142,0.5151515151515151,0.5862068965517241,0.4594594594594595,0.6756756756756757,0.5675675675675675,0.5675675675675675,17,12,25,20,74
high_low_gap_0_8_0_5,high_is_c4,-0.07142857142857142,0.4878048780487805,0.4444444444444444,0.5405405405405406,0.32432432432432434,0.43243243243243246,0.43243243243243246,20,25,12,17,74
high_low_gap_0_8_0_5,high_is_c4,-0.07417582417582419,0.4819277108433735,0.43478260869565216,0.5405405405405406,0.2972972972972973,0.4189189189189189,0.41891891891891897,20,26,11,17,74
high_low_gap_0_8_0_5,high_is_c4,-0.0357142857142857,0.4358974358974359,0.4146341463414634,0.4594594594594595,0.35135135135135137,0.40540540540540543,0.40540540540540543,17,24,13,20,74
high_low_gap_0_8_0_5,low_is_c4,-0.14285714285714285,0.4067796610169491,0.5454545454545454,0.32432432432432434,0.7297297297297297,0.527027027027027,0.527027027027027,12,10,27,25,74
high_low_gap_0_8_0_5,low_is_c4,-0.12698412698412698,0.4067796610169491,0.5454545454545454,0.32432432432432434,0.7297297297297297,0.527027027027027,0.527027027027027,12,10,27,25,74
high_low_gap_0_8_0_5,low_is_c4,-0.09401709401709402,0.4,0.5217391304347826,0.32432432432432434,0.7027027027027027,0.5135135135135135,0.5135135135135136,12,11,26,25,74
high_low_gap_0_8_0_5,high_is_c4,0.06458333333333335,0.37142857142857144,0.3939393939393939,0.35135135135135137,0.4594594594594595,0.40540540540540543,0.40540540540540543,13,20,17,24,74
high_low_gap_0_8_0_5,low_is_c4,-0.15384615384615383,0.36363636363636365,0.5555555555555556,0.2702702702702703,0.7837837837837838,0.527027027027027,0.527027027027027,10,8,29,27,74
high_low_gap_0_8_0_5,high_is_c4,0.03125,0.36111111111111116,0.37142857142857144,0.35135135135135137,0.40540540540540543,0.3783783783783784,0.3783783783783784,13,22,15,24,74
high_low_gap_0_8_0_5,low_is_c4,-0.14835164835164832,0.35714285714285715,0.5263157894736842,0.2702702702702703,0.7567567567567568,0.5135135135135135,0.5135135135135136,10,9,28,27,74
high_low_gap_0_8_0_5,high_is_c4,0.07142857142857144,0.3529411764705882,0.3870967741935484,0.32432432432432434,0.4864864864864865,0.40540540540540543,0.40540540540540543,12,19,18,25,74
high_low_gap_0_8_0_5,high_is_c4,0.06904761904761907,0.34782608695652173,0.375,0.32432432432432434,0.4594594594594595,0.3918918918918919,0.3918918918918919,12,20,17,25,74
high_low_gap_0_8_0_5,high_is_c4,0.07417582417582419,0.33333333333333337,0.3793103448275862,0.2972972972972973,0.5135135135135135,0.40540540540540543,0.4054054054054054,11,18,19,26,74
high_low_gap_0_8_0_5,high_is_c4,0.12142857142857144,0.3278688524590164,0.4166666666666667,0.2702702702702703,0.6216216216216216,0.44594594594594594,0.44594594594594594,10,14,23,27,74
high_low_gap_0_8_0_5,high_is_c4,0.14285714285714285,0.3278688524590164,0.4166666666666667,0.2702702702702703,0.6216216216216216,0.44594594594594594,0.44594594594594594,10,14,23,27,74
high_low_gap_0_8_0_5,high_is_c4,0.08846153846153848,0.3225806451612903,0.4,0.2702702702702703,0.5945945945945946,0.43243243243243246,0.43243243243243246,10,15,22,27,74
high_low_gap_0_8_0_5,low_is_c4,-0.23076923076923075,0.26666666666666666,0.75,0.16216216216216217,0.9459459459459459,0.5540540540540541,0.5540540540540541,6,2,35,31,74
high_low_gap_0_8_0_5,low_is_c4,-0.22252747252747251,0.25,0.5454545454545454,0.16216216216216217,0.8648648648648649,0.5135135135135135,0.5135135135135136,6,5,32,31,74
high_low_gap_0_8_0_5,high_is_c4,0.14835164835164838,0.24561403508771934,0.35,0.1891891891891892,0.6486486486486487,0.4189189189189189,0.41891891891891897,7,13,24,30,74
high_low_gap_0_8_0_5,low_is_c4,-0.18406593406593408,0.2448979591836735,0.5,0.16216216216216217,0.8378378378378378,0.5,0.5,6,6,31,31,74
high_low_gap_0_8_0_5,low_is_c4,-0.2582417582417582,0.22727272727272727,0.7142857142857143,0.13513513513513514,0.9459459459459459,0.5405405405405406,0.5405405405405406,5,2,35,32,74
high_low_gap_0_8_0_5,high_is_c4,0.18406593406593405,0.22641509433962265,0.375,0.16216216216216217,0.7297297297297297,0.44594594594594594,0.44594594594594594,6,10,27,31,74
high_low_gap_0_8_0_5,high_is_c4,0.21428571428571427,0.1923076923076923,0.3333333333333333,0.13513513513513514,0.7297297297297297,0.43243243243243246,0.43243243243243246,5,10,27,32,74
high_low_gap_0_8_0_5,high_is_c4,0.22252747252747254,0.16,0.3076923076923077,0.10810810810810811,0.7567567567567568,0.43243243243243246,0.43243243243243246,4,9,28,33,74
high_low_gap_0_8_0_5,low_is_c4,-0.29670329670329665,0.15,1.0,0.08108108108108109,1.0,0.5405405405405406,0.5405405405405406,3,0,37,34,74
high_low_gap_0_8_0_5,low_is_c4,-0.3076923076923077,0.10256410256410257,1.0,0.05405405405405406,1.0,0.527027027027027,0.527027027027027,2,0,37,35,74
high_low_gap_0_8_0_5,high_is_c4,0.23443223443223446,0.08888888888888889,0.25,0.05405405405405406,0.8378378378378378,0.44594594594594594,0.44594594594594594,2,6,31,35,74
high_low_gap_0_8_0_5,low_is_c4,-0.33333333333333337,0.052631578947368425,1.0,0.02702702702702703,1.0,0.5135135135135135,0.5135135135135135,1,0,37,36,74
high_low_gap_0_8_0_5,low_is_c4,-0.32051282051282054,0.052631578947368425,1.0,0.02702702702702703,1.0,0.5135135135135135,0.5135135135135135,1,0,37,36,74
high_low_gap_0_8_0_5,high_is_c4,0.3205128205128205,0.046511627906976744,0.16666666666666666,0.02702702702702703,0.8648648648648649,0.44594594594594594,0.44594594594594594,1,5,32,36,74
high_low_gap_0_8_0_5,high_is_c4,0.2728937728937729,0.045454545454545456,0.14285714285714285,0.02702702702702703,0.8378378378378378,0.43243243243243246,0.43243243243243246,1,6,31,36,74
high_low_gap_0_8_0_5,high_is_c4,0.4065934065934066,0.0,0.0,0.0,0.972972972972973,0.4864864864864865,0.4864864864864865,0,1,36,37,74
high_low_gap_0_8_0_5,high_is_c4,0.4285714285714286,0.0,0.0,0.0,0.972972972972973,0.4864864864864865,0.4864864864864865,0,1,36,37,74
high_low_gap_0_8_0_5,high_is_c4,0.37087912087912084,0.0,0.0,0.0,0.918918918918919,0.4594594594594595,0.4594594594594595,0,3,34,37,74
high_low_gap_0_8_0_5,high_is_c4,0.3846153846153846,0.0,0.0,0.0,0.918918918918919,0.4594594594594595,0.4594594594594595,0,3,34,37,74
high_low_gap_0_8_0_5,high_is_c4,0.34523809523809523,0.0,0.0,0.0,0.8918918918918919,0.44594594594594594,0.44594594594594594,0,4,33,37,74
high_low_gap_0_9_0_3,low_is_c4,0.2582417582417582,0.7047619047619048,0.5441176470588235,1.0,0.16216216216216217,0.581081081081081,0.5810810810810811,37,31,6,0,74
high_low_gap_0_9_0_3,low_is_c4,0.2142857142857143,0.6990291262135921,0.5454545454545454,0.972972972972973,0.1891891891891892,0.581081081081081,0.5810810810810811,36,30,7,1,74
high_low_gap_0_9_0_3,low_is_c4,0.22252747252747254,0.6990291262135921,0.5454545454545454,0.972972972972973,0.1891891891891892,0.581081081081081,0.5810810810810811,36,30,7,1,74
high_low_gap_0_9_0_3,low_is_c4,0.2967032967032967,0.6981132075471698,0.5362318840579711,1.0,0.13513513513513514,0.5675675675675675,0.5675675675675675,37,32,5,0,74
high_low_gap_0_9_0_3,low_is_c4,0.32051282051282054,0.6851851851851851,0.5211267605633803,1.0,0.08108108108108109,0.5405405405405406,0.5405405405405406,37,34,3,0,74
high_low_gap_0_9_0_3,low_is_c4,0.35897435897435903,0.6788990825688073,0.5138888888888888,1.0,0.05405405405405406,0.527027027027027,0.527027027027027,37,35,2,0,74
high_low_gap_0_9_0_3,high_is_c4,-0.2153846153846154,0.6727272727272727,0.5068493150684932,1.0,0.02702702702702703,0.5135135135135135,0.5135135135135135,37,36,1,0,74
high_low_gap_0_9_0_3,low_is_c4,0.4065934065934066,0.6727272727272727,0.5068493150684932,1.0,0.02702702702702703,0.5135135135135135,0.5135135135135135,37,36,1,0,74
high_low_gap_0_9_0_3,high_is_c4,-0.23076923076923078,0.6666666666666666,0.5,1.0,0.0,0.5,0.5,37,37,0,0,74
high_low_gap_0_9_0_3,low_is_c4,0.42857142857142855,0.6666666666666666,0.5,1.0,0.0,0.5,0.5,37,37,0,0,74
high_low_gap_0_9_0_3,high_is_c4,-0.1769230769230769,0.6605504587155964,0.5,0.972972972972973,0.02702702702702703,0.5,0.5,36,36,1,1,74
high_low_gap_0_9_0_3,low_is_c4,0.1769230769230769,0.6597938144329898,0.5333333333333333,0.8648648648648649,0.24324324324324326,0.5540540540540541,0.5540540540540541,32,28,9,5,74
high_low_gap_0_9_0_3,high_is_c4,-0.14835164835164835,0.6538461538461539,0.5074626865671642,0.918918918918919,0.10810810810810811,0.5135135135135135,0.5135135135135136,34,33,4,3,74
high_low_gap_0_9_0_3,low_is_c4,0.20714285714285713,0.6530612244897959,0.5245901639344263,0.8648648648648649,0.21621621621621623,0.5405405405405406,0.5405405405405406,32,29,8,5,74
high_low_gap_0_9_0_3,high_is_c4,-0.10989010989010989,0.6407766990291263,0.5,0.8918918918918919,0.10810810810810811,0.5,0.5,33,33,4,4,74
high_low_gap_0_9_0_3,high_is_c4,-0.07417582417582419,0.6,0.47619047619047616,0.8108108108108109,0.10810810810810811,0.4594594594594595,0.4594594594594595,30,33,4,7,74
high_low_gap_0_9_0_3,low_is_c4,0.14285714285714285,0.5882352941176472,0.5208333333333334,0.6756756756756757,0.3783783783783784,0.527027027027027,0.527027027027027,25,23,14,12,74
high_low_gap_0_9_0_3,high_is_c4,-0.07142857142857144,0.5858585858585857,0.46774193548387094,0.7837837837837838,0.10810810810810811,0.44594594594594594,0.44594594594594594,29,33,4,8,74
high_low_gap_0_9_0_3,low_is_c4,0.14835164835164838,0.5813953488372092,0.5102040816326531,0.6756756756756757,0.35135135135135137,0.5135135135135135,0.5135135135135135,25,24,13,12,74
high_low_gap_0_9_0_3,high_is_c4,-0.06904761904761904,0.5684210526315788,0.46551724137931033,0.7297297297297297,0.16216216216216217,0.44594594594594594,0.44594594594594594,27,31,6,10,74
high_low_gap_0_9_0_3,high_is_c4,-0.033333333333333326,0.553191489361702,0.45614035087719296,0.7027027027027027,0.16216216216216217,0.43243243243243246,0.43243243243243246,26,31,6,11,74
high_low_gap_0_9_0_3,low_is_c4,0.13809523809523808,0.55,0.5116279069767442,0.5945945945945946,0.43243243243243246,0.5135135135135135,0.5135135135135136,22,21,16,15,74
high_low_gap_0_9_0_3,high_is_c4,0.03571428571428571,0.5476190476190476,0.48936170212765956,0.6216216216216216,0.35135135135135137,0.4864864864864865,0.4864864864864865,23,24,13,14,74
high_low_gap_0_9_0_3,low_is_c4,0.10096153846153846,0.5384615384615384,0.5121951219512195,0.5675675675675675,0.4594594594594595,0.5135135135135135,0.5135135135135135,21,20,17,16,74
high_low_gap_0_9_0_3,low_is_c4,0.07417582417582419,0.5352112676056339,0.5588235294117647,0.5135135135135135,0.5945945945945946,0.5540540540540541,0.5540540540540541,19,15,22,18,74
high_low_gap_0_9_0_3,low_is_c4,0.12916666666666665,0.5316455696202531,0.5,0.5675675675675675,0.43243243243243246,0.5,0.5,21,21,16,16,74
high_low_gap_0_9_0_3,low_is_c4,0.07142857142857144,0.5142857142857143,0.5454545454545454,0.4864864864864865,0.5945945945945946,0.5405405405405406,0.5405405405405406,18,15,22,19,74
high_low_gap_0_9_0_3,high_is_c4,0.07142857142857144,0.48717948717948717,0.4634146341463415,0.5135135135135135,0.40540540540540543,0.4594594594594595,0.45945945945945943,19,22,15,18,74
high_low_gap_0_9_0_3,high_is_c4,0.07417582417582419,0.4675324675324675,0.45,0.4864864864864865,0.40540540540540543,0.44594594594594594,0.44594594594594594,18,22,15,19,74
high_low_gap_0_9_0_3,high_is_c4,0.12916666666666665,0.463768115942029,0.5,0.43243243243243246,0.5675675675675675,0.5,0.5,16,16,21,21,74
high_low_gap_0_9_0_3,high_is_c4,0.10096153846153846,0.45714285714285713,0.48484848484848486,0.43243243243243246,0.5405405405405406,0.4864864864864865,0.4864864864864865,16,17,20,21,74
high_low_gap_0_9_0_3,high_is_c4,0.13809523809523808,0.4411764705882353,0.4838709677419355,0.40540540540540543,0.5675675675675675,0.4864864864864865,0.4864864864864865,15,16,21,22,74
high_low_gap_0_9_0_3,high_is_c4,0.14285714285714285,0.4411764705882353,0.4838709677419355,0.40540540540540543,0.5675675675675675,0.4864864864864865,0.4864864864864865,15,16,21,22,74
high_low_gap_0_9_0_3,low_is_c4,0.03571428571428571,0.4375,0.5185185185185185,0.3783783783783784,0.6486486486486487,0.5135135135135135,0.5135135135135136,14,13,24,23,74
high_low_gap_0_9_0_3,low_is_c4,-0.033333333333333326,0.40740740740740744,0.6470588235294118,0.2972972972972973,0.8378378378378378,0.5675675675675675,0.5675675675675675,11,6,31,26,74
high_low_gap_0_9_0_3,high_is_c4,0.14835164835164838,0.3870967741935484,0.48,0.32432432432432434,0.6486486486486487,0.4864864864864865,0.4864864864864865,12,13,24,25,74
high_low_gap_0_9_0_3,low_is_c4,-0.06904761904761904,0.3773584905660377,0.625,0.2702702702702703,0.8378378378378378,0.5540540540540541,0.5540540540540541,10,6,31,27,74
high_low_gap_0_9_0_3,low_is_c4,-0.07142857142857144,0.326530612244898,0.6666666666666666,0.21621621621621623,0.8918918918918919,0.5540540540540541,0.5540540540540541,8,4,33,29,74
high_low_gap_0_9_0_3,low_is_c4,-0.07417582417582419,0.2916666666666667,0.6363636363636364,0.1891891891891892,0.8918918918918919,0.5405405405405406,0.5405405405405406,7,4,33,30,74
high_low_gap_0_9_0_3,high_is_c4,0.20714285714285713,0.2,0.38461538461538464,0.13513513513513514,0.7837837837837838,0.4594594594594595,0.45945945945945943,5,8,29,32,74
high_low_gap_0_9_0_3,high_is_c4,0.1769230769230769,0.19607843137254902,0.35714285714285715,0.13513513513513514,0.7567567567567568,0.44594594594594594,0.44594594594594594,5,9,28,32,74
high_low_gap_0_9_0_3,low_is_c4,-0.10989010989010989,0.17777777777777778,0.5,0.10810810810810811,0.8918918918918919,0.5,0.5,4,4,33,33,74
high_low_gap_0_9_0_3,low_is_c4,-0.14835164835164835,0.13636363636363638,0.42857142857142855,0.08108108108108109,0.8918918918918919,0.4864864864864865,0.4864864864864865,3,4,33,34,74
high_low_gap_0_9_0_3,high_is_c4,0.2142857142857143,0.08695652173913043,0.2222222222222222,0.05405405405405406,0.8108108108108109,0.43243243243243246,0.43243243243243246,2,7,30,35,74
high_low_gap_0_9_0_3,low_is_c4,-0.1769230769230769,0.05128205128205129,0.5,0.02702702702702703,0.972972972972973,0.5,0.5,1,1,36,36,74
high_low_gap_0_9_0_3,high_is_c4,0.22252747252747254,0.044444444444444446,0.125,0.02702702702702703,0.8108108108108109,0.4189189189189189,0.41891891891891897,1,7,30,36,74
high_low_gap_0_9_0_3,high_is_c4,0.4065934065934066,0.0,0.0,0.0,0.972972972972973,0.4864864864864865,0.4864864864864865,0,1,36,37,74
high_low_gap_0_9_0_3,high_is_c4,0.42857142857142855,0.0,0.0,0.0,0.972972972972973,0.4864864864864865,0.4864864864864865,0,1,36,37,74
high_low_gap_0_9_0_3,low_is_c4,-0.23076923076923078,0.0,0.0,0.0,0.972972972972973,0.4864864864864865,0.4864864864864865,0,1,36,37,74
high_low_gap_0_9_0_3,low_is_c4,-0.2153846153846154,0.0,0.0,0.0,0.972972972972973,0.4864864864864865,0.4864864864864865,0,1,36,37,74
high_low_gap_0_9_0_3,high_is_c4,0.35897435897435903,0.0,0.0,0.0,0.9459459459459459,0.47297297297297297,0.47297297297297297,0,2,35,37,74
high_low_gap_0_9_0_3,high_is_c4,0.32051282051282054,0.0,0.0,0.0,0.918918918918919,0.4594594594594595,0.4594594594594595,0,3,34,37,74
high_low_gap_0_9_0_3,high_is_c4,0.2967032967032967,0.0,0.0,0.0,0.8648648648648649,0.43243243243243246,0.43243243243243246,0,5,32,37,74
high_low_gap_0_9_0_3,high_is_c4,0.2582417582417582,0.0,0.0,0.0,0.8378378378378378,0.4189189189189189,0.4189189189189189,0,6,31,37,74
high_low_gap_0_9_0_4,low_is_c4,0.17692307692307693,0.7047619047619048,0.5441176470588235,1.0,0.16216216216216217,0.581081081081081,0.5810810810810811,37,31,6,0,74
high_low_gap_0_9_0_4,low_is_c4,0.24285714285714285,0.6981132075471698,0.5362318840579711,1.0,0.13513513513513514,0.5675675675675675,0.5675675675675675,37,32,5,0,74
high_low_gap_0_9_0_4,low_is_c4,0.0976190476190476,0.6947368421052632,0.5689655172413793,0.8918918918918919,0.32432432432432434,0.6081081081081081,0.6081081081081081,33,25,12,4,74
high_low_gap_0_9_0_4,low_is_c4,0.2967032967032967,0.691588785046729,0.5285714285714286,1.0,0.10810810810810811,0.5540540540540541,0.5540540540540541,37,33,4,0,74
high_low_gap_0_9_0_4,low_is_c4,0.11249999999999999,0.6874999999999999,0.559322033898305,0.8918918918918919,0.2972972972972973,0.5945945945945946,0.5945945945945946,33,26,11,4,74
high_low_gap_0_9_0_4,low_is_c4,0.14285714285714285,0.6868686868686869,0.5483870967741935,0.918918918918919,0.24324324324324326,0.581081081081081,0.5810810810810811,34,28,9,3,74
high_low_gap_0_9_0_4,low_is_c4,0.08608058608058608,0.6808510638297872,0.5614035087719298,0.8648648648648649,0.32432432432432434,0.5945945945945946,0.5945945945945946,32,25,12,5,74
high_low_gap_0_9_0_4,low_is_c4,0.13392857142857142,0.6804123711340206,0.55,0.8918918918918919,0.2702702702702703,0.581081081081081,0.5810810810810811,33,27,10,4,74
high_low_gap_0_9_0_4,low_is_c4,0.14835164835164838,0.68,0.5396825396825397,0.918918918918919,0.21621621621621623,0.5675675675675675,0.5675675675675675,34,29,8,3,74
high_low_gap_0_9_0_4,low_is_c4,0.07417582417582419,0.6741573033707865,0.5769230769230769,0.8108108108108109,0.40540540540540543,0.6081081081081081,0.6081081081081081,30,22,15,7,74
high_low_gap_0_9_0_4,high_is_c4,-0.2761904761904762,0.6727272727272727,0.5068493150684932,1.0,0.02702702702702703,0.5135135135135135,0.5135135135135135,37,36,1,0,74
high_low_gap_0_9_0_4,low_is_c4,0.36813186813186816,0.6727272727272727,0.5068493150684932,1.0,0.02702702702702703,0.5135135135135135,0.5135135135135135,37,36,1,0,74
high_low_gap_0_9_0_4,high_is_c4,-0.2857142857142857,0.6666666666666666,0.5,1.0,0.0,0.5,0.5,37,37,0,0,74
high_low_gap_0_9_0_4,low_is_c4,0.42857142857142855,0.6666666666666666,0.5,1.0,0.0,0.5,0.5,37,37,0,0,74
high_low_gap_0_9_0_4,high_is_c4,-0.24871794871794875,0.6605504587155964,0.5,0.972972972972973,0.02702702702702703,0.5,0.5,36,36,1,1,74
high_low_gap_0_9_0_4,high_is_c4,-0.22252747252747254,0.6601941747572816,0.5151515151515151,0.918918918918919,0.13513513513513514,0.527027027027027,0.5270270270270271,34,32,5,3,74
high_low_gap_0_9_0_4,high_is_c4,-0.2142857142857143,0.6601941747572816,0.5151515151515151,0.918918918918919,0.13513513513513514,0.527027027027027,0.5270270270270271,34,32,5,3,74
high_low_gap_0_9_0_4,low_is_c4,0.07142857142857144,0.6436781609195402,0.56,0.7567567567567568,0.40540540540540543,0.581081081081081,0.5810810810810811,28,22,15,9,74
high_low_gap_0_9_0_4,high_is_c4,-0.18406593406593408,0.64,0.5079365079365079,0.8648648648648649,0.16216216216216217,0.5135135135135135,0.5135135135135136,32,31,6,5,74
high_low_gap_0_9_0_4,low_is_c4,0.07142857142857141,0.6024096385542168,0.5434782608695652,0.6756756756756757,0.43243243243243246,0.5540540540540541,0.5540540540540541,25,21,16,12,74
high_low_gap_0_9_0_4,high_is_c4,-0.14835164835164838,0.5833333333333334,0.4745762711864407,0.7567567567567568,0.16216216216216217,0.4594594594594595,0.4594594594594595,28,31,6,9,74
high_low_gap_0_9_0_4,high_is_c4,-0.14285714285714285,0.5744680851063829,0.47368421052631576,0.7297297297297297,0.1891891891891892,0.4594594594594595,0.45945945945945943,27,30,7,10,74
high_low_gap_0_9_0_4,low_is_c4,0.06904761904761902,0.55,0.5116279069767442,0.5945945945945946,0.43243243243243246,0.5135135135135135,0.5135135135135136,22,21,16,15,74
high_low_gap_0_9_0_4,high_is_c4,-0.09401709401709402,0.5494505494505494,0.46296296296296297,0.6756756756756757,0.21621621621621623,0.44594594594594594,0.44594594594594594,25,29,8,12,74
high_low_gap_0_9_0_4,high_is_c4,-0.12698412698412698,0.5434782608695652,0.45454545454545453,0.6756756756756757,0.1891891891891892,0.43243243243243246,0.43243243243243246,25,30,7,12,74
high_low_gap_0_9_0_4,low_is_c4,0.033333333333333326,0.5316455696202531,0.5,0.5675675675675675,0.43243243243243246,0.5,0.5,21,21,16,16,74
high_low_gap_0_9_0_4,low_is_c4,-0.033333333333333326,0.5230769230769231,0.6071428571428571,0.4594594594594595,0.7027027027027027,0.581081081081081,0.5810810810810811,17,11,26,20,74
high_low_gap_0_9_0_4,high_is_c4,-0.07417582417582419,0.5176470588235293,0.4583333333333333,0.5945945945945946,0.2972972972972973,0.44594594594594594,0.44594594594594594,22,26,11,15,74
high_low_gap_0_9_0_4,low_is_c4,-0.06904761904761905,0.5,0.5925925925925926,0.43243243243243246,0.7027027027027027,0.5675675675675675,0.5675675675675675,16,11,26,21,74
high_low_gap_0_9_0_4,high_is_c4,-0.06904761904761905,0.5,0.44680851063829785,0.5675675675675675,0.2972972972972973,0.43243243243243246,0.43243243243243246,21,26,11,16,74
high_low_gap_0_9_0_4,high_is_c4,-0.033333333333333326,0.4819277108433735,0.43478260869565216,0.5405405405405406,0.2972972972972973,0.4189189189189189,0.41891891891891897,20,26,11,17,74
high_low_gap_0_9_0_4,low_is_c4,-0.07417582417582419,0.47619047619047616,0.5769230769230769,0.40540540540540543,0.7027027027027027,0.5540540540540541,0.5540540540540541,15,11,26,22,74
high_low_gap_0_9_0_4,high_is_c4,0.033333333333333326,0.463768115942029,0.5,0.43243243243243246,0.5675675675675675,0.5,0.5,16,16,21,21,74
high_low_gap_0_9_0_4,high_is_c4,0.06904761904761902,0.4411764705882353,0.4838709677419355,0.40540540540540543,0.5675675675675675,0.4864864864864865,0.4864864864864865,15,16,21,22,74
high_low_gap_0_9_0_4,low_is_c4,-0.14285714285714285,0.42857142857142855,0.631578947368421,0.32432432432432434,0.8108108108108109,0.5675675675675675,0.5675675675675675,12,7,30,25,74
high_low_gap_0_9_0_4,low_is_c4,-0.12698412698412698,0.42857142857142855,0.631578947368421,0.32432432432432434,0.8108108108108109,0.5675675675675675,0.5675675675675675,12,7,30,25,74
high_low_gap_0_9_0_4,low_is_c4,-0.09401709401709402,0.4210526315789474,0.6,0.32432432432432434,0.7837837837837838,0.5540540540540541,0.5540540540540541,12,8,29,25,74
high_low_gap_0_9_0_4,high_is_c4,0.07142857142857141,0.3692307692307692,0.42857142857142855,0.32432432432432434,0.5675675675675675,0.44594594594594594,0.44594594594594594,12,16,21,25,74
high_low_gap_0_9_0_4,low_is_c4,-0.14835164835164838,0.34615384615384615,0.6,0.24324324324324326,0.8378378378378378,0.5405405405405406,0.5405405405405406,9,6,31,28,74
high_low_gap_0_9_0_4,high_is_c4,0.07142857142857144,0.2950819672131148,0.375,0.24324324324324326,0.5945945945945946,0.4189189189189189,0.41891891891891897,9,15,22,28,74
high_low_gap_0_9_0_4,high_is_c4,0.07417582417582419,0.23728813559322035,0.3181818181818182,0.1891891891891892,0.5945945945945946,0.3918918918918919,0.3918918918918919,7,15,22,30,74
high_low_gap_0_9_0_4,low_is_c4,-0.18406593406593408,0.20833333333333334,0.45454545454545453,0.13513513513513514,0.8378378378378378,0.4864864864864865,0.4864864864864865,5,6,31,32,74
high_low_gap_0_9_0_4,high_is_c4,0.08608058608058608,0.18518518518518517,0.29411764705882354,0.13513513513513514,0.6756756756756757,0.40540540540540543,0.4054054054054054,5,12,25,32,74
high_low_gap_0_9_0_4,low_is_c4,-0.2142857142857143,0.17391304347826086,0.4444444444444444,0.10810810810810811,0.8648648648648649,0.4864864864864865,0.4864864864864865,4,5,32,33,74
high_low_gap_0_9_0_4,high_is_c4,0.13392857142857142,0.1568627450980392,0.2857142857142857,0.10810810810810811,0.7297297297297297,0.4189189189189189,0.4189189189189189,4,10,27,33,74
high_low_gap_0_9_0_4,high_is_c4,0.14285714285714285,0.1568627450980392,0.2857142857142857,0.10810810810810811,0.7297297297297297,0.4189189189189189,0.4189189189189189,4,10,27,33,74
high_low_gap_0_9_0_4,high_is_c4,0.11249999999999999,0.15384615384615385,0.26666666666666666,0.10810810810810811,0.7027027027027027,0.40540540540540543,0.40540540540540543,4,11,26,33,74
high_low_gap_0_9_0_4,high_is_c4,0.0976190476190476,0.1509433962264151,0.25,0.10810810810810811,0.6756756756756757,0.3918918918918919,0.3918918918918919,4,12,25,33,74
high_low_gap_0_9_0_4,low_is_c4,-0.22252747252747254,0.13333333333333333,0.375,0.08108108108108109,0.8648648648648649,0.47297297297297297,0.472972972972973,3,5,32,34,74
high_low_gap_0_9_0_4,high_is_c4,0.14835164835164838,0.125,0.2727272727272727,0.08108108108108109,0.7837837837837838,0.43243243243243246,0.43243243243243246,3,8,29,34,74
high_low_gap_0_9_0_4,low_is_c4,-0.24871794871794875,0.05128205128205129,0.5,0.02702702702702703,0.972972972972973,0.5,0.5,1,1,36,36,74
high_low_gap_0_9_0_4,high_is_c4,0.36813186813186816,0.0,0.0,0.0,0.972972972972973,0.4864864864864865,0.4864864864864865,0,1,36,37,74
high_low_gap_0_9_0_4,high_is_c4,0.42857142857142855,0.0,0.0,0.0,0.972972972972973,0.4864864864864865,0.4864864864864865,0,1,36,37,74
high_low_gap_0_9_0_4,low_is_c4,-0.2857142857142857,0.0,0.0,0.0,0.972972972972973,0.4864864864864865,0.4864864864864865,0,1,36,37,74
high_low_gap_0_9_0_4,low_is_c4,-0.2761904761904762,0.0,0.0,0.0,0.972972972972973,0.4864864864864865,0.4864864864864865,0,1,36,37,74
high_low_gap_0_9_0_4,high_is_c4,0.2967032967032967,0.0,0.0,0.0,0.8918918918918919,0.44594594594594594,0.44594594594594594,0,4,33,37,74
high_low_gap_0_9_0_4,high_is_c4,0.24285714285714285,0.0,0.0,0.0,0.8648648648648649,0.43243243243243246,0.43243243243243246,0,5,32,37,74
high_low_gap_0_9_0_4,high_is_c4,0.17692307692307693,0.0,0.0,0.0,0.8378378378378378,0.4189189189189189,0.4189189189189189,0,6,31,37,74
high_low_gap_0_9_0_5,low_is_c4,0.07417582417582419,0.7142857142857142,0.5737704918032787,0.9459459459459459,0.2972972972972973,0.6216216216216216,0.6216216216216216,35,26,11,2,74
high_low_gap_0_9_0_5,low_is_c4,0.1142857142857143,0.7115384615384616,0.5522388059701493,1.0,0.1891891891891892,0.5945945945945946,0.5945945945945946,37,30,7,0,74
high_low_gap_0_9_0_5,low_is_c4,0.07142857142857144,0.7083333333333333,0.576271186440678,0.918918918918919,0.32432432432432434,0.6216216216216216,0.6216216216216217,34,25,12,3,74
high_low_gap_0_9_0_5,low_is_c4,0.1380952380952381,0.7047619047619048,0.5441176470588235,1.0,0.16216216216216217,0.581081081081081,0.5810810810810811,37,31,6,0,74
high_low_gap_0_9_0_5,low_is_c4,0.08608058608058608,0.6990291262135921,0.5454545454545454,0.972972972972973,0.1891891891891892,0.581081081081081,0.5810810810810811,36,30,7,1,74
high_low_gap_0_9_0_5,low_is_c4,0.14835164835164835,0.6981132075471698,0.5362318840579711,1.0,0.13513513513513514,0.5675675675675675,0.5675675675675675,37,32,5,0,74
high_low_gap_0_9_0_5,low_is_c4,0.07142857142857141,0.6947368421052632,0.5689655172413793,0.8918918918918919,0.32432432432432434,0.6081081081081081,0.6081081081081081,33,25,12,4,74
high_low_gap_0_9_0_5,low_is_c4,0.18406593406593408,0.6851851851851851,0.5211267605633803,1.0,0.08108108108108109,0.5405405405405406,0.5405405405405406,37,34,3,0,74
high_low_gap_0_9_0_5,low_is_c4,0.260989010989011,0.6788990825688073,0.5138888888888888,1.0,0.05405405405405406,0.527027027027027,0.527027027027027,37,35,2,0,74
high_low_gap_0_9_0_5,low_is_c4,0.3324175824175824,0.6727272727272727,0.5068493150684932,1.0,0.02702702702702703,0.5135135135135135,0.5135135135135135,37,36,1,0,74
high_low_gap_0_9_0_5,low_is_c4,0.06904761904761902,0.6666666666666666,0.5535714285714286,0.8378378378378378,0.32432432432432434,0.581081081081081,0.5810810810810811,31,25,12,6,74
high_low_gap_0_9_0_5,high_is_c4,-0.33333333333333337,0.6666666666666666,0.5,1.0,0.0,0.5,0.5,37,37,0,0,74
high_low_gap_0_9_0_5,low_is_c4,0.3571428571428571,0.6666666666666666,0.5,1.0,0.0,0.5,0.5,37,37,0,0,74
high_low_gap_0_9_0_5,low_is_c4,0.03125,0.6593406593406594,0.5555555555555556,0.8108108108108109,0.35135135135135137,0.581081081081081,0.5810810810810811,30,24,13,7,74
high_low_gap_0_9_0_5,high_is_c4,-0.32051282051282054,0.6545454545454545,0.4931506849315068,0.972972972972973,0.0,0.4864864864864865,0.4864864864864865,36,37,0,1,74
high_low_gap_0_9_0_5,high_is_c4,-0.3076923076923077,0.6545454545454545,0.4931506849315068,0.972972972972973,0.0,0.4864864864864865,0.4864864864864865,36,37,0,1,74
high_low_gap_0_9_0_5,low_is_c4,0.06458333333333333,0.6521739130434782,0.5454545454545454,0.8108108108108109,0.32432432432432434,0.5675675675675675,0.5675675675675675,30,25,12,7,74
high_low_gap_0_9_0_5,high_is_c4,-0.29670329670329665,0.6407766990291263,0.5,0.8918918918918919,0.10810810810810811,0.5,0.5,33,33,4,4,74
high_low_gap_0_9_0_5,high_is_c4,-0.2582417582417582,0.6326530612244898,0.5081967213114754,0.8378378378378378,0.1891891891891892,0.5135135135135135,0.5135135135135135,31,30,7,6,74
high_low_gap_0_9_0_5,low_is_c4,-0.033333333333333326,0.5974025974025973,0.575,0.6216216216216216,0.5405405405405406,0.581081081081081,0.5810810810810811,23,17,20,14,74
high_low_gap_0_9_0_5,low_is_c4,-0.07417582417582419,0.5866666666666667,0.5789473684210527,0.5945945945945946,0.5675675675675675,0.581081081081081,0.5810810810810811,22,16,21,15,74
high_low_gap_0_9_0_5,low_is_c4,-0.06904761904761905,0.5789473684210528,0.5641025641025641,0.5945945945945946,0.5405405405405406,0.5675675675675675,0.5675675675675675,22,17,20,15,74
high_low_gap_0_9_0_5,high_is_c4,-0.21825396825396826,0.5777777777777777,0.49056603773584906,0.7027027027027027,0.2702702702702703,0.4864864864864865,0.4864864864864865,26,27,10,11,74
high_low_gap_0_9_0_5,high_is_c4,-0.2142857142857143,0.5777777777777777,0.49056603773584906,0.7027027027027027,0.2702702702702703,0.4864864864864865,0.4864864864864865,26,27,10,11,74
high_low_gap_0_9_0_5,high_is_c4,-0.22649572649572647,0.5714285714285714,0.48148148148148145,0.7027027027027027,0.24324324324324326,0.47297297297297297,0.472972972972973,26,28,9,11,74
high_low_gap_0_9_0_5,high_is_c4,-0.23076923076923075,0.5652173913043479,0.4727272727272727,0.7027027027027027,0.21621621621621623,0.4594594594594595,0.4594594594594595,26,29,8,11,74
high_low_gap_0_9_0_5,high_is_c4,-0.18406593406593408,0.5517241379310345,0.48,0.6486486486486487,0.2972972972972973,0.47297297297297297,0.472972972972973,24,26,11,13,74
high_low_gap_0_9_0_5,high_is_c4,-0.14835164835164835,0.5348837209302325,0.46938775510204084,0.6216216216216216,0.2972972972972973,0.4594594594594595,0.45945945945945943,23,26,11,14,74
high_low_gap_0_9_0_5,low_is_c4,-0.13392857142857142,0.5074626865671642,0.5666666666666667,0.4594594594594595,0.6486486486486487,0.5540540540540541,0.5540540540540541,17,13,24,20,74
high_low_gap_0_9_0_5,low_is_c4,-0.10096153846153846,0.5,0.5483870967741935,0.4594594594594595,0.6216216216216216,0.5405405405405406,0.5405405405405406,17,14,23,20,74
high_low_gap_0_9_0_5,high_is_c4,-0.10096153846153846,0.5,0.46511627906976744,0.5405405405405406,0.3783783783783784,0.4594594594594595,0.4594594594594595,20,23,14,17,74
high_low_gap_0_9_0_5,high_is_c4,-0.13392857142857142,0.49382716049382713,0.45454545454545453,0.5405405405405406,0.35135135135135137,0.44594594594594594,0.44594594594594594,20,24,13,17,74
high_low_gap_0_9_0_5,low_is_c4,-0.14835164835164835,0.4516129032258065,0.56,0.3783783783783784,0.7027027027027027,0.5405405405405406,0.5405405405405406,14,11,26,23,74
high_low_gap_0_9_0_5,low_is_c4,-0.18406593406593408,0.4262295081967213,0.5416666666666666,0.35135135135135137,0.7027027027027027,0.527027027027027,0.5270270270270271,13,11,26,24,74
high_low_gap_0_9_0_5,high_is_c4,-0.06904761904761905,0.4166666666666667,0.42857142857142855,0.40540540540540543,0.4594594594594595,0.43243243243243246,0.43243243243243246,15,20,17,22,74
high_low_gap_0_9_0_5,high_is_c4,-0.07417582417582419,0.4109589041095891,0.4166666666666667,0.40540540540540543,0.43243243243243246,0.4189189189189189,0.41891891891891897,15,21,16,22,74
high_low_gap_0_9_0_5,high_is_c4,-0.033333333333333326,0.39436619718309857,0.4117647058823529,0.3783783783783784,0.4594594594594595,0.4189189189189189,0.41891891891891897,14,20,17,23,74
high_low_gap_0_9_0_5,low_is_c4,-0.23076923076923075,0.39285714285714285,0.5789473684210527,0.2972972972972973,0.7837837837837838,0.5405405405405406,0.5405405405405406,11,8,29,26,74
high_low_gap_0_9_0_5,low_is_c4,-0.22649572649572647,0.38596491228070173,0.55,0.2972972972972973,0.7567567567567568,0.527027027027027,0.5270270270270271,11,9,28,26,74
high_low_gap_0_9_0_5,low_is_c4,-0.21825396825396826,0.37931034482758624,0.5238095238095238,0.2972972972972973,0.7297297297297297,0.5135135135135135,0.5135135135135135,11,10,27,26,74
high_low_gap_0_9_0_5,low_is_c4,-0.2142857142857143,0.3728813559322034,0.5,0.2972972972972973,0.7027027027027027,0.5,0.5,11,11,26,26,74
high_low_gap_0_9_0_5,high_is_c4,0.06458333333333333,0.25,0.3684210526315789,0.1891891891891892,0.6756756756756757,0.43243243243243246,0.43243243243243246,7,12,25,30,74
high_low_gap_0_9_0_5,high_is_c4,0.03125,0.24561403508771934,0.35,0.1891891891891892,0.6486486486486487,0.4189189189189189,0.41891891891891897,7,13,24,30,74
high_low_gap_0_9_0_5,low_is_c4,-0.2582417582417582,0.24,0.46153846153846156,0.16216216216216217,0.8108108108108109,0.4864864864864865,0.4864864864864865,6,7,30,31,74
high_low_gap_0_9_0_5,high_is_c4,0.06904761904761902,0.2181818181818182,0.3333333333333333,0.16216216216216217,0.6756756756756757,0.4189189189189189,0.4189189189189189,6,12,25,31,74
high_low_gap_0_9_0_5,low_is_c4,-0.29670329670329665,0.17777777777777778,0.5,0.10810810810810811,0.8918918918918919,0.5,0.5,4,4,33,33,74
high_low_gap_0_9_0_5,high_is_c4,0.07142857142857141,0.1509433962264151,0.25,0.10810810810810811,0.6756756756756757,0.3918918918918919,0.3918918918918919,4,12,25,33,74
high_low_gap_0_9_0_5,low_is_c4,-0.3076923076923077,0.14634146341463414,0.75,0.08108108108108109,0.972972972972973,0.527027027027027,0.5270270270270271,3,1,36,34,74
high_low_gap_0_9_0_5,high_is_c4,0.07142857142857144,0.11538461538461539,0.2,0.08108108108108109,0.6756756756756757,0.3783783783783784,0.3783783783783784,3,12,25,34,74
high_low_gap_0_9_0_5,high_is_c4,0.07417582417582419,0.08,0.15384615384615385,0.05405405405405406,0.7027027027027027,0.3783783783783784,0.3783783783783784,2,11,26,35,74
high_low_gap_0_9_0_5,low_is_c4,-0.33333333333333337,0.052631578947368425,1.0,0.02702702702702703,1.0,0.5135135135135135,0.5135135135135135,1,0,37,36,74
high_low_gap_0_9_0_5,low_is_c4,-0.32051282051282054,0.052631578947368425,1.0,0.02702702702702703,1.0,0.5135135135135135,0.5135135135135135,1,0,37,36,74
high_low_gap_0_9_0_5,high_is_c4,0.08608058608058608,0.044444444444444446,0.125,0.02702702702702703,0.8108108108108109,0.4189189189189189,0.41891891891891897,1,7,30,36,74
high_low_gap_0_9_0_5,high_is_c4,0.3324175824175824,0.0,0.0,0.0,0.972972972972973,0.4864864864864865,0.4864864864864865,0,1,36,37,74
high_low_gap_0_9_0_5,high_is_c4,0.3571428571428571,0.0,0.0,0.0,0.972972972972973,0.4864864864864865,0.4864864864864865,0,1,36,37,74
high_low_gap_0_9_0_5,high_is_c4,0.260989010989011,0.0,0.0,0.0,0.9459459459459459,0.47297297297297297,0.47297297297297297,0,2,35,37,74
high_low_gap_0_9_0_5,high_is_c4,0.18406593406593408,0.0,0.0,0.0,0.918918918918919,0.4594594594594595,0.4594594594594595,0,3,34,37,74
high_low_gap_0_9_0_5,high_is_c4,0.14835164835164835,0.0,0.0,0.0,0.8648648648648649,0.43243243243243246,0.43243243243243246,0,5,32,37,74
high_low_gap_0_9_0_5,high_is_c4,0.1380952380952381,0.0,0.0,0.0,0.8378378378378378,0.4189189189189189,0.4189189189189189,0,6,31,37,74
high_low_gap_0_9_0_5,high_is_c4,0.1142857142857143,0.0,0.0,0.0,0.8108108108108109,0.40540540540540543,0.40540540540540543,0,7,30,37,74
high_low_half_penalty_0_6_0_2,low_is_c4,0.5732142857142858,0.6966292134831461,0.5961538461538461,0.8378378378378378,0.43243243243243246,0.6351351351351351,0.6351351351351351,31,21,16,6,74
high_low_half_penalty_0_6_0_2,low_is_c4,0.5759615384615384,0.6888888888888889,0.5849056603773585,0.8378378378378378,0.40540540540540543,0.6216216216216216,0.6216216216216216,31,22,15,6,74
high_low_half_penalty_0_6_0_2,low_is_c4,0.5769230769230769,0.6813186813186813,0.5740740740740741,0.8378378378378378,0.3783783783783784,0.6081081081081081,0.6081081081081081,31,23,14,6,74
high_low_half_penalty_0_6_0_2,low_is_c4,0.7320512820512821,0.6792452830188679,0.5217391304347826,0.972972972972973,0.10810810810810811,0.5405405405405406,0.5405405405405406,36,33,4,1,74
high_low_half_penalty_0_6_0_2,low_is_c4,0.8131868131868132,0.6788990825688073,0.5138888888888888,1.0,0.05405405405405406,0.527027027027027,0.527027027027027,37,35,2,0,74
high_low_half_penalty_0_6_0_2,low_is_c4,0.5920329670329672,0.6739130434782609,0.5636363636363636,0.8378378378378378,0.35135135135135137,0.5945945945945946,0.5945945945945946,31,24,13,6,74
high_low_half_penalty_0_6_0_2,low_is_c4,0.7512820512820513,0.6728971962616821,0.5142857142857142,0.972972972972973,0.08108108108108109,0.527027027027027,0.5270270270270271,36,34,3,1,74
high_low_half_penalty_0_6_0_2,low_is_c4,0.8901098901098901,0.6727272727272727,0.5068493150684932,1.0,0.02702702702702703,0.5135135135135135,0.5135135135135135,37,36,1,0,74
high_low_half_penalty_0_6_0_2,low_is_c4,0.6112637362637363,0.6666666666666666,0.5535714285714286,0.8378378378378378,0.32432432432432434,0.581081081081081,0.5810810810810811,31,25,12,6,74
high_low_half_penalty_0_6_0_2,high_is_c4,0.15384615384615385,0.6666666666666666,0.5,1.0,0.0,0.5,0.5,37,37,0,0,74
high_low_half_penalty_0_6_0_2,low_is_c4,0.9230769230769231,0.6666666666666666,0.5,1.0,0.0,0.5,0.5,37,37,0,0,74
high_low_half_penalty_0_6_0_2,low_is_c4,0.7115384615384616,0.6666666666666665,0.5147058823529411,0.9459459459459459,0.10810810810810811,0.527027027027027,0.527027027027027,35,33,4,2,74
high_low_half_penalty_0_6_0_2,low_is_c4,0.6854395604395604,0.6601941747572816,0.5151515151515151,0.918918918918919,0.13513513513513514,0.527027027027027,0.5270270270270271,34,32,5,3,74
high_low_half_penalty_0_6_0_2,low_is_c4,0.6483516483516484,0.6599999999999999,0.5238095238095238,0.8918918918918919,0.1891891891891892,0.5405405405405406,0.5405405405405406,33,30,7,4,74
high_low_half_penalty_0_6_0_2,high_is_c4,0.2102564102564103,0.6545454545454545,0.4931506849315068,0.972972972972973,0.0,0.4864864864864865,0.4864864864864865,36,37,0,1,74
high_low_half_penalty_0_6_0_2,high_is_c4,0.2774725274725275,0.6542056074766355,0.5,0.9459459459459459,0.05405405405405406,0.5,0.5,35,35,2,2,74
high_low_half_penalty_0_6_0_2,low_is_c4,0.638095238095238,0.6530612244897959,0.5245901639344263,0.8648648648648649,0.21621621621621623,0.5405405405405406,0.5405405405405406,32,29,8,5,74
high_low_half_penalty_0_6_0_2,high_is_c4,0.2967032967032967,0.6476190476190476,0.5,0.918918918918919,0.08108108108108109,0.5,0.5,34,34,3,3,74
high_low_half_penalty_0_6_0_2,high_is_c4,0.31456043956043955,0.6470588235294117,0.5076923076923077,0.8918918918918919,0.13513513513513514,0.5135135135135135,0.5135135135135135,33,32,5,4,74
high_low_half_penalty_0_6_0_2,high_is_c4,0.3214285714285714,0.6470588235294117,0.5076923076923077,0.8918918918918919,0.13513513513513514,0.5135135135135135,0.5135135135135135,33,32,5,4,74
high_low_half_penalty_0_6_0_2,low_is_c4,0.6662087912087913,0.6470588235294117,0.5076923076923077,0.8918918918918919,0.13513513513513514,0.5135135135135135,0.5135135135135135,33,32,5,4,74
high_low_half_penalty_0_6_0_2,low_is_c4,0.5595238095238095,0.6428571428571429,0.574468085106383,0.7297297297297297,0.4594594594594595,0.5945945945945946,0.5945945945945946,27,20,17,10,74
high_low_half_penalty_0_6_0_2,high_is_c4,0.267948717948718,0.6422018348623854,0.4861111111111111,0.9459459459459459,0.0,0.47297297297297297,0.47297297297297297,35,37,0,2,74
high_low_half_penalty_0_6_0_2,low_is_c4,0.515625,0.6410256410256411,0.6097560975609756,0.6756756756756757,0.5675675675675675,0.6216216216216216,0.6216216216216216,25,16,21,12,74
high_low_half_penalty_0_6_0_2,low_is_c4,0.6243589743589744,0.6391752577319588,0.5166666666666667,0.8378378378378378,0.21621621621621623,0.527027027027027,0.527027027027027,31,29,8,6,74
high_low_half_penalty_0_6_0_2,low_is_c4,0.5334821428571428,0.6329113924050633,0.5952380952380952,0.6756756756756757,0.5405405405405406,0.6081081081081081,0.6081081081081081,25,17,20,12,74
high_low_half_penalty_0_6_0_2,low_is_c4,0.5357142857142858,0.6265060240963856,0.5652173913043478,0.7027027027027027,0.4594594594594595,0.581081081081081,0.5810810810810811,26,20,17,11,74
high_low_half_penalty_0_6_0_2,low_is_c4,0.5416666666666667,0.6265060240963856,0.5652173913043478,0.7027027027027027,0.4594594594594595,0.581081081081081,0.5810810810810811,26,20,17,11,74
high_low_half_penalty_0_6_0_2,high_is_c4,0.3337912087912088,0.62,0.49206349206349204,0.8378378378378378,0.13513513513513514,0.4864864864864865,0.4864864864864865,31,32,5,6,74
high_low_half_penalty_0_6_0_2,high_is_c4,0.3516483516483516,0.6122448979591837,0.4918032786885246,0.8108108108108109,0.16216216216216217,0.4864864864864865,0.4864864864864865,30,31,6,7,74
high_low_half_penalty_0_6_0_2,high_is_c4,0.37087912087912084,0.5979381443298969,0.48333333333333334,0.7837837837837838,0.16216216216216217,0.47297297297297297,0.47297297297297297,29,31,6,8,74
high_low_half_penalty_0_6_0_2,high_is_c4,0.4230769230769231,0.5957446808510638,0.49122807017543857,0.7567567567567568,0.21621621621621623,0.4864864864864865,0.4864864864864865,28,29,8,9,74
high_low_half_penalty_0_6_0_2,high_is_c4,0.4038461538461538,0.5894736842105263,0.4827586206896552,0.7567567567567568,0.1891891891891892,0.47297297297297297,0.472972972972973,28,30,7,9,74
high_low_half_penalty_0_6_0_2,high_is_c4,0.42582417582417587,0.5652173913043479,0.4727272727272727,0.7027027027027027,0.21621621621621623,0.4594594594594595,0.4594594594594595,26,29,8,11,74
high_low_half_penalty_0_6_0_2,low_is_c4,0.4642857142857143,0.5454545454545455,0.6206896551724138,0.4864864864864865,0.7027027027027027,0.5945945945945946,0.5945945945945946,18,11,26,19,74
high_low_half_penalty_0_6_0_2,low_is_c4,0.46651785714285715,0.5454545454545455,0.6206896551724138,0.4864864864864865,0.7027027027027027,0.5945945945945946,0.5945945945945946,18,11,26,19,74
high_low_half_penalty_0_6_0_2,high_is_c4,0.430952380952381,0.5393258426966292,0.46153846153846156,0.6486486486486487,0.24324324324324326,0.44594594594594594,0.44594594594594594,24,28,9,13,74
high_low_half_penalty_0_6_0_2,low_is_c4,0.47048611111111116,0.5373134328358209,0.6,0.4864864864864865,0.6756756756756757,0.581081081081081,0.5810810810810811,18,12,25,19,74
high_low_half_penalty_0_6_0_2,low_is_c4,0.48611111111111116,0.5294117647058824,0.5806451612903226,0.4864864864864865,0.6486486486486487,0.5675675675675675,0.5675675675675675,18,13,24,19,74
high_low_half_penalty_0_6_0_2,high_is_c4,0.4474358974358974,0.5227272727272727,0.45098039215686275,0.6216216216216216,0.24324324324324326,0.43243243243243246,0.43243243243243246,23,28,9,14,74
high_low_half_penalty_0_6_0_2,low_is_c4,0.46153846153846156,0.5161290322580645,0.64,0.43243243243243246,0.7567567567567568,0.5945945945945946,0.5945945945945946,16,9,28,21,74
high_low_half_penalty_0_6_0_2,low_is_c4,0.46291208791208793,0.5161290322580645,0.64,0.43243243243243246,0.7567567567567568,0.5945945945945946,0.5945945945945946,16,9,28,21,74
high_low_half_penalty_0_6_0_2,high_is_c4,0.46153846153846156,0.5057471264367815,0.44,0.5945945945945946,0.24324324324324326,0.4189189189189189,0.41891891891891897,22,28,9,15,74
high_low_half_penalty_0_6_0_2,high_is_c4,0.46291208791208793,0.4883720930232558,0.42857142857142855,0.5675675675675675,0.24324324324324326,0.40540540540540543,0.4054054054054054,21,28,9,16,74
high_low_half_penalty_0_6_0_2,high_is_c4,0.48611111111111116,0.47500000000000003,0.4418604651162791,0.5135135135135135,0.35135135135135137,0.43243243243243246,0.43243243243243246,19,24,13,18,74
high_low_half_penalty_0_6_0_2,high_is_c4,0.47048611111111116,0.46913580246913583,0.4318181818181818,0.5135135135135135,0.32432432432432434,0.4189189189189189,0.4189189189189189,19,25,12,18,74
high_low_half_penalty_0_6_0_2,low_is_c4,0.4474358974358974,0.4666666666666667,0.6086956521739131,0.3783783783783784,0.7567567567567568,0.5675675675675675,0.5675675675675675,14,9,28,23,74
high_low_half_penalty_0_6_0_2,high_is_c4,0.46651785714285715,0.4634146341463415,0.4222222222222222,0.5135135135135135,0.2972972972972973,0.40540540540540543,0.4054054054054054,19,26,11,18,74
high_low_half_penalty_0_6_0_2,high_is_c4,0.4642857142857143,0.4523809523809524,0.40425531914893614,0.5135135135135135,0.24324324324324326,0.3783783783783784,0.3783783783783784,19,28,9,18,74
high_low_half_penalty_0_6_0_2,low_is_c4,0.430952380952381,0.4406779661016949,0.5909090909090909,0.35135135135135137,0.7567567567567568,0.5540540540540541,0.5540540540540541,13,9,28,24,74
high_low_half_penalty_0_6_0_2,low_is_c4,0.42582417582417587,0.39285714285714285,0.5789473684210527,0.2972972972972973,0.7837837837837838,0.5405405405405406,0.5405405405405406,11,8,29,26,74
high_low_half_penalty_0_6_0_2,high_is_c4,0.5334821428571428,0.34782608695652173,0.375,0.32432432432432434,0.4594594594594595,0.3918918918918919,0.3918918918918919,12,20,17,25,74
high_low_half_penalty_0_6_0_2,high_is_c4,0.515625,0.34285714285714286,0.36363636363636365,0.32432432432432434,0.43243243243243246,0.3783783783783784,0.3783783783783784,12,21,16,25,74
high_low_half_penalty_0_6_0_2,low_is_c4,0.4038461538461538,0.339622641509434,0.5625,0.24324324324324326,0.8108108108108109,0.527027027027027,0.5270270270270271,9,7,30,28,74
high_low_half_penalty_0_6_0_2,high_is_c4,0.5416666666666667,0.3384615384615385,0.39285714285714285,0.2972972972972973,0.5405405405405406,0.4189189189189189,0.41891891891891897,11,17,20,26,74
high_low_half_penalty_0_6_0_2,low_is_c4,0.4230769230769231,0.33333333333333337,0.5294117647058824,0.24324324324324326,0.7837837837837838,0.5135135135135135,0.5135135135135135,9,8,29,28,74
high_low_half_penalty_0_6_0_2,high_is_c4,0.5357142857142858,0.33333333333333337,0.3793103448275862,0.2972972972972973,0.5135135135135135,0.40540540540540543,0.4054054054054054,11,18,19,26,74
high_low_half_penalty_0_6_0_2,low_is_c4,0.37087912087912084,0.3137254901960784,0.5714285714285714,0.21621621621621623,0.8378378378378378,0.527027027027027,0.527027027027027,8,6,31,29,74
high_low_half_penalty_0_6_0_2,high_is_c4,0.5595238095238095,0.3125,0.37037037037037035,0.2702702702702703,0.5405405405405406,0.40540540540540543,0.40540540540540543,10,17,20,27,74
high_low_half_penalty_0_6_0_2,low_is_c4,0.3516483516483516,0.28,0.5384615384615384,0.1891891891891892,0.8378378378378378,0.5135135135135135,0.5135135135135135,7,6,31,30,74
high_low_half_penalty_0_6_0_2,low_is_c4,0.3337912087912088,0.25,0.5454545454545454,0.16216216216216217,0.8648648648648649,0.5135135135135135,0.5135135135135136,6,5,32,31,74
high_low_half_penalty_0_6_0_2,high_is_c4,0.6243589743589744,0.23529411764705885,0.42857142857142855,0.16216216216216217,0.7837837837837838,0.47297297297297297,0.47297297297297297,6,8,29,31,74
high_low_half_penalty_0_6_0_2,high_is_c4,0.6112637362637363,0.2181818181818182,0.3333333333333333,0.16216216216216217,0.6756756756756757,0.4189189189189189,0.4189189189189189,6,12,25,31,74
high_low_half_penalty_0_6_0_2,high_is_c4,0.5920329670329672,0.21428571428571427,0.3157894736842105,0.16216216216216217,0.6486486486486487,0.40540540540540543,0.40540540540540543,6,13,24,31,74
high_low_half_penalty_0_6_0_2,low_is_c4,0.3214285714285714,0.21276595744680854,0.5,0.13513513513513514,0.8648648648648649,0.5,0.5,5,5,32,32,74
high_low_half_penalty_0_6_0_2,high_is_c4,0.5759615384615384,0.20689655172413793,0.2857142857142857,0.16216216216216217,0.5945945945945946,0.3783783783783784,0.3783783783783784,6,15,22,31,74
high_low_half_penalty_0_6_0_2,high_is_c4,0.5769230769230769,0.20689655172413793,0.2857142857142857,0.16216216216216217,0.5945945945945946,0.3783783783783784,0.3783783783783784,6,15,22,31,74
high_low_half_penalty_0_6_0_2,high_is_c4,0.5732142857142858,0.20338983050847456,0.2727272727272727,0.16216216216216217,0.5675675675675675,0.36486486486486486,0.36486486486486486,6,16,21,31,74
high_low_half_penalty_0_6_0_2,high_is_c4,0.638095238095238,0.2,0.38461538461538464,0.13513513513513514,0.7837837837837838,0.4594594594594595,0.45945945945945943,5,8,29,32,74
high_low_half_penalty_0_6_0_2,high_is_c4,0.6662087912087913,0.17391304347826086,0.4444444444444444,0.10810810810810811,0.8648648648648649,0.4864864864864865,0.4864864864864865,4,5,32,33,74
high_low_half_penalty_0_6_0_2,low_is_c4,0.31456043956043955,0.17391304347826086,0.4444444444444444,0.10810810810810811,0.8648648648648649,0.4864864864864865,0.4864864864864865,4,5,32,33,74
high_low_half_penalty_0_6_0_2,high_is_c4,0.6483516483516484,0.16666666666666669,0.36363636363636365,0.10810810810810811,0.8108108108108109,0.4594594594594595,0.4594594594594595,4,7,30,33,74
high_low_half_penalty_0_6_0_2,low_is_c4,0.2967032967032967,0.13953488372093023,0.5,0.08108108108108109,0.918918918918919,0.5,0.5,3,3,34,34,74
high_low_half_penalty_0_6_0_2,high_is_c4,0.6854395604395604,0.13333333333333333,0.375,0.08108108108108109,0.8648648648648649,0.47297297297297297,0.472972972972973,3,5,32,34,74
high_low_half_penalty_0_6_0_2,low_is_c4,0.267948717948718,0.10256410256410257,1.0,0.05405405405405406,1.0,0.527027027027027,0.527027027027027,2,0,37,35,74
high_low_half_penalty_0_6_0_2,low_is_c4,0.2774725274725275,0.0975609756097561,0.5,0.05405405405405406,0.9459459459459459,0.5,0.5,2,2,35,35,74
high_low_half_penalty_0_6_0_2,high_is_c4,0.7115384615384616,0.09302325581395349,0.3333333333333333,0.05405405405405406,0.8918918918918919,0.47297297297297297,0.47297297297297297,2,4,33,35,74
high_low_half_penalty_0_6_0_2,low_is_c4,0.15384615384615385,0.052631578947368425,1.0,0.02702702702702703,1.0,0.5135135135135135,0.5135135135135135,1,0,37,36,74
high_low_half_penalty_0_6_0_2,low_is_c4,0.2102564102564103,0.052631578947368425,1.0,0.02702702702702703,1.0,0.5135135135135135,0.5135135135135135,1,0,37,36,74
high_low_half_penalty_0_6_0_2,high_is_c4,0.7512820512820513,0.04878048780487805,0.25,0.02702702702702703,0.918918918918919,0.47297297297297297,0.472972972972973,1,3,34,36,74
high_low_half_penalty_0_6_0_2,high_is_c4,0.7320512820512821,0.047619047619047616,0.2,0.02702702702702703,0.8918918918918919,0.4594594594594595,0.45945945945945943,1,4,33,36,74
high_low_half_penalty_0_6_0_2,high_is_c4,0.8901098901098901,0.0,0.0,0.0,0.972972972972973,0.4864864864864865,0.4864864864864865,0,1,36,37,74
high_low_half_penalty_0_6_0_2,high_is_c4,0.9230769230769231,0.0,0.0,0.0,0.972972972972973,0.4864864864864865,0.4864864864864865,0,1,36,37,74
high_low_half_penalty_0_6_0_2,high_is_c4,0.8131868131868132,0.0,0.0,0.0,0.9459459459459459,0.47297297297297297,0.47297297297297297,0,2,35,37,74
high_low_half_penalty_0_6_0_3,low_is_c4,0.5595238095238095,0.6888888888888889,0.5849056603773585,0.8378378378378378,0.40540540540540543,0.6216216216216216,0.6216216216216216,31,22,15,6,74
high_low_half_penalty_0_6_0_3,low_is_c4,0.5357142857142858,0.6818181818181819,0.5882352941176471,0.8108108108108109,0.43243243243243246,0.6216216216216216,0.6216216216216217,30,21,16,7,74
high_low_half_penalty_0_6_0_3,low_is_c4,0.5370879120879122,0.6818181818181819,0.5882352941176471,0.8108108108108109,0.43243243243243246,0.6216216216216216,0.6216216216216217,30,21,16,7,74
high_low_half_penalty_0_6_0_3,low_is_c4,0.5732142857142858,0.6813186813186813,0.5740740740740741,0.8378378378378378,0.3783783783783784,0.6081081081081081,0.6081081081081081,31,23,14,6,74
high_low_half_penalty_0_6_0_3,low_is_c4,0.8131868131868132,0.6788990825688073,0.5138888888888888,1.0,0.05405405405405406,0.527027027027027,0.527027027027027,37,35,2,0,74
high_low_half_penalty_0_6_0_3,low_is_c4,0.543040293040293,0.6741573033707865,0.5769230769230769,0.8108108108108109,0.40540540540540543,0.6081081081081081,0.6081081081081081,30,22,15,7,74
high_low_half_penalty_0_6_0_3,low_is_c4,0.5759615384615384,0.6739130434782609,0.5636363636363636,0.8378378378378378,0.35135135135135137,0.5945945945945946,0.5945945945945946,31,24,13,6,74
high_low_half_penalty_0_6_0_3,high_is_c4,0.22252747252747254,0.6728971962616821,0.5142857142857142,0.972972972972973,0.08108108108108109,0.527027027027027,0.5270270270270271,36,34,3,1,74
high_low_half_penalty_0_6_0_3,low_is_c4,0.8708791208791209,0.6727272727272727,0.5068493150684932,1.0,0.02702702702702703,0.5135135135135135,0.5135135135135135,37,36,1,0,74
high_low_half_penalty_0_6_0_3,low_is_c4,0.5769230769230769,0.6666666666666666,0.5535714285714286,0.8378378378378378,0.32432432432432434,0.581081081081081,0.5810810810810811,31,25,12,6,74
high_low_half_penalty_0_6_0_3,high_is_c4,0.2032967032967033,0.6666666666666666,0.5070422535211268,0.972972972972973,0.05405405405405406,0.5135135135135135,0.5135135135135136,36,35,2,1,74
high_low_half_penalty_0_6_0_3,low_is_c4,0.75,0.6666666666666666,0.5070422535211268,0.972972972972973,0.05405405405405406,0.5135135135135135,0.5135135135135136,36,35,2,1,74
high_low_half_penalty_0_6_0_3,high_is_c4,0.11538461538461539,0.6666666666666666,0.5,1.0,0.0,0.5,0.5,37,37,0,0,74
high_low_half_penalty_0_6_0_3,low_is_c4,0.8846153846153847,0.6666666666666666,0.5,1.0,0.0,0.5,0.5,37,37,0,0,74
high_low_half_penalty_0_6_0_3,high_is_c4,0.23205128205128206,0.6666666666666665,0.5147058823529411,0.9459459459459459,0.10810810810810811,0.527027027027027,0.527027027027027,35,33,4,2,74
high_low_half_penalty_0_6_0_3,low_is_c4,0.6730769230769231,0.6666666666666665,0.5147058823529411,0.9459459459459459,0.10810810810810811,0.527027027027027,0.527027027027027,35,33,4,2,74
high_low_half_penalty_0_6_0_3,low_is_c4,0.6961538461538461,0.660377358490566,0.5072463768115942,0.9459459459459459,0.08108108108108109,0.5135135135135135,0.5135135135135135,35,34,3,2,74
high_low_half_penalty_0_6_0_3,low_is_c4,0.6483516483516484,0.6601941747572816,0.5151515151515151,0.918918918918919,0.13513513513513514,0.527027027027027,0.5270270270270271,34,32,5,3,74
high_low_half_penalty_0_6_0_3,high_is_c4,0.15384615384615385,0.6545454545454545,0.4931506849315068,0.972972972972973,0.0,0.4864864864864865,0.4864864864864865,36,37,0,1,74
high_low_half_penalty_0_6_0_3,low_is_c4,0.7153846153846154,0.6542056074766355,0.5,0.9459459459459459,0.05405405405405406,0.5,0.5,35,35,2,2,74
high_low_half_penalty_0_6_0_3,high_is_c4,0.24166666666666667,0.6538461538461539,0.5074626865671642,0.918918918918919,0.10810810810810811,0.5135135135135135,0.5135135135135136,34,33,4,3,74
high_low_half_penalty_0_6_0_3,low_is_c4,0.5961538461538463,0.6458333333333334,0.5254237288135594,0.8378378378378378,0.24324324324324326,0.5405405405405406,0.5405405405405406,31,28,9,6,74
high_low_half_penalty_0_6_0_3,high_is_c4,0.25,0.6407766990291263,0.5,0.8918918918918919,0.10810810810810811,0.5,0.5,33,33,4,4,74
high_low_half_penalty_0_6_0_3,low_is_c4,0.638095238095238,0.64,0.5079365079365079,0.8648648648648649,0.16216216216216217,0.5135135135135135,0.5135135135135136,32,31,6,5,74
high_low_half_penalty_0_6_0_3,low_is_c4,0.5178571428571428,0.6341463414634145,0.5777777777777777,0.7027027027027027,0.4864864864864865,0.5945945945945946,0.5945945945945946,26,19,18,11,74
high_low_half_penalty_0_6_0_3,high_is_c4,0.2774725274725275,0.6336633663366337,0.5,0.8648648648648649,0.13513513513513514,0.5,0.5,32,32,5,5,74
high_low_half_penalty_0_6_0_3,high_is_c4,0.33379120879120877,0.6326530612244898,0.5081967213114754,0.8378378378378378,0.1891891891891892,0.5135135135135135,0.5135135135135135,31,30,7,6,74
high_low_half_penalty_0_6_0_3,high_is_c4,0.25961538461538464,0.6274509803921569,0.49230769230769234,0.8648648648648649,0.10810810810810811,0.4864864864864865,0.4864864864864865,32,33,4,5,74
high_low_half_penalty_0_6_0_3,high_is_c4,0.31456043956043955,0.6262626262626263,0.5,0.8378378378378378,0.16216216216216217,0.5,0.5,31,31,6,6,74
high_low_half_penalty_0_6_0_3,low_is_c4,0.6243589743589744,0.6262626262626263,0.5,0.8378378378378378,0.16216216216216217,0.5,0.5,31,31,6,6,74
high_low_half_penalty_0_6_0_3,high_is_c4,0.2967032967032967,0.62,0.49206349206349204,0.8378378378378378,0.13513513513513514,0.4864864864864865,0.4864864864864865,31,32,5,6,74
high_low_half_penalty_0_6_0_3,high_is_c4,0.3516483516483516,0.6105263157894737,0.5,0.7837837837837838,0.21621621621621623,0.5,0.5,29,29,8,8,74
high_low_half_penalty_0_6_0_3,low_is_c4,0.4642857142857143,0.6052631578947368,0.5897435897435898,0.6216216216216216,0.5675675675675675,0.5945945945945946,0.5945945945945945,23,16,21,14,74
high_low_half_penalty_0_6_0_3,low_is_c4,0.46651785714285715,0.6052631578947368,0.5897435897435898,0.6216216216216216,0.5675675675675675,0.5945945945945946,0.5945945945945945,23,16,21,14,74
high_low_half_penalty_0_6_0_3,low_is_c4,0.484375,0.5974025974025973,0.575,0.6216216216216216,0.5405405405405406,0.581081081081081,0.5810810810810811,23,17,20,14,74
high_low_half_penalty_0_6_0_3,low_is_c4,0.46153846153846156,0.5945945945945946,0.5945945945945946,0.5945945945945946,0.5945945945945946,0.5945945945945946,0.5945945945945946,22,15,22,15,74
high_low_half_penalty_0_6_0_3,low_is_c4,0.46291208791208793,0.5945945945945946,0.5945945945945946,0.5945945945945946,0.5945945945945946,0.5945945945945946,0.5945945945945946,22,15,22,15,74
high_low_half_penalty_0_6_0_3,high_is_c4,0.3619047619047619,0.5806451612903226,0.48214285714285715,0.7297297297297297,0.21621621621621623,0.47297297297297297,0.47297297297297297,27,29,8,10,74
high_low_half_penalty_0_6_0_3,high_is_c4,0.40796703296703296,0.5777777777777777,0.49056603773584906,0.7027027027027027,0.2702702702702703,0.4864864864864865,0.4864864864864865,26,27,10,11,74
high_low_half_penalty_0_6_0_3,high_is_c4,0.3887362637362637,0.5714285714285714,0.48148148148148145,0.7027027027027027,0.24324324324324326,0.47297297297297297,0.472972972972973,26,28,9,11,74
high_low_half_penalty_0_6_0_3,high_is_c4,0.37564102564102564,0.5652173913043479,0.4727272727272727,0.7027027027027027,0.21621621621621623,0.4594594594594595,0.4594594594594595,26,29,8,11,74
high_low_half_penalty_0_6_0_3,high_is_c4,0.4230769230769231,0.5617977528089887,0.4807692307692308,0.6756756756756757,0.2702702702702703,0.47297297297297297,0.47297297297297297,25,27,10,12,74
high_low_half_penalty_0_6_0_3,low_is_c4,0.4285714285714286,0.5230769230769231,0.6071428571428571,0.4594594594594595,0.7027027027027027,0.581081081081081,0.5810810810810811,17,11,26,20,74
high_low_half_penalty_0_6_0_3,low_is_c4,0.4330357142857143,0.5230769230769231,0.6071428571428571,0.4594594594594595,0.7027027027027027,0.581081081081081,0.5810810810810811,17,11,26,20,74
high_low_half_penalty_0_6_0_3,low_is_c4,0.4409722222222222,0.5151515151515151,0.5862068965517241,0.4594594594594595,0.6756756756756757,0.5675675675675675,0.5675675675675675,17,12,25,20,74
high_low_half_penalty_0_6_0_3,high_is_c4,0.42582417582417587,0.5116279069767442,0.4489795918367347,0.5945945945945946,0.2702702702702703,0.43243243243243246,0.43243243243243246,22,27,10,15,74
high_low_half_penalty_0_6_0_3,low_is_c4,0.452991452991453,0.5074626865671642,0.5666666666666667,0.4594594594594595,0.6486486486486487,0.5540540540540541,0.5540540540540541,17,13,24,20,74
high_low_half_penalty_0_6_0_3,high_is_c4,0.452991452991453,0.49382716049382713,0.45454545454545453,0.5405405405405406,0.35135135135135137,0.44594594594594594,0.44594594594594594,20,24,13,17,74
high_low_half_penalty_0_6_0_3,high_is_c4,0.4409722222222222,0.4878048780487805,0.4444444444444444,0.5405405405405406,0.32432432432432434,0.43243243243243246,0.43243243243243246,20,25,12,17,74
high_low_half_penalty_0_6_0_3,low_is_c4,0.42582417582417587,0.48387096774193555,0.6,0.40540540540540543,0.7297297297297297,0.5675675675675675,0.5675675675675675,15,10,27,22,74
high_low_half_penalty_0_6_0_3,high_is_c4,0.4330357142857143,0.4819277108433735,0.43478260869565216,0.5405405405405406,0.2972972972972973,0.4189189189189189,0.41891891891891897,20,26,11,17,74
high_low_half_penalty_0_6_0_3,high_is_c4,0.4285714285714286,0.4761904761904763,0.425531914893617,0.5405405405405406,0.2702702702702703,0.40540540540540543,0.40540540540540543,20,27,10,17,74
high_low_half_penalty_0_6_0_3,high_is_c4,0.46153846153846156,0.42105263157894735,0.41025641025641024,0.43243243243243246,0.3783783783783784,0.40540540540540543,0.40540540540540543,16,23,14,21,74
high_low_half_penalty_0_6_0_3,low_is_c4,0.4230769230769231,0.4067796610169491,0.5454545454545454,0.32432432432432434,0.7297297297297297,0.527027027027027,0.527027027027027,12,10,27,25,74
high_low_half_penalty_0_6_0_3,high_is_c4,0.46291208791208793,0.40540540540540543,0.40540540540540543,0.40540540540540543,0.40540540540540543,0.40540540540540543,0.40540540540540543,15,22,15,22,74
high_low_half_penalty_0_6_0_3,high_is_c4,0.484375,0.39436619718309857,0.4117647058823529,0.3783783783783784,0.4594594594594595,0.4189189189189189,0.41891891891891897,14,20,17,23,74
high_low_half_penalty_0_6_0_3,low_is_c4,0.37564102564102564,0.39285714285714285,0.5789473684210527,0.2972972972972973,0.7837837837837838,0.5405405405405406,0.5405405405405406,11,8,29,26,74
high_low_half_penalty_0_6_0_3,high_is_c4,0.46651785714285715,0.3888888888888889,0.4,0.3783783783783784,0.43243243243243246,0.40540540540540543,0.40540540540540543,14,21,16,23,74
high_low_half_penalty_0_6_0_3,low_is_c4,0.3887362637362637,0.38596491228070173,0.55,0.2972972972972973,0.7567567567567568,0.527027027027027,0.5270270270270271,11,9,28,26,74
high_low_half_penalty_0_6_0_3,high_is_c4,0.4642857142857143,0.3835616438356164,0.3888888888888889,0.3783783783783784,0.40540540540540543,0.3918918918918919,0.3918918918918919,14,22,15,23,74
high_low_half_penalty_0_6_0_3,low_is_c4,0.40796703296703296,0.37931034482758624,0.5238095238095238,0.2972972972972973,0.7297297297297297,0.5135135135135135,0.5135135135135135,11,10,27,26,74
high_low_half_penalty_0_6_0_3,low_is_c4,0.3619047619047619,0.36363636363636365,0.5555555555555556,0.2702702702702703,0.7837837837837838,0.527027027027027,0.527027027027027,10,8,29,27,74
high_low_half_penalty_0_6_0_3,high_is_c4,0.5178571428571428,0.33333333333333337,0.3793103448275862,0.2972972972972973,0.5135135135135135,0.40540540540540543,0.4054054054054054,11,18,19,26,74
high_low_half_penalty_0_6_0_3,high_is_c4,0.5357142857142858,0.3076923076923077,0.35714285714285715,0.2702702702702703,0.5135135135135135,0.3918918918918919,0.3918918918918919,10,18,19,27,74
high_low_half_penalty_0_6_0_3,low_is_c4,0.3516483516483516,0.3018867924528302,0.5,0.21621621621621623,0.7837837837837838,0.5,0.5,8,8,29,29,74
high_low_half_penalty_0_6_0_3,low_is_c4,0.2967032967032967,0.25,0.5454545454545454,0.16216216216216217,0.8648648648648649,0.5135135135135135,0.5135135135135136,6,5,32,31,74
high_low_half_penalty_0_6_0_3,high_is_c4,0.6243589743589744,0.2448979591836735,0.5,0.16216216216216217,0.8378378378378378,0.5,0.5,6,6,31,31,74
high_low_half_penalty_0_6_0_3,low_is_c4,0.31456043956043955,0.2448979591836735,0.5,0.16216216216216217,0.8378378378378378,0.5,0.5,6,6,31,31,74
high_low_half_penalty_0_6_0_3,low_is_c4,0.33379120879120877,0.24,0.46153846153846156,0.16216216216216217,0.8108108108108109,0.4864864864864865,0.4864864864864865,6,7,30,31,74
high_low_half_penalty_0_6_0_3,high_is_c4,0.543040293040293,0.23728813559322035,0.3181818181818182,0.1891891891891892,0.5945945945945946,0.3918918918918919,0.3918918918918919,7,15,22,30,74
high_low_half_penalty_0_6_0_3,high_is_c4,0.5370879120879122,0.23333333333333334,0.30434782608695654,0.1891891891891892,0.5675675675675675,0.3783783783783784,0.3783783783783784,7,16,21,30,74
high_low_half_penalty_0_6_0_3,high_is_c4,0.5961538461538463,0.23076923076923078,0.4,0.16216216216216217,0.7567567567567568,0.4594594594594595,0.4594594594594595,6,9,28,31,74
high_low_half_penalty_0_6_0_3,low_is_c4,0.25,0.2173913043478261,0.5555555555555556,0.13513513513513514,0.8918918918918919,0.5135135135135135,0.5135135135135135,5,4,33,32,74
high_low_half_penalty_0_6_0_3,low_is_c4,0.25961538461538464,0.2173913043478261,0.5555555555555556,0.13513513513513514,0.8918918918918919,0.5135135135135135,0.5135135135135135,5,4,33,32,74
high_low_half_penalty_0_6_0_3,high_is_c4,0.5759615384615384,0.21428571428571427,0.3157894736842105,0.16216216216216217,0.6486486486486487,0.40540540540540543,0.40540540540540543,6,13,24,31,74
high_low_half_penalty_0_6_0_3,high_is_c4,0.5769230769230769,0.21428571428571427,0.3157894736842105,0.16216216216216217,0.6486486486486487,0.40540540540540543,0.40540540540540543,6,13,24,31,74
high_low_half_penalty_0_6_0_3,low_is_c4,0.2774725274725275,0.21276595744680854,0.5,0.13513513513513514,0.8648648648648649,0.5,0.5,5,5,32,32,74
high_low_half_penalty_0_6_0_3,high_is_c4,0.5732142857142858,0.2105263157894737,0.3,0.16216216216216217,0.6216216216216216,0.3918918918918919,0.3918918918918919,6,14,23,31,74
high_low_half_penalty_0_6_0_3,high_is_c4,0.638095238095238,0.20833333333333334,0.45454545454545453,0.13513513513513514,0.8378378378378378,0.4864864864864865,0.4864864864864865,5,6,31,32,74
high_low_half_penalty_0_6_0_3,high_is_c4,0.5595238095238095,0.20689655172413793,0.2857142857142857,0.16216216216216217,0.5945945945945946,0.3783783783783784,0.3783783783783784,6,15,22,31,74
high_low_half_penalty_0_6_0_3,low_is_c4,0.24166666666666667,0.13636363636363638,0.42857142857142855,0.08108108108108109,0.8918918918918919,0.4864864864864865,0.4864864864864865,3,4,33,34,74
high_low_half_penalty_0_6_0_3,high_is_c4,0.6483516483516484,0.13333333333333333,0.375,0.08108108108108109,0.8648648648648649,0.47297297297297297,0.472972972972973,3,5,32,34,74
high_low_half_penalty_0_6_0_3,high_is_c4,0.7153846153846154,0.0975609756097561,0.5,0.05405405405405406,0.9459459459459459,0.5,0.5,2,2,35,35,74
high_low_half_penalty_0_6_0_3,high_is_c4,0.6961538461538461,0.09523809523809523,0.4,0.05405405405405406,0.918918918918919,0.4864864864864865,0.4864864864864865,2,3,34,35,74
high_low_half_penalty_0_6_0_3,high_is_c4,0.6730769230769231,0.09302325581395349,0.3333333333333333,0.05405405405405406,0.8918918918918919,0.47297297297297297,0.47297297297297297,2,4,33,35,74
high_low_half_penalty_0_6_0_3,low_is_c4,0.23205128205128206,0.09302325581395349,0.3333333333333333,0.05405405405405406,0.8918918918918919,0.47297297297297297,0.47297297297297297,2,4,33,35,74
high_low_half_penalty_0_6_0_3,low_is_c4,0.11538461538461539,0.052631578947368425,1.0,0.02702702702702703,1.0,0.5135135135135135,0.5135135135135135,1,0,37,36,74
high_low_half_penalty_0_6_0_3,low_is_c4,0.15384615384615385,0.052631578947368425,1.0,0.02702702702702703,1.0,0.5135135135135135,0.5135135135135135,1,0,37,36,74
high_low_half_penalty_0_6_0_3,high_is_c4,0.75,0.05,0.3333333333333333,0.02702702702702703,0.9459459459459459,0.4864864864864865,0.4864864864864865,1,2,35,36,74
high_low_half_penalty_0_6_0_3,low_is_c4,0.2032967032967033,0.05,0.3333333333333333,0.02702702702702703,0.9459459459459459,0.4864864864864865,0.4864864864864865,1,2,35,36,74
high_low_half_penalty_0_6_0_3,low_is_c4,0.22252747252747254,0.04878048780487805,0.25,0.02702702702702703,0.918918918918919,0.47297297297297297,0.472972972972973,1,3,34,36,74
high_low_half_penalty_0_6_0_3,high_is_c4,0.8708791208791209,0.0,0.0,0.0,0.972972972972973,0.4864864864864865,0.4864864864864865,0,1,36,37,74
high_low_half_penalty_0_6_0_3,high_is_c4,0.8846153846153847,0.0,0.0,0.0,0.972972972972973,0.4864864864864865,0.4864864864864865,0,1,36,37,74
high_low_half_penalty_0_6_0_3,high_is_c4,0.8131868131868132,0.0,0.0,0.0,0.9459459459459459,0.47297297297297297,0.47297297297297297,0,2,35,37,74
high_low_half_penalty_0_6_0_4,low_is_c4,0.5244047619047618,0.6818181818181819,0.5882352941176471,0.8108108108108109,0.43243243243243246,0.6216216216216216,0.6216216216216217,30,21,16,7,74
high_low_half_penalty_0_6_0_4,low_is_c4,0.5370879120879122,0.6813186813186813,0.5740740740740741,0.8378378378378378,0.3783783783783784,0.6081081081081081,0.6081081081081081,31,23,14,6,74
high_low_half_penalty_0_6_0_4,low_is_c4,0.8131868131868132,0.6788990825688073,0.5138888888888888,1.0,0.05405405405405406,0.527027027027027,0.527027027027027,37,35,2,0,74
high_low_half_penalty_0_6_0_4,low_is_c4,0.530357142857143,0.6741573033707865,0.5769230769230769,0.8108108108108109,0.40540540540540543,0.6081081081081081,0.6081081081081081,30,22,15,7,74
high_low_half_penalty_0_6_0_4,low_is_c4,0.8708791208791209,0.6727272727272727,0.5068493150684932,1.0,0.02702702702702703,0.5135135135135135,0.5135135135135135,37,36,1,0,74
high_low_half_penalty_0_6_0_4,low_is_c4,0.5119047619047619,0.6666666666666666,0.58,0.7837837837837838,0.43243243243243246,0.6081081081081081,0.6081081081081081,29,21,16,8,74
high_low_half_penalty_0_6_0_4,low_is_c4,0.5384615384615385,0.6666666666666666,0.5535714285714286,0.8378378378378378,0.32432432432432434,0.581081081081081,0.5810810810810811,31,25,12,6,74
high_low_half_penalty_0_6_0_4,low_is_c4,0.554945054945055,0.6666666666666666,0.5535714285714286,0.8378378378378378,0.32432432432432434,0.581081081081081,0.5810810810810811,31,25,12,6,74
high_low_half_penalty_0_6_0_4,low_is_c4,0.7307692307692308,0.6666666666666666,0.5070422535211268,0.972972972972973,0.05405405405405406,0.5135135135135135,0.5135135135135136,36,35,2,1,74
high_low_half_penalty_0_6_0_4,high_is_c4,0.07692307692307693,0.6666666666666666,0.5,1.0,0.0,0.5,0.5,37,37,0,0,74
high_low_half_penalty_0_6_0_4,low_is_c4,0.8846153846153847,0.6666666666666666,0.5,1.0,0.0,0.5,0.5,37,37,0,0,74
high_low_half_penalty_0_6_0_4,high_is_c4,0.1662087912087912,0.660377358490566,0.5072463768115942,0.9459459459459459,0.08108108108108109,0.5135135135135135,0.5135135135135135,35,34,3,2,74
high_low_half_penalty_0_6_0_4,low_is_c4,0.5741758241758241,0.6595744680851063,0.543859649122807,0.8378378378378378,0.2972972972972973,0.5675675675675675,0.5675675675675675,31,26,11,6,74
high_low_half_penalty_0_6_0_4,high_is_c4,0.1098901098901099,0.6545454545454545,0.4931506849315068,0.972972972972973,0.0,0.4864864864864865,0.4864864864864865,36,37,0,1,74
high_low_half_penalty_0_6_0_4,low_is_c4,0.6730769230769231,0.6542056074766355,0.5,0.9459459459459459,0.05405405405405406,0.5,0.5,35,35,2,2,74
high_low_half_penalty_0_6_0_4,low_is_c4,0.6483516483516484,0.6538461538461539,0.5074626865671642,0.918918918918919,0.10810810810810811,0.5135135135135135,0.5135135135135136,34,33,4,3,74
high_low_half_penalty_0_6_0_4,high_is_c4,0.14835164835164838,0.6481481481481483,0.49295774647887325,0.9459459459459459,0.02702702702702703,0.4864864864864865,0.4864864864864865,35,36,1,2,74
high_low_half_penalty_0_6_0_4,high_is_c4,0.18543956043956045,0.6476190476190476,0.5,0.918918918918919,0.08108108108108109,0.5,0.5,34,34,3,3,74
high_low_half_penalty_0_6_0_4,low_is_c4,0.6202380952380953,0.6470588235294117,0.5076923076923077,0.8918918918918919,0.13513513513513514,0.5135135135135135,0.5135135135135135,33,32,5,4,74
high_low_half_penalty_0_6_0_4,low_is_c4,0.4642857142857143,0.6419753086419754,0.5909090909090909,0.7027027027027027,0.5135135135135135,0.6081081081081081,0.6081081081081081,26,18,19,11,74
high_low_half_penalty_0_6_0_4,low_is_c4,0.46651785714285715,0.6419753086419754,0.5909090909090909,0.7027027027027027,0.5135135135135135,0.6081081081081081,0.6081081081081081,26,18,19,11,74
high_low_half_penalty_0_6_0_4,high_is_c4,0.19615384615384618,0.6407766990291263,0.5,0.8918918918918919,0.10810810810810811,0.5,0.5,33,33,4,4,74
high_low_half_penalty_0_6_0_4,low_is_c4,0.638095238095238,0.6407766990291263,0.5,0.8918918918918919,0.10810810810810811,0.5,0.5,33,33,4,4,74
high_low_half_penalty_0_6_0_4,low_is_c4,0.6035714285714286,0.64,0.5079365079365079,0.8648648648648649,0.16216216216216217,0.5135135135135135,0.5135135135135136,32,31,6,5,74
high_low_half_penalty_0_6_0_4,low_is_c4,0.5769230769230769,0.6391752577319588,0.5166666666666667,0.8378378378378378,0.21621621621621623,0.527027027027027,0.527027027027027,31,29,8,6,74
high_low_half_penalty_0_6_0_4,low_is_c4,0.484375,0.6341463414634145,0.5777777777777777,0.7027027027027027,0.4864864864864865,0.5945945945945946,0.5945945945945946,26,19,18,11,74
high_low_half_penalty_0_6_0_4,high_is_c4,0.2153846153846154,0.6274509803921569,0.49230769230769234,0.8648648648648649,0.10810810810810811,0.4864864864864865,0.4864864864864865,32,33,4,5,74
high_low_half_penalty_0_6_0_4,low_is_c4,0.5884615384615385,0.6262626262626263,0.5,0.8378378378378378,0.16216216216216217,0.5,0.5,31,31,6,6,74
high_low_half_penalty_0_6_0_4,high_is_c4,0.24038461538461536,0.62,0.49206349206349204,0.8378378378378378,0.13513513513513514,0.4864864864864865,0.4864864864864865,31,32,5,6,74
high_low_half_penalty_0_6_0_4,high_is_c4,0.2774725274725275,0.6185567010309277,0.5,0.8108108108108109,0.1891891891891892,0.5,0.5,30,30,7,7,74
high_low_half_penalty_0_6_0_4,high_is_c4,0.3076923076923077,0.6170212765957447,0.5087719298245614,0.7837837837837838,0.24324324324324326,0.5135135135135135,0.5135135135135135,29,28,9,8,74
high_low_half_penalty_0_6_0_4,low_is_c4,0.46153846153846156,0.6153846153846153,0.5853658536585366,0.6486486486486487,0.5405405405405406,0.5945945945945946,0.5945945945945946,24,17,20,13,74
high_low_half_penalty_0_6_0_4,low_is_c4,0.46291208791208793,0.6153846153846153,0.5853658536585366,0.6486486486486487,0.5405405405405406,0.5945945945945946,0.5945945945945946,24,17,20,13,74
high_low_half_penalty_0_6_0_4,high_is_c4,0.25961538461538464,0.6122448979591837,0.4918032786885246,0.8108108108108109,0.16216216216216217,0.4864864864864865,0.4864864864864865,30,31,6,7,74
high_low_half_penalty_0_6_0_4,low_is_c4,0.4230769230769231,0.611111111111111,0.6285714285714286,0.5945945945945946,0.6486486486486487,0.6216216216216216,0.6216216216216217,22,13,24,15,74
high_low_half_penalty_0_6_0_4,high_is_c4,0.29670329670329665,0.6105263157894737,0.5,0.7837837837837838,0.21621621621621623,0.5,0.5,29,29,8,8,74
high_low_half_penalty_0_6_0_4,low_is_c4,0.42582417582417587,0.6027397260273972,0.6111111111111112,0.5945945945945946,0.6216216216216216,0.6081081081081081,0.6081081081081081,22,14,23,15,74
high_low_half_penalty_0_6_0_4,low_is_c4,0.4330357142857143,0.5945945945945946,0.5945945945945946,0.5945945945945946,0.5945945945945946,0.5945945945945946,0.5945945945945946,22,15,22,15,74
high_low_half_penalty_0_6_0_4,high_is_c4,0.3269230769230769,0.5869565217391305,0.4909090909090909,0.7297297297297297,0.24324324324324326,0.4864864864864865,0.4864864864864865,27,28,9,10,74
high_low_half_penalty_0_6_0_4,low_is_c4,0.4495192307692307,0.5866666666666667,0.5789473684210527,0.5945945945945946,0.5675675675675675,0.581081081081081,0.5810810810810811,22,16,21,15,74
high_low_half_penalty_0_6_0_4,low_is_c4,0.4079670329670329,0.5797101449275363,0.625,0.5405405405405406,0.6756756756756757,0.6081081081081081,0.6081081081081081,20,12,25,17,74
high_low_half_penalty_0_6_0_4,high_is_c4,0.3516483516483516,0.5714285714285714,0.48148148148148145,0.7027027027027027,0.24324324324324326,0.47297297297297297,0.472972972972973,26,28,9,11,74
high_low_half_penalty_0_6_0_4,high_is_c4,0.3571428571428571,0.5714285714285714,0.48148148148148145,0.7027027027027027,0.24324324324324326,0.47297297297297297,0.472972972972973,26,28,9,11,74
high_low_half_penalty_0_6_0_4,low_is_c4,0.3867521367521368,0.5454545454545455,0.6206896551724138,0.4864864864864865,0.7027027027027027,0.5945945945945946,0.5945945945945946,18,11,26,19,74
high_low_half_penalty_0_6_0_4,high_is_c4,0.36190476190476195,0.5454545454545454,0.47058823529411764,0.6486486486486487,0.2702702702702703,0.4594594594594595,0.4594594594594595,24,27,10,13,74
high_low_half_penalty_0_6_0_4,low_is_c4,0.39087301587301587,0.5373134328358209,0.6,0.4864864864864865,0.6756756756756757,0.581081081081081,0.5810810810810811,18,12,25,19,74
high_low_half_penalty_0_6_0_4,high_is_c4,0.37564102564102564,0.5287356321839081,0.46,0.6216216216216216,0.2702702702702703,0.44594594594594594,0.44594594594594594,23,27,10,14,74
high_low_half_penalty_0_6_0_4,high_is_c4,0.3846153846153846,0.5287356321839081,0.46,0.6216216216216216,0.2702702702702703,0.44594594594594594,0.44594594594594594,23,27,10,14,74
high_low_half_penalty_0_6_0_4,low_is_c4,0.3846153846153846,0.5230769230769231,0.6071428571428571,0.4594594594594595,0.7027027027027027,0.581081081081081,0.5810810810810811,17,11,26,20,74
high_low_half_penalty_0_6_0_4,high_is_c4,0.39087301587301587,0.46913580246913583,0.4318181818181818,0.5135135135135135,0.32432432432432434,0.4189189189189189,0.4189189189189189,19,25,12,18,74
high_low_half_penalty_0_6_0_4,high_is_c4,0.3867521367521368,0.4634146341463415,0.4222222222222222,0.5135135135135135,0.2972972972972973,0.40540540540540543,0.4054054054054054,19,26,11,18,74
high_low_half_penalty_0_6_0_4,low_is_c4,0.37564102564102564,0.45901639344262296,0.5833333333333334,0.3783783783783784,0.7297297297297297,0.5540540540540541,0.5540540540540541,14,10,27,23,74
high_low_half_penalty_0_6_0_4,low_is_c4,0.3571428571428571,0.4406779661016949,0.5909090909090909,0.35135135135135137,0.7567567567567568,0.5540540540540541,0.5540540540540541,13,9,28,24,74
high_low_half_penalty_0_6_0_4,low_is_c4,0.36190476190476195,0.43333333333333335,0.5652173913043478,0.35135135135135137,0.7297297297297297,0.5405405405405406,0.5405405405405406,13,10,27,24,74
high_low_half_penalty_0_6_0_4,high_is_c4,0.4079670329670329,0.430379746835443,0.40476190476190477,0.4594594594594595,0.32432432432432434,0.3918918918918919,0.3918918918918919,17,25,12,20,74
high_low_half_penalty_0_6_0_4,high_is_c4,0.4495192307692307,0.4109589041095891,0.4166666666666667,0.40540540540540543,0.43243243243243246,0.4189189189189189,0.41891891891891897,15,21,16,22,74
high_low_half_penalty_0_6_0_4,high_is_c4,0.4330357142857143,0.40540540540540543,0.40540540540540543,0.40540540540540543,0.40540540540540543,0.40540540540540543,0.40540540540540543,15,22,15,22,74
high_low_half_penalty_0_6_0_4,high_is_c4,0.42582417582417587,0.4,0.39473684210526316,0.40540540540540543,0.3783783783783784,0.3918918918918919,0.3918918918918919,15,23,14,22,74
high_low_half_penalty_0_6_0_4,high_is_c4,0.4230769230769231,0.39473684210526316,0.38461538461538464,0.40540540540540543,0.35135135135135137,0.3783783783783784,0.3783783783783784,15,24,13,22,74
high_low_half_penalty_0_6_0_4,high_is_c4,0.46153846153846156,0.3888888888888889,0.4,0.3783783783783784,0.43243243243243246,0.40540540540540543,0.40540540540540543,14,21,16,23,74
high_low_half_penalty_0_6_0_4,low_is_c4,0.3516483516483516,0.38596491228070173,0.55,0.2972972972972973,0.7567567567567568,0.527027027027027,0.5270270270270271,11,9,28,26,74
high_low_half_penalty_0_6_0_4,high_is_c4,0.4642857142857143,0.37681159420289856,0.40625,0.35135135135135137,0.4864864864864865,0.4189189189189189,0.41891891891891897,13,19,18,24,74
high_low_half_penalty_0_6_0_4,high_is_c4,0.46291208791208793,0.37142857142857144,0.3939393939393939,0.35135135135135137,0.4594594594594595,0.40540540540540543,0.40540540540540543,13,20,17,24,74
high_low_half_penalty_0_6_0_4,low_is_c4,0.3076923076923077,0.35714285714285715,0.5263157894736842,0.2702702702702703,0.7567567567567568,0.5135135135135135,0.5135135135135136,10,9,28,27,74
high_low_half_penalty_0_6_0_4,low_is_c4,0.3269230769230769,0.35714285714285715,0.5263157894736842,0.2702702702702703,0.7567567567567568,0.5135135135135135,0.5135135135135136,10,9,28,27,74
high_low_half_penalty_0_6_0_4,high_is_c4,0.484375,0.33333333333333337,0.3793103448275862,0.2972972972972973,0.5135135135135135,0.40540540540540543,0.4054054054054054,11,18,19,26,74
high_low_half_penalty_0_6_0_4,high_is_c4,0.46651785714285715,0.3283582089552239,0.36666666666666664,0.2972972972972973,0.4864864864864865,0.3918918918918919,0.3918918918918919,11,19,18,26,74
high_low_half_penalty_0_6_0_4,low_is_c4,0.29670329670329665,0.3018867924528302,0.5,0.21621621621621623,0.7837837837837838,0.5,0.5,8,8,29,29,74
high_low_half_penalty_0_6_0_4,low_is_c4,0.25961538461538464,0.28,0.5384615384615384,0.1891891891891892,0.8378378378378378,0.5135135135135135,0.5135135135135135,7,6,31,30,74
high_low_half_penalty_0_6_0_4,low_is_c4,0.2774725274725275,0.2745098039215686,0.5,0.1891891891891892,0.8108108108108109,0.5,0.5,7,7,30,30,74
high_low_half_penalty_0_6_0_4,high_is_c4,0.5119047619047619,0.26229508196721313,0.3333333333333333,0.21621621621621623,0.5675675675675675,0.3918918918918919,0.3918918918918919,8,16,21,29,74
high_low_half_penalty_0_6_0_4,low_is_c4,0.24038461538461536,0.25,0.5454545454545454,0.16216216216216217,0.8648648648648649,0.5135135135135135,0.5135135135135136,6,5,32,31,74
high_low_half_penalty_0_6_0_4,high_is_c4,0.5884615384615385,0.2448979591836735,0.5,0.16216216216216217,0.8378378378378378,0.5,0.5,6,6,31,31,74
high_low_half_penalty_0_6_0_4,high_is_c4,0.530357142857143,0.23728813559322035,0.3181818181818182,0.1891891891891892,0.5945945945945946,0.3918918918918919,0.3918918918918919,7,15,22,30,74
high_low_half_penalty_0_6_0_4,high_is_c4,0.5244047619047618,0.23333333333333334,0.30434782608695654,0.1891891891891892,0.5675675675675675,0.3783783783783784,0.3783783783783784,7,16,21,30,74
high_low_half_penalty_0_6_0_4,high_is_c4,0.5741758241758241,0.22222222222222227,0.35294117647058826,0.16216216216216217,0.7027027027027027,0.43243243243243246,0.43243243243243246,6,11,26,31,74
high_low_half_penalty_0_6_0_4,high_is_c4,0.5769230769230769,0.22222222222222227,0.35294117647058826,0.16216216216216217,0.7027027027027027,0.43243243243243246,0.43243243243243246,6,11,26,31,74
high_low_half_penalty_0_6_0_4,high_is_c4,0.554945054945055,0.2181818181818182,0.3333333333333333,0.16216216216216217,0.6756756756756757,0.4189189189189189,0.4189189189189189,6,12,25,31,74
high_low_half_penalty_0_6_0_4,low_is_c4,0.2153846153846154,0.2173913043478261,0.5555555555555556,0.13513513513513514,0.8918918918918919,0.5135135135135135,0.5135135135135135,5,4,33,32,74
high_low_half_penalty_0_6_0_4,high_is_c4,0.5384615384615385,0.21428571428571427,0.3157894736842105,0.16216216216216217,0.6486486486486487,0.40540540540540543,0.40540540540540543,6,13,24,31,74
high_low_half_penalty_0_6_0_4,high_is_c4,0.5370879120879122,0.2105263157894737,0.3,0.16216216216216217,0.6216216216216216,0.3918918918918919,0.3918918918918919,6,14,23,31,74
high_low_half_penalty_0_6_0_4,high_is_c4,0.6035714285714286,0.20833333333333334,0.45454545454545453,0.13513513513513514,0.8378378378378378,0.4864864864864865,0.4864864864864865,5,6,31,32,74
high_low_half_penalty_0_6_0_4,high_is_c4,0.638095238095238,0.17777777777777778,0.5,0.10810810810810811,0.8918918918918919,0.5,0.5,4,4,33,33,74
high_low_half_penalty_0_6_0_4,low_is_c4,0.19615384615384618,0.17777777777777778,0.5,0.10810810810810811,0.8918918918918919,0.5,0.5,4,4,33,33,74
high_low_half_penalty_0_6_0_4,high_is_c4,0.6202380952380953,0.17391304347826086,0.4444444444444444,0.10810810810810811,0.8648648648648649,0.4864864864864865,0.4864864864864865,4,5,32,33,74
high_low_half_penalty_0_6_0_4,low_is_c4,0.18543956043956045,0.13953488372093023,0.5,0.08108108108108109,0.918918918918919,0.5,0.5,3,3,34,34,74
high_low_half_penalty_0_6_0_4,high_is_c4,0.6483516483516484,0.13636363636363638,0.42857142857142855,0.08108108108108109,0.8918918918918919,0.4864864864864865,0.4864864864864865,3,4,33,34,74
high_low_half_penalty_0_6_0_4,low_is_c4,0.14835164835164838,0.1,0.6666666666666666,0.05405405405405406,0.972972972972973,0.5135135135135135,0.5135135135135136,2,1,36,35,74
high_low_half_penalty_0_6_0_4,high_is_c4,0.6730769230769231,0.0975609756097561,0.5,0.05405405405405406,0.9459459459459459,0.5,0.5,2,2,35,35,74
high_low_half_penalty_0_6_0_4,low_is_c4,0.1662087912087912,0.09523809523809523,0.4,0.05405405405405406,0.918918918918919,0.4864864864864865,0.4864864864864865,2,3,34,35,74
high_low_half_penalty_0_6_0_4,low_is_c4,0.07692307692307693,0.052631578947368425,1.0,0.02702702702702703,1.0,0.5135135135135135,0.5135135135135135,1,0,37,36,74
high_low_half_penalty_0_6_0_4,low_is_c4,0.1098901098901099,0.052631578947368425,1.0,0.02702702702702703,1.0,0.5135135135135135,0.5135135135135135,1,0,37,36,74
high_low_half_penalty_0_6_0_4,high_is_c4,0.7307692307692308,0.05,0.3333333333333333,0.02702702702702703,0.9459459459459459,0.4864864864864865,0.4864864864864865,1,2,35,36,74
high_low_half_penalty_0_6_0_4,high_is_c4,0.8708791208791209,0.0,0.0,0.0,0.972972972972973,0.4864864864864865,0.4864864864864865,0,1,36,37,74
high_low_half_penalty_0_6_0_4,high_is_c4,0.8846153846153847,0.0,0.0,0.0,0.972972972972973,0.4864864864864865,0.4864864864864865,0,1,36,37,74
high_low_half_penalty_0_6_0_4,high_is_c4,0.8131868131868132,0.0,0.0,0.0,0.9459459459459459,0.47297297297297297,0.47297297297297297,0,2,35,37,74
high_low_half_penalty_0_7_0_2,low_is_c4,0.5178571428571428,0.7070707070707071,0.5645161290322581,0.9459459459459459,0.2702702702702703,0.6081081081081081,0.6081081081081081,35,27,10,2,74
high_low_half_penalty_0_7_0_2,low_is_c4,0.5357142857142858,0.6930693069306929,0.546875,0.9459459459459459,0.21621621621621623,0.581081081081081,0.5810810810810811,35,29,8,2,74
high_low_half_penalty_0_7_0_2,low_is_c4,0.5370879120879122,0.6930693069306929,0.546875,0.9459459459459459,0.21621621621621623,0.581081081081081,0.5810810810810811,35,29,8,2,74
high_low_half_penalty_0_7_0_2,low_is_c4,0.5857142857142857,0.691588785046729,0.5285714285714286,1.0,0.10810810810810811,0.5540540540540541,0.5540540540540541,37,33,4,0,74
high_low_half_penalty_0_7_0_2,low_is_c4,0.5595238095238095,0.6857142857142857,0.5294117647058824,0.972972972972973,0.13513513513513514,0.5540540540540541,0.5540540540540541,36,32,5,1,74
high_low_half_penalty_0_7_0_2,low_is_c4,0.6076923076923078,0.6851851851851851,0.5211267605633803,1.0,0.08108108108108109,0.5405405405405406,0.5405405405405406,37,34,3,0,74
high_low_half_penalty_0_7_0_2,low_is_c4,0.6291208791208791,0.6788990825688073,0.5138888888888888,1.0,0.05405405405405406,0.527027027027027,0.527027027027027,37,35,2,0,74
high_low_half_penalty_0_7_0_2,low_is_c4,0.5384615384615385,0.673076923076923,0.5223880597014925,0.9459459459459459,0.13513513513513514,0.5405405405405406,0.5405405405405406,35,32,5,2,74
high_low_half_penalty_0_7_0_2,low_is_c4,0.5430402930402931,0.673076923076923,0.5223880597014925,0.9459459459459459,0.13513513513513514,0.5405405405405406,0.5405405405405406,35,32,5,2,74
high_low_half_penalty_0_7_0_2,low_is_c4,0.6483516483516484,0.6727272727272727,0.5068493150684932,1.0,0.02702702702702703,0.5135135135135135,0.5135135135135135,37,36,1,0,74
high_low_half_penalty_0_7_0_2,low_is_c4,0.42582417582417587,0.6666666666666666,0.6136363636363636,0.7297297297297297,0.5405405405405406,0.6351351351351351,0.6351351351351351,27,17,20,10,74
high_low_half_penalty_0_7_0_2,high_is_c4,0.0,0.6666666666666666,0.5,1.0,0.0,0.5,0.5,37,37,0,0,74
high_low_half_penalty_0_7_0_2,low_is_c4,0.6538461538461539,0.6666666666666666,0.5,1.0,0.0,0.5,0.5,37,37,0,0,74
high_low_half_penalty_0_7_0_2,low_is_c4,0.4450549450549451,0.6585365853658536,0.6,0.7297297297297297,0.5135135135135135,0.6216216216216216,0.6216216216216216,27,18,19,10,74
high_low_half_penalty_0_7_0_2,high_is_c4,0.06666666666666667,0.6545454545454545,0.4931506849315068,0.972972972972973,0.0,0.4864864864864865,0.4864864864864865,36,37,0,1,74
high_low_half_penalty_0_7_0_2,low_is_c4,0.46291208791208793,0.6511627906976745,0.5714285714285714,0.7567567567567568,0.43243243243243246,0.5945945945945946,0.5945945945945946,28,21,16,9,74
high_low_half_penalty_0_7_0_2,low_is_c4,0.46651785714285715,0.6436781609195402,0.56,0.7567567567567568,0.40540540540540543,0.581081081081081,0.5810810810810811,28,22,15,9,74
high_low_half_penalty_0_7_0_2,high_is_c4,0.15595238095238095,0.6422018348623854,0.4861111111111111,0.9459459459459459,0.0,0.47297297297297297,0.47297297297297297,35,37,0,2,74
high_low_half_penalty_0_7_0_2,low_is_c4,0.47187500000000004,0.6363636363636364,0.5490196078431373,0.7567567567567568,0.3783783783783784,0.5675675675675675,0.5675675675675675,28,23,14,9,74
high_low_half_penalty_0_7_0_2,high_is_c4,0.22252747252747251,0.6355140186915889,0.4857142857142857,0.918918918918919,0.02702702702702703,0.47297297297297297,0.472972972972973,34,36,1,3,74
high_low_half_penalty_0_7_0_2,high_is_c4,0.1964285714285714,0.6296296296296297,0.4788732394366197,0.918918918918919,0.0,0.4594594594594595,0.4594594594594595,34,37,0,3,74
high_low_half_penalty_0_7_0_2,low_is_c4,0.48750000000000004,0.6292134831460674,0.5384615384615384,0.7567567567567568,0.35135135135135137,0.5540540540540541,0.5540540540540541,28,24,13,9,74
high_low_half_penalty_0_7_0_2,low_is_c4,0.4230769230769231,0.6153846153846153,0.5853658536585366,0.6486486486486487,0.5405405405405406,0.5945945945945946,0.5945945945945946,24,17,20,13,74
high_low_half_penalty_0_7_0_2,high_is_c4,0.2403846153846154,0.6153846153846153,0.47761194029850745,0.8648648648648649,0.05405405405405406,0.4594594594594595,0.4594594594594595,32,35,2,5,74
high_low_half_penalty_0_7_0_2,low_is_c4,0.3995535714285714,0.6133333333333333,0.6052631578947368,0.6216216216216216,0.5945945945945946,0.6081081081081081,0.6081081081081081,23,15,22,14,74
high_low_half_penalty_0_7_0_2,high_is_c4,0.25961538461538464,0.607843137254902,0.47692307692307695,0.8378378378378378,0.08108108108108109,0.4594594594594595,0.45945945945945943,31,34,3,6,74
high_low_half_penalty_0_7_0_2,low_is_c4,0.4146634615384615,0.6052631578947368,0.5897435897435898,0.6216216216216216,0.5675675675675675,0.5945945945945946,0.5945945945945945,23,16,21,14,74
high_low_half_penalty_0_7_0_2,high_is_c4,0.2774725274725275,0.5918367346938777,0.47540983606557374,0.7837837837837838,0.13513513513513514,0.4594594594594595,0.45945945945945943,29,32,5,8,74
high_low_half_penalty_0_7_0_2,low_is_c4,0.38873626373626374,0.5833333333333333,0.6,0.5675675675675675,0.6216216216216216,0.5945945945945946,0.5945945945945945,21,14,23,16,74
high_low_half_penalty_0_7_0_2,high_is_c4,0.30662393162393164,0.5744680851063829,0.47368421052631576,0.7297297297297297,0.1891891891891892,0.4594594594594595,0.45945945945945943,27,30,7,10,74
high_low_half_penalty_0_7_0_2,low_is_c4,0.37564102564102564,0.5714285714285714,0.6060606060606061,0.5405405405405406,0.6486486486486487,0.5945945945945946,0.5945945945945946,20,13,24,17,74
high_low_half_penalty_0_7_0_2,high_is_c4,0.29563492063492064,0.5684210526315788,0.46551724137931033,0.7297297297297297,0.16216216216216217,0.44594594594594594,0.44594594594594594,27,31,6,10,74
high_low_half_penalty_0_7_0_2,low_is_c4,0.3846153846153846,0.5633802816901409,0.5882352941176471,0.5405405405405406,0.6216216216216216,0.581081081081081,0.5810810810810811,20,14,23,17,74
high_low_half_penalty_0_7_0_2,low_is_c4,0.36190476190476195,0.5507246376811593,0.59375,0.5135135135135135,0.6486486486486487,0.581081081081081,0.5810810810810811,19,13,24,18,74
high_low_half_penalty_0_7_0_2,high_is_c4,0.31456043956043955,0.5494505494505494,0.46296296296296297,0.6756756756756757,0.21621621621621623,0.44594594594594594,0.44594594594594594,25,29,8,12,74
high_low_half_penalty_0_7_0_2,low_is_c4,0.3571428571428571,0.5373134328358209,0.6,0.4864864864864865,0.6756756756756757,0.581081081081081,0.5810810810810811,18,12,25,19,74
high_low_half_penalty_0_7_0_2,high_is_c4,0.3337912087912088,0.5227272727272727,0.45098039215686275,0.6216216216216216,0.24324324324324326,0.43243243243243246,0.43243243243243246,23,28,9,14,74
high_low_half_penalty_0_7_0_2,low_is_c4,0.3516483516483516,0.5151515151515151,0.5862068965517241,0.4594594594594595,0.6756756756756757,0.5675675675675675,0.5675675675675675,17,12,25,20,74
high_low_half_penalty_0_7_0_2,high_is_c4,0.3516483516483516,0.4878048780487805,0.4444444444444444,0.5405405405405406,0.32432432432432434,0.43243243243243246,0.43243243243243246,20,25,12,17,74
high_low_half_penalty_0_7_0_2,high_is_c4,0.3571428571428571,0.4878048780487805,0.4444444444444444,0.5405405405405406,0.32432432432432434,0.43243243243243246,0.43243243243243246,20,25,12,17,74
high_low_half_penalty_0_7_0_2,low_is_c4,0.3337912087912088,0.4666666666666667,0.6086956521739131,0.3783783783783784,0.7567567567567568,0.5675675675675675,0.5675675675675675,14,9,28,23,74
high_low_half_penalty_0_7_0_2,high_is_c4,0.36190476190476195,0.4556962025316456,0.42857142857142855,0.4864864864864865,0.35135135135135137,0.4189189189189189,0.41891891891891897,18,24,13,19,74
high_low_half_penalty_0_7_0_2,high_is_c4,0.37564102564102564,0.4358974358974359,0.4146341463414634,0.4594594594594595,0.35135135135135137,0.40540540540540543,0.40540540540540543,17,24,13,20,74
high_low_half_penalty_0_7_0_2,high_is_c4,0.3846153846153846,0.4358974358974359,0.4146341463414634,0.4594594594594595,0.35135135135135137,0.40540540540540543,0.40540540540540543,17,24,13,20,74
high_low_half_penalty_0_7_0_2,low_is_c4,0.31456043956043955,0.4210526315789474,0.6,0.32432432432432434,0.7837837837837838,0.5540540540540541,0.5540540540540541,12,8,29,25,74
high_low_half_penalty_0_7_0_2,high_is_c4,0.38873626373626374,0.42105263157894735,0.41025641025641024,0.43243243243243246,0.3783783783783784,0.40540540540540543,0.40540540540540543,16,23,14,21,74
high_low_half_penalty_0_7_0_2,high_is_c4,0.4146634615384615,0.3888888888888889,0.4,0.3783783783783784,0.43243243243243246,0.40540540540540543,0.40540540540540543,14,21,16,23,74
high_low_half_penalty_0_7_0_2,high_is_c4,0.3995535714285714,0.3835616438356164,0.3888888888888889,0.3783783783783784,0.40540540540540543,0.3918918918918919,0.3918918918918919,14,22,15,23,74
high_low_half_penalty_0_7_0_2,low_is_c4,0.29563492063492064,0.3773584905660377,0.625,0.2702702702702703,0.8378378378378378,0.5540540540540541,0.5540540540540541,10,6,31,27,74
high_low_half_penalty_0_7_0_2,high_is_c4,0.4230769230769231,0.37142857142857144,0.3939393939393939,0.35135135135135137,0.4594594594594595,0.40540540540540543,0.40540540540540543,13,20,17,24,74
high_low_half_penalty_0_7_0_2,low_is_c4,0.30662393162393164,0.37037037037037035,0.5882352941176471,0.2702702702702703,0.8108108108108109,0.5405405405405406,0.5405405405405406,10,7,30,27,74
high_low_half_penalty_0_7_0_2,low_is_c4,0.2774725274725275,0.32,0.6153846153846154,0.21621621621621623,0.8648648648648649,0.5405405405405406,0.5405405405405406,8,5,32,29,74
high_low_half_penalty_0_7_0_2,high_is_c4,0.48750000000000004,0.3050847457627119,0.4090909090909091,0.24324324324324326,0.6486486486486487,0.44594594594594594,0.44594594594594594,9,13,24,28,74
high_low_half_penalty_0_7_0_2,high_is_c4,0.4450549450549451,0.30303030303030304,0.3448275862068966,0.2702702702702703,0.4864864864864865,0.3783783783783784,0.3783783783783784,10,19,18,27,74
high_low_half_penalty_0_7_0_2,high_is_c4,0.47187500000000004,0.30000000000000004,0.391304347826087,0.24324324324324326,0.6216216216216216,0.43243243243243246,0.43243243243243246,9,14,23,28,74
high_low_half_penalty_0_7_0_2,high_is_c4,0.42582417582417587,0.29850746268656714,0.3333333333333333,0.2702702702702703,0.4594594594594595,0.36486486486486486,0.3648648648648649,10,20,17,27,74
high_low_half_penalty_0_7_0_2,high_is_c4,0.46651785714285715,0.2950819672131148,0.375,0.24324324324324326,0.5945945945945946,0.4189189189189189,0.41891891891891897,9,15,22,28,74
high_low_half_penalty_0_7_0_2,high_is_c4,0.46291208791208793,0.2903225806451613,0.36,0.24324324324324326,0.5675675675675675,0.40540540540540543,0.4054054054054054,9,16,21,28,74
high_low_half_penalty_0_7_0_2,low_is_c4,0.25961538461538464,0.26086956521739135,0.6666666666666666,0.16216216216216217,0.918918918918919,0.5405405405405406,0.5405405405405406,6,3,34,31,74
high_low_half_penalty_0_7_0_2,low_is_c4,0.2403846153846154,0.22727272727272727,0.7142857142857143,0.13513513513513514,0.9459459459459459,0.5405405405405406,0.5405405405405406,5,2,35,32,74
high_low_half_penalty_0_7_0_2,low_is_c4,0.1964285714285714,0.15,1.0,0.08108108108108109,1.0,0.5405405405405406,0.5405405405405406,3,0,37,34,74
high_low_half_penalty_0_7_0_2,low_is_c4,0.22252747252747251,0.14634146341463414,0.75,0.08108108108108109,0.972972972972973,0.527027027027027,0.5270270270270271,3,1,36,34,74
high_low_half_penalty_0_7_0_2,low_is_c4,0.15595238095238095,0.10256410256410257,1.0,0.05405405405405406,1.0,0.527027027027027,0.527027027027027,2,0,37,35,74
high_low_half_penalty_0_7_0_2,high_is_c4,0.5430402930402931,0.09090909090909091,0.2857142857142857,0.05405405405405406,0.8648648648648649,0.4594594594594595,0.4594594594594595,2,5,32,35,74
high_low_half_penalty_0_7_0_2,high_is_c4,0.5384615384615385,0.08888888888888889,0.25,0.05405405405405406,0.8378378378378378,0.44594594594594594,0.44594594594594594,2,6,31,35,74
high_low_half_penalty_0_7_0_2,high_is_c4,0.5370879120879122,0.0851063829787234,0.2,0.05405405405405406,0.7837837837837838,0.4189189189189189,0.4189189189189189,2,8,29,35,74
high_low_half_penalty_0_7_0_2,high_is_c4,0.5357142857142858,0.08333333333333334,0.18181818181818182,0.05405405405405406,0.7567567567567568,0.40540540540540543,0.40540540540540543,2,9,28,35,74
high_low_half_penalty_0_7_0_2,high_is_c4,0.5178571428571428,0.0816326530612245,0.16666666666666666,0.05405405405405406,0.7297297297297297,0.3918918918918919,0.3918918918918919,2,10,27,35,74
high_low_half_penalty_0_7_0_2,low_is_c4,0.0,0.052631578947368425,1.0,0.02702702702702703,1.0,0.5135135135135135,0.5135135135135135,1,0,37,36,74
high_low_half_penalty_0_7_0_2,low_is_c4,0.06666666666666667,0.052631578947368425,1.0,0.02702702702702703,1.0,0.5135135135135135,0.5135135135135135,1,0,37,36,74
high_low_half_penalty_0_7_0_2,high_is_c4,0.5595238095238095,0.046511627906976744,0.16666666666666666,0.02702702702702703,0.8648648648648649,0.44594594594594594,0.44594594594594594,1,5,32,36,74
high_low_half_penalty_0_7_0_2,high_is_c4,0.6483516483516484,0.0,0.0,0.0,0.972972972972973,0.4864864864864865,0.4864864864864865,0,1,36,37,74
high_low_half_penalty_0_7_0_2,high_is_c4,0.6538461538461539,0.0,0.0,0.0,0.972972972972973,0.4864864864864865,0.4864864864864865,0,1,36,37,74
high_low_half_penalty_0_7_0_2,high_is_c4,0.6291208791208791,0.0,0.0,0.0,0.9459459459459459,0.47297297297297297,0.47297297297297297,0,2,35,37,74
high_low_half_penalty_0_7_0_2,high_is_c4,0.6076923076923078,0.0,0.0,0.0,0.918918918918919,0.4594594594594595,0.4594594594594595,0,3,34,37,74
high_low_half_penalty_0_7_0_2,high_is_c4,0.5857142857142857,0.0,0.0,0.0,0.8918918918918919,0.44594594594594594,0.44594594594594594,0,4,33,37,74
high_low_half_penalty_0_7_0_3,low_is_c4,0.5571428571428572,0.6851851851851851,0.5211267605633803,1.0,0.08108108108108109,0.5405405405405406,0.5405405405405406,37,34,3,0,74
high_low_half_penalty_0_7_0_3,low_is_c4,0.5178571428571429,0.6796116504854369,0.5303030303030303,0.9459459459459459,0.16216216216216217,0.5540540540540541,0.5540540540540541,35,31,6,2,74
high_low_half_penalty_0_7_0_3,low_is_c4,0.5370879120879122,0.6792452830188679,0.5217391304347826,0.972972972972973,0.10810810810810811,0.5405405405405406,0.5405405405405406,36,33,4,1,74
high_low_half_penalty_0_7_0_3,low_is_c4,0.6047619047619048,0.6788990825688073,0.5138888888888888,1.0,0.05405405405405406,0.527027027027027,0.527027027027027,37,35,2,0,74
high_low_half_penalty_0_7_0_3,low_is_c4,0.5430402930402931,0.6728971962616821,0.5142857142857142,0.972972972972973,0.08108108108108109,0.527027027027027,0.5270270270270271,36,34,3,1,74
high_low_half_penalty_0_7_0_3,low_is_c4,0.6483516483516484,0.6727272727272727,0.5068493150684932,1.0,0.02702702702702703,0.5135135135135135,0.5135135135135135,37,36,1,0,74
high_low_half_penalty_0_7_0_3,low_is_c4,0.46964285714285714,0.6666666666666667,0.5423728813559322,0.8648648648648649,0.2702702702702703,0.5675675675675675,0.5675675675675675,32,27,10,5,74
high_low_half_penalty_0_7_0_3,low_is_c4,0.42582417582417587,0.6666666666666666,0.5957446808510638,0.7567567567567568,0.4864864864864865,0.6216216216216216,0.6216216216216217,28,19,18,9,74
high_low_half_penalty_0_7_0_3,low_is_c4,0.4285714285714286,0.6666666666666666,0.58,0.7837837837837838,0.43243243243243246,0.6081081081081081,0.6081081081081081,29,21,16,8,74
high_low_half_penalty_0_7_0_3,low_is_c4,0.4330357142857143,0.6666666666666666,0.58,0.7837837837837838,0.43243243243243246,0.6081081081081081,0.6081081081081081,29,21,16,8,74
high_low_half_penalty_0_7_0_3,high_is_c4,-0.038461538461538464,0.6666666666666666,0.5,1.0,0.0,0.5,0.5,37,37,0,0,74
high_low_half_penalty_0_7_0_3,low_is_c4,0.6538461538461539,0.6666666666666666,0.5,1.0,0.0,0.5,0.5,37,37,0,0,74
high_low_half_penalty_0_7_0_3,low_is_c4,0.48750000000000004,0.6597938144329898,0.5333333333333333,0.8648648648648649,0.24324324324324326,0.5540540540540541,0.5540540540540541,32,28,9,5,74
high_low_half_penalty_0_7_0_3,low_is_c4,0.4495192307692307,0.6590909090909091,0.5686274509803921,0.7837837837837838,0.40540540540540543,0.5945945945945946,0.5945945945945946,29,22,15,8,74
high_low_half_penalty_0_7_0_3,high_is_c4,0.03076923076923077,0.6545454545454545,0.4931506849315068,0.972972972972973,0.0,0.4864864864864865,0.4864864864864865,36,37,0,1,74
high_low_half_penalty_0_7_0_3,low_is_c4,0.40796703296703296,0.6499999999999999,0.6046511627906976,0.7027027027027027,0.5405405405405406,0.6216216216216216,0.6216216216216217,26,17,20,11,74
high_low_half_penalty_0_7_0_3,high_is_c4,0.10357142857142856,0.6422018348623854,0.4861111111111111,0.9459459459459459,0.0,0.47297297297297297,0.47297297297297297,35,37,0,2,74
high_low_half_penalty_0_7_0_3,high_is_c4,0.2032967032967033,0.6407766990291263,0.5,0.8918918918918919,0.10810810810810811,0.5,0.5,33,33,4,4,74
high_low_half_penalty_0_7_0_3,low_is_c4,0.46153846153846156,0.6382978723404256,0.5263157894736842,0.8108108108108109,0.2702702702702703,0.5405405405405406,0.5405405405405406,30,27,10,7,74
high_low_half_penalty_0_7_0_3,low_is_c4,0.46291208791208793,0.6382978723404256,0.5263157894736842,0.8108108108108109,0.2702702702702703,0.5405405405405406,0.5405405405405406,30,27,10,7,74
high_low_half_penalty_0_7_0_3,high_is_c4,0.1675824175824176,0.6355140186915889,0.4857142857142857,0.918918918918919,0.02702702702702703,0.47297297297297297,0.472972972972973,34,36,1,3,74
high_low_half_penalty_0_7_0_3,high_is_c4,0.22252747252747251,0.6336633663366337,0.5,0.8648648648648649,0.13513513513513514,0.5,0.5,32,32,5,5,74
high_low_half_penalty_0_7_0_3,low_is_c4,0.38873626373626374,0.6329113924050633,0.5952380952380952,0.6756756756756757,0.5405405405405406,0.6081081081081081,0.6081081081081081,25,17,20,12,74
high_low_half_penalty_0_7_0_3,high_is_c4,0.12499999999999999,0.6296296296296297,0.4788732394366197,0.918918918918919,0.0,0.4594594594594595,0.4594594594594595,34,37,0,3,74
high_low_half_penalty_0_7_0_3,high_is_c4,0.2403846153846154,0.6122448979591837,0.4918032786885246,0.8108108108108109,0.16216216216216217,0.4864864864864865,0.4864864864864865,30,31,6,7,74
high_low_half_penalty_0_7_0_3,high_is_c4,0.25961538461538464,0.6021505376344086,0.5,0.7567567567567568,0.24324324324324326,0.5,0.5,28,28,9,9,74
high_low_half_penalty_0_7_0_3,low_is_c4,0.3846153846153846,0.5974025974025973,0.575,0.6216216216216216,0.5405405405405406,0.581081081081081,0.5810810810810811,23,17,20,14,74
high_low_half_penalty_0_7_0_3,low_is_c4,0.3708791208791209,0.5945945945945946,0.5945945945945946,0.5945945945945946,0.5945945945945946,0.5945945945945946,0.5945945945945946,22,15,22,15,74
high_low_half_penalty_0_7_0_3,high_is_c4,0.28174603174603174,0.5681818181818181,0.49019607843137253,0.6756756756756757,0.2972972972972973,0.4864864864864865,0.4864864864864865,25,26,11,12,74
high_low_half_penalty_0_7_0_3,high_is_c4,0.27350427350427353,0.5617977528089887,0.4807692307692308,0.6756756756756757,0.2702702702702703,0.47297297297297297,0.47297297297297297,25,27,10,12,74
high_low_half_penalty_0_7_0_3,low_is_c4,0.3571428571428571,0.5555555555555556,0.5714285714285714,0.5405405405405406,0.5945945945945946,0.5675675675675675,0.5675675675675675,20,15,22,17,74
high_low_half_penalty_0_7_0_3,low_is_c4,0.3516483516483516,0.5428571428571428,0.5757575757575758,0.5135135135135135,0.6216216216216216,0.5675675675675675,0.5675675675675675,19,14,23,18,74
high_low_half_penalty_0_7_0_3,high_is_c4,0.29285714285714287,0.5348837209302325,0.46938775510204084,0.6216216216216216,0.2972972972972973,0.4594594594594595,0.45945945945945943,23,26,11,14,74
high_low_half_penalty_0_7_0_3,high_is_c4,0.3038461538461539,0.5176470588235293,0.4583333333333333,0.5945945945945946,0.2972972972972973,0.44594594594594594,0.44594594594594594,22,26,11,15,74
high_low_half_penalty_0_7_0_3,high_is_c4,0.3449519230769231,0.5121951219512195,0.4666666666666667,0.5675675675675675,0.35135135135135137,0.4594594594594595,0.45945945945945943,21,24,13,16,74
high_low_half_penalty_0_7_0_3,high_is_c4,0.32572115384615385,0.506024096385542,0.45652173913043476,0.5675675675675675,0.32432432432432434,0.44594594594594594,0.44594594594594594,21,25,12,16,74
high_low_half_penalty_0_7_0_3,low_is_c4,0.32572115384615385,0.49230769230769234,0.5714285714285714,0.43243243243243246,0.6756756756756757,0.5540540540540541,0.5540540540540541,16,12,25,21,74
high_low_half_penalty_0_7_0_3,low_is_c4,0.3449519230769231,0.48484848484848486,0.5517241379310345,0.43243243243243246,0.6486486486486487,0.5405405405405406,0.5405405405405406,16,13,24,21,74
high_low_half_penalty_0_7_0_3,low_is_c4,0.3038461538461539,0.47619047619047616,0.5769230769230769,0.40540540540540543,0.7027027027027027,0.5540540540540541,0.5540540540540541,15,11,26,22,74
high_low_half_penalty_0_7_0_3,high_is_c4,0.3516483516483516,0.4615384615384615,0.43902439024390244,0.4864864864864865,0.3783783783783784,0.43243243243243246,0.43243243243243246,18,23,14,19,74
high_low_half_penalty_0_7_0_3,high_is_c4,0.3571428571428571,0.4615384615384615,0.43902439024390244,0.4864864864864865,0.3783783783783784,0.43243243243243246,0.43243243243243246,18,23,14,19,74
high_low_half_penalty_0_7_0_3,low_is_c4,0.29285714285714287,0.4516129032258065,0.56,0.3783783783783784,0.7027027027027027,0.5405405405405406,0.5405405405405406,14,11,26,23,74
high_low_half_penalty_0_7_0_3,low_is_c4,0.27350427350427353,0.4067796610169491,0.5454545454545454,0.32432432432432434,0.7297297297297297,0.527027027027027,0.527027027027027,12,10,27,25,74
high_low_half_penalty_0_7_0_3,high_is_c4,0.3708791208791209,0.40540540540540543,0.40540540540540543,0.40540540540540543,0.40540540540540543,0.40540540540540543,0.40540540540540543,15,22,15,22,74
high_low_half_penalty_0_7_0_3,high_is_c4,0.3846153846153846,0.40540540540540543,0.40540540540540543,0.40540540540540543,0.40540540540540543,0.40540540540540543,0.40540540540540543,15,22,15,22,74
high_low_half_penalty_0_7_0_3,low_is_c4,0.28174603174603174,0.4,0.5217391304347826,0.32432432432432434,0.7027027027027027,0.5135135135135135,0.5135135135135136,12,11,26,25,74
high_low_half_penalty_0_7_0_3,high_is_c4,0.38873626373626374,0.34782608695652173,0.375,0.32432432432432434,0.4594594594594595,0.3918918918918919,0.3918918918918919,12,20,17,25,74
high_low_half_penalty_0_7_0_3,low_is_c4,0.25961538461538464,0.3272727272727273,0.5,0.24324324324324326,0.7567567567567568,0.5,0.5,9,9,28,28,74
high_low_half_penalty_0_7_0_3,high_is_c4,0.40796703296703296,0.3235294117647059,0.3548387096774194,0.2972972972972973,0.4594594594594595,0.3783783783783784,0.3783783783783784,11,20,17,26,74
high_low_half_penalty_0_7_0_3,high_is_c4,0.42582417582417587,0.28125,0.3333333333333333,0.24324324324324326,0.5135135135135135,0.3783783783783784,0.3783783783783784,9,18,19,28,74
high_low_half_penalty_0_7_0_3,low_is_c4,0.2403846153846154,0.28,0.5384615384615384,0.1891891891891892,0.8378378378378378,0.5135135135135135,0.5135135135135135,7,6,31,30,74
high_low_half_penalty_0_7_0_3,high_is_c4,0.4495192307692307,0.26666666666666666,0.34782608695652173,0.21621621621621623,0.5945945945945946,0.40540540540540543,0.40540540540540543,8,15,22,29,74
high_low_half_penalty_0_7_0_3,high_is_c4,0.4330357142857143,0.26229508196721313,0.3333333333333333,0.21621621621621623,0.5675675675675675,0.3918918918918919,0.3918918918918919,8,16,21,29,74
high_low_half_penalty_0_7_0_3,high_is_c4,0.46291208791208793,0.2592592592592593,0.4117647058823529,0.1891891891891892,0.7297297297297297,0.4594594594594595,0.45945945945945943,7,10,27,30,74
high_low_half_penalty_0_7_0_3,high_is_c4,0.4285714285714286,0.25396825396825395,0.3076923076923077,0.21621621621621623,0.5135135135135135,0.36486486486486486,0.36486486486486486,8,18,19,29,74
high_low_half_penalty_0_7_0_3,high_is_c4,0.46153846153846156,0.25,0.3684210526315789,0.1891891891891892,0.6756756756756757,0.43243243243243246,0.43243243243243246,7,12,25,30,74
high_low_half_penalty_0_7_0_3,low_is_c4,0.22252747252747251,0.21276595744680854,0.5,0.13513513513513514,0.8648648648648649,0.5,0.5,5,5,32,32,74
high_low_half_penalty_0_7_0_3,high_is_c4,0.48750000000000004,0.19607843137254902,0.35714285714285715,0.13513513513513514,0.7567567567567568,0.44594594594594594,0.44594594594594594,5,9,28,32,74
high_low_half_penalty_0_7_0_3,high_is_c4,0.46964285714285714,0.1923076923076923,0.3333333333333333,0.13513513513513514,0.7297297297297297,0.43243243243243246,0.43243243243243246,5,10,27,32,74
high_low_half_penalty_0_7_0_3,low_is_c4,0.2032967032967033,0.17777777777777778,0.5,0.10810810810810811,0.8918918918918919,0.5,0.5,4,4,33,33,74
high_low_half_penalty_0_7_0_3,low_is_c4,0.12499999999999999,0.15,1.0,0.08108108108108109,1.0,0.5405405405405406,0.5405405405405406,3,0,37,34,74
high_low_half_penalty_0_7_0_3,low_is_c4,0.1675824175824176,0.14634146341463414,0.75,0.08108108108108109,0.972972972972973,0.527027027027027,0.5270270270270271,3,1,36,34,74
high_low_half_penalty_0_7_0_3,low_is_c4,0.10357142857142856,0.10256410256410257,1.0,0.05405405405405406,1.0,0.527027027027027,0.527027027027027,2,0,37,35,74
high_low_half_penalty_0_7_0_3,high_is_c4,0.5178571428571429,0.08888888888888889,0.25,0.05405405405405406,0.8378378378378378,0.44594594594594594,0.44594594594594594,2,6,31,35,74
high_low_half_penalty_0_7_0_3,low_is_c4,-0.038461538461538464,0.052631578947368425,1.0,0.02702702702702703,1.0,0.5135135135135135,0.5135135135135135,1,0,37,36,74
high_low_half_penalty_0_7_0_3,low_is_c4,0.03076923076923077,0.052631578947368425,1.0,0.02702702702702703,1.0,0.5135135135135135,0.5135135135135135,1,0,37,36,74
high_low_half_penalty_0_7_0_3,high_is_c4,0.5430402930402931,0.04878048780487805,0.25,0.02702702702702703,0.918918918918919,0.47297297297297297,0.472972972972973,1,3,34,36,74
high_low_half_penalty_0_7_0_3,high_is_c4,0.5370879120879122,0.047619047619047616,0.2,0.02702702702702703,0.8918918918918919,0.4594594594594595,0.45945945945945943,1,4,33,36,74
high_low_half_penalty_0_7_0_3,high_is_c4,0.6483516483516484,0.0,0.0,0.0,0.972972972972973,0.4864864864864865,0.4864864864864865,0,1,36,37,74
high_low_half_penalty_0_7_0_3,high_is_c4,0.6538461538461539,0.0,0.0,0.0,0.972972972972973,0.4864864864864865,0.4864864864864865,0,1,36,37,74
high_low_half_penalty_0_7_0_3,high_is_c4,0.6047619047619048,0.0,0.0,0.0,0.9459459459459459,0.47297297297297297,0.47297297297297297,0,2,35,37,74
high_low_half_penalty_0_7_0_3,high_is_c4,0.5571428571428572,0.0,0.0,0.0,0.918918918918919,0.4594594594594595,0.4594594594594595,0,3,34,37,74
high_low_half_penalty_0_7_0_4,low_is_c4,0.48333333333333334,0.712871287128713,0.5625,0.972972972972973,0.24324324324324326,0.6081081081081081,0.6081081081081081,36,28,9,1,74
high_low_half_penalty_0_7_0_4,low_is_c4,0.3928571428571428,0.7058823529411764,0.625,0.8108108108108109,0.5135135135135135,0.6621621621621622,0.6621621621621622,30,18,19,7,74
high_low_half_penalty_0_7_0_4,low_is_c4,0.4642857142857143,0.7000000000000001,0.5555555555555556,0.9459459459459459,0.24324324324324326,0.5945945945945946,0.5945945945945946,35,28,9,2,74
high_low_half_penalty_0_7_0_4,low_is_c4,0.4654761904761905,0.7000000000000001,0.5555555555555556,0.9459459459459459,0.24324324324324326,0.5945945945945946,0.5945945945945946,35,28,9,2,74
high_low_half_penalty_0_7_0_4,low_is_c4,0.40796703296703296,0.6976744186046512,0.6122448979591837,0.8108108108108109,0.4864864864864865,0.6486486486486487,0.6486486486486487,30,19,18,7,74
high_low_half_penalty_0_7_0_4,low_is_c4,0.3887362637362637,0.6904761904761905,0.6170212765957447,0.7837837837837838,0.5135135135135135,0.6486486486486487,0.6486486486486487,29,18,19,8,74
high_low_half_penalty_0_7_0_4,low_is_c4,0.5297619047619048,0.6851851851851851,0.5211267605633803,1.0,0.08108108108108109,0.5405405405405406,0.5405405405405406,37,34,3,0,74
high_low_half_penalty_0_7_0_4,low_is_c4,0.5892857142857144,0.6788990825688073,0.5138888888888888,1.0,0.05405405405405406,0.527027027027027,0.527027027027027,37,35,2,0,74
high_low_half_penalty_0_7_0_4,low_is_c4,0.3846153846153846,0.674698795180723,0.6086956521739131,0.7567567567567568,0.5135135135135135,0.6351351351351351,0.6351351351351351,28,18,19,9,74
high_low_half_penalty_0_7_0_4,low_is_c4,0.4230769230769231,0.6741573033707865,0.5769230769230769,0.8108108108108109,0.40540540540540543,0.6081081081081081,0.6081081081081081,30,22,15,7,74
high_low_half_penalty_0_7_0_4,low_is_c4,0.5119047619047619,0.6728971962616821,0.5142857142857142,0.972972972972973,0.08108108108108109,0.527027027027027,0.5270270270270271,36,34,3,1,74
high_low_half_penalty_0_7_0_4,low_is_c4,0.6483516483516484,0.6727272727272727,0.5068493150684932,1.0,0.02702702702702703,0.5135135135135135,0.5135135135135135,37,36,1,0,74
high_low_half_penalty_0_7_0_4,high_is_c4,-0.07692307692307693,0.6666666666666666,0.5,1.0,0.0,0.5,0.5,37,37,0,0,74
high_low_half_penalty_0_7_0_4,low_is_c4,0.6538461538461539,0.6666666666666666,0.5,1.0,0.0,0.5,0.5,37,37,0,0,74
high_low_half_penalty_0_7_0_4,low_is_c4,0.46153846153846156,0.6597938144329898,0.5333333333333333,0.8648648648648649,0.24324324324324326,0.5540540540540541,0.5540540540540541,32,28,9,5,74
high_low_half_penalty_0_7_0_4,low_is_c4,0.46291208791208793,0.6597938144329898,0.5333333333333333,0.8648648648648649,0.24324324324324326,0.5540540540540541,0.5540540540540541,32,28,9,5,74
high_low_half_penalty_0_7_0_4,low_is_c4,0.4285714285714286,0.6595744680851063,0.543859649122807,0.8378378378378378,0.2972972972972973,0.5675675675675675,0.5675675675675675,31,26,11,6,74
high_low_half_penalty_0_7_0_4,low_is_c4,0.4330357142857143,0.6595744680851063,0.543859649122807,0.8378378378378378,0.2972972972972973,0.5675675675675675,0.5675675675675675,31,26,11,6,74
high_low_half_penalty_0_7_0_4,low_is_c4,0.4240384615384616,0.6593406593406594,0.5555555555555556,0.8108108108108109,0.35135135135135137,0.581081081081081,0.5810810810810811,30,24,13,7,74
high_low_half_penalty_0_7_0_4,high_is_c4,-0.020604395604395614,0.6545454545454545,0.4931506849315068,0.972972972972973,0.0,0.4864864864864865,0.4864864864864865,36,37,0,1,74
high_low_half_penalty_0_7_0_4,low_is_c4,0.4495192307692307,0.6526315789473685,0.5344827586206896,0.8378378378378378,0.2702702702702703,0.5540540540540541,0.5540540540540541,31,27,10,6,74
high_low_half_penalty_0_7_0_4,low_is_c4,0.4267857142857143,0.6521739130434782,0.5454545454545454,0.8108108108108109,0.32432432432432434,0.5675675675675675,0.5675675675675675,30,25,12,7,74
high_low_half_penalty_0_7_0_4,low_is_c4,0.37087912087912084,0.6499999999999999,0.6046511627906976,0.7027027027027027,0.5405405405405406,0.6216216216216216,0.6216216216216217,26,17,20,11,74
high_low_half_penalty_0_7_0_4,high_is_c4,0.051190476190476175,0.6422018348623854,0.4861111111111111,0.9459459459459459,0.0,0.47297297297297297,0.47297297297297297,35,37,0,2,74
high_low_half_penalty_0_7_0_4,high_is_c4,0.07417582417582418,0.6355140186915889,0.4857142857142857,0.918918918918919,0.02702702702702703,0.47297297297297297,0.472972972972973,34,36,1,3,74
high_low_half_penalty_0_7_0_4,high_is_c4,0.16620879120879123,0.6336633663366337,0.5,0.8648648648648649,0.13513513513513514,0.5,0.5,32,32,5,5,74
high_low_half_penalty_0_7_0_4,low_is_c4,0.3516483516483516,0.6329113924050633,0.5952380952380952,0.6756756756756757,0.5405405405405406,0.6081081081081081,0.6081081081081081,25,17,20,12,74
high_low_half_penalty_0_7_0_4,high_is_c4,0.06904761904761904,0.6296296296296297,0.4788732394366197,0.918918918918919,0.0,0.4594594594594595,0.4594594594594595,34,37,0,3,74
high_low_half_penalty_0_7_0_4,high_is_c4,0.18543956043956045,0.6262626262626263,0.5,0.8378378378378378,0.16216216216216217,0.5,0.5,31,31,6,6,74
high_low_half_penalty_0_7_0_4,high_is_c4,0.10989010989010989,0.6226415094339622,0.4782608695652174,0.8918918918918919,0.02702702702702703,0.4594594594594595,0.45945945945945943,33,36,1,4,74
high_low_half_penalty_0_7_0_4,high_is_c4,0.14285714285714285,0.6226415094339622,0.4782608695652174,0.8918918918918919,0.02702702702702703,0.4594594594594595,0.45945945945945943,33,36,1,4,74
high_low_half_penalty_0_7_0_4,high_is_c4,0.14835164835164838,0.6213592233009709,0.48484848484848486,0.8648648648648649,0.08108108108108109,0.47297297297297297,0.472972972972973,32,34,3,5,74
high_low_half_penalty_0_7_0_4,low_is_c4,0.3325892857142857,0.6133333333333333,0.6052631578947368,0.6216216216216216,0.5945945945945946,0.6081081081081081,0.6081081081081081,23,15,22,14,74
high_low_half_penalty_0_7_0_4,low_is_c4,0.3449519230769231,0.6052631578947368,0.5897435897435898,0.6216216216216216,0.5675675675675675,0.5945945945945946,0.5945945945945945,23,16,21,14,74
high_low_half_penalty_0_7_0_4,low_is_c4,0.31456043956043955,0.6027397260273972,0.6111111111111112,0.5945945945945946,0.6216216216216216,0.6081081081081081,0.6081081081081081,22,14,23,15,74
high_low_half_penalty_0_7_0_4,high_is_c4,0.2032967032967033,0.5957446808510638,0.49122807017543857,0.7567567567567568,0.21621621621621623,0.4864864864864865,0.4864864864864865,28,29,8,9,74
high_low_half_penalty_0_7_0_4,high_is_c4,0.22649572649572652,0.5934065934065933,0.5,0.7297297297297297,0.2702702702702703,0.5,0.5,27,27,10,10,74
high_low_half_penalty_0_7_0_4,high_is_c4,0.24038461538461536,0.5909090909090909,0.5098039215686274,0.7027027027027027,0.32432432432432434,0.5135135135135135,0.5135135135135136,26,25,12,11,74
high_low_half_penalty_0_7_0_4,high_is_c4,0.21825396825396826,0.5869565217391305,0.4909090909090909,0.7297297297297297,0.24324324324324326,0.4864864864864865,0.4864864864864865,27,28,9,10,74
high_low_half_penalty_0_7_0_4,high_is_c4,0.25961538461538464,0.5747126436781609,0.5,0.6756756756756757,0.32432432432432434,0.5,0.5,25,25,12,12,74
high_low_half_penalty_0_7_0_4,high_is_c4,0.2774725274725275,0.5581395348837208,0.4897959183673469,0.6486486486486487,0.32432432432432434,0.4864864864864865,0.4864864864864865,24,25,12,13,74
high_low_half_penalty_0_7_0_4,low_is_c4,0.3038461538461539,0.5151515151515151,0.5862068965517241,0.4594594594594595,0.6756756756756757,0.5675675675675675,0.5675675675675675,17,12,25,20,74
high_low_half_penalty_0_7_0_4,high_is_c4,0.29285714285714287,0.506024096385542,0.45652173913043476,0.5675675675675675,0.32432432432432434,0.44594594594594594,0.44594594594594594,21,25,12,16,74
high_low_half_penalty_0_7_0_4,low_is_c4,0.29285714285714287,0.49230769230769234,0.5714285714285714,0.43243243243243246,0.6756756756756757,0.5540540540540541,0.5540540540540541,16,12,25,21,74
high_low_half_penalty_0_7_0_4,high_is_c4,0.3038461538461539,0.4878048780487805,0.4444444444444444,0.5405405405405406,0.32432432432432434,0.43243243243243246,0.43243243243243246,20,25,12,17,74
high_low_half_penalty_0_7_0_4,low_is_c4,0.2774725274725275,0.4193548387096775,0.52,0.35135135135135137,0.6756756756756757,0.5135135135135135,0.5135135135135135,13,12,25,24,74
high_low_half_penalty_0_7_0_4,high_is_c4,0.31456043956043955,0.4,0.39473684210526316,0.40540540540540543,0.3783783783783784,0.3918918918918919,0.3918918918918919,15,23,14,22,74
high_low_half_penalty_0_7_0_4,low_is_c4,0.25961538461538464,0.39344262295081966,0.5,0.32432432432432434,0.6756756756756757,0.5,0.5,12,12,25,25,74
high_low_half_penalty_0_7_0_4,high_is_c4,0.3449519230769231,0.3888888888888889,0.4,0.3783783783783784,0.43243243243243246,0.40540540540540543,0.40540540540540543,14,21,16,23,74
high_low_half_penalty_0_7_0_4,high_is_c4,0.3325892857142857,0.3835616438356164,0.3888888888888889,0.3783783783783784,0.40540540540540543,0.3918918918918919,0.3918918918918919,14,22,15,23,74
high_low_half_penalty_0_7_0_4,low_is_c4,0.24038461538461536,0.3666666666666667,0.4782608695652174,0.2972972972972973,0.6756756756756757,0.4864864864864865,0.4864864864864865,11,12,25,26,74
high_low_half_penalty_0_7_0_4,low_is_c4,0.21825396825396826,0.35714285714285715,0.5263157894736842,0.2702702702702703,0.7567567567567568,0.5135135135135135,0.5135135135135136,10,9,28,27,74
high_low_half_penalty_0_7_0_4,low_is_c4,0.22649572649572652,0.3508771929824562,0.5,0.2702702702702703,0.7297297297297297,0.5,0.5,10,10,27,27,74
high_low_half_penalty_0_7_0_4,high_is_c4,0.3516483516483516,0.34782608695652173,0.375,0.32432432432432434,0.4594594594594595,0.3918918918918919,0.3918918918918919,12,20,17,25,74
high_low_half_penalty_0_7_0_4,low_is_c4,0.2032967032967033,0.33333333333333337,0.5294117647058824,0.24324324324324326,0.7837837837837838,0.5135135135135135,0.5135135135135135,9,8,29,28,74
high_low_half_penalty_0_7_0_4,high_is_c4,0.37087912087912084,0.3235294117647059,0.3548387096774194,0.2972972972972973,0.4594594594594595,0.3783783783783784,0.3783783783783784,11,20,17,26,74
high_low_half_penalty_0_7_0_4,high_is_c4,0.3846153846153846,0.3235294117647059,0.3548387096774194,0.2972972972972973,0.4594594594594595,0.3783783783783784,0.3783783783783784,11,20,17,26,74
high_low_half_penalty_0_7_0_4,high_is_c4,0.4267857142857143,0.25,0.3684210526315789,0.1891891891891892,0.6756756756756757,0.43243243243243246,0.43243243243243246,7,12,25,30,74
high_low_half_penalty_0_7_0_4,high_is_c4,0.3887362637362637,0.25,0.2962962962962963,0.21621621621621623,0.4864864864864865,0.35135135135135137,0.35135135135135137,8,19,18,29,74
high_low_half_penalty_0_7_0_4,high_is_c4,0.3928571428571428,0.25,0.2962962962962963,0.21621621621621623,0.4864864864864865,0.35135135135135137,0.35135135135135137,8,19,18,29,74
high_low_half_penalty_0_7_0_4,high_is_c4,0.4240384615384616,0.24561403508771934,0.35,0.1891891891891892,0.6486486486486487,0.4189189189189189,0.41891891891891897,7,13,24,30,74
high_low_half_penalty_0_7_0_4,low_is_c4,0.18543956043956045,0.2448979591836735,0.5,0.16216216216216217,0.8378378378378378,0.5,0.5,6,6,31,31,74
high_low_half_penalty_0_7_0_4,high_is_c4,0.4230769230769231,0.23728813559322035,0.3181818181818182,0.1891891891891892,0.5945945945945946,0.3918918918918919,0.3918918918918919,7,15,22,30,74
high_low_half_penalty_0_7_0_4,high_is_c4,0.4495192307692307,0.22641509433962265,0.375,0.16216216216216217,0.7297297297297297,0.44594594594594594,0.44594594594594594,6,10,27,31,74
high_low_half_penalty_0_7_0_4,high_is_c4,0.40796703296703296,0.22580645161290325,0.28,0.1891891891891892,0.5135135135135135,0.35135135135135137,0.3513513513513513,7,18,19,30,74
high_low_half_penalty_0_7_0_4,high_is_c4,0.4330357142857143,0.22222222222222227,0.35294117647058826,0.16216216216216217,0.7027027027027027,0.43243243243243246,0.43243243243243246,6,11,26,31,74
high_low_half_penalty_0_7_0_4,low_is_c4,0.14835164835164838,0.22222222222222224,0.625,0.13513513513513514,0.918918918918919,0.527027027027027,0.5270270270270271,5,3,34,32,74
high_low_half_penalty_0_7_0_4,high_is_c4,0.4285714285714286,0.2181818181818182,0.3333333333333333,0.16216216216216217,0.6756756756756757,0.4189189189189189,0.4189189189189189,6,12,25,31,74
high_low_half_penalty_0_7_0_4,low_is_c4,0.16620879120879123,0.21276595744680854,0.5,0.13513513513513514,0.8648648648648649,0.5,0.5,5,5,32,32,74
high_low_half_penalty_0_7_0_4,high_is_c4,0.46291208791208793,0.19607843137254902,0.35714285714285715,0.13513513513513514,0.7567567567567568,0.44594594594594594,0.44594594594594594,5,9,28,32,74
high_low_half_penalty_0_7_0_4,high_is_c4,0.46153846153846156,0.1923076923076923,0.3333333333333333,0.13513513513513514,0.7297297297297297,0.43243243243243246,0.43243243243243246,5,10,27,32,74
high_low_half_penalty_0_7_0_4,low_is_c4,0.10989010989010989,0.19047619047619047,0.8,0.10810810810810811,0.972972972972973,0.5405405405405406,0.5405405405405406,4,1,36,33,74
high_low_half_penalty_0_7_0_4,low_is_c4,0.14285714285714285,0.18604651162790697,0.6666666666666666,0.10810810810810811,0.9459459459459459,0.527027027027027,0.527027027027027,4,2,35,33,74
high_low_half_penalty_0_7_0_4,low_is_c4,0.06904761904761904,0.15,1.0,0.08108108108108109,1.0,0.5405405405405406,0.5405405405405406,3,0,37,34,74
high_low_half_penalty_0_7_0_4,low_is_c4,0.07417582417582418,0.14634146341463414,0.75,0.08108108108108109,0.972972972972973,0.527027027027027,0.5270270270270271,3,1,36,34,74
high_low_half_penalty_0_7_0_4,high_is_c4,0.4642857142857143,0.12244897959183675,0.25,0.08108108108108109,0.7567567567567568,0.4189189189189189,0.41891891891891897,3,9,28,34,74
high_low_half_penalty_0_7_0_4,low_is_c4,0.051190476190476175,0.10256410256410257,1.0,0.05405405405405406,1.0,0.527027027027027,0.527027027027027,2,0,37,35,74
high_low_half_penalty_0_7_0_4,high_is_c4,0.4654761904761905,0.08333333333333334,0.18181818181818182,0.05405405405405406,0.7567567567567568,0.40540540540540543,0.40540540540540543,2,9,28,35,74
high_low_half_penalty_0_7_0_4,low_is_c4,-0.07692307692307693,0.052631578947368425,1.0,0.02702702702702703,1.0,0.5135135135135135,0.5135135135135135,1,0,37,36,74
high_low_half_penalty_0_7_0_4,low_is_c4,-0.020604395604395614,0.052631578947368425,1.0,0.02702702702702703,1.0,0.5135135135135135,0.5135135135135135,1,0,37,36,74
high_low_half_penalty_0_7_0_4,high_is_c4,0.5119047619047619,0.04878048780487805,0.25,0.02702702702702703,0.918918918918919,0.47297297297297297,0.472972972972973,1,3,34,36,74
high_low_half_penalty_0_7_0_4,high_is_c4,0.48333333333333334,0.0425531914893617,0.1,0.02702702702702703,0.7567567567567568,0.3918918918918919,0.3918918918918919,1,9,28,36,74
high_low_half_penalty_0_7_0_4,high_is_c4,0.6483516483516484,0.0,0.0,0.0,0.972972972972973,0.4864864864864865,0.4864864864864865,0,1,36,37,74
high_low_half_penalty_0_7_0_4,high_is_c4,0.6538461538461539,0.0,0.0,0.0,0.972972972972973,0.4864864864864865,0.4864864864864865,0,1,36,37,74
high_low_half_penalty_0_7_0_4,high_is_c4,0.5892857142857144,0.0,0.0,0.0,0.9459459459459459,0.47297297297297297,0.47297297297297297,0,2,35,37,74
high_low_half_penalty_0_7_0_4,high_is_c4,0.5297619047619048,0.0,0.0,0.0,0.918918918918919,0.4594594594594595,0.4594594594594595,0,3,34,37,74
high_low_half_penalty_0_7_0_5,low_is_c4,0.44505494505494503,0.6938775510204082,0.5573770491803278,0.918918918918919,0.2702702702702703,0.5945945945945946,0.5945945945945946,34,27,10,3,74
high_low_half_penalty_0_7_0_5,low_is_c4,0.48333333333333334,0.6923076923076924,0.5373134328358209,0.972972972972973,0.16216216216216217,0.5675675675675675,0.5675675675675675,36,31,6,1,74
high_low_half_penalty_0_7_0_5,low_is_c4,0.4642857142857143,0.6862745098039216,0.5384615384615384,0.9459459459459459,0.1891891891891892,0.5675675675675675,0.5675675675675675,35,30,7,2,74
high_low_half_penalty_0_7_0_5,low_is_c4,0.4654761904761905,0.6862745098039216,0.5384615384615384,0.9459459459459459,0.1891891891891892,0.5675675675675675,0.5675675675675675,35,30,7,2,74
high_low_half_penalty_0_7_0_5,low_is_c4,0.46153846153846156,0.68,0.5396825396825397,0.918918918918919,0.21621621621621623,0.5675675675675675,0.5675675675675675,34,29,8,3,74
high_low_half_penalty_0_7_0_5,low_is_c4,0.46291208791208793,0.68,0.5396825396825397,0.918918918918919,0.21621621621621623,0.5675675675675675,0.5675675675675675,34,29,8,3,74
high_low_half_penalty_0_7_0_5,low_is_c4,0.531135531135531,0.6788990825688073,0.5138888888888888,1.0,0.05405405405405406,0.527027027027027,0.527027027027027,37,35,2,0,74
high_low_half_penalty_0_7_0_5,low_is_c4,0.33379120879120877,0.675,0.627906976744186,0.7297297297297297,0.5675675675675675,0.6486486486486487,0.6486486486486487,27,16,21,10,74
high_low_half_penalty_0_7_0_5,low_is_c4,0.3516483516483516,0.674698795180723,0.6086956521739131,0.7567567567567568,0.5135135135135135,0.6351351351351351,0.6351351351351351,28,18,19,9,74
high_low_half_penalty_0_7_0_5,low_is_c4,0.3928571428571428,0.6741573033707865,0.5769230769230769,0.8108108108108109,0.40540540540540543,0.6081081081081081,0.6081081081081081,30,22,15,7,74
high_low_half_penalty_0_7_0_5,low_is_c4,0.5728021978021978,0.6727272727272727,0.5068493150684932,1.0,0.02702702702702703,0.5135135135135135,0.5135135135135135,37,36,1,0,74
high_low_half_penalty_0_7_0_5,low_is_c4,0.31009615384615385,0.6666666666666667,0.6341463414634146,0.7027027027027027,0.5945945945945946,0.6486486486486487,0.6486486486486487,26,15,22,11,74
high_low_half_penalty_0_7_0_5,low_is_c4,0.40796703296703296,0.6666666666666667,0.5660377358490566,0.8108108108108109,0.3783783783783784,0.5945945945945946,0.5945945945945946,30,23,14,7,74
high_low_half_penalty_0_7_0_5,low_is_c4,0.3660714285714286,0.6666666666666666,0.5957446808510638,0.7567567567567568,0.4864864864864865,0.6216216216216216,0.6216216216216217,28,19,18,9,74
high_low_half_penalty_0_7_0_5,low_is_c4,0.5119047619047619,0.6666666666666666,0.5070422535211268,0.972972972972973,0.05405405405405406,0.5135135135135135,0.5135135135135136,36,35,2,1,74
high_low_half_penalty_0_7_0_5,high_is_c4,-0.11538461538461539,0.6666666666666666,0.5,1.0,0.0,0.5,0.5,37,37,0,0,74
high_low_half_penalty_0_7_0_5,low_is_c4,0.6071428571428572,0.6666666666666666,0.5,1.0,0.0,0.5,0.5,37,37,0,0,74
high_low_half_penalty_0_7_0_5,low_is_c4,0.4230769230769231,0.6595744680851063,0.543859649122807,0.8378378378378378,0.2972972972972973,0.5675675675675675,0.5675675675675675,31,26,11,6,74
high_low_half_penalty_0_7_0_5,low_is_c4,0.3887362637362637,0.6590909090909091,0.5686274509803921,0.7837837837837838,0.40540540540540543,0.5945945945945946,0.5945945945945946,29,22,15,8,74
high_low_half_penalty_0_7_0_5,low_is_c4,0.375,0.6588235294117648,0.5833333333333334,0.7567567567567568,0.4594594594594595,0.6081081081081081,0.6081081081081081,28,20,17,9,74
high_low_half_penalty_0_7_0_5,low_is_c4,0.3169642857142857,0.6582278481012659,0.6190476190476191,0.7027027027027027,0.5675675675675675,0.6351351351351351,0.6351351351351351,26,16,21,11,74
high_low_half_penalty_0_7_0_5,high_is_c4,-0.057692307692307696,0.6545454545454545,0.4931506849315068,0.972972972972973,0.0,0.4864864864864865,0.4864864864864865,36,37,0,1,74
high_low_half_penalty_0_7_0_5,low_is_c4,0.42582417582417587,0.6526315789473685,0.5344827586206896,0.8378378378378378,0.2702702702702703,0.5540540540540541,0.5540540540540541,31,27,10,6,74
high_low_half_penalty_0_7_0_5,low_is_c4,0.3798076923076923,0.6511627906976745,0.5714285714285714,0.7567567567567568,0.43243243243243246,0.5945945945945946,0.5945945945945946,28,21,16,9,74
high_low_half_penalty_0_7_0_5,high_is_c4,0.016666666666666663,0.6422018348623854,0.4861111111111111,0.9459459459459459,0.0,0.47297297297297297,0.47297297297297297,35,37,0,2,74
high_low_half_penalty_0_7_0_5,low_is_c4,0.3038461538461539,0.64,0.631578947368421,0.6486486486486487,0.6216216216216216,0.6351351351351351,0.6351351351351351,24,14,23,13,74
high_low_half_penalty_0_7_0_5,high_is_c4,0.12912087912087916,0.6391752577319588,0.5166666666666667,0.8378378378378378,0.21621621621621623,0.527027027027027,0.527027027027027,31,29,8,6,74
high_low_half_penalty_0_7_0_5,high_is_c4,0.053571428571428575,0.6355140186915889,0.4857142857142857,0.918918918918919,0.02702702702702703,0.47297297297297297,0.472972972972973,34,36,1,3,74
high_low_half_penalty_0_7_0_5,high_is_c4,0.14835164835164838,0.631578947368421,0.5172413793103449,0.8108108108108109,0.24324324324324326,0.527027027027027,0.5270270270270271,30,28,9,7,74
high_low_half_penalty_0_7_0_5,high_is_c4,0.03452380952380951,0.6296296296296297,0.4788732394366197,0.918918918918919,0.0,0.4594594594594595,0.4594594594594595,34,37,0,3,74
high_low_half_penalty_0_7_0_5,high_is_c4,0.11126373626373628,0.6274509803921569,0.49230769230769234,0.8648648648648649,0.10810810810810811,0.4864864864864865,0.4864864864864865,32,33,4,5,74
high_low_half_penalty_0_7_0_5,high_is_c4,0.07417582417582419,0.6226415094339622,0.4782608695652174,0.8918918918918919,0.02702702702702703,0.4594594594594595,0.45945945945945943,33,36,1,4,74
high_low_half_penalty_0_7_0_5,low_is_c4,0.29285714285714287,0.6216216216216216,0.6216216216216216,0.6216216216216216,0.6216216216216216,0.6216216216216216,0.6216216216216216,23,14,23,14,74
high_low_half_penalty_0_7_0_5,high_is_c4,0.10714285714285714,0.6213592233009709,0.48484848484848486,0.8648648648648649,0.08108108108108109,0.47297297297297297,0.472972972972973,32,34,3,5,74
high_low_half_penalty_0_7_0_5,high_is_c4,0.09203296703296703,0.6095238095238095,0.47058823529411764,0.8648648648648649,0.02702702702702703,0.44594594594594594,0.44594594594594594,32,36,1,5,74
high_low_half_penalty_0_7_0_5,high_is_c4,0.17261904761904762,0.5842696629213484,0.5,0.7027027027027027,0.2972972972972973,0.5,0.5,26,26,11,11,74
high_low_half_penalty_0_7_0_5,low_is_c4,0.2774725274725275,0.5833333333333333,0.6,0.5675675675675675,0.6216216216216216,0.5945945945945946,0.5945945945945945,21,14,23,16,74
high_low_half_penalty_0_7_0_5,high_is_c4,0.16025641025641027,0.5777777777777777,0.49056603773584906,0.7027027027027027,0.2702702702702703,0.4864864864864865,0.4864864864864865,26,27,10,11,74
high_low_half_penalty_0_7_0_5,high_is_c4,0.1964285714285714,0.5681818181818181,0.49019607843137253,0.6756756756756757,0.2972972972972973,0.4864864864864865,0.4864864864864865,25,26,11,12,74
high_low_half_penalty_0_7_0_5,high_is_c4,0.22252747252747251,0.5411764705882353,0.4791666666666667,0.6216216216216216,0.32432432432432434,0.47297297297297297,0.47297297297297297,23,25,12,14,74
high_low_half_penalty_0_7_0_5,high_is_c4,0.2403846153846154,0.5185185185185185,0.4772727272727273,0.5675675675675675,0.3783783783783784,0.47297297297297297,0.47297297297297297,21,23,14,16,74
high_low_half_penalty_0_7_0_5,low_is_c4,0.25961538461538464,0.5,0.5483870967741935,0.4594594594594595,0.6216216216216216,0.5405405405405406,0.5405405405405406,17,14,23,20,74
high_low_half_penalty_0_7_0_5,high_is_c4,0.25961538461538464,0.5,0.46511627906976744,0.5405405405405406,0.3783783783783784,0.4594594594594595,0.4594594594594595,20,23,14,17,74
high_low_half_penalty_0_7_0_5,low_is_c4,0.2403846153846154,0.47761194029850745,0.5333333333333333,0.43243243243243246,0.6216216216216216,0.527027027027027,0.527027027027027,16,14,23,21,74
high_low_half_penalty_0_7_0_5,low_is_c4,0.22252747252747251,0.4444444444444445,0.5384615384615384,0.3783783783783784,0.6756756756756757,0.527027027027027,0.527027027027027,14,12,25,23,74
high_low_half_penalty_0_7_0_5,high_is_c4,0.2774725274725275,0.42105263157894735,0.41025641025641024,0.43243243243243246,0.3783783783783784,0.40540540540540543,0.40540540540540543,16,23,14,21,74
high_low_half_penalty_0_7_0_5,low_is_c4,0.1964285714285714,0.4,0.5217391304347826,0.32432432432432434,0.7027027027027027,0.5135135135135135,0.5135135135135136,12,11,26,25,74
high_low_half_penalty_0_7_0_5,low_is_c4,0.16025641025641027,0.37931034482758624,0.5238095238095238,0.2972972972972973,0.7297297297297297,0.5135135135135135,0.5135135135135135,11,10,27,26,74
high_low_half_penalty_0_7_0_5,high_is_c4,0.29285714285714287,0.37837837837837834,0.3783783783783784,0.3783783783783784,0.3783783783783784,0.3783783783783784,0.3783783783783784,14,23,14,23,74
high_low_half_penalty_0_7_0_5,low_is_c4,0.17261904761904762,0.3728813559322034,0.5,0.2972972972972973,0.7027027027027027,0.5,0.5,11,11,26,26,74
high_low_half_penalty_0_7_0_5,high_is_c4,0.3038461538461539,0.3561643835616438,0.3611111111111111,0.35135135135135137,0.3783783783783784,0.36486486486486486,0.3648648648648649,13,23,14,24,74
high_low_half_penalty_0_7_0_5,high_is_c4,0.3169642857142857,0.3188405797101449,0.34375,0.2972972972972973,0.43243243243243246,0.36486486486486486,0.3648648648648649,11,21,16,26,74
high_low_half_penalty_0_7_0_5,high_is_c4,0.31009615384615385,0.3142857142857143,0.3333333333333333,0.2972972972972973,0.40540540540540543,0.35135135135135137,0.35135135135135137,11,22,15,26,74
high_low_half_penalty_0_7_0_5,high_is_c4,0.33379120879120877,0.2941176470588235,0.3225806451612903,0.2702702702702703,0.43243243243243246,0.35135135135135137,0.35135135135135137,10,21,16,27,74
high_low_half_penalty_0_7_0_5,high_is_c4,0.3798076923076923,0.2903225806451613,0.36,0.24324324324324326,0.5675675675675675,0.40540540540540543,0.4054054054054054,9,16,21,28,74
high_low_half_penalty_0_7_0_5,high_is_c4,0.3660714285714286,0.28125,0.3333333333333333,0.24324324324324326,0.5135135135135135,0.3783783783783784,0.3783783783783784,9,18,19,28,74
high_low_half_penalty_0_7_0_5,high_is_c4,0.375,0.28125,0.3333333333333333,0.24324324324324326,0.5135135135135135,0.3783783783783784,0.3783783783783784,9,18,19,28,74
high_low_half_penalty_0_7_0_5,high_is_c4,0.3516483516483516,0.27692307692307694,0.32142857142857145,0.24324324324324326,0.4864864864864865,0.36486486486486486,0.3648648648648649,9,19,18,28,74
high_low_half_penalty_0_7_0_5,high_is_c4,0.3887362637362637,0.26666666666666666,0.34782608695652173,0.21621621621621623,0.5945945945945946,0.40540540540540543,0.40540540540540543,8,15,22,29,74
high_low_half_penalty_0_7_0_5,high_is_c4,0.3928571428571428,0.26666666666666666,0.34782608695652173,0.21621621621621623,0.5945945945945946,0.40540540540540543,0.40540540540540543,8,15,22,29,74
high_low_half_penalty_0_7_0_5,low_is_c4,0.14835164835164838,0.2641509433962264,0.4375,0.1891891891891892,0.7567567567567568,0.47297297297297297,0.472972972972973,7,9,28,30,74
high_low_half_penalty_0_7_0_5,high_is_c4,0.40796703296703296,0.24137931034482757,0.3333333333333333,0.1891891891891892,0.6216216216216216,0.40540540540540543,0.4054054054054054,7,14,23,30,74
high_low_half_penalty_0_7_0_5,low_is_c4,0.12912087912087916,0.23529411764705885,0.42857142857142855,0.16216216216216217,0.7837837837837838,0.47297297297297297,0.47297297297297297,6,8,29,31,74
high_low_half_penalty_0_7_0_5,low_is_c4,0.09203296703296703,0.23255813953488372,0.8333333333333334,0.13513513513513514,0.972972972972973,0.5540540540540541,0.5540540540540541,5,1,36,32,74
high_low_half_penalty_0_7_0_5,high_is_c4,0.42582417582417587,0.22641509433962265,0.375,0.16216216216216217,0.7297297297297297,0.44594594594594594,0.44594594594594594,6,10,27,31,74
high_low_half_penalty_0_7_0_5,high_is_c4,0.4230769230769231,0.22222222222222227,0.35294117647058826,0.16216216216216217,0.7027027027027027,0.43243243243243246,0.43243243243243246,6,11,26,31,74
high_low_half_penalty_0_7_0_5,low_is_c4,0.10714285714285714,0.22222222222222224,0.625,0.13513513513513514,0.918918918918919,0.527027027027027,0.5270270270270271,5,3,34,32,74
high_low_half_penalty_0_7_0_5,low_is_c4,0.11126373626373628,0.2173913043478261,0.5555555555555556,0.13513513513513514,0.8918918918918919,0.5135135135135135,0.5135135135135135,5,4,33,32,74
high_low_half_penalty_0_7_0_5,low_is_c4,0.07417582417582419,0.19047619047619047,0.8,0.10810810810810811,0.972972972972973,0.5405405405405406,0.5405405405405406,4,1,36,33,74
high_low_half_penalty_0_7_0_5,low_is_c4,0.03452380952380951,0.15,1.0,0.08108108108108109,1.0,0.5405405405405406,0.5405405405405406,3,0,37,34,74
high_low_half_penalty_0_7_0_5,low_is_c4,0.053571428571428575,0.14634146341463414,0.75,0.08108108108108109,0.972972972972973,0.527027027027027,0.5270270270270271,3,1,36,34,74
high_low_half_penalty_0_7_0_5,high_is_c4,0.4642857142857143,0.12765957446808512,0.3,0.08108108108108109,0.8108108108108109,0.44594594594594594,0.44594594594594594,3,7,30,34,74
high_low_half_penalty_0_7_0_5,high_is_c4,0.46291208791208793,0.125,0.2727272727272727,0.08108108108108109,0.7837837837837838,0.43243243243243246,0.43243243243243246,3,8,29,34,74
high_low_half_penalty_0_7_0_5,high_is_c4,0.46153846153846156,0.12244897959183675,0.25,0.08108108108108109,0.7567567567567568,0.4189189189189189,0.41891891891891897,3,9,28,34,74
high_low_half_penalty_0_7_0_5,high_is_c4,0.44505494505494503,0.12,0.23076923076923078,0.08108108108108109,0.7297297297297297,0.40540540540540543,0.4054054054054054,3,10,27,34,74
high_low_half_penalty_0_7_0_5,low_is_c4,0.016666666666666663,0.10256410256410257,1.0,0.05405405405405406,1.0,0.527027027027027,0.527027027027027,2,0,37,35,74
high_low_half_penalty_0_7_0_5,high_is_c4,0.4654761904761905,0.08695652173913043,0.2222222222222222,0.05405405405405406,0.8108108108108109,0.43243243243243246,0.43243243243243246,2,7,30,35,74
high_low_half_penalty_0_7_0_5,low_is_c4,-0.11538461538461539,0.052631578947368425,1.0,0.02702702702702703,1.0,0.5135135135135135,0.5135135135135135,1,0,37,36,74
high_low_half_penalty_0_7_0_5,low_is_c4,-0.057692307692307696,0.052631578947368425,1.0,0.02702702702702703,1.0,0.5135135135135135,0.5135135135135135,1,0,37,36,74
high_low_half_penalty_0_7_0_5,high_is_c4,0.5119047619047619,0.05,0.3333333333333333,0.02702702702702703,0.9459459459459459,0.4864864864864865,0.4864864864864865,1,2,35,36,74
high_low_half_penalty_0_7_0_5,high_is_c4,0.48333333333333334,0.045454545454545456,0.14285714285714285,0.02702702702702703,0.8378378378378378,0.43243243243243246,0.43243243243243246,1,6,31,36,74
high_low_half_penalty_0_7_0_5,high_is_c4,0.5728021978021978,0.0,0.0,0.0,0.972972972972973,0.4864864864864865,0.4864864864864865,0,1,36,37,74
high_low_half_penalty_0_7_0_5,high_is_c4,0.6071428571428572,0.0,0.0,0.0,0.972972972972973,0.4864864864864865,0.4864864864864865,0,1,36,37,74
high_low_half_penalty_0_7_0_5,high_is_c4,0.531135531135531,0.0,0.0,0.0,0.9459459459459459,0.47297297297297297,0.47297297297297297,0,2,35,37,74
high_low_half_penalty_0_8_0_2,low_is_c4,0.5178571428571428,0.691588785046729,0.5285714285714286,1.0,0.10810810810810811,0.5540540540540541,0.5540540540540541,37,33,4,0,74
high_low_half_penalty_0_8_0_2,low_is_c4,0.5370879120879121,0.6851851851851851,0.5211267605633803,1.0,0.08108108108108109,0.5405405405405406,0.5405405405405406,37,34,3,0,74
high_low_half_penalty_0_8_0_2,low_is_c4,0.4807692307692308,0.673076923076923,0.5223880597014925,0.9459459459459459,0.13513513513513514,0.5405405405405406,0.5405405405405406,35,32,5,2,74
high_low_half_penalty_0_8_0_2,low_is_c4,0.5692307692307692,0.6727272727272727,0.5068493150684932,1.0,0.02702702702702703,0.5135135135135135,0.5135135135135135,37,36,1,0,74
high_low_half_penalty_0_8_0_2,low_is_c4,0.4450549450549451,0.6666666666666666,0.5230769230769231,0.918918918918919,0.16216216216216217,0.5405405405405406,0.5405405405405406,34,31,6,3,74
high_low_half_penalty_0_8_0_2,high_is_c4,0.0,0.6666666666666666,0.5,1.0,0.0,0.5,0.5,37,37,0,0,74
high_low_half_penalty_0_8_0_2,low_is_c4,0.6,0.6666666666666666,0.5,1.0,0.0,0.5,0.5,37,37,0,0,74
high_low_half_penalty_0_8_0_2,low_is_c4,0.42582417582417587,0.6464646464646465,0.5161290322580645,0.8648648648648649,0.1891891891891892,0.527027027027027,0.5270270270270271,32,30,7,5,74
high_low_half_penalty_0_8_0_2,high_is_c4,0.038461538461538464,0.6422018348623854,0.4861111111111111,0.9459459459459459,0.0,0.47297297297297297,0.47297297297297297,35,37,0,2,74
high_low_half_penalty_0_8_0_2,low_is_c4,0.41391941391941395,0.6382978723404256,0.5263157894736842,0.8108108108108109,0.2702702702702703,0.5405405405405406,0.5405405405405406,30,27,10,7,74
high_low_half_penalty_0_8_0_2,high_is_c4,0.11126373626373626,0.6355140186915889,0.4857142857142857,0.918918918918919,0.02702702702702703,0.47297297297297297,0.472972972972973,34,36,1,3,74
high_low_half_penalty_0_8_0_2,low_is_c4,0.3038461538461539,0.631578947368421,0.6153846153846154,0.6486486486486487,0.5945945945945946,0.6216216216216216,0.6216216216216217,24,15,22,13,74
high_low_half_penalty_0_8_0_2,high_is_c4,0.09203296703296704,0.6296296296296297,0.4788732394366197,0.918918918918919,0.0,0.4594594594594595,0.4594594594594595,34,37,0,3,74
high_low_half_penalty_0_8_0_2,low_is_c4,0.3660714285714286,0.6292134831460674,0.5384615384615384,0.7567567567567568,0.35135135135135137,0.5540540540540541,0.5540540540540541,28,24,13,9,74
high_low_half_penalty_0_8_0_2,low_is_c4,0.39468864468864473,0.6236559139784947,0.5178571428571429,0.7837837837837838,0.2702702702702703,0.527027027027027,0.527027027027027,29,27,10,8,74
high_low_half_penalty_0_8_0_2,low_is_c4,0.3798076923076923,0.6222222222222221,0.5283018867924528,0.7567567567567568,0.32432432432432434,0.5405405405405406,0.5405405405405406,28,25,12,9,74
high_low_half_penalty_0_8_0_2,low_is_c4,0.3571428571428571,0.6136363636363636,0.5294117647058824,0.7297297297297297,0.35135135135135137,0.5405405405405406,0.5405405405405406,27,24,13,10,74
high_low_half_penalty_0_8_0_2,low_is_c4,0.29285714285714287,0.6133333333333333,0.6052631578947368,0.6216216216216216,0.5945945945945946,0.6081081081081081,0.6081081081081081,23,15,22,14,74
high_low_half_penalty_0_8_0_2,low_is_c4,0.31456043956043955,0.6075949367088608,0.5714285714285714,0.6486486486486487,0.5135135135135135,0.581081081081081,0.5810810810810811,24,18,19,13,74
high_low_half_penalty_0_8_0_2,low_is_c4,0.2774725274725275,0.6027397260273972,0.6111111111111112,0.5945945945945946,0.6216216216216216,0.6081081081081081,0.6081081081081081,22,14,23,15,74
high_low_half_penalty_0_8_0_2,low_is_c4,0.3325892857142857,0.6024096385542168,0.5434782608695652,0.6756756756756757,0.43243243243243246,0.5540540540540541,0.5540540540540541,25,21,16,12,74
high_low_half_penalty_0_8_0_2,high_is_c4,0.14835164835164835,0.6019417475728156,0.4696969696969697,0.8378378378378378,0.05405405405405406,0.44594594594594594,0.44594594594594594,31,35,2,6,74
high_low_half_penalty_0_8_0_2,low_is_c4,0.3214285714285714,0.6,0.5581395348837209,0.6486486486486487,0.4864864864864865,0.5675675675675675,0.5675675675675675,24,19,18,13,74
high_low_half_penalty_0_8_0_2,low_is_c4,0.3516483516483516,0.5977011494252874,0.52,0.7027027027027027,0.35135135135135137,0.527027027027027,0.5270270270270271,26,24,13,11,74
high_low_half_penalty_0_8_0_2,high_is_c4,0.1291208791208791,0.5961538461538461,0.4626865671641791,0.8378378378378378,0.02702702702702703,0.43243243243243246,0.43243243243243246,31,36,1,6,74
high_low_half_penalty_0_8_0_2,high_is_c4,0.1662087912087912,0.594059405940594,0.46875,0.8108108108108109,0.08108108108108109,0.44594594594594594,0.44594594594594594,30,34,3,7,74
high_low_half_penalty_0_8_0_2,low_is_c4,0.3449519230769231,0.5882352941176472,0.5208333333333334,0.6756756756756757,0.3783783783783784,0.527027027027027,0.527027027027027,25,23,14,12,74
high_low_half_penalty_0_8_0_2,low_is_c4,0.25961538461538464,0.5757575757575758,0.6551724137931034,0.5135135135135135,0.7297297297297297,0.6216216216216216,0.6216216216216216,19,10,27,18,74
high_low_half_penalty_0_8_0_2,high_is_c4,0.18543956043956045,0.5510204081632653,0.4426229508196721,0.7297297297297297,0.08108108108108109,0.40540540540540543,0.4054054054054054,27,34,3,10,74
high_low_half_penalty_0_8_0_2,low_is_c4,0.2403846153846154,0.5483870967741935,0.68,0.4594594594594595,0.7837837837837838,0.6216216216216216,0.6216216216216216,17,8,29,20,74
high_low_half_penalty_0_8_0_2,high_is_c4,0.2032967032967033,0.5319148936170213,0.43859649122807015,0.6756756756756757,0.13513513513513514,0.40540540540540543,0.4054054054054054,25,32,5,12,74
high_low_half_penalty_0_8_0_2,high_is_c4,0.2142857142857143,0.5274725274725275,0.4444444444444444,0.6486486486486487,0.1891891891891892,0.4189189189189189,0.41891891891891897,24,30,7,13,74
high_low_half_penalty_0_8_0_2,low_is_c4,0.2142857142857143,0.5084745762711864,0.6818181818181818,0.40540540540540543,0.8108108108108109,0.6081081081081081,0.6081081081081081,15,7,30,22,74
high_low_half_penalty_0_8_0_2,low_is_c4,0.22252747252747254,0.5084745762711864,0.6818181818181818,0.40540540540540543,0.8108108108108109,0.6081081081081081,0.6081081081081081,15,7,30,22,74
high_low_half_penalty_0_8_0_2,high_is_c4,0.22252747252747254,0.49438202247191015,0.4230769230769231,0.5945945945945946,0.1891891891891892,0.3918918918918919,0.3918918918918919,22,30,7,15,74
high_low_half_penalty_0_8_0_2,high_is_c4,0.2403846153846154,0.46511627906976744,0.40816326530612246,0.5405405405405406,0.21621621621621623,0.3783783783783784,0.3783783783783784,20,29,8,17,74
high_low_half_penalty_0_8_0_2,low_is_c4,0.2032967032967033,0.44444444444444453,0.7058823529411765,0.32432432432432434,0.8648648648648649,0.5945945945945946,0.5945945945945946,12,5,32,25,74
high_low_half_penalty_0_8_0_2,high_is_c4,0.25961538461538464,0.43902439024390244,0.4,0.4864864864864865,0.2702702702702703,0.3783783783783784,0.3783783783783784,18,27,10,19,74
high_low_half_penalty_0_8_0_2,low_is_c4,0.18543956043956045,0.4,0.7692307692307693,0.2702702702702703,0.918918918918919,0.5945945945945946,0.5945945945945946,10,3,34,27,74
high_low_half_penalty_0_8_0_2,high_is_c4,0.2774725274725275,0.4,0.39473684210526316,0.40540540540540543,0.3783783783783784,0.3918918918918919,0.3918918918918919,15,23,14,22,74
high_low_half_penalty_0_8_0_2,high_is_c4,0.29285714285714287,0.3835616438356164,0.3888888888888889,0.3783783783783784,0.40540540540540543,0.3918918918918919,0.3918918918918919,14,22,15,23,74
high_low_half_penalty_0_8_0_2,high_is_c4,0.3449519230769231,0.38095238095238093,0.46153846153846156,0.32432432432432434,0.6216216216216216,0.47297297297297297,0.47297297297297297,12,14,23,25,74
high_low_half_penalty_0_8_0_2,high_is_c4,0.31456043956043955,0.37681159420289856,0.40625,0.35135135135135137,0.4864864864864865,0.4189189189189189,0.41891891891891897,13,19,18,24,74
high_low_half_penalty_0_8_0_2,high_is_c4,0.3214285714285714,0.37681159420289856,0.40625,0.35135135135135137,0.4864864864864865,0.4189189189189189,0.41891891891891897,13,19,18,24,74
high_low_half_penalty_0_8_0_2,high_is_c4,0.3325892857142857,0.3692307692307692,0.42857142857142855,0.32432432432432434,0.5675675675675675,0.44594594594594594,0.44594594594594594,12,16,21,25,74
high_low_half_penalty_0_8_0_2,high_is_c4,0.3038461538461539,0.36111111111111116,0.37142857142857144,0.35135135135135137,0.40540540540540543,0.3783783783783784,0.3783783783783784,13,22,15,24,74
high_low_half_penalty_0_8_0_2,high_is_c4,0.3516483516483516,0.36065573770491804,0.4583333333333333,0.2972972972972973,0.6486486486486487,0.47297297297297297,0.472972972972973,11,13,24,26,74
high_low_half_penalty_0_8_0_2,high_is_c4,0.3571428571428571,0.36065573770491804,0.4583333333333333,0.2972972972972973,0.6486486486486487,0.47297297297297297,0.472972972972973,11,13,24,26,74
high_low_half_penalty_0_8_0_2,high_is_c4,0.3798076923076923,0.3103448275862069,0.42857142857142855,0.24324324324324326,0.6756756756756757,0.4594594594594595,0.45945945945945943,9,12,25,28,74
high_low_half_penalty_0_8_0_2,high_is_c4,0.3660714285714286,0.3050847457627119,0.4090909090909091,0.24324324324324326,0.6486486486486487,0.44594594594594594,0.44594594594594594,9,13,24,28,74
high_low_half_penalty_0_8_0_2,low_is_c4,0.1662087912087912,0.2978723404255319,0.7,0.1891891891891892,0.918918918918919,0.5540540540540541,0.5540540540540541,7,3,34,30,74
high_low_half_penalty_0_8_0_2,high_is_c4,0.39468864468864473,0.2909090909090909,0.4444444444444444,0.21621621621621623,0.7297297297297297,0.47297297297297297,0.47297297297297297,8,10,27,29,74
high_low_half_penalty_0_8_0_2,low_is_c4,0.1291208791208791,0.27272727272727276,0.8571428571428571,0.16216216216216217,0.972972972972973,0.5675675675675675,0.5675675675675675,6,1,36,31,74
high_low_half_penalty_0_8_0_2,low_is_c4,0.14835164835164835,0.26666666666666666,0.75,0.16216216216216217,0.9459459459459459,0.5540540540540541,0.5540540540540541,6,2,35,31,74
high_low_half_penalty_0_8_0_2,high_is_c4,0.41391941391941395,0.2592592592592593,0.4117647058823529,0.1891891891891892,0.7297297297297297,0.4594594594594595,0.45945945945945943,7,10,27,30,74
high_low_half_penalty_0_8_0_2,high_is_c4,0.42582417582417587,0.20408163265306126,0.4166666666666667,0.13513513513513514,0.8108108108108109,0.47297297297297297,0.472972972972973,5,7,30,32,74
high_low_half_penalty_0_8_0_2,low_is_c4,0.09203296703296704,0.15,1.0,0.08108108108108109,1.0,0.5405405405405406,0.5405405405405406,3,0,37,34,74
high_low_half_penalty_0_8_0_2,low_is_c4,0.11126373626373626,0.14634146341463414,0.75,0.08108108108108109,0.972972972972973,0.527027027027027,0.5270270270270271,3,1,36,34,74
high_low_half_penalty_0_8_0_2,high_is_c4,0.4450549450549451,0.13043478260869568,0.3333333333333333,0.08108108108108109,0.8378378378378378,0.4594594594594595,0.45945945945945943,3,6,31,34,74
high_low_half_penalty_0_8_0_2,low_is_c4,0.0,0.10256410256410257,1.0,0.05405405405405406,1.0,0.527027027027027,0.527027027027027,2,0,37,35,74
high_low_half_penalty_0_8_0_2,low_is_c4,0.038461538461538464,0.10256410256410257,1.0,0.05405405405405406,1.0,0.527027027027027,0.527027027027027,2,0,37,35,74
high_low_half_penalty_0_8_0_2,high_is_c4,0.4807692307692308,0.09090909090909091,0.2857142857142857,0.05405405405405406,0.8648648648648649,0.4594594594594595,0.4594594594594595,2,5,32,35,74
high_low_half_penalty_0_8_0_2,high_is_c4,0.5692307692307692,0.0,0.0,0.0,0.972972972972973,0.4864864864864865,0.4864864864864865,0,1,36,37,74
high_low_half_penalty_0_8_0_2,high_is_c4,0.6,0.0,0.0,0.0,0.972972972972973,0.4864864864864865,0.4864864864864865,0,1,36,37,74
high_low_half_penalty_0_8_0_2,high_is_c4,0.5370879120879121,0.0,0.0,0.0,0.918918918918919,0.4594594594594595,0.4594594594594595,0,3,34,37,74
high_low_half_penalty_0_8_0_2,high_is_c4,0.5178571428571428,0.0,0.0,0.0,0.8918918918918919,0.44594594594594594,0.44594594594594594,0,4,33,37,74
high_low_half_penalty_0_8_0_3,low_is_c4,0.4821428571428571,0.6792452830188679,0.5217391304347826,0.972972972972973,0.10810810810810811,0.5405405405405406,0.5405405405405406,36,33,4,1,74
high_low_half_penalty_0_8_0_3,low_is_c4,0.4423076923076923,0.673076923076923,0.5223880597014925,0.9459459459459459,0.13513513513513514,0.5405405405405406,0.5405405405405406,35,32,5,2,74
high_low_half_penalty_0_8_0_3,low_is_c4,0.5333333333333333,0.6727272727272727,0.5068493150684932,1.0,0.02702702702702703,0.5135135135135135,0.5135135135135135,37,36,1,0,74
high_low_half_penalty_0_8_0_3,high_is_c4,-0.038461538461538464,0.6666666666666666,0.5,1.0,0.0,0.5,0.5,37,37,0,0,74
high_low_half_penalty_0_8_0_3,low_is_c4,0.5666666666666667,0.6666666666666666,0.5,1.0,0.0,0.5,0.5,37,37,0,0,74
high_low_half_penalty_0_8_0_3,low_is_c4,0.4629120879120879,0.6666666666666665,0.5147058823529411,0.9459459459459459,0.10810810810810811,0.527027027027027,0.527027027027027,35,33,4,2,74
high_low_half_penalty_0_8_0_3,low_is_c4,0.41391941391941395,0.6599999999999999,0.5238095238095238,0.8918918918918919,0.1891891891891892,0.5405405405405406,0.5405405405405406,33,30,7,4,74
high_low_half_penalty_0_8_0_3,high_is_c4,-0.035897435897435895,0.6545454545454545,0.4931506849315068,0.972972972972973,0.0,0.4864864864864865,0.4864864864864865,36,37,0,1,74
high_low_half_penalty_0_8_0_3,high_is_c4,0.07417582417582418,0.6542056074766355,0.5,0.9459459459459459,0.05405405405405406,0.5,0.5,35,35,2,2,74
high_low_half_penalty_0_8_0_3,low_is_c4,0.3660714285714286,0.6521739130434782,0.5454545454545454,0.8108108108108109,0.32432432432432434,0.5675675675675675,0.5675675675675675,30,25,12,7,74
high_low_half_penalty_0_8_0_3,high_is_c4,0.05357142857142857,0.6481481481481483,0.49295774647887325,0.9459459459459459,0.02702702702702703,0.4864864864864865,0.4864864864864865,35,36,1,2,74
high_low_half_penalty_0_8_0_3,low_is_c4,0.39880952380952384,0.6464646464646465,0.5161290322580645,0.8648648648648649,0.1891891891891892,0.527027027027027,0.5270270270270271,32,30,7,5,74
high_low_half_penalty_0_8_0_3,low_is_c4,0.3798076923076923,0.6451612903225806,0.5357142857142857,0.8108108108108109,0.2972972972972973,0.5540540540540541,0.5540540540540541,30,26,11,7,74
high_low_half_penalty_0_8_0_3,high_is_c4,0.0011904761904761932,0.6422018348623854,0.4861111111111111,0.9459459459459459,0.0,0.47297297297297297,0.47297297297297297,35,37,0,2,74
high_low_half_penalty_0_8_0_3,low_is_c4,0.38873626373626374,0.6391752577319588,0.5166666666666667,0.8378378378378378,0.21621621621621623,0.527027027027027,0.527027027027027,31,29,8,6,74
high_low_half_penalty_0_8_0_3,low_is_c4,0.3516483516483516,0.6222222222222221,0.5283018867924528,0.7567567567567568,0.32432432432432434,0.5405405405405406,0.5405405405405406,28,25,12,9,74
high_low_half_penalty_0_8_0_3,high_is_c4,0.09203296703296703,0.6153846153846153,0.47761194029850745,0.8648648648648649,0.05405405405405406,0.4594594594594595,0.4594594594594595,32,35,2,5,74
high_low_half_penalty_0_8_0_3,low_is_c4,0.3337912087912088,0.6136363636363636,0.5294117647058824,0.7297297297297297,0.35135135135135137,0.5405405405405406,0.5405405405405406,27,24,13,10,74
high_low_half_penalty_0_8_0_3,high_is_c4,0.11126373626373626,0.6019417475728156,0.4696969696969697,0.8378378378378378,0.05405405405405406,0.44594594594594594,0.44594594594594594,31,35,2,6,74
high_low_half_penalty_0_8_0_3,low_is_c4,0.3214285714285714,0.5977011494252874,0.52,0.7027027027027027,0.35135135135135137,0.527027027027027,0.5270270270270271,26,24,13,11,74
high_low_half_penalty_0_8_0_3,low_is_c4,0.27524038461538464,0.5974025974025973,0.575,0.6216216216216216,0.5405405405405406,0.581081081081081,0.5810810810810811,23,17,20,14,74
high_low_half_penalty_0_8_0_3,low_is_c4,0.31009615384615385,0.5952380952380952,0.5319148936170213,0.6756756756756757,0.40540540540540543,0.5405405405405406,0.5405405405405406,25,22,15,12,74
high_low_half_penalty_0_8_0_3,low_is_c4,0.2967032967032967,0.5925925925925926,0.5454545454545454,0.6486486486486487,0.4594594594594595,0.5540540540540541,0.5540540540540541,24,20,17,13,74
high_low_half_penalty_0_8_0_3,high_is_c4,0.1291208791208791,0.5918367346938777,0.47540983606557374,0.7837837837837838,0.13513513513513514,0.4594594594594595,0.45945945945945943,29,32,5,8,74
high_low_half_penalty_0_8_0_3,high_is_c4,0.14285714285714285,0.5918367346938777,0.47540983606557374,0.7837837837837838,0.13513513513513514,0.4594594594594595,0.45945945945945943,29,32,5,8,74
high_low_half_penalty_0_8_0_3,low_is_c4,0.28348214285714285,0.5897435897435899,0.5609756097560976,0.6216216216216216,0.5135135135135135,0.5675675675675675,0.5675675675675675,23,18,19,14,74
high_low_half_penalty_0_8_0_3,low_is_c4,0.3169642857142857,0.5882352941176472,0.5208333333333334,0.6756756756756757,0.3783783783783784,0.527027027027027,0.527027027027027,25,23,14,12,74
high_low_half_penalty_0_8_0_3,low_is_c4,0.25961538461538464,0.5753424657534246,0.5833333333333334,0.5675675675675675,0.5945945945945946,0.581081081081081,0.5810810810810811,21,15,22,16,74
high_low_half_penalty_0_8_0_3,low_is_c4,0.2416666666666667,0.5555555555555556,0.5714285714285714,0.5405405405405406,0.5945945945945946,0.5675675675675675,0.5675675675675675,20,15,22,17,74
high_low_half_penalty_0_8_0_3,high_is_c4,0.14835164835164838,0.5473684210526315,0.4482758620689655,0.7027027027027027,0.13513513513513514,0.4189189189189189,0.41891891891891897,26,32,5,11,74
high_low_half_penalty_0_8_0_3,low_is_c4,0.2142857142857143,0.5454545454545455,0.6206896551724138,0.4864864864864865,0.7027027027027027,0.5945945945945946,0.5945945945945946,18,11,26,19,74
high_low_half_penalty_0_8_0_3,low_is_c4,0.21825396825396826,0.5454545454545455,0.6206896551724138,0.4864864864864865,0.7027027027027027,0.5945945945945946,0.5945945945945946,18,11,26,19,74
high_low_half_penalty_0_8_0_3,high_is_c4,0.1662087912087912,0.5376344086021506,0.44642857142857145,0.6756756756756757,0.16216216216216217,0.4189189189189189,0.4189189189189189,25,31,6,12,74
high_low_half_penalty_0_8_0_3,low_is_c4,0.2264957264957265,0.5373134328358209,0.6,0.4864864864864865,0.6756756756756757,0.581081081081081,0.5810810810810811,18,12,25,19,74
high_low_half_penalty_0_8_0_3,low_is_c4,0.23205128205128206,0.5352112676056339,0.5588235294117647,0.5135135135135135,0.5945945945945946,0.5540540540540541,0.5540540540540541,19,15,22,18,74
high_low_half_penalty_0_8_0_3,high_is_c4,0.18543956043956045,0.5333333333333334,0.4528301886792453,0.6486486486486487,0.21621621621621623,0.43243243243243246,0.43243243243243246,24,29,8,13,74
high_low_half_penalty_0_8_0_3,low_is_c4,0.2032967032967033,0.5161290322580645,0.64,0.43243243243243246,0.7567567567567568,0.5945945945945946,0.5945945945945946,16,9,28,21,74
high_low_half_penalty_0_8_0_3,high_is_c4,0.2032967032967033,0.4883720930232558,0.42857142857142855,0.5675675675675675,0.24324324324324326,0.40540540540540543,0.4054054054054054,21,28,9,16,74
high_low_half_penalty_0_8_0_3,high_is_c4,0.2142857142857143,0.4819277108433735,0.43478260869565216,0.5405405405405406,0.2972972972972973,0.4189189189189189,0.41891891891891897,20,26,11,17,74
high_low_half_penalty_0_8_0_3,high_is_c4,0.2264957264957265,0.46913580246913583,0.4318181818181818,0.5135135135135135,0.32432432432432434,0.4189189189189189,0.4189189189189189,19,25,12,18,74
high_low_half_penalty_0_8_0_3,high_is_c4,0.23205128205128206,0.4675324675324675,0.45,0.4864864864864865,0.40540540540540543,0.44594594594594594,0.44594594594594594,18,22,15,19,74
high_low_half_penalty_0_8_0_3,high_is_c4,0.21825396825396826,0.4634146341463415,0.4222222222222222,0.5135135135135135,0.2972972972972973,0.40540540540540543,0.4054054054054054,19,26,11,18,74
high_low_half_penalty_0_8_0_3,low_is_c4,0.18543956043956045,0.4482758620689656,0.6190476190476191,0.35135135135135137,0.7837837837837838,0.5675675675675675,0.5675675675675675,13,8,29,24,74
high_low_half_penalty_0_8_0_3,high_is_c4,0.2416666666666667,0.4473684210526316,0.4358974358974359,0.4594594594594595,0.40540540540540543,0.43243243243243246,0.43243243243243246,17,22,15,20,74
high_low_half_penalty_0_8_0_3,low_is_c4,0.1662087912087912,0.4363636363636364,0.6666666666666666,0.32432432432432434,0.8378378378378378,0.581081081081081,0.5810810810810811,12,6,31,25,74
high_low_half_penalty_0_8_0_3,high_is_c4,0.25961538461538464,0.4266666666666667,0.42105263157894735,0.43243243243243246,0.40540540540540543,0.4189189189189189,0.41891891891891897,16,22,15,21,74
high_low_half_penalty_0_8_0_3,low_is_c4,0.14835164835164838,0.41509433962264153,0.6875,0.2972972972972973,0.8648648648648649,0.581081081081081,0.5810810810810811,11,5,32,26,74
high_low_half_penalty_0_8_0_3,high_is_c4,0.28348214285714285,0.4000000000000001,0.42424242424242425,0.3783783783783784,0.4864864864864865,0.43243243243243246,0.43243243243243246,14,19,18,23,74
high_low_half_penalty_0_8_0_3,high_is_c4,0.27524038461538464,0.39436619718309857,0.4117647058823529,0.3783783783783784,0.4594594594594595,0.4189189189189189,0.41891891891891897,14,20,17,23,74
high_low_half_penalty_0_8_0_3,high_is_c4,0.2967032967032967,0.3880597014925374,0.43333333333333335,0.35135135135135137,0.5405405405405406,0.44594594594594594,0.44594594594594594,13,17,20,24,74
high_low_half_penalty_0_8_0_3,low_is_c4,0.14285714285714285,0.3846153846153846,0.6666666666666666,0.2702702702702703,0.8648648648648649,0.5675675675675675,0.5675675675675675,10,5,32,27,74
high_low_half_penalty_0_8_0_3,high_is_c4,0.3169642857142857,0.38095238095238093,0.46153846153846156,0.32432432432432434,0.6216216216216216,0.47297297297297297,0.47297297297297297,12,14,23,25,74
high_low_half_penalty_0_8_0_3,high_is_c4,0.3214285714285714,0.38095238095238093,0.46153846153846156,0.32432432432432434,0.6216216216216216,0.47297297297297297,0.47297297297297297,12,14,23,25,74
high_low_half_penalty_0_8_0_3,high_is_c4,0.31009615384615385,0.375,0.4444444444444444,0.32432432432432434,0.5945945945945946,0.4594594594594595,0.4594594594594595,12,15,22,25,74
high_low_half_penalty_0_8_0_3,high_is_c4,0.3337912087912088,0.3333333333333333,0.43478260869565216,0.2702702702702703,0.6486486486486487,0.4594594594594595,0.4594594594594595,10,13,24,27,74
high_low_half_penalty_0_8_0_3,low_is_c4,0.1291208791208791,0.32,0.6153846153846154,0.21621621621621623,0.8648648648648649,0.5405405405405406,0.5405405405405406,8,5,32,29,74
high_low_half_penalty_0_8_0_3,high_is_c4,0.3516483516483516,0.3103448275862069,0.42857142857142855,0.24324324324324326,0.6756756756756757,0.4594594594594595,0.45945945945945943,9,12,25,28,74
high_low_half_penalty_0_8_0_3,low_is_c4,0.11126373626373626,0.26666666666666666,0.75,0.16216216216216217,0.9459459459459459,0.5540540540540541,0.5540540540540541,6,2,35,31,74
high_low_half_penalty_0_8_0_3,high_is_c4,0.3798076923076923,0.2545454545454546,0.3888888888888889,0.1891891891891892,0.7027027027027027,0.44594594594594594,0.44594594594594594,7,11,26,30,74
high_low_half_penalty_0_8_0_3,high_is_c4,0.3660714285714286,0.25,0.3684210526315789,0.1891891891891892,0.6756756756756757,0.43243243243243246,0.43243243243243246,7,12,25,30,74
high_low_half_penalty_0_8_0_3,high_is_c4,0.38873626373626374,0.23529411764705885,0.42857142857142855,0.16216216216216217,0.7837837837837838,0.47297297297297297,0.47297297297297297,6,8,29,31,74
high_low_half_penalty_0_8_0_3,low_is_c4,0.09203296703296703,0.22727272727272727,0.7142857142857143,0.13513513513513514,0.9459459459459459,0.5405405405405406,0.5405405405405406,5,2,35,32,74
high_low_half_penalty_0_8_0_3,high_is_c4,0.39880952380952384,0.20408163265306126,0.4166666666666667,0.13513513513513514,0.8108108108108109,0.47297297297297297,0.472972972972973,5,7,30,32,74
high_low_half_penalty_0_8_0_3,high_is_c4,0.41391941391941395,0.16666666666666669,0.36363636363636365,0.10810810810810811,0.8108108108108109,0.4594594594594595,0.4594594594594595,4,7,30,33,74
high_low_half_penalty_0_8_0_3,low_is_c4,0.0011904761904761932,0.10256410256410257,1.0,0.05405405405405406,1.0,0.527027027027027,0.527027027027027,2,0,37,35,74
high_low_half_penalty_0_8_0_3,low_is_c4,0.05357142857142857,0.1,0.6666666666666666,0.05405405405405406,0.972972972972973,0.5135135135135135,0.5135135135135136,2,1,36,35,74
high_low_half_penalty_0_8_0_3,low_is_c4,0.07417582417582418,0.0975609756097561,0.5,0.05405405405405406,0.9459459459459459,0.5,0.5,2,2,35,35,74
high_low_half_penalty_0_8_0_3,high_is_c4,0.4629120879120879,0.09302325581395349,0.3333333333333333,0.05405405405405406,0.8918918918918919,0.47297297297297297,0.47297297297297297,2,4,33,35,74
high_low_half_penalty_0_8_0_3,high_is_c4,0.4423076923076923,0.09090909090909091,0.2857142857142857,0.05405405405405406,0.8648648648648649,0.4594594594594595,0.4594594594594595,2,5,32,35,74
high_low_half_penalty_0_8_0_3,low_is_c4,-0.038461538461538464,0.052631578947368425,1.0,0.02702702702702703,1.0,0.5135135135135135,0.5135135135135135,1,0,37,36,74
high_low_half_penalty_0_8_0_3,low_is_c4,-0.035897435897435895,0.052631578947368425,1.0,0.02702702702702703,1.0,0.5135135135135135,0.5135135135135135,1,0,37,36,74
high_low_half_penalty_0_8_0_3,high_is_c4,0.4821428571428571,0.047619047619047616,0.2,0.02702702702702703,0.8918918918918919,0.4594594594594595,0.45945945945945943,1,4,33,36,74
high_low_half_penalty_0_8_0_3,high_is_c4,0.5333333333333333,0.0,0.0,0.0,0.972972972972973,0.4864864864864865,0.4864864864864865,0,1,36,37,74
high_low_half_penalty_0_8_0_3,high_is_c4,0.5666666666666667,0.0,0.0,0.0,0.972972972972973,0.4864864864864865,0.4864864864864865,0,1,36,37,74
high_low_half_penalty_0_8_0_4,low_is_c4,0.4079670329670329,0.6990291262135921,0.5454545454545454,0.972972972972973,0.1891891891891892,0.581081081081081,0.5810810810810811,36,30,7,1,74
high_low_half_penalty_0_8_0_4,low_is_c4,0.4230769230769231,0.6923076923076924,0.5373134328358209,0.972972972972973,0.16216216216216217,0.5675675675675675,0.5675675675675675,36,31,6,1,74
high_low_half_penalty_0_8_0_4,low_is_c4,0.48333333333333334,0.691588785046729,0.5285714285714286,1.0,0.10810810810810811,0.5540540540540541,0.5540540540540541,37,33,4,0,74
high_low_half_penalty_0_8_0_4,low_is_c4,0.3887362637362637,0.6862745098039216,0.5384615384615384,0.9459459459459459,0.1891891891891892,0.5675675675675675,0.5675675675675675,35,30,7,2,74
high_low_half_penalty_0_8_0_4,low_is_c4,0.4448717948717949,0.6792452830188679,0.5217391304347826,0.972972972972973,0.10810810810810811,0.5405405405405406,0.5405405405405406,36,33,4,1,74
high_low_half_penalty_0_8_0_4,low_is_c4,0.3232142857142857,0.6739130434782609,0.5636363636363636,0.8378378378378378,0.35135135135135137,0.5945945945945946,0.5945945945945946,31,24,13,6,74
high_low_half_penalty_0_8_0_4,low_is_c4,0.3355769230769231,0.6666666666666666,0.5535714285714286,0.8378378378378378,0.32432432432432434,0.581081081081081,0.5810810810810811,31,25,12,6,74
high_low_half_penalty_0_8_0_4,high_is_c4,-0.07692307692307693,0.6666666666666666,0.5,1.0,0.0,0.5,0.5,37,37,0,0,74
high_low_half_penalty_0_8_0_4,low_is_c4,0.5,0.6666666666666666,0.5,1.0,0.0,0.5,0.5,37,37,0,0,74
high_low_half_penalty_0_8_0_4,high_is_c4,-0.06904761904761905,0.6605504587155964,0.5,0.972972972972973,0.02702702702702703,0.5,0.5,36,36,1,1,74
high_low_half_penalty_0_8_0_4,low_is_c4,0.3827838827838828,0.6599999999999999,0.5238095238095238,0.8918918918918919,0.1891891891891892,0.5405405405405406,0.5405405405405406,33,30,7,4,74
high_low_half_penalty_0_8_0_4,high_is_c4,-0.07417582417582418,0.6545454545454545,0.4931506849315068,0.972972972972973,0.0,0.4864864864864865,0.4864864864864865,36,37,0,1,74
high_low_half_penalty_0_8_0_4,high_is_c4,0.01785714285714285,0.6542056074766355,0.5,0.9459459459459459,0.05405405405405406,0.5,0.5,35,35,2,2,74
high_low_half_penalty_0_8_0_4,high_is_c4,-0.03333333333333334,0.6481481481481483,0.49295774647887325,0.9459459459459459,0.02702702702702703,0.4864864864864865,0.4864864864864865,35,36,1,2,74
high_low_half_penalty_0_8_0_4,low_is_c4,0.36904761904761907,0.6464646464646465,0.5161290322580645,0.8648648648648649,0.1891891891891892,0.527027027027027,0.5270270270270271,32,30,7,5,74
high_low_half_penalty_0_8_0_4,low_is_c4,0.31009615384615385,0.6436781609195402,0.56,0.7567567567567568,0.40540540540540543,0.581081081081081,0.5810810810810811,28,22,15,9,74
high_low_half_penalty_0_8_0_4,high_is_c4,0.03708791208791208,0.6415094339622641,0.4927536231884058,0.918918918918919,0.05405405405405406,0.4864864864864865,0.4864864864864865,34,35,2,3,74
high_low_half_penalty_0_8_0_4,low_is_c4,0.3516483516483516,0.6391752577319588,0.5166666666666667,0.8378378378378378,0.21621621621621623,0.527027027027027,0.527027027027027,31,29,8,6,74
high_low_half_penalty_0_8_0_4,low_is_c4,0.3169642857142857,0.6363636363636364,0.5490196078431373,0.7567567567567568,0.3783783783783784,0.5675675675675675,0.5675675675675675,28,23,14,9,74
high_low_half_penalty_0_8_0_4,high_is_c4,0.054945054945054944,0.6153846153846153,0.47761194029850745,0.8648648648648649,0.05405405405405406,0.4594594594594595,0.4594594594594595,32,35,2,5,74
high_low_half_penalty_0_8_0_4,low_is_c4,0.2967032967032967,0.6024096385542168,0.5434782608695652,0.6756756756756757,0.43243243243243246,0.5540540540540541,0.5540540540540541,25,21,16,12,74
high_low_half_penalty_0_8_0_4,low_is_c4,0.27524038461538464,0.6,0.5581395348837209,0.6486486486486487,0.4864864864864865,0.5675675675675675,0.5675675675675675,24,19,18,13,74
high_low_half_penalty_0_8_0_4,low_is_c4,0.2416666666666667,0.5974025974025973,0.575,0.6216216216216216,0.5405405405405406,0.581081081081081,0.5810810810810811,23,17,20,14,74
high_low_half_penalty_0_8_0_4,low_is_c4,0.22252747252747254,0.5945945945945946,0.5945945945945946,0.5945945945945946,0.5945945945945946,0.5945945945945946,0.5945945945945946,22,15,22,15,74
high_low_half_penalty_0_8_0_4,low_is_c4,0.28348214285714285,0.5925925925925926,0.5454545454545454,0.6486486486486487,0.4594594594594595,0.5540540540540541,0.5540540540540541,24,20,17,13,74
high_low_half_penalty_0_8_0_4,low_is_c4,0.25961538461538464,0.5897435897435899,0.5609756097560976,0.6216216216216216,0.5135135135135135,0.5675675675675675,0.5675675675675675,23,18,19,14,74
high_low_half_penalty_0_8_0_4,high_is_c4,0.07417582417582418,0.5882352941176471,0.46153846153846156,0.8108108108108109,0.05405405405405406,0.43243243243243246,0.43243243243243246,30,35,2,7,74
high_low_half_penalty_0_8_0_4,low_is_c4,0.23205128205128206,0.5789473684210528,0.5641025641025641,0.5945945945945946,0.5405405405405406,0.5675675675675675,0.5675675675675675,22,17,20,15,74
high_low_half_penalty_0_8_0_4,low_is_c4,0.2032967032967033,0.5753424657534246,0.5833333333333334,0.5675675675675675,0.5945945945945946,0.581081081081081,0.5810810810810811,21,15,22,16,74
high_low_half_penalty_0_8_0_4,low_is_c4,0.18543956043956045,0.5633802816901409,0.5882352941176471,0.5405405405405406,0.6216216216216216,0.581081081081081,0.5810810810810811,20,14,23,17,74
high_low_half_penalty_0_8_0_4,high_is_c4,0.11126373626373626,0.5473684210526315,0.4482758620689655,0.7027027027027027,0.13513513513513514,0.4189189189189189,0.41891891891891897,26,32,5,11,74
high_low_half_penalty_0_8_0_4,high_is_c4,0.09203296703296703,0.5416666666666666,0.4406779661016949,0.7027027027027027,0.10810810810810811,0.40540540540540543,0.40540540540540543,26,33,4,11,74
high_low_half_penalty_0_8_0_4,high_is_c4,0.1291208791208791,0.5274725274725275,0.4444444444444444,0.6486486486486487,0.1891891891891892,0.4189189189189189,0.41891891891891897,24,30,7,13,74
high_low_half_penalty_0_8_0_4,high_is_c4,0.14285714285714285,0.5274725274725275,0.4444444444444444,0.6486486486486487,0.1891891891891892,0.4189189189189189,0.41891891891891897,24,30,7,13,74
high_low_half_penalty_0_8_0_4,low_is_c4,0.17857142857142855,0.5217391304347827,0.5625,0.4864864864864865,0.6216216216216216,0.5540540540540541,0.5540540540540541,18,14,23,19,74
high_low_half_penalty_0_8_0_4,low_is_c4,0.16025641025641024,0.5151515151515151,0.5862068965517241,0.4594594594594595,0.6756756756756757,0.5675675675675675,0.5675675675675675,17,12,25,20,74
high_low_half_penalty_0_8_0_4,low_is_c4,0.17261904761904762,0.5074626865671642,0.5666666666666667,0.4594594594594595,0.6486486486486487,0.5540540540540541,0.5540540540540541,17,13,24,20,74
high_low_half_penalty_0_8_0_4,high_is_c4,0.14835164835164838,0.5057471264367815,0.44,0.5945945945945946,0.24324324324324326,0.4189189189189189,0.41891891891891897,22,28,9,15,74
high_low_half_penalty_0_8_0_4,high_is_c4,0.17261904761904762,0.49382716049382713,0.45454545454545453,0.5405405405405406,0.35135135135135137,0.44594594594594594,0.44594594594594594,20,24,13,17,74
high_low_half_penalty_0_8_0_4,high_is_c4,0.17857142857142855,0.49382716049382713,0.45454545454545453,0.5405405405405406,0.35135135135135137,0.44594594594594594,0.44594594594594594,20,24,13,17,74
high_low_half_penalty_0_8_0_4,low_is_c4,0.14835164835164838,0.4918032786885246,0.625,0.40540540540540543,0.7567567567567568,0.581081081081081,0.5810810810810811,15,9,28,22,74
high_low_half_penalty_0_8_0_4,high_is_c4,0.16025641025641024,0.4878048780487805,0.4444444444444444,0.5405405405405406,0.32432432432432434,0.43243243243243246,0.43243243243243246,20,25,12,17,74
high_low_half_penalty_0_8_0_4,low_is_c4,0.14285714285714285,0.4666666666666667,0.6086956521739131,0.3783783783783784,0.7567567567567568,0.5675675675675675,0.5675675675675675,14,9,28,23,74
high_low_half_penalty_0_8_0_4,low_is_c4,0.1291208791208791,0.456140350877193,0.65,0.35135135135135137,0.8108108108108109,0.581081081081081,0.5810810810810811,13,7,30,24,74
high_low_half_penalty_0_8_0_4,high_is_c4,0.18543956043956045,0.44155844155844154,0.425,0.4594594594594595,0.3783783783783784,0.4189189189189189,0.41891891891891897,17,23,14,20,74
high_low_half_penalty_0_8_0_4,high_is_c4,0.2032967032967033,0.4266666666666667,0.42105263157894735,0.43243243243243246,0.40540540540540543,0.4189189189189189,0.41891891891891897,16,22,15,21,74
high_low_half_penalty_0_8_0_4,low_is_c4,0.09203296703296703,0.42307692307692313,0.7333333333333333,0.2972972972972973,0.8918918918918919,0.5945945945945946,0.5945945945945946,11,4,33,26,74
high_low_half_penalty_0_8_0_4,high_is_c4,0.23205128205128206,0.4166666666666667,0.42857142857142855,0.40540540540540543,0.4594594594594595,0.43243243243243246,0.43243243243243246,15,20,17,22,74
high_low_half_penalty_0_8_0_4,low_is_c4,0.11126373626373626,0.41509433962264153,0.6875,0.2972972972972973,0.8648648648648649,0.581081081081081,0.5810810810810811,11,5,32,26,74
high_low_half_penalty_0_8_0_4,high_is_c4,0.22252747252747254,0.40540540540540543,0.40540540540540543,0.40540540540540543,0.40540540540540543,0.40540540540540543,0.40540540540540543,15,22,15,22,74
high_low_half_penalty_0_8_0_4,high_is_c4,0.25961538461538464,0.4000000000000001,0.42424242424242425,0.3783783783783784,0.4864864864864865,0.43243243243243246,0.43243243243243246,14,19,18,23,74
high_low_half_penalty_0_8_0_4,high_is_c4,0.2416666666666667,0.39436619718309857,0.4117647058823529,0.3783783783783784,0.4594594594594595,0.4189189189189189,0.41891891891891897,14,20,17,23,74
high_low_half_penalty_0_8_0_4,high_is_c4,0.28348214285714285,0.3880597014925374,0.43333333333333335,0.35135135135135137,0.5405405405405406,0.44594594594594594,0.44594594594594594,13,17,20,24,74
high_low_half_penalty_0_8_0_4,high_is_c4,0.27524038461538464,0.38235294117647056,0.41935483870967744,0.35135135135135137,0.5135135135135135,0.43243243243243246,0.43243243243243246,13,18,19,24,74
high_low_half_penalty_0_8_0_4,high_is_c4,0.2967032967032967,0.3692307692307692,0.42857142857142855,0.32432432432432434,0.5675675675675675,0.44594594594594594,0.44594594594594594,12,16,21,25,74
high_low_half_penalty_0_8_0_4,low_is_c4,0.07417582417582418,0.30434782608695654,0.7777777777777778,0.1891891891891892,0.9459459459459459,0.5675675675675675,0.5675675675675675,7,2,35,30,74
high_low_half_penalty_0_8_0_4,high_is_c4,0.3169642857142857,0.30000000000000004,0.391304347826087,0.24324324324324326,0.6216216216216216,0.43243243243243246,0.43243243243243246,9,14,23,28,74
high_low_half_penalty_0_8_0_4,high_is_c4,0.31009615384615385,0.2950819672131148,0.375,0.24324324324324326,0.5945945945945946,0.4189189189189189,0.41891891891891897,9,15,22,28,74
high_low_half_penalty_0_8_0_4,high_is_c4,0.3516483516483516,0.23529411764705885,0.42857142857142855,0.16216216216216217,0.7837837837837838,0.47297297297297297,0.47297297297297297,6,8,29,31,74
high_low_half_penalty_0_8_0_4,low_is_c4,0.054945054945054944,0.22727272727272727,0.7142857142857143,0.13513513513513514,0.9459459459459459,0.5405405405405406,0.5405405405405406,5,2,35,32,74
high_low_half_penalty_0_8_0_4,high_is_c4,0.3355769230769231,0.2181818181818182,0.3333333333333333,0.16216216216216217,0.6756756756756757,0.4189189189189189,0.4189189189189189,6,12,25,31,74
high_low_half_penalty_0_8_0_4,high_is_c4,0.3232142857142857,0.21428571428571427,0.3157894736842105,0.16216216216216217,0.6486486486486487,0.40540540540540543,0.40540540540540543,6,13,24,31,74
high_low_half_penalty_0_8_0_4,high_is_c4,0.36904761904761907,0.20408163265306126,0.4166666666666667,0.13513513513513514,0.8108108108108109,0.47297297297297297,0.472972972972973,5,7,30,32,74
high_low_half_penalty_0_8_0_4,high_is_c4,0.3827838827838828,0.16666666666666669,0.36363636363636365,0.10810810810810811,0.8108108108108109,0.4594594594594595,0.4594594594594595,4,7,30,33,74
high_low_half_penalty_0_8_0_4,low_is_c4,0.03708791208791208,0.14285714285714288,0.6,0.08108108108108109,0.9459459459459459,0.5135135135135135,0.5135135135135135,3,2,35,34,74
high_low_half_penalty_0_8_0_4,low_is_c4,-0.03333333333333334,0.1,0.6666666666666666,0.05405405405405406,0.972972972972973,0.5135135135135135,0.5135135135135136,2,1,36,35,74
high_low_half_penalty_0_8_0_4,low_is_c4,0.01785714285714285,0.0975609756097561,0.5,0.05405405405405406,0.9459459459459459,0.5,0.5,2,2,35,35,74
high_low_half_penalty_0_8_0_4,high_is_c4,0.3887362637362637,0.08695652173913043,0.2222222222222222,0.05405405405405406,0.8108108108108109,0.43243243243243246,0.43243243243243246,2,7,30,35,74
high_low_half_penalty_0_8_0_4,low_is_c4,-0.07692307692307693,0.052631578947368425,1.0,0.02702702702702703,1.0,0.5135135135135135,0.5135135135135135,1,0,37,36,74
high_low_half_penalty_0_8_0_4,low_is_c4,-0.07417582417582418,0.052631578947368425,1.0,0.02702702702702703,1.0,0.5135135135135135,0.5135135135135135,1,0,37,36,74
high_low_half_penalty_0_8_0_4,low_is_c4,-0.06904761904761905,0.05128205128205129,0.5,0.02702702702702703,0.972972972972973,0.5,0.5,1,1,36,36,74
high_low_half_penalty_0_8_0_4,high_is_c4,0.4448717948717949,0.047619047619047616,0.2,0.02702702702702703,0.8918918918918919,0.4594594594594595,0.45945945945945943,1,4,33,36,74
high_low_half_penalty_0_8_0_4,high_is_c4,0.4230769230769231,0.045454545454545456,0.14285714285714285,0.02702702702702703,0.8378378378378378,0.43243243243243246,0.43243243243243246,1,6,31,36,74
high_low_half_penalty_0_8_0_4,high_is_c4,0.4079670329670329,0.044444444444444446,0.125,0.02702702702702703,0.8108108108108109,0.4189189189189189,0.41891891891891897,1,7,30,36,74
high_low_half_penalty_0_8_0_4,high_is_c4,0.48333333333333334,0.0,0.0,0.0,0.8918918918918919,0.44594594594594594,0.44594594594594594,0,4,33,37,74
high_low_half_penalty_0_8_0_4,high_is_c4,0.5,0.0,0.0,0.0,0.8918918918918919,0.44594594594594594,0.44594594594594594,0,4,33,37,74
high_low_half_penalty_0_8_0_5,low_is_c4,0.4079670329670329,0.6923076923076924,0.5373134328358209,0.972972972972973,0.16216216216216217,0.5675675675675675,0.5675675675675675,36,31,6,1,74
high_low_half_penalty_0_8_0_5,low_is_c4,0.4230769230769231,0.6857142857142857,0.5294117647058824,0.972972972972973,0.13513513513513514,0.5540540540540541,0.5540540540540541,36,32,5,1,74
high_low_half_penalty_0_8_0_5,low_is_c4,0.38690476190476186,0.6796116504854369,0.5303030303030303,0.9459459459459459,0.16216216216216217,0.5540540540540541,0.5540540540540541,35,31,6,2,74
high_low_half_penalty_0_8_0_5,low_is_c4,0.4423076923076923,0.6792452830188679,0.5217391304347826,0.972972972972973,0.10810810810810811,0.5405405405405406,0.5405405405405406,36,33,4,1,74
high_low_half_penalty_0_8_0_5,low_is_c4,0.4629120879120879,0.6728971962616821,0.5142857142857142,0.972972972972973,0.08108108108108109,0.527027027027027,0.5270270270270271,36,34,3,1,74
high_low_half_penalty_0_8_0_5,low_is_c4,0.33379120879120877,0.6666666666666667,0.5423728813559322,0.8648648648648649,0.2702702702702703,0.5675675675675675,0.5675675675675675,32,27,10,5,74
high_low_half_penalty_0_8_0_5,low_is_c4,0.36904761904761907,0.6666666666666666,0.5230769230769231,0.918918918918919,0.16216216216216217,0.5405405405405406,0.5405405405405406,34,31,6,3,74
high_low_half_penalty_0_8_0_5,high_is_c4,-0.11538461538461539,0.6666666666666666,0.5,1.0,0.0,0.5,0.5,37,37,0,0,74
high_low_half_penalty_0_8_0_5,low_is_c4,0.4666666666666667,0.6666666666666666,0.5,1.0,0.0,0.5,0.5,37,37,0,0,74
high_low_half_penalty_0_8_0_5,low_is_c4,0.4642857142857143,0.6605504587155964,0.5,0.972972972972973,0.02702702702702703,0.5,0.5,36,36,1,1,74
high_low_half_penalty_0_8_0_5,low_is_c4,0.4654761904761905,0.6605504587155964,0.5,0.972972972972973,0.02702702702702703,0.5,0.5,36,36,1,1,74
high_low_half_penalty_0_8_0_5,low_is_c4,0.3516483516483516,0.6599999999999999,0.5238095238095238,0.8918918918918919,0.1891891891891892,0.5405405405405406,0.5405405405405406,33,30,7,4,74
high_low_half_penalty_0_8_0_5,high_is_c4,-0.1076923076923077,0.6545454545454545,0.4931506849315068,0.972972972972973,0.0,0.4864864864864865,0.4864864864864865,36,37,0,1,74
high_low_half_penalty_0_8_0_5,low_is_c4,0.31456043956043955,0.6526315789473685,0.5344827586206896,0.8378378378378378,0.2702702702702703,0.5540540540540541,0.5540540540540541,31,27,10,6,74
high_low_half_penalty_0_8_0_5,high_is_c4,-0.054945054945054944,0.6481481481481483,0.49295774647887325,0.9459459459459459,0.02702702702702703,0.4864864864864865,0.4864864864864865,35,36,1,2,74
high_low_half_penalty_0_8_0_5,high_is_c4,-0.08571428571428572,0.6422018348623854,0.4861111111111111,0.9459459459459459,0.0,0.47297297297297297,0.47297297297297297,35,37,0,2,74
high_low_half_penalty_0_8_0_5,low_is_c4,0.2967032967032967,0.6373626373626374,0.5370370370370371,0.7837837837837838,0.32432432432432434,0.5540540540540541,0.5540540540540541,29,25,12,8,74
high_low_half_penalty_0_8_0_5,high_is_c4,-0.03846153846153845,0.6355140186915889,0.4857142857142857,0.918918918918919,0.02702702702702703,0.47297297297297297,0.472972972972973,34,36,1,3,74
high_low_half_penalty_0_8_0_5,high_is_c4,-0.017857142857142863,0.6285714285714286,0.4852941176470588,0.8918918918918919,0.05405405405405406,0.47297297297297297,0.47297297297297297,33,35,2,4,74
high_low_half_penalty_0_8_0_5,high_is_c4,-0.03708791208791208,0.6226415094339622,0.4782608695652174,0.8918918918918919,0.02702702702702703,0.4594594594594595,0.45945945945945943,33,36,1,4,74
high_low_half_penalty_0_8_0_5,low_is_c4,0.27211538461538465,0.6206896551724138,0.54,0.7297297297297297,0.3783783783783784,0.5540540540540541,0.5540540540540541,27,23,14,10,74
high_low_half_penalty_0_8_0_5,low_is_c4,0.25961538461538464,0.6190476190476191,0.5531914893617021,0.7027027027027027,0.43243243243243246,0.5675675675675675,0.5675675675675675,26,21,16,11,74
high_low_half_penalty_0_8_0_5,low_is_c4,0.2416666666666667,0.617283950617284,0.5681818181818182,0.6756756756756757,0.4864864864864865,0.581081081081081,0.5810810810810811,25,19,18,12,74
high_low_half_penalty_0_8_0_5,low_is_c4,0.28035714285714286,0.6136363636363636,0.5294117647058824,0.7297297297297297,0.35135135135135137,0.5405405405405406,0.5405405405405406,27,24,13,10,74
high_low_half_penalty_0_8_0_5,low_is_c4,0.14835164835164838,0.611111111111111,0.6285714285714286,0.5945945945945946,0.6486486486486487,0.6216216216216216,0.6216216216216217,22,13,24,15,74
high_low_half_penalty_0_8_0_5,high_is_c4,0.05494505494505496,0.6041666666666666,0.4915254237288136,0.7837837837837838,0.1891891891891892,0.4864864864864865,0.4864864864864865,29,30,7,8,74
high_low_half_penalty_0_8_0_5,low_is_c4,0.23205128205128206,0.6,0.5581395348837209,0.6486486486486487,0.4864864864864865,0.5675675675675675,0.5675675675675675,24,19,18,13,74
high_low_half_penalty_0_8_0_5,high_is_c4,0.03708791208791208,0.6,0.47619047619047616,0.8108108108108109,0.10810810810810811,0.4594594594594595,0.4594594594594595,30,33,4,7,74
high_low_half_penalty_0_8_0_5,low_is_c4,0.2032967032967033,0.5974025974025973,0.575,0.6216216216216216,0.5405405405405406,0.581081081081081,0.5810810810810811,23,17,20,14,74
high_low_half_penalty_0_8_0_5,low_is_c4,0.1662087912087912,0.5945945945945946,0.5945945945945946,0.5945945945945946,0.5945945945945946,0.5945945945945946,0.5945945945945946,22,15,22,15,74
high_low_half_penalty_0_8_0_5,low_is_c4,0.22252747252747254,0.5897435897435899,0.5609756097560976,0.6216216216216216,0.5135135135135135,0.5675675675675675,0.5675675675675675,23,18,19,14,74
high_low_half_penalty_0_8_0_5,high_is_c4,0.07417582417582418,0.5894736842105263,0.4827586206896552,0.7567567567567568,0.1891891891891892,0.47297297297297297,0.472972972972973,28,30,7,9,74
high_low_half_penalty_0_8_0_5,high_is_c4,0.01785714285714285,0.5882352941176471,0.46153846153846156,0.8108108108108109,0.05405405405405406,0.43243243243243246,0.43243243243243246,30,35,2,7,74
high_low_half_penalty_0_8_0_5,low_is_c4,0.18543956043956045,0.5866666666666667,0.5789473684210527,0.5945945945945946,0.5675675675675675,0.581081081081081,0.5810810810810811,22,16,21,15,74
high_low_half_penalty_0_8_0_5,high_is_c4,0.03846153846153848,0.5858585858585857,0.46774193548387094,0.7837837837837838,0.10810810810810811,0.44594594594594594,0.44594594594594594,29,33,4,8,74
high_low_half_penalty_0_8_0_5,low_is_c4,0.14285714285714285,0.5588235294117647,0.6129032258064516,0.5135135135135135,0.6756756756756757,0.5945945945945946,0.5945945945945945,19,12,25,18,74
high_low_half_penalty_0_8_0_5,low_is_c4,0.1153846153846154,0.5454545454545455,0.6206896551724138,0.4864864864864865,0.7027027027027027,0.5945945945945946,0.5945945945945946,18,11,26,19,74
high_low_half_penalty_0_8_0_5,low_is_c4,0.12912087912087913,0.5373134328358209,0.6,0.4864864864864865,0.6756756756756757,0.581081081081081,0.5810810810810811,18,12,25,19,74
high_low_half_penalty_0_8_0_5,low_is_c4,0.10714285714285715,0.53125,0.6296296296296297,0.4594594594594595,0.7297297297297297,0.5945945945945946,0.5945945945945946,17,10,27,20,74
high_low_half_penalty_0_8_0_5,low_is_c4,0.10912698412698413,0.53125,0.6296296296296297,0.4594594594594595,0.7297297297297297,0.5945945945945946,0.5945945945945946,17,10,27,20,74
high_low_half_penalty_0_8_0_5,low_is_c4,0.11324786324786325,0.5230769230769231,0.6071428571428571,0.4594594594594595,0.7027027027027027,0.581081081081081,0.5810810810810811,17,11,26,20,74
high_low_half_penalty_0_8_0_5,high_is_c4,0.09203296703296703,0.5057471264367815,0.44,0.5945945945945946,0.24324324324324326,0.4189189189189189,0.41891891891891897,22,28,9,15,74
high_low_half_penalty_0_8_0_5,high_is_c4,0.10714285714285712,0.5057471264367815,0.44,0.5945945945945946,0.24324324324324326,0.4189189189189189,0.41891891891891897,22,28,9,15,74
high_low_half_penalty_0_8_0_5,high_is_c4,0.10714285714285715,0.4941176470588235,0.4375,0.5675675675675675,0.2702702702702703,0.4189189189189189,0.4189189189189189,21,27,10,16,74
high_low_half_penalty_0_8_0_5,low_is_c4,0.09203296703296703,0.4918032786885246,0.625,0.40540540540540543,0.7567567567567568,0.581081081081081,0.5810810810810811,15,9,28,22,74
high_low_half_penalty_0_8_0_5,low_is_c4,0.10714285714285712,0.48387096774193555,0.6,0.40540540540540543,0.7297297297297297,0.5675675675675675,0.5675675675675675,15,10,27,22,74
high_low_half_penalty_0_8_0_5,high_is_c4,0.11324786324786325,0.4819277108433735,0.43478260869565216,0.5405405405405406,0.2972972972972973,0.4189189189189189,0.41891891891891897,20,26,11,17,74
high_low_half_penalty_0_8_0_5,high_is_c4,0.10912698412698413,0.4761904761904763,0.425531914893617,0.5405405405405406,0.2702702702702703,0.40540540540540543,0.40540540540540543,20,27,10,17,74
high_low_half_penalty_0_8_0_5,high_is_c4,0.12912087912087913,0.46913580246913583,0.4318181818181818,0.5135135135135135,0.32432432432432434,0.4189189189189189,0.4189189189189189,19,25,12,18,74
high_low_half_penalty_0_8_0_5,high_is_c4,0.14285714285714285,0.46913580246913583,0.4318181818181818,0.5135135135135135,0.32432432432432434,0.4189189189189189,0.4189189189189189,19,25,12,18,74
high_low_half_penalty_0_8_0_5,high_is_c4,0.1153846153846154,0.4634146341463415,0.4222222222222222,0.5135135135135135,0.2972972972972973,0.40540540540540543,0.4054054054054054,19,26,11,18,74
high_low_half_penalty_0_8_0_5,high_is_c4,0.18543956043956045,0.4109589041095891,0.4166666666666667,0.40540540540540543,0.43243243243243246,0.4189189189189189,0.41891891891891897,15,21,16,22,74
high_low_half_penalty_0_8_0_5,high_is_c4,0.1662087912087912,0.40540540540540543,0.40540540540540543,0.40540540540540543,0.40540540540540543,0.40540540540540543,0.40540540540540543,15,22,15,22,74
high_low_half_penalty_0_8_0_5,high_is_c4,0.22252747252747254,0.4000000000000001,0.42424242424242425,0.3783783783783784,0.4864864864864865,0.43243243243243246,0.43243243243243246,14,19,18,23,74
high_low_half_penalty_0_8_0_5,high_is_c4,0.14835164835164838,0.39473684210526316,0.38461538461538464,0.40540540540540543,0.35135135135135137,0.3783783783783784,0.3783783783783784,15,24,13,22,74
high_low_half_penalty_0_8_0_5,high_is_c4,0.2032967032967033,0.39436619718309857,0.4117647058823529,0.3783783783783784,0.4594594594594595,0.4189189189189189,0.41891891891891897,14,20,17,23,74
high_low_half_penalty_0_8_0_5,high_is_c4,0.23205128205128206,0.38235294117647056,0.41935483870967744,0.35135135135135137,0.5135135135135135,0.43243243243243246,0.43243243243243246,13,18,19,24,74
high_low_half_penalty_0_8_0_5,high_is_c4,0.2416666666666667,0.3582089552238806,0.4,0.32432432432432434,0.5135135135135135,0.4189189189189189,0.4189189189189189,12,18,19,25,74
high_low_half_penalty_0_8_0_5,high_is_c4,0.25961538461538464,0.34375,0.4074074074074074,0.2972972972972973,0.5675675675675675,0.43243243243243246,0.43243243243243246,11,16,21,26,74
high_low_half_penalty_0_8_0_5,low_is_c4,0.07417582417582418,0.339622641509434,0.5625,0.24324324324324326,0.8108108108108109,0.527027027027027,0.5270270270270271,9,7,30,28,74
high_low_half_penalty_0_8_0_5,high_is_c4,0.28035714285714286,0.3333333333333333,0.43478260869565216,0.2702702702702703,0.6486486486486487,0.4594594594594595,0.4594594594594595,10,13,24,27,74
high_low_half_penalty_0_8_0_5,high_is_c4,0.27211538461538465,0.3278688524590164,0.4166666666666667,0.2702702702702703,0.6216216216216216,0.44594594594594594,0.44594594594594594,10,14,23,27,74
high_low_half_penalty_0_8_0_5,low_is_c4,0.03846153846153848,0.326530612244898,0.6666666666666666,0.21621621621621623,0.8918918918918919,0.5540540540540541,0.5540540540540541,8,4,33,29,74
high_low_half_penalty_0_8_0_5,low_is_c4,0.05494505494505496,0.3076923076923077,0.5333333333333333,0.21621621621621623,0.8108108108108109,0.5135135135135135,0.5135135135135136,8,7,30,29,74
high_low_half_penalty_0_8_0_5,low_is_c4,0.01785714285714285,0.30434782608695654,0.7777777777777778,0.1891891891891892,0.9459459459459459,0.5675675675675675,0.5675675675675675,7,2,35,30,74
high_low_half_penalty_0_8_0_5,low_is_c4,0.03708791208791208,0.2916666666666667,0.6363636363636364,0.1891891891891892,0.8918918918918919,0.5405405405405406,0.5405405405405406,7,4,33,30,74
high_low_half_penalty_0_8_0_5,high_is_c4,0.2967032967032967,0.2807017543859649,0.4,0.21621621621621623,0.6756756756756757,0.44594594594594594,0.44594594594594594,8,12,25,29,74
high_low_half_penalty_0_8_0_5,high_is_c4,0.31456043956043955,0.22641509433962265,0.375,0.16216216216216217,0.7297297297297297,0.44594594594594594,0.44594594594594594,6,10,27,31,74
high_low_half_penalty_0_8_0_5,high_is_c4,0.33379120879120877,0.1923076923076923,0.3333333333333333,0.13513513513513514,0.7297297297297297,0.43243243243243246,0.43243243243243246,5,10,27,32,74
high_low_half_penalty_0_8_0_5,low_is_c4,-0.03708791208791208,0.19047619047619047,0.8,0.10810810810810811,0.972972972972973,0.5405405405405406,0.5405405405405406,4,1,36,33,74
high_low_half_penalty_0_8_0_5,low_is_c4,-0.017857142857142863,0.18604651162790697,0.6666666666666666,0.10810810810810811,0.9459459459459459,0.527027027027027,0.527027027027027,4,2,35,33,74
high_low_half_penalty_0_8_0_5,high_is_c4,0.3516483516483516,0.16666666666666669,0.36363636363636365,0.10810810810810811,0.8108108108108109,0.4594594594594595,0.4594594594594595,4,7,30,33,74
high_low_half_penalty_0_8_0_5,low_is_c4,-0.03846153846153845,0.14634146341463414,0.75,0.08108108108108109,0.972972972972973,0.527027027027027,0.5270270270270271,3,1,36,34,74
high_low_half_penalty_0_8_0_5,high_is_c4,0.36904761904761907,0.13043478260869568,0.3333333333333333,0.08108108108108109,0.8378378378378378,0.4594594594594595,0.45945945945945943,3,6,31,34,74
high_low_half_penalty_0_8_0_5,low_is_c4,-0.08571428571428572,0.10256410256410257,1.0,0.05405405405405406,1.0,0.527027027027027,0.527027027027027,2,0,37,35,74
high_low_half_penalty_0_8_0_5,low_is_c4,-0.054945054945054944,0.1,0.6666666666666666,0.05405405405405406,0.972972972972973,0.5135135135135135,0.5135135135135136,2,1,36,35,74
high_low_half_penalty_0_8_0_5,high_is_c4,0.38690476190476186,0.08888888888888889,0.25,0.05405405405405406,0.8378378378378378,0.44594594594594594,0.44594594594594594,2,6,31,35,74
high_low_half_penalty_0_8_0_5,low_is_c4,-0.11538461538461539,0.052631578947368425,1.0,0.02702702702702703,1.0,0.5135135135135135,0.5135135135135135,1,0,37,36,74
high_low_half_penalty_0_8_0_5,low_is_c4,-0.1076923076923077,0.052631578947368425,1.0,0.02702702702702703,1.0,0.5135135135135135,0.5135135135135135,1,0,37,36,74
high_low_half_penalty_0_8_0_5,high_is_c4,0.4654761904761905,0.05128205128205129,0.5,0.02702702702702703,0.972972972972973,0.5,0.5,1,1,36,36,74
high_low_half_penalty_0_8_0_5,high_is_c4,0.4666666666666667,0.05128205128205129,0.5,0.02702702702702703,0.972972972972973,0.5,0.5,1,1,36,36,74
high_low_half_penalty_0_8_0_5,high_is_c4,0.4642857142857143,0.05,0.3333333333333333,0.02702702702702703,0.9459459459459459,0.4864864864864865,0.4864864864864865,1,2,35,36,74
high_low_half_penalty_0_8_0_5,high_is_c4,0.4629120879120879,0.04878048780487805,0.25,0.02702702702702703,0.918918918918919,0.47297297297297297,0.472972972972973,1,3,34,36,74
high_low_half_penalty_0_8_0_5,high_is_c4,0.4423076923076923,0.047619047619047616,0.2,0.02702702702702703,0.8918918918918919,0.4594594594594595,0.45945945945945943,1,4,33,36,74
high_low_half_penalty_0_8_0_5,high_is_c4,0.4230769230769231,0.046511627906976744,0.16666666666666666,0.02702702702702703,0.8648648648648649,0.44594594594594594,0.44594594594594594,1,5,32,36,74
high_low_half_penalty_0_8_0_5,high_is_c4,0.4079670329670329,0.045454545454545456,0.14285714285714285,0.02702702702702703,0.8378378378378378,0.43243243243243246,0.43243243243243246,1,6,31,36,74
high_low_half_penalty_0_9_0_3,low_is_c4,0.33379120879120877,0.7047619047619048,0.5441176470588235,1.0,0.16216216216216217,0.581081081081081,0.5810810810810811,37,31,6,0,74
high_low_half_penalty_0_9_0_3,low_is_c4,0.2967032967032967,0.6930693069306929,0.546875,0.9459459459459459,0.21621621621621623,0.581081081081081,0.5810810810810811,35,29,8,2,74
high_low_half_penalty_0_9_0_3,low_is_c4,0.3516483516483516,0.691588785046729,0.5285714285714286,1.0,0.10810810810810811,0.5540540540540541,0.5540540540540541,37,33,4,0,74
high_low_half_penalty_0_9_0_3,low_is_c4,0.31456043956043955,0.6862745098039216,0.5384615384615384,0.9459459459459459,0.1891891891891892,0.5675675675675675,0.5675675675675675,35,30,7,2,74
high_low_half_penalty_0_9_0_3,low_is_c4,0.3619047619047619,0.6851851851851851,0.5211267605633803,1.0,0.08108108108108109,0.5405405405405406,0.5405405405405406,37,34,3,0,74
high_low_half_penalty_0_9_0_3,low_is_c4,0.27211538461538465,0.6804123711340206,0.55,0.8918918918918919,0.2702702702702703,0.581081081081081,0.5810810810810811,33,27,10,4,74
high_low_half_penalty_0_9_0_3,low_is_c4,0.37564102564102564,0.6788990825688073,0.5138888888888888,1.0,0.05405405405405406,0.527027027027027,0.527027027027027,37,35,2,0,74
high_low_half_penalty_0_9_0_3,low_is_c4,0.27812499999999996,0.673469387755102,0.5409836065573771,0.8918918918918919,0.24324324324324326,0.5675675675675675,0.5675675675675675,33,28,9,4,74
high_low_half_penalty_0_9_0_3,low_is_c4,0.4065934065934066,0.6727272727272727,0.5068493150684932,1.0,0.02702702702702703,0.5135135135135135,0.5135135135135135,37,36,1,0,74
high_low_half_penalty_0_9_0_3,low_is_c4,0.28348214285714285,0.6666666666666666,0.532258064516129,0.8918918918918919,0.21621621621621623,0.5540540540540541,0.5540540540540541,33,29,8,4,74
high_low_half_penalty_0_9_0_3,high_is_c4,-0.038461538461538464,0.6666666666666666,0.5,1.0,0.0,0.5,0.5,37,37,0,0,74
high_low_half_penalty_0_9_0_3,low_is_c4,0.42857142857142855,0.6666666666666666,0.5,1.0,0.0,0.5,0.5,37,37,0,0,74
high_low_half_penalty_0_9_0_3,high_is_c4,-0.035897435897435895,0.6605504587155964,0.5,0.972972972972973,0.02702702702702703,0.5,0.5,36,36,1,1,74
high_low_half_penalty_0_9_0_3,low_is_c4,0.26556776556776557,0.6526315789473685,0.5344827586206896,0.8378378378378378,0.2702702702702703,0.5540540540540541,0.5540540540540541,31,27,10,6,74
high_low_half_penalty_0_9_0_3,high_is_c4,-0.016666666666666663,0.6481481481481483,0.49295774647887325,0.9459459459459459,0.02702702702702703,0.4864864864864865,0.4864864864864865,35,36,1,2,74
high_low_half_penalty_0_9_0_3,low_is_c4,0.25595238095238093,0.6382978723404256,0.5263157894736842,0.8108108108108109,0.2702702702702703,0.5405405405405406,0.5405405405405406,30,27,10,7,74
high_low_half_penalty_0_9_0_3,high_is_c4,0.054945054945054944,0.6336633663366337,0.5,0.8648648648648649,0.13513513513513514,0.5,0.5,32,32,5,5,74
high_low_half_penalty_0_9_0_3,low_is_c4,0.24166666666666664,0.6304347826086956,0.5272727272727272,0.7837837837837838,0.2972972972972973,0.5405405405405406,0.5405405405405406,29,26,11,8,74
high_low_half_penalty_0_9_0_3,high_is_c4,0.03708791208791209,0.6285714285714286,0.4852941176470588,0.8918918918918919,0.05405405405405406,0.47297297297297297,0.47297297297297297,33,35,2,4,74
high_low_half_penalty_0_9_0_3,high_is_c4,0.017857142857142856,0.6226415094339622,0.4782608695652174,0.8918918918918919,0.02702702702702703,0.4594594594594595,0.45945945945945943,33,36,1,4,74
high_low_half_penalty_0_9_0_3,low_is_c4,0.23205128205128206,0.6153846153846154,0.5185185185185185,0.7567567567567568,0.2972972972972973,0.527027027027027,0.5270270270270271,28,26,11,9,74
high_low_half_penalty_0_9_0_3,low_is_c4,0.2142857142857143,0.6136363636363636,0.5294117647058824,0.7297297297297297,0.35135135135135137,0.5405405405405406,0.5405405405405406,27,24,13,10,74
high_low_half_penalty_0_9_0_3,low_is_c4,0.22252747252747254,0.6136363636363636,0.5294117647058824,0.7297297297297297,0.35135135135135137,0.5405405405405406,0.5405405405405406,27,24,13,10,74
high_low_half_penalty_0_9_0_3,high_is_c4,0.07417582417582418,0.6041666666666666,0.4915254237288136,0.7837837837837838,0.1891891891891892,0.4864864864864865,0.4864864864864865,29,30,7,8,74
high_low_half_penalty_0_9_0_3,low_is_c4,0.2032967032967033,0.5952380952380952,0.5319148936170213,0.6756756756756757,0.40540540540540543,0.5405405405405406,0.5405405405405406,25,22,15,12,74
high_low_half_penalty_0_9_0_3,high_is_c4,0.08846153846153847,0.5744680851063829,0.47368421052631576,0.7297297297297297,0.1891891891891892,0.4594594594594595,0.45945945945945943,27,30,7,10,74
high_low_half_penalty_0_9_0_3,high_is_c4,0.11324786324786325,0.5617977528089887,0.4807692307692308,0.6756756756756757,0.2702702702702703,0.47297297297297297,0.47297297297297297,25,27,10,12,74
high_low_half_penalty_0_9_0_3,high_is_c4,0.10357142857142856,0.5591397849462365,0.4642857142857143,0.7027027027027027,0.1891891891891892,0.44594594594594594,0.44594594594594594,26,30,7,11,74
high_low_half_penalty_0_9_0_3,high_is_c4,0.10714285714285712,0.5591397849462365,0.4642857142857143,0.7027027027027027,0.1891891891891892,0.44594594594594594,0.44594594594594594,26,30,7,11,74
high_low_half_penalty_0_9_0_3,high_is_c4,0.10912698412698413,0.5555555555555556,0.4716981132075472,0.6756756756756757,0.24324324324324326,0.4594594594594595,0.45945945945945943,25,28,9,12,74
high_low_half_penalty_0_9_0_3,high_is_c4,0.13392857142857142,0.5348837209302325,0.46938775510204084,0.6216216216216216,0.2972972972972973,0.4594594594594595,0.45945945945945943,23,26,11,14,74
high_low_half_penalty_0_9_0_3,low_is_c4,0.18543956043956045,0.5333333333333333,0.5263157894736842,0.5405405405405406,0.5135135135135135,0.527027027027027,0.527027027027027,20,18,19,17,74
high_low_half_penalty_0_9_0_3,high_is_c4,0.1201923076923077,0.5287356321839081,0.46,0.6216216216216216,0.2702702702702703,0.44594594594594594,0.44594594594594594,23,27,10,14,74
high_low_half_penalty_0_9_0_3,high_is_c4,0.1662087912087912,0.5263157894736842,0.5128205128205128,0.5405405405405406,0.4864864864864865,0.5135135135135135,0.5135135135135136,20,19,18,17,74
high_low_half_penalty_0_9_0_3,high_is_c4,0.14835164835164835,0.5238095238095238,0.46808510638297873,0.5945945945945946,0.32432432432432434,0.4594594594594595,0.4594594594594595,22,25,12,15,74
high_low_half_penalty_0_9_0_3,low_is_c4,0.1662087912087912,0.47222222222222227,0.4857142857142857,0.4594594594594595,0.5135135135135135,0.4864864864864865,0.4864864864864865,17,18,19,20,74
high_low_half_penalty_0_9_0_3,low_is_c4,0.14835164835164835,0.46875,0.5555555555555556,0.40540540540540543,0.6756756756756757,0.5405405405405406,0.5405405405405406,15,12,25,22,74
high_low_half_penalty_0_9_0_3,high_is_c4,0.18543956043956045,0.4657534246575342,0.4722222222222222,0.4594594594594595,0.4864864864864865,0.47297297297297297,0.472972972972973,17,19,18,20,74
high_low_half_penalty_0_9_0_3,low_is_c4,0.1201923076923077,0.45901639344262296,0.5833333333333334,0.3783783783783784,0.7297297297297297,0.5540540540540541,0.5540540540540541,14,10,27,23,74
high_low_half_penalty_0_9_0_3,low_is_c4,0.13392857142857142,0.4516129032258065,0.56,0.3783783783783784,0.7027027027027027,0.5405405405405406,0.5405405405405406,14,11,26,23,74
high_low_half_penalty_0_9_0_3,low_is_c4,0.10714285714285712,0.42857142857142855,0.631578947368421,0.32432432432432434,0.8108108108108109,0.5675675675675675,0.5675675675675675,12,7,30,25,74
high_low_half_penalty_0_9_0_3,low_is_c4,0.10912698412698413,0.41379310344827586,0.5714285714285714,0.32432432432432434,0.7567567567567568,0.5405405405405406,0.5405405405405406,12,9,28,25,74
high_low_half_penalty_0_9_0_3,low_is_c4,0.11324786324786325,0.4067796610169491,0.5454545454545454,0.32432432432432434,0.7297297297297297,0.527027027027027,0.527027027027027,12,10,27,25,74
high_low_half_penalty_0_9_0_3,low_is_c4,0.10357142857142856,0.39999999999999997,0.6111111111111112,0.2972972972972973,0.8108108108108109,0.5540540540540541,0.5540540540540541,11,7,30,26,74
high_low_half_penalty_0_9_0_3,high_is_c4,0.2032967032967033,0.375,0.4444444444444444,0.32432432432432434,0.5945945945945946,0.4594594594594595,0.4594594594594595,12,15,22,25,74
high_low_half_penalty_0_9_0_3,low_is_c4,0.08846153846153847,0.37037037037037035,0.5882352941176471,0.2702702702702703,0.8108108108108109,0.5405405405405406,0.5405405405405406,10,7,30,27,74
high_low_half_penalty_0_9_0_3,high_is_c4,0.2142857142857143,0.36065573770491804,0.4583333333333333,0.2972972972972973,0.6486486486486487,0.47297297297297297,0.472972972972973,11,13,24,26,74
high_low_half_penalty_0_9_0_3,high_is_c4,0.22252747252747254,0.3333333333333333,0.43478260869565216,0.2702702702702703,0.6486486486486487,0.4594594594594595,0.4594594594594595,10,13,24,27,74
high_low_half_penalty_0_9_0_3,high_is_c4,0.23205128205128206,0.3157894736842105,0.45,0.24324324324324326,0.7027027027027027,0.47297297297297297,0.472972972972973,9,11,26,28,74
high_low_half_penalty_0_9_0_3,low_is_c4,0.07417582417582418,0.3076923076923077,0.5333333333333333,0.21621621621621623,0.8108108108108109,0.5135135135135135,0.5135135135135136,8,7,30,29,74
high_low_half_penalty_0_9_0_3,high_is_c4,0.24166666666666664,0.28571428571428575,0.42105263157894735,0.21621621621621623,0.7027027027027027,0.4594594594594595,0.4594594594594595,8,11,26,29,74
high_low_half_penalty_0_9_0_3,high_is_c4,0.25595238095238093,0.2592592592592593,0.4117647058823529,0.1891891891891892,0.7297297297297297,0.4594594594594595,0.45945945945945943,7,10,27,30,74
high_low_half_penalty_0_9_0_3,high_is_c4,0.26556776556776557,0.22641509433962265,0.375,0.16216216216216217,0.7297297297297297,0.44594594594594594,0.44594594594594594,6,10,27,31,74
high_low_half_penalty_0_9_0_3,low_is_c4,0.054945054945054944,0.21276595744680854,0.5,0.13513513513513514,0.8648648648648649,0.5,0.5,5,5,32,32,74
high_low_half_penalty_0_9_0_3,low_is_c4,0.017857142857142856,0.19047619047619047,0.8,0.10810810810810811,0.972972972972973,0.5405405405405406,0.5405405405405406,4,1,36,33,74
high_low_half_penalty_0_9_0_3,low_is_c4,0.03708791208791209,0.18604651162790697,0.6666666666666666,0.10810810810810811,0.9459459459459459,0.527027027027027,0.527027027027027,4,2,35,33,74
high_low_half_penalty_0_9_0_3,high_is_c4,0.28348214285714285,0.163265306122449,0.3333333333333333,0.10810810810810811,0.7837837837837838,0.44594594594594594,0.44594594594594594,4,8,29,33,74
high_low_half_penalty_0_9_0_3,high_is_c4,0.27812499999999996,0.16,0.3076923076923077,0.10810810810810811,0.7567567567567568,0.43243243243243246,0.43243243243243246,4,9,28,33,74
high_low_half_penalty_0_9_0_3,high_is_c4,0.27211538461538465,0.1568627450980392,0.2857142857142857,0.10810810810810811,0.7297297297297297,0.4189189189189189,0.4189189189189189,4,10,27,33,74
high_low_half_penalty_0_9_0_3,low_is_c4,-0.016666666666666663,0.1,0.6666666666666666,0.05405405405405406,0.972972972972973,0.5135135135135135,0.5135135135135136,2,1,36,35,74
high_low_half_penalty_0_9_0_3,high_is_c4,0.31456043956043955,0.08695652173913043,0.2222222222222222,0.05405405405405406,0.8108108108108109,0.43243243243243246,0.43243243243243246,2,7,30,35,74
high_low_half_penalty_0_9_0_3,high_is_c4,0.2967032967032967,0.0851063829787234,0.2,0.05405405405405406,0.7837837837837838,0.4189189189189189,0.4189189189189189,2,8,29,35,74
high_low_half_penalty_0_9_0_3,low_is_c4,-0.038461538461538464,0.05128205128205129,0.5,0.02702702702702703,0.972972972972973,0.5,0.5,1,1,36,36,74
high_low_half_penalty_0_9_0_3,low_is_c4,-0.035897435897435895,0.05128205128205129,0.5,0.02702702702702703,0.972972972972973,0.5,0.5,1,1,36,36,74
high_low_half_penalty_0_9_0_3,high_is_c4,0.4065934065934066,0.0,0.0,0.0,0.972972972972973,0.4864864864864865,0.4864864864864865,0,1,36,37,74
high_low_half_penalty_0_9_0_3,high_is_c4,0.42857142857142855,0.0,0.0,0.0,0.972972972972973,0.4864864864864865,0.4864864864864865,0,1,36,37,74
high_low_half_penalty_0_9_0_3,high_is_c4,0.37564102564102564,0.0,0.0,0.0,0.9459459459459459,0.47297297297297297,0.47297297297297297,0,2,35,37,74
high_low_half_penalty_0_9_0_3,high_is_c4,0.3619047619047619,0.0,0.0,0.0,0.918918918918919,0.4594594594594595,0.4594594594594595,0,3,34,37,74
high_low_half_penalty_0_9_0_3,high_is_c4,0.3516483516483516,0.0,0.0,0.0,0.8918918918918919,0.44594594594594594,0.44594594594594594,0,4,33,37,74
high_low_half_penalty_0_9_0_3,high_is_c4,0.33379120879120877,0.0,0.0,0.0,0.8378378378378378,0.4189189189189189,0.4189189189189189,0,6,31,37,74
high_low_half_penalty_0_9_0_4,low_is_c4,0.27524038461538464,0.7184466019417475,0.5606060606060606,1.0,0.21621621621621623,0.6081081081081081,0.6081081081081081,37,29,8,0,74
high_low_half_penalty_0_9_0_4,low_is_c4,0.25,0.712871287128713,0.5625,0.972972972972973,0.24324324324324326,0.6081081081081081,0.6081081081081081,36,28,9,1,74
high_low_half_penalty_0_9_0_4,low_is_c4,0.25961538461538464,0.712871287128713,0.5625,0.972972972972973,0.24324324324324326,0.6081081081081081,0.6081081081081081,36,28,9,1,74
high_low_half_penalty_0_9_0_4,low_is_c4,0.28348214285714285,0.7115384615384616,0.5522388059701493,1.0,0.1891891891891892,0.5945945945945946,0.5945945945945946,37,30,7,0,74
high_low_half_penalty_0_9_0_4,low_is_c4,0.29285714285714287,0.7047619047619048,0.5441176470588235,1.0,0.16216216216216217,0.581081081081081,0.5810810810810811,37,31,6,0,74
high_low_half_penalty_0_9_0_4,low_is_c4,0.3230769230769231,0.6981132075471698,0.5362318840579711,1.0,0.13513513513513514,0.5675675675675675,0.5675675675675675,37,32,5,0,74
high_low_half_penalty_0_9_0_4,low_is_c4,0.244047619047619,0.6804123711340206,0.55,0.8918918918918919,0.2702702702702703,0.581081081081081,0.5810810810810811,33,27,10,4,74
high_low_half_penalty_0_9_0_4,low_is_c4,0.3516483516483516,0.6788990825688073,0.5138888888888888,1.0,0.05405405405405406,0.527027027027027,0.527027027027027,37,35,2,0,74
high_low_half_penalty_0_9_0_4,low_is_c4,0.3928571428571428,0.6727272727272727,0.5068493150684932,1.0,0.02702702702702703,0.5135135135135135,0.5135135135135135,37,36,1,0,74
high_low_half_penalty_0_9_0_4,low_is_c4,0.23443223443223443,0.6666666666666667,0.5423728813559322,0.8648648648648649,0.2702702702702703,0.5675675675675675,0.5675675675675675,32,27,10,5,74
high_low_half_penalty_0_9_0_4,high_is_c4,-0.07692307692307693,0.6666666666666666,0.5,1.0,0.0,0.5,0.5,37,37,0,0,74
high_low_half_penalty_0_9_0_4,low_is_c4,0.42857142857142855,0.6666666666666666,0.5,1.0,0.0,0.5,0.5,37,37,0,0,74
high_low_half_penalty_0_9_0_4,high_is_c4,-0.06904761904761905,0.6605504587155964,0.5,0.972972972972973,0.02702702702702703,0.5,0.5,36,36,1,1,74
high_low_half_penalty_0_9_0_4,low_is_c4,0.2142857142857143,0.6595744680851063,0.543859649122807,0.8378378378378378,0.2972972972972973,0.5675675675675675,0.5675675675675675,31,26,11,6,74
high_low_half_penalty_0_9_0_4,low_is_c4,0.21964285714285714,0.6595744680851063,0.543859649122807,0.8378378378378378,0.2972972972972973,0.5675675675675675,0.5675675675675675,31,26,11,6,74
high_low_half_penalty_0_9_0_4,high_is_c4,-0.07417582417582418,0.6545454545454545,0.4931506849315068,0.972972972972973,0.0,0.4864864864864865,0.4864864864864865,36,37,0,1,74
high_low_half_penalty_0_9_0_4,low_is_c4,0.22788461538461538,0.6526315789473685,0.5344827586206896,0.8378378378378378,0.2702702702702703,0.5540540540540541,0.5540540540540541,31,27,10,6,74
high_low_half_penalty_0_9_0_4,high_is_c4,-0.05256410256410257,0.6481481481481483,0.49295774647887325,0.9459459459459459,0.02702702702702703,0.4864864864864865,0.4864864864864865,35,36,1,2,74
high_low_half_penalty_0_9_0_4,high_is_c4,-0.019230769230769232,0.6285714285714286,0.4852941176470588,0.8918918918918919,0.05405405405405406,0.47297297297297297,0.47297297297297297,33,35,2,4,74
high_low_half_penalty_0_9_0_4,low_is_c4,0.18543956043956045,0.6279069767441859,0.5510204081632653,0.7297297297297297,0.40540540540540543,0.5675675675675675,0.5675675675675675,27,22,15,10,74
high_low_half_penalty_0_9_0_4,high_is_c4,0.01785714285714285,0.6262626262626263,0.5,0.8378378378378378,0.16216216216216217,0.5,0.5,31,31,6,6,74
high_low_half_penalty_0_9_0_4,low_is_c4,0.20714285714285713,0.6153846153846154,0.5185185185185185,0.7567567567567568,0.2972972972972973,0.527027027027027,0.5270270270270271,28,26,11,9,74
high_low_half_penalty_0_9_0_4,high_is_c4,0.03708791208791208,0.6041666666666666,0.4915254237288136,0.7837837837837838,0.1891891891891892,0.4864864864864865,0.4864864864864865,29,30,7,8,74
high_low_half_penalty_0_9_0_4,low_is_c4,0.1662087912087912,0.6024096385542168,0.5434782608695652,0.6756756756756757,0.43243243243243246,0.5540540540540541,0.5540540540540541,25,21,16,12,74
high_low_half_penalty_0_9_0_4,low_is_c4,0.19615384615384615,0.6,0.5094339622641509,0.7297297297297297,0.2972972972972973,0.5135135135135135,0.5135135135135135,27,26,11,10,74
high_low_half_penalty_0_9_0_4,high_is_c4,0.06349206349206349,0.5806451612903226,0.48214285714285715,0.7297297297297297,0.21621621621621623,0.47297297297297297,0.47297297297297297,27,29,8,10,74
high_low_half_penalty_0_9_0_4,high_is_c4,0.04700854700854701,0.5744680851063829,0.47368421052631576,0.7297297297297297,0.1891891891891892,0.4594594594594595,0.45945945945945943,27,30,7,10,74
high_low_half_penalty_0_9_0_4,high_is_c4,0.07417582417582418,0.5617977528089887,0.4807692307692308,0.6756756756756757,0.2702702702702703,0.47297297297297297,0.47297297297297297,25,27,10,12,74
high_low_half_penalty_0_9_0_4,low_is_c4,0.10714285714285712,0.5373134328358209,0.6,0.4864864864864865,0.6756756756756757,0.581081081081081,0.5810810810810811,18,12,25,19,74
high_low_half_penalty_0_9_0_4,low_is_c4,0.14835164835164835,0.5333333333333333,0.5263157894736842,0.5405405405405406,0.5135135135135135,0.527027027027027,0.527027027027027,20,18,19,17,74
high_low_half_penalty_0_9_0_4,low_is_c4,0.11126373626373626,0.5294117647058824,0.5806451612903226,0.4864864864864865,0.6486486486486487,0.5675675675675675,0.5675675675675675,18,13,24,19,74
high_low_half_penalty_0_9_0_4,low_is_c4,0.1201923076923077,0.5277777777777778,0.5428571428571428,0.5135135135135135,0.5675675675675675,0.5405405405405406,0.5405405405405406,19,16,21,18,74
high_low_half_penalty_0_9_0_4,low_is_c4,0.13392857142857142,0.5205479452054794,0.5277777777777778,0.5135135135135135,0.5405405405405406,0.527027027027027,0.527027027027027,19,17,20,18,74
high_low_half_penalty_0_9_0_4,low_is_c4,0.10357142857142856,0.5151515151515151,0.5862068965517241,0.4594594594594595,0.6756756756756757,0.5675675675675675,0.5675675675675675,17,12,25,20,74
high_low_half_penalty_0_9_0_4,high_is_c4,0.08846153846153847,0.506024096385542,0.45652173913043476,0.5675675675675675,0.32432432432432434,0.44594594594594594,0.44594594594594594,21,25,12,16,74
high_low_half_penalty_0_9_0_4,low_is_c4,0.08846153846153847,0.49230769230769234,0.5714285714285714,0.43243243243243246,0.6756756756756757,0.5540540540540541,0.5540540540540541,16,12,25,21,74
high_low_half_penalty_0_9_0_4,high_is_c4,0.10357142857142856,0.4878048780487805,0.4444444444444444,0.5405405405405406,0.32432432432432434,0.43243243243243246,0.43243243243243246,20,25,12,17,74
high_low_half_penalty_0_9_0_4,high_is_c4,0.10714285714285712,0.4878048780487805,0.4444444444444444,0.5405405405405406,0.32432432432432434,0.43243243243243246,0.43243243243243246,20,25,12,17,74
high_low_half_penalty_0_9_0_4,high_is_c4,0.13392857142857142,0.4799999999999999,0.47368421052631576,0.4864864864864865,0.4594594594594595,0.47297297297297297,0.472972972972973,18,20,17,19,74
high_low_half_penalty_0_9_0_4,high_is_c4,0.11126373626373626,0.47500000000000003,0.4418604651162791,0.5135135135135135,0.35135135135135137,0.43243243243243246,0.43243243243243246,19,24,13,18,74
high_low_half_penalty_0_9_0_4,high_is_c4,0.1201923076923077,0.47368421052631576,0.46153846153846156,0.4864864864864865,0.43243243243243246,0.4594594594594595,0.4594594594594595,18,21,16,19,74
high_low_half_penalty_0_9_0_4,high_is_c4,0.14835164835164835,0.4657534246575342,0.4722222222222222,0.4594594594594595,0.4864864864864865,0.47297297297297297,0.472972972972973,17,19,18,20,74
high_low_half_penalty_0_9_0_4,low_is_c4,0.07417582417582418,0.4067796610169491,0.5454545454545454,0.32432432432432434,0.7297297297297297,0.527027027027027,0.527027027027027,12,10,27,25,74
high_low_half_penalty_0_9_0_4,low_is_c4,0.04700854700854701,0.37037037037037035,0.5882352941176471,0.2702702702702703,0.8108108108108109,0.5405405405405406,0.5405405405405406,10,7,30,27,74
high_low_half_penalty_0_9_0_4,high_is_c4,0.1662087912087912,0.3692307692307692,0.42857142857142855,0.32432432432432434,0.5675675675675675,0.44594594594594594,0.44594594594594594,12,16,21,25,74
high_low_half_penalty_0_9_0_4,low_is_c4,0.06349206349206349,0.36363636363636365,0.5555555555555556,0.2702702702702703,0.7837837837837838,0.527027027027027,0.527027027027027,10,8,29,27,74
high_low_half_penalty_0_9_0_4,high_is_c4,0.19615384615384615,0.3448275862068966,0.47619047619047616,0.2702702702702703,0.7027027027027027,0.4864864864864865,0.4864864864864865,10,11,26,27,74
high_low_half_penalty_0_9_0_4,high_is_c4,0.18543956043956045,0.3225806451612903,0.4,0.2702702702702703,0.5945945945945946,0.43243243243243246,0.43243243243243246,10,15,22,27,74
high_low_half_penalty_0_9_0_4,high_is_c4,0.20714285714285713,0.3157894736842105,0.45,0.24324324324324326,0.7027027027027027,0.47297297297297297,0.472972972972973,9,11,26,28,74
high_low_half_penalty_0_9_0_4,low_is_c4,0.03708791208791208,0.3076923076923077,0.5333333333333333,0.21621621621621623,0.8108108108108109,0.5135135135135135,0.5135135135135136,8,7,30,29,74
high_low_half_penalty_0_9_0_4,high_is_c4,0.2142857142857143,0.28571428571428575,0.42105263157894735,0.21621621621621623,0.7027027027027027,0.4594594594594595,0.4594594594594595,8,11,26,29,74
high_low_half_penalty_0_9_0_4,low_is_c4,0.01785714285714285,0.2448979591836735,0.5,0.16216216216216217,0.8378378378378378,0.5,0.5,6,6,31,31,74
high_low_half_penalty_0_9_0_4,high_is_c4,0.22788461538461538,0.22641509433962265,0.375,0.16216216216216217,0.7297297297297297,0.44594594594594594,0.44594594594594594,6,10,27,31,74
high_low_half_penalty_0_9_0_4,high_is_c4,0.21964285714285714,0.22222222222222227,0.35294117647058826,0.16216216216216217,0.7027027027027027,0.43243243243243246,0.43243243243243246,6,11,26,31,74
high_low_half_penalty_0_9_0_4,high_is_c4,0.23443223443223443,0.1923076923076923,0.3333333333333333,0.13513513513513514,0.7297297297297297,0.43243243243243246,0.43243243243243246,5,10,27,32,74
high_low_half_penalty_0_9_0_4,low_is_c4,-0.019230769230769232,0.18604651162790697,0.6666666666666666,0.10810810810810811,0.9459459459459459,0.527027027027027,0.527027027027027,4,2,35,33,74
high_low_half_penalty_0_9_0_4,high_is_c4,0.244047619047619,0.1568627450980392,0.2857142857142857,0.10810810810810811,0.7297297297297297,0.4189189189189189,0.4189189189189189,4,10,27,33,74
high_low_half_penalty_0_9_0_4,low_is_c4,-0.05256410256410257,0.1,0.6666666666666666,0.05405405405405406,0.972972972972973,0.5135135135135135,0.5135135135135136,2,1,36,35,74
high_low_half_penalty_0_9_0_4,low_is_c4,-0.07692307692307693,0.052631578947368425,1.0,0.02702702702702703,1.0,0.5135135135135135,0.5135135135135135,1,0,37,36,74
high_low_half_penalty_0_9_0_4,low_is_c4,-0.07417582417582418,0.052631578947368425,1.0,0.02702702702702703,1.0,0.5135135135135135,0.5135135135135135,1,0,37,36,74
high_low_half_penalty_0_9_0_4,low_is_c4,-0.06904761904761905,0.05128205128205129,0.5,0.02702702702702703,0.972972972972973,0.5,0.5,1,1,36,36,74
high_low_half_penalty_0_9_0_4,high_is_c4,0.25961538461538464,0.0425531914893617,0.1,0.02702702702702703,0.7567567567567568,0.3918918918918919,0.3918918918918919,1,9,28,36,74
high_low_half_penalty_0_9_0_4,high_is_c4,0.25,0.04166666666666667,0.09090909090909091,0.02702702702702703,0.7297297297297297,0.3783783783783784,0.3783783783783784,1,10,27,36,74
high_low_half_penalty_0_9_0_4,high_is_c4,0.3928571428571428,0.0,0.0,0.0,0.972972972972973,0.4864864864864865,0.4864864864864865,0,1,36,37,74
high_low_half_penalty_0_9_0_4,high_is_c4,0.42857142857142855,0.0,0.0,0.0,0.972972972972973,0.4864864864864865,0.4864864864864865,0,1,36,37,74
high_low_half_penalty_0_9_0_4,high_is_c4,0.3516483516483516,0.0,0.0,0.0,0.9459459459459459,0.47297297297297297,0.47297297297297297,0,2,35,37,74
high_low_half_penalty_0_9_0_4,high_is_c4,0.3230769230769231,0.0,0.0,0.0,0.8648648648648649,0.43243243243243246,0.43243243243243246,0,5,32,37,74
high_low_half_penalty_0_9_0_4,high_is_c4,0.29285714285714287,0.0,0.0,0.0,0.8378378378378378,0.4189189189189189,0.4189189189189189,0,6,31,37,74
high_low_half_penalty_0_9_0_4,high_is_c4,0.28348214285714285,0.0,0.0,0.0,0.8108108108108109,0.40540540540540543,0.40540540540540543,0,7,30,37,74
high_low_half_penalty_0_9_0_4,high_is_c4,0.27524038461538464,0.0,0.0,0.0,0.7837837837837838,0.3918918918918919,0.3918918918918919,0,8,29,37,74
high_low_half_penalty_0_9_0_5,low_is_c4,0.25,0.7115384615384616,0.5522388059701493,1.0,0.1891891891891892,0.5945945945945946,0.5945945945945946,37,30,7,0,74
high_low_half_penalty_0_9_0_5,low_is_c4,0.25833333333333336,0.7115384615384616,0.5522388059701493,1.0,0.1891891891891892,0.5945945945945946,0.5945945945945946,37,30,7,0,74
high_low_half_penalty_0_9_0_5,low_is_c4,0.267948717948718,0.7047619047619048,0.5441176470588235,1.0,0.16216216216216217,0.581081081081081,0.5810810810810811,37,31,6,0,74
high_low_half_penalty_0_9_0_5,low_is_c4,0.244047619047619,0.6930693069306929,0.546875,0.9459459459459459,0.21621621621621623,0.581081081081081,0.5810810810810811,35,29,8,2,74
high_low_half_penalty_0_9_0_5,low_is_c4,0.2774725274725275,0.691588785046729,0.5285714285714286,1.0,0.10810810810810811,0.5540540540540541,0.5540540540540541,37,33,4,0,74
high_low_half_penalty_0_9_0_5,low_is_c4,0.2142857142857143,0.6868686868686869,0.5483870967741935,0.918918918918919,0.24324324324324326,0.581081081081081,0.5810810810810811,34,28,9,3,74
high_low_half_penalty_0_9_0_5,low_is_c4,0.22252747252747254,0.6868686868686869,0.5483870967741935,0.918918918918919,0.24324324324324326,0.581081081081081,0.5810810810810811,34,28,9,3,74
high_low_half_penalty_0_9_0_5,low_is_c4,0.30357142857142855,0.6851851851851851,0.5211267605633803,1.0,0.08108108108108109,0.5405405405405406,0.5405405405405406,37,34,3,0,74
high_low_half_penalty_0_9_0_5,low_is_c4,0.23443223443223443,0.68,0.5396825396825397,0.918918918918919,0.21621621621621623,0.5675675675675675,0.5675675675675675,34,29,8,3,74
high_low_half_penalty_0_9_0_5,low_is_c4,0.33379120879120877,0.6788990825688073,0.5138888888888888,1.0,0.05405405405405406,0.527027027027027,0.527027027027027,37,35,2,0,74
high_low_half_penalty_0_9_0_5,low_is_c4,0.3695054945054945,0.6727272727272727,0.5068493150684932,1.0,0.02702702702702703,0.5135135135135135,0.5135135135135135,37,36,1,0,74
high_low_half_penalty_0_9_0_5,low_is_c4,0.20714285714285713,0.6666666666666667,0.5423728813559322,0.8648648648648649,0.2702702702702703,0.5675675675675675,0.5675675675675675,32,27,10,5,74
high_low_half_penalty_0_9_0_5,high_is_c4,-0.11538461538461539,0.6666666666666666,0.5,1.0,0.0,0.5,0.5,37,37,0,0,74
high_low_half_penalty_0_9_0_5,low_is_c4,0.39285714285714285,0.6666666666666666,0.5,1.0,0.0,0.5,0.5,37,37,0,0,74
high_low_half_penalty_0_9_0_5,high_is_c4,-0.017857142857142863,0.6530612244897959,0.5245901639344263,0.8648648648648649,0.21621621621621623,0.5405405405405406,0.5405405405405406,32,29,8,5,74
high_low_half_penalty_0_9_0_5,low_is_c4,0.19615384615384615,0.6526315789473685,0.5344827586206896,0.8378378378378378,0.2702702702702703,0.5540540540540541,0.5540540540540541,31,27,10,6,74
high_low_half_penalty_0_9_0_5,low_is_c4,0.18543956043956045,0.6444444444444444,0.5471698113207547,0.7837837837837838,0.35135135135135137,0.5675675675675675,0.5675675675675675,29,24,13,8,74
high_low_half_penalty_0_9_0_5,low_is_c4,0.14835164835164835,0.6428571428571429,0.574468085106383,0.7297297297297297,0.4594594594594595,0.5945945945945946,0.5945945945945946,27,20,17,10,74
high_low_half_penalty_0_9_0_5,high_is_c4,-0.1076923076923077,0.6422018348623854,0.4861111111111111,0.9459459459459459,0.0,0.47297297297297297,0.47297297297297297,35,37,0,2,74
high_low_half_penalty_0_9_0_5,low_is_c4,0.16442307692307692,0.6363636363636364,0.5490196078431373,0.7567567567567568,0.3783783783783784,0.5675675675675675,0.5675675675675675,28,23,14,9,74
high_low_half_penalty_0_9_0_5,high_is_c4,-0.03708791208791208,0.6336633663366337,0.5,0.8648648648648649,0.13513513513513514,0.5,0.5,32,32,5,5,74
high_low_half_penalty_0_9_0_5,high_is_c4,-0.08846153846153847,0.6296296296296297,0.4788732394366197,0.918918918918919,0.0,0.4594594594594595,0.4594594594594595,34,37,0,3,74
high_low_half_penalty_0_9_0_5,low_is_c4,0.17678571428571427,0.6292134831460674,0.5384615384615384,0.7567567567567568,0.35135135135135137,0.5540540540540541,0.5540540540540541,28,24,13,9,74
high_low_half_penalty_0_9_0_5,high_is_c4,-0.05494505494505493,0.6285714285714286,0.4852941176470588,0.8918918918918919,0.05405405405405406,0.47297297297297297,0.47297297297297297,33,35,2,4,74
high_low_half_penalty_0_9_0_5,high_is_c4,-0.07417582417582418,0.6226415094339622,0.4782608695652174,0.8918918918918919,0.02702702702702703,0.4594594594594595,0.45945945945945943,33,36,1,4,74
high_low_half_penalty_0_9_0_5,low_is_c4,0.1291208791208791,0.6097560975609757,0.5555555555555556,0.6756756756756757,0.4594594594594595,0.5675675675675675,0.5675675675675675,25,20,17,12,74
high_low_half_penalty_0_9_0_5,low_is_c4,0.10714285714285715,0.5897435897435899,0.5609756097560976,0.6216216216216216,0.5135135135135135,0.5675675675675675,0.5675675675675675,23,18,19,14,74
high_low_half_penalty_0_9_0_5,low_is_c4,0.11126373626373627,0.5897435897435899,0.5609756097560976,0.6216216216216216,0.5135135135135135,0.5675675675675675,0.5675675675675675,23,18,19,14,74
high_low_half_penalty_0_9_0_5,low_is_c4,0.10357142857142856,0.5675675675675675,0.5675675675675675,0.5675675675675675,0.5675675675675675,0.5675675675675675,0.5675675675675675,21,16,21,16,74
high_low_half_penalty_0_9_0_5,low_is_c4,0.10714285714285712,0.5599999999999999,0.5526315789473685,0.5675675675675675,0.5405405405405406,0.5540540540540541,0.5540540540540541,21,17,20,16,74
high_low_half_penalty_0_9_0_5,low_is_c4,0.08846153846153847,0.547945205479452,0.5555555555555556,0.5405405405405406,0.5675675675675675,0.5540540540540541,0.5540540540540541,20,16,21,17,74
high_low_half_penalty_0_9_0_5,high_is_c4,0.019230769230769232,0.5348837209302325,0.46938775510204084,0.6216216216216216,0.2972972972972973,0.4594594594594595,0.45945945945945943,23,26,11,14,74
high_low_half_penalty_0_9_0_5,high_is_c4,0.06696428571428571,0.5301204819277109,0.4782608695652174,0.5945945945945946,0.35135135135135137,0.47297297297297297,0.472972972972973,22,24,13,15,74
high_low_half_penalty_0_9_0_5,high_is_c4,0.050480769230769246,0.5238095238095238,0.46808510638297873,0.5945945945945946,0.32432432432432434,0.4594594594594595,0.4594594594594595,22,25,12,15,74
high_low_half_penalty_0_9_0_5,high_is_c4,0.03846153846153848,0.5176470588235293,0.4583333333333333,0.5945945945945946,0.2972972972972973,0.44594594594594594,0.44594594594594594,22,26,11,15,74
high_low_half_penalty_0_9_0_5,low_is_c4,0.07417582417582418,0.5,0.5483870967741935,0.4594594594594595,0.6216216216216216,0.5405405405405406,0.5405405405405406,17,14,23,20,74
high_low_half_penalty_0_9_0_5,high_is_c4,0.07417582417582418,0.5,0.46511627906976744,0.5405405405405406,0.3783783783783784,0.4594594594594595,0.4594594594594595,20,23,14,17,74
high_low_half_penalty_0_9_0_5,low_is_c4,0.03846153846153848,0.47619047619047616,0.5769230769230769,0.40540540540540543,0.7027027027027027,0.5540540540540541,0.5540540540540541,15,11,26,22,74
high_low_half_penalty_0_9_0_5,low_is_c4,0.050480769230769246,0.46875,0.5555555555555556,0.40540540540540543,0.6756756756756757,0.5405405405405406,0.5405405405405406,15,12,25,22,74
high_low_half_penalty_0_9_0_5,low_is_c4,0.06696428571428571,0.46153846153846156,0.5357142857142857,0.40540540540540543,0.6486486486486487,0.527027027027027,0.5270270270270271,15,13,24,22,74
high_low_half_penalty_0_9_0_5,high_is_c4,0.08846153846153847,0.45333333333333337,0.4473684210526316,0.4594594594594595,0.43243243243243246,0.44594594594594594,0.44594594594594594,17,21,16,20,74
high_low_half_penalty_0_9_0_5,low_is_c4,0.019230769230769232,0.4516129032258065,0.56,0.3783783783783784,0.7027027027027027,0.5405405405405406,0.5405405405405406,14,11,26,23,74
high_low_half_penalty_0_9_0_5,high_is_c4,0.10357142857142856,0.43243243243243246,0.43243243243243246,0.43243243243243246,0.43243243243243246,0.43243243243243246,0.43243243243243246,16,21,16,21,74
high_low_half_penalty_0_9_0_5,high_is_c4,0.10714285714285712,0.43243243243243246,0.43243243243243246,0.43243243243243246,0.43243243243243246,0.43243243243243246,0.43243243243243246,16,21,16,21,74
high_low_half_penalty_0_9_0_5,high_is_c4,0.10714285714285715,0.4225352112676056,0.4411764705882353,0.40540540540540543,0.4864864864864865,0.44594594594594594,0.44594594594594594,15,19,18,22,74
high_low_half_penalty_0_9_0_5,high_is_c4,0.11126373626373627,0.4000000000000001,0.42424242424242425,0.3783783783783784,0.4864864864864865,0.43243243243243246,0.43243243243243246,14,19,18,23,74
high_low_half_penalty_0_9_0_5,high_is_c4,0.1291208791208791,0.36363636363636365,0.41379310344827586,0.32432432432432434,0.5405405405405406,0.43243243243243246,0.43243243243243246,12,17,20,25,74
high_low_half_penalty_0_9_0_5,high_is_c4,0.14835164835164835,0.3125,0.37037037037037035,0.2702702702702703,0.5405405405405406,0.40540540540540543,0.40540540540540543,10,17,20,27,74
high_low_half_penalty_0_9_0_5,high_is_c4,0.17678571428571427,0.3050847457627119,0.4090909090909091,0.24324324324324326,0.6486486486486487,0.44594594594594594,0.44594594594594594,9,13,24,28,74
high_low_half_penalty_0_9_0_5,high_is_c4,0.16442307692307692,0.30000000000000004,0.391304347826087,0.24324324324324326,0.6216216216216216,0.43243243243243246,0.43243243243243246,9,14,23,28,74
high_low_half_penalty_0_9_0_5,high_is_c4,0.18543956043956045,0.27586206896551724,0.38095238095238093,0.21621621621621623,0.6486486486486487,0.43243243243243246,0.43243243243243246,8,13,24,29,74
high_low_half_penalty_0_9_0_5,high_is_c4,0.19615384615384615,0.22641509433962265,0.375,0.16216216216216217,0.7297297297297297,0.44594594594594594,0.44594594594594594,6,10,27,31,74
high_low_half_penalty_0_9_0_5,low_is_c4,-0.03708791208791208,0.21276595744680854,0.5,0.13513513513513514,0.8648648648648649,0.5,0.5,5,5,32,32,74
high_low_half_penalty_0_9_0_5,low_is_c4,-0.017857142857142863,0.2,0.38461538461538464,0.13513513513513514,0.7837837837837838,0.4594594594594595,0.45945945945945943,5,8,29,32,74
high_low_half_penalty_0_9_0_5,high_is_c4,0.20714285714285713,0.1923076923076923,0.3333333333333333,0.13513513513513514,0.7297297297297297,0.43243243243243246,0.43243243243243246,5,10,27,32,74
high_low_half_penalty_0_9_0_5,low_is_c4,-0.07417582417582418,0.19047619047619047,0.8,0.10810810810810811,0.972972972972973,0.5405405405405406,0.5405405405405406,4,1,36,33,74
high_low_half_penalty_0_9_0_5,low_is_c4,-0.05494505494505493,0.18604651162790697,0.6666666666666666,0.10810810810810811,0.9459459459459459,0.527027027027027,0.527027027027027,4,2,35,33,74
high_low_half_penalty_0_9_0_5,high_is_c4,0.2142857142857143,0.1568627450980392,0.2857142857142857,0.10810810810810811,0.7297297297297297,0.4189189189189189,0.4189189189189189,4,10,27,33,74
high_low_half_penalty_0_9_0_5,low_is_c4,-0.08846153846153847,0.15,1.0,0.08108108108108109,1.0,0.5405405405405406,0.5405405405405406,3,0,37,34,74
high_low_half_penalty_0_9_0_5,high_is_c4,0.23443223443223443,0.125,0.2727272727272727,0.08108108108108109,0.7837837837837838,0.43243243243243246,0.43243243243243246,3,8,29,34,74
high_low_half_penalty_0_9_0_5,high_is_c4,0.22252747252747254,0.12244897959183675,0.25,0.08108108108108109,0.7567567567567568,0.4189189189189189,0.41891891891891897,3,9,28,34,74
high_low_half_penalty_0_9_0_5,low_is_c4,-0.11538461538461539,0.10256410256410257,1.0,0.05405405405405406,1.0,0.527027027027027,0.527027027027027,2,0,37,35,74
high_low_half_penalty_0_9_0_5,low_is_c4,-0.1076923076923077,0.10256410256410257,1.0,0.05405405405405406,1.0,0.527027027027027,0.527027027027027,2,0,37,35,74
high_low_half_penalty_0_9_0_5,high_is_c4,0.244047619047619,0.0851063829787234,0.2,0.05405405405405406,0.7837837837837838,0.4189189189189189,0.4189189189189189,2,8,29,35,74
high_low_half_penalty_0_9_0_5,high_is_c4,0.3695054945054945,0.0,0.0,0.0,0.972972972972973,0.4864864864864865,0.4864864864864865,0,1,36,37,74
high_low_half_penalty_0_9_0_5,high_is_c4,0.39285714285714285,0.0,0.0,0.0,0.972972972972973,0.4864864864864865,0.4864864864864865,0,1,36,37,74
high_low_half_penalty_0_9_0_5,high_is_c4,0.33379120879120877,0.0,0.0,0.0,0.9459459459459459,0.47297297297297297,0.47297297297297297,0,2,35,37,74
high_low_half_penalty_0_9_0_5,high_is_c4,0.30357142857142855,0.0,0.0,0.0,0.918918918918919,0.4594594594594595,0.4594594594594595,0,3,34,37,74
high_low_half_penalty_0_9_0_5,high_is_c4,0.2774725274725275,0.0,0.0,0.0,0.8918918918918919,0.44594594594594594,0.44594594594594594,0,4,33,37,74
high_low_half_penalty_0_9_0_5,high_is_c4,0.267948717948718,0.0,0.0,0.0,0.8378378378378378,0.4189189189189189,0.4189189189189189,0,6,31,37,74
high_low_half_penalty_0_9_0_5,high_is_c4,0.25833333333333336,0.0,0.0,0.0,0.8108108108108109,0.40540540540540543,0.40540540540540543,0,7,30,37,74
high_low_half_penalty_0_9_0_5,high_is_c4,0.25,0.0,0.0,0.0,0.7837837837837838,0.3918918918918919,0.3918918918918919,0,8,29,37,74
high_score_rate_0_1,high_is_c4,0.7142857142857143,0.6666666666666666,0.5,1.0,0.0,0.5,0.5,37,37,0,0,74
high_score_rate_0_1,low_is_c4,1.0,0.6666666666666666,0.5,1.0,0.0,0.5,0.5,37,37,0,0,74
high_score_rate_0_1,low_is_c4,0.9392857142857143,0.6585365853658536,0.6,0.7297297297297297,0.5135135135135135,0.6216216216216216,0.6216216216216216,27,18,19,10,74
high_score_rate_0_1,high_is_c4,0.7238095238095238,0.6545454545454545,0.4931506849315068,0.972972972972973,0.0,0.4864864864864865,0.4864864864864865,36,37,0,1,74
high_score_rate_0_1,low_is_c4,0.975,0.6506024096385542,0.5869565217391305,0.7297297297297297,0.4864864864864865,0.6081081081081081,0.6081081081081081,27,19,18,10,74
high_score_rate_0_1,high_is_c4,0.7476190476190476,0.6422018348623854,0.4861111111111111,0.9459459459459459,0.0,0.47297297297297297,0.47297297297297297,35,37,0,2,74
high_score_rate_0_1,high_is_c4,0.7655677655677655,0.6296296296296297,0.4788732394366197,0.918918918918919,0.0,0.4594594594594595,0.4594594594594595,34,37,0,3,74
high_score_rate_0_1,high_is_c4,0.7846153846153847,0.6274509803921569,0.49230769230769234,0.8648648648648649,0.10810810810810811,0.4864864864864865,0.4864864864864865,32,33,4,5,74
high_score_rate_0_1,high_is_c4,0.8397435897435898,0.62,0.49206349206349204,0.8378378378378378,0.13513513513513514,0.4864864864864865,0.4864864864864865,31,32,5,6,74
high_score_rate_0_1,high_is_c4,0.8166666666666667,0.6138613861386139,0.484375,0.8378378378378378,0.10810810810810811,0.47297297297297297,0.47297297297297297,31,33,4,6,74
high_score_rate_0_1,high_is_c4,0.8516483516483516,0.5894736842105263,0.4827586206896552,0.7567567567567568,0.1891891891891892,0.47297297297297297,0.472972972972973,28,30,7,9,74
high_score_rate_0_1,low_is_c4,0.9258241758241759,0.5599999999999999,0.5526315789473685,0.5675675675675675,0.5405405405405406,0.5540540540540541,0.5540540540540541,21,17,20,16,74
high_score_rate_0_1,high_is_c4,0.861904761904762,0.5287356321839081,0.46,0.6216216216216216,0.2702702702702703,0.44594594594594594,0.44594594594594594,23,27,10,14,74
high_score_rate_0_1,high_is_c4,0.8990384615384616,0.5238095238095238,0.46808510638297873,0.5945945945945946,0.32432432432432434,0.4594594594594595,0.4594594594594595,22,25,12,15,74
high_score_rate_0_1,high_is_c4,0.8708333333333333,0.5116279069767442,0.4489795918367347,0.5945945945945946,0.2702702702702703,0.43243243243243246,0.43243243243243246,22,27,10,15,74
high_score_rate_0_1,low_is_c4,0.8708333333333333,0.48387096774193555,0.6,0.40540540540540543,0.7297297297297297,0.5675675675675675,0.5675675675675675,15,10,27,22,74
high_score_rate_0_1,low_is_c4,0.8990384615384616,0.46875,0.5555555555555556,0.40540540540540543,0.6756756756756757,0.5405405405405406,0.5405405405405406,15,12,25,22,74
high_score_rate_0_1,low_is_c4,0.861904761904762,0.45901639344262296,0.5833333333333334,0.3783783783783784,0.7297297297297297,0.5540540540540541,0.5540540540540541,14,10,27,23,74
high_score_rate_0_1,high_is_c4,0.9258241758241759,0.4383561643835616,0.4444444444444444,0.43243243243243246,0.4594594594594595,0.44594594594594594,0.44594594594594594,16,20,17,21,74
high_score_rate_0_1,low_is_c4,0.8516483516483516,0.339622641509434,0.5625,0.24324324324324326,0.8108108108108109,0.527027027027027,0.5270270270270271,9,7,30,28,74
high_score_rate_0_1,high_is_c4,0.975,0.3076923076923077,0.35714285714285715,0.2702702702702703,0.5135135135135135,0.3918918918918919,0.3918918918918919,10,18,19,27,74
high_score_rate_0_1,high_is_c4,1.0,0.3076923076923077,0.35714285714285715,0.2702702702702703,0.5135135135135135,0.3918918918918919,0.3918918918918919,10,18,19,27,74
high_score_rate_0_1,high_is_c4,0.9392857142857143,0.30303030303030304,0.3448275862068966,0.2702702702702703,0.4864864864864865,0.3783783783783784,0.3783783783783784,10,19,18,27,74
high_score_rate_0_1,low_is_c4,0.8166666666666667,0.25531914893617025,0.6,0.16216216216216217,0.8918918918918919,0.527027027027027,0.527027027027027,6,4,33,31,74
high_score_rate_0_1,low_is_c4,0.8397435897435898,0.25,0.5454545454545454,0.16216216216216217,0.8648648648648649,0.5135135135135135,0.5135135135135136,6,5,32,31,74
high_score_rate_0_1,low_is_c4,0.7846153846153847,0.2173913043478261,0.5555555555555556,0.13513513513513514,0.8918918918918919,0.5135135135135135,0.5135135135135135,5,4,33,32,74
high_score_rate_0_1,low_is_c4,0.7655677655677655,0.15,1.0,0.08108108108108109,1.0,0.5405405405405406,0.5405405405405406,3,0,37,34,74
high_score_rate_0_1,low_is_c4,0.7476190476190476,0.10256410256410257,1.0,0.05405405405405406,1.0,0.527027027027027,0.527027027027027,2,0,37,35,74
high_score_rate_0_1,low_is_c4,0.7142857142857143,0.052631578947368425,1.0,0.02702702702702703,1.0,0.5135135135135135,0.5135135135135135,1,0,37,36,74
high_score_rate_0_1,low_is_c4,0.7238095238095238,0.052631578947368425,1.0,0.02702702702702703,1.0,0.5135135135135135,0.5135135135135135,1,0,37,36,74
high_score_rate_0_2,low_is_c4,0.9642857142857143,0.6938775510204082,0.5573770491803278,0.918918918918919,0.2702702702702703,0.5945945945945946,0.5945945945945946,34,27,10,3,74
high_score_rate_0_2,low_is_c4,0.9258241758241759,0.6888888888888889,0.5849056603773585,0.8378378378378378,0.40540540540540543,0.6216216216216216,0.6216216216216216,31,22,15,6,74
high_score_rate_0_2,high_is_c4,0.7032967032967032,0.6666666666666666,0.5070422535211268,0.972972972972973,0.05405405405405406,0.5135135135135135,0.5135135135135136,36,35,2,1,74
high_score_rate_0_2,high_is_c4,0.6923076923076923,0.6666666666666666,0.5,1.0,0.0,0.5,0.5,37,37,0,0,74
high_score_rate_0_2,low_is_c4,1.0,0.6666666666666666,0.5,1.0,0.0,0.5,0.5,37,37,0,0,74
high_score_rate_0_2,high_is_c4,0.7238095238095238,0.6285714285714286,0.4852941176470588,0.8918918918918919,0.05405405405405406,0.47297297297297297,0.47297297297297297,33,35,2,4,74
high_score_rate_0_2,high_is_c4,0.7476190476190476,0.6153846153846153,0.47761194029850745,0.8648648648648649,0.05405405405405406,0.4594594594594595,0.4594594594594595,32,35,2,5,74
high_score_rate_0_2,high_is_c4,0.7655677655677655,0.6019417475728156,0.4696969696969697,0.8378378378378378,0.05405405405405406,0.44594594594594594,0.44594594594594594,31,35,2,6,74
high_score_rate_0_2,low_is_c4,0.8901098901098901,0.5974025974025973,0.575,0.6216216216216216,0.5405405405405406,0.581081081081081,0.5810810810810811,23,17,20,14,74
high_score_rate_0_2,high_is_c4,0.7774725274725275,0.5894736842105263,0.4827586206896552,0.7567567567567568,0.1891891891891892,0.47297297297297297,0.472972972972973,28,30,7,9,74
high_score_rate_0_2,high_is_c4,0.7928571428571429,0.5494505494505494,0.46296296296296297,0.6756756756756757,0.21621621621621623,0.44594594594594594,0.44594594594594594,25,29,8,12,74
high_score_rate_0_2,high_is_c4,0.8397435897435898,0.5348837209302325,0.46938775510204084,0.6216216216216216,0.2972972972972973,0.4594594594594595,0.45945945945945943,23,26,11,14,74
high_score_rate_0_2,high_is_c4,0.8229166666666667,0.5287356321839081,0.46,0.6216216216216216,0.2702702702702703,0.44594594594594594,0.44594594594594594,23,27,10,14,74
high_score_rate_0_2,high_is_c4,0.80625,0.5168539325842696,0.4423076923076923,0.6216216216216216,0.21621621621621623,0.4189189189189189,0.4189189189189189,23,29,8,14,74
high_score_rate_0_2,low_is_c4,0.8480769230769231,0.5074626865671642,0.5666666666666667,0.4594594594594595,0.6486486486486487,0.5540540540540541,0.5540540540540541,17,13,24,20,74
high_score_rate_0_2,low_is_c4,0.8535714285714285,0.5,0.5483870967741935,0.4594594594594595,0.6216216216216216,0.5405405405405406,0.5405405405405406,17,14,23,20,74
high_score_rate_0_2,high_is_c4,0.8535714285714285,0.5,0.46511627906976744,0.5405405405405406,0.3783783783783784,0.4594594594594595,0.4594594594594595,20,23,14,17,74
high_score_rate_0_2,high_is_c4,0.8480769230769231,0.49382716049382713,0.45454545454545453,0.5405405405405406,0.35135135135135137,0.44594594594594594,0.44594594594594594,20,24,13,17,74
high_score_rate_0_2,low_is_c4,0.80625,0.4745762711864407,0.6363636363636364,0.3783783783783784,0.7837837837837838,0.581081081081081,0.5810810810810811,14,8,29,23,74
high_score_rate_0_2,low_is_c4,0.8229166666666667,0.45901639344262296,0.5833333333333334,0.3783783783783784,0.7297297297297297,0.5540540540540541,0.5540540540540541,14,10,27,23,74
high_score_rate_0_2,low_is_c4,0.8397435897435898,0.4516129032258065,0.56,0.3783783783783784,0.7027027027027027,0.5405405405405406,0.5405405405405406,14,11,26,23,74
high_score_rate_0_2,low_is_c4,0.7928571428571429,0.4210526315789474,0.6,0.32432432432432434,0.7837837837837838,0.5540540540540541,0.5540540540540541,12,8,29,25,74
high_score_rate_0_2,high_is_c4,0.8901098901098901,0.39436619718309857,0.4117647058823529,0.3783783783783784,0.4594594594594595,0.4189189189189189,0.41891891891891897,14,20,17,23,74
high_score_rate_0_2,low_is_c4,0.7774725274725275,0.339622641509434,0.5625,0.24324324324324326,0.8108108108108109,0.527027027027027,0.5270270270270271,9,7,30,28,74
high_score_rate_0_2,low_is_c4,0.7655677655677655,0.26666666666666666,0.75,0.16216216216216217,0.9459459459459459,0.5540540540540541,0.5540540540540541,6,2,35,31,74
high_score_rate_0_2,low_is_c4,0.7476190476190476,0.22727272727272727,0.7142857142857143,0.13513513513513514,0.9459459459459459,0.5405405405405406,0.5405405405405406,5,2,35,32,74
high_score_rate_0_2,high_is_c4,0.9258241758241759,0.20689655172413793,0.2857142857142857,0.16216216216216217,0.5945945945945946,0.3783783783783784,0.3783783783783784,6,15,22,31,74
high_score_rate_0_2,low_is_c4,0.7238095238095238,0.18604651162790697,0.6666666666666666,0.10810810810810811,0.9459459459459459,0.527027027027027,0.527027027027027,4,2,35,33,74
high_score_rate_0_2,high_is_c4,0.9642857142857143,0.12,0.23076923076923078,0.08108108108108109,0.7297297297297297,0.40540540540540543,0.4054054054054054,3,10,27,34,74
high_score_rate_0_2,high_is_c4,1.0,0.12,0.23076923076923078,0.08108108108108109,0.7297297297297297,0.40540540540540543,0.4054054054054054,3,10,27,34,74
high_score_rate_0_2,low_is_c4,0.6923076923076923,0.05,0.3333333333333333,0.02702702702702703,0.9459459459459459,0.4864864864864865,0.4864864864864865,1,2,35,36,74
high_score_rate_0_2,low_is_c4,0.7032967032967032,0.05,0.3333333333333333,0.02702702702702703,0.9459459459459459,0.4864864864864865,0.4864864864864865,1,2,35,36,74
high_score_rate_0_3,low_is_c4,0.930952380952381,0.6728971962616821,0.5142857142857142,0.972972972972973,0.08108108108108109,0.527027027027027,0.5270270270270271,36,34,3,1,74
high_score_rate_0_3,low_is_c4,0.9666666666666667,0.6666666666666666,0.5070422535211268,0.972972972972973,0.05405405405405406,0.5135135135135135,0.5135135135135136,36,35,2,1,74
high_score_rate_0_3,high_is_c4,0.5714285714285714,0.6666666666666666,0.5,1.0,0.0,0.5,0.5,37,37,0,0,74
high_score_rate_0_3,low_is_c4,1.0,0.6666666666666666,0.5,1.0,0.0,0.5,0.5,37,37,0,0,74
high_score_rate_0_3,high_is_c4,0.6291208791208791,0.6666666666666665,0.5147058823529411,0.9459459459459459,0.10810810810810811,0.527027027027027,0.527027027027027,35,33,4,2,74
high_score_rate_0_3,low_is_c4,0.9258241758241759,0.6666666666666665,0.5147058823529411,0.9459459459459459,0.10810810810810811,0.527027027027027,0.527027027027027,35,33,4,2,74
high_score_rate_0_3,high_is_c4,0.5934065934065934,0.6545454545454545,0.4931506849315068,0.972972972972973,0.0,0.4864864864864865,0.4864864864864865,36,37,0,1,74
high_score_rate_0_3,high_is_c4,0.6547619047619048,0.6538461538461539,0.5074626865671642,0.918918918918919,0.10810810810810811,0.5135135135135135,0.5135135135135136,34,33,4,3,74
high_score_rate_0_3,high_is_c4,0.6899038461538461,0.6336633663366337,0.5,0.8648648648648649,0.13513513513513514,0.5,0.5,32,32,5,5,74
high_score_rate_0_3,high_is_c4,0.7032967032967032,0.631578947368421,0.5172413793103449,0.8108108108108109,0.24324324324324326,0.527027027027027,0.5270270270270271,30,28,9,7,74
high_score_rate_0_3,high_is_c4,0.6770833333333333,0.6274509803921569,0.49230769230769234,0.8648648648648649,0.10810810810810811,0.4864864864864865,0.4864864864864865,32,33,4,5,74
high_score_rate_0_3,low_is_c4,0.8901098901098901,0.6170212765957447,0.5087719298245614,0.7837837837837838,0.24324324324324326,0.5135135135135135,0.5135135135135135,29,28,9,8,74
high_score_rate_0_3,low_is_c4,0.8480769230769231,0.611764705882353,0.5416666666666666,0.7027027027027027,0.40540540540540543,0.5540540540540541,0.5540540540540541,26,22,15,11,74
high_score_rate_0_3,low_is_c4,0.8535714285714285,0.6046511627906977,0.5306122448979592,0.7027027027027027,0.3783783783783784,0.5405405405405406,0.5405405405405406,26,23,14,11,74
high_score_rate_0_3,high_is_c4,0.7559523809523809,0.5842696629213484,0.5,0.7027027027027027,0.2972972972972973,0.5,0.5,26,26,11,11,74
high_score_rate_0_3,low_is_c4,0.823076923076923,0.5789473684210528,0.5641025641025641,0.5945945945945946,0.5405405405405406,0.5675675675675675,0.5675675675675675,22,17,20,15,74
high_score_rate_0_3,high_is_c4,0.7321428571428572,0.5777777777777777,0.49056603773584906,0.7027027027027027,0.2702702702702703,0.4864864864864865,0.4864864864864865,26,27,10,11,74
high_score_rate_0_3,high_is_c4,0.7655677655677655,0.5681818181818181,0.49019607843137253,0.6756756756756757,0.2972972972972973,0.4864864864864865,0.4864864864864865,25,26,11,12,74
high_score_rate_0_3,low_is_c4,0.7928571428571429,0.5599999999999999,0.5526315789473685,0.5675675675675675,0.5405405405405406,0.5540540540540541,0.5540540540540541,21,17,20,16,74
high_score_rate_0_3,high_is_c4,0.7817460317460317,0.5121951219512195,0.4666666666666667,0.5675675675675675,0.35135135135135137,0.4594594594594595,0.45945945945945943,21,24,13,16,74
high_score_rate_0_3,high_is_c4,0.7735042735042735,0.506024096385542,0.45652173913043476,0.5675675675675675,0.32432432432432434,0.44594594594594594,0.44594594594594594,21,25,12,16,74
high_score_rate_0_3,low_is_c4,0.7735042735042735,0.49230769230769234,0.5714285714285714,0.43243243243243246,0.6756756756756757,0.5540540540540541,0.5540540540540541,16,12,25,21,74
high_score_rate_0_3,low_is_c4,0.7817460317460317,0.48484848484848486,0.5517241379310345,0.43243243243243246,0.6486486486486487,0.5405405405405406,0.5405405405405406,16,13,24,21,74
high_score_rate_0_3,high_is_c4,0.7928571428571429,0.4383561643835616,0.4444444444444444,0.43243243243243246,0.4594594594594595,0.44594594594594594,0.44594594594594594,16,20,17,21,74
high_score_rate_0_3,high_is_c4,0.823076923076923,0.4166666666666667,0.42857142857142855,0.40540540540540543,0.4594594594594595,0.43243243243243246,0.43243243243243246,15,20,17,22,74
high_score_rate_0_3,low_is_c4,0.7655677655677655,0.4,0.5217391304347826,0.32432432432432434,0.7027027027027027,0.5135135135135135,0.5135135135135136,12,11,26,25,74
high_score_rate_0_3,low_is_c4,0.7321428571428572,0.37931034482758624,0.5238095238095238,0.2972972972972973,0.7297297297297297,0.5135135135135135,0.5135135135135135,11,10,27,26,74
high_score_rate_0_3,low_is_c4,0.7559523809523809,0.3728813559322034,0.5,0.2972972972972973,0.7027027027027027,0.5,0.5,11,11,26,26,74
high_score_rate_0_3,high_is_c4,0.8535714285714285,0.3548387096774193,0.44,0.2972972972972973,0.6216216216216216,0.4594594594594595,0.45945945945945943,11,14,23,26,74
high_score_rate_0_3,high_is_c4,0.8480769230769231,0.34920634920634924,0.4230769230769231,0.2972972972972973,0.5945945945945946,0.44594594594594594,0.44594594594594594,11,15,22,26,74
high_score_rate_0_3,high_is_c4,0.8901098901098901,0.29629629629629634,0.47058823529411764,0.21621621621621623,0.7567567567567568,0.4864864864864865,0.4864864864864865,8,9,28,29,74
high_score_rate_0_3,low_is_c4,0.7032967032967032,0.2641509433962264,0.4375,0.1891891891891892,0.7567567567567568,0.47297297297297297,0.472972972972973,7,9,28,30,74
high_score_rate_0_3,low_is_c4,0.6770833333333333,0.2173913043478261,0.5555555555555556,0.13513513513513514,0.8918918918918919,0.5135135135135135,0.5135135135135135,5,4,33,32,74
high_score_rate_0_3,low_is_c4,0.6899038461538461,0.21276595744680854,0.5,0.13513513513513514,0.8648648648648649,0.5,0.5,5,5,32,32,74
high_score_rate_0_3,low_is_c4,0.6547619047619048,0.13636363636363638,0.42857142857142855,0.08108108108108109,0.8918918918918919,0.4864864864864865,0.4864864864864865,3,4,33,34,74
high_score_rate_0_3,high_is_c4,0.9258241758241759,0.09302325581395349,0.3333333333333333,0.05405405405405406,0.8918918918918919,0.47297297297297297,0.47297297297297297,2,4,33,35,74
high_score_rate_0_3,low_is_c4,0.6291208791208791,0.09302325581395349,0.3333333333333333,0.05405405405405406,0.8918918918918919,0.47297297297297297,0.47297297297297297,2,4,33,35,74
high_score_rate_0_3,low_is_c4,0.5714285714285714,0.052631578947368425,1.0,0.02702702702702703,1.0,0.5135135135135135,0.5135135135135135,1,0,37,36,74
high_score_rate_0_3,low_is_c4,0.5934065934065934,0.052631578947368425,1.0,0.02702702702702703,1.0,0.5135135135135135,0.5135135135135135,1,0,37,36,74
high_score_rate_0_3,high_is_c4,0.9666666666666667,0.05,0.3333333333333333,0.02702702702702703,0.9459459459459459,0.4864864864864865,0.4864864864864865,1,2,35,36,74
high_score_rate_0_3,high_is_c4,1.0,0.05,0.3333333333333333,0.02702702702702703,0.9459459459459459,0.4864864864864865,0.4864864864864865,1,2,35,36,74
high_score_rate_0_3,high_is_c4,0.930952380952381,0.04878048780487805,0.25,0.02702702702702703,0.918918918918919,0.47297297297297297,0.472972972972973,1,3,34,36,74
high_score_rate_0_4,low_is_c4,0.8901098901098901,0.673076923076923,0.5223880597014925,0.9459459459459459,0.13513513513513514,0.5405405405405406,0.5405405405405406,35,32,5,2,74
high_score_rate_0_4,low_is_c4,0.8516483516483516,0.6666666666666666,0.532258064516129,0.8918918918918919,0.21621621621621623,0.5540540540540541,0.5540540540540541,33,29,8,4,74
high_score_rate_0_4,high_is_c4,0.5,0.6666666666666666,0.5,1.0,0.0,0.5,0.5,37,37,0,0,74
high_score_rate_0_4,low_is_c4,1.0,0.6666666666666666,0.5,1.0,0.0,0.5,0.5,37,37,0,0,74
high_score_rate_0_4,low_is_c4,0.9615384615384616,0.6605504587155964,0.5,0.972972972972973,0.02702702702702703,0.5,0.5,36,36,1,1,74
high_score_rate_0_4,high_is_c4,0.554945054945055,0.660377358490566,0.5072463768115942,0.9459459459459459,0.08108108108108109,0.5135135135135135,0.5135135135135135,35,34,3,2,74
high_score_rate_0_4,high_is_c4,0.5192307692307692,0.6545454545454545,0.4931506849315068,0.972972972972973,0.0,0.4864864864864865,0.4864864864864865,36,37,0,1,74
high_score_rate_0_4,low_is_c4,0.7928571428571429,0.6382978723404256,0.5263157894736842,0.8108108108108109,0.2702702702702703,0.5405405405405406,0.5405405405405406,30,27,10,7,74
high_score_rate_0_4,high_is_c4,0.5857142857142856,0.6336633663366337,0.5,0.8648648648648649,0.13513513513513514,0.5,0.5,32,32,5,5,74
high_score_rate_0_4,low_is_c4,0.7416666666666667,0.6329113924050633,0.5952380952380952,0.6756756756756757,0.5405405405405406,0.6081081081081081,0.6081081081081081,25,17,20,12,74
high_score_rate_0_4,low_is_c4,0.823076923076923,0.631578947368421,0.5172413793103449,0.8108108108108109,0.24324324324324326,0.527027027027027,0.5270270270270271,30,28,9,7,74
high_score_rate_0_4,low_is_c4,0.7774725274725275,0.6292134831460674,0.5384615384615384,0.7567567567567568,0.35135135135135137,0.5540540540540541,0.5540540540540541,28,24,13,9,74
high_score_rate_0_4,high_is_c4,0.6076923076923078,0.62,0.49206349206349204,0.8378378378378378,0.13513513513513514,0.4864864864864865,0.4864864864864865,31,32,5,6,74
high_score_rate_0_4,low_is_c4,0.7596153846153846,0.617283950617284,0.5681818181818182,0.6756756756756757,0.4864864864864865,0.581081081081081,0.5810810810810811,25,19,18,12,74
high_score_rate_0_4,low_is_c4,0.7238095238095238,0.6153846153846153,0.5853658536585366,0.6486486486486487,0.5405405405405406,0.5945945945945946,0.5945945945945946,24,17,20,13,74
high_score_rate_0_4,high_is_c4,0.6291208791208791,0.6105263157894737,0.5,0.7837837837837838,0.21621621621621623,0.5,0.5,29,29,8,8,74
high_score_rate_0_4,low_is_c4,0.7032967032967032,0.5753424657534246,0.5833333333333334,0.5675675675675675,0.5945945945945946,0.581081081081081,0.5810810810810811,21,15,22,16,74
high_score_rate_0_4,high_is_c4,0.6547619047619048,0.5393258426966292,0.46153846153846156,0.6486486486486487,0.24324324324324326,0.44594594594594594,0.44594594594594594,24,28,9,13,74
high_score_rate_0_4,high_is_c4,0.6899038461538461,0.5348837209302325,0.46938775510204084,0.6216216216216216,0.2972972972972973,0.4594594594594595,0.45945945945945943,23,26,11,14,74
high_score_rate_0_4,high_is_c4,0.6770833333333333,0.5287356321839081,0.46,0.6216216216216216,0.2702702702702703,0.44594594594594594,0.44594594594594594,23,27,10,14,74
high_score_rate_0_4,low_is_c4,0.6770833333333333,0.45901639344262296,0.5833333333333334,0.3783783783783784,0.7297297297297297,0.5540540540540541,0.5540540540540541,14,10,27,23,74
high_score_rate_0_4,low_is_c4,0.6899038461538461,0.4516129032258065,0.56,0.3783783783783784,0.7027027027027027,0.5405405405405406,0.5405405405405406,14,11,26,23,74
high_score_rate_0_4,low_is_c4,0.6547619047619048,0.4406779661016949,0.5909090909090909,0.35135135135135137,0.7567567567567568,0.5540540540540541,0.5540540540540541,13,9,28,24,74
high_score_rate_0_4,high_is_c4,0.7032967032967032,0.4266666666666667,0.42105263157894735,0.43243243243243246,0.40540540540540543,0.4189189189189189,0.41891891891891897,16,22,15,21,74
high_score_rate_0_4,high_is_c4,0.7238095238095238,0.37142857142857144,0.3939393939393939,0.35135135135135137,0.4594594594594595,0.40540540540540543,0.40540540540540543,13,20,17,24,74
high_score_rate_0_4,high_is_c4,0.7596153846153846,0.3582089552238806,0.4,0.32432432432432434,0.5135135135135135,0.4189189189189189,0.4189189189189189,12,18,19,25,74
high_score_rate_0_4,high_is_c4,0.7416666666666667,0.34782608695652173,0.375,0.32432432432432434,0.4594594594594595,0.3918918918918919,0.3918918918918919,12,20,17,25,74
high_score_rate_0_4,high_is_c4,0.7774725274725275,0.3050847457627119,0.4090909090909091,0.24324324324324326,0.6486486486486487,0.44594594594594594,0.44594594594594594,9,13,24,28,74
high_score_rate_0_4,low_is_c4,0.6291208791208791,0.3018867924528302,0.5,0.21621621621621623,0.7837837837837838,0.5,0.5,8,8,29,29,74
high_score_rate_0_4,high_is_c4,0.823076923076923,0.2641509433962264,0.4375,0.1891891891891892,0.7567567567567568,0.47297297297297297,0.472972972972973,7,9,28,30,74
high_score_rate_0_4,high_is_c4,0.7928571428571429,0.2592592592592593,0.4117647058823529,0.1891891891891892,0.7297297297297297,0.4594594594594595,0.45945945945945943,7,10,27,30,74
high_score_rate_0_4,low_is_c4,0.6076923076923078,0.25,0.5454545454545454,0.16216216216216217,0.8648648648648649,0.5135135135135135,0.5135135135135136,6,5,32,31,74
high_score_rate_0_4,low_is_c4,0.5857142857142856,0.21276595744680854,0.5,0.13513513513513514,0.8648648648648649,0.5,0.5,5,5,32,32,74
high_score_rate_0_4,high_is_c4,0.8516483516483516,0.163265306122449,0.3333333333333333,0.10810810810810811,0.7837837837837838,0.44594594594594594,0.44594594594594594,4,8,29,33,74
high_score_rate_0_4,low_is_c4,0.554945054945055,0.09523809523809523,0.4,0.05405405405405406,0.918918918918919,0.4864864864864865,0.4864864864864865,2,3,34,35,74
high_score_rate_0_4,high_is_c4,0.8901098901098901,0.09090909090909091,0.2857142857142857,0.05405405405405406,0.8648648648648649,0.4594594594594595,0.4594594594594595,2,5,32,35,74
high_score_rate_0_4,low_is_c4,0.5,0.052631578947368425,1.0,0.02702702702702703,1.0,0.5135135135135135,0.5135135135135135,1,0,37,36,74
high_score_rate_0_4,low_is_c4,0.5192307692307692,0.052631578947368425,1.0,0.02702702702702703,1.0,0.5135135135135135,0.5135135135135135,1,0,37,36,74
high_score_rate_0_4,high_is_c4,0.9615384615384616,0.05128205128205129,0.5,0.02702702702702703,0.972972972972973,0.5,0.5,1,1,36,36,74
high_score_rate_0_4,high_is_c4,1.0,0.05128205128205129,0.5,0.02702702702702703,0.972972972972973,0.5,0.5,1,1,36,36,74
high_score_rate_0_5,low_is_c4,0.8846153846153846,0.6788990825688073,0.5138888888888888,1.0,0.05405405405405406,0.527027027027027,0.527027027027027,37,35,2,0,74
high_score_rate_0_5,low_is_c4,0.7512820512820513,0.6736842105263158,0.5517241379310345,0.8648648648648649,0.2972972972972973,0.581081081081081,0.5810810810810811,32,26,11,5,74
high_score_rate_0_5,low_is_c4,0.8159340659340659,0.6728971962616821,0.5142857142857142,0.972972972972973,0.08108108108108109,0.527027027027027,0.5270270270270271,36,34,3,1,74
high_score_rate_0_5,low_is_c4,0.9258241758241759,0.6727272727272727,0.5068493150684932,1.0,0.02702702702702703,0.5135135135135135,0.5135135135135135,37,36,1,0,74
high_score_rate_0_5,low_is_c4,0.7238095238095238,0.6666666666666666,0.5535714285714286,0.8378378378378378,0.32432432432432434,0.581081081081081,0.5810810810810811,31,25,12,6,74
high_score_rate_0_5,high_is_c4,0.42857142857142855,0.6666666666666666,0.5,1.0,0.0,0.5,0.5,37,37,0,0,74
high_score_rate_0_5,low_is_c4,0.9285714285714286,0.6666666666666666,0.5,1.0,0.0,0.5,0.5,37,37,0,0,74
high_score_rate_0_5,low_is_c4,0.7774725274725275,0.6601941747572816,0.5151515151515151,0.918918918918919,0.13513513513513514,0.527027027027027,0.5270270270270271,34,32,5,3,74
high_score_rate_0_5,high_is_c4,0.4807692307692308,0.6538461538461539,0.5074626865671642,0.918918918918919,0.10810810810810811,0.5135135135135135,0.5135135135135136,34,33,4,3,74
high_score_rate_0_5,high_is_c4,0.5166666666666666,0.6534653465346535,0.515625,0.8918918918918919,0.16216216216216217,0.527027027027027,0.527027027027027,33,31,6,4,74
high_score_rate_0_5,high_is_c4,0.44505494505494503,0.6422018348623854,0.4861111111111111,0.9459459459459459,0.0,0.47297297297297297,0.47297297297297297,35,37,0,2,74
high_score_rate_0_5,high_is_c4,0.5358974358974359,0.64,0.5079365079365079,0.8648648648648649,0.16216216216216217,0.5135135135135135,0.5135135135135136,32,31,6,5,74
high_score_rate_0_5,low_is_c4,0.7032967032967032,0.6279069767441859,0.5510204081632653,0.7297297297297297,0.40540540540540543,0.5675675675675675,0.5675675675675675,27,22,15,10,74
high_score_rate_0_5,high_is_c4,0.5634920634920635,0.6021505376344086,0.5,0.7567567567567568,0.24324324324324326,0.5,0.5,28,28,9,9,74
high_score_rate_0_5,high_is_c4,0.5470085470085471,0.5957446808510638,0.49122807017543857,0.7567567567567568,0.21621621621621623,0.4864864864864865,0.4864864864864865,28,29,8,9,74
high_score_rate_0_5,low_is_c4,0.6794871794871795,0.5789473684210528,0.5641025641025641,0.5945945945945946,0.5405405405405406,0.5675675675675675,0.5675675675675675,22,17,20,15,74
high_score_rate_0_5,low_is_c4,0.6464285714285715,0.5675675675675675,0.5675675675675675,0.5675675675675675,0.5675675675675675,0.5675675675675675,0.5675675675675675,21,16,21,16,74
high_score_rate_0_5,low_is_c4,0.6583333333333333,0.5599999999999999,0.5526315789473685,0.5675675675675675,0.5405405405405406,0.5540540540540541,0.5540540540540541,21,17,20,16,74
high_score_rate_0_5,low_is_c4,0.6201923076923077,0.5588235294117647,0.6129032258064516,0.5135135135135135,0.6756756756756757,0.5945945945945946,0.5945945945945945,19,12,25,18,74
high_score_rate_0_5,low_is_c4,0.6339285714285714,0.5428571428571428,0.5757575757575758,0.5135135135135135,0.6216216216216216,0.5675675675675675,0.5675675675675675,19,14,23,18,74
high_score_rate_0_5,high_is_c4,0.5934065934065934,0.5348837209302325,0.46938775510204084,0.6216216216216216,0.2972972972972973,0.4594594594594595,0.45945945945945943,23,26,11,14,74
high_score_rate_0_5,high_is_c4,0.6339285714285714,0.4615384615384615,0.43902439024390244,0.4864864864864865,0.3783783783783784,0.43243243243243246,0.43243243243243246,18,23,14,19,74
high_score_rate_0_5,low_is_c4,0.5934065934065934,0.4516129032258065,0.56,0.3783783783783784,0.7027027027027027,0.5405405405405406,0.5405405405405406,14,11,26,23,74
high_score_rate_0_5,high_is_c4,0.6201923076923077,0.45,0.4186046511627907,0.4864864864864865,0.32432432432432434,0.40540540540540543,0.40540540540540543,18,25,12,19,74
high_score_rate_0_5,high_is_c4,0.6583333333333333,0.4383561643835616,0.4444444444444444,0.43243243243243246,0.4594594594594595,0.44594594594594594,0.44594594594594594,16,20,17,21,74
high_score_rate_0_5,high_is_c4,0.6464285714285715,0.43243243243243246,0.43243243243243246,0.43243243243243246,0.43243243243243246,0.43243243243243246,0.43243243243243246,16,21,16,21,74
high_score_rate_0_5,high_is_c4,0.6794871794871795,0.4166666666666667,0.42857142857142855,0.40540540540540543,0.4594594594594595,0.43243243243243246,0.43243243243243246,15,20,17,22,74
high_score_rate_0_5,low_is_c4,0.5470085470085471,0.33333333333333337,0.5294117647058824,0.24324324324324326,0.7837837837837838,0.5135135135135135,0.5135135135135135,9,8,29,28,74
high_score_rate_0_5,low_is_c4,0.5634920634920635,0.3272727272727273,0.5,0.24324324324324326,0.7567567567567568,0.5,0.5,9,9,28,28,74
high_score_rate_0_5,high_is_c4,0.7032967032967032,0.3225806451612903,0.4,0.2702702702702703,0.5945945945945946,0.43243243243243246,0.43243243243243246,10,15,22,27,74
high_score_rate_0_5,high_is_c4,0.7238095238095238,0.2181818181818182,0.3333333333333333,0.16216216216216217,0.6756756756756757,0.4189189189189189,0.4189189189189189,6,12,25,31,74
high_score_rate_0_5,low_is_c4,0.5358974358974359,0.20833333333333334,0.45454545454545453,0.13513513513513514,0.8378378378378378,0.4864864864864865,0.4864864864864865,5,6,31,32,74
high_score_rate_0_5,high_is_c4,0.7512820512820513,0.18867924528301885,0.3125,0.13513513513513514,0.7027027027027027,0.4189189189189189,0.41891891891891897,5,11,26,32,74
high_score_rate_0_5,low_is_c4,0.5166666666666666,0.1702127659574468,0.4,0.10810810810810811,0.8378378378378378,0.47297297297297297,0.47297297297297297,4,6,31,33,74
high_score_rate_0_5,low_is_c4,0.4807692307692308,0.13636363636363638,0.42857142857142855,0.08108108108108109,0.8918918918918919,0.4864864864864865,0.4864864864864865,3,4,33,34,74
high_score_rate_0_5,high_is_c4,0.7774725274725275,0.13333333333333333,0.375,0.08108108108108109,0.8648648648648649,0.47297297297297297,0.472972972972973,3,5,32,34,74
high_score_rate_0_5,low_is_c4,0.42857142857142855,0.10256410256410257,1.0,0.05405405405405406,1.0,0.527027027027027,0.527027027027027,2,0,37,35,74
high_score_rate_0_5,low_is_c4,0.44505494505494503,0.10256410256410257,1.0,0.05405405405405406,1.0,0.527027027027027,0.527027027027027,2,0,37,35,74
high_score_rate_0_5,high_is_c4,0.8159340659340659,0.04878048780487805,0.25,0.02702702702702703,0.918918918918919,0.47297297297297297,0.472972972972973,1,3,34,36,74
high_score_rate_0_5,high_is_c4,0.9258241758241759,0.0,0.0,0.0,0.972972972972973,0.4864864864864865,0.4864864864864865,0,1,36,37,74
high_score_rate_0_5,high_is_c4,0.9285714285714286,0.0,0.0,0.0,0.972972972972973,0.4864864864864865,0.4864864864864865,0,1,36,37,74
high_score_rate_0_5,high_is_c4,0.8846153846153846,0.0,0.0,0.0,0.9459459459459459,0.47297297297297297,0.47297297297297297,0,2,35,37,74
high_score_rate_0_6,low_is_c4,0.8131868131868132,0.6788990825688073,0.5138888888888888,1.0,0.05405405405405406,0.527027027027027,0.527027027027027,37,35,2,0,74
high_score_rate_0_6,low_is_c4,0.8901098901098901,0.6727272727272727,0.5068493150684932,1.0,0.02702702702702703,0.5135135135135135,0.5135135135135135,37,36,1,0,74
high_score_rate_0_6,high_is_c4,0.23076923076923078,0.6666666666666666,0.5,1.0,0.0,0.5,0.5,37,37,0,0,74
high_score_rate_0_6,low_is_c4,0.9230769230769231,0.6666666666666666,0.5,1.0,0.0,0.5,0.5,37,37,0,0,74
high_score_rate_0_6,low_is_c4,0.7512820512820513,0.660377358490566,0.5072463768115942,0.9459459459459459,0.08108108108108109,0.5135135135135135,0.5135135135135135,35,34,3,2,74
high_score_rate_0_6,high_is_c4,0.39230769230769236,0.6601941747572816,0.5151515151515151,0.918918918918919,0.13513513513513514,0.527027027027027,0.5270270270270271,34,32,5,3,74
high_score_rate_0_6,high_is_c4,0.29395604395604397,0.6545454545454545,0.4931506849315068,0.972972972972973,0.0,0.4864864864864865,0.4864864864864865,36,37,0,1,74
high_score_rate_0_6,low_is_c4,0.7238095238095238,0.6538461538461539,0.5074626865671642,0.918918918918919,0.10810810810810811,0.5135135135135135,0.5135135135135136,34,33,4,3,74
high_score_rate_0_6,low_is_c4,0.6794871794871795,0.6526315789473685,0.5344827586206896,0.8378378378378378,0.2702702702702703,0.5540540540540541,0.5540540540540541,31,27,10,6,74
high_score_rate_0_6,high_is_c4,0.3708791208791209,0.6481481481481483,0.49295774647887325,0.9459459459459459,0.02702702702702703,0.4864864864864865,0.4864864864864865,35,36,1,2,74
high_score_rate_0_6,high_is_c4,0.41428571428571426,0.6470588235294117,0.5076923076923077,0.8918918918918919,0.13513513513513514,0.5135135135135135,0.5135135135135135,33,32,5,4,74
high_score_rate_0_6,low_is_c4,0.6464285714285715,0.6451612903225806,0.5357142857142857,0.8108108108108109,0.2972972972972973,0.5540540540540541,0.5540540540540541,30,26,11,7,74
high_score_rate_0_6,low_is_c4,0.6583333333333333,0.6382978723404256,0.5263157894736842,0.8108108108108109,0.2702702702702703,0.5405405405405406,0.5405405405405406,30,27,10,7,74
high_score_rate_0_6,low_is_c4,0.7032967032967032,0.6336633663366337,0.5,0.8648648648648649,0.13513513513513514,0.5,0.5,32,32,5,5,74
high_score_rate_0_6,low_is_c4,0.5934065934065934,0.6153846153846153,0.5853658536585366,0.6486486486486487,0.5405405405405406,0.5945945945945946,0.5945945945945946,24,17,20,13,74
high_score_rate_0_6,high_is_c4,0.44505494505494503,0.6122448979591837,0.4918032786885246,0.8108108108108109,0.16216216216216217,0.4864864864864865,0.4864864864864865,30,31,6,7,74
high_score_rate_0_6,low_is_c4,0.6201923076923077,0.611764705882353,0.5416666666666666,0.7027027027027027,0.40540540540540543,0.5540540540540541,0.5540540540540541,26,22,15,11,74
high_score_rate_0_6,low_is_c4,0.6339285714285714,0.6046511627906977,0.5306122448979592,0.7027027027027027,0.3783783783783784,0.5405405405405406,0.5405405405405406,26,23,14,11,74
high_score_rate_0_6,high_is_c4,0.5166666666666666,0.5777777777777777,0.49056603773584906,0.7027027027027027,0.2702702702702703,0.4864864864864865,0.4864864864864865,26,27,10,11,74
high_score_rate_0_6,high_is_c4,0.5358974358974359,0.5617977528089887,0.4807692307692308,0.6756756756756757,0.2702702702702703,0.47297297297297297,0.47297297297297297,25,27,10,12,74
high_score_rate_0_6,high_is_c4,0.4807692307692308,0.5591397849462365,0.4642857142857143,0.7027027027027027,0.1891891891891892,0.44594594594594594,0.44594594594594594,26,30,7,11,74
high_score_rate_0_6,low_is_c4,0.5470085470085471,0.5507246376811593,0.59375,0.5135135135135135,0.6486486486486487,0.581081081081081,0.5810810810810811,19,13,24,18,74
high_score_rate_0_6,low_is_c4,0.5590277777777778,0.5428571428571428,0.5757575757575758,0.5135135135135135,0.6216216216216216,0.5675675675675675,0.5675675675675675,19,14,23,18,74
high_score_rate_0_6,low_is_c4,0.5669642857142857,0.5352112676056339,0.5588235294117647,0.5135135135135135,0.5945945945945946,0.5540540540540541,0.5540540540540541,19,15,22,18,74
high_score_rate_0_6,high_is_c4,0.5669642857142857,0.4675324675324675,0.45,0.4864864864864865,0.40540540540540543,0.44594594594594594,0.44594594594594594,18,22,15,19,74
high_score_rate_0_6,high_is_c4,0.5590277777777778,0.4615384615384615,0.43902439024390244,0.4864864864864865,0.3783783783783784,0.43243243243243246,0.43243243243243246,18,23,14,19,74
high_score_rate_0_6,high_is_c4,0.5470085470085471,0.4556962025316456,0.42857142857142855,0.4864864864864865,0.35135135135135137,0.4189189189189189,0.41891891891891897,18,24,13,19,74
high_score_rate_0_6,low_is_c4,0.5358974358974359,0.4067796610169491,0.5454545454545454,0.32432432432432434,0.7297297297297297,0.527027027027027,0.527027027027027,12,10,27,25,74
high_score_rate_0_6,low_is_c4,0.4807692307692308,0.39999999999999997,0.6111111111111112,0.2972972972972973,0.8108108108108109,0.5540540540540541,0.5540540540540541,11,7,30,26,74
high_score_rate_0_6,low_is_c4,0.5166666666666666,0.37931034482758624,0.5238095238095238,0.2972972972972973,0.7297297297297297,0.5135135135135135,0.5135135135135135,11,10,27,26,74
high_score_rate_0_6,high_is_c4,0.5934065934065934,0.37142857142857144,0.3939393939393939,0.35135135135135137,0.4594594594594595,0.40540540540540543,0.40540540540540543,13,20,17,24,74
high_score_rate_0_6,high_is_c4,0.6339285714285714,0.3548387096774193,0.44,0.2972972972972973,0.6216216216216216,0.4594594594594595,0.45945945945945943,11,14,23,26,74
high_score_rate_0_6,high_is_c4,0.6201923076923077,0.34920634920634924,0.4230769230769231,0.2972972972972973,0.5945945945945946,0.44594594594594594,0.44594594594594594,11,15,22,26,74
high_score_rate_0_6,low_is_c4,0.44505494505494503,0.28,0.5384615384615384,0.1891891891891892,0.8378378378378378,0.5135135135135135,0.5135135135135135,7,6,31,30,74
high_score_rate_0_6,high_is_c4,0.6583333333333333,0.2592592592592593,0.4117647058823529,0.1891891891891892,0.7297297297297297,0.4594594594594595,0.45945945945945943,7,10,27,30,74
high_score_rate_0_6,high_is_c4,0.6464285714285715,0.2545454545454546,0.3888888888888889,0.1891891891891892,0.7027027027027027,0.44594594594594594,0.44594594594594594,7,11,26,30,74
high_score_rate_0_6,high_is_c4,0.6794871794871795,0.22641509433962265,0.375,0.16216216216216217,0.7297297297297297,0.44594594594594594,0.44594594594594594,6,10,27,31,74
high_score_rate_0_6,high_is_c4,0.7032967032967032,0.21276595744680854,0.5,0.13513513513513514,0.8648648648648649,0.5,0.5,5,5,32,32,74
high_score_rate_0_6,low_is_c4,0.41428571428571426,0.17391304347826086,0.4444444444444444,0.10810810810810811,0.8648648648648649,0.4864864864864865,0.4864864864864865,4,5,32,33,74
high_score_rate_0_6,high_is_c4,0.7238095238095238,0.13636363636363638,0.42857142857142855,0.08108108108108109,0.8918918918918919,0.4864864864864865,0.4864864864864865,3,4,33,34,74
high_score_rate_0_6,low_is_c4,0.39230769230769236,0.13333333333333333,0.375,0.08108108108108109,0.8648648648648649,0.47297297297297297,0.472972972972973,3,5,32,34,74
high_score_rate_0_6,low_is_c4,0.3708791208791209,0.1,0.6666666666666666,0.05405405405405406,0.972972972972973,0.5135135135135135,0.5135135135135136,2,1,36,35,74
high_score_rate_0_6,high_is_c4,0.7512820512820513,0.09523809523809523,0.4,0.05405405405405406,0.918918918918919,0.4864864864864865,0.4864864864864865,2,3,34,35,74
high_score_rate_0_6,low_is_c4,0.23076923076923078,0.052631578947368425,1.0,0.02702702702702703,1.0,0.5135135135135135,0.5135135135135135,1,0,37,36,74
high_score_rate_0_6,low_is_c4,0.29395604395604397,0.052631578947368425,1.0,0.02702702702702703,1.0,0.5135135135135135,0.5135135135135135,1,0,37,36,74
high_score_rate_0_6,high_is_c4,0.8901098901098901,0.0,0.0,0.0,0.972972972972973,0.4864864864864865,0.4864864864864865,0,1,36,37,74
high_score_rate_0_6,high_is_c4,0.9230769230769231,0.0,0.0,0.0,0.972972972972973,0.4864864864864865,0.4864864864864865,0,1,36,37,74
high_score_rate_0_6,high_is_c4,0.8131868131868132,0.0,0.0,0.0,0.9459459459459459,0.47297297297297297,0.47297297297297297,0,2,35,37,74
high_score_rate_0_7,low_is_c4,0.6076923076923078,0.6862745098039216,0.5384615384615384,0.9459459459459459,0.1891891891891892,0.5675675675675675,0.5675675675675675,35,30,7,2,74
high_score_rate_0_7,low_is_c4,0.5857142857142856,0.68,0.5396825396825397,0.918918918918919,0.21621621621621623,0.5675675675675675,0.5675675675675675,34,29,8,3,74
high_score_rate_0_7,low_is_c4,0.6794871794871795,0.6727272727272727,0.5068493150684932,1.0,0.02702702702702703,0.5135135135135135,0.5135135135135135,37,36,1,0,74
high_score_rate_0_7,high_is_c4,0.07692307692307693,0.6666666666666666,0.5,1.0,0.0,0.5,0.5,37,37,0,0,74
high_score_rate_0_7,low_is_c4,0.6923076923076923,0.6666666666666666,0.5,1.0,0.0,0.5,0.5,37,37,0,0,74
high_score_rate_0_7,low_is_c4,0.6291208791208791,0.6666666666666665,0.5147058823529411,0.9459459459459459,0.10810810810810811,0.527027027027027,0.527027027027027,35,33,4,2,74
high_score_rate_0_7,low_is_c4,0.6547619047619048,0.6605504587155964,0.5,0.972972972972973,0.02702702702702703,0.5,0.5,36,36,1,1,74
high_score_rate_0_7,high_is_c4,0.1717948717948718,0.6545454545454545,0.4931506849315068,0.972972972972973,0.0,0.4864864864864865,0.4864864864864865,36,37,0,1,74
high_score_rate_0_7,high_is_c4,0.2967032967032967,0.6476190476190476,0.5,0.918918918918919,0.08108108108108109,0.5,0.5,34,34,3,3,74
high_score_rate_0_7,low_is_c4,0.5442307692307693,0.6451612903225806,0.5357142857142857,0.8108108108108109,0.2972972972972973,0.5540540540540541,0.5540540540540541,30,26,11,7,74
high_score_rate_0_7,low_is_c4,0.5192307692307692,0.6428571428571429,0.574468085106383,0.7297297297297297,0.4594594594594595,0.5945945945945946,0.5945945945945946,27,20,17,10,74
high_score_rate_0_7,high_is_c4,0.2761904761904762,0.6422018348623854,0.4861111111111111,0.9459459459459459,0.0,0.47297297297297297,0.47297297297297297,35,37,0,2,74
high_score_rate_0_7,low_is_c4,0.55625,0.6382978723404256,0.5263157894736842,0.8108108108108109,0.2702702702702703,0.5405405405405406,0.5405405405405406,30,27,10,7,74
high_score_rate_0_7,low_is_c4,0.48333333333333334,0.6329113924050633,0.5952380952380952,0.6756756756756757,0.5405405405405406,0.6081081081081081,0.6081081081081081,25,17,20,12,74
high_score_rate_0_7,low_is_c4,0.5669642857142857,0.631578947368421,0.5172413793103449,0.8108108108108109,0.24324324324324326,0.527027027027027,0.5270270270270271,30,28,9,7,74
high_score_rate_0_7,low_is_c4,0.4641025641025641,0.6153846153846153,0.5853658536585366,0.6486486486486487,0.5405405405405406,0.5945945945945946,0.5945945945945946,24,17,20,13,74
high_score_rate_0_7,high_is_c4,0.33241758241758246,0.607843137254902,0.47692307692307695,0.8378378378378378,0.08108108108108109,0.4594594594594595,0.45945945945945943,31,34,3,6,74
high_score_rate_0_7,high_is_c4,0.3708791208791209,0.577319587628866,0.4666666666666667,0.7567567567567568,0.13513513513513514,0.44594594594594594,0.44594594594594594,28,32,5,9,74
high_score_rate_0_7,low_is_c4,0.44505494505494503,0.5507246376811593,0.59375,0.5135135135135135,0.6486486486486487,0.581081081081081,0.5810810810810811,19,13,24,18,74
high_score_rate_0_7,high_is_c4,0.4087301587301587,0.5238095238095238,0.46808510638297873,0.5945945945945946,0.32432432432432434,0.4594594594594595,0.4594594594594595,22,25,12,15,74
high_score_rate_0_7,high_is_c4,0.38675213675213677,0.5176470588235293,0.4583333333333333,0.5945945945945946,0.2972972972972973,0.44594594594594594,0.44594594594594594,22,26,11,15,74
high_score_rate_0_7,low_is_c4,0.38675213675213677,0.47619047619047616,0.5769230769230769,0.40540540540540543,0.7027027027027027,0.5540540540540541,0.5540540540540541,15,11,26,22,74
high_score_rate_0_7,low_is_c4,0.4087301587301587,0.46875,0.5555555555555556,0.40540540540540543,0.6756756756756757,0.5405405405405406,0.5405405405405406,15,12,25,22,74
high_score_rate_0_7,high_is_c4,0.44505494505494503,0.4556962025316456,0.42857142857142855,0.4864864864864865,0.35135135135135137,0.4189189189189189,0.41891891891891897,18,24,13,19,74
high_score_rate_0_7,high_is_c4,0.4641025641025641,0.37142857142857144,0.3939393939393939,0.35135135135135137,0.4594594594594595,0.40540540540540543,0.40540540540540543,13,20,17,24,74
high_score_rate_0_7,low_is_c4,0.3708791208791209,0.35294117647058826,0.6428571428571429,0.24324324324324326,0.8648648648648649,0.5540540540540541,0.5540540540540541,9,5,32,28,74
high_score_rate_0_7,high_is_c4,0.48333333333333334,0.34782608695652173,0.375,0.32432432432432434,0.4594594594594595,0.3918918918918919,0.3918918918918919,12,20,17,25,74
high_score_rate_0_7,high_is_c4,0.5192307692307692,0.3125,0.37037037037037035,0.2702702702702703,0.5405405405405406,0.40540540540540543,0.40540540540540543,10,17,20,27,74
high_score_rate_0_7,high_is_c4,0.5669642857142857,0.2641509433962264,0.4375,0.1891891891891892,0.7567567567567568,0.47297297297297297,0.472972972972973,7,9,28,30,74
high_score_rate_0_7,low_is_c4,0.33241758241758246,0.26086956521739135,0.6666666666666666,0.16216216216216217,0.918918918918919,0.5405405405405406,0.5405405405405406,6,3,34,31,74
high_score_rate_0_7,high_is_c4,0.55625,0.2592592592592593,0.4117647058823529,0.1891891891891892,0.7297297297297297,0.4594594594594595,0.45945945945945943,7,10,27,30,74
high_score_rate_0_7,high_is_c4,0.5442307692307693,0.2545454545454546,0.3888888888888889,0.1891891891891892,0.7027027027027027,0.44594594594594594,0.44594594594594594,7,11,26,30,74
high_score_rate_0_7,low_is_c4,0.2967032967032967,0.13953488372093023,0.5,0.08108108108108109,0.918918918918919,0.5,0.5,3,3,34,34,74
high_score_rate_0_7,high_is_c4,0.5857142857142856,0.125,0.2727272727272727,0.08108108108108109,0.7837837837837838,0.43243243243243246,0.43243243243243246,3,8,29,34,74
high_score_rate_0_7,low_is_c4,0.2761904761904762,0.10256410256410257,1.0,0.05405405405405406,1.0,0.527027027027027,0.527027027027027,2,0,37,35,74
high_score_rate_0_7,high_is_c4,0.6291208791208791,0.09302325581395349,0.3333333333333333,0.05405405405405406,0.8918918918918919,0.47297297297297297,0.47297297297297297,2,4,33,35,74
high_score_rate_0_7,high_is_c4,0.6076923076923078,0.08695652173913043,0.2222222222222222,0.05405405405405406,0.8108108108108109,0.43243243243243246,0.43243243243243246,2,7,30,35,74
high_score_rate_0_7,low_is_c4,0.07692307692307693,0.052631578947368425,1.0,0.02702702702702703,1.0,0.5135135135135135,0.5135135135135135,1,0,37,36,74
high_score_rate_0_7,low_is_c4,0.1717948717948718,0.052631578947368425,1.0,0.02702702702702703,1.0,0.5135135135135135,0.5135135135135135,1,0,37,36,74
high_score_rate_0_7,high_is_c4,0.6547619047619048,0.05128205128205129,0.5,0.02702702702702703,0.972972972972973,0.5,0.5,1,1,36,36,74
high_score_rate_0_7,high_is_c4,0.6794871794871795,0.0,0.0,0.0,0.972972972972973,0.4864864864864865,0.4864864864864865,0,1,36,37,74
high_score_rate_0_7,high_is_c4,0.6923076923076923,0.0,0.0,0.0,0.972972972972973,0.4864864864864865,0.4864864864864865,0,1,36,37,74
high_score_rate_0_8,high_is_c4,0.07692307692307693,0.6666666666666666,0.5,1.0,0.0,0.5,0.5,37,37,0,0,74
high_score_rate_0_8,low_is_c4,0.6,0.6666666666666666,0.5,1.0,0.0,0.5,0.5,37,37,0,0,74
high_score_rate_0_8,low_is_c4,0.5311355311355311,0.6666666666666665,0.5147058823529411,0.9459459459459459,0.10810810810810811,0.527027027027027,0.527027027027027,35,33,4,2,74
high_score_rate_0_8,low_is_c4,0.5857142857142856,0.6605504587155964,0.5,0.972972972972973,0.02702702702702703,0.5,0.5,36,36,1,1,74
high_score_rate_0_8,high_is_c4,0.10512820512820513,0.6545454545454545,0.4931506849315068,0.972972972972973,0.0,0.4864864864864865,0.4864864864864865,36,37,0,1,74
high_score_rate_0_8,low_is_c4,0.554945054945055,0.6542056074766355,0.5,0.9459459459459459,0.05405405405405406,0.5,0.5,35,35,2,2,74
high_score_rate_0_8,low_is_c4,0.5119047619047619,0.6538461538461539,0.5074626865671642,0.918918918918919,0.10810810810810811,0.5135135135135135,0.5135135135135136,34,33,4,3,74
high_score_rate_0_8,high_is_c4,0.14835164835164835,0.6481481481481483,0.49295774647887325,0.9459459459459459,0.02702702702702703,0.4864864864864865,0.4864864864864865,35,36,1,2,74
high_score_rate_0_8,high_is_c4,0.1380952380952381,0.6422018348623854,0.4861111111111111,0.9459459459459459,0.0,0.47297297297297297,0.47297297297297297,35,37,0,2,74
high_score_rate_0_8,low_is_c4,0.4330357142857143,0.6352941176470588,0.5625,0.7297297297297297,0.43243243243243246,0.581081081081081,0.5810810810810811,27,21,16,10,74
high_score_rate_0_8,low_is_c4,0.41428571428571426,0.6265060240963856,0.5652173913043478,0.7027027027027027,0.4594594594594595,0.581081081081081,0.5810810810810811,26,20,17,11,74
high_score_rate_0_8,low_is_c4,0.4807692307692308,0.6262626262626263,0.5,0.8378378378378378,0.16216216216216217,0.5,0.5,31,31,6,6,74
high_score_rate_0_8,low_is_c4,0.44375,0.6206896551724138,0.54,0.7297297297297297,0.3783783783783784,0.5540540540540541,0.5540540540540541,27,23,14,10,74
high_score_rate_0_8,low_is_c4,0.4557692307692308,0.6136363636363636,0.5294117647058824,0.7297297297297297,0.35135135135135137,0.5405405405405406,0.5405405405405406,27,24,13,10,74
high_score_rate_0_8,low_is_c4,0.39230769230769236,0.6097560975609757,0.5555555555555556,0.6756756756756757,0.4594594594594595,0.5675675675675675,0.5675675675675675,25,20,17,12,74
high_score_rate_0_8,high_is_c4,0.18406593406593408,0.6095238095238095,0.47058823529411764,0.8648648648648649,0.02702702702702703,0.44594594594594594,0.44594594594594594,32,36,1,5,74
high_score_rate_0_8,high_is_c4,0.22252747252747251,0.607843137254902,0.47692307692307695,0.8378378378378378,0.08108108108108109,0.4594594594594595,0.45945945945945943,31,34,3,6,74
high_score_rate_0_8,low_is_c4,0.3708791208791209,0.5974025974025973,0.575,0.6216216216216216,0.5405405405405406,0.581081081081081,0.5810810810810811,23,17,20,14,74
high_score_rate_0_8,high_is_c4,0.2582417582417582,0.5510204081632653,0.4426229508196721,0.7297297297297297,0.08108108108108109,0.40540540540540543,0.4054054054054054,27,34,3,10,74
high_score_rate_0_8,low_is_c4,0.3205128205128205,0.5217391304347827,0.5625,0.4864864864864865,0.6216216216216216,0.5540540540540541,0.5540540540540541,18,14,23,19,74
high_score_rate_0_8,low_is_c4,0.34523809523809523,0.5142857142857143,0.5454545454545454,0.4864864864864865,0.5945945945945946,0.5405405405405406,0.5405405405405406,18,15,22,19,74
high_score_rate_0_8,high_is_c4,0.2967032967032967,0.5054945054945055,0.42592592592592593,0.6216216216216216,0.16216216216216217,0.3918918918918919,0.3918918918918919,23,31,6,14,74
high_score_rate_0_8,low_is_c4,0.2967032967032967,0.4912280701754387,0.7,0.3783783783783784,0.8378378378378378,0.6081081081081081,0.6081081081081081,14,6,31,23,74
high_score_rate_0_8,high_is_c4,0.34523809523809523,0.48717948717948717,0.4634146341463415,0.5135135135135135,0.40540540540540543,0.4594594594594595,0.45945945945945943,19,22,15,18,74
high_score_rate_0_8,high_is_c4,0.3205128205128205,0.48101265822784806,0.4523809523809524,0.5135135135135135,0.3783783783783784,0.44594594594594594,0.44594594594594594,19,23,14,18,74
high_score_rate_0_8,low_is_c4,0.2582417582417582,0.4,0.7692307692307693,0.2702702702702703,0.918918918918919,0.5945945945945946,0.5945945945945946,10,3,34,27,74
high_score_rate_0_8,high_is_c4,0.3708791208791209,0.39436619718309857,0.4117647058823529,0.3783783783783784,0.4594594594594595,0.4189189189189189,0.41891891891891897,14,20,17,23,74
high_score_rate_0_8,high_is_c4,0.39230769230769236,0.36363636363636365,0.41379310344827586,0.32432432432432434,0.5405405405405406,0.43243243243243246,0.43243243243243246,12,17,20,25,74
high_score_rate_0_8,high_is_c4,0.41428571428571426,0.3384615384615385,0.39285714285714285,0.2972972972972973,0.5405405405405406,0.4189189189189189,0.41891891891891897,11,17,20,26,74
high_score_rate_0_8,high_is_c4,0.4557692307692308,0.3333333333333333,0.43478260869565216,0.2702702702702703,0.6486486486486487,0.4594594594594595,0.4594594594594595,10,13,24,27,74
high_score_rate_0_8,high_is_c4,0.44375,0.3278688524590164,0.4166666666666667,0.2702702702702703,0.6216216216216216,0.44594594594594594,0.44594594594594594,10,14,23,27,74
high_score_rate_0_8,high_is_c4,0.4330357142857143,0.31746031746031744,0.38461538461538464,0.2702702702702703,0.5675675675675675,0.4189189189189189,0.4189189189189189,10,16,21,27,74
high_score_rate_0_8,low_is_c4,0.22252747252747251,0.26086956521739135,0.6666666666666666,0.16216216216216217,0.918918918918919,0.5405405405405406,0.5405405405405406,6,3,34,31,74
high_score_rate_0_8,high_is_c4,0.4807692307692308,0.2448979591836735,0.5,0.16216216216216217,0.8378378378378378,0.5,0.5,6,6,31,31,74
high_score_rate_0_8,low_is_c4,0.18406593406593408,0.23255813953488372,0.8333333333333334,0.13513513513513514,0.972972972972973,0.5540540540540541,0.5540540540540541,5,1,36,32,74
high_score_rate_0_8,high_is_c4,0.5119047619047619,0.13636363636363638,0.42857142857142855,0.08108108108108109,0.8918918918918919,0.4864864864864865,0.4864864864864865,3,4,33,34,74
high_score_rate_0_8,low_is_c4,0.1380952380952381,0.10256410256410257,1.0,0.05405405405405406,1.0,0.527027027027027,0.527027027027027,2,0,37,35,74
high_score_rate_0_8,low_is_c4,0.14835164835164835,0.1,0.6666666666666666,0.05405405405405406,0.972972972972973,0.5135135135135135,0.5135135135135136,2,1,36,35,74
high_score_rate_0_8,high_is_c4,0.554945054945055,0.0975609756097561,0.5,0.05405405405405406,0.9459459459459459,0.5,0.5,2,2,35,35,74
high_score_rate_0_8,high_is_c4,0.5311355311355311,0.09302325581395349,0.3333333333333333,0.05405405405405406,0.8918918918918919,0.47297297297297297,0.47297297297297297,2,4,33,35,74
high_score_rate_0_8,low_is_c4,0.07692307692307693,0.052631578947368425,1.0,0.02702702702702703,1.0,0.5135135135135135,0.5135135135135135,1,0,37,36,74
high_score_rate_0_8,low_is_c4,0.10512820512820513,0.052631578947368425,1.0,0.02702702702702703,1.0,0.5135135135135135,0.5135135135135135,1,0,37,36,74
high_score_rate_0_8,high_is_c4,0.5857142857142856,0.05128205128205129,0.5,0.02702702702702703,0.972972972972973,0.5,0.5,1,1,36,36,74
high_score_rate_0_8,high_is_c4,0.6,0.05128205128205129,0.5,0.02702702702702703,0.972972972972973,0.5,0.5,1,1,36,36,74
high_score_rate_0_9,low_is_c4,0.38278388278388276,0.6804123711340206,0.55,0.8918918918918919,0.2702702702702703,0.581081081081081,0.5810810810810811,33,27,10,4,74
high_score_rate_0_9,low_is_c4,0.4330357142857143,0.6727272727272727,0.5068493150684932,1.0,0.02702702702702703,0.5135135135135135,0.5135135135135135,37,36,1,0,74
high_score_rate_0_9,low_is_c4,0.36904761904761907,0.6666666666666667,0.5423728813559322,0.8648648648648649,0.2702702702702703,0.5675675675675675,0.5675675675675675,32,27,10,5,74
high_score_rate_0_9,high_is_c4,0.07692307692307693,0.6666666666666666,0.5,1.0,0.0,0.5,0.5,37,37,0,0,74
high_score_rate_0_9,low_is_c4,0.4375,0.6666666666666666,0.5,1.0,0.0,0.5,0.5,37,37,0,0,74
high_score_rate_0_9,low_is_c4,0.39230769230769236,0.6601941747572816,0.5151515151515151,0.918918918918919,0.13513513513513514,0.527027027027027,0.5270270270270271,34,32,5,3,74
high_score_rate_0_9,low_is_c4,0.41428571428571426,0.6538461538461539,0.5074626865671642,0.918918918918919,0.10810810810810811,0.5135135135135135,0.5135135135135136,34,33,4,3,74
high_score_rate_0_9,low_is_c4,0.3416666666666667,0.6521739130434782,0.5454545454545454,0.8108108108108109,0.32432432432432434,0.5675675675675675,0.5675675675675675,30,25,12,7,74
high_score_rate_0_9,low_is_c4,0.35357142857142854,0.6451612903225806,0.5357142857142857,0.8108108108108109,0.2972972972972973,0.5540540540540541,0.5540540540540541,30,26,11,7,74
high_score_rate_0_9,low_is_c4,0.3205128205128205,0.6373626373626374,0.5370370370370371,0.7837837837837838,0.32432432432432434,0.5540540540540541,0.5540540540540541,29,25,12,8,74
high_score_rate_0_9,high_is_c4,0.14835164835164835,0.6346153846153846,0.4925373134328358,0.8918918918918919,0.08108108108108109,0.4864864864864865,0.4864864864864865,33,34,3,4,74
high_score_rate_0_9,high_is_c4,0.10512820512820513,0.6296296296296297,0.4788732394366197,0.918918918918919,0.0,0.4594594594594595,0.4594594594594595,34,37,0,3,74
high_score_rate_0_9,high_is_c4,0.1380952380952381,0.6168224299065421,0.4714285714285714,0.8918918918918919,0.0,0.44594594594594594,0.44594594594594594,33,37,0,4,74
high_score_rate_0_9,low_is_c4,0.2967032967032967,0.6097560975609757,0.5555555555555556,0.6756756756756757,0.4594594594594595,0.5675675675675675,0.5675675675675675,25,20,17,12,74
high_score_rate_0_9,high_is_c4,0.18406593406593408,0.6,0.47619047619047616,0.8108108108108109,0.10810810810810811,0.4594594594594595,0.4594594594594595,30,33,4,7,74
high_score_rate_0_9,high_is_c4,0.2264957264957265,0.5806451612903226,0.48214285714285715,0.7297297297297297,0.21621621621621623,0.47297297297297297,0.47297297297297297,27,29,8,10,74
high_score_rate_0_9,high_is_c4,0.21825396825396826,0.5744680851063829,0.47368421052631576,0.7297297297297297,0.1891891891891892,0.4594594594594595,0.45945945945945943,27,30,7,10,74
high_score_rate_0_9,high_is_c4,0.2583333333333333,0.5263157894736842,0.5128205128205128,0.5405405405405406,0.4864864864864865,0.5135135135135135,0.5135135135135136,20,19,18,17,74
high_score_rate_0_9,high_is_c4,0.2403846153846154,0.5194805194805195,0.5,0.5405405405405406,0.4594594594594595,0.5,0.5,20,20,17,17,74
high_score_rate_0_9,high_is_c4,0.2761904761904762,0.5066666666666666,0.5,0.5135135135135135,0.4864864864864865,0.5,0.5,19,19,18,18,74
high_score_rate_0_9,low_is_c4,0.2761904761904762,0.4931506849315069,0.5,0.4864864864864865,0.5135135135135135,0.5,0.5,18,18,19,19,74
high_score_rate_0_9,low_is_c4,0.2403846153846154,0.47887323943661975,0.5,0.4594594594594595,0.5405405405405406,0.5,0.5,17,17,20,20,74
high_score_rate_0_9,low_is_c4,0.2583333333333333,0.47222222222222227,0.4857142857142857,0.4594594594594595,0.5135135135135135,0.4864864864864865,0.4864864864864865,17,18,19,20,74
high_score_rate_0_9,low_is_c4,0.21825396825396826,0.37037037037037035,0.5882352941176471,0.2702702702702703,0.8108108108108109,0.5405405405405406,0.5405405405405406,10,7,30,27,74
high_score_rate_0_9,low_is_c4,0.2264957264957265,0.36363636363636365,0.5555555555555556,0.2702702702702703,0.7837837837837838,0.527027027027027,0.527027027027027,10,8,29,27,74
high_score_rate_0_9,high_is_c4,0.2967032967032967,0.36363636363636365,0.41379310344827586,0.32432432432432434,0.5405405405405406,0.43243243243243246,0.43243243243243246,12,17,20,25,74
high_score_rate_0_9,low_is_c4,0.18406593406593408,0.2916666666666667,0.6363636363636364,0.1891891891891892,0.8918918918918919,0.5405405405405406,0.5405405405405406,7,4,33,30,74
high_score_rate_0_9,high_is_c4,0.3205128205128205,0.2807017543859649,0.4,0.21621621621621623,0.6756756756756757,0.44594594594594594,0.44594594594594594,8,12,25,29,74
high_score_rate_0_9,high_is_c4,0.35357142857142854,0.2545454545454546,0.3888888888888889,0.1891891891891892,0.7027027027027027,0.44594594594594594,0.44594594594594594,7,11,26,30,74
high_score_rate_0_9,high_is_c4,0.3416666666666667,0.25,0.3684210526315789,0.1891891891891892,0.6756756756756757,0.43243243243243246,0.43243243243243246,7,12,25,30,74
high_score_rate_0_9,low_is_c4,0.1380952380952381,0.1951219512195122,1.0,0.10810810810810811,1.0,0.5540540540540541,0.5540540540540541,4,0,37,33,74
high_score_rate_0_9,high_is_c4,0.36904761904761907,0.1923076923076923,0.3333333333333333,0.13513513513513514,0.7297297297297297,0.43243243243243246,0.43243243243243246,5,10,27,32,74
high_score_rate_0_9,low_is_c4,0.14835164835164835,0.18181818181818182,0.5714285714285714,0.10810810810810811,0.918918918918919,0.5135135135135135,0.5135135135135136,4,3,34,33,74
high_score_rate_0_9,high_is_c4,0.38278388278388276,0.1568627450980392,0.2857142857142857,0.10810810810810811,0.7297297297297297,0.4189189189189189,0.4189189189189189,4,10,27,33,74
high_score_rate_0_9,low_is_c4,0.07692307692307693,0.15,1.0,0.08108108108108109,1.0,0.5405405405405406,0.5405405405405406,3,0,37,34,74
high_score_rate_0_9,low_is_c4,0.10512820512820513,0.15,1.0,0.08108108108108109,1.0,0.5405405405405406,0.5405405405405406,3,0,37,34,74
high_score_rate_0_9,high_is_c4,0.41428571428571426,0.13636363636363638,0.42857142857142855,0.08108108108108109,0.8918918918918919,0.4864864864864865,0.4864864864864865,3,4,33,34,74
high_score_rate_0_9,high_is_c4,0.39230769230769236,0.13333333333333333,0.375,0.08108108108108109,0.8648648648648649,0.47297297297297297,0.472972972972973,3,5,32,34,74
high_score_rate_0_9,high_is_c4,0.4330357142857143,0.0,0.0,0.0,0.972972972972973,0.4864864864864865,0.4864864864864865,0,1,36,37,74
high_score_rate_0_9,high_is_c4,0.4375,0.0,0.0,0.0,0.972972972972973,0.4864864864864865,0.4864864864864865,0,1,36,37,74
low_score_rate_0_1,high_is_c4,0.0,0.6666666666666666,0.5,1.0,0.0,0.5,0.5,37,37,0,0,74
low_score_rate_0_1,low_is_c4,0.2857142857142857,0.6666666666666666,0.5,1.0,0.0,0.5,0.5,37,37,0,0,74
low_score_rate_0_1,high_is_c4,0.060714285714285714,0.6585365853658536,0.6,0.7297297297297297,0.5135135135135135,0.6216216216216216,0.6216216216216216,27,18,19,10,74
low_score_rate_0_1,low_is_c4,0.2761904761904762,0.6545454545454545,0.4931506849315068,0.972972972972973,0.0,0.4864864864864865,0.4864864864864865,36,37,0,1,74
low_score_rate_0_1,high_is_c4,0.025,0.6506024096385542,0.5869565217391305,0.7297297297297297,0.4864864864864865,0.6081081081081081,0.6081081081081081,27,19,18,10,74
low_score_rate_0_1,low_is_c4,0.2523809523809524,0.6422018348623854,0.4861111111111111,0.9459459459459459,0.0,0.47297297297297297,0.47297297297297297,35,37,0,2,74
low_score_rate_0_1,low_is_c4,0.23443223443223443,0.6296296296296297,0.4788732394366197,0.918918918918919,0.0,0.4594594594594595,0.4594594594594595,34,37,0,3,74
low_score_rate_0_1,low_is_c4,0.2153846153846154,0.6274509803921569,0.49230769230769234,0.8648648648648649,0.10810810810810811,0.4864864864864865,0.4864864864864865,32,33,4,5,74
low_score_rate_0_1,low_is_c4,0.16025641025641024,0.62,0.49206349206349204,0.8378378378378378,0.13513513513513514,0.4864864864864865,0.4864864864864865,31,32,5,6,74
low_score_rate_0_1,low_is_c4,0.18333333333333335,0.6138613861386139,0.484375,0.8378378378378378,0.10810810810810811,0.47297297297297297,0.47297297297297297,31,33,4,6,74
low_score_rate_0_1,low_is_c4,0.14835164835164835,0.5894736842105263,0.4827586206896552,0.7567567567567568,0.1891891891891892,0.47297297297297297,0.472972972972973,28,30,7,9,74
low_score_rate_0_1,high_is_c4,0.07417582417582418,0.5599999999999999,0.5526315789473685,0.5675675675675675,0.5405405405405406,0.5540540540540541,0.5540540540540541,21,17,20,16,74
low_score_rate_0_1,low_is_c4,0.1380952380952381,0.5287356321839081,0.46,0.6216216216216216,0.2702702702702703,0.44594594594594594,0.44594594594594594,23,27,10,14,74
low_score_rate_0_1,low_is_c4,0.10096153846153846,0.5238095238095238,0.46808510638297873,0.5945945945945946,0.32432432432432434,0.4594594594594595,0.4594594594594595,22,25,12,15,74
low_score_rate_0_1,low_is_c4,0.12916666666666665,0.5116279069767442,0.4489795918367347,0.5945945945945946,0.2702702702702703,0.43243243243243246,0.43243243243243246,22,27,10,15,74
low_score_rate_0_1,high_is_c4,0.12916666666666665,0.48387096774193555,0.6,0.40540540540540543,0.7297297297297297,0.5675675675675675,0.5675675675675675,15,10,27,22,74
low_score_rate_0_1,high_is_c4,0.10096153846153846,0.46875,0.5555555555555556,0.40540540540540543,0.6756756756756757,0.5405405405405406,0.5405405405405406,15,12,25,22,74
low_score_rate_0_1,high_is_c4,0.1380952380952381,0.45901639344262296,0.5833333333333334,0.3783783783783784,0.7297297297297297,0.5540540540540541,0.5540540540540541,14,10,27,23,74
low_score_rate_0_1,low_is_c4,0.07417582417582418,0.4383561643835616,0.4444444444444444,0.43243243243243246,0.4594594594594595,0.44594594594594594,0.44594594594594594,16,20,17,21,74
low_score_rate_0_1,high_is_c4,0.14835164835164835,0.339622641509434,0.5625,0.24324324324324326,0.8108108108108109,0.527027027027027,0.5270270270270271,9,7,30,28,74
low_score_rate_0_1,low_is_c4,0.0,0.3076923076923077,0.35714285714285715,0.2702702702702703,0.5135135135135135,0.3918918918918919,0.3918918918918919,10,18,19,27,74
low_score_rate_0_1,low_is_c4,0.025,0.3076923076923077,0.35714285714285715,0.2702702702702703,0.5135135135135135,0.3918918918918919,0.3918918918918919,10,18,19,27,74
low_score_rate_0_1,low_is_c4,0.060714285714285714,0.30303030303030304,0.3448275862068966,0.2702702702702703,0.4864864864864865,0.3783783783783784,0.3783783783783784,10,19,18,27,74
low_score_rate_0_1,high_is_c4,0.18333333333333335,0.25531914893617025,0.6,0.16216216216216217,0.8918918918918919,0.527027027027027,0.527027027027027,6,4,33,31,74
low_score_rate_0_1,high_is_c4,0.16025641025641024,0.25,0.5454545454545454,0.16216216216216217,0.8648648648648649,0.5135135135135135,0.5135135135135136,6,5,32,31,74
low_score_rate_0_1,high_is_c4,0.2153846153846154,0.2173913043478261,0.5555555555555556,0.13513513513513514,0.8918918918918919,0.5135135135135135,0.5135135135135135,5,4,33,32,74
low_score_rate_0_1,high_is_c4,0.23443223443223443,0.15,1.0,0.08108108108108109,1.0,0.5405405405405406,0.5405405405405406,3,0,37,34,74
low_score_rate_0_1,high_is_c4,0.2523809523809524,0.10256410256410257,1.0,0.05405405405405406,1.0,0.527027027027027,0.527027027027027,2,0,37,35,74
low_score_rate_0_1,high_is_c4,0.2761904761904762,0.052631578947368425,1.0,0.02702702702702703,1.0,0.5135135135135135,0.5135135135135135,1,0,37,36,74
low_score_rate_0_1,high_is_c4,0.2857142857142857,0.052631578947368425,1.0,0.02702702702702703,1.0,0.5135135135135135,0.5135135135135135,1,0,37,36,74
low_score_rate_0_2,high_is_c4,0.03571428571428571,0.6938775510204082,0.5573770491803278,0.918918918918919,0.2702702702702703,0.5945945945945946,0.5945945945945946,34,27,10,3,74
low_score_rate_0_2,high_is_c4,0.07417582417582418,0.6888888888888889,0.5849056603773585,0.8378378378378378,0.40540540540540543,0.6216216216216216,0.6216216216216216,31,22,15,6,74
low_score_rate_0_2,low_is_c4,0.2967032967032967,0.6666666666666666,0.5070422535211268,0.972972972972973,0.05405405405405406,0.5135135135135135,0.5135135135135136,36,35,2,1,74
low_score_rate_0_2,high_is_c4,0.0,0.6666666666666666,0.5,1.0,0.0,0.5,0.5,37,37,0,0,74
low_score_rate_0_2,low_is_c4,0.3076923076923077,0.6666666666666666,0.5,1.0,0.0,0.5,0.5,37,37,0,0,74
low_score_rate_0_2,low_is_c4,0.2761904761904762,0.6285714285714286,0.4852941176470588,0.8918918918918919,0.05405405405405406,0.47297297297297297,0.47297297297297297,33,35,2,4,74
low_score_rate_0_2,low_is_c4,0.2523809523809524,0.6153846153846153,0.47761194029850745,0.8648648648648649,0.05405405405405406,0.4594594594594595,0.4594594594594595,32,35,2,5,74
low_score_rate_0_2,low_is_c4,0.23443223443223443,0.6019417475728156,0.4696969696969697,0.8378378378378378,0.05405405405405406,0.44594594594594594,0.44594594594594594,31,35,2,6,74
low_score_rate_0_2,high_is_c4,0.10989010989010989,0.5974025974025973,0.575,0.6216216216216216,0.5405405405405406,0.581081081081081,0.5810810810810811,23,17,20,14,74
low_score_rate_0_2,low_is_c4,0.22252747252747251,0.5894736842105263,0.4827586206896552,0.7567567567567568,0.1891891891891892,0.47297297297297297,0.472972972972973,28,30,7,9,74
low_score_rate_0_2,low_is_c4,0.20714285714285713,0.5494505494505494,0.46296296296296297,0.6756756756756757,0.21621621621621623,0.44594594594594594,0.44594594594594594,25,29,8,12,74
low_score_rate_0_2,low_is_c4,0.16025641025641024,0.5348837209302325,0.46938775510204084,0.6216216216216216,0.2972972972972973,0.4594594594594595,0.45945945945945943,23,26,11,14,74
low_score_rate_0_2,low_is_c4,0.17708333333333331,0.5287356321839081,0.46,0.6216216216216216,0.2702702702702703,0.44594594594594594,0.44594594594594594,23,27,10,14,74
low_score_rate_0_2,low_is_c4,0.19375,0.5168539325842696,0.4423076923076923,0.6216216216216216,0.21621621621621623,0.4189189189189189,0.4189189189189189,23,29,8,14,74
low_score_rate_0_2,high_is_c4,0.15192307692307694,0.5074626865671642,0.5666666666666667,0.4594594594594595,0.6486486486486487,0.5540540540540541,0.5540540540540541,17,13,24,20,74
low_score_rate_0_2,high_is_c4,0.1464285714285714,0.5,0.5483870967741935,0.4594594594594595,0.6216216216216216,0.5405405405405406,0.5405405405405406,17,14,23,20,74
low_score_rate_0_2,low_is_c4,0.1464285714285714,0.5,0.46511627906976744,0.5405405405405406,0.3783783783783784,0.4594594594594595,0.4594594594594595,20,23,14,17,74
low_score_rate_0_2,low_is_c4,0.15192307692307694,0.49382716049382713,0.45454545454545453,0.5405405405405406,0.35135135135135137,0.44594594594594594,0.44594594594594594,20,24,13,17,74
low_score_rate_0_2,high_is_c4,0.19375,0.4745762711864407,0.6363636363636364,0.3783783783783784,0.7837837837837838,0.581081081081081,0.5810810810810811,14,8,29,23,74
low_score_rate_0_2,high_is_c4,0.17708333333333331,0.45901639344262296,0.5833333333333334,0.3783783783783784,0.7297297297297297,0.5540540540540541,0.5540540540540541,14,10,27,23,74
low_score_rate_0_2,high_is_c4,0.16025641025641024,0.4516129032258065,0.56,0.3783783783783784,0.7027027027027027,0.5405405405405406,0.5405405405405406,14,11,26,23,74
low_score_rate_0_2,high_is_c4,0.20714285714285713,0.4210526315789474,0.6,0.32432432432432434,0.7837837837837838,0.5540540540540541,0.5540540540540541,12,8,29,25,74
low_score_rate_0_2,low_is_c4,0.10989010989010989,0.39436619718309857,0.4117647058823529,0.3783783783783784,0.4594594594594595,0.4189189189189189,0.41891891891891897,14,20,17,23,74
low_score_rate_0_2,high_is_c4,0.22252747252747251,0.339622641509434,0.5625,0.24324324324324326,0.8108108108108109,0.527027027027027,0.5270270270270271,9,7,30,28,74
low_score_rate_0_2,high_is_c4,0.23443223443223443,0.26666666666666666,0.75,0.16216216216216217,0.9459459459459459,0.5540540540540541,0.5540540540540541,6,2,35,31,74
low_score_rate_0_2,high_is_c4,0.2523809523809524,0.22727272727272727,0.7142857142857143,0.13513513513513514,0.9459459459459459,0.5405405405405406,0.5405405405405406,5,2,35,32,74
low_score_rate_0_2,low_is_c4,0.07417582417582418,0.20689655172413793,0.2857142857142857,0.16216216216216217,0.5945945945945946,0.3783783783783784,0.3783783783783784,6,15,22,31,74
low_score_rate_0_2,high_is_c4,0.2761904761904762,0.18604651162790697,0.6666666666666666,0.10810810810810811,0.9459459459459459,0.527027027027027,0.527027027027027,4,2,35,33,74
low_score_rate_0_2,low_is_c4,0.0,0.12,0.23076923076923078,0.08108108108108109,0.7297297297297297,0.40540540540540543,0.4054054054054054,3,10,27,34,74
low_score_rate_0_2,low_is_c4,0.03571428571428571,0.12,0.23076923076923078,0.08108108108108109,0.7297297297297297,0.40540540540540543,0.4054054054054054,3,10,27,34,74
low_score_rate_0_2,high_is_c4,0.2967032967032967,0.05,0.3333333333333333,0.02702702702702703,0.9459459459459459,0.4864864864864865,0.4864864864864865,1,2,35,36,74
low_score_rate_0_2,high_is_c4,0.3076923076923077,0.05,0.3333333333333333,0.02702702702702703,0.9459459459459459,0.4864864864864865,0.4864864864864865,1,2,35,36,74
low_score_rate_0_3,high_is_c4,0.06904761904761905,0.6728971962616821,0.5142857142857142,0.972972972972973,0.08108108108108109,0.527027027027027,0.5270270270270271,36,34,3,1,74
low_score_rate_0_3,high_is_c4,0.03333333333333333,0.6666666666666666,0.5070422535211268,0.972972972972973,0.05405405405405406,0.5135135135135135,0.5135135135135136,36,35,2,1,74
low_score_rate_0_3,high_is_c4,0.0,0.6666666666666666,0.5,1.0,0.0,0.5,0.5,37,37,0,0,74
low_score_rate_0_3,low_is_c4,0.42857142857142855,0.6666666666666666,0.5,1.0,0.0,0.5,0.5,37,37,0,0,74
low_score_rate_0_3,high_is_c4,0.07417582417582418,0.6666666666666665,0.5147058823529411,0.9459459459459459,0.10810810810810811,0.527027027027027,0.527027027027027,35,33,4,2,74
low_score_rate_0_3,low_is_c4,0.3708791208791209,0.6666666666666665,0.5147058823529411,0.9459459459459459,0.10810810810810811,0.527027027027027,0.527027027027027,35,33,4,2,74
low_score_rate_0_3,low_is_c4,0.4065934065934066,0.6545454545454545,0.4931506849315068,0.972972972972973,0.0,0.4864864864864865,0.4864864864864865,36,37,0,1,74
low_score_rate_0_3,low_is_c4,0.34523809523809523,0.6538461538461539,0.5074626865671642,0.918918918918919,0.10810810810810811,0.5135135135135135,0.5135135135135136,34,33,4,3,74
low_score_rate_0_3,low_is_c4,0.31009615384615385,0.6336633663366337,0.5,0.8648648648648649,0.13513513513513514,0.5,0.5,32,32,5,5,74
low_score_rate_0_3,low_is_c4,0.2967032967032967,0.631578947368421,0.5172413793103449,0.8108108108108109,0.24324324324324326,0.527027027027027,0.5270270270270271,30,28,9,7,74
low_score_rate_0_3,low_is_c4,0.32291666666666663,0.6274509803921569,0.49230769230769234,0.8648648648648649,0.10810810810810811,0.4864864864864865,0.4864864864864865,32,33,4,5,74
low_score_rate_0_3,high_is_c4,0.10989010989010989,0.6170212765957447,0.5087719298245614,0.7837837837837838,0.24324324324324326,0.5135135135135135,0.5135135135135135,29,28,9,8,74
low_score_rate_0_3,high_is_c4,0.15192307692307694,0.611764705882353,0.5416666666666666,0.7027027027027027,0.40540540540540543,0.5540540540540541,0.5540540540540541,26,22,15,11,74
low_score_rate_0_3,high_is_c4,0.1464285714285714,0.6046511627906977,0.5306122448979592,0.7027027027027027,0.3783783783783784,0.5405405405405406,0.5405405405405406,26,23,14,11,74
low_score_rate_0_3,low_is_c4,0.24404761904761904,0.5842696629213484,0.5,0.7027027027027027,0.2972972972972973,0.5,0.5,26,26,11,11,74
low_score_rate_0_3,high_is_c4,0.17692307692307693,0.5789473684210528,0.5641025641025641,0.5945945945945946,0.5405405405405406,0.5675675675675675,0.5675675675675675,22,17,20,15,74
low_score_rate_0_3,low_is_c4,0.26785714285714285,0.5777777777777777,0.49056603773584906,0.7027027027027027,0.2702702702702703,0.4864864864864865,0.4864864864864865,26,27,10,11,74
low_score_rate_0_3,low_is_c4,0.23443223443223443,0.5681818181818181,0.49019607843137253,0.6756756756756757,0.2972972972972973,0.4864864864864865,0.4864864864864865,25,26,11,12,74
low_score_rate_0_3,high_is_c4,0.20714285714285713,0.5599999999999999,0.5526315789473685,0.5675675675675675,0.5405405405405406,0.5540540540540541,0.5540540540540541,21,17,20,16,74
low_score_rate_0_3,low_is_c4,0.21825396825396826,0.5121951219512195,0.4666666666666667,0.5675675675675675,0.35135135135135137,0.4594594594594595,0.45945945945945943,21,24,13,16,74
low_score_rate_0_3,low_is_c4,0.2264957264957265,0.506024096385542,0.45652173913043476,0.5675675675675675,0.32432432432432434,0.44594594594594594,0.44594594594594594,21,25,12,16,74
low_score_rate_0_3,high_is_c4,0.2264957264957265,0.49230769230769234,0.5714285714285714,0.43243243243243246,0.6756756756756757,0.5540540540540541,0.5540540540540541,16,12,25,21,74
low_score_rate_0_3,high_is_c4,0.21825396825396826,0.48484848484848486,0.5517241379310345,0.43243243243243246,0.6486486486486487,0.5405405405405406,0.5405405405405406,16,13,24,21,74
low_score_rate_0_3,low_is_c4,0.20714285714285713,0.4383561643835616,0.4444444444444444,0.43243243243243246,0.4594594594594595,0.44594594594594594,0.44594594594594594,16,20,17,21,74
low_score_rate_0_3,low_is_c4,0.17692307692307693,0.4166666666666667,0.42857142857142855,0.40540540540540543,0.4594594594594595,0.43243243243243246,0.43243243243243246,15,20,17,22,74
low_score_rate_0_3,high_is_c4,0.23443223443223443,0.4,0.5217391304347826,0.32432432432432434,0.7027027027027027,0.5135135135135135,0.5135135135135136,12,11,26,25,74
low_score_rate_0_3,high_is_c4,0.26785714285714285,0.37931034482758624,0.5238095238095238,0.2972972972972973,0.7297297297297297,0.5135135135135135,0.5135135135135135,11,10,27,26,74
low_score_rate_0_3,high_is_c4,0.24404761904761904,0.3728813559322034,0.5,0.2972972972972973,0.7027027027027027,0.5,0.5,11,11,26,26,74
low_score_rate_0_3,low_is_c4,0.1464285714285714,0.3548387096774193,0.44,0.2972972972972973,0.6216216216216216,0.4594594594594595,0.45945945945945943,11,14,23,26,74
low_score_rate_0_3,low_is_c4,0.15192307692307694,0.34920634920634924,0.4230769230769231,0.2972972972972973,0.5945945945945946,0.44594594594594594,0.44594594594594594,11,15,22,26,74
low_score_rate_0_3,low_is_c4,0.10989010989010989,0.29629629629629634,0.47058823529411764,0.21621621621621623,0.7567567567567568,0.4864864864864865,0.4864864864864865,8,9,28,29,74
low_score_rate_0_3,high_is_c4,0.2967032967032967,0.2641509433962264,0.4375,0.1891891891891892,0.7567567567567568,0.47297297297297297,0.472972972972973,7,9,28,30,74
low_score_rate_0_3,high_is_c4,0.32291666666666663,0.2173913043478261,0.5555555555555556,0.13513513513513514,0.8918918918918919,0.5135135135135135,0.5135135135135135,5,4,33,32,74
low_score_rate_0_3,high_is_c4,0.31009615384615385,0.21276595744680854,0.5,0.13513513513513514,0.8648648648648649,0.5,0.5,5,5,32,32,74
low_score_rate_0_3,high_is_c4,0.34523809523809523,0.13636363636363638,0.42857142857142855,0.08108108108108109,0.8918918918918919,0.4864864864864865,0.4864864864864865,3,4,33,34,74
low_score_rate_0_3,high_is_c4,0.3708791208791209,0.09302325581395349,0.3333333333333333,0.05405405405405406,0.8918918918918919,0.47297297297297297,0.47297297297297297,2,4,33,35,74
low_score_rate_0_3,low_is_c4,0.07417582417582418,0.09302325581395349,0.3333333333333333,0.05405405405405406,0.8918918918918919,0.47297297297297297,0.47297297297297297,2,4,33,35,74
low_score_rate_0_3,high_is_c4,0.4065934065934066,0.052631578947368425,1.0,0.02702702702702703,1.0,0.5135135135135135,0.5135135135135135,1,0,37,36,74
low_score_rate_0_3,high_is_c4,0.42857142857142855,0.052631578947368425,1.0,0.02702702702702703,1.0,0.5135135135135135,0.5135135135135135,1,0,37,36,74
low_score_rate_0_3,low_is_c4,0.0,0.05,0.3333333333333333,0.02702702702702703,0.9459459459459459,0.4864864864864865,0.4864864864864865,1,2,35,36,74
low_score_rate_0_3,low_is_c4,0.03333333333333333,0.05,0.3333333333333333,0.02702702702702703,0.9459459459459459,0.4864864864864865,0.4864864864864865,1,2,35,36,74
low_score_rate_0_3,low_is_c4,0.06904761904761905,0.04878048780487805,0.25,0.02702702702702703,0.918918918918919,0.47297297297297297,0.472972972972973,1,3,34,36,74
low_score_rate_0_4,high_is_c4,0.10989010989010989,0.673076923076923,0.5223880597014925,0.9459459459459459,0.13513513513513514,0.5405405405405406,0.5405405405405406,35,32,5,2,74
low_score_rate_0_4,high_is_c4,0.14835164835164835,0.6666666666666666,0.532258064516129,0.8918918918918919,0.21621621621621623,0.5540540540540541,0.5540540540540541,33,29,8,4,74
low_score_rate_0_4,high_is_c4,0.0,0.6666666666666666,0.5,1.0,0.0,0.5,0.5,37,37,0,0,74
low_score_rate_0_4,low_is_c4,0.5,0.6666666666666666,0.5,1.0,0.0,0.5,0.5,37,37,0,0,74
low_score_rate_0_4,high_is_c4,0.038461538461538464,0.6605504587155964,0.5,0.972972972972973,0.02702702702702703,0.5,0.5,36,36,1,1,74
low_score_rate_0_4,low_is_c4,0.44505494505494503,0.660377358490566,0.5072463768115942,0.9459459459459459,0.08108108108108109,0.5135135135135135,0.5135135135135135,35,34,3,2,74
low_score_rate_0_4,low_is_c4,0.4807692307692308,0.6545454545454545,0.4931506849315068,0.972972972972973,0.0,0.4864864864864865,0.4864864864864865,36,37,0,1,74
low_score_rate_0_4,high_is_c4,0.20714285714285713,0.6382978723404256,0.5263157894736842,0.8108108108108109,0.2702702702702703,0.5405405405405406,0.5405405405405406,30,27,10,7,74
low_score_rate_0_4,low_is_c4,0.41428571428571426,0.6336633663366337,0.5,0.8648648648648649,0.13513513513513514,0.5,0.5,32,32,5,5,74
low_score_rate_0_4,high_is_c4,0.2583333333333333,0.6329113924050633,0.5952380952380952,0.6756756756756757,0.5405405405405406,0.6081081081081081,0.6081081081081081,25,17,20,12,74
low_score_rate_0_4,high_is_c4,0.17692307692307693,0.631578947368421,0.5172413793103449,0.8108108108108109,0.24324324324324326,0.527027027027027,0.5270270270270271,30,28,9,7,74
low_score_rate_0_4,high_is_c4,0.22252747252747251,0.6292134831460674,0.5384615384615384,0.7567567567567568,0.35135135135135137,0.5540540540540541,0.5540540540540541,28,24,13,9,74
low_score_rate_0_4,low_is_c4,0.39230769230769236,0.62,0.49206349206349204,0.8378378378378378,0.13513513513513514,0.4864864864864865,0.4864864864864865,31,32,5,6,74
low_score_rate_0_4,high_is_c4,0.2403846153846154,0.617283950617284,0.5681818181818182,0.6756756756756757,0.4864864864864865,0.581081081081081,0.5810810810810811,25,19,18,12,74
low_score_rate_0_4,high_is_c4,0.2761904761904762,0.6153846153846153,0.5853658536585366,0.6486486486486487,0.5405405405405406,0.5945945945945946,0.5945945945945946,24,17,20,13,74
low_score_rate_0_4,low_is_c4,0.3708791208791209,0.6105263157894737,0.5,0.7837837837837838,0.21621621621621623,0.5,0.5,29,29,8,8,74
low_score_rate_0_4,high_is_c4,0.2967032967032967,0.5753424657534246,0.5833333333333334,0.5675675675675675,0.5945945945945946,0.581081081081081,0.5810810810810811,21,15,22,16,74
low_score_rate_0_4,low_is_c4,0.34523809523809523,0.5393258426966292,0.46153846153846156,0.6486486486486487,0.24324324324324326,0.44594594594594594,0.44594594594594594,24,28,9,13,74
low_score_rate_0_4,low_is_c4,0.31009615384615385,0.5348837209302325,0.46938775510204084,0.6216216216216216,0.2972972972972973,0.4594594594594595,0.45945945945945943,23,26,11,14,74
low_score_rate_0_4,low_is_c4,0.32291666666666663,0.5287356321839081,0.46,0.6216216216216216,0.2702702702702703,0.44594594594594594,0.44594594594594594,23,27,10,14,74
low_score_rate_0_4,high_is_c4,0.32291666666666663,0.45901639344262296,0.5833333333333334,0.3783783783783784,0.7297297297297297,0.5540540540540541,0.5540540540540541,14,10,27,23,74
low_score_rate_0_4,high_is_c4,0.31009615384615385,0.4516129032258065,0.56,0.3783783783783784,0.7027027027027027,0.5405405405405406,0.5405405405405406,14,11,26,23,74
low_score_rate_0_4,high_is_c4,0.34523809523809523,0.4406779661016949,0.5909090909090909,0.35135135135135137,0.7567567567567568,0.5540540540540541,0.5540540540540541,13,9,28,24,74
low_score_rate_0_4,low_is_c4,0.2967032967032967,0.4266666666666667,0.42105263157894735,0.43243243243243246,0.40540540540540543,0.4189189189189189,0.41891891891891897,16,22,15,21,74
low_score_rate_0_4,low_is_c4,0.2761904761904762,0.37142857142857144,0.3939393939393939,0.35135135135135137,0.4594594594594595,0.40540540540540543,0.40540540540540543,13,20,17,24,74
low_score_rate_0_4,low_is_c4,0.2403846153846154,0.3582089552238806,0.4,0.32432432432432434,0.5135135135135135,0.4189189189189189,0.4189189189189189,12,18,19,25,74
low_score_rate_0_4,low_is_c4,0.2583333333333333,0.34782608695652173,0.375,0.32432432432432434,0.4594594594594595,0.3918918918918919,0.3918918918918919,12,20,17,25,74
low_score_rate_0_4,low_is_c4,0.22252747252747251,0.3050847457627119,0.4090909090909091,0.24324324324324326,0.6486486486486487,0.44594594594594594,0.44594594594594594,9,13,24,28,74
low_score_rate_0_4,high_is_c4,0.3708791208791209,0.3018867924528302,0.5,0.21621621621621623,0.7837837837837838,0.5,0.5,8,8,29,29,74
low_score_rate_0_4,low_is_c4,0.17692307692307693,0.2641509433962264,0.4375,0.1891891891891892,0.7567567567567568,0.47297297297297297,0.472972972972973,7,9,28,30,74
low_score_rate_0_4,low_is_c4,0.20714285714285713,0.2592592592592593,0.4117647058823529,0.1891891891891892,0.7297297297297297,0.4594594594594595,0.45945945945945943,7,10,27,30,74
low_score_rate_0_4,high_is_c4,0.39230769230769236,0.25,0.5454545454545454,0.16216216216216217,0.8648648648648649,0.5135135135135135,0.5135135135135136,6,5,32,31,74
low_score_rate_0_4,high_is_c4,0.41428571428571426,0.21276595744680854,0.5,0.13513513513513514,0.8648648648648649,0.5,0.5,5,5,32,32,74
low_score_rate_0_4,low_is_c4,0.14835164835164835,0.163265306122449,0.3333333333333333,0.10810810810810811,0.7837837837837838,0.44594594594594594,0.44594594594594594,4,8,29,33,74
low_score_rate_0_4,high_is_c4,0.44505494505494503,0.09523809523809523,0.4,0.05405405405405406,0.918918918918919,0.4864864864864865,0.4864864864864865,2,3,34,35,74
low_score_rate_0_4,low_is_c4,0.10989010989010989,0.09090909090909091,0.2857142857142857,0.05405405405405406,0.8648648648648649,0.4594594594594595,0.4594594594594595,2,5,32,35,74
low_score_rate_0_4,high_is_c4,0.4807692307692308,0.052631578947368425,1.0,0.02702702702702703,1.0,0.5135135135135135,0.5135135135135135,1,0,37,36,74
low_score_rate_0_4,high_is_c4,0.5,0.052631578947368425,1.0,0.02702702702702703,1.0,0.5135135135135135,0.5135135135135135,1,0,37,36,74
low_score_rate_0_4,low_is_c4,0.0,0.05128205128205129,0.5,0.02702702702702703,0.972972972972973,0.5,0.5,1,1,36,36,74
low_score_rate_0_4,low_is_c4,0.038461538461538464,0.05128205128205129,0.5,0.02702702702702703,0.972972972972973,0.5,0.5,1,1,36,36,74
low_score_rate_0_5,high_is_c4,0.11538461538461539,0.6788990825688073,0.5138888888888888,1.0,0.05405405405405406,0.527027027027027,0.527027027027027,37,35,2,0,74
low_score_rate_0_5,high_is_c4,0.24871794871794872,0.6736842105263158,0.5517241379310345,0.8648648648648649,0.2972972972972973,0.581081081081081,0.5810810810810811,32,26,11,5,74
low_score_rate_0_5,high_is_c4,0.18406593406593408,0.6728971962616821,0.5142857142857142,0.972972972972973,0.08108108108108109,0.527027027027027,0.5270270270270271,36,34,3,1,74
low_score_rate_0_5,high_is_c4,0.07417582417582418,0.6727272727272727,0.5068493150684932,1.0,0.02702702702702703,0.5135135135135135,0.5135135135135135,37,36,1,0,74
low_score_rate_0_5,high_is_c4,0.2761904761904762,0.6666666666666666,0.5535714285714286,0.8378378378378378,0.32432432432432434,0.581081081081081,0.5810810810810811,31,25,12,6,74
low_score_rate_0_5,high_is_c4,0.07142857142857142,0.6666666666666666,0.5,1.0,0.0,0.5,0.5,37,37,0,0,74
low_score_rate_0_5,low_is_c4,0.5714285714285714,0.6666666666666666,0.5,1.0,0.0,0.5,0.5,37,37,0,0,74
low_score_rate_0_5,high_is_c4,0.22252747252747251,0.6601941747572816,0.5151515151515151,0.918918918918919,0.13513513513513514,0.527027027027027,0.5270270270270271,34,32,5,3,74
low_score_rate_0_5,low_is_c4,0.5192307692307692,0.6538461538461539,0.5074626865671642,0.918918918918919,0.10810810810810811,0.5135135135135135,0.5135135135135136,34,33,4,3,74
low_score_rate_0_5,low_is_c4,0.48333333333333334,0.6534653465346535,0.515625,0.8918918918918919,0.16216216216216217,0.527027027027027,0.527027027027027,33,31,6,4,74
low_score_rate_0_5,low_is_c4,0.554945054945055,0.6422018348623854,0.4861111111111111,0.9459459459459459,0.0,0.47297297297297297,0.47297297297297297,35,37,0,2,74
low_score_rate_0_5,low_is_c4,0.4641025641025641,0.64,0.5079365079365079,0.8648648648648649,0.16216216216216217,0.5135135135135135,0.5135135135135136,32,31,6,5,74
low_score_rate_0_5,high_is_c4,0.2967032967032967,0.6279069767441859,0.5510204081632653,0.7297297297297297,0.40540540540540543,0.5675675675675675,0.5675675675675675,27,22,15,10,74
low_score_rate_0_5,low_is_c4,0.4365079365079365,0.6021505376344086,0.5,0.7567567567567568,0.24324324324324326,0.5,0.5,28,28,9,9,74
low_score_rate_0_5,low_is_c4,0.452991452991453,0.5957446808510638,0.49122807017543857,0.7567567567567568,0.21621621621621623,0.4864864864864865,0.4864864864864865,28,29,8,9,74
low_score_rate_0_5,high_is_c4,0.3205128205128205,0.5789473684210528,0.5641025641025641,0.5945945945945946,0.5405405405405406,0.5675675675675675,0.5675675675675675,22,17,20,15,74
low_score_rate_0_5,high_is_c4,0.35357142857142854,0.5675675675675675,0.5675675675675675,0.5675675675675675,0.5675675675675675,0.5675675675675675,0.5675675675675675,21,16,21,16,74
low_score_rate_0_5,high_is_c4,0.3416666666666667,0.5599999999999999,0.5526315789473685,0.5675675675675675,0.5405405405405406,0.5540540540540541,0.5540540540540541,21,17,20,16,74
low_score_rate_0_5,high_is_c4,0.3798076923076923,0.5588235294117647,0.6129032258064516,0.5135135135135135,0.6756756756756757,0.5945945945945946,0.5945945945945945,19,12,25,18,74
low_score_rate_0_5,high_is_c4,0.3660714285714286,0.5428571428571428,0.5757575757575758,0.5135135135135135,0.6216216216216216,0.5675675675675675,0.5675675675675675,19,14,23,18,74
low_score_rate_0_5,low_is_c4,0.4065934065934066,0.5348837209302325,0.46938775510204084,0.6216216216216216,0.2972972972972973,0.4594594594594595,0.45945945945945943,23,26,11,14,74
low_score_rate_0_5,low_is_c4,0.3660714285714286,0.4615384615384615,0.43902439024390244,0.4864864864864865,0.3783783783783784,0.43243243243243246,0.43243243243243246,18,23,14,19,74
low_score_rate_0_5,high_is_c4,0.4065934065934066,0.4516129032258065,0.56,0.3783783783783784,0.7027027027027027,0.5405405405405406,0.5405405405405406,14,11,26,23,74
low_score_rate_0_5,low_is_c4,0.3798076923076923,0.45,0.4186046511627907,0.4864864864864865,0.32432432432432434,0.40540540540540543,0.40540540540540543,18,25,12,19,74
low_score_rate_0_5,low_is_c4,0.3416666666666667,0.4383561643835616,0.4444444444444444,0.43243243243243246,0.4594594594594595,0.44594594594594594,0.44594594594594594,16,20,17,21,74
low_score_rate_0_5,low_is_c4,0.35357142857142854,0.43243243243243246,0.43243243243243246,0.43243243243243246,0.43243243243243246,0.43243243243243246,0.43243243243243246,16,21,16,21,74
low_score_rate_0_5,low_is_c4,0.3205128205128205,0.4166666666666667,0.42857142857142855,0.40540540540540543,0.4594594594594595,0.43243243243243246,0.43243243243243246,15,20,17,22,74
low_score_rate_0_5,high_is_c4,0.452991452991453,0.33333333333333337,0.5294117647058824,0.24324324324324326,0.7837837837837838,0.5135135135135135,0.5135135135135135,9,8,29,28,74
low_score_rate_0_5,high_is_c4,0.4365079365079365,0.3272727272727273,0.5,0.24324324324324326,0.7567567567567568,0.5,0.5,9,9,28,28,74
low_score_rate_0_5,low_is_c4,0.2967032967032967,0.3225806451612903,0.4,0.2702702702702703,0.5945945945945946,0.43243243243243246,0.43243243243243246,10,15,22,27,74
low_score_rate_0_5,low_is_c4,0.2761904761904762,0.2181818181818182,0.3333333333333333,0.16216216216216217,0.6756756756756757,0.4189189189189189,0.4189189189189189,6,12,25,31,74
low_score_rate_0_5,high_is_c4,0.4641025641025641,0.20833333333333334,0.45454545454545453,0.13513513513513514,0.8378378378378378,0.4864864864864865,0.4864864864864865,5,6,31,32,74
low_score_rate_0_5,low_is_c4,0.24871794871794872,0.18867924528301885,0.3125,0.13513513513513514,0.7027027027027027,0.4189189189189189,0.41891891891891897,5,11,26,32,74
low_score_rate_0_5,high_is_c4,0.48333333333333334,0.1702127659574468,0.4,0.10810810810810811,0.8378378378378378,0.47297297297297297,0.47297297297297297,4,6,31,33,74
low_score_rate_0_5,high_is_c4,0.5192307692307692,0.13636363636363638,0.42857142857142855,0.08108108108108109,0.8918918918918919,0.4864864864864865,0.4864864864864865,3,4,33,34,74
low_score_rate_0_5,low_is_c4,0.22252747252747251,0.13333333333333333,0.375,0.08108108108108109,0.8648648648648649,0.47297297297297297,0.472972972972973,3,5,32,34,74
low_score_rate_0_5,high_is_c4,0.554945054945055,0.10256410256410257,1.0,0.05405405405405406,1.0,0.527027027027027,0.527027027027027,2,0,37,35,74
low_score_rate_0_5,high_is_c4,0.5714285714285714,0.10256410256410257,1.0,0.05405405405405406,1.0,0.527027027027027,0.527027027027027,2,0,37,35,74
low_score_rate_0_5,low_is_c4,0.18406593406593408,0.04878048780487805,0.25,0.02702702702702703,0.918918918918919,0.47297297297297297,0.472972972972973,1,3,34,36,74
low_score_rate_0_5,low_is_c4,0.07142857142857142,0.0,0.0,0.0,0.972972972972973,0.4864864864864865,0.4864864864864865,0,1,36,37,74
low_score_rate_0_5,low_is_c4,0.07417582417582418,0.0,0.0,0.0,0.972972972972973,0.4864864864864865,0.4864864864864865,0,1,36,37,74
low_score_rate_0_5,low_is_c4,0.11538461538461539,0.0,0.0,0.0,0.9459459459459459,0.47297297297297297,0.47297297297297297,0,2,35,37,74
low_score_rate_0_6,high_is_c4,0.18681318681318682,0.6788990825688073,0.5138888888888888,1.0,0.05405405405405406,0.527027027027027,0.527027027027027,37,35,2,0,74
low_score_rate_0_6,high_is_c4,0.10989010989010989,0.6727272727272727,0.5068493150684932,1.0,0.02702702702702703,0.5135135135135135,0.5135135135135135,37,36,1,0,74
low_score_rate_0_6,high_is_c4,0.07692307692307693,0.6666666666666666,0.5,1.0,0.0,0.5,0.5,37,37,0,0,74
low_score_rate_0_6,low_is_c4,0.7692307692307693,0.6666666666666666,0.5,1.0,0.0,0.5,0.5,37,37,0,0,74
low_score_rate_0_6,high_is_c4,0.24871794871794872,0.660377358490566,0.5072463768115942,0.9459459459459459,0.08108108108108109,0.5135135135135135,0.5135135135135135,35,34,3,2,74
low_score_rate_0_6,low_is_c4,0.6076923076923078,0.6601941747572816,0.5151515151515151,0.918918918918919,0.13513513513513514,0.527027027027027,0.5270270270270271,34,32,5,3,74
low_score_rate_0_6,low_is_c4,0.7060439560439561,0.6545454545454545,0.4931506849315068,0.972972972972973,0.0,0.4864864864864865,0.4864864864864865,36,37,0,1,74
low_score_rate_0_6,high_is_c4,0.2761904761904762,0.6538461538461539,0.5074626865671642,0.918918918918919,0.10810810810810811,0.5135135135135135,0.5135135135135136,34,33,4,3,74
low_score_rate_0_6,high_is_c4,0.3205128205128205,0.6526315789473685,0.5344827586206896,0.8378378378378378,0.2702702702702703,0.5540540540540541,0.5540540540540541,31,27,10,6,74
low_score_rate_0_6,low_is_c4,0.6291208791208791,0.6481481481481483,0.49295774647887325,0.9459459459459459,0.02702702702702703,0.4864864864864865,0.4864864864864865,35,36,1,2,74
low_score_rate_0_6,low_is_c4,0.5857142857142856,0.6470588235294117,0.5076923076923077,0.8918918918918919,0.13513513513513514,0.5135135135135135,0.5135135135135135,33,32,5,4,74
low_score_rate_0_6,high_is_c4,0.35357142857142854,0.6451612903225806,0.5357142857142857,0.8108108108108109,0.2972972972972973,0.5540540540540541,0.5540540540540541,30,26,11,7,74
low_score_rate_0_6,high_is_c4,0.3416666666666667,0.6382978723404256,0.5263157894736842,0.8108108108108109,0.2702702702702703,0.5405405405405406,0.5405405405405406,30,27,10,7,74
low_score_rate_0_6,high_is_c4,0.2967032967032967,0.6336633663366337,0.5,0.8648648648648649,0.13513513513513514,0.5,0.5,32,32,5,5,74
low_score_rate_0_6,high_is_c4,0.4065934065934066,0.6153846153846153,0.5853658536585366,0.6486486486486487,0.5405405405405406,0.5945945945945946,0.5945945945945946,24,17,20,13,74
low_score_rate_0_6,low_is_c4,0.554945054945055,0.6122448979591837,0.4918032786885246,0.8108108108108109,0.16216216216216217,0.4864864864864865,0.4864864864864865,30,31,6,7,74
low_score_rate_0_6,high_is_c4,0.3798076923076923,0.611764705882353,0.5416666666666666,0.7027027027027027,0.40540540540540543,0.5540540540540541,0.5540540540540541,26,22,15,11,74
low_score_rate_0_6,high_is_c4,0.3660714285714286,0.6046511627906977,0.5306122448979592,0.7027027027027027,0.3783783783783784,0.5405405405405406,0.5405405405405406,26,23,14,11,74
low_score_rate_0_6,low_is_c4,0.48333333333333334,0.5777777777777777,0.49056603773584906,0.7027027027027027,0.2702702702702703,0.4864864864864865,0.4864864864864865,26,27,10,11,74
low_score_rate_0_6,low_is_c4,0.4641025641025641,0.5617977528089887,0.4807692307692308,0.6756756756756757,0.2702702702702703,0.47297297297297297,0.47297297297297297,25,27,10,12,74
low_score_rate_0_6,low_is_c4,0.5192307692307692,0.5591397849462365,0.4642857142857143,0.7027027027027027,0.1891891891891892,0.44594594594594594,0.44594594594594594,26,30,7,11,74
low_score_rate_0_6,high_is_c4,0.452991452991453,0.5507246376811593,0.59375,0.5135135135135135,0.6486486486486487,0.581081081081081,0.5810810810810811,19,13,24,18,74
low_score_rate_0_6,high_is_c4,0.4409722222222222,0.5428571428571428,0.5757575757575758,0.5135135135135135,0.6216216216216216,0.5675675675675675,0.5675675675675675,19,14,23,18,74
low_score_rate_0_6,high_is_c4,0.4330357142857143,0.5352112676056339,0.5588235294117647,0.5135135135135135,0.5945945945945946,0.5540540540540541,0.5540540540540541,19,15,22,18,74
low_score_rate_0_6,low_is_c4,0.4330357142857143,0.4675324675324675,0.45,0.4864864864864865,0.40540540540540543,0.44594594594594594,0.44594594594594594,18,22,15,19,74
low_score_rate_0_6,low_is_c4,0.4409722222222222,0.4615384615384615,0.43902439024390244,0.4864864864864865,0.3783783783783784,0.43243243243243246,0.43243243243243246,18,23,14,19,74
low_score_rate_0_6,low_is_c4,0.452991452991453,0.4556962025316456,0.42857142857142855,0.4864864864864865,0.35135135135135137,0.4189189189189189,0.41891891891891897,18,24,13,19,74
low_score_rate_0_6,high_is_c4,0.4641025641025641,0.4067796610169491,0.5454545454545454,0.32432432432432434,0.7297297297297297,0.527027027027027,0.527027027027027,12,10,27,25,74
low_score_rate_0_6,high_is_c4,0.5192307692307692,0.39999999999999997,0.6111111111111112,0.2972972972972973,0.8108108108108109,0.5540540540540541,0.5540540540540541,11,7,30,26,74
low_score_rate_0_6,high_is_c4,0.48333333333333334,0.37931034482758624,0.5238095238095238,0.2972972972972973,0.7297297297297297,0.5135135135135135,0.5135135135135135,11,10,27,26,74
low_score_rate_0_6,low_is_c4,0.4065934065934066,0.37142857142857144,0.3939393939393939,0.35135135135135137,0.4594594594594595,0.40540540540540543,0.40540540540540543,13,20,17,24,74
low_score_rate_0_6,low_is_c4,0.3660714285714286,0.3548387096774193,0.44,0.2972972972972973,0.6216216216216216,0.4594594594594595,0.45945945945945943,11,14,23,26,74
low_score_rate_0_6,low_is_c4,0.3798076923076923,0.34920634920634924,0.4230769230769231,0.2972972972972973,0.5945945945945946,0.44594594594594594,0.44594594594594594,11,15,22,26,74
low_score_rate_0_6,high_is_c4,0.554945054945055,0.28,0.5384615384615384,0.1891891891891892,0.8378378378378378,0.5135135135135135,0.5135135135135135,7,6,31,30,74
low_score_rate_0_6,low_is_c4,0.3416666666666667,0.2592592592592593,0.4117647058823529,0.1891891891891892,0.7297297297297297,0.4594594594594595,0.45945945945945943,7,10,27,30,74
low_score_rate_0_6,low_is_c4,0.35357142857142854,0.2545454545454546,0.3888888888888889,0.1891891891891892,0.7027027027027027,0.44594594594594594,0.44594594594594594,7,11,26,30,74
low_score_rate_0_6,low_is_c4,0.3205128205128205,0.22641509433962265,0.375,0.16216216216216217,0.7297297297297297,0.44594594594594594,0.44594594594594594,6,10,27,31,74
low_score_rate_0_6,low_is_c4,0.2967032967032967,0.21276595744680854,0.5,0.13513513513513514,0.8648648648648649,0.5,0.5,5,5,32,32,74
low_score_rate_0_6,high_is_c4,0.5857142857142856,0.17391304347826086,0.4444444444444444,0.10810810810810811,0.8648648648648649,0.4864864864864865,0.4864864864864865,4,5,32,33,74
low_score_rate_0_6,low_is_c4,0.2761904761904762,0.13636363636363638,0.42857142857142855,0.08108108108108109,0.8918918918918919,0.4864864864864865,0.4864864864864865,3,4,33,34,74
low_score_rate_0_6,high_is_c4,0.6076923076923078,0.13333333333333333,0.375,0.08108108108108109,0.8648648648648649,0.47297297297297297,0.472972972972973,3,5,32,34,74
low_score_rate_0_6,high_is_c4,0.6291208791208791,0.1,0.6666666666666666,0.05405405405405406,0.972972972972973,0.5135135135135135,0.5135135135135136,2,1,36,35,74
low_score_rate_0_6,low_is_c4,0.24871794871794872,0.09523809523809523,0.4,0.05405405405405406,0.918918918918919,0.4864864864864865,0.4864864864864865,2,3,34,35,74
low_score_rate_0_6,high_is_c4,0.7060439560439561,0.052631578947368425,1.0,0.02702702702702703,1.0,0.5135135135135135,0.5135135135135135,1,0,37,36,74
low_score_rate_0_6,high_is_c4,0.7692307692307693,0.052631578947368425,1.0,0.02702702702702703,1.0,0.5135135135135135,0.5135135135135135,1,0,37,36,74
low_score_rate_0_6,low_is_c4,0.07692307692307693,0.0,0.0,0.0,0.972972972972973,0.4864864864864865,0.4864864864864865,0,1,36,37,74
low_score_rate_0_6,low_is_c4,0.10989010989010989,0.0,0.0,0.0,0.972972972972973,0.4864864864864865,0.4864864864864865,0,1,36,37,74
low_score_rate_0_6,low_is_c4,0.18681318681318682,0.0,0.0,0.0,0.9459459459459459,0.47297297297297297,0.47297297297297297,0,2,35,37,74
low_score_rate_0_7,high_is_c4,0.39230769230769236,0.6862745098039216,0.5384615384615384,0.9459459459459459,0.1891891891891892,0.5675675675675675,0.5675675675675675,35,30,7,2,74
low_score_rate_0_7,high_is_c4,0.41428571428571426,0.68,0.5396825396825397,0.918918918918919,0.21621621621621623,0.5675675675675675,0.5675675675675675,34,29,8,3,74
low_score_rate_0_7,high_is_c4,0.3205128205128205,0.6727272727272727,0.5068493150684932,1.0,0.02702702702702703,0.5135135135135135,0.5135135135135135,37,36,1,0,74
low_score_rate_0_7,high_is_c4,0.3076923076923077,0.6666666666666666,0.5,1.0,0.0,0.5,0.5,37,37,0,0,74
low_score_rate_0_7,low_is_c4,0.9230769230769231,0.6666666666666666,0.5,1.0,0.0,0.5,0.5,37,37,0,0,74
low_score_rate_0_7,high_is_c4,0.3708791208791209,0.6666666666666665,0.5147058823529411,0.9459459459459459,0.10810810810810811,0.527027027027027,0.527027027027027,35,33,4,2,74
low_score_rate_0_7,high_is_c4,0.34523809523809523,0.6605504587155964,0.5,0.972972972972973,0.02702702702702703,0.5,0.5,36,36,1,1,74
low_score_rate_0_7,low_is_c4,0.8282051282051281,0.6545454545454545,0.4931506849315068,0.972972972972973,0.0,0.4864864864864865,0.4864864864864865,36,37,0,1,74
low_score_rate_0_7,low_is_c4,0.7032967032967032,0.6476190476190476,0.5,0.918918918918919,0.08108108108108109,0.5,0.5,34,34,3,3,74
low_score_rate_0_7,high_is_c4,0.4557692307692308,0.6451612903225806,0.5357142857142857,0.8108108108108109,0.2972972972972973,0.5540540540540541,0.5540540540540541,30,26,11,7,74
low_score_rate_0_7,high_is_c4,0.4807692307692308,0.6428571428571429,0.574468085106383,0.7297297297297297,0.4594594594594595,0.5945945945945946,0.5945945945945946,27,20,17,10,74
low_score_rate_0_7,low_is_c4,0.7238095238095238,0.6422018348623854,0.4861111111111111,0.9459459459459459,0.0,0.47297297297297297,0.47297297297297297,35,37,0,2,74
low_score_rate_0_7,high_is_c4,0.44375,0.6382978723404256,0.5263157894736842,0.8108108108108109,0.2702702702702703,0.5405405405405406,0.5405405405405406,30,27,10,7,74
low_score_rate_0_7,high_is_c4,0.5166666666666666,0.6329113924050633,0.5952380952380952,0.6756756756756757,0.5405405405405406,0.6081081081081081,0.6081081081081081,25,17,20,12,74
low_score_rate_0_7,high_is_c4,0.4330357142857143,0.631578947368421,0.5172413793103449,0.8108108108108109,0.24324324324324326,0.527027027027027,0.5270270270270271,30,28,9,7,74
low_score_rate_0_7,high_is_c4,0.5358974358974359,0.6153846153846153,0.5853658536585366,0.6486486486486487,0.5405405405405406,0.5945945945945946,0.5945945945945946,24,17,20,13,74
low_score_rate_0_7,low_is_c4,0.6675824175824177,0.607843137254902,0.47692307692307695,0.8378378378378378,0.08108108108108109,0.4594594594594595,0.45945945945945943,31,34,3,6,74
low_score_rate_0_7,low_is_c4,0.6291208791208791,0.577319587628866,0.4666666666666667,0.7567567567567568,0.13513513513513514,0.44594594594594594,0.44594594594594594,28,32,5,9,74
low_score_rate_0_7,high_is_c4,0.554945054945055,0.5507246376811593,0.59375,0.5135135135135135,0.6486486486486487,0.581081081081081,0.5810810810810811,19,13,24,18,74
low_score_rate_0_7,low_is_c4,0.5912698412698413,0.5238095238095238,0.46808510638297873,0.5945945945945946,0.32432432432432434,0.4594594594594595,0.4594594594594595,22,25,12,15,74
low_score_rate_0_7,low_is_c4,0.6132478632478633,0.5176470588235293,0.4583333333333333,0.5945945945945946,0.2972972972972973,0.44594594594594594,0.44594594594594594,22,26,11,15,74
low_score_rate_0_7,high_is_c4,0.6132478632478633,0.47619047619047616,0.5769230769230769,0.40540540540540543,0.7027027027027027,0.5540540540540541,0.5540540540540541,15,11,26,22,74
low_score_rate_0_7,high_is_c4,0.5912698412698413,0.46875,0.5555555555555556,0.40540540540540543,0.6756756756756757,0.5405405405405406,0.5405405405405406,15,12,25,22,74
low_score_rate_0_7,low_is_c4,0.554945054945055,0.4556962025316456,0.42857142857142855,0.4864864864864865,0.35135135135135137,0.4189189189189189,0.41891891891891897,18,24,13,19,74
low_score_rate_0_7,low_is_c4,0.5358974358974359,0.37142857142857144,0.3939393939393939,0.35135135135135137,0.4594594594594595,0.40540540540540543,0.40540540540540543,13,20,17,24,74
low_score_rate_0_7,high_is_c4,0.6291208791208791,0.35294117647058826,0.6428571428571429,0.24324324324324326,0.8648648648648649,0.5540540540540541,0.5540540540540541,9,5,32,28,74
low_score_rate_0_7,low_is_c4,0.5166666666666666,0.34782608695652173,0.375,0.32432432432432434,0.4594594594594595,0.3918918918918919,0.3918918918918919,12,20,17,25,74
low_score_rate_0_7,low_is_c4,0.4807692307692308,0.3125,0.37037037037037035,0.2702702702702703,0.5405405405405406,0.40540540540540543,0.40540540540540543,10,17,20,27,74
low_score_rate_0_7,low_is_c4,0.4330357142857143,0.2641509433962264,0.4375,0.1891891891891892,0.7567567567567568,0.47297297297297297,0.472972972972973,7,9,28,30,74
low_score_rate_0_7,high_is_c4,0.6675824175824177,0.26086956521739135,0.6666666666666666,0.16216216216216217,0.918918918918919,0.5405405405405406,0.5405405405405406,6,3,34,31,74
low_score_rate_0_7,low_is_c4,0.44375,0.2592592592592593,0.4117647058823529,0.1891891891891892,0.7297297297297297,0.4594594594594595,0.45945945945945943,7,10,27,30,74
low_score_rate_0_7,low_is_c4,0.4557692307692308,0.2545454545454546,0.3888888888888889,0.1891891891891892,0.7027027027027027,0.44594594594594594,0.44594594594594594,7,11,26,30,74
low_score_rate_0_7,high_is_c4,0.7032967032967032,0.13953488372093023,0.5,0.08108108108108109,0.918918918918919,0.5,0.5,3,3,34,34,74
low_score_rate_0_7,low_is_c4,0.41428571428571426,0.125,0.2727272727272727,0.08108108108108109,0.7837837837837838,0.43243243243243246,0.43243243243243246,3,8,29,34,74
low_score_rate_0_7,high_is_c4,0.7238095238095238,0.10256410256410257,1.0,0.05405405405405406,1.0,0.527027027027027,0.527027027027027,2,0,37,35,74
low_score_rate_0_7,low_is_c4,0.3708791208791209,0.09302325581395349,0.3333333333333333,0.05405405405405406,0.8918918918918919,0.47297297297297297,0.47297297297297297,2,4,33,35,74
low_score_rate_0_7,low_is_c4,0.39230769230769236,0.08695652173913043,0.2222222222222222,0.05405405405405406,0.8108108108108109,0.43243243243243246,0.43243243243243246,2,7,30,35,74
low_score_rate_0_7,high_is_c4,0.8282051282051281,0.052631578947368425,1.0,0.02702702702702703,1.0,0.5135135135135135,0.5135135135135135,1,0,37,36,74
low_score_rate_0_7,high_is_c4,0.9230769230769231,0.052631578947368425,1.0,0.02702702702702703,1.0,0.5135135135135135,0.5135135135135135,1,0,37,36,74
low_score_rate_0_7,low_is_c4,0.34523809523809523,0.05128205128205129,0.5,0.02702702702702703,0.972972972972973,0.5,0.5,1,1,36,36,74
low_score_rate_0_7,low_is_c4,0.3076923076923077,0.0,0.0,0.0,0.972972972972973,0.4864864864864865,0.4864864864864865,0,1,36,37,74
low_score_rate_0_7,low_is_c4,0.3205128205128205,0.0,0.0,0.0,0.972972972972973,0.4864864864864865,0.4864864864864865,0,1,36,37,74
low_score_rate_0_8,high_is_c4,0.4,0.6666666666666666,0.5,1.0,0.0,0.5,0.5,37,37,0,0,74
low_score_rate_0_8,low_is_c4,0.9230769230769231,0.6666666666666666,0.5,1.0,0.0,0.5,0.5,37,37,0,0,74
low_score_rate_0_8,high_is_c4,0.46886446886446886,0.6666666666666665,0.5147058823529411,0.9459459459459459,0.10810810810810811,0.527027027027027,0.527027027027027,35,33,4,2,74
low_score_rate_0_8,high_is_c4,0.41428571428571426,0.6605504587155964,0.5,0.972972972972973,0.02702702702702703,0.5,0.5,36,36,1,1,74
low_score_rate_0_8,low_is_c4,0.8948717948717949,0.6545454545454545,0.4931506849315068,0.972972972972973,0.0,0.4864864864864865,0.4864864864864865,36,37,0,1,74
low_score_rate_0_8,high_is_c4,0.44505494505494503,0.6542056074766355,0.5,0.9459459459459459,0.05405405405405406,0.5,0.5,35,35,2,2,74
low_score_rate_0_8,high_is_c4,0.4880952380952381,0.6538461538461539,0.5074626865671642,0.918918918918919,0.10810810810810811,0.5135135135135135,0.5135135135135136,34,33,4,3,74
low_score_rate_0_8,low_is_c4,0.8516483516483516,0.6481481481481483,0.49295774647887325,0.9459459459459459,0.02702702702702703,0.4864864864864865,0.4864864864864865,35,36,1,2,74
low_score_rate_0_8,low_is_c4,0.861904761904762,0.6422018348623854,0.4861111111111111,0.9459459459459459,0.0,0.47297297297297297,0.47297297297297297,35,37,0,2,74
low_score_rate_0_8,high_is_c4,0.5669642857142857,0.6352941176470588,0.5625,0.7297297297297297,0.43243243243243246,0.581081081081081,0.5810810810810811,27,21,16,10,74
low_score_rate_0_8,high_is_c4,0.5857142857142856,0.6265060240963856,0.5652173913043478,0.7027027027027027,0.4594594594594595,0.581081081081081,0.5810810810810811,26,20,17,11,74
low_score_rate_0_8,high_is_c4,0.5192307692307692,0.6262626262626263,0.5,0.8378378378378378,0.16216216216216217,0.5,0.5,31,31,6,6,74
low_score_rate_0_8,high_is_c4,0.55625,0.6206896551724138,0.54,0.7297297297297297,0.3783783783783784,0.5540540540540541,0.5540540540540541,27,23,14,10,74
low_score_rate_0_8,high_is_c4,0.5442307692307693,0.6136363636363636,0.5294117647058824,0.7297297297297297,0.35135135135135137,0.5405405405405406,0.5405405405405406,27,24,13,10,74
low_score_rate_0_8,high_is_c4,0.6076923076923078,0.6097560975609757,0.5555555555555556,0.6756756756756757,0.4594594594594595,0.5675675675675675,0.5675675675675675,25,20,17,12,74
low_score_rate_0_8,low_is_c4,0.8159340659340659,0.6095238095238095,0.47058823529411764,0.8648648648648649,0.02702702702702703,0.44594594594594594,0.44594594594594594,32,36,1,5,74
low_score_rate_0_8,low_is_c4,0.7774725274725275,0.607843137254902,0.47692307692307695,0.8378378378378378,0.08108108108108109,0.4594594594594595,0.45945945945945943,31,34,3,6,74
low_score_rate_0_8,high_is_c4,0.6291208791208791,0.5974025974025973,0.575,0.6216216216216216,0.5405405405405406,0.581081081081081,0.5810810810810811,23,17,20,14,74
low_score_rate_0_8,low_is_c4,0.7417582417582418,0.5510204081632653,0.4426229508196721,0.7297297297297297,0.08108108108108109,0.40540540540540543,0.4054054054054054,27,34,3,10,74
low_score_rate_0_8,high_is_c4,0.6794871794871795,0.5217391304347827,0.5625,0.4864864864864865,0.6216216216216216,0.5540540540540541,0.5540540540540541,18,14,23,19,74
low_score_rate_0_8,high_is_c4,0.6547619047619048,0.5142857142857143,0.5454545454545454,0.4864864864864865,0.5945945945945946,0.5405405405405406,0.5405405405405406,18,15,22,19,74
low_score_rate_0_8,low_is_c4,0.7032967032967032,0.5054945054945055,0.42592592592592593,0.6216216216216216,0.16216216216216217,0.3918918918918919,0.3918918918918919,23,31,6,14,74
low_score_rate_0_8,high_is_c4,0.7032967032967032,0.4912280701754387,0.7,0.3783783783783784,0.8378378378378378,0.6081081081081081,0.6081081081081081,14,6,31,23,74
low_score_rate_0_8,low_is_c4,0.6547619047619048,0.48717948717948717,0.4634146341463415,0.5135135135135135,0.40540540540540543,0.4594594594594595,0.45945945945945943,19,22,15,18,74
low_score_rate_0_8,low_is_c4,0.6794871794871795,0.48101265822784806,0.4523809523809524,0.5135135135135135,0.3783783783783784,0.44594594594594594,0.44594594594594594,19,23,14,18,74
low_score_rate_0_8,high_is_c4,0.7417582417582418,0.4,0.7692307692307693,0.2702702702702703,0.918918918918919,0.5945945945945946,0.5945945945945946,10,3,34,27,74
low_score_rate_0_8,low_is_c4,0.6291208791208791,0.39436619718309857,0.4117647058823529,0.3783783783783784,0.4594594594594595,0.4189189189189189,0.41891891891891897,14,20,17,23,74
low_score_rate_0_8,low_is_c4,0.6076923076923078,0.36363636363636365,0.41379310344827586,0.32432432432432434,0.5405405405405406,0.43243243243243246,0.43243243243243246,12,17,20,25,74
low_score_rate_0_8,low_is_c4,0.5857142857142856,0.3384615384615385,0.39285714285714285,0.2972972972972973,0.5405405405405406,0.4189189189189189,0.41891891891891897,11,17,20,26,74
low_score_rate_0_8,low_is_c4,0.5442307692307693,0.3333333333333333,0.43478260869565216,0.2702702702702703,0.6486486486486487,0.4594594594594595,0.4594594594594595,10,13,24,27,74
low_score_rate_0_8,low_is_c4,0.55625,0.3278688524590164,0.4166666666666667,0.2702702702702703,0.6216216216216216,0.44594594594594594,0.44594594594594594,10,14,23,27,74
low_score_rate_0_8,low_is_c4,0.5669642857142857,0.31746031746031744,0.38461538461538464,0.2702702702702703,0.5675675675675675,0.4189189189189189,0.4189189189189189,10,16,21,27,74
low_score_rate_0_8,high_is_c4,0.7774725274725275,0.26086956521739135,0.6666666666666666,0.16216216216216217,0.918918918918919,0.5405405405405406,0.5405405405405406,6,3,34,31,74
low_score_rate_0_8,low_is_c4,0.5192307692307692,0.2448979591836735,0.5,0.16216216216216217,0.8378378378378378,0.5,0.5,6,6,31,31,74
low_score_rate_0_8,high_is_c4,0.8159340659340659,0.23255813953488372,0.8333333333333334,0.13513513513513514,0.972972972972973,0.5540540540540541,0.5540540540540541,5,1,36,32,74
low_score_rate_0_8,low_is_c4,0.4880952380952381,0.13636363636363638,0.42857142857142855,0.08108108108108109,0.8918918918918919,0.4864864864864865,0.4864864864864865,3,4,33,34,74
low_score_rate_0_8,high_is_c4,0.861904761904762,0.10256410256410257,1.0,0.05405405405405406,1.0,0.527027027027027,0.527027027027027,2,0,37,35,74
low_score_rate_0_8,high_is_c4,0.8516483516483516,0.1,0.6666666666666666,0.05405405405405406,0.972972972972973,0.5135135135135135,0.5135135135135136,2,1,36,35,74
low_score_rate_0_8,low_is_c4,0.44505494505494503,0.0975609756097561,0.5,0.05405405405405406,0.9459459459459459,0.5,0.5,2,2,35,35,74
low_score_rate_0_8,low_is_c4,0.46886446886446886,0.09302325581395349,0.3333333333333333,0.05405405405405406,0.8918918918918919,0.47297297297297297,0.47297297297297297,2,4,33,35,74
low_score_rate_0_8,high_is_c4,0.8948717948717949,0.052631578947368425,1.0,0.02702702702702703,1.0,0.5135135135135135,0.5135135135135135,1,0,37,36,74
low_score_rate_0_8,high_is_c4,0.9230769230769231,0.052631578947368425,1.0,0.02702702702702703,1.0,0.5135135135135135,0.5135135135135135,1,0,37,36,74
low_score_rate_0_8,low_is_c4,0.4,0.05128205128205129,0.5,0.02702702702702703,0.972972972972973,0.5,0.5,1,1,36,36,74
low_score_rate_0_8,low_is_c4,0.41428571428571426,0.05128205128205129,0.5,0.02702702702702703,0.972972972972973,0.5,0.5,1,1,36,36,74
low_score_rate_0_9,high_is_c4,0.6172161172161172,0.6804123711340206,0.55,0.8918918918918919,0.2702702702702703,0.581081081081081,0.5810810810810811,33,27,10,4,74
low_score_rate_0_9,high_is_c4,0.5669642857142857,0.6727272727272727,0.5068493150684932,1.0,0.02702702702702703,0.5135135135135135,0.5135135135135135,37,36,1,0,74
low_score_rate_0_9,high_is_c4,0.6309523809523809,0.6666666666666667,0.5423728813559322,0.8648648648648649,0.2702702702702703,0.5675675675675675,0.5675675675675675,32,27,10,5,74
low_score_rate_0_9,high_is_c4,0.5625,0.6666666666666666,0.5,1.0,0.0,0.5,0.5,37,37,0,0,74
low_score_rate_0_9,low_is_c4,0.9230769230769231,0.6666666666666666,0.5,1.0,0.0,0.5,0.5,37,37,0,0,74
low_score_rate_0_9,high_is_c4,0.6076923076923078,0.6601941747572816,0.5151515151515151,0.918918918918919,0.13513513513513514,0.527027027027027,0.5270270270270271,34,32,5,3,74
low_score_rate_0_9,high_is_c4,0.5857142857142856,0.6538461538461539,0.5074626865671642,0.918918918918919,0.10810810810810811,0.5135135135135135,0.5135135135135136,34,33,4,3,74
low_score_rate_0_9,high_is_c4,0.6583333333333333,0.6521739130434782,0.5454545454545454,0.8108108108108109,0.32432432432432434,0.5675675675675675,0.5675675675675675,30,25,12,7,74
low_score_rate_0_9,high_is_c4,0.6464285714285715,0.6451612903225806,0.5357142857142857,0.8108108108108109,0.2972972972972973,0.5540540540540541,0.5540540540540541,30,26,11,7,74
low_score_rate_0_9,high_is_c4,0.6794871794871795,0.6373626373626374,0.5370370370370371,0.7837837837837838,0.32432432432432434,0.5540540540540541,0.5540540540540541,29,25,12,8,74
low_score_rate_0_9,low_is_c4,0.8516483516483516,0.6346153846153846,0.4925373134328358,0.8918918918918919,0.08108108108108109,0.4864864864864865,0.4864864864864865,33,34,3,4,74
low_score_rate_0_9,low_is_c4,0.8948717948717949,0.6296296296296297,0.4788732394366197,0.918918918918919,0.0,0.4594594594594595,0.4594594594594595,34,37,0,3,74
low_score_rate_0_9,low_is_c4,0.861904761904762,0.6168224299065421,0.4714285714285714,0.8918918918918919,0.0,0.44594594594594594,0.44594594594594594,33,37,0,4,74
low_score_rate_0_9,high_is_c4,0.7032967032967032,0.6097560975609757,0.5555555555555556,0.6756756756756757,0.4594594594594595,0.5675675675675675,0.5675675675675675,25,20,17,12,74
low_score_rate_0_9,low_is_c4,0.8159340659340659,0.6,0.47619047619047616,0.8108108108108109,0.10810810810810811,0.4594594594594595,0.4594594594594595,30,33,4,7,74
low_score_rate_0_9,low_is_c4,0.7735042735042735,0.5806451612903226,0.48214285714285715,0.7297297297297297,0.21621621621621623,0.47297297297297297,0.47297297297297297,27,29,8,10,74
low_score_rate_0_9,low_is_c4,0.7817460317460317,0.5744680851063829,0.47368421052631576,0.7297297297297297,0.1891891891891892,0.4594594594594595,0.45945945945945943,27,30,7,10,74
low_score_rate_0_9,low_is_c4,0.7416666666666667,0.5263157894736842,0.5128205128205128,0.5405405405405406,0.4864864864864865,0.5135135135135135,0.5135135135135136,20,19,18,17,74
low_score_rate_0_9,low_is_c4,0.7596153846153846,0.5194805194805195,0.5,0.5405405405405406,0.4594594594594595,0.5,0.5,20,20,17,17,74
low_score_rate_0_9,low_is_c4,0.7238095238095238,0.5066666666666666,0.5,0.5135135135135135,0.4864864864864865,0.5,0.5,19,19,18,18,74
low_score_rate_0_9,high_is_c4,0.7238095238095238,0.4931506849315069,0.5,0.4864864864864865,0.5135135135135135,0.5,0.5,18,18,19,19,74
low_score_rate_0_9,high_is_c4,0.7596153846153846,0.47887323943661975,0.5,0.4594594594594595,0.5405405405405406,0.5,0.5,17,17,20,20,74
low_score_rate_0_9,high_is_c4,0.7416666666666667,0.47222222222222227,0.4857142857142857,0.4594594594594595,0.5135135135135135,0.4864864864864865,0.4864864864864865,17,18,19,20,74
low_score_rate_0_9,high_is_c4,0.7817460317460317,0.37037037037037035,0.5882352941176471,0.2702702702702703,0.8108108108108109,0.5405405405405406,0.5405405405405406,10,7,30,27,74
low_score_rate_0_9,high_is_c4,0.7735042735042735,0.36363636363636365,0.5555555555555556,0.2702702702702703,0.7837837837837838,0.527027027027027,0.527027027027027,10,8,29,27,74
low_score_rate_0_9,low_is_c4,0.7032967032967032,0.36363636363636365,0.41379310344827586,0.32432432432432434,0.5405405405405406,0.43243243243243246,0.43243243243243246,12,17,20,25,74
low_score_rate_0_9,high_is_c4,0.8159340659340659,0.2916666666666667,0.6363636363636364,0.1891891891891892,0.8918918918918919,0.5405405405405406,0.5405405405405406,7,4,33,30,74
low_score_rate_0_9,low_is_c4,0.6794871794871795,0.2807017543859649,0.4,0.21621621621621623,0.6756756756756757,0.44594594594594594,0.44594594594594594,8,12,25,29,74
low_score_rate_0_9,low_is_c4,0.6464285714285715,0.2545454545454546,0.3888888888888889,0.1891891891891892,0.7027027027027027,0.44594594594594594,0.44594594594594594,7,11,26,30,74
low_score_rate_0_9,low_is_c4,0.6583333333333333,0.25,0.3684210526315789,0.1891891891891892,0.6756756756756757,0.43243243243243246,0.43243243243243246,7,12,25,30,74
low_score_rate_0_9,high_is_c4,0.861904761904762,0.1951219512195122,1.0,0.10810810810810811,1.0,0.5540540540540541,0.5540540540540541,4,0,37,33,74
low_score_rate_0_9,low_is_c4,0.6309523809523809,0.1923076923076923,0.3333333333333333,0.13513513513513514,0.7297297297297297,0.43243243243243246,0.43243243243243246,5,10,27,32,74
low_score_rate_0_9,high_is_c4,0.8516483516483516,0.18181818181818182,0.5714285714285714,0.10810810810810811,0.918918918918919,0.5135135135135135,0.5135135135135136,4,3,34,33,74
low_score_rate_0_9,low_is_c4,0.6172161172161172,0.1568627450980392,0.2857142857142857,0.10810810810810811,0.7297297297297297,0.4189189189189189,0.4189189189189189,4,10,27,33,74
low_score_rate_0_9,high_is_c4,0.8948717948717949,0.15,1.0,0.08108108108108109,1.0,0.5405405405405406,0.5405405405405406,3,0,37,34,74
low_score_rate_0_9,high_is_c4,0.9230769230769231,0.15,1.0,0.08108108108108109,1.0,0.5405405405405406,0.5405405405405406,3,0,37,34,74
low_score_rate_0_9,low_is_c4,0.5857142857142856,0.13636363636363638,0.42857142857142855,0.08108108108108109,0.8918918918918919,0.4864864864864865,0.4864864864864865,3,4,33,34,74
low_score_rate_0_9,low_is_c4,0.6076923076923078,0.13333333333333333,0.375,0.08108108108108109,0.8648648648648649,0.47297297297297297,0.472972972972973,3,5,32,34,74
low_score_rate_0_9,low_is_c4,0.5625,0.0,0.0,0.0,0.972972972972973,0.4864864864864865,0.4864864864864865,0,1,36,37,74
low_score_rate_0_9,low_is_c4,0.5669642857142857,0.0,0.0,0.0,0.972972972972973,0.4864864864864865,0.4864864864864865,0,1,36,37,74
low_tail_penalty_score,low_is_c4,0.6492420468791722,0.72,0.5714285714285714,0.972972972972973,0.2702702702702703,0.6216216216216216,0.6216216216216217,36,27,10,1,74
low_tail_penalty_score,low_is_c4,0.5643590154738156,0.7191011235955056,0.6153846153846154,0.8648648648648649,0.4594594594594595,0.6621621621621622,0.6621621621621622,32,20,17,5,74
low_tail_penalty_score,low_is_c4,0.6574636117970778,0.712871287128713,0.5625,0.972972972972973,0.24324324324324326,0.6081081081081081,0.6081081081081081,36,28,9,1,74
low_tail_penalty_score,low_is_c4,0.5709845177752866,0.7111111111111112,0.6037735849056604,0.8648648648648649,0.43243243243243246,0.6486486486486487,0.6486486486486487,32,21,16,5,74
low_tail_penalty_score,low_is_c4,0.64325202221475,0.7070707070707071,0.5645161290322581,0.9459459459459459,0.2702702702702703,0.6081081081081081,0.6081081081081081,35,27,10,2,74
low_tail_penalty_score,low_is_c4,0.6621370037162368,0.7058823529411765,0.5538461538461539,0.972972972972973,0.21621621621621623,0.5945945945945946,0.5945945945945946,36,29,8,1,74
low_tail_penalty_score,low_is_c4,0.713536056601448,0.7047619047619048,0.5441176470588235,1.0,0.16216216216216217,0.581081081081081,0.5810810810810811,37,31,6,0,74
low_tail_penalty_score,low_is_c4,0.5581298368021005,0.7045454545454545,0.6078431372549019,0.8378378378378378,0.4594594594594595,0.6486486486486487,0.6486486486486487,31,20,17,6,74
low_tail_penalty_score,low_is_c4,0.5725187089340954,0.7032967032967032,0.5925925925925926,0.8648648648648649,0.40540540540540543,0.6351351351351351,0.6351351351351352,32,22,15,5,74
low_tail_penalty_score,low_is_c4,0.6713944673990078,0.6990291262135921,0.5454545454545454,0.972972972972973,0.1891891891891892,0.581081081081081,0.5810810810810811,36,30,7,1,74
low_tail_penalty_score,low_is_c4,0.7235561661823435,0.6981132075471698,0.5362318840579711,1.0,0.13513513513513514,0.5675675675675675,0.5675675675675675,37,32,5,0,74
low_tail_penalty_score,low_is_c4,0.5756454355776763,0.6956521739130435,0.5818181818181818,0.8648648648648649,0.3783783783783784,0.6216216216216216,0.6216216216216217,32,23,14,5,74
low_tail_penalty_score,low_is_c4,0.6095989713235483,0.6947368421052632,0.5689655172413793,0.8918918918918919,0.32432432432432434,0.6081081081081081,0.6081081081081081,33,25,12,4,74
low_tail_penalty_score,low_is_c4,0.6377692786648279,0.6938775510204082,0.5573770491803278,0.918918918918919,0.2702702702702703,0.5945945945945946,0.5945945945945946,34,27,10,3,74
low_tail_penalty_score,low_is_c4,0.6961020869474075,0.6923076923076924,0.5373134328358209,0.972972972972973,0.16216216216216217,0.5675675675675675,0.5675675675675675,36,31,6,1,74
low_tail_penalty_score,low_is_c4,0.7336272497374331,0.691588785046729,0.5285714285714286,1.0,0.10810810810810811,0.5540540540540541,0.5540540540540541,37,33,4,0,74
low_tail_penalty_score,low_is_c4,0.5556732842233115,0.6896551724137931,0.6,0.8108108108108109,0.4594594594594595,0.6351351351351351,0.6351351351351352,30,20,17,7,74
low_tail_penalty_score,low_is_c4,0.5833353441130925,0.6881720430107527,0.5714285714285714,0.8648648648648649,0.35135135135135137,0.6081081081081081,0.6081081081081081,32,24,13,5,74
low_tail_penalty_score,low_is_c4,0.6173294755559638,0.6874999999999999,0.559322033898305,0.8918918918918919,0.2972972972972973,0.5945945945945946,0.5945945945945946,33,26,11,4,74
low_tail_penalty_score,low_is_c4,0.7413017357574744,0.6851851851851851,0.5211267605633803,1.0,0.08108108108108109,0.5405405405405406,0.5405405405405406,37,34,3,0,74
low_tail_penalty_score,low_is_c4,0.5967071269802371,0.6808510638297872,0.5614035087719298,0.8648648648648649,0.32432432432432434,0.5945945945945946,0.5945945945945946,32,25,12,5,74
low_tail_penalty_score,low_is_c4,0.6270239557397255,0.6804123711340206,0.55,0.8918918918918919,0.2702702702702703,0.581081081081081,0.5810810810810811,33,27,10,4,74
low_tail_penalty_score,low_is_c4,0.7550732188129234,0.6788990825688073,0.5138888888888888,1.0,0.05405405405405406,0.527027027027027,0.527027027027027,37,35,2,0,74
low_tail_penalty_score,low_is_c4,0.5533760660128128,0.6744186046511628,0.5918367346938775,0.7837837837837838,0.4594594594594595,0.6216216216216216,0.6216216216216216,29,20,17,8,74
low_tail_penalty_score,low_is_c4,0.7766699271212398,0.6727272727272727,0.5068493150684932,1.0,0.02702702702702703,0.5135135135135135,0.5135135135135135,37,36,1,0,74
low_tail_penalty_score,low_is_c4,0.5413824960854757,0.6666666666666666,0.5957446808510638,0.7567567567567568,0.4864864864864865,0.6216216216216216,0.6216216216216217,28,19,18,9,74
low_tail_penalty_score,high_is_c4,0.18883633984082415,0.6666666666666666,0.5,1.0,0.0,0.5,0.5,37,37,0,0,74
low_tail_penalty_score,low_is_c4,0.7908731713410074,0.6666666666666666,0.5,1.0,0.0,0.5,0.5,37,37,0,0,74
low_tail_penalty_score,high_is_c4,0.22424034363298279,0.6605504587155964,0.5,0.972972972972973,0.02702702702702703,0.5,0.5,36,36,1,1,74
low_tail_penalty_score,low_is_c4,0.5496607899970319,0.6588235294117648,0.5833333333333334,0.7567567567567568,0.4594594594594595,0.6081081081081081,0.6081081081081081,28,20,17,9,74
low_tail_penalty_score,low_is_c4,0.5343337001931203,0.6585365853658536,0.6,0.7297297297297297,0.5135135135135135,0.6216216216216216,0.6216216216216216,27,18,19,10,74
low_tail_penalty_score,high_is_c4,0.19876326954140683,0.6545454545454545,0.4931506849315068,0.972972972972973,0.0,0.4864864864864865,0.4864864864864865,36,37,0,1,74
low_tail_penalty_score,low_is_c4,0.5356804074140321,0.6506024096385542,0.5869565217391305,0.7297297297297297,0.4864864864864865,0.6081081081081081,0.6081081081081081,27,19,18,10,74
low_tail_penalty_score,high_is_c4,0.2518743337612373,0.6481481481481483,0.49295774647887325,0.9459459459459459,0.02702702702702703,0.4864864864864865,0.4864864864864865,35,36,1,2,74
low_tail_penalty_score,high_is_c4,0.2829378369113059,0.6476190476190476,0.5,0.918918918918919,0.08108108108108109,0.5,0.5,34,34,3,3,74
low_tail_penalty_score,low_is_c4,0.5330910301197648,0.6419753086419754,0.5909090909090909,0.7027027027027027,0.5135135135135135,0.6081081081081081,0.6081081081081081,26,18,19,11,74
low_tail_penalty_score,high_is_c4,0.27369587248740523,0.6415094339622641,0.4927536231884058,0.918918918918919,0.05405405405405406,0.4864864864864865,0.4864864864864865,34,35,2,3,74
low_tail_penalty_score,high_is_c4,0.2955083591873655,0.6407766990291263,0.5,0.8918918918918919,0.10810810810810811,0.5,0.5,33,33,4,4,74
low_tail_penalty_score,high_is_c4,0.2675712127207154,0.6355140186915889,0.4857142857142857,0.918918918918919,0.02702702702702703,0.47297297297297297,0.472972972972973,34,36,1,3,74
low_tail_penalty_score,high_is_c4,0.29216236938401796,0.6346153846153846,0.4925373134328358,0.8918918918918919,0.08108108108108109,0.4864864864864865,0.4864864864864865,33,34,3,4,74
low_tail_penalty_score,low_is_c4,0.5241613838700148,0.6329113924050633,0.5952380952380952,0.6756756756756757,0.5405405405405406,0.6081081081081081,0.6081081081081081,25,17,20,12,74
low_tail_penalty_score,high_is_c4,0.3008292465469059,0.6274509803921569,0.49230769230769234,0.8648648648648649,0.10810810810810811,0.4864864864864865,0.4864864864864865,32,33,4,5,74
low_tail_penalty_score,low_is_c4,0.5305730702519196,0.6250000000000001,0.5813953488372093,0.6756756756756757,0.5135135135135135,0.5945945945945946,0.5945945945945945,25,18,19,12,74
low_tail_penalty_score,low_is_c4,0.5180075604675372,0.6153846153846153,0.5853658536585366,0.6486486486486487,0.5405405405405406,0.5945945945945946,0.5945945945945946,24,17,20,13,74
low_tail_penalty_score,high_is_c4,0.31080755245105207,0.6138613861386139,0.484375,0.8378378378378378,0.10810810810810811,0.47297297297297297,0.47297297297297297,31,33,4,6,74
low_tail_penalty_score,high_is_c4,0.3163196777234314,0.6,0.47619047619047616,0.8108108108108109,0.10810810810810811,0.4594594594594595,0.4594594594594595,30,33,4,7,74
low_tail_penalty_score,low_is_c4,0.5166486615272933,0.5974025974025973,0.575,0.6216216216216216,0.5405405405405406,0.581081081081081,0.5810810810810811,23,17,20,14,74
low_tail_penalty_score,high_is_c4,0.35035057942682585,0.5918367346938777,0.47540983606557374,0.7837837837837838,0.13513513513513514,0.4594594594594595,0.45945945945945943,29,32,5,8,74
low_tail_penalty_score,high_is_c4,0.3761787299385882,0.5894736842105263,0.4827586206896552,0.7567567567567568,0.1891891891891892,0.47297297297297297,0.472972972972973,28,30,7,9,74
low_tail_penalty_score,high_is_c4,0.32244656319779796,0.5858585858585857,0.46774193548387094,0.7837837837837838,0.10810810810810811,0.44594594594594594,0.44594594594594594,29,33,4,8,74
low_tail_penalty_score,high_is_c4,0.37532179134174815,0.5833333333333334,0.4745762711864407,0.7567567567567568,0.16216216216216217,0.4594594594594595,0.4594594594594595,28,31,6,9,74
low_tail_penalty_score,low_is_c4,0.5116128703369867,0.5789473684210528,0.5641025641025641,0.5945945945945946,0.5405405405405406,0.5675675675675675,0.5675675675675675,22,17,20,15,74
low_tail_penalty_score,high_is_c4,0.3734165857228483,0.577319587628866,0.4666666666666667,0.7567567567567568,0.13513513513513514,0.44594594594594594,0.44594594594594594,28,32,5,9,74
low_tail_penalty_score,high_is_c4,0.3770854975503016,0.5744680851063829,0.47368421052631576,0.7297297297297297,0.1891891891891892,0.4594594594594595,0.45945945945945943,27,30,7,10,74
low_tail_penalty_score,low_is_c4,0.5026678694795119,0.5675675675675675,0.5675675675675675,0.5675675675675675,0.5675675675675675,0.5675675675675675,0.5675675675675675,21,16,21,16,74
low_tail_penalty_score,high_is_c4,0.380291517560982,0.5652173913043479,0.4727272727272727,0.7027027027027027,0.21621621621621623,0.4594594594594595,0.4594594594594595,26,29,8,11,74
low_tail_penalty_score,low_is_c4,0.5049281572807703,0.5599999999999999,0.5526315789473685,0.5675675675675675,0.5405405405405406,0.5540540540540541,0.5540540540540541,21,17,20,16,74
low_tail_penalty_score,high_is_c4,0.37827465707662417,0.5591397849462365,0.4642857142857143,0.7027027027027027,0.1891891891891892,0.44594594594594594,0.44594594594594594,26,30,7,11,74
low_tail_penalty_score,low_is_c4,0.4881754635188988,0.5507246376811593,0.59375,0.5135135135135135,0.6486486486486487,0.581081081081081,0.5810810810810811,19,13,24,18,74
low_tail_penalty_score,high_is_c4,0.3839845328986327,0.5494505494505494,0.46296296296296297,0.6756756756756757,0.21621621621621623,0.44594594594594594,0.44594594594594594,25,29,8,12,74
low_tail_penalty_score,low_is_c4,0.49959580347059873,0.547945205479452,0.5555555555555556,0.5405405405405406,0.5675675675675675,0.5540540540540541,0.5540540540540541,20,16,21,17,74
low_tail_penalty_score,low_is_c4,0.49422595805955216,0.5428571428571428,0.5757575757575758,0.5135135135135135,0.6216216216216216,0.5675675675675675,0.5675675675675675,19,14,23,18,74
low_tail_penalty_score,low_is_c4,0.49630407922587294,0.5352112676056339,0.5588235294117647,0.5135135135135135,0.5945945945945946,0.5540540540540541,0.5540540540540541,19,15,22,18,74
low_tail_penalty_score,high_is_c4,0.38628912547614463,0.5333333333333334,0.4528301886792453,0.6486486486486487,0.21621621621621623,0.43243243243243246,0.43243243243243246,24,29,8,13,74
low_tail_penalty_score,low_is_c4,0.4369583786086805,0.53125,0.6296296296296297,0.4594594594594595,0.7297297297297297,0.5945945945945946,0.5945945945945946,17,10,27,20,74
low_tail_penalty_score,low_is_c4,0.47988959159973854,0.5294117647058824,0.5806451612903226,0.4864864864864865,0.6486486486486487,0.5675675675675675,0.5675675675675675,18,13,24,19,74
low_tail_penalty_score,low_is_c4,0.4969535204726725,0.5277777777777778,0.5428571428571428,0.5135135135135135,0.5675675675675675,0.5405405405405406,0.5405405405405406,19,16,21,18,74
low_tail_penalty_score,low_is_c4,0.4439334343637402,0.5230769230769231,0.6071428571428571,0.4594594594594595,0.7027027027027027,0.581081081081081,0.5810810810810811,17,11,26,20,74
low_tail_penalty_score,high_is_c4,0.3864250223220757,0.5168539325842696,0.4423076923076923,0.6216216216216216,0.21621621621621623,0.4189189189189189,0.4189189189189189,23,29,8,14,74
low_tail_penalty_score,low_is_c4,0.4490854417586552,0.5151515151515151,0.5862068965517241,0.4594594594594595,0.6756756756756757,0.5675675675675675,0.5675675675675675,17,12,25,20,74
low_tail_penalty_score,high_is_c4,0.4070751925220458,0.5116279069767442,0.4489795918367347,0.5945945945945946,0.2702702702702703,0.43243243243243246,0.43243243243243246,22,27,10,15,74
low_tail_penalty_score,low_is_c4,0.4220669557985549,0.5079365079365079,0.6153846153846154,0.43243243243243246,0.7297297297297297,0.581081081081081,0.5810810810810811,16,10,27,21,74
low_tail_penalty_score,low_is_c4,0.4628985422969697,0.5074626865671642,0.5666666666666667,0.4594594594594595,0.6486486486486487,0.5540540540540541,0.5540540540540541,17,13,24,20,74
low_tail_penalty_score,high_is_c4,0.3985654918194286,0.5057471264367815,0.44,0.5945945945945946,0.24324324324324326,0.4189189189189189,0.41891891891891897,22,28,9,15,74
low_tail_penalty_score,high_is_c4,0.3895126241150224,0.5000000000000001,0.43137254901960786,0.5945945945945946,0.21621621621621623,0.40540540540540543,0.40540540540540543,22,29,8,15,74
low_tail_penalty_score,low_is_c4,0.3895126241150224,0.5,0.6521739130434783,0.40540540540540543,0.7837837837837838,0.5945945945945946,0.5945945945945946,15,8,29,22,74
low_tail_penalty_score,high_is_c4,0.4220669557985549,0.4941176470588235,0.4375,0.5675675675675675,0.2702702702702703,0.4189189189189189,0.4189189189189189,21,27,10,16,74
low_tail_penalty_score,high_is_c4,0.4628985422969697,0.49382716049382713,0.45454545454545453,0.5405405405405406,0.35135135135135137,0.44594594594594594,0.44594594594594594,20,24,13,17,74
low_tail_penalty_score,low_is_c4,0.3985654918194286,0.4918032786885246,0.625,0.40540540540540543,0.7567567567567568,0.581081081081081,0.5810810810810811,15,9,28,22,74
low_tail_penalty_score,high_is_c4,0.4490854417586552,0.4878048780487805,0.4444444444444444,0.5405405405405406,0.32432432432432434,0.43243243243243246,0.43243243243243246,20,25,12,17,74
low_tail_penalty_score,low_is_c4,0.4070751925220458,0.48387096774193555,0.6,0.40540540540540543,0.7297297297297297,0.5675675675675675,0.5675675675675675,15,10,27,22,74
low_tail_penalty_score,high_is_c4,0.4439334343637402,0.4819277108433735,0.43478260869565216,0.5405405405405406,0.2972972972972973,0.4189189189189189,0.41891891891891897,20,26,11,17,74
low_tail_penalty_score,high_is_c4,0.4369583786086805,0.4761904761904763,0.425531914893617,0.5405405405405406,0.2702702702702703,0.40540540540540543,0.40540540540540543,20,27,10,17,74
low_tail_penalty_score,high_is_c4,0.47988959159973854,0.47500000000000003,0.4418604651162791,0.5135135135135135,0.35135135135135137,0.43243243243243246,0.43243243243243246,19,24,13,18,74
low_tail_penalty_score,low_is_c4,0.3864250223220757,0.4745762711864407,0.6363636363636364,0.3783783783783784,0.7837837837837838,0.581081081081081,0.5810810810810811,14,8,29,23,74
low_tail_penalty_score,high_is_c4,0.4969535204726725,0.47368421052631576,0.46153846153846156,0.4864864864864865,0.43243243243243246,0.4594594594594595,0.4594594594594595,18,21,16,19,74
low_tail_penalty_score,high_is_c4,0.49630407922587294,0.4675324675324675,0.45,0.4864864864864865,0.40540540540540543,0.44594594594594594,0.44594594594594594,18,22,15,19,74
low_tail_penalty_score,high_is_c4,0.49422595805955216,0.4615384615384615,0.43902439024390244,0.4864864864864865,0.3783783783783784,0.43243243243243246,0.43243243243243246,18,23,14,19,74
low_tail_penalty_score,high_is_c4,0.4881754635188988,0.4556962025316456,0.42857142857142855,0.4864864864864865,0.35135135135135137,0.4189189189189189,0.41891891891891897,18,24,13,19,74
low_tail_penalty_score,high_is_c4,0.49959580347059873,0.45333333333333337,0.4473684210526316,0.4594594594594595,0.43243243243243246,0.44594594594594594,0.44594594594594594,17,21,16,20,74
low_tail_penalty_score,low_is_c4,0.38628912547614463,0.4482758620689656,0.6190476190476191,0.35135135135135137,0.7837837837837838,0.5675675675675675,0.5675675675675675,13,8,29,24,74
low_tail_penalty_score,high_is_c4,0.5049281572807703,0.4383561643835616,0.4444444444444444,0.43243243243243246,0.4594594594594595,0.44594594594594594,0.44594594594594594,16,20,17,21,74
low_tail_penalty_score,high_is_c4,0.5026678694795119,0.43243243243243246,0.43243243243243246,0.43243243243243246,0.43243243243243246,0.43243243243243246,0.43243243243243246,16,21,16,21,74
low_tail_penalty_score,low_is_c4,0.3839845328986327,0.4210526315789474,0.6,0.32432432432432434,0.7837837837837838,0.5540540540540541,0.5540540540540541,12,8,29,25,74
low_tail_penalty_score,high_is_c4,0.5116128703369867,0.4166666666666667,0.42857142857142855,0.40540540540540543,0.4594594594594595,0.43243243243243246,0.43243243243243246,15,20,17,22,74
low_tail_penalty_score,low_is_c4,0.37827465707662417,0.39999999999999997,0.6111111111111112,0.2972972972972973,0.8108108108108109,0.5540540540540541,0.5540540540540541,11,7,30,26,74
low_tail_penalty_score,high_is_c4,0.5166486615272933,0.39436619718309857,0.4117647058823529,0.3783783783783784,0.4594594594594595,0.4189189189189189,0.41891891891891897,14,20,17,23,74
low_tail_penalty_score,low_is_c4,0.380291517560982,0.39285714285714285,0.5789473684210527,0.2972972972972973,0.7837837837837838,0.5405405405405406,0.5405405405405406,11,8,29,26,74
low_tail_penalty_score,high_is_c4,0.5180075604675372,0.37142857142857144,0.3939393939393939,0.35135135135135137,0.4594594594594595,0.40540540540540543,0.40540540540540543,13,20,17,24,74
low_tail_penalty_score,low_is_c4,0.3770854975503016,0.37037037037037035,0.5882352941176471,0.2702702702702703,0.8108108108108109,0.5405405405405406,0.5405405405405406,10,7,30,27,74
low_tail_penalty_score,low_is_c4,0.3734165857228483,0.35294117647058826,0.6428571428571429,0.24324324324324326,0.8648648648648649,0.5540540540540541,0.5540540540540541,9,5,32,28,74
low_tail_penalty_score,high_is_c4,0.5305730702519196,0.3529411764705882,0.3870967741935484,0.32432432432432434,0.4864864864864865,0.40540540540540543,0.40540540540540543,12,19,18,25,74
low_tail_penalty_score,high_is_c4,0.5241613838700148,0.34782608695652173,0.375,0.32432432432432434,0.4594594594594595,0.3918918918918919,0.3918918918918919,12,20,17,25,74
low_tail_penalty_score,low_is_c4,0.37532179134174815,0.34615384615384615,0.6,0.24324324324324326,0.8378378378378378,0.5405405405405406,0.5405405405405406,9,6,31,28,74
low_tail_penalty_score,low_is_c4,0.3761787299385882,0.339622641509434,0.5625,0.24324324324324326,0.8108108108108109,0.527027027027027,0.5270270270270271,9,7,30,28,74
low_tail_penalty_score,high_is_c4,0.5330910301197648,0.3283582089552239,0.36666666666666664,0.2972972972972973,0.4864864864864865,0.3918918918918919,0.3918918918918919,11,19,18,26,74
low_tail_penalty_score,low_is_c4,0.32244656319779796,0.326530612244898,0.6666666666666666,0.21621621621621623,0.8918918918918919,0.5540540540540541,0.5540540540540541,8,4,33,29,74
low_tail_penalty_score,low_is_c4,0.35035057942682585,0.32,0.6153846153846154,0.21621621621621623,0.8648648648648649,0.5405405405405406,0.5405405405405406,8,5,32,29,74
low_tail_penalty_score,high_is_c4,0.5356804074140321,0.3076923076923077,0.35714285714285715,0.2702702702702703,0.5135135135135135,0.3918918918918919,0.3918918918918919,10,18,19,27,74
low_tail_penalty_score,high_is_c4,0.5343337001931203,0.30303030303030304,0.3448275862068966,0.2702702702702703,0.4864864864864865,0.3783783783783784,0.3783783783783784,10,19,18,27,74
low_tail_penalty_score,low_is_c4,0.3163196777234314,0.2916666666666667,0.6363636363636364,0.1891891891891892,0.8918918918918919,0.5405405405405406,0.5405405405405406,7,4,33,30,74
low_tail_penalty_score,high_is_c4,0.5496607899970319,0.2857142857142857,0.34615384615384615,0.24324324324324326,0.5405405405405406,0.3918918918918919,0.3918918918918919,9,17,20,28,74
low_tail_penalty_score,high_is_c4,0.5413824960854757,0.28125,0.3333333333333333,0.24324324324324326,0.5135135135135135,0.3783783783783784,0.3783783783783784,9,18,19,28,74
low_tail_penalty_score,high_is_c4,0.5533760660128128,0.25806451612903225,0.32,0.21621621621621623,0.5405405405405406,0.3783783783783784,0.3783783783783784,8,17,20,29,74
low_tail_penalty_score,low_is_c4,0.31080755245105207,0.25531914893617025,0.6,0.16216216216216217,0.8918918918918919,0.527027027027027,0.527027027027027,6,4,33,31,74
low_tail_penalty_score,high_is_c4,0.5556732842233115,0.22950819672131148,0.2916666666666667,0.1891891891891892,0.5405405405405406,0.36486486486486486,0.3648648648648649,7,17,20,30,74
low_tail_penalty_score,low_is_c4,0.3008292465469059,0.2173913043478261,0.5555555555555556,0.13513513513513514,0.8918918918918919,0.5135135135135135,0.5135135135135135,5,4,33,32,74
low_tail_penalty_score,high_is_c4,0.5581298368021005,0.2,0.2608695652173913,0.16216216216216217,0.5405405405405406,0.35135135135135137,0.35135135135135137,6,17,20,31,74
low_tail_penalty_score,high_is_c4,0.5967071269802371,0.18518518518518517,0.29411764705882354,0.13513513513513514,0.6756756756756757,0.40540540540540543,0.4054054054054054,5,12,25,32,74
low_tail_penalty_score,low_is_c4,0.29216236938401796,0.18181818181818182,0.5714285714285714,0.10810810810810811,0.918918918918919,0.5135135135135135,0.5135135135135136,4,3,34,33,74
low_tail_penalty_score,high_is_c4,0.5833353441130925,0.18181818181818182,0.2777777777777778,0.13513513513513514,0.6486486486486487,0.3918918918918919,0.3918918918918919,5,13,24,32,74
low_tail_penalty_score,high_is_c4,0.5756454355776763,0.17857142857142858,0.2631578947368421,0.13513513513513514,0.6216216216216216,0.3783783783783784,0.3783783783783784,5,14,23,32,74
low_tail_penalty_score,low_is_c4,0.2955083591873655,0.17777777777777778,0.5,0.10810810810810811,0.8918918918918919,0.5,0.5,4,4,33,33,74
low_tail_penalty_score,high_is_c4,0.5725187089340954,0.1754385964912281,0.25,0.13513513513513514,0.5945945945945946,0.36486486486486486,0.3648648648648649,5,15,22,32,74
low_tail_penalty_score,high_is_c4,0.5709845177752866,0.1724137931034483,0.23809523809523808,0.13513513513513514,0.5675675675675675,0.35135135135135137,0.3513513513513513,5,16,21,32,74
low_tail_penalty_score,high_is_c4,0.5643590154738156,0.16949152542372883,0.22727272727272727,0.13513513513513514,0.5405405405405406,0.33783783783783783,0.33783783783783783,5,17,20,32,74
low_tail_penalty_score,high_is_c4,0.6270239557397255,0.1568627450980392,0.2857142857142857,0.10810810810810811,0.7297297297297297,0.4189189189189189,0.4189189189189189,4,10,27,33,74
low_tail_penalty_score,high_is_c4,0.6173294755559638,0.15384615384615385,0.26666666666666666,0.10810810810810811,0.7027027027027027,0.40540540540540543,0.40540540540540543,4,11,26,33,74
low_tail_penalty_score,high_is_c4,0.6095989713235483,0.1509433962264151,0.25,0.10810810810810811,0.6756756756756757,0.3918918918918919,0.3918918918918919,4,12,25,33,74
low_tail_penalty_score,low_is_c4,0.2675712127207154,0.14634146341463414,0.75,0.08108108108108109,0.972972972972973,0.527027027027027,0.5270270270270271,3,1,36,34,74
low_tail_penalty_score,low_is_c4,0.27369587248740523,0.14285714285714288,0.6,0.08108108108108109,0.9459459459459459,0.5135135135135135,0.5135135135135135,3,2,35,34,74
low_tail_penalty_score,low_is_c4,0.2829378369113059,0.13953488372093023,0.5,0.08108108108108109,0.918918918918919,0.5,0.5,3,3,34,34,74
low_tail_penalty_score,high_is_c4,0.6377692786648279,0.12,0.23076923076923078,0.08108108108108109,0.7297297297297297,0.40540540540540543,0.4054054054054054,3,10,27,34,74
low_tail_penalty_score,low_is_c4,0.2518743337612373,0.1,0.6666666666666666,0.05405405405405406,0.972972972972973,0.5135135135135135,0.5135135135135136,2,1,36,35,74
low_tail_penalty_score,high_is_c4,0.64325202221475,0.0816326530612245,0.16666666666666666,0.05405405405405406,0.7297297297297297,0.3918918918918919,0.3918918918918919,2,10,27,35,74
low_tail_penalty_score,low_is_c4,0.18883633984082415,0.052631578947368425,1.0,0.02702702702702703,1.0,0.5135135135135135,0.5135135135135135,1,0,37,36,74
low_tail_penalty_score,low_is_c4,0.19876326954140683,0.052631578947368425,1.0,0.02702702702702703,1.0,0.5135135135135135,0.5135135135135135,1,0,37,36,74
low_tail_penalty_score,low_is_c4,0.22424034363298279,0.05128205128205129,0.5,0.02702702702702703,0.972972972972973,0.5,0.5,1,1,36,36,74
low_tail_penalty_score,high_is_c4,0.6961020869474075,0.045454545454545456,0.14285714285714285,0.02702702702702703,0.8378378378378378,0.43243243243243246,0.43243243243243246,1,6,31,36,74
low_tail_penalty_score,high_is_c4,0.6713944673990078,0.044444444444444446,0.125,0.02702702702702703,0.8108108108108109,0.4189189189189189,0.41891891891891897,1,7,30,36,74
low_tail_penalty_score,high_is_c4,0.6621370037162368,0.043478260869565216,0.1111111111111111,0.02702702702702703,0.7837837837837838,0.40540540540540543,0.4054054054054054,1,8,29,36,74
low_tail_penalty_score,high_is_c4,0.6574636117970778,0.0425531914893617,0.1,0.02702702702702703,0.7567567567567568,0.3918918918918919,0.3918918918918919,1,9,28,36,74
low_tail_penalty_score,high_is_c4,0.6492420468791722,0.04166666666666667,0.09090909090909091,0.02702702702702703,0.7297297297297297,0.3783783783783784,0.3783783783783784,1,10,27,36,74
low_tail_penalty_score,high_is_c4,0.7766699271212398,0.0,0.0,0.0,0.972972972972973,0.4864864864864865,0.4864864864864865,0,1,36,37,74
low_tail_penalty_score,high_is_c4,0.7908731713410074,0.0,0.0,0.0,0.972972972972973,0.4864864864864865,0.4864864864864865,0,1,36,37,74
low_tail_penalty_score,high_is_c4,0.7550732188129234,0.0,0.0,0.0,0.9459459459459459,0.47297297297297297,0.47297297297297297,0,2,35,37,74
low_tail_penalty_score,high_is_c4,0.7413017357574744,0.0,0.0,0.0,0.918918918918919,0.4594594594594595,0.4594594594594595,0,3,34,37,74
low_tail_penalty_score,high_is_c4,0.7336272497374331,0.0,0.0,0.0,0.8918918918918919,0.44594594594594594,0.44594594594594594,0,4,33,37,74
low_tail_penalty_score,high_is_c4,0.7235561661823435,0.0,0.0,0.0,0.8648648648648649,0.43243243243243246,0.43243243243243246,0,5,32,37,74
low_tail_penalty_score,high_is_c4,0.713536056601448,0.0,0.0,0.0,0.8378378378378378,0.4189189189189189,0.4189189189189189,0,6,31,37,74
mean_minus_std_score,low_is_c4,0.3680435979050477,0.7173913043478262,0.6,0.8918918918918919,0.40540540540540543,0.6486486486486487,0.6486486486486487,33,22,15,4,74
mean_minus_std_score,low_is_c4,0.39753363045833934,0.7157894736842105,0.5862068965517241,0.918918918918919,0.35135135135135137,0.6351351351351351,0.6351351351351352,34,24,13,3,74
mean_minus_std_score,low_is_c4,0.3592826084177434,0.7111111111111112,0.6037735849056604,0.8648648648648649,0.43243243243243246,0.6486486486486487,0.6486486486486487,32,21,16,5,74
mean_minus_std_score,low_is_c4,0.3805158446494732,0.7096774193548389,0.5892857142857143,0.8918918918918919,0.3783783783783784,0.6351351351351351,0.6351351351351351,33,23,14,4,74
mean_minus_std_score,low_is_c4,0.4032169036026017,0.7083333333333333,0.576271186440678,0.918918918918919,0.32432432432432434,0.6216216216216216,0.6216216216216217,34,25,12,3,74
mean_minus_std_score,low_is_c4,0.360769674443579,0.7032967032967032,0.5925925925925926,0.8648648648648649,0.40540540540540543,0.6351351351351351,0.6351351351351352,32,22,15,5,74
mean_minus_std_score,low_is_c4,0.3898758073915043,0.7021276595744681,0.5789473684210527,0.8918918918918919,0.35135135135135137,0.6216216216216216,0.6216216216216216,33,24,13,4,74
mean_minus_std_score,low_is_c4,0.4060369142606766,0.7010309278350515,0.5666666666666667,0.918918918918919,0.2972972972972973,0.6081081081081081,0.6081081081081081,34,26,11,3,74
mean_minus_std_score,low_is_c4,0.3514451999730554,0.6976744186046512,0.6122448979591837,0.8108108108108109,0.4864864864864865,0.6486486486486487,0.6486486486486487,30,19,18,7,74
mean_minus_std_score,low_is_c4,0.3577679385368303,0.6966292134831461,0.5961538461538461,0.8378378378378378,0.43243243243243246,0.6351351351351351,0.6351351351351351,31,21,16,6,74
mean_minus_std_score,low_is_c4,0.41290446902524797,0.6938775510204082,0.5573770491803278,0.918918918918919,0.2702702702702703,0.5945945945945946,0.5945945945945946,34,27,10,3,74
mean_minus_std_score,low_is_c4,0.43945636765142787,0.6930693069306929,0.546875,0.9459459459459459,0.21621621621621623,0.581081081081081,0.5810810810810811,35,29,8,2,74
mean_minus_std_score,low_is_c4,0.35287546956553945,0.6896551724137931,0.6,0.8108108108108109,0.4594594594594595,0.6351351351351351,0.6351351351351352,30,20,17,7,74
mean_minus_std_score,low_is_c4,0.41932500664070865,0.6868686868686869,0.5483870967741935,0.918918918918919,0.24324324324324326,0.581081081081081,0.5810810810810811,34,28,9,3,74
mean_minus_std_score,low_is_c4,0.4472643873217843,0.6862745098039216,0.5384615384615384,0.9459459459459459,0.1891891891891892,0.5675675675675675,0.5675675675675675,35,30,7,2,74
mean_minus_std_score,low_is_c4,0.4763070460519226,0.6857142857142857,0.5294117647058824,0.972972972972973,0.13513513513513514,0.5540540540540541,0.5540540540540541,36,32,5,1,74
mean_minus_std_score,low_is_c4,0.3490548474906995,0.6823529411764706,0.6041666666666666,0.7837837837837838,0.4864864864864865,0.6351351351351351,0.6351351351351351,29,19,18,8,74
mean_minus_std_score,low_is_c4,0.3554067676537595,0.6818181818181819,0.5882352941176471,0.8108108108108109,0.43243243243243246,0.6216216216216216,0.6216216216216217,30,21,16,7,74
mean_minus_std_score,low_is_c4,0.42779548272939827,0.68,0.5396825396825397,0.918918918918919,0.21621621621621623,0.5675675675675675,0.5675675675675675,34,29,8,3,74
mean_minus_std_score,low_is_c4,0.45849341722435777,0.6796116504854369,0.5303030303030303,0.9459459459459459,0.16216216216216217,0.5540540540540541,0.5540540540540541,35,31,6,2,74
mean_minus_std_score,low_is_c4,0.48468036171702295,0.6792452830188679,0.5217391304347826,0.972972972972973,0.10810810810810811,0.5405405405405406,0.5405405405405406,36,33,4,1,74
mean_minus_std_score,low_is_c4,0.4692915903094046,0.673076923076923,0.5223880597014925,0.9459459459459459,0.13513513513513514,0.5405405405405406,0.5405405405405406,35,32,5,2,74
mean_minus_std_score,low_is_c4,0.49451574830289063,0.6728971962616821,0.5142857142857142,0.972972972972973,0.08108108108108109,0.527027027027027,0.5270270270270271,36,34,3,1,74
mean_minus_std_score,high_is_c4,0.12077774149141032,0.6727272727272727,0.5068493150684932,1.0,0.02702702702702703,0.5135135135135135,0.5135135135135135,37,36,1,0,74
mean_minus_std_score,low_is_c4,0.5763420545741378,0.6727272727272727,0.5068493150684932,1.0,0.02702702702702703,0.5135135135135135,0.5135135135135135,37,36,1,0,74
mean_minus_std_score,low_is_c4,0.33919966063020934,0.6666666666666666,0.5957446808510638,0.7567567567567568,0.4864864864864865,0.6216216216216216,0.6216216216216217,28,19,18,9,74
mean_minus_std_score,low_is_c4,0.521936788728744,0.6666666666666666,0.5070422535211268,0.972972972972973,0.05405405405405406,0.5135135135135135,0.5135135135135136,36,35,2,1,74
mean_minus_std_score,high_is_c4,0.11824577117269808,0.6666666666666666,0.5,1.0,0.0,0.5,0.5,37,37,0,0,74
mean_minus_std_score,low_is_c4,0.602760291171359,0.6666666666666666,0.5,1.0,0.0,0.5,0.5,37,37,0,0,74
mean_minus_std_score,high_is_c4,0.14018310367394193,0.6605504587155964,0.5,0.972972972972973,0.02702702702702703,0.5,0.5,36,36,1,1,74
mean_minus_std_score,low_is_c4,0.5467994045905678,0.6605504587155964,0.5,0.972972972972973,0.02702702702702703,0.5,0.5,36,36,1,1,74
mean_minus_std_score,high_is_c4,0.1772212510884316,0.660377358490566,0.5072463768115942,0.9459459459459459,0.08108108108108109,0.5135135135135135,0.5135135135135135,35,34,3,2,74
mean_minus_std_score,high_is_c4,0.19315311670292684,0.6601941747572816,0.5151515151515151,0.918918918918919,0.13513513513513514,0.527027027027027,0.5270270270270271,34,32,5,3,74
mean_minus_std_score,high_is_c4,0.16457843335068081,0.6542056074766355,0.5,0.9459459459459459,0.05405405405405406,0.5,0.5,35,35,2,2,74
mean_minus_std_score,high_is_c4,0.18992485985522906,0.6538461538461539,0.5074626865671642,0.918918918918919,0.10810810810810811,0.5135135135135135,0.5135135135135136,34,33,4,3,74
mean_minus_std_score,high_is_c4,0.19970560013068686,0.6534653465346535,0.515625,0.8918918918918919,0.16216216216216217,0.527027027027027,0.527027027027027,33,31,6,4,74
mean_minus_std_score,low_is_c4,0.33166180898604,0.6506024096385542,0.5869565217391305,0.7297297297297297,0.4864864864864865,0.6081081081081081,0.6081081081081081,27,19,18,10,74
mean_minus_std_score,high_is_c4,0.15900543636175032,0.6481481481481483,0.49295774647887325,0.9459459459459459,0.02702702702702703,0.4864864864864865,0.4864864864864865,35,36,1,2,74
mean_minus_std_score,high_is_c4,0.1870604941788967,0.6476190476190476,0.5,0.918918918918919,0.08108108108108109,0.5,0.5,34,34,3,3,74
mean_minus_std_score,high_is_c4,0.19592181154902097,0.6470588235294117,0.5076923076923077,0.8918918918918919,0.13513513513513514,0.5135135135135135,0.5135135135135135,33,32,5,4,74
mean_minus_std_score,low_is_c4,0.3300157027048473,0.6419753086419754,0.5909090909090909,0.7027027027027027,0.5135135135135135,0.6081081081081081,0.6081081081081081,26,18,19,11,74
mean_minus_std_score,high_is_c4,0.20279194135535514,0.64,0.5079365079365079,0.8648648648648649,0.16216216216216217,0.5135135135135135,0.5135135135135136,32,31,6,5,74
mean_minus_std_score,low_is_c4,0.33104213485392964,0.6341463414634145,0.5777777777777777,0.7027027027027027,0.4864864864864865,0.5945945945945946,0.5945945945945946,26,19,18,11,74
mean_minus_std_score,low_is_c4,0.31966047012423704,0.6329113924050633,0.5952380952380952,0.6756756756756757,0.5405405405405406,0.6081081081081081,0.6081081081081081,25,17,20,12,74
mean_minus_std_score,high_is_c4,0.2057363953209357,0.6262626262626263,0.5,0.8378378378378378,0.16216216216216217,0.5,0.5,31,31,6,6,74
mean_minus_std_score,low_is_c4,0.3258262338934048,0.6250000000000001,0.5813953488372093,0.6756756756756757,0.5135135135135135,0.5945945945945946,0.5945945945945945,25,18,19,12,74
mean_minus_std_score,low_is_c4,0.31636181767349686,0.6153846153846153,0.5853658536585366,0.6486486486486487,0.5405405405405406,0.5945945945945946,0.5945945945945946,24,17,20,13,74
mean_minus_std_score,high_is_c4,0.21161793842017285,0.6122448979591837,0.4918032786885246,0.8108108108108109,0.16216216216216217,0.4864864864864865,0.4864864864864865,30,31,6,7,74
mean_minus_std_score,high_is_c4,0.2169766264957048,0.5979381443298969,0.48333333333333334,0.7837837837837838,0.16216216216216217,0.47297297297297297,0.47297297297297297,29,31,6,8,74
mean_minus_std_score,low_is_c4,0.31504411394999865,0.5974025974025973,0.575,0.6216216216216216,0.5405405405405406,0.581081081081081,0.5810810810810811,23,17,20,14,74
mean_minus_std_score,low_is_c4,0.3116415880868874,0.5945945945945946,0.5945945945945946,0.5945945945945946,0.5945945945945946,0.5945945945945946,0.5945945945945946,22,15,22,15,74
mean_minus_std_score,low_is_c4,0.3133289912945557,0.5866666666666667,0.5789473684210527,0.5945945945945946,0.5675675675675675,0.581081081081081,0.5810810810810811,22,16,21,15,74
mean_minus_std_score,high_is_c4,0.2192659735342522,0.5833333333333334,0.4745762711864407,0.7567567567567568,0.16216216216216217,0.4594594594594595,0.4594594594594595,28,31,6,9,74
mean_minus_std_score,low_is_c4,0.3140471589394483,0.5789473684210528,0.5641025641025641,0.5945945945945946,0.5405405405405406,0.5675675675675675,0.5675675675675675,22,17,20,15,74
mean_minus_std_score,low_is_c4,0.3100056388528064,0.5753424657534246,0.5833333333333334,0.5675675675675675,0.5945945945945946,0.581081081081081,0.5810810810810811,21,15,22,16,74
mean_minus_std_score,high_is_c4,0.22271457575651799,0.5744680851063829,0.47368421052631576,0.7297297297297297,0.1891891891891892,0.4594594594594595,0.45945945945945943,27,30,7,10,74
mean_minus_std_score,low_is_c4,0.29976547244624907,0.5714285714285714,0.6060606060606061,0.5405405405405406,0.6486486486486487,0.5945945945945946,0.5945945945945946,20,13,24,17,74
mean_minus_std_score,high_is_c4,0.2208257065604656,0.5684210526315788,0.46551724137931033,0.7297297297297297,0.16216216216216217,0.44594594594594594,0.44594594594594594,27,31,6,10,74
mean_minus_std_score,high_is_c4,0.22777732325410524,0.5652173913043479,0.4727272727272727,0.7027027027027027,0.21621621621621623,0.4594594594594595,0.4594594594594595,26,29,8,11,74
mean_minus_std_score,low_is_c4,0.30129960503418995,0.5633802816901409,0.5882352941176471,0.5405405405405406,0.6216216216216216,0.581081081081081,0.5810810810810811,20,14,23,17,74
mean_minus_std_score,high_is_c4,0.2524774134198225,0.5617977528089887,0.4807692307692308,0.6756756756756757,0.2702702702702703,0.47297297297297297,0.47297297297297297,25,27,10,12,74
mean_minus_std_score,high_is_c4,0.22528486826665767,0.5591397849462365,0.4642857142857143,0.7027027027027027,0.1891891891891892,0.44594594594594594,0.44594594594594594,26,30,7,11,74
mean_minus_std_score,low_is_c4,0.29184841323078325,0.5588235294117647,0.6129032258064516,0.5135135135135135,0.6756756756756757,0.5945945945945946,0.5945945945945945,19,12,25,18,74
mean_minus_std_score,low_is_c4,0.3062543455010075,0.5555555555555556,0.5714285714285714,0.5405405405405406,0.5945945945945946,0.5675675675675675,0.5675675675675675,20,15,22,17,74
mean_minus_std_score,high_is_c4,0.24402115765249668,0.5555555555555556,0.4716981132075472,0.6756756756756757,0.24324324324324326,0.4594594594594595,0.45945945945945943,25,28,9,12,74
mean_minus_std_score,low_is_c4,0.29621495613002813,0.5507246376811593,0.59375,0.5135135135135135,0.6486486486486487,0.581081081081081,0.5810810810810811,19,13,24,18,74
mean_minus_std_score,high_is_c4,0.23239596805401028,0.5494505494505494,0.46296296296296297,0.6756756756756757,0.21621621621621623,0.44594594594594594,0.44594594594594594,25,29,8,12,74
mean_minus_std_score,low_is_c4,0.28329218774356235,0.5454545454545455,0.6206896551724138,0.4864864864864865,0.7027027027027027,0.5945945945945946,0.5945945945945946,18,11,26,19,74
mean_minus_std_score,high_is_c4,0.2534166169029519,0.5454545454545454,0.47058823529411764,0.6486486486486487,0.2702702702702703,0.4594594594594595,0.4594594594594595,24,27,10,13,74
mean_minus_std_score,low_is_c4,0.28870357649586165,0.5373134328358209,0.6,0.4864864864864865,0.6756756756756757,0.581081081081081,0.5810810810810811,18,12,25,19,74
mean_minus_std_score,high_is_c4,0.25598603177357326,0.5348837209302325,0.46938775510204084,0.6216216216216216,0.2972972972972973,0.4594594594594595,0.45945945945945943,23,26,11,14,74
mean_minus_std_score,high_is_c4,0.25394394052011476,0.5287356321839081,0.46,0.6216216216216216,0.2702702702702703,0.44594594594594594,0.44594594594594594,23,27,10,14,74
mean_minus_std_score,low_is_c4,0.27916229648132507,0.5230769230769231,0.6071428571428571,0.4594594594594595,0.7027027027027027,0.581081081081081,0.5810810810810811,17,11,26,20,74
mean_minus_std_score,high_is_c4,0.25866301947161824,0.5176470588235293,0.4583333333333333,0.5945945945945946,0.2972972972972973,0.44594594594594594,0.44594594594594594,22,26,11,15,74
mean_minus_std_score,low_is_c4,0.26882849589569574,0.5,0.5925925925925926,0.43243243243243246,0.7027027027027027,0.5675675675675675,0.5675675675675675,16,11,26,21,74
mean_minus_std_score,high_is_c4,0.26882849589569574,0.5,0.44680851063829785,0.5675675675675675,0.2972972972972973,0.43243243243243246,0.43243243243243246,21,26,11,16,74
mean_minus_std_score,high_is_c4,0.27916229648132507,0.4819277108433735,0.43478260869565216,0.5405405405405406,0.2972972972972973,0.4189189189189189,0.41891891891891897,20,26,11,17,74
mean_minus_std_score,low_is_c4,0.25866301947161824,0.47619047619047616,0.5769230769230769,0.40540540540540543,0.7027027027027027,0.5540540540540541,0.5540540540540541,15,11,26,22,74
mean_minus_std_score,high_is_c4,0.28870357649586165,0.46913580246913583,0.4318181818181818,0.5135135135135135,0.32432432432432434,0.4189189189189189,0.4189189189189189,19,25,12,18,74
mean_minus_std_score,high_is_c4,0.28329218774356235,0.4634146341463415,0.4222222222222222,0.5135135135135135,0.2972972972972973,0.40540540540540543,0.4054054054054054,19,26,11,18,74
mean_minus_std_score,low_is_c4,0.25394394052011476,0.45901639344262296,0.5833333333333334,0.3783783783783784,0.7297297297297297,0.5540540540540541,0.5540540540540541,14,10,27,23,74
mean_minus_std_score,high_is_c4,0.29621495613002813,0.4556962025316456,0.42857142857142855,0.4864864864864865,0.35135135135135137,0.4189189189189189,0.41891891891891897,18,24,13,19,74
mean_minus_std_score,low_is_c4,0.25598603177357326,0.4516129032258065,0.56,0.3783783783783784,0.7027027027027027,0.5405405405405406,0.5405405405405406,14,11,26,23,74
mean_minus_std_score,high_is_c4,0.29184841323078325,0.45,0.4186046511627907,0.4864864864864865,0.32432432432432434,0.40540540540540543,0.40540540540540543,18,25,12,19,74
mean_minus_std_score,high_is_c4,0.3062543455010075,0.4473684210526316,0.4358974358974359,0.4594594594594595,0.40540540540540543,0.43243243243243246,0.43243243243243246,17,22,15,20,74
mean_minus_std_score,high_is_c4,0.30129960503418995,0.44155844155844154,0.425,0.4594594594594595,0.3783783783783784,0.4189189189189189,0.41891891891891897,17,23,14,20,74
mean_minus_std_score,high_is_c4,0.29976547244624907,0.4358974358974359,0.4146341463414634,0.4594594594594595,0.35135135135135137,0.40540540540540543,0.40540540540540543,17,24,13,20,74
mean_minus_std_score,low_is_c4,0.2534166169029519,0.43333333333333335,0.5652173913043478,0.35135135135135137,0.7297297297297297,0.5405405405405406,0.5405405405405406,13,10,27,24,74
mean_minus_std_score,high_is_c4,0.3100056388528064,0.4266666666666667,0.42105263157894735,0.43243243243243246,0.40540540540540543,0.4189189189189189,0.41891891891891897,16,22,15,21,74
mean_minus_std_score,low_is_c4,0.23239596805401028,0.4210526315789474,0.6,0.32432432432432434,0.7837837837837838,0.5540540540540541,0.5540540540540541,12,8,29,25,74
mean_minus_std_score,high_is_c4,0.3140471589394483,0.4166666666666667,0.42857142857142855,0.40540540540540543,0.4594594594594595,0.43243243243243246,0.43243243243243246,15,20,17,22,74
mean_minus_std_score,low_is_c4,0.24402115765249668,0.41379310344827586,0.5714285714285714,0.32432432432432434,0.7567567567567568,0.5405405405405406,0.5405405405405406,12,9,28,25,74
mean_minus_std_score,high_is_c4,0.3133289912945557,0.4109589041095891,0.4166666666666667,0.40540540540540543,0.43243243243243246,0.4189189189189189,0.41891891891891897,15,21,16,22,74
mean_minus_std_score,low_is_c4,0.2524774134198225,0.4067796610169491,0.5454545454545454,0.32432432432432434,0.7297297297297297,0.527027027027027,0.527027027027027,12,10,27,25,74
mean_minus_std_score,high_is_c4,0.3116415880868874,0.40540540540540543,0.40540540540540543,0.40540540540540543,0.40540540540540543,0.40540540540540543,0.40540540540540543,15,22,15,22,74
mean_minus_std_score,low_is_c4,0.22528486826665767,0.39999999999999997,0.6111111111111112,0.2972972972972973,0.8108108108108109,0.5540540540540541,0.5540540540540541,11,7,30,26,74
mean_minus_std_score,high_is_c4,0.31504411394999865,0.39436619718309857,0.4117647058823529,0.3783783783783784,0.4594594594594595,0.4189189189189189,0.41891891891891897,14,20,17,23,74
mean_minus_std_score,low_is_c4,0.22777732325410524,0.39285714285714285,0.5789473684210527,0.2972972972972973,0.7837837837837838,0.5405405405405406,0.5405405405405406,11,8,29,26,74
mean_minus_std_score,low_is_c4,0.2208257065604656,0.3773584905660377,0.625,0.2702702702702703,0.8378378378378378,0.5540540540540541,0.5540540540540541,10,6,31,27,74
mean_minus_std_score,high_is_c4,0.31636181767349686,0.37142857142857144,0.3939393939393939,0.35135135135135137,0.4594594594594595,0.40540540540540543,0.40540540540540543,13,20,17,24,74
mean_minus_std_score,low_is_c4,0.22271457575651799,0.37037037037037035,0.5882352941176471,0.2702702702702703,0.8108108108108109,0.5405405405405406,0.5405405405405406,10,7,30,27,74
mean_minus_std_score,high_is_c4,0.3258262338934048,0.3529411764705882,0.3870967741935484,0.32432432432432434,0.4864864864864865,0.40540540540540543,0.40540540540540543,12,19,18,25,74
mean_minus_std_score,high_is_c4,0.31966047012423704,0.34782608695652173,0.375,0.32432432432432434,0.4594594594594595,0.3918918918918919,0.3918918918918919,12,20,17,25,74
mean_minus_std_score,low_is_c4,0.2192659735342522,0.34615384615384615,0.6,0.24324324324324326,0.8378378378378378,0.5405405405405406,0.5405405405405406,9,6,31,28,74
mean_minus_std_score,high_is_c4,0.33104213485392964,0.33333333333333337,0.3793103448275862,0.2972972972972973,0.5135135135135135,0.40540540540540543,0.4054054054054054,11,18,19,26,74
mean_minus_std_score,high_is_c4,0.3300157027048473,0.3283582089552239,0.36666666666666664,0.2972972972972973,0.4864864864864865,0.3918918918918919,0.3918918918918919,11,19,18,26,74
mean_minus_std_score,low_is_c4,0.2169766264957048,0.3137254901960784,0.5714285714285714,0.21621621621621623,0.8378378378378378,0.527027027027027,0.527027027027027,8,6,31,29,74
mean_minus_std_score,high_is_c4,0.33166180898604,0.3076923076923077,0.35714285714285715,0.2702702702702703,0.5135135135135135,0.3918918918918919,0.3918918918918919,10,18,19,27,74
mean_minus_std_score,high_is_c4,0.33919966063020934,0.28125,0.3333333333333333,0.24324324324324326,0.5135135135135135,0.3783783783783784,0.3783783783783784,9,18,19,28,74
mean_minus_std_score,low_is_c4,0.21161793842017285,0.28,0.5384615384615384,0.1891891891891892,0.8378378378378378,0.5135135135135135,0.5135135135135135,7,6,31,30,74
mean_minus_std_score,high_is_c4,0.3490548474906995,0.25396825396825395,0.3076923076923077,0.21621621621621623,0.5135135135135135,0.36486486486486486,0.36486486486486486,8,18,19,29,74
mean_minus_std_score,low_is_c4,0.2057363953209357,0.2448979591836735,0.5,0.16216216216216217,0.8378378378378378,0.5,0.5,6,6,31,31,74
mean_minus_std_score,high_is_c4,0.3554067676537595,0.23333333333333334,0.30434782608695654,0.1891891891891892,0.5675675675675675,0.3783783783783784,0.3783783783783784,7,16,21,30,74
mean_minus_std_score,high_is_c4,0.35287546956553945,0.22950819672131148,0.2916666666666667,0.1891891891891892,0.5405405405405406,0.36486486486486486,0.3648648648648649,7,17,20,30,74
mean_minus_std_score,high_is_c4,0.3514451999730554,0.22580645161290325,0.28,0.1891891891891892,0.5135135135135135,0.35135135135135137,0.3513513513513513,7,18,19,30,74
mean_minus_std_score,low_is_c4,0.20279194135535514,0.20833333333333334,0.45454545454545453,0.13513513513513514,0.8378378378378378,0.4864864864864865,0.4864864864864865,5,6,31,32,74
mean_minus_std_score,high_is_c4,0.3577679385368303,0.20338983050847456,0.2727272727272727,0.16216216216216217,0.5675675675675675,0.36486486486486486,0.36486486486486486,6,16,21,31,74
mean_minus_std_score,high_is_c4,0.360769674443579,0.1754385964912281,0.25,0.13513513513513514,0.5945945945945946,0.36486486486486486,0.3648648648648649,5,15,22,32,74
mean_minus_std_score,low_is_c4,0.19592181154902097,0.17391304347826086,0.4444444444444444,0.10810810810810811,0.8648648648648649,0.4864864864864865,0.4864864864864865,4,5,32,33,74
mean_minus_std_score,high_is_c4,0.3592826084177434,0.1724137931034483,0.23809523809523808,0.13513513513513514,0.5675675675675675,0.35135135135135137,0.3513513513513513,5,16,21,32,74
mean_minus_std_score,low_is_c4,0.19970560013068686,0.1702127659574468,0.4,0.10810810810810811,0.8378378378378378,0.47297297297297297,0.47297297297297297,4,6,31,33,74
mean_minus_std_score,high_is_c4,0.3898758073915043,0.14814814814814817,0.23529411764705882,0.10810810810810811,0.6486486486486487,0.3783783783783784,0.3783783783783784,4,13,24,33,74
mean_minus_std_score,high_is_c4,0.3805158446494732,0.14545454545454545,0.2222222222222222,0.10810810810810811,0.6216216216216216,0.36486486486486486,0.36486486486486486,4,14,23,33,74
mean_minus_std_score,high_is_c4,0.3680435979050477,0.14285714285714288,0.21052631578947367,0.10810810810810811,0.5945945945945946,0.35135135135135137,0.35135135135135137,4,15,22,33,74
mean_minus_std_score,low_is_c4,0.1870604941788967,0.13953488372093023,0.5,0.08108108108108109,0.918918918918919,0.5,0.5,3,3,34,34,74
mean_minus_std_score,low_is_c4,0.18992485985522906,0.13636363636363638,0.42857142857142855,0.08108108108108109,0.8918918918918919,0.4864864864864865,0.4864864864864865,3,4,33,34,74
mean_minus_std_score,low_is_c4,0.19315311670292684,0.13333333333333333,0.375,0.08108108108108109,0.8648648648648649,0.47297297297297297,0.472972972972973,3,5,32,34,74
mean_minus_std_score,high_is_c4,0.42779548272939827,0.125,0.2727272727272727,0.08108108108108109,0.7837837837837838,0.43243243243243246,0.43243243243243246,3,8,29,34,74
mean_minus_std_score,high_is_c4,0.41932500664070865,0.12244897959183675,0.25,0.08108108108108109,0.7567567567567568,0.4189189189189189,0.41891891891891897,3,9,28,34,74
mean_minus_std_score,high_is_c4,0.41290446902524797,0.12,0.23076923076923078,0.08108108108108109,0.7297297297297297,0.40540540540540543,0.4054054054054054,3,10,27,34,74
mean_minus_std_score,high_is_c4,0.4060369142606766,0.11764705882352942,0.21428571428571427,0.08108108108108109,0.7027027027027027,0.3918918918918919,0.3918918918918919,3,11,26,34,74
mean_minus_std_score,high_is_c4,0.4032169036026017,0.11538461538461539,0.2,0.08108108108108109,0.6756756756756757,0.3783783783783784,0.3783783783783784,3,12,25,34,74
mean_minus_std_score,high_is_c4,0.39753363045833934,0.11320754716981132,0.1875,0.08108108108108109,0.6486486486486487,0.36486486486486486,0.3648648648648649,3,13,24,34,74
mean_minus_std_score,low_is_c4,0.15900543636175032,0.1,0.6666666666666666,0.05405405405405406,0.972972972972973,0.5135135135135135,0.5135135135135136,2,1,36,35,74
mean_minus_std_score,low_is_c4,0.16457843335068081,0.0975609756097561,0.5,0.05405405405405406,0.9459459459459459,0.5,0.5,2,2,35,35,74
mean_minus_std_score,low_is_c4,0.1772212510884316,0.09523809523809523,0.4,0.05405405405405406,0.918918918918919,0.4864864864864865,0.4864864864864865,2,3,34,35,74
mean_minus_std_score,high_is_c4,0.4692915903094046,0.09090909090909091,0.2857142857142857,0.05405405405405406,0.8648648648648649,0.4594594594594595,0.4594594594594595,2,5,32,35,74
mean_minus_std_score,high_is_c4,0.45849341722435777,0.08888888888888889,0.25,0.05405405405405406,0.8378378378378378,0.44594594594594594,0.44594594594594594,2,6,31,35,74
mean_minus_std_score,high_is_c4,0.4472643873217843,0.08695652173913043,0.2222222222222222,0.05405405405405406,0.8108108108108109,0.43243243243243246,0.43243243243243246,2,7,30,35,74
mean_minus_std_score,high_is_c4,0.43945636765142787,0.0851063829787234,0.2,0.05405405405405406,0.7837837837837838,0.4189189189189189,0.4189189189189189,2,8,29,35,74
mean_minus_std_score,high_is_c4,0.5467994045905678,0.05128205128205129,0.5,0.02702702702702703,0.972972972972973,0.5,0.5,1,1,36,36,74
mean_minus_std_score,low_is_c4,0.14018310367394193,0.05128205128205129,0.5,0.02702702702702703,0.972972972972973,0.5,0.5,1,1,36,36,74
mean_minus_std_score,high_is_c4,0.521936788728744,0.05,0.3333333333333333,0.02702702702702703,0.9459459459459459,0.4864864864864865,0.4864864864864865,1,2,35,36,74
mean_minus_std_score,high_is_c4,0.49451574830289063,0.04878048780487805,0.25,0.02702702702702703,0.918918918918919,0.47297297297297297,0.472972972972973,1,3,34,36,74
mean_minus_std_score,high_is_c4,0.48468036171702295,0.047619047619047616,0.2,0.02702702702702703,0.8918918918918919,0.4594594594594595,0.45945945945945943,1,4,33,36,74
mean_minus_std_score,high_is_c4,0.4763070460519226,0.046511627906976744,0.16666666666666666,0.02702702702702703,0.8648648648648649,0.44594594594594594,0.44594594594594594,1,5,32,36,74
mean_minus_std_score,high_is_c4,0.5763420545741378,0.0,0.0,0.0,0.972972972972973,0.4864864864864865,0.4864864864864865,0,1,36,37,74
mean_minus_std_score,high_is_c4,0.602760291171359,0.0,0.0,0.0,0.972972972972973,0.4864864864864865,0.4864864864864865,0,1,36,37,74
mean_minus_std_score,low_is_c4,0.11824577117269808,0.0,0.0,0.0,0.972972972972973,0.4864864864864865,0.4864864864864865,0,1,36,37,74
mean_minus_std_score,low_is_c4,0.12077774149141032,0.0,0.0,0.0,0.972972972972973,0.4864864864864865,0.4864864864864865,0,1,36,37,74
num_outputs,high_is_c4,76.0,0.6666666666666666,0.5,1.0,0.0,0.5,0.5,37,37,0,0,74
num_outputs,low_is_c4,251.0,0.6666666666666666,0.5,1.0,0.0,0.5,0.5,37,37,0,0,74
num_outputs,low_is_c4,234.5,0.6545454545454545,0.4931506849315068,0.972972972972973,0.0,0.4864864864864865,0.4864864864864865,36,37,0,1,74
num_outputs,low_is_c4,169.0,0.6538461538461539,0.5074626865671642,0.918918918918919,0.10810810810810811,0.5135135135135135,0.5135135135135136,34,33,4,3,74
num_outputs,high_is_c4,84.5,0.6481481481481483,0.49295774647887325,0.9459459459459459,0.02702702702702703,0.4864864864864865,0.4864864864864865,35,36,1,2,74
num_outputs,low_is_c4,189.0,0.6481481481481483,0.49295774647887325,0.9459459459459459,0.02702702702702703,0.4864864864864865,0.4864864864864865,35,36,1,2,74
num_outputs,low_is_c4,174.0,0.6476190476190476,0.5,0.918918918918919,0.08108108108108109,0.5,0.5,34,34,3,3,74
num_outputs,high_is_c4,79.5,0.6422018348623854,0.4861111111111111,0.9459459459459459,0.0,0.47297297297297297,0.47297297297297297,35,37,0,2,74
num_outputs,low_is_c4,206.0,0.6422018348623854,0.4861111111111111,0.9459459459459459,0.0,0.47297297297297297,0.47297297297297297,35,37,0,2,74
num_outputs,low_is_c4,177.5,0.6415094339622641,0.4927536231884058,0.918918918918919,0.05405405405405406,0.4864864864864865,0.4864864864864865,34,35,2,3,74
num_outputs,low_is_c4,166.5,0.6407766990291263,0.5,0.8918918918918919,0.10810810810810811,0.5,0.5,33,33,4,4,74
num_outputs,low_is_c4,141.5,0.6363636363636364,0.5490196078431373,0.7567567567567568,0.3783783783783784,0.5675675675675675,0.5675675675675675,28,23,14,9,74
num_outputs,high_is_c4,87.5,0.6355140186915889,0.4857142857142857,0.918918918918919,0.02702702702702703,0.47297297297297297,0.472972972972973,34,36,1,3,74
num_outputs,low_is_c4,181.0,0.6355140186915889,0.4857142857142857,0.918918918918919,0.02702702702702703,0.47297297297297297,0.472972972972973,34,36,1,3,74
num_outputs,low_is_c4,138.5,0.6352941176470588,0.5625,0.7297297297297297,0.43243243243243246,0.581081081081081,0.5810810810810811,27,21,16,10,74
num_outputs,high_is_c4,96.5,0.6346153846153846,0.4925373134328358,0.8918918918918919,0.08108108108108109,0.4864864864864865,0.4864864864864865,33,34,3,4,74
num_outputs,high_is_c4,102.0,0.6336633663366337,0.5,0.8648648648648649,0.13513513513513514,0.5,0.5,32,32,5,5,74
num_outputs,low_is_c4,161.5,0.6336633663366337,0.5,0.8648648648648649,0.13513513513513514,0.5,0.5,32,32,5,5,74
num_outputs,low_is_c4,157.0,0.6326530612244898,0.5081967213114754,0.8378378378378378,0.1891891891891892,0.5135135135135135,0.5135135135135135,31,30,7,6,74
num_outputs,low_is_c4,151.0,0.631578947368421,0.5172413793103449,0.8108108108108109,0.24324324324324326,0.527027027027027,0.5270270270270271,30,28,9,7,74
num_outputs,low_is_c4,142.5,0.6292134831460674,0.5384615384615384,0.7567567567567568,0.35135135135135137,0.5540540540540541,0.5540540540540541,28,24,13,9,74
num_outputs,high_is_c4,93.0,0.6285714285714286,0.4852941176470588,0.8918918918918919,0.05405405405405406,0.47297297297297297,0.47297297297297297,33,35,2,4,74
num_outputs,low_is_c4,139.5,0.6279069767441859,0.5510204081632653,0.7297297297297297,0.40540540540540543,0.5675675675675675,0.5675675675675675,27,22,15,10,74
num_outputs,high_is_c4,100.5,0.6274509803921569,0.49230769230769234,0.8648648648648649,0.10810810810810811,0.4864864864864865,0.4864864864864865,32,33,4,5,74
num_outputs,low_is_c4,165.0,0.6274509803921569,0.49230769230769234,0.8648648648648649,0.10810810810810811,0.4864864864864865,0.4864864864864865,32,33,4,5,74
num_outputs,low_is_c4,158.5,0.6262626262626263,0.5,0.8378378378378378,0.16216216216216217,0.5,0.5,31,31,6,6,74
num_outputs,low_is_c4,146.5,0.6236559139784947,0.5178571428571429,0.7837837837837838,0.2702702702702703,0.527027027027027,0.527027027027027,29,27,10,8,74
num_outputs,high_is_c4,90.5,0.6226415094339622,0.4782608695652174,0.8918918918918919,0.02702702702702703,0.4594594594594595,0.45945945945945943,33,36,1,4,74
num_outputs,high_is_c4,99.5,0.6213592233009709,0.48484848484848486,0.8648648648648649,0.08108108108108109,0.47297297297297297,0.472972972972973,32,34,3,5,74
num_outputs,low_is_c4,140.5,0.6206896551724138,0.54,0.7297297297297297,0.3783783783783784,0.5540540540540541,0.5540540540540541,27,23,14,10,74
num_outputs,high_is_c4,103.5,0.62,0.49206349206349204,0.8378378378378378,0.13513513513513514,0.4864864864864865,0.4864864864864865,31,32,5,6,74
num_outputs,low_is_c4,154.0,0.6185567010309277,0.5,0.8108108108108109,0.1891891891891892,0.5,0.5,30,30,7,7,74
num_outputs,low_is_c4,136.0,0.617283950617284,0.5681818181818182,0.6756756756756757,0.4864864864864865,0.581081081081081,0.5810810810810811,25,19,18,12,74
num_outputs,low_is_c4,149.5,0.6170212765957447,0.5087719298245614,0.7837837837837838,0.24324324324324326,0.5135135135135135,0.5135135135135135,29,28,9,8,74
num_outputs,low_is_c4,137.5,0.6097560975609757,0.5555555555555556,0.6756756756756757,0.4594594594594595,0.5675675675675675,0.5675675675675675,25,20,17,12,74
num_outputs,low_is_c4,143.5,0.608695652173913,0.509090909090909,0.7567567567567568,0.2702702702702703,0.5135135135135135,0.5135135135135136,28,27,10,9,74
num_outputs,low_is_c4,134.5,0.6075949367088608,0.5714285714285714,0.6486486486486487,0.5135135135135135,0.581081081081081,0.5810810810810811,24,18,19,13,74
num_outputs,high_is_c4,104.5,0.606060606060606,0.4838709677419355,0.8108108108108109,0.13513513513513514,0.47297297297297297,0.472972972972973,30,32,5,7,74
num_outputs,high_is_c4,106.5,0.6041666666666666,0.4915254237288136,0.7837837837837838,0.1891891891891892,0.4864864864864865,0.4864864864864865,29,30,7,8,74
num_outputs,low_is_c4,132.5,0.5974025974025973,0.575,0.6216216216216216,0.5405405405405406,0.581081081081081,0.5810810810810811,23,17,20,14,74
num_outputs,high_is_c4,109.5,0.5957446808510638,0.49122807017543857,0.7567567567567568,0.21621621621621623,0.4864864864864865,0.4864864864864865,28,29,8,9,74
num_outputs,high_is_c4,105.5,0.5918367346938777,0.47540983606557374,0.7837837837837838,0.13513513513513514,0.4594594594594595,0.45945945945945943,29,32,5,8,74
num_outputs,low_is_c4,133.5,0.5897435897435899,0.5609756097560976,0.6216216216216216,0.5135135135135135,0.5675675675675675,0.5675675675675675,23,18,19,14,74
num_outputs,high_is_c4,107.5,0.5894736842105263,0.4827586206896552,0.7567567567567568,0.1891891891891892,0.47297297297297297,0.472972972972973,28,30,7,9,74
num_outputs,low_is_c4,131.5,0.5789473684210528,0.5641025641025641,0.5945945945945946,0.5405405405405406,0.5675675675675675,0.5675675675675675,22,17,20,15,74
num_outputs,low_is_c4,129.5,0.5675675675675675,0.5675675675675675,0.5675675675675675,0.5675675675675675,0.5675675675675675,0.5675675675675675,21,16,21,16,74
num_outputs,high_is_c4,112.5,0.5555555555555556,0.4716981132075472,0.6756756756756757,0.24324324324324326,0.4594594594594595,0.45945945945945943,25,28,9,12,74
num_outputs,high_is_c4,117.5,0.5542168674698795,0.5,0.6216216216216216,0.3783783783783784,0.5,0.5,23,23,14,14,74
num_outputs,high_is_c4,113.5,0.5517241379310345,0.48,0.6486486486486487,0.2972972972972973,0.47297297297297297,0.472972972972973,24,26,11,13,74
num_outputs,high_is_c4,111.5,0.5494505494505494,0.46296296296296297,0.6756756756756757,0.21621621621621623,0.44594594594594594,0.44594594594594594,25,29,8,12,74
num_outputs,low_is_c4,127.0,0.547945205479452,0.5555555555555556,0.5405405405405406,0.5675675675675675,0.5540540540540541,0.5540540540540541,20,16,21,17,74
num_outputs,high_is_c4,116.0,0.5476190476190476,0.48936170212765956,0.6216216216216216,0.35135135135135137,0.4864864864864865,0.4864864864864865,23,24,13,14,74
num_outputs,high_is_c4,114.5,0.5411764705882353,0.4791666666666667,0.6216216216216216,0.32432432432432434,0.47297297297297297,0.47297297297297297,23,25,12,14,74
num_outputs,high_is_c4,118.5,0.5365853658536586,0.4888888888888889,0.5945945945945946,0.3783783783783784,0.4864864864864865,0.4864864864864865,22,23,14,15,74
num_outputs,low_is_c4,125.0,0.5277777777777778,0.5428571428571428,0.5135135135135135,0.5675675675675675,0.5405405405405406,0.5405405405405406,19,16,21,18,74
num_outputs,low_is_c4,123.5,0.5070422535211269,0.5294117647058824,0.4864864864864865,0.5675675675675675,0.527027027027027,0.527027027027027,18,16,21,19,74
num_outputs,low_is_c4,121.0,0.5,0.5483870967741935,0.4594594594594595,0.6216216216216216,0.5405405405405406,0.5405405405405406,17,14,23,20,74
num_outputs,high_is_c4,121.0,0.5,0.46511627906976744,0.5405405405405406,0.3783783783783784,0.4594594594594595,0.4594594594594595,20,23,14,17,74
num_outputs,high_is_c4,123.5,0.4935064935064935,0.475,0.5135135135135135,0.43243243243243246,0.47297297297297297,0.47297297297297297,19,21,16,18,74
num_outputs,high_is_c4,125.0,0.47368421052631576,0.46153846153846156,0.4864864864864865,0.43243243243243246,0.4594594594594595,0.4594594594594595,18,21,16,19,74
num_outputs,low_is_c4,118.5,0.4545454545454546,0.5172413793103449,0.40540540540540543,0.6216216216216216,0.5135135135135135,0.5135135135135135,15,14,23,22,74
num_outputs,high_is_c4,127.0,0.45333333333333337,0.4473684210526316,0.4594594594594595,0.43243243243243246,0.44594594594594594,0.44594594594594594,17,21,16,20,74
num_outputs,low_is_c4,114.5,0.4444444444444445,0.5384615384615384,0.3783783783783784,0.6756756756756757,0.527027027027027,0.527027027027027,14,12,25,23,74
num_outputs,low_is_c4,116.0,0.4375,0.5185185185185185,0.3783783783783784,0.6486486486486487,0.5135135135135135,0.5135135135135136,14,13,24,23,74
num_outputs,high_is_c4,129.5,0.43243243243243246,0.43243243243243246,0.43243243243243246,0.43243243243243246,0.43243243243243246,0.43243243243243246,16,21,16,21,74
num_outputs,low_is_c4,117.5,0.4307692307692308,0.5,0.3783783783783784,0.6216216216216216,0.5,0.5,14,14,23,23,74
num_outputs,low_is_c4,113.5,0.4262295081967213,0.5416666666666666,0.35135135135135137,0.7027027027027027,0.527027027027027,0.5270270270270271,13,11,26,24,74
num_outputs,low_is_c4,111.5,0.4210526315789474,0.6,0.32432432432432434,0.7837837837837838,0.5540540540540541,0.5540540540540541,12,8,29,25,74
num_outputs,high_is_c4,131.5,0.4166666666666667,0.42857142857142855,0.40540540540540543,0.4594594594594595,0.43243243243243246,0.43243243243243246,15,20,17,22,74
num_outputs,low_is_c4,112.5,0.41379310344827586,0.5714285714285714,0.32432432432432434,0.7567567567567568,0.5405405405405406,0.5405405405405406,12,9,28,25,74
num_outputs,high_is_c4,133.5,0.4000000000000001,0.42424242424242425,0.3783783783783784,0.4864864864864865,0.43243243243243246,0.43243243243243246,14,19,18,23,74
num_outputs,high_is_c4,132.5,0.39436619718309857,0.4117647058823529,0.3783783783783784,0.4594594594594595,0.4189189189189189,0.41891891891891897,14,20,17,23,74
num_outputs,high_is_c4,134.5,0.37681159420289856,0.40625,0.35135135135135137,0.4864864864864865,0.4189189189189189,0.41891891891891897,13,19,18,24,74
num_outputs,high_is_c4,137.5,0.36363636363636365,0.41379310344827586,0.32432432432432434,0.5405405405405406,0.43243243243243246,0.43243243243243246,12,17,20,25,74
num_outputs,high_is_c4,136.0,0.3582089552238806,0.4,0.32432432432432434,0.5135135135135135,0.4189189189189189,0.4189189189189189,12,18,19,25,74
num_outputs,low_is_c4,107.5,0.339622641509434,0.5625,0.24324324324324326,0.8108108108108109,0.527027027027027,0.5270270270270271,9,7,30,28,74
num_outputs,low_is_c4,109.5,0.33333333333333337,0.5294117647058824,0.24324324324324326,0.7837837837837838,0.5135135135135135,0.5135135135135135,9,8,29,28,74
num_outputs,high_is_c4,140.5,0.3278688524590164,0.4166666666666667,0.2702702702702703,0.6216216216216216,0.44594594594594594,0.44594594594594594,10,14,23,27,74
num_outputs,high_is_c4,139.5,0.3225806451612903,0.4,0.2702702702702703,0.5945945945945946,0.43243243243243246,0.43243243243243246,10,15,22,27,74
num_outputs,high_is_c4,143.5,0.3214285714285714,0.47368421052631576,0.24324324324324326,0.7297297297297297,0.4864864864864865,0.4864864864864865,9,10,27,28,74
num_outputs,low_is_c4,105.5,0.32,0.6153846153846154,0.21621621621621623,0.8648648648648649,0.5405405405405406,0.5405405405405406,8,5,32,29,74
num_outputs,high_is_c4,138.5,0.31746031746031744,0.38461538461538464,0.2702702702702703,0.5675675675675675,0.4189189189189189,0.4189189189189189,10,16,21,27,74
num_outputs,low_is_c4,106.5,0.3076923076923077,0.5333333333333333,0.21621621621621623,0.8108108108108109,0.5135135135135135,0.5135135135135136,8,7,30,29,74
num_outputs,high_is_c4,142.5,0.3050847457627119,0.4090909090909091,0.24324324324324326,0.6486486486486487,0.44594594594594594,0.44594594594594594,9,13,24,28,74
num_outputs,high_is_c4,141.5,0.30000000000000004,0.391304347826087,0.24324324324324326,0.6216216216216216,0.43243243243243246,0.43243243243243246,9,14,23,28,74
num_outputs,high_is_c4,149.5,0.29629629629629634,0.47058823529411764,0.21621621621621623,0.7567567567567568,0.4864864864864865,0.4864864864864865,8,9,28,29,74
num_outputs,high_is_c4,146.5,0.2909090909090909,0.4444444444444444,0.21621621621621623,0.7297297297297297,0.47297297297297297,0.47297297297297297,8,10,27,29,74
num_outputs,low_is_c4,104.5,0.28571428571428575,0.5833333333333334,0.1891891891891892,0.8648648648648649,0.527027027027027,0.5270270270270271,7,5,32,30,74
num_outputs,high_is_c4,154.0,0.2745098039215686,0.5,0.1891891891891892,0.8108108108108109,0.5,0.5,7,7,30,30,74
num_outputs,high_is_c4,151.0,0.2641509433962264,0.4375,0.1891891891891892,0.7567567567567568,0.47297297297297297,0.472972972972973,7,9,28,30,74
num_outputs,low_is_c4,103.5,0.25,0.5454545454545454,0.16216216216216217,0.8648648648648649,0.5135135135135135,0.5135135135135136,6,5,32,31,74
num_outputs,high_is_c4,158.5,0.2448979591836735,0.5,0.16216216216216217,0.8378378378378378,0.5,0.5,6,6,31,31,74
num_outputs,high_is_c4,157.0,0.24,0.46153846153846156,0.16216216216216217,0.8108108108108109,0.4864864864864865,0.4864864864864865,6,7,30,31,74
num_outputs,low_is_c4,99.5,0.22222222222222224,0.625,0.13513513513513514,0.918918918918919,0.527027027027027,0.5270270270270271,5,3,34,32,74
num_outputs,high_is_c4,165.0,0.2173913043478261,0.5555555555555556,0.13513513513513514,0.8918918918918919,0.5135135135135135,0.5135135135135135,5,4,33,32,74
num_outputs,low_is_c4,100.5,0.2173913043478261,0.5555555555555556,0.13513513513513514,0.8918918918918919,0.5135135135135135,0.5135135135135135,5,4,33,32,74
num_outputs,high_is_c4,161.5,0.21276595744680854,0.5,0.13513513513513514,0.8648648648648649,0.5,0.5,5,5,32,32,74
num_outputs,low_is_c4,102.0,0.21276595744680854,0.5,0.13513513513513514,0.8648648648648649,0.5,0.5,5,5,32,32,74
num_outputs,low_is_c4,90.5,0.19047619047619047,0.8,0.10810810810810811,0.972972972972973,0.5405405405405406,0.5405405405405406,4,1,36,33,74
num_outputs,low_is_c4,93.0,0.18604651162790697,0.6666666666666666,0.10810810810810811,0.9459459459459459,0.527027027027027,0.527027027027027,4,2,35,33,74
num_outputs,low_is_c4,96.5,0.18181818181818182,0.5714285714285714,0.10810810810810811,0.918918918918919,0.5135135135135135,0.5135135135135136,4,3,34,33,74
num_outputs,high_is_c4,166.5,0.17777777777777778,0.5,0.10810810810810811,0.8918918918918919,0.5,0.5,4,4,33,33,74
num_outputs,high_is_c4,181.0,0.14634146341463414,0.75,0.08108108108108109,0.972972972972973,0.527027027027027,0.5270270270270271,3,1,36,34,74
num_outputs,low_is_c4,87.5,0.14634146341463414,0.75,0.08108108108108109,0.972972972972973,0.527027027027027,0.5270270270270271,3,1,36,34,74
num_outputs,high_is_c4,177.5,0.14285714285714288,0.6,0.08108108108108109,0.9459459459459459,0.5135135135135135,0.5135135135135135,3,2,35,34,74
num_outputs,high_is_c4,174.0,0.13953488372093023,0.5,0.08108108108108109,0.918918918918919,0.5,0.5,3,3,34,34,74
num_outputs,high_is_c4,169.0,0.13636363636363638,0.42857142857142855,0.08108108108108109,0.8918918918918919,0.4864864864864865,0.4864864864864865,3,4,33,34,74
num_outputs,high_is_c4,206.0,0.10256410256410257,1.0,0.05405405405405406,1.0,0.527027027027027,0.527027027027027,2,0,37,35,74
num_outputs,low_is_c4,76.0,0.10256410256410257,1.0,0.05405405405405406,1.0,0.527027027027027,0.527027027027027,2,0,37,35,74
num_outputs,low_is_c4,79.5,0.10256410256410257,1.0,0.05405405405405406,1.0,0.527027027027027,0.527027027027027,2,0,37,35,74
num_outputs,high_is_c4,189.0,0.1,0.6666666666666666,0.05405405405405406,0.972972972972973,0.5135135135135135,0.5135135135135136,2,1,36,35,74
num_outputs,low_is_c4,84.5,0.1,0.6666666666666666,0.05405405405405406,0.972972972972973,0.5135135135135135,0.5135135135135136,2,1,36,35,74
num_outputs,high_is_c4,234.5,0.052631578947368425,1.0,0.02702702702702703,1.0,0.5135135135135135,0.5135135135135135,1,0,37,36,74
num_outputs,high_is_c4,251.0,0.052631578947368425,1.0,0.02702702702702703,1.0,0.5135135135135135,0.5135135135135135,1,0,37,36,74
num_turns,low_is_c4,15.5,0.6792452830188679,0.5217391304347826,0.972972972972973,0.10810810810810811,0.5405405405405406,0.5405405405405406,36,33,4,1,74
num_turns,low_is_c4,17.0,0.6666666666666666,0.5070422535211268,0.972972972972973,0.05405405405405406,0.5135135135135135,0.5135135135135136,36,35,2,1,74
num_turns,high_is_c4,13.0,0.6666666666666666,0.5,1.0,0.0,0.5,0.5,37,37,0,0,74
num_turns,low_is_c4,21.0,0.6666666666666666,0.5,1.0,0.0,0.5,0.5,37,37,0,0,74
num_turns,low_is_c4,19.0,0.6605504587155964,0.5,0.972972972972973,0.02702702702702703,0.5,0.5,36,36,1,1,74
num_turns,low_is_c4,20.5,0.6545454545454545,0.4931506849315068,0.972972972972973,0.0,0.4864864864864865,0.4864864864864865,36,37,0,1,74
num_turns,low_is_c4,14.5,0.6470588235294117,0.5076923076923077,0.8918918918918919,0.13513513513513514,0.5135135135135135,0.5135135135135135,33,32,5,4,74
num_turns,high_is_c4,13.5,0.5205479452054794,0.5277777777777778,0.5135135135135135,0.5405405405405406,0.527027027027027,0.527027027027027,19,17,20,18,74
num_turns,low_is_c4,13.0,0.4799999999999999,0.47368421052631576,0.4864864864864865,0.4594594594594595,0.47297297297297297,0.472972972972973,18,20,17,19,74
num_turns,low_is_c4,13.5,0.4799999999999999,0.47368421052631576,0.4864864864864865,0.4594594594594595,0.47297297297297297,0.472972972972973,18,20,17,19,74
num_turns,high_is_c4,14.5,0.17391304347826086,0.4444444444444444,0.10810810810810811,0.8648648648648649,0.4864864864864865,0.4864864864864865,4,5,32,33,74
num_turns,high_is_c4,20.5,0.052631578947368425,1.0,0.02702702702702703,1.0,0.5135135135135135,0.5135135135135135,1,0,37,36,74
num_turns,high_is_c4,21.0,0.052631578947368425,1.0,0.02702702702702703,1.0,0.5135135135135135,0.5135135135135135,1,0,37,36,74
num_turns,high_is_c4,19.0,0.05128205128205129,0.5,0.02702702702702703,0.972972972972973,0.5,0.5,1,1,36,36,74
num_turns,high_is_c4,17.0,0.05,0.3333333333333333,0.02702702702702703,0.9459459459459459,0.4864864864864865,0.4864864864864865,1,2,35,36,74
num_turns,high_is_c4,15.5,0.047619047619047616,0.2,0.02702702702702703,0.8918918918918919,0.4594594594594595,0.45945945945945943,1,4,33,36,74
worst_score,low_is_c4,0.1671193242602586,0.7157894736842105,0.5862068965517241,0.918918918918919,0.35135135135135137,0.6351351351351351,0.6351351351351352,34,24,13,3,74
worst_score,low_is_c4,0.13767042517371642,0.7111111111111112,0.6037735849056604,0.8648648648648649,0.43243243243243246,0.6486486486486487,0.6486486486486487,32,21,16,5,74
worst_score,low_is_c4,0.15355690725439655,0.7096774193548389,0.5892857142857143,0.8918918918918919,0.3783783783783784,0.6351351351351351,0.6351351351351351,33,23,14,4,74
worst_score,low_is_c4,0.17368458059843406,0.7083333333333333,0.576271186440678,0.918918918918919,0.32432432432432434,0.6216216216216216,0.6216216216216217,34,25,12,3,74
worst_score,low_is_c4,0.14377008637208571,0.7032967032967032,0.5925925925925926,0.8648648648648649,0.40540540540540543,0.6351351351351351,0.6351351351351352,32,22,15,5,74
worst_score,low_is_c4,0.16173348050344305,0.7021276595744681,0.5789473684210527,0.8918918918918919,0.35135135135135137,0.6216216216216216,0.6216216216216216,33,24,13,4,74
worst_score,low_is_c4,0.1899950240654799,0.7010309278350515,0.5666666666666667,0.918918918918919,0.2972972972972973,0.6081081081081081,0.6081081081081081,34,26,11,3,74
worst_score,low_is_c4,0.23375056359679033,0.7000000000000001,0.5555555555555556,0.9459459459459459,0.24324324324324326,0.5945945945945946,0.5945945945945946,35,28,9,2,74
worst_score,low_is_c4,0.13357703586888953,0.6966292134831461,0.5961538461538461,0.8378378378378378,0.43243243243243246,0.6351351351351351,0.6351351351351351,31,21,16,6,74
worst_score,low_is_c4,0.1493315905224541,0.6956521739130435,0.5818181818181818,0.8648648648648649,0.3783783783783784,0.6216216216216216,0.6216216216216217,32,23,14,5,74
worst_score,low_is_c4,0.20028707487447545,0.6938775510204082,0.5573770491803278,0.918918918918919,0.2702702702702703,0.5945945945945946,0.5945945945945946,34,27,10,3,74
worst_score,low_is_c4,0.2414178588435545,0.6930693069306929,0.546875,0.9459459459459459,0.21621621621621623,0.581081081081081,0.5810810810810811,35,29,8,2,74
worst_score,low_is_c4,0.21529462472618474,0.6868686868686869,0.5483870967741935,0.918918918918919,0.24324324324324326,0.581081081081081,0.5810810810810811,34,28,9,3,74
worst_score,low_is_c4,0.24755052403803912,0.6862745098039216,0.5384615384615384,0.9459459459459459,0.1891891891891892,0.5675675675675675,0.5675675675675675,35,30,7,2,74
worst_score,low_is_c4,0.1262060167542695,0.6818181818181819,0.5882352941176471,0.8108108108108109,0.43243243243243246,0.6216216216216216,0.6216216216216217,30,21,16,7,74
worst_score,high_is_c4,9.309711254607413e-09,0.6796116504854369,0.5303030303030303,0.9459459459459459,0.16216216216216217,0.5540540540540541,0.5540540540540541,35,31,6,2,74
worst_score,low_is_c4,0.24993066973563802,0.6796116504854369,0.5303030303030303,0.9459459459459459,0.16216216216216217,0.5540540540540541,0.5540540540540541,35,31,6,2,74
worst_score,high_is_c4,7.673076872397775e-09,0.673076923076923,0.5223880597014925,0.9459459459459459,0.13513513513513514,0.5405405405405406,0.5405405405405406,35,32,5,2,74
worst_score,low_is_c4,0.25212833283497327,0.673076923076923,0.5223880597014925,0.9459459459459459,0.13513513513513514,0.5405405405405406,0.5405405405405406,35,32,5,2,74
worst_score,high_is_c4,5.975798276790474e-09,0.6728971962616821,0.5142857142857142,0.972972972972973,0.08108108108108109,0.527027027027027,0.5270270270270271,36,34,3,1,74
worst_score,low_is_c4,0.28591543420342885,0.6728971962616821,0.5142857142857142,0.972972972972973,0.08108108108108109,0.527027027027027,0.5270270270270271,36,34,3,1,74
worst_score,low_is_c4,0.12015389702337337,0.6666666666666666,0.58,0.7837837837837838,0.43243243243243246,0.6081081081081081,0.6081081081081081,29,21,16,8,74
worst_score,high_is_c4,1.1953905872939839e-08,0.6666666666666666,0.5230769230769231,0.918918918918919,0.16216216216216217,0.5405405405405406,0.5405405405405406,34,31,6,3,74
worst_score,high_is_c4,3.2561386406568956e-09,0.6666666666666666,0.5070422535211268,0.972972972972973,0.05405405405405406,0.5135135135135135,0.5135135135135136,36,35,2,1,74
worst_score,low_is_c4,0.3081443021139087,0.6666666666666666,0.5070422535211268,0.972972972972973,0.05405405405405406,0.5135135135135135,0.5135135135135136,36,35,2,1,74
worst_score,high_is_c4,0.0,0.6666666666666666,0.5,1.0,0.0,0.5,0.5,37,37,0,0,74
worst_score,low_is_c4,0.4985531944937216,0.6666666666666666,0.5,1.0,0.0,0.5,0.5,37,37,0,0,74
worst_score,low_is_c4,0.26159915204561734,0.6666666666666665,0.5147058823529411,0.9459459459459459,0.10810810810810811,0.527027027027027,0.527027027027027,35,33,4,2,74
worst_score,high_is_c4,8.843487528469669e-10,0.6605504587155964,0.5,0.972972972972973,0.02702702702702703,0.5,0.5,36,36,1,1,74
worst_score,low_is_c4,0.3737831026268331,0.6605504587155964,0.5,0.972972972972973,0.02702702702702703,0.5,0.5,36,36,1,1,74
worst_score,high_is_c4,6.7714665731845314e-09,0.660377358490566,0.5072463768115942,0.9459459459459459,0.08108108108108109,0.5135135135135135,0.5135135135135135,35,34,3,2,74
worst_score,low_is_c4,0.2773270939078233,0.660377358490566,0.5072463768115942,0.9459459459459459,0.08108108108108109,0.5135135135135135,0.5135135135135135,35,34,3,2,74
worst_score,low_is_c4,0.11075663215245932,0.6588235294117648,0.5833333333333334,0.7567567567567568,0.4594594594594595,0.6081081081081081,0.6081081081081081,28,20,17,9,74
worst_score,low_is_c4,0.09356324703982358,0.6585365853658536,0.6,0.7297297297297297,0.5135135135135135,0.6216216216216216,0.6216216216216216,27,18,19,10,74
worst_score,high_is_c4,4.2960833095870547e-10,0.6545454545454545,0.4931506849315068,0.972972972972973,0.0,0.4864864864864865,0.4864864864864865,36,37,0,1,74
worst_score,low_is_c4,0.4579742690895758,0.6545454545454545,0.4931506849315068,0.972972972972973,0.0,0.4864864864864865,0.4864864864864865,36,37,0,1,74
worst_score,high_is_c4,1.4335194847923825e-08,0.6534653465346535,0.515625,0.8918918918918919,0.16216216216216217,0.527027027027027,0.527027027027027,33,31,6,4,74
worst_score,low_is_c4,0.11806141870837122,0.6511627906976745,0.5714285714285714,0.7567567567567568,0.43243243243243246,0.5945945945945946,0.5945945945945946,28,21,16,9,74
worst_score,low_is_c4,0.09791702315510761,0.6506024096385542,0.5869565217391305,0.7297297297297297,0.4864864864864865,0.6081081081081081,0.6081081081081081,27,19,18,10,74
worst_score,low_is_c4,0.10253896165343336,0.6428571428571429,0.574468085106383,0.7297297297297297,0.4594594594594595,0.5945945945945946,0.5945945945945946,27,20,17,10,74
worst_score,low_is_c4,0.08857097619375393,0.6419753086419754,0.5909090909090909,0.7027027027027027,0.5135135135135135,0.6081081081081081,0.6081081081081081,26,18,19,11,74
worst_score,low_is_c4,0.04836905744679697,0.64,0.631578947368421,0.6486486486486487,0.6216216216216216,0.6351351351351351,0.6351351351351351,24,14,23,13,74
worst_score,high_is_c4,1.624390386633642e-08,0.64,0.5079365079365079,0.8648648648648649,0.16216216216216217,0.5135135135135135,0.5135135135135136,32,31,6,5,74
worst_score,low_is_c4,0.08132633308890735,0.6329113924050633,0.5952380952380952,0.6756756756756757,0.5405405405405406,0.6081081081081081,0.6081081081081081,25,17,20,12,74
worst_score,low_is_c4,0.04923638932933125,0.631578947368421,0.6153846153846154,0.6486486486486487,0.5945945945945946,0.6216216216216216,0.6216216216216217,24,15,22,13,74
worst_score,high_is_c4,3.2084734103152195e-08,0.6262626262626263,0.5,0.8378378378378378,0.16216216216216217,0.5,0.5,31,31,6,6,74
worst_score,low_is_c4,0.08435949630139297,0.6250000000000001,0.5813953488372093,0.6756756756756757,0.5135135135135135,0.5945945945945946,0.5945945945945945,25,18,19,12,74
worst_score,low_is_c4,0.058149315909394456,0.6233766233766234,0.6,0.6486486486486487,0.5675675675675675,0.6081081081081081,0.6081081081081081,24,16,21,13,74
worst_score,low_is_c4,0.03272651315057373,0.6216216216216216,0.6216216216216216,0.6216216216216216,0.6216216216216216,0.6216216216216216,0.6216216216216216,23,14,23,14,74
worst_score,low_is_c4,0.01435988892200685,0.619718309859155,0.6470588235294118,0.5945945945945946,0.6756756756756757,0.6351351351351351,0.6351351351351351,22,12,25,15,74
worst_score,low_is_c4,0.07279146728470917,0.6153846153846153,0.5853658536585366,0.6486486486486487,0.5405405405405406,0.5945945945945946,0.5945945945945946,24,17,20,13,74
worst_score,high_is_c4,5.00347463812942e-08,0.6122448979591837,0.4918032786885246,0.8108108108108109,0.16216216216216217,0.4864864864864865,0.4864864864864865,30,31,6,7,74
worst_score,low_is_c4,0.01472143328749118,0.611111111111111,0.6285714285714286,0.5945945945945946,0.6486486486486487,0.6216216216216216,0.6216216216216217,22,13,24,15,74
worst_score,high_is_c4,7.393911028665057e-08,0.6041666666666666,0.4915254237288136,0.7837837837837838,0.1891891891891892,0.4864864864864865,0.4864864864864865,29,30,7,8,74
worst_score,low_is_c4,0.015980049529162803,0.6027397260273972,0.6111111111111112,0.5945945945945946,0.6216216216216216,0.6081081081081081,0.6081081081081081,22,14,23,15,74
worst_score,low_is_c4,0.012525267601655921,0.6000000000000001,0.6363636363636364,0.5675675675675675,0.6756756756756757,0.6216216216216216,0.6216216216216216,21,12,25,16,74
worst_score,high_is_c4,5.6696795461554505e-08,0.5979381443298969,0.48333333333333334,0.7837837837837838,0.16216216216216217,0.47297297297297297,0.47297297297297297,29,31,6,8,74
worst_score,high_is_c4,1.5175367442881634e-07,0.5894736842105263,0.4827586206896552,0.7567567567567568,0.1891891891891892,0.47297297297297297,0.472972972972973,28,30,7,9,74
worst_score,low_is_c4,0.006929958074790032,0.5797101449275363,0.625,0.5405405405405406,0.6756756756756757,0.6081081081081081,0.6081081081081081,20,12,25,17,74
worst_score,high_is_c4,2.2705091670668906e-07,0.5744680851063829,0.47368421052631576,0.7297297297297297,0.1891891891891892,0.4594594594594595,0.45945945945945943,27,30,7,10,74
worst_score,high_is_c4,7.16090559005948e-07,0.5617977528089887,0.4807692307692308,0.6756756756756757,0.2702702702702703,0.47297297297297297,0.47297297297297297,25,27,10,12,74
worst_score,high_is_c4,2.967003077242797e-07,0.5591397849462365,0.4642857142857143,0.7027027027027027,0.1891891891891892,0.44594594594594594,0.44594594594594594,26,30,7,11,74
worst_score,low_is_c4,0.0022408796337338847,0.5588235294117647,0.6129032258064516,0.5135135135135135,0.6756756756756757,0.5945945945945946,0.5945945945945945,19,12,25,18,74
worst_score,high_is_c4,4.967197732318184e-07,0.5555555555555556,0.4716981132075472,0.6756756756756757,0.24324324324324326,0.4594594594594595,0.45945945945945943,25,28,9,12,74
worst_score,high_is_c4,2.279083441074242e-06,0.5454545454545454,0.47058823529411764,0.6486486486486487,0.2702702702702703,0.4594594594594595,0.4594594594594595,24,27,10,13,74
worst_score,high_is_c4,3.739750016232408e-07,0.5434782608695652,0.45454545454545453,0.6756756756756757,0.1891891891891892,0.43243243243243246,0.43243243243243246,25,30,7,12,74
worst_score,low_is_c4,0.001603769648171219,0.5373134328358209,0.6,0.4864864864864865,0.6756756756756757,0.581081081081081,0.5810810810810811,18,12,25,19,74
worst_score,high_is_c4,6.870310348361195e-05,0.5348837209302325,0.46938775510204084,0.6216216216216216,0.2972972972972973,0.4594594594594595,0.45945945945945943,23,26,11,14,74
worst_score,high_is_c4,1.563116337649975e-05,0.5287356321839081,0.46,0.6216216216216216,0.2702702702702703,0.44594594594594594,0.44594594594594594,23,27,10,14,74
worst_score,high_is_c4,0.00024121931186294309,0.5176470588235293,0.4583333333333333,0.5945945945945946,0.2972972972972973,0.44594594594594594,0.44594594594594594,22,26,11,15,74
worst_score,low_is_c4,0.0012549160969969205,0.5151515151515151,0.5862068965517241,0.4594594594594595,0.6756756756756757,0.5675675675675675,0.5675675675675675,17,12,25,20,74
worst_score,high_is_c4,0.0006832887682013426,0.506024096385542,0.45652173913043476,0.5675675675675675,0.32432432432432434,0.44594594594594594,0.44594594594594594,21,25,12,16,74
worst_score,low_is_c4,0.0004140471182143627,0.5,0.5925925925925926,0.43243243243243246,0.7027027027027027,0.5675675675675675,0.5675675675675675,16,11,26,21,74
worst_score,high_is_c4,0.0004140471182143627,0.5,0.44680851063829785,0.5675675675675675,0.2972972972972973,0.43243243243243246,0.43243243243243246,21,26,11,16,74
worst_score,low_is_c4,0.0006832887682013426,0.49230769230769234,0.5714285714285714,0.43243243243243246,0.6756756756756757,0.5540540540540541,0.5540540540540541,16,12,25,21,74
worst_score,high_is_c4,0.0012549160969969205,0.4878048780487805,0.4444444444444444,0.5405405405405406,0.32432432432432434,0.43243243243243246,0.43243243243243246,20,25,12,17,74
worst_score,low_is_c4,0.00024121931186294309,0.47619047619047616,0.5769230769230769,0.40540540540540543,0.7027027027027027,0.5540540540540541,0.5540540540540541,15,11,26,22,74
worst_score,high_is_c4,0.001603769648171219,0.46913580246913583,0.4318181818181818,0.5135135135135135,0.32432432432432434,0.4189189189189189,0.4189189189189189,19,25,12,18,74
worst_score,low_is_c4,1.563116337649975e-05,0.45901639344262296,0.5833333333333334,0.3783783783783784,0.7297297297297297,0.5540540540540541,0.5540540540540541,14,10,27,23,74
worst_score,low_is_c4,6.870310348361195e-05,0.4516129032258065,0.56,0.3783783783783784,0.7027027027027027,0.5405405405405406,0.5405405405405406,14,11,26,23,74
worst_score,high_is_c4,0.0022408796337338847,0.45,0.4186046511627907,0.4864864864864865,0.32432432432432434,0.40540540540540543,0.40540540540540543,18,25,12,19,74
worst_score,low_is_c4,2.279083441074242e-06,0.43333333333333335,0.5652173913043478,0.35135135135135137,0.7297297297297297,0.5405405405405406,0.5405405405405406,13,10,27,24,74
worst_score,high_is_c4,0.006929958074790032,0.430379746835443,0.40476190476190477,0.4594594594594595,0.32432432432432434,0.3918918918918919,0.3918918918918919,17,25,12,20,74
worst_score,low_is_c4,3.739750016232408e-07,0.42857142857142855,0.631578947368421,0.32432432432432434,0.8108108108108109,0.5675675675675675,0.5675675675675675,12,7,30,25,74
worst_score,low_is_c4,4.967197732318184e-07,0.41379310344827586,0.5714285714285714,0.32432432432432434,0.7567567567567568,0.5405405405405406,0.5405405405405406,12,9,28,25,74
worst_score,high_is_c4,0.012525267601655921,0.4102564102564103,0.3902439024390244,0.43243243243243246,0.32432432432432434,0.3783783783783784,0.3783783783783784,16,25,12,21,74
worst_score,low_is_c4,7.16090559005948e-07,0.4067796610169491,0.5454545454545454,0.32432432432432434,0.7297297297297297,0.527027027027027,0.527027027027027,12,10,27,25,74
worst_score,high_is_c4,0.015980049529162803,0.4,0.39473684210526316,0.40540540540540543,0.3783783783783784,0.3918918918918919,0.3918918918918919,15,23,14,22,74
worst_score,low_is_c4,2.967003077242797e-07,0.39999999999999997,0.6111111111111112,0.2972972972972973,0.8108108108108109,0.5540540540540541,0.5540540540540541,11,7,30,26,74
worst_score,high_is_c4,0.01472143328749118,0.39473684210526316,0.38461538461538464,0.40540540540540543,0.35135135135135137,0.3783783783783784,0.3783783783783784,15,24,13,22,74
worst_score,high_is_c4,0.01435988892200685,0.3896103896103896,0.375,0.40540540540540543,0.32432432432432434,0.36486486486486486,0.3648648648648649,15,25,12,22,74
worst_score,high_is_c4,0.03272651315057373,0.37837837837837834,0.3783783783783784,0.3783783783783784,0.3783783783783784,0.3783783783783784,0.3783783783783784,14,23,14,23,74
worst_score,high_is_c4,0.07279146728470917,0.37142857142857144,0.3939393939393939,0.35135135135135137,0.4594594594594595,0.40540540540540543,0.40540540540540543,13,20,17,24,74
worst_score,low_is_c4,2.2705091670668906e-07,0.37037037037037035,0.5882352941176471,0.2702702702702703,0.8108108108108109,0.5405405405405406,0.5405405405405406,10,7,30,27,74
worst_score,high_is_c4,0.058149315909394456,0.3661971830985916,0.38235294117647056,0.35135135135135137,0.43243243243243246,0.3918918918918919,0.3918918918918919,13,21,16,24,74
worst_score,high_is_c4,0.04923638932933125,0.36111111111111116,0.37142857142857144,0.35135135135135137,0.40540540540540543,0.3783783783783784,0.3783783783783784,13,22,15,24,74
worst_score,high_is_c4,0.04836905744679697,0.3561643835616438,0.3611111111111111,0.35135135135135137,0.3783783783783784,0.36486486486486486,0.3648648648648649,13,23,14,24,74
worst_score,high_is_c4,0.08435949630139297,0.3529411764705882,0.3870967741935484,0.32432432432432434,0.4864864864864865,0.40540540540540543,0.40540540540540543,12,19,18,25,74
worst_score,high_is_c4,0.08132633308890735,0.34782608695652173,0.375,0.32432432432432434,0.4594594594594595,0.3918918918918919,0.3918918918918919,12,20,17,25,74
worst_score,low_is_c4,1.5175367442881634e-07,0.339622641509434,0.5625,0.24324324324324326,0.8108108108108109,0.527027027027027,0.5270270270270271,9,7,30,28,74
worst_score,high_is_c4,0.08857097619375393,0.3283582089552239,0.36666666666666664,0.2972972972972973,0.4864864864864865,0.3918918918918919,0.3918918918918919,11,19,18,26,74
worst_score,low_is_c4,5.6696795461554505e-08,0.3137254901960784,0.5714285714285714,0.21621621621621623,0.8378378378378378,0.527027027027027,0.527027027027027,8,6,31,29,74
worst_score,high_is_c4,0.10253896165343336,0.3125,0.37037037037037035,0.2702702702702703,0.5405405405405406,0.40540540540540543,0.40540540540540543,10,17,20,27,74
worst_score,low_is_c4,7.393911028665057e-08,0.3076923076923077,0.5333333333333333,0.21621621621621623,0.8108108108108109,0.5135135135135135,0.5135135135135136,8,7,30,29,74
worst_score,high_is_c4,0.09791702315510761,0.3076923076923077,0.35714285714285715,0.2702702702702703,0.5135135135135135,0.3918918918918919,0.3918918918918919,10,18,19,27,74
worst_score,high_is_c4,0.09356324703982358,0.30303030303030304,0.3448275862068966,0.2702702702702703,0.4864864864864865,0.3783783783783784,0.3783783783783784,10,19,18,27,74
worst_score,high_is_c4,0.11806141870837122,0.2903225806451613,0.36,0.24324324324324326,0.5675675675675675,0.40540540540540543,0.4054054054054054,9,16,21,28,74
worst_score,high_is_c4,0.11075663215245932,0.2857142857142857,0.34615384615384615,0.24324324324324326,0.5405405405405406,0.3918918918918919,0.3918918918918919,9,17,20,28,74
worst_score,low_is_c4,5.00347463812942e-08,0.28,0.5384615384615384,0.1891891891891892,0.8378378378378378,0.5135135135135135,0.5135135135135135,7,6,31,30,74
worst_score,high_is_c4,0.12015389702337337,0.26229508196721313,0.3333333333333333,0.21621621621621623,0.5675675675675675,0.3918918918918919,0.3918918918918919,8,16,21,29,74
worst_score,low_is_c4,3.2084734103152195e-08,0.2448979591836735,0.5,0.16216216216216217,0.8378378378378378,0.5,0.5,6,6,31,31,74
worst_score,high_is_c4,0.1262060167542695,0.23333333333333334,0.30434782608695654,0.1891891891891892,0.5675675675675675,0.3783783783783784,0.3783783783783784,7,16,21,30,74
worst_score,low_is_c4,1.624390386633642e-08,0.20833333333333334,0.45454545454545453,0.13513513513513514,0.8378378378378378,0.4864864864864865,0.4864864864864865,5,6,31,32,74
worst_score,high_is_c4,0.13357703586888953,0.20338983050847456,0.2727272727272727,0.16216216216216217,0.5675675675675675,0.36486486486486486,0.36486486486486486,6,16,21,31,74
worst_score,high_is_c4,0.1493315905224541,0.17857142857142858,0.2631578947368421,0.13513513513513514,0.6216216216216216,0.3783783783783784,0.3783783783783784,5,14,23,32,74
worst_score,high_is_c4,0.14377008637208571,0.1754385964912281,0.25,0.13513513513513514,0.5945945945945946,0.36486486486486486,0.3648648648648649,5,15,22,32,74
worst_score,high_is_c4,0.13767042517371642,0.1724137931034483,0.23809523809523808,0.13513513513513514,0.5675675675675675,0.35135135135135137,0.3513513513513513,5,16,21,32,74
worst_score,low_is_c4,1.4335194847923825e-08,0.1702127659574468,0.4,0.10810810810810811,0.8378378378378378,0.47297297297297297,0.47297297297297297,4,6,31,33,74
worst_score,high_is_c4,0.16173348050344305,0.14814814814814817,0.23529411764705882,0.10810810810810811,0.6486486486486487,0.3783783783783784,0.3783783783783784,4,13,24,33,74
worst_score,high_is_c4,0.15355690725439655,0.14545454545454545,0.2222222222222222,0.10810810810810811,0.6216216216216216,0.36486486486486486,0.36486486486486486,4,14,23,33,74
worst_score,low_is_c4,1.1953905872939839e-08,0.13043478260869568,0.3333333333333333,0.08108108108108109,0.8378378378378378,0.4594594594594595,0.45945945945945943,3,6,31,34,74
worst_score,high_is_c4,0.21529462472618474,0.12244897959183675,0.25,0.08108108108108109,0.7567567567567568,0.4189189189189189,0.41891891891891897,3,9,28,34,74
worst_score,high_is_c4,0.20028707487447545,0.12,0.23076923076923078,0.08108108108108109,0.7297297297297297,0.40540540540540543,0.4054054054054054,3,10,27,34,74
worst_score,high_is_c4,0.1899950240654799,0.11764705882352942,0.21428571428571427,0.08108108108108109,0.7027027027027027,0.3918918918918919,0.3918918918918919,3,11,26,34,74
worst_score,high_is_c4,0.17368458059843406,0.11538461538461539,0.2,0.08108108108108109,0.6756756756756757,0.3783783783783784,0.3783783783783784,3,12,25,34,74
worst_score,high_is_c4,0.1671193242602586,0.11320754716981132,0.1875,0.08108108108108109,0.6486486486486487,0.36486486486486486,0.3648648648648649,3,13,24,34,74
worst_score,high_is_c4,0.2773270939078233,0.09523809523809523,0.4,0.05405405405405406,0.918918918918919,0.4864864864864865,0.4864864864864865,2,3,34,35,74
worst_score,low_is_c4,6.7714665731845314e-09,0.09523809523809523,0.4,0.05405405405405406,0.918918918918919,0.4864864864864865,0.4864864864864865,2,3,34,35,74
worst_score,high_is_c4,0.26159915204561734,0.09302325581395349,0.3333333333333333,0.05405405405405406,0.8918918918918919,0.47297297297297297,0.47297297297297297,2,4,33,35,74
worst_score,high_is_c4,0.25212833283497327,0.09090909090909091,0.2857142857142857,0.05405405405405406,0.8648648648648649,0.4594594594594595,0.4594594594594595,2,5,32,35,74
worst_score,low_is_c4,7.673076872397775e-09,0.09090909090909091,0.2857142857142857,0.05405405405405406,0.8648648648648649,0.4594594594594595,0.4594594594594595,2,5,32,35,74
worst_score,high_is_c4,0.24993066973563802,0.08888888888888889,0.25,0.05405405405405406,0.8378378378378378,0.44594594594594594,0.44594594594594594,2,6,31,35,74
worst_score,low_is_c4,9.309711254607413e-09,0.08888888888888889,0.25,0.05405405405405406,0.8378378378378378,0.44594594594594594,0.44594594594594594,2,6,31,35,74
worst_score,high_is_c4,0.24755052403803912,0.08695652173913043,0.2222222222222222,0.05405405405405406,0.8108108108108109,0.43243243243243246,0.43243243243243246,2,7,30,35,74
worst_score,high_is_c4,0.2414178588435545,0.0851063829787234,0.2,0.05405405405405406,0.7837837837837838,0.4189189189189189,0.4189189189189189,2,8,29,35,74
worst_score,high_is_c4,0.23375056359679033,0.08333333333333334,0.18181818181818182,0.05405405405405406,0.7567567567567568,0.40540540540540543,0.40540540540540543,2,9,28,35,74
worst_score,high_is_c4,0.4579742690895758,0.052631578947368425,1.0,0.02702702702702703,1.0,0.5135135135135135,0.5135135135135135,1,0,37,36,74
worst_score,high_is_c4,0.4985531944937216,0.052631578947368425,1.0,0.02702702702702703,1.0,0.5135135135135135,0.5135135135135135,1,0,37,36,74
worst_score,low_is_c4,0.0,0.052631578947368425,1.0,0.02702702702702703,1.0,0.5135135135135135,0.5135135135135135,1,0,37,36,74
worst_score,low_is_c4,4.2960833095870547e-10,0.052631578947368425,1.0,0.02702702702702703,1.0,0.5135135135135135,0.5135135135135135,1,0,37,36,74
worst_score,high_is_c4,0.3737831026268331,0.05128205128205129,0.5,0.02702702702702703,0.972972972972973,0.5,0.5,1,1,36,36,74
worst_score,low_is_c4,8.843487528469669e-10,0.05128205128205129,0.5,0.02702702702702703,0.972972972972973,0.5,0.5,1,1,36,36,74
worst_score,high_is_c4,0.3081443021139087,0.05,0.3333333333333333,0.02702702702702703,0.9459459459459459,0.4864864864864865,0.4864864864864865,1,2,35,36,74
worst_score,low_is_c4,3.2561386406568956e-09,0.05,0.3333333333333333,0.02702702702702703,0.9459459459459459,0.4864864864864865,0.4864864864864865,1,2,35,36,74
worst_score,high_is_c4,0.28591543420342885,0.04878048780487805,0.25,0.02702702702702703,0.918918918918919,0.47297297297297297,0.472972972972973,1,3,34,36,74
worst_score,low_is_c4,5.975798276790474e-09,0.04878048780487805,0.25,0.02702702702702703,0.918918918918919,0.47297297297297297,0.472972972972973,1,3,34,36,74
