c2_coding_low05_rate,c2_low05_rate,c2_low_turn_avg_output_items,c2_low_turn_count,c2_max_low_run,c2_num_turns,c2_programmer_low05_rate,c2_repetition_symptom_score,c2_reviewmod_low05_rate,c2_score_std,consistency_score_file_iqr,consistency_score_file_max,consistency_score_file_mean,consistency_score_file_median,consistency_score_file_min,consistency_score_file_q10,consistency_score_file_q25,consistency_score_file_q75,consistency_score_file_std,entropy_normalized,failure_sensitive_score,file_name,high_density_score_0_8,high_low_gap_0_6_0_2,high_low_gap_0_6_0_3,high_low_gap_0_6_0_4,high_low_gap_0_7_0_2,high_low_gap_0_7_0_3,high_low_gap_0_7_0_4,high_low_gap_0_7_0_5,high_low_gap_0_8_0_2,high_low_gap_0_8_0_3,high_low_gap_0_8_0_4,high_low_gap_0_8_0_5,high_low_gap_0_9_0_3,high_low_gap_0_9_0_4,high_low_gap_0_9_0_5,high_low_half_penalty_0_6_0_2,high_low_half_penalty_0_6_0_3,high_low_half_penalty_0_6_0_4,high_low_half_penalty_0_7_0_2,high_low_half_penalty_0_7_0_3,high_low_half_penalty_0_7_0_4,high_low_half_penalty_0_7_0_5,high_low_half_penalty_0_8_0_2,high_low_half_penalty_0_8_0_3,high_low_half_penalty_0_8_0_4,high_low_half_penalty_0_8_0_5,high_low_half_penalty_0_9_0_3,high_low_half_penalty_0_9_0_4,high_low_half_penalty_0_9_0_5,high_low_ratio_0_8_over_0_2,high_low_ratio_0_8_over_0_2_smoothed,high_score_rate_0_1,high_score_rate_0_2,high_score_rate_0_3,high_score_rate_0_4,high_score_rate_0_5,high_score_rate_0_6,high_score_rate_0_7,high_score_rate_0_8,high_score_rate_0_9,label,low_score_rate_0_1,low_score_rate_0_2,low_score_rate_0_3,low_score_rate_0_4,low_score_rate_0_5,low_score_rate_0_6,low_score_rate_0_7,low_score_rate_0_8,low_score_rate_0_9,low_tail_penalty_score,mean_minus_std_score,num_phases,num_roles,num_turns,raw_labels,source_files,strict_high_low_gap_0_9_0_5,user_demand,worst_phase,worst_role,worst_score,worst_turn
0.0,0.2857142857142857,4.5,4.0,2.0,14.0,0.0,-0.4616941908622623,0.0,0.30919600760935334,0.3488406620598478,0.9999998490368993,0.6306678717800678,0.7407100708759531,0.004070137939983506,0.12797585824262087,0.4669337358327407,0.8157743978925885,0.30919600760935334,0.8549912206176892,0.44268855162804244,ChatDev_ProgramDev2_GPT4o_0_scored.json,0.18019082050859078,0.5714285714285714,0.5,0.5,0.5,0.4285714285714286,0.4285714285714286,0.3571428571428572,0.14285714285714285,0.07142857142857142,0.07142857142857142,0.0,0.0,0.0,-0.07142857142857142,0.6428571428571429,0.6071428571428572,0.6071428571428572,0.5714285714285715,0.5357142857142858,0.5357142857142858,0.5,0.21428571428571427,0.17857142857142855,0.17857142857142855,0.14285714285714285,0.10714285714285714,0.10714285714285714,0.07142857142857142,2.0,1.6666666666666667,0.8571428571428571,0.8571428571428571,0.7857142857142857,0.7857142857142857,0.7142857142857143,0.7142857142857143,0.6428571428571429,0.2857142857142857,0.21428571428571427,c0,0.14285714285714285,0.14285714285714285,0.21428571428571427,0.21428571428571427,0.2857142857142857,0.2857142857142857,0.35714285714285715,0.7142857142857143,0.7857142857142857,0.48781072892292493,0.32147186417071444,8,5,14,0.0,0.0\ChatDev_ProgramDev2_GPT4o_0_scored.json,-0.07142857142857142,Create a CLI tool that takes a text file path as input and outputs the total word count. The tool should handle basic punctuation and count sequences of alphanumeric characters as words. Output the count to the console.,CodeReviewComment,Code Reviewer,0.004070137939983506,3
0.0,0.3076923076923077,8.75,4.0,2.0,13.0,0.16666666666666666,-0.27906238589375165,0.3333333333333333,0.34526100811538724,0.6165794026326253,0.9999999052085912,0.6168160369624254,0.7271637444536396,7.087897679914885e-10,0.08408669212226472,0.30915508511752854,0.9257344877501539,0.34526100811538724,0.9190368861092725,0.43177122608633467,ChatDev_ProgramDev2_GPT4o_13_scored.json,0.23723693729324055,0.46153846153846156,0.38461538461538464,0.3076923076923077,0.3846153846153846,0.30769230769230765,0.23076923076923073,0.23076923076923073,0.23076923076923078,0.15384615384615385,0.07692307692307693,0.07692307692307693,0.07692307692307693,0.0,0.0,0.5384615384615385,0.5,0.46153846153846156,0.4615384615384615,0.423076923076923,0.3846153846153846,0.3846153846153846,0.3076923076923077,0.2692307692307693,0.23076923076923078,0.23076923076923078,0.19230769230769232,0.15384615384615385,0.15384615384615385,2.5,2.0,0.8461538461538461,0.8461538461538461,0.7692307692307693,0.6923076923076923,0.6923076923076923,0.6153846153846154,0.5384615384615384,0.38461538461538464,0.3076923076923077,c0,0.15384615384615385,0.15384615384615385,0.23076923076923078,0.3076923076923077,0.3076923076923077,0.38461538461538464,0.46153846153846156,0.6153846153846154,0.6923076923076923,0.4629698831162715,0.27155502884703814,7,4,13,0.0,0.0\ChatDev_ProgramDev2_GPT4o_13_scored.json,0.0,Create a CLI tool that displays a random quote from a predefined list of quotes stored in a text file. Each execution should show a different quote.,DemandAnalysis,Chief Product Officer,7.087897679914885e-10,2
0.0,0.3076923076923077,2.5,4.0,2.0,13.0,0.2,-0.6849120300994904,0.0,0.3055015087685404,0.40114691222037413,0.9999998843221187,0.6430871397034015,0.7147756485908717,0.017986213607610962,0.14293567941874902,0.47550674635455004,0.8766536585749242,0.3055015087685404,0.856087393862389,0.45555686187466427,ChatDev_ProgramDev2_GPT4o_14_scored.json,0.29680944909387763,0.5384615384615384,0.5384615384615384,0.4615384615384615,0.46153846153846156,0.46153846153846156,0.38461538461538464,0.3076923076923077,0.3076923076923077,0.3076923076923077,0.23076923076923078,0.15384615384615385,0.0,-0.07692307692307693,-0.15384615384615385,0.6153846153846154,0.6153846153846154,0.5769230769230769,0.5384615384615385,0.5384615384615385,0.5,0.46153846153846156,0.38461538461538464,0.38461538461538464,0.34615384615384615,0.3076923076923077,0.07692307692307693,0.038461538461538464,0.0,3.0,2.3333333333333335,0.8461538461538461,0.8461538461538461,0.8461538461538461,0.7692307692307693,0.6923076923076923,0.6923076923076923,0.6153846153846154,0.46153846153846156,0.15384615384615385,c0,0.15384615384615385,0.15384615384615385,0.15384615384615385,0.23076923076923078,0.3076923076923077,0.3076923076923077,0.38461538461538464,0.5384615384615384,0.8461538461538461,0.4892409858572476,0.3375856309348611,8,5,13,0.0,0.0\ChatDev_ProgramDev2_GPT4o_14_scored.json,-0.15384615384615385,"Develop a CLI utility to calculate and display the total size of a directory and its subdirectories. The output should be human-readable (e.g., KB, MB, GB).",CodeReviewComment,Code Reviewer,0.017986213607610962,2
1.0,0.3076923076923077,7,4.0,2.0,13.0,0.2,-0.16879999957148967,0.0,0.29866023532868463,0.5325055916012618,0.9999998616063754,0.6077229498764952,0.6471673440908801,0.0007732899012368736,0.25034242495062414,0.3373106865659631,0.8698162781672248,0.29866023532868463,0.9061046786569098,0.42563805188391773,ChatDev_ProgramDev2_GPT4o_16_scored.json,0.18699167688507545,0.5384615384615385,0.46153846153846156,0.3076923076923077,0.3076923076923077,0.23076923076923078,0.07692307692307693,0.07692307692307693,0.23076923076923078,0.15384615384615385,0.0,0.0,0.07692307692307693,-0.07692307692307693,-0.07692307692307693,0.576923076923077,0.5384615384615385,0.46153846153846156,0.34615384615384615,0.3076923076923077,0.23076923076923078,0.23076923076923078,0.2692307692307693,0.23076923076923078,0.15384615384615385,0.15384615384615385,0.15384615384615385,0.07692307692307693,0.07692307692307693,4.0,2.5,0.9230769230769231,0.9230769230769231,0.8461538461538461,0.6923076923076923,0.6923076923076923,0.6153846153846154,0.38461538461538464,0.3076923076923077,0.23076923076923078,c0,0.07692307692307693,0.07692307692307693,0.15384615384615385,0.3076923076923077,0.3076923076923077,0.38461538461538464,0.6153846153846154,0.6923076923076923,0.7692307692307693,0.5307998729534182,0.3090627145478106,8,5,13,0.0,0.0\ChatDev_ProgramDev2_GPT4o_16_scored.json,-0.07692307692307693,"Write a CLI tool that fetches and displays the current weather for a given city using a public weather API (e.g., OpenWeatherMap). The user provides the city name.",CodeReviewComment,Code Reviewer,0.0007732899012368736,2
0.0,0.5,10.444444444444445,9.0,5.0,18.0,0.625,1.081637765786975,1.0,0.3066888887286529,0.5615950445480223,0.999992095896605,0.6039294163743822,0.5340493607067589,0.08230904733307715,0.25223993985803067,0.33762544551377127,0.8992204900617936,0.3066888887286529,0.7909769782074465,0.4474433056619907,ChatDev_ProgramDev2_GPT4o_1_scored.json,0.26841307394416986,0.3333333333333333,0.2777777777777778,0.1111111111111111,0.3333333333333333,0.2777777777777778,0.1111111111111111,-0.05555555555555558,0.3333333333333333,0.2777777777777778,0.1111111111111111,-0.05555555555555558,0.11111111111111113,-0.055555555555555525,-0.2222222222222222,0.38888888888888884,0.3611111111111111,0.2777777777777778,0.38888888888888884,0.3611111111111111,0.2777777777777778,0.19444444444444442,0.38888888888888884,0.3611111111111111,0.2777777777777778,0.19444444444444442,0.19444444444444448,0.11111111111111113,0.02777777777777779,4.0,3.0,0.9444444444444444,0.8888888888888888,0.8333333333333334,0.6666666666666666,0.5,0.4444444444444444,0.4444444444444444,0.4444444444444444,0.2777777777777778,c0,0.05555555555555555,0.1111111111111111,0.16666666666666666,0.3333333333333333,0.5,0.5555555555555556,0.5555555555555556,0.5555555555555556,0.7222222222222222,0.49281830526327114,0.29724052764572934,9,5,18,0.0,0.0\ChatDev_ProgramDev2_GPT4o_1_scored.json,-0.2222222222222222,"Develop a CLI utility that generates a visual tree structure of a given directory. The output should represent directories and files, indenting subdirectories and their contents. Allow specifying a maximum depth for the tree.",CodeReviewModification,Programmer,0.08230904733307715,2
1.0,0.6428571428571429,6.666666666666667,9.0,4.0,14.0,0.6,0.3904594850476847,0.3333333333333333,0.31073485162585374,0.47032517760045633,0.9999994862849443,0.4011699710598703,0.39521830861717977,0.0005527785265734312,0.014171698964159905,0.10685652011016267,0.577181697710619,0.31073485162585374,0.8286967871818544,0.2809848132998812,ChatDev_ProgramDev2_GPT4o_20_scored.json,0.057309995865695754,-0.14285714285714285,-0.2142857142857143,-0.35714285714285715,-0.14285714285714285,-0.2142857142857143,-0.35714285714285715,-0.5,-0.14285714285714285,-0.2142857142857143,-0.35714285714285715,-0.5,-0.2142857142857143,-0.35714285714285715,-0.5,0.0,-0.035714285714285726,-0.10714285714285715,0.0,-0.035714285714285726,-0.10714285714285715,-0.1785714285714286,0.0,-0.035714285714285726,-0.10714285714285715,-0.1785714285714286,-0.035714285714285726,-0.10714285714285715,-0.1785714285714286,0.5,0.6,0.7142857142857143,0.7142857142857143,0.6428571428571429,0.5,0.35714285714285715,0.14285714285714285,0.14285714285714285,0.14285714285714285,0.14285714285714285,c0,0.2857142857142857,0.2857142857142857,0.35714285714285715,0.5,0.6428571428571429,0.8571428571428571,0.8571428571428571,0.8571428571428571,0.8571428571428571,0.11545568534558459,0.09043511943401655,8,5,14,0.0,0.0\ChatDev_ProgramDev2_GPT4o_20_scored.json,-0.5,Write a CLI utility to calculate and display the MD5 and SHA256 checksums of a given file. The user provides the file path.,CodeReviewComment,Code Reviewer,0.0005527785265734312,3
0.0,0.35714285714285715,8.2,5.0,2.0,14.0,0.3333333333333333,-0.18968245278459117,0.3333333333333333,0.3247391324985784,0.5393608748955881,0.9999998322556168,0.6647425525884397,0.7283893515270421,5.829127258796956e-05,0.263972000004946,0.4517283234200157,0.9910891983156038,0.3247391324985784,0.8932941324021465,0.46533727419368415,ChatDev_ProgramDev2_GPT4o_22_scored.json,0.28488966539504557,0.5,0.3571428571428571,0.3571428571428571,0.4285714285714286,0.2857142857142857,0.2857142857142857,0.14285714285714285,0.3571428571428571,0.21428571428571427,0.21428571428571427,0.0714285714285714,0.21428571428571427,0.21428571428571427,0.0714285714285714,0.5357142857142857,0.46428571428571425,0.46428571428571425,0.4642857142857143,0.39285714285714285,0.39285714285714285,0.3214285714285714,0.39285714285714285,0.3214285714285714,0.3214285714285714,0.24999999999999997,0.3214285714285714,0.3214285714285714,0.24999999999999997,6.0,3.5,0.9285714285714286,0.9285714285714286,0.7857142857142857,0.7857142857142857,0.6428571428571429,0.5714285714285714,0.5,0.42857142857142855,0.42857142857142855,c0,0.07142857142857142,0.07142857142857142,0.21428571428571427,0.21428571428571427,0.35714285714285715,0.42857142857142855,0.5,0.5714285714285714,0.5714285714285714,0.5933139811598683,0.34000342008986134,7,4,14,0.0,0.0\ChatDev_ProgramDev2_GPT4o_22_scored.json,0.0714285714285714,"Develop a simple CLI contact book. Allow users to add, view, search, and delete contacts (name, phone number, email). Store contacts in a plain text or CSV file.",CodeReviewComment,Code Reviewer,5.829127258796956e-05,2
0.0,0.15384615384615385,4.5,2.0,1.0,13.0,0.0,-0.8215295400432722,0.0,0.2836779866791151,0.2887373229365958,0.9999998402344648,0.7569115412577817,0.7504631826495819,0.016734273836274866,0.4005809842938856,0.7001476586977994,0.9888849816343952,0.2836779866791151,0.6952544476781385,0.5348583610313297,ChatDev_ProgramDev2_GPT4o_23_scored.json,0.34934378827282236,0.7692307692307692,0.7692307692307692,0.6923076923076923,0.6923076923076923,0.6923076923076923,0.6153846153846154,0.6153846153846154,0.38461538461538464,0.38461538461538464,0.3076923076923077,0.3076923076923077,0.38461538461538464,0.3076923076923077,0.3076923076923077,0.8076923076923077,0.8076923076923077,0.7692307692307692,0.7307692307692308,0.7307692307692308,0.6923076923076923,0.6923076923076923,0.42307692307692313,0.42307692307692313,0.38461538461538464,0.38461538461538464,0.42307692307692313,0.38461538461538464,0.38461538461538464,6.0,3.5,0.9230769230769231,0.9230769230769231,0.9230769230769231,0.8461538461538461,0.8461538461538461,0.8461538461538461,0.7692307692307693,0.46153846153846156,0.46153846153846156,c0,0.07692307692307693,0.07692307692307693,0.07692307692307693,0.15384615384615385,0.15384615384615385,0.15384615384615385,0.23076923076923078,0.5384615384615384,0.5384615384615384,0.6799884643347047,0.4732335545786666,8,5,13,0.0,0.0\ChatDev_ProgramDev2_GPT4o_23_scored.json,0.3076923076923077,"Build a CLI tool that checks the strength of a given password. It should evaluate criteria like length, use of uppercase/lowercase letters, numbers, and special characters, providing a strength score or rating.",CodeReviewComment,Code Reviewer,0.016734273836274866,1
0.0,0.23076923076923078,3,3.0,3.0,13.0,0.0,-0.4726638156092857,0.0,0.3339822971971451,0.3340036403798399,0.9999998760708176,0.5968341483128357,0.6666815112569209,0.0019267342527389902,0.03524854582025028,0.5000005439218479,0.8340041843016878,0.3339822971971451,0.8398467466456184,0.41836192409480666,ChatDev_ProgramDev2_GPT4o_24_scored.json,0.18364127640394945,0.38461538461538464,0.38461538461538464,0.38461538461538464,0.23076923076923078,0.23076923076923078,0.23076923076923078,0.23076923076923078,0.07692307692307693,0.07692307692307693,0.07692307692307693,0.07692307692307693,0.0,0.0,0.0,0.5,0.5,0.5,0.34615384615384615,0.34615384615384615,0.34615384615384615,0.34615384615384615,0.19230769230769232,0.19230769230769232,0.19230769230769232,0.19230769230769232,0.11538461538461539,0.11538461538461539,0.11538461538461539,1.3333333333333333,1.25,0.8461538461538461,0.7692307692307693,0.7692307692307693,0.7692307692307693,0.7692307692307693,0.6153846153846154,0.46153846153846156,0.3076923076923077,0.23076923076923078,c0,0.15384615384615385,0.23076923076923078,0.23076923076923078,0.23076923076923078,0.23076923076923078,0.38461538461538464,0.5384615384615384,0.6923076923076923,0.7692307692307693,0.3660649175436049,0.26285185111569054,7,4,13,0.0,0.0\ChatDev_ProgramDev2_GPT4o_24_scored.json,0.0,"Write a CLI utility to convert text to various cases: uppercase, lowercase, title case, sentence case. The tool takes a string as input or reads from a file.",CodeReviewComment,Code Reviewer,0.0019267342527389902,3
0.0,0.23076923076923078,1.6666666666666667,3.0,2.0,13.0,0.0,-0.6003546716345672,0.0,0.33702119614849985,0.1986507625795929,1.0,0.6863110602617168,0.7477532587918132,0.005220125868449866,0.07078220377575328,0.6991365198583945,0.8977872824379874,0.33702119614849985,0.748580172237067,0.4819837799437367,ChatDev_ProgramDev2_GPT4o_25_scored.json,0.31675895089002315,0.6153846153846154,0.6153846153846154,0.5384615384615385,0.5384615384615384,0.5384615384615384,0.4615384615384615,0.4615384615384615,0.3076923076923077,0.3076923076923077,0.23076923076923078,0.23076923076923078,0.07692307692307693,0.0,0.0,0.6923076923076923,0.6923076923076923,0.6538461538461539,0.6153846153846154,0.6153846153846154,0.5769230769230769,0.5769230769230769,0.38461538461538464,0.38461538461538464,0.34615384615384615,0.34615384615384615,0.15384615384615385,0.11538461538461539,0.11538461538461539,3.0,2.3333333333333335,0.8461538461538461,0.8461538461538461,0.8461538461538461,0.7692307692307693,0.7692307692307693,0.7692307692307693,0.6923076923076923,0.46153846153846156,0.23076923076923078,c0,0.15384615384615385,0.15384615384615385,0.15384615384615385,0.23076923076923078,0.23076923076923078,0.23076923076923078,0.3076923076923077,0.5384615384615384,0.7692307692307693,0.532464906415563,0.349289864113217,8,5,13,0.0,0.0\ChatDev_ProgramDev2_GPT4o_25_scored.json,0.0,"Create a CLI tool to look up IP address information (e.g., geolocation, ISP) using a public IP geolocation API (e.g., ip-api.com). The user provides an IP address.",CodeReviewComment,Code Reviewer,0.005220125868449866,2
0.0,0.07142857142857142,4,1.0,1.0,14.0,0.0,-0.9564012446245803,0.0,0.19389710406284652,0.2191052900793502,0.9999998676603105,0.7779175261797077,0.8026298096464708,0.2500010954139102,0.6082568699692336,0.6830060965123166,0.9021113865916668,0.19389710406284652,0.6780646784916197,0.6195425969499684,ChatDev_ProgramDev2_GPT4o_26_scored.json,0.38895876308985383,0.8571428571428571,0.7857142857142857,0.7857142857142857,0.6428571428571429,0.5714285714285715,0.5714285714285715,0.5714285714285715,0.5,0.4285714285714286,0.4285714285714286,0.4285714285714286,0.21428571428571427,0.21428571428571427,0.21428571428571427,0.8571428571428571,0.8214285714285714,0.8214285714285714,0.6428571428571429,0.6071428571428572,0.6071428571428572,0.6071428571428572,0.5,0.4642857142857143,0.4642857142857143,0.4642857142857143,0.25,0.25,0.25,,8.0,1.0,1.0,0.9285714285714286,0.9285714285714286,0.9285714285714286,0.8571428571428571,0.6428571428571429,0.5,0.2857142857142857,c0,0.0,0.0,0.07142857142857142,0.07142857142857142,0.07142857142857142,0.14285714285714285,0.35714285714285715,0.5,0.7142857142857143,0.7779175261797077,0.5840204221168611,8,5,14,0.0,0.0\ChatDev_ProgramDev2_GPT4o_26_scored.json,0.21428571428571427,Develop a basic CLI file archiver that can create and extract ZIP archives. It should support adding files/directories to a ZIP and extracting contents from a ZIP file.,DemandAnalysis,Chief Product Officer,0.2500010954139102,2
0.0,0.38461538461538464,2,5.0,3.0,13.0,0.0,-0.2602348904907712,0.0,0.40591123213157765,0.8757480103613712,0.9999998551179712,0.5838968385617677,0.7915771802971119,2.0481624748559795e-06,0.0037483339565062383,0.014063628552544767,0.8898116389139159,0.40591123213157765,0.748580172237067,0.4087284014419798,ChatDev_ProgramDev2_GPT4o_28_scored.json,0.2694908485669697,0.3076923076923077,0.3076923076923077,0.3076923076923077,0.23076923076923073,0.23076923076923073,0.23076923076923073,0.1538461538461538,0.15384615384615385,0.15384615384615385,0.15384615384615385,0.07692307692307693,-0.07692307692307693,-0.07692307692307693,-0.15384615384615385,0.46153846153846156,0.46153846153846156,0.46153846153846156,0.3846153846153846,0.3846153846153846,0.3846153846153846,0.34615384615384615,0.3076923076923077,0.3076923076923077,0.3076923076923077,0.2692307692307693,0.07692307692307693,0.07692307692307693,0.038461538461538464,1.5,1.4,0.6923076923076923,0.6923076923076923,0.6923076923076923,0.6923076923076923,0.6153846153846154,0.6153846153846154,0.5384615384615384,0.46153846153846156,0.23076923076923078,c0,0.3076923076923077,0.3076923076923077,0.3076923076923077,0.3076923076923077,0.38461538461538464,0.38461538461538464,0.46153846153846156,0.5384615384615384,0.7692307692307693,0.27620453086945995,0.17798560643019,8,5,13,0.0,0.0\ChatDev_ProgramDev2_GPT4o_28_scored.json,-0.15384615384615385,Write a simple CLI web scraper that takes a URL and extracts and prints the title of the web page. Handle basic HTTP requests.,DemandAnalysis,Chief Product Officer,2.0481624748559795e-06,2
1.0,0.21428571428571427,20.333333333333332,3.0,1.0,14.0,0.4,0.1586757388078672,0.3333333333333333,0.2491235411588722,0.2699060794529191,0.9999998606484779,0.6524077356061633,0.6885248800739331,0.0031924340990052034,0.43222766251225964,0.5156825888927434,0.7855886683456625,0.2491235411588722,0.7702436872383198,0.45764314515401583,ChatDev_ProgramDev2_GPT4o_29_scored.json,0.13980165762989213,0.5714285714285715,0.5714285714285715,0.5714285714285715,0.4285714285714286,0.4285714285714286,0.4285714285714286,0.2857142857142857,0.14285714285714285,0.14285714285714285,0.14285714285714285,0.0,0.07142857142857142,0.07142857142857142,-0.07142857142857142,0.6071428571428572,0.6071428571428572,0.6071428571428572,0.4642857142857143,0.4642857142857143,0.4642857142857143,0.39285714285714285,0.17857142857142855,0.17857142857142855,0.17857142857142855,0.10714285714285714,0.10714285714285714,0.10714285714285714,0.03571428571428571,3.0,2.0,0.9285714285714286,0.9285714285714286,0.9285714285714286,0.9285714285714286,0.7857142857142857,0.6428571428571429,0.5,0.21428571428571427,0.14285714285714285,c0,0.07142857142857142,0.07142857142857142,0.07142857142857142,0.07142857142857142,0.21428571428571427,0.35714285714285715,0.5,0.7857142857142857,0.8571428571428571,0.5809791641775919,0.4032841944472911,8,5,14,0.0,0.0\ChatDev_ProgramDev2_GPT4o_29_scored.json,-0.07142857142857142,"Create a CLI music playlist manager. Allow users to create playlists, add songs (song title, artist, album - stored as text), remove songs, and view playlists. Store data in text files.",CodeReviewModification,Programmer,0.0031924340990052034,2
0.0,0.14285714285714285,3,2.0,2.0,14.0,0.0,-0.6220123032323651,0.0,0.2698731474385289,0.22899303622695566,0.9999998682283358,0.7721357051685896,0.870032941658542,5.9960393008749366e-05,0.4857333379666487,0.7489824540063151,0.9779754902332708,0.2698731474385289,0.6936378636694053,0.5405129817359153,ChatDev_ProgramDev2_GPT4o_2_scored.json,0.44122040295347975,0.7142857142857143,0.7142857142857143,0.7142857142857143,0.7142857142857143,0.7142857142857143,0.7142857142857143,0.6428571428571428,0.5,0.5,0.5,0.42857142857142855,0.2857142857142857,0.2857142857142857,0.2142857142857143,0.75,0.75,0.75,0.75,0.75,0.75,0.7142857142857143,0.5357142857142857,0.5357142857142857,0.5357142857142857,0.5,0.32142857142857145,0.32142857142857145,0.2857142857142857,8.0,4.5,0.9285714285714286,0.9285714285714286,0.9285714285714286,0.9285714285714286,0.8571428571428571,0.7857142857142857,0.7857142857142857,0.5714285714285714,0.35714285714285715,c0,0.07142857142857142,0.07142857142857142,0.07142857142857142,0.07142857142857142,0.14285714285714285,0.21428571428571427,0.21428571428571427,0.42857142857142855,0.6428571428571429,0.7007071337400183,0.5022625577300608,8,5,14,0.0,0.0\ChatDev_ProgramDev2_GPT4o_2_scored.json,0.2142857142857143,"Build a CLI program that reads a CSV file, allows the user to specify a column name, and then prints all unique values from that column. The program should handle CSV files with headers.",DemandAnalysis,Chief Product Officer,5.9960393008749366e-05,2
1.0,0.6153846153846154,4.625,8.0,3.0,13.0,0.4,0.1173178357192805,0.0,0.36892335737903736,0.738477256027781,0.9999992365825854,0.4742226921263174,0.4470270173768643,1.3528840421585644e-10,0.002792126007698472,0.14920316922437005,0.8876804252521511,0.36892335737903736,0.8398467466456184,0.3319558845290087,ChatDev_ProgramDev2_GPT4o_34_scored.json,0.14591467450040535,0.0,-0.07692307692307693,-0.15384615384615385,0.0,-0.07692307692307693,-0.15384615384615385,-0.3076923076923077,0.0,-0.07692307692307693,-0.15384615384615385,-0.3076923076923077,-0.15384615384615385,-0.23076923076923078,-0.38461538461538464,0.15384615384615385,0.11538461538461539,0.07692307692307693,0.15384615384615385,0.11538461538461539,0.07692307692307693,0.0,0.15384615384615385,0.11538461538461539,0.07692307692307693,0.0,0.038461538461538464,0.0,-0.07692307692307693,1.0,1.0,0.7692307692307693,0.6923076923076923,0.6153846153846154,0.5384615384615384,0.38461538461538464,0.3076923076923077,0.3076923076923077,0.3076923076923077,0.23076923076923078,c0,0.23076923076923078,0.3076923076923077,0.38461538461538464,0.46153846153846156,0.6153846153846154,0.6923076923076923,0.6923076923076923,0.6923076923076923,0.7692307692307693,0.1665303844340097,0.10529933474728004,8,5,13,0.0,0.0\ChatDev_ProgramDev2_GPT4o_34_scored.json,-0.38461538461538464,Develop a CLI program that sorts the lines of a text file alphabetically or reverse-alphabetically and outputs the result to a new file or standard output.,DemandAnalysis,Chief Product Officer,1.3528840421585644e-10,2
0.0,0.07142857142857142,3,1.0,1.0,14.0,0.0,-0.8124475829639779,0.0,0.24477910231461947,0.2519307727663279,0.9999998671442489,0.6804652656158859,0.6640739543989744,0.03178315729103038,0.5122987498934642,0.5780134897685874,0.8299442625349153,0.24477910231461947,0.7903938753973971,0.48586063311842925,ChatDev_ProgramDev2_GPT4o_4_scored.json,0.19441864731882455,0.5714285714285715,0.5714285714285715,0.5714285714285715,0.3571428571428571,0.3571428571428571,0.3571428571428571,0.3571428571428571,0.21428571428571427,0.21428571428571427,0.21428571428571427,0.21428571428571427,0.14285714285714285,0.14285714285714285,0.14285714285714285,0.6071428571428572,0.6071428571428572,0.6071428571428572,0.39285714285714285,0.39285714285714285,0.39285714285714285,0.39285714285714285,0.25,0.25,0.25,0.25,0.17857142857142855,0.17857142857142855,0.17857142857142855,4.0,2.5,0.9285714285714286,0.9285714285714286,0.9285714285714286,0.9285714285714286,0.9285714285714286,0.6428571428571429,0.42857142857142855,0.2857142857142857,0.21428571428571427,c0,0.07142857142857142,0.07142857142857142,0.07142857142857142,0.07142857142857142,0.07142857142857142,0.35714285714285715,0.5714285714285714,0.7142857142857143,0.7857142857142857,0.6090366941873145,0.43568616330126647,7,4,14,0.0,0.0\ChatDev_ProgramDev2_GPT4o_4_scored.json,0.14285714285714285,"Implement a basic CLI network ping tool. The user provides an IP address or hostname, and the tool sends a configurable number of ICMP echo requests, displaying the round-trip time for each and a summary.",DemandAnalysis,Chief Product Officer,0.03178315729103038,2
0.0,0.5,10.142857142857142,7.0,2.0,14.0,0.6,0.0044721325303401505,0.6666666666666666,0.3280113528216228,0.5439874689046162,0.9999920913962439,0.504832051691353,0.5000011895481615,5.331879990576551e-08,0.05741176480166608,0.21588141200276895,0.7598688809073851,0.3280113528216228,0.9548193549840599,0.3533824521795871,ChatDev_ProgramDev2_GPT4o_50_scored.json,0.10817829679100421,0.14285714285714285,0.14285714285714285,0.0714285714285714,0.0,0.0,-0.07142857142857145,-0.2142857142857143,-0.07142857142857142,-0.07142857142857142,-0.14285714285714288,-0.2857142857142857,-0.14285714285714285,-0.2142857142857143,-0.35714285714285715,0.2857142857142857,0.2857142857142857,0.24999999999999997,0.14285714285714285,0.14285714285714285,0.10714285714285712,0.0357142857142857,0.07142857142857142,0.07142857142857142,0.0357142857142857,-0.035714285714285726,0.0,-0.035714285714285726,-0.10714285714285715,0.75,0.8,0.7857142857142857,0.7142857142857143,0.7142857142857143,0.6428571428571429,0.5,0.42857142857142855,0.2857142857142857,0.21428571428571427,0.14285714285714285,c0,0.21428571428571427,0.2857142857142857,0.2857142857142857,0.35714285714285715,0.5,0.5714285714285714,0.7142857142857143,0.7857142857142857,0.8571428571428571,0.21911776597706734,0.17682069886973023,8,5,14,0.0,0.0\ChatDev_ProgramDev2_GPT4o_50_scored.json,-0.35714285714285715,"Develop a simple CLI log rotator. It renames an existing log file (e.g., app.log to app.log.1) and creates a new empty app.log. Optionally, compress old logs and delete logs older than N days.",DemandAnalysis,Chief Product Officer,5.331879990576551e-08,2
0.0,0.3125,15.2,5.0,3.0,16.0,0.5,0.8742606891880447,1.0,0.3815582785947455,0.7520642841892987,0.9999998684277134,0.6459365224625236,0.8231387619000554,1.191184833750909e-07,0.09232093485294791,0.237551097626718,0.9896153818160167,0.3815582785947455,0.807518546387612,0.45215560145931155,ChatDev_ProgramDev2_GPT4o_74_scored.json,0.3229682612312618,0.375,0.3125,0.3125,0.3125,0.25,0.25,0.25,0.25,0.1875,0.1875,0.1875,0.125,0.125,0.125,0.5,0.46875,0.46875,0.4375,0.40625,0.40625,0.40625,0.375,0.34375,0.34375,0.34375,0.28125,0.28125,0.28125,2.0,1.8,0.875,0.75,0.6875,0.6875,0.6875,0.625,0.5625,0.5,0.4375,c0,0.125,0.25,0.3125,0.3125,0.3125,0.375,0.4375,0.5,0.5625,0.39593652246252364,0.26437824386777814,9,5,16,0.0,0.0\ChatDev_ProgramDev2_GPT4o_74_scored.json,0.125,"Develop a CLI XML file pretty printer. Takes an XML file and outputs a well-formatted, indented version to the console or a new file.",DemandAnalysis,Chief Product Officer,1.191184833750909e-07,2
1.0,0.3076923076923077,13.5,4.0,2.0,13.0,0.6,0.38636053376268886,0.6666666666666666,0.33914167506039833,0.5219323178863395,0.9999881085234633,0.666595792600266,0.7144603175205938,0.006896258076635216,0.09390976999990751,0.4243433828247451,0.9462757007110847,0.33914167506039833,0.7898294618510978,0.46868593224317673,ChatDev_ProgramDev2_GPT4o_90_scored.json,0.3076595965847382,0.5384615384615384,0.5384615384615384,0.5384615384615384,0.46153846153846156,0.46153846153846156,0.46153846153846156,0.3076923076923077,0.3076923076923077,0.3076923076923077,0.3076923076923077,0.15384615384615385,0.23076923076923078,0.23076923076923078,0.07692307692307693,0.6153846153846154,0.6153846153846154,0.6153846153846154,0.5384615384615385,0.5384615384615385,0.5384615384615385,0.46153846153846156,0.38461538461538464,0.38461538461538464,0.38461538461538464,0.3076923076923077,0.3076923076923077,0.3076923076923077,0.23076923076923078,3.0,2.3333333333333335,0.8461538461538461,0.8461538461538461,0.8461538461538461,0.8461538461538461,0.6923076923076923,0.6923076923076923,0.6153846153846154,0.46153846153846156,0.38461538461538464,c0,0.15384615384615385,0.15384615384615385,0.15384615384615385,0.15384615384615385,0.3076923076923077,0.3076923076923077,0.38461538461538464,0.5384615384615384,0.6153846153846154,0.5127496387541122,0.3274541175398677,8,5,13,0.0,0.0\ChatDev_ProgramDev2_GPT4o_90_scored.json,0.07692307692307693,"Develop a CLI environment variable manager. Allow users to list, set (for current session or persistently via shell profile), and unset environment variables easily.",CodeReviewModification,Programmer,0.006896258076635216,2
0.0,0.6,12.416666666666666,12.0,8.0,20.0,0.75,2.0010094818923867,1.0,0.37258006150600004,0.6446080870888817,0.9999997925299635,0.4681221798355275,0.40141237081245357,2.2603250957489616e-06,0.033635146184175777,0.16417954711509933,0.808787634203981,0.37258006150600004,0.8897593881129189,0.32768620398239795,ChatDev_ProgramDev2_GPT4o_99_scored.json,0.11703054495888188,0.0,-0.04999999999999999,-0.04999999999999999,-0.050000000000000044,-0.10000000000000003,-0.10000000000000003,-0.25,-0.15000000000000002,-0.2,-0.2,-0.35,-0.2,-0.2,-0.35,0.2,0.17500000000000002,0.17500000000000002,0.14999999999999997,0.12499999999999997,0.12499999999999997,0.04999999999999999,0.04999999999999999,0.024999999999999994,0.024999999999999994,-0.04999999999999999,0.024999999999999994,0.024999999999999994,-0.04999999999999999,0.625,0.6666666666666666,0.8,0.6,0.55,0.55,0.4,0.4,0.35,0.25,0.25,c0,0.2,0.4,0.45,0.45,0.6,0.6,0.65,0.75,0.75,0.06812217983552749,0.09554211832952747,8,4,20,0.0,0.0\ChatDev_ProgramDev2_GPT4o_99_scored.json,-0.35,,LanguageChoose,Chief Technology Officer,2.2603250957489616e-06,2
0.0,0.21428571428571427,11.333333333333334,3.0,1.0,14.0,0.2,-0.4050379810600302,0.3333333333333333,0.27119390691438106,0.2058289388856438,0.999999896091005,0.7041995093292742,0.796149307391085,0.16041066908915136,0.23953681405988944,0.642804487132224,0.8486334260178678,0.27119390691438106,0.7275814227249104,0.5410628572572374,ChatDev_ProgramDev2_GPT4o_9_scored.json,0.3520997546646371,0.6428571428571428,0.6428571428571428,0.5714285714285714,0.5,0.5,0.4285714285714286,0.4285714285714286,0.35714285714285715,0.35714285714285715,0.2857142857142857,0.2857142857142857,0.07142857142857142,0.0,0.0,0.7142857142857143,0.7142857142857143,0.6785714285714286,0.5714285714285715,0.5714285714285715,0.5357142857142858,0.5357142857142858,0.4285714285714286,0.4285714285714286,0.39285714285714285,0.39285714285714285,0.14285714285714285,0.10714285714285714,0.10714285714285714,3.5,2.6666666666666665,1.0,0.8571428571428571,0.8571428571428571,0.7857142857142857,0.7857142857142857,0.7857142857142857,0.6428571428571429,0.5,0.21428571428571427,c0,0.0,0.14285714285714285,0.14285714285714285,0.21428571428571427,0.21428571428571427,0.21428571428571427,0.35714285714285715,0.5,0.7857142857142857,0.5613423664721313,0.43300560241489316,8,5,14,0.0,0.0\ChatDev_ProgramDev2_GPT4o_9_scored.json,0.0,"Create a CLI tool to extract and display basic metadata (e.g., resolution, format, creation date if available) from image files (JPEG, PNG). The user provides the image file path.",DemandAnalysis,Chief Product Officer,0.16041066908915136,2
0.0,0.23076923076923078,24,3.0,2.0,13.0,0.3333333333333333,0.22000389963859843,0.6666666666666666,0.353951668221279,0.3579950572703704,0.9999999041890453,0.7297853564514317,0.8886497419439006,0.014341185520408565,0.09854528866600992,0.6385730391636555,0.9965680964340259,0.353951668221279,0.5822876706367345,0.5151521051721247,ChatDev_ProgramDev_GPT4o_0_scored.json,0.5052360160048374,0.6153846153846154,0.5384615384615385,0.5384615384615385,0.5384615384615384,0.4615384615384615,0.4615384615384615,0.4615384615384615,0.5384615384615384,0.4615384615384615,0.4615384615384615,0.4615384615384615,0.23076923076923078,0.23076923076923078,0.23076923076923078,0.6923076923076923,0.6538461538461539,0.6538461538461539,0.6153846153846154,0.5769230769230769,0.5769230769230769,0.5769230769230769,0.6153846153846154,0.5769230769230769,0.5769230769230769,0.5769230769230769,0.34615384615384615,0.34615384615384615,0.34615384615384615,4.5,3.3333333333333335,0.8461538461538461,0.8461538461538461,0.7692307692307693,0.7692307692307693,0.7692307692307693,0.7692307692307693,0.6923076923076923,0.6923076923076923,0.46153846153846156,c0,0.15384615384615385,0.15384615384615385,0.23076923076923078,0.23076923076923078,0.23076923076923078,0.23076923076923078,0.3076923076923077,0.3076923076923077,0.5384615384615384,0.5759392026052779,0.37583368823015273,7,4,13,0.0,0.0\ChatDev_ProgramDev_GPT4o_0_scored.json,0.23076923076923078,"Develop a Checkers (Draughts) game. Use an 8x8 board, alternate turns between two players, and apply standard capture and kinging rules. Prompt for moves in notation (e.g., from-to positions) and update the board state accordingly.",CodeReviewModification,Programmer,0.014341185520408565,3
0.0,0.3076923076923077,20.75,4.0,2.0,13.0,0.3333333333333333,0.14290141591095287,0.6666666666666666,0.3518187295900605,0.6898394561534125,0.9999998893343848,0.6843284192154875,0.8457737466864022,0.0919915994447484,0.13003082436677146,0.310160411886304,0.9999998680397165,0.3518187295900605,0.810143416694102,0.5066273732842657,ChatDev_ProgramDev_GPT4o_13_scored.json,0.368484533423724,0.46153846153846156,0.38461538461538464,0.3076923076923077,0.46153846153846156,0.38461538461538464,0.3076923076923077,0.3076923076923077,0.3846153846153846,0.30769230769230765,0.23076923076923073,0.23076923076923073,0.23076923076923078,0.15384615384615385,0.15384615384615385,0.5384615384615385,0.5,0.46153846153846156,0.5384615384615385,0.5,0.46153846153846156,0.46153846153846156,0.4615384615384615,0.423076923076923,0.3846153846153846,0.3846153846153846,0.34615384615384615,0.3076923076923077,0.3076923076923077,3.4999999999999996,2.6666666666666665,0.8461538461538461,0.8461538461538461,0.7692307692307693,0.6923076923076923,0.6923076923076923,0.6153846153846154,0.6153846153846154,0.5384615384615384,0.46153846153846156,c0,0.15384615384615385,0.15384615384615385,0.23076923076923078,0.3076923076923077,0.3076923076923077,0.38461538461538464,0.38461538461538464,0.46153846153846156,0.5384615384615384,0.5304822653693336,0.332509689625427,7,4,13,0.0,0.0\ChatDev_ProgramDev_GPT4o_13_scored.json,0.15384615384615385,"Develop a puzzle game where the player must group 16 words into four sets of four, based on hidden categories. The words are presented in a 4x4 grid, and players select four at a time to form a group. Correct groups are removed and revealed with a category and a color-coded difficulty (yellow, green, blue, purple). Incorrect guesses count as mistakes, with a maximum of four allowed. Only one correct solution exists, though words may appear to fit multiple categories. Include shuffle functionality and provide immediate feedback after each guess. A new puzzle is generated daily.",CodeReviewModification,Programmer,0.0919915994447484,4
0.0,0.2,12.333333333333334,3.0,2.0,15.0,0.4,-0.032600169485610495,0.6666666666666666,0.25043770619986855,0.4514432074830005,0.9999996063338894,0.7487318003329477,0.8165344343809547,0.3058794252904611,0.3860337267883713,0.546059042650485,0.9975022501334855,0.25043770619986855,0.7421553805184546,0.6158760878202016,ChatDev_ProgramDev_GPT4o_14_scored.json,0.3993236268442388,0.6666666666666666,0.6666666666666666,0.5333333333333333,0.6,0.6,0.4666666666666667,0.39999999999999997,0.5333333333333333,0.5333333333333333,0.4,0.3333333333333333,0.4,0.2666666666666667,0.2,0.6666666666666666,0.6666666666666666,0.6,0.6,0.6,0.5333333333333333,0.5,0.5333333333333333,0.5333333333333333,0.4666666666666667,0.43333333333333335,0.4,0.33333333333333337,0.30000000000000004,,9.0,1.0,1.0,1.0,0.8666666666666667,0.8,0.6666666666666666,0.6,0.5333333333333333,0.4,c0,0.0,0.0,0.0,0.13333333333333333,0.2,0.3333333333333333,0.4,0.4666666666666667,0.6,0.7487318003329477,0.4982940941330792,8,5,15,0.0,0.0\ChatDev_ProgramDev_GPT4o_14_scored.json,0.2,"Implement a version of the NYT Strands puzzle. Strands is a word search game within a 6x8 grid of letters which players use to uncover words falling under a theme. The board must be filled entirely to complete the puzzle - no words will overlap. Each game includes a challenge word called the ""spangram"" that touches two opposite sides of the board. Themed words will highlight blue; the spangram will highlight yellow. Words can be formed by connecting adjacent letters in any direction (vertically, horizontally, diagonally) and can change direction mid-word. Players can find non-theme words to earn hints. Every 3 non-theme words will unlock a hint! The puzzle must be fully completed by finding all theme words and filling the board.",CodeReviewModification,Programmer,0.3058794252904611,4
0.0,0.3076923076923077,7.75,4.0,4.0,13.0,0.2,-0.2106132797383169,0.3333333333333333,0.30605711060563584,0.3987793581065071,0.999999543220476,0.6514184990845662,0.6689995905114335,3.535625324942473e-05,0.2444586826038778,0.46312379550466864,0.8619031536111758,0.30605711060563584,0.8777875964952415,0.4560035562351711,ChatDev_ProgramDev_GPT4o_16_scored.json,0.250545576570987,0.6153846153846154,0.5384615384615384,0.4615384615384615,0.38461538461538464,0.3076923076923077,0.23076923076923078,0.15384615384615385,0.3076923076923077,0.23076923076923078,0.15384615384615385,0.07692307692307693,0.07692307692307693,0.0,-0.07692307692307693,0.6538461538461539,0.6153846153846154,0.5769230769230769,0.42307692307692313,0.38461538461538464,0.34615384615384615,0.3076923076923077,0.34615384615384615,0.3076923076923077,0.2692307692307693,0.23076923076923078,0.15384615384615385,0.11538461538461539,0.07692307692307693,5.0,3.0,0.9230769230769231,0.9230769230769231,0.8461538461538461,0.7692307692307693,0.6923076923076923,0.6923076923076923,0.46153846153846156,0.38461538461538464,0.23076923076923078,c0,0.07692307692307693,0.07692307692307693,0.15384615384615385,0.23076923076923078,0.3076923076923077,0.3076923076923077,0.5384615384615384,0.6153846153846154,0.7692307692307693,0.5744954221614893,0.34536138847893033,8,5,13,0.0,0.0\ChatDev_ProgramDev_GPT4o_16_scored.json,-0.07692307692307693,"Implement a standard Connect Four game. Two players alternate placing discs into a seven-column, six-row grid. The objective is to form a horizontal, vertical, or diagonal line of four discs. Players choose columns by typing a number, and the board updates after each move until a win or draw. Validate column choices and end the game when a winning line is detected or the grid is full.",CodeReviewComment,Code Reviewer,3.535625324942473e-05,2
1.0,0.38461538461538464,28.8,5.0,4.0,13.0,0.6666666666666666,1.1937763099228138,1.0,0.37539816742808424,0.5675561841797553,1.0,0.6489300153707587,0.8608486634787434,0.034837152290559295,0.057988802314982234,0.43241252571839595,0.9999687098981512,0.37539816742808424,0.7188768422855504,0.4647021564466988,ChatDev_ProgramDev_GPT4o_1_scored.json,0.3494238544304085,0.38461538461538464,0.38461538461538464,0.38461538461538464,0.30769230769230765,0.30769230769230765,0.30769230769230765,0.1538461538461538,0.30769230769230765,0.30769230769230765,0.30769230769230765,0.1538461538461538,0.15384615384615385,0.15384615384615385,0.0,0.5,0.5,0.5,0.423076923076923,0.423076923076923,0.423076923076923,0.34615384615384615,0.423076923076923,0.423076923076923,0.423076923076923,0.34615384615384615,0.2692307692307693,0.2692307692307693,0.19230769230769232,2.333333333333333,2.0,0.7692307692307693,0.7692307692307693,0.7692307692307693,0.7692307692307693,0.6153846153846154,0.6153846153846154,0.5384615384615384,0.5384615384615384,0.38461538461538464,c0,0.23076923076923078,0.23076923076923078,0.23076923076923078,0.23076923076923078,0.38461538461538464,0.38461538461538464,0.46153846153846156,0.46153846153846156,0.6153846153846154,0.4181607846015279,0.27353184794267443,7,4,13,0.0,0.0\ChatDev_ProgramDev_GPT4o_1_scored.json,0.0,"Develop a classic Sudoku puzzle game that uses a 9x9 grid. Each row, column, and 3x3 subgrid must contain the digits 1 through 9 exactly once. The program should allow the player to input values for specific cells, check for mistakes, and confirm when the puzzle is completed.",CodeReviewModification,Programmer,0.034837152290559295,4
0.0,0.23076923076923078,13.333333333333334,3.0,2.0,13.0,0.4,-0.1395264758878976,0.6666666666666666,0.3142241789628462,0.3497253762251855,1.0,0.6460032080501782,0.6113482145466596,1.4449802461092448e-07,0.20761660089055142,0.56527620752513,0.9150015837503155,0.3142241789628462,0.9190368861092725,0.4522022889845321,ChatDev_ProgramDev_GPT4o_20_scored.json,0.24846277232699163,0.46153846153846156,0.38461538461538464,0.38461538461538464,0.3076923076923077,0.23076923076923078,0.23076923076923078,0.23076923076923078,0.23076923076923078,0.15384615384615385,0.15384615384615385,0.15384615384615385,0.07692307692307693,0.07692307692307693,0.07692307692307693,0.5384615384615385,0.5,0.5,0.38461538461538464,0.34615384615384615,0.34615384615384615,0.34615384615384615,0.3076923076923077,0.2692307692307693,0.2692307692307693,0.2692307692307693,0.19230769230769232,0.19230769230769232,0.19230769230769232,2.5,2.0,0.9230769230769231,0.8461538461538461,0.7692307692307693,0.7692307692307693,0.7692307692307693,0.6153846153846154,0.46153846153846156,0.38461538461538464,0.3076923076923077,c0,0.07692307692307693,0.15384615384615385,0.23076923076923078,0.23076923076923078,0.23076923076923078,0.38461538461538464,0.5384615384615384,0.6153846153846154,0.6923076923076923,0.49215705420402434,0.331779029087332,8,5,13,0.0,0.0\ChatDev_ProgramDev_GPT4o_20_scored.json,0.07692307692307693,"Develop a Reversi (Othello) board game. Two players alternate placing discs on an 8x8 grid, flipping the opponent’s discs that lie between the newly placed piece and existing pieces of the same color. The game ends when the board is full or no valid moves remain. The program should automatically identify valid moves, flip discs, and display the current score.",DemandAnalysis,Chief Product Officer,1.4449802461092448e-07,2
0.0,0.35714285714285715,17,5.0,3.0,14.0,0.5,0.5512138339045038,1.0,0.37360825898449407,0.6558091885046486,0.9999998961067276,0.5383977961821323,0.6692641901971713,0.0001584362410990077,0.006985832822939127,0.0998286298937458,0.7556378183983945,0.37360825898449407,0.7702436872383198,0.37692598819982237,ChatDev_ProgramDev_GPT4o_22_scored.json,0.11537095632474265,0.3571428571428572,0.3571428571428572,0.28571428571428575,0.07142857142857145,0.07142857142857145,0.0,0.0,-0.07142857142857142,-0.07142857142857142,-0.14285714285714288,-0.14285714285714288,-0.07142857142857142,-0.14285714285714288,-0.14285714285714288,0.5,0.5,0.4642857142857143,0.2142857142857143,0.2142857142857143,0.17857142857142858,0.17857142857142858,0.07142857142857142,0.07142857142857142,0.0357142857142857,0.0357142857142857,0.07142857142857142,0.0357142857142857,0.0357142857142857,0.75,0.8,0.7142857142857143,0.7142857142857143,0.7142857142857143,0.6428571428571429,0.6428571428571429,0.6428571428571429,0.35714285714285715,0.21428571428571427,0.21428571428571427,c0,0.2857142857142857,0.2857142857142857,0.2857142857142857,0.35714285714285715,0.35714285714285715,0.35714285714285715,0.6428571428571429,0.7857142857142857,0.7857142857142857,0.25268351046784665,0.16478953719763828,7,4,14,0.0,0.0\ChatDev_ProgramDev_GPT4o_22_scored.json,-0.14285714285714288,"Create a simplified version of Monopoly Go! with basic board mechanics: rolling dice, moving around properties, buying them, collecting rent, and handling chance events. Track player money and property ownership. Display relevant game information and prompt each player for decisions. Implement essential rules for jail, free parking, and simplified chance cards.",DemandAnalysis,Chief Product Officer,0.0001584362410990077,3
0.0,0.21428571428571427,27,3.0,3.0,14.0,0.6,0.5878745624815795,1.0,0.3185204782315011,0.47216516565933575,1.0,0.6904568839847722,0.7956106981406336,0.13213327575665107,0.172177129316753,0.5157651405426373,0.9879303062019731,0.3185204782315011,0.8506318678887369,0.5229598015163359,ChatDev_ProgramDev_GPT4o_23_scored.json,0.3452284419923861,0.5,0.4285714285714286,0.4285714285714286,0.42857142857142855,0.3571428571428571,0.3571428571428571,0.3571428571428571,0.35714285714285715,0.2857142857142857,0.2857142857142857,0.2857142857142857,0.21428571428571427,0.21428571428571427,0.21428571428571427,0.5714285714285715,0.5357142857142858,0.5357142857142858,0.5,0.46428571428571425,0.46428571428571425,0.46428571428571425,0.4285714285714286,0.39285714285714285,0.39285714285714285,0.39285714285714285,0.3214285714285714,0.3214285714285714,0.3214285714285714,3.5,2.6666666666666665,1.0,0.8571428571428571,0.7857142857142857,0.7857142857142857,0.7857142857142857,0.6428571428571429,0.5714285714285714,0.5,0.42857142857142855,c0,0.0,0.14285714285714285,0.21428571428571427,0.21428571428571427,0.21428571428571427,0.35714285714285715,0.42857142857142855,0.5,0.5714285714285714,0.5475997411276294,0.37193640575327114,8,5,14,0.0,0.0\ChatDev_ProgramDev_GPT4o_23_scored.json,0.21428571428571427,Develop an interactive storytelling game. Present narrative segments and branching choices. Player decisions influence subsequent story events. Track variables such as relationships or items that alter possible endings. Provide users with different paths based on choices. Store branches in a structured way and use conditional checks to shape the storyline.,CodeReviewModification,Programmer,0.13213327575665107,4
0.0,0.3076923076923077,10,4.0,2.0,13.0,0.2,-0.4211969584663315,0.3333333333333333,0.293279234533397,0.49993654446108216,0.9999999058818082,0.6870282380708176,0.7553361646274671,0.012098565563798236,0.4010204284436281,0.49999994931268343,0.9999364937737656,0.293279234533397,0.8940282437120122,0.4845493363187117,ChatDev_ProgramDev_GPT4o_24_scored.json,0.26424163002723755,0.5384615384615385,0.5384615384615385,0.46153846153846156,0.4615384615384615,0.4615384615384615,0.3846153846153846,0.23076923076923073,0.3076923076923077,0.3076923076923077,0.23076923076923078,0.07692307692307693,0.23076923076923078,0.15384615384615385,0.0,0.576923076923077,0.576923076923077,0.5384615384615385,0.5,0.5,0.4615384615384615,0.3846153846153846,0.34615384615384615,0.34615384615384615,0.3076923076923077,0.23076923076923078,0.2692307692307693,0.23076923076923078,0.15384615384615385,5.0,3.0,0.9230769230769231,0.9230769230769231,0.9230769230769231,0.8461538461538461,0.6923076923076923,0.6153846153846154,0.5384615384615384,0.38461538461538464,0.3076923076923077,c0,0.07692307692307693,0.07692307692307693,0.07692307692307693,0.15384615384615385,0.3076923076923077,0.38461538461538464,0.46153846153846156,0.6153846153846154,0.6923076923076923,0.6101051611477406,0.3937490035374206,8,5,13,0.0,0.0\ChatDev_ProgramDev_GPT4o_24_scored.json,0.0,"Implement a match-3 puzzle game reminiscent of Candy Crush. Represent the board and let users swap adjacent candies to form matches of three or more. Matches are cleared, new candies appear, and scoring is tracked. The board updates after each valid move. Incorporate chain reactions when candies fall and possibly track moves or time-based constraints.",CodeReviewModification,Programmer,0.012098565563798236,3
0.0,0.38461538461538464,21.8,5.0,3.0,13.0,0.6,0.41684192522411995,1.0,0.3520998406314075,0.6618766537102048,0.9999998766058757,0.5974369874025138,0.7323546663328603,0.04855942202395409,0.10413262690991953,0.29998058202551064,0.9618572357357155,0.3520998406314075,0.9190368861092725,0.4327737177889459,ChatDev_ProgramDev_GPT4o_25_scored.json,0.22978345669327457,0.3846153846153846,0.23076923076923073,0.1538461538461538,0.3846153846153846,0.23076923076923073,0.1538461538461538,0.1538461538461538,0.23076923076923078,0.07692307692307693,0.0,0.0,0.0,-0.07692307692307693,-0.07692307692307693,0.4615384615384615,0.3846153846153846,0.34615384615384615,0.4615384615384615,0.3846153846153846,0.34615384615384615,0.34615384615384615,0.3076923076923077,0.23076923076923078,0.19230769230769232,0.19230769230769232,0.15384615384615385,0.11538461538461539,0.11538461538461539,2.5,2.0,0.8461538461538461,0.8461538461538461,0.6923076923076923,0.6153846153846154,0.6153846153846154,0.5384615384615384,0.5384615384615384,0.38461538461538464,0.3076923076923077,c0,0.15384615384615385,0.15384615384615385,0.3076923076923077,0.38461538461538464,0.38461538461538464,0.46153846153846156,0.46153846153846156,0.6153846153846154,0.6923076923076923,0.44359083355636,0.24533714677110635,8,5,13,0.0,0.0\ChatDev_ProgramDev_GPT4o_25_scored.json,-0.07692307692307693,Build a Flappy Bird clone. The player presses a key to 'flap' and keep the bird from falling. Randomly generated vertical gaps in 'pipes' appear. Each successful pass increases the score. The game ends if the bird collides with a pipe or the ground. Gradually adjust difficulty by varying gap sizes and pipe speeds.,CodeReviewModification,Programmer,0.04855942202395409,2
0.0,0.23076923076923078,24.666666666666668,3.0,3.0,13.0,0.5,0.5310665901300279,1.0,0.3681865063651378,0.4833598439132937,0.9999999279727916,0.6778123719013015,0.8495026865244085,0.04488371434380748,0.07205420448177939,0.5100517324021822,0.9934115763154758,0.3681865063651378,0.7188768422855504,0.48793377463405324,ChatDev_ProgramDev_GPT4o_26_scored.json,0.3649758925622393,0.38461538461538464,0.38461538461538464,0.38461538461538464,0.38461538461538464,0.38461538461538464,0.38461538461538464,0.38461538461538464,0.30769230769230765,0.30769230769230765,0.30769230769230765,0.30769230769230765,0.23076923076923078,0.23076923076923078,0.23076923076923078,0.5,0.5,0.5,0.5,0.5,0.5,0.5,0.423076923076923,0.423076923076923,0.423076923076923,0.423076923076923,0.34615384615384615,0.34615384615384615,0.34615384615384615,2.333333333333333,2.0,0.7692307692307693,0.7692307692307693,0.7692307692307693,0.7692307692307693,0.7692307692307693,0.6153846153846154,0.6153846153846154,0.5384615384615384,0.46153846153846156,c0,0.23076923076923078,0.23076923076923078,0.23076923076923078,0.23076923076923078,0.23076923076923078,0.38461538461538464,0.38461538461538464,0.46153846153846156,0.5384615384615384,0.4470431411320707,0.3096258655361637,7,4,13,0.0,0.0\ChatDev_ProgramDev_GPT4o_26_scored.json,0.23076923076923078,"Program a simplified Space Invaders game. The player controls a ship at the bottom of the screen and can move horizontally and fire shots to destroy descending alien rows. The game ends if aliens reach the bottom or the player defeats all aliens. Add multiple alien rows, a limited number of lives, and score tracking.",CodeReviewModification,Programmer,0.04488371434380748,4
0.0,0.23076923076923078,28.666666666666668,3.0,3.0,13.0,0.5,0.6856526200479474,1.0,0.3891585154936449,0.3859326240087536,1.0,0.7049660219548242,0.9047979501254937,0.012941057305679585,0.025429037754529493,0.6140651243677858,0.9999977483765394,0.3891585154936449,0.5748150186004534,0.4973585325600808,ChatDev_ProgramDev_GPT4o_28_scored.json,0.43382524427989183,0.5384615384615385,0.5384615384615385,0.5384615384615385,0.4615384615384615,0.4615384615384615,0.4615384615384615,0.4615384615384615,0.38461538461538464,0.38461538461538464,0.38461538461538464,0.38461538461538464,0.30769230769230765,0.30769230769230765,0.30769230769230765,0.6538461538461539,0.6538461538461539,0.6538461538461539,0.5769230769230769,0.5769230769230769,0.5769230769230769,0.5769230769230769,0.5,0.5,0.5,0.5,0.423076923076923,0.423076923076923,0.423076923076923,2.6666666666666665,2.25,0.7692307692307693,0.7692307692307693,0.7692307692307693,0.7692307692307693,0.7692307692307693,0.7692307692307693,0.6923076923076923,0.6153846153846154,0.5384615384615384,c0,0.23076923076923078,0.23076923076923078,0.23076923076923078,0.23076923076923078,0.23076923076923078,0.23076923076923078,0.3076923076923077,0.38461538461538464,0.46153846153846156,0.4741967911855934,0.3158075064611793,7,4,13,0.0,0.0\ChatDev_ProgramDev_GPT4o_28_scored.json,0.30769230769230765,"Develop a two-player Pong game. Each player controls a vertical paddle, moving up and down to bounce a ball back. The ball bounces between the two paddles and off the top and bottom edges. Players score a point when the opponent misses the ball. Incorporate a winning score threshold and reset the ball after each point.",CodeReviewModification,Programmer,0.012941057305679585,3
0.0,0.23076923076923078,6,3.0,2.0,13.0,0.0,-0.4594551439487568,0.0,0.35157457853784513,0.4385000331437199,1.0,0.7151815128451753,0.9059620621928336,1.0129987330277146e-05,0.08528320959703371,0.5435138311519336,0.9820138642956535,0.35157457853784513,0.7438854846828107,0.5006300979878218,ChatDev_ProgramDev_GPT4o_29_scored.json,0.3850977376858636,0.5384615384615384,0.5384615384615384,0.5384615384615384,0.5384615384615384,0.5384615384615384,0.5384615384615384,0.4615384615384615,0.3846153846153846,0.3846153846153846,0.3846153846153846,0.30769230769230765,0.3846153846153846,0.3846153846153846,0.30769230769230765,0.6153846153846154,0.6153846153846154,0.6153846153846154,0.6153846153846154,0.6153846153846154,0.6153846153846154,0.5769230769230769,0.4615384615384615,0.4615384615384615,0.4615384615384615,0.423076923076923,0.4615384615384615,0.4615384615384615,0.423076923076923,3.4999999999999996,2.6666666666666665,0.8461538461538461,0.8461538461538461,0.8461538461538461,0.8461538461538461,0.7692307692307693,0.6923076923076923,0.6923076923076923,0.5384615384615384,0.5384615384615384,c0,0.15384615384615385,0.15384615384615385,0.15384615384615385,0.15384615384615385,0.23076923076923078,0.3076923076923077,0.3076923076923077,0.46153846153846156,0.46153846153846156,0.5613353589990214,0.36360693430733015,7,4,13,0.0,0.0\ChatDev_ProgramDev_GPT4o_29_scored.json,0.30769230769230765,"Implement the classic Mastermind code-breaking game. The computer selects a hidden sequence of colors (or digits), and the player attempts to guess it within a set number of tries. After each guess, show feedback regarding correct color and correct position. Distinguish between exact matches and partial color matches, and provide a clear win/lose outcome.",CodeReviewComment,Code Reviewer,1.0129987330277146e-05,2
0.0,0.35714285714285715,13.2,5.0,2.0,14.0,0.4,0.28631577515656376,0.6666666666666666,0.3943543927246581,0.765831838683599,0.999999854226016,0.6314935364514986,0.8631936535210384,0.0024914116971783973,0.07836839794283491,0.2339056712548204,0.9997375099384195,0.3943543927246581,0.6936378636694054,0.4427928990252025,ChatDev_ProgramDev_GPT4o_2_scored.json,0.36085344940085634,0.3571428571428571,0.21428571428571425,0.21428571428571425,0.3571428571428571,0.21428571428571425,0.21428571428571425,0.21428571428571425,0.3571428571428571,0.21428571428571425,0.21428571428571425,0.21428571428571425,0.0714285714285714,0.0714285714285714,0.0714285714285714,0.46428571428571425,0.3928571428571428,0.3928571428571428,0.46428571428571425,0.3928571428571428,0.3928571428571428,0.3928571428571428,0.46428571428571425,0.3928571428571428,0.3928571428571428,0.3928571428571428,0.24999999999999997,0.24999999999999997,0.24999999999999997,2.6666666666666665,2.25,0.7857142857142857,0.7857142857142857,0.6428571428571429,0.6428571428571429,0.6428571428571429,0.5714285714285714,0.5714285714285714,0.5714285714285714,0.42857142857142855,c0,0.21428571428571427,0.21428571428571427,0.35714285714285715,0.35714285714285715,0.35714285714285715,0.42857142857142855,0.42857142857142855,0.42857142857142855,0.5714285714285714,0.41720782216578434,0.23713914372684053,8,5,14,0.0,0.0\ChatDev_ProgramDev_GPT4o_2_scored.json,0.0714285714285714,Implement a crossword puzzle. Provide a grid of squares with clues for across and down entries. The user can enter words by specifying the clue number and direction. The application validates if letters match and confirms completion when all correct words are filled in.,CodeReviewComment,Code Reviewer,0.0024914116971783973,3
1.0,0.5,16.875,8.0,6.0,16.0,0.7142857142857143,1.544079195329225,1.0,0.3403890617070055,0.6801862959717903,0.9999645565907014,0.5488957654370101,0.4868964627200285,0.033536135193074745,0.1660341486257299,0.2241912262835167,0.904377522255307,0.3403890617070055,0.9592101522724051,0.3942878763638295,ChatDev_ProgramDev_GPT4o_4_scored.json,0.17152992669906567,0.3125,0.0625,0.0625,0.25,0.0,0.0,-0.125,0.1875,-0.0625,-0.0625,-0.1875,-0.125,-0.125,-0.25,0.375,0.25,0.25,0.3125,0.1875,0.1875,0.125,0.25,0.125,0.125,0.0625,0.0625,0.0625,0.0,2.5,2.0,0.9375,0.875,0.625,0.625,0.5,0.4375,0.375,0.3125,0.25,c0,0.0625,0.125,0.375,0.375,0.5,0.5625,0.625,0.6875,0.75,0.42389576543701013,0.20850670373000463,9,5,16,0.0,0.0\ChatDev_ProgramDev_GPT4o_4_scored.json,-0.25,Create a budget tracker to monitor expenses and savings,CodeReviewModification,Programmer,0.033536135193074745,2
0.0,0.07692307692307693,1,1.0,1.0,13.0,0.0,-0.9760481420228857,0.0,0.25940890129672345,0.2431939511235124,0.9999998666048817,0.8150274184976659,0.8968567783043,0.0005527785265734312,0.6712104979137381,0.7536333433749259,0.9968272944984383,0.25940890129672345,0.491021096228183,0.5706850265063381,ChatDev_ProgramDev_GPT4o_9_scored.json,0.5642497512676149,0.8461538461538463,0.8461538461538463,0.8461538461538463,0.7692307692307692,0.7692307692307692,0.7692307692307692,0.7692307692307692,0.6153846153846154,0.6153846153846154,0.6153846153846154,0.6153846153846154,0.38461538461538464,0.38461538461538464,0.38461538461538464,0.8846153846153847,0.8846153846153847,0.8846153846153847,0.8076923076923077,0.8076923076923077,0.8076923076923077,0.8076923076923077,0.6538461538461539,0.6538461538461539,0.6538461538461539,0.6538461538461539,0.42307692307692313,0.42307692307692313,0.42307692307692313,9.0,5.0,0.9230769230769231,0.9230769230769231,0.9230769230769231,0.9230769230769231,0.9230769230769231,0.9230769230769231,0.8461538461538461,0.6923076923076923,0.46153846153846156,c0,0.07692307692307693,0.07692307692307693,0.07692307692307693,0.07692307692307693,0.07692307692307693,0.07692307692307693,0.15384615384615385,0.3076923076923077,0.5384615384615384,0.7381043415745889,0.5556185172009425,7,4,13,0.0,0.0\ChatDev_ProgramDev_GPT4o_9_scored.json,0.38461538461538464,"Design a standard 2048 game using a 4x4 grid. Players combine tiles by pressing arrow keys to slide them in one direction. Tiles with the same number merge into one, doubling the value. After each move, a new tile appears in a random empty cell. The game ends when no moves are possible. Track and display the current score and highest tile reached.",CodeReviewComment,Code Reviewer,0.0005527785265734312,2
0.0,0.5384615384615384,12.428571428571429,7.0,3.0,13.0,0.8,0.2171788039228792,1.0,0.3529153519032971,0.5979206483008661,0.9999998359439735,0.5243708453631633,0.44908697771312445,0.03749566906892454,0.048736694225716665,0.2545988836587053,0.8525195319595714,0.3529153519032971,0.9473539682709406,0.3783082924748916,ChatDev_ProgramDev2_GPT4o_11_scored.json,0.16134487549635793,0.23076923076923078,0.15384615384615385,0.0,0.23076923076923078,0.15384615384615385,0.0,-0.07692307692307687,0.07692307692307693,0.0,-0.15384615384615385,-0.23076923076923073,-0.07692307692307693,-0.23076923076923078,-0.30769230769230765,0.34615384615384615,0.3076923076923077,0.23076923076923078,0.34615384615384615,0.3076923076923077,0.23076923076923078,0.19230769230769235,0.19230769230769232,0.15384615384615385,0.07692307692307693,0.03846153846153849,0.07692307692307693,0.0,-0.038461538461538436,1.3333333333333333,1.25,0.7692307692307693,0.7692307692307693,0.6923076923076923,0.5384615384615384,0.46153846153846156,0.46153846153846156,0.46153846153846156,0.3076923076923077,0.23076923076923078,c1,0.23076923076923078,0.23076923076923078,0.3076923076923077,0.46153846153846156,0.5384615384615384,0.5384615384615384,0.5384615384615384,0.6923076923076923,0.7692307692307693,0.29360161459393247,0.17145549345986616,8,5,13,1.1,1.1\ChatDev_ProgramDev2_GPT4o_11_scored.json,-0.30769230769230765,"Build a basic CLI Markdown to HTML converter. It should support common Markdown syntax like headers, bold, italics, lists, and links, converting a .md file to a .html file.",CodeReviewModification,Programmer,0.03749566906892454,2
0.0,0.23076923076923078,4,3.0,2.0,13.0,0.0,-0.5192049169419242,0.0,0.34648076210426676,0.3996645720209253,0.9999998686315166,0.6783081835932956,0.808449704891277,5.626758735962956e-08,0.07134511520613004,0.5999999671609361,0.9996645391818614,0.34648076210426676,0.810143416694102,0.47481574539558313,ChatDev_ProgramDev2_GPT4o_15_scored.json,0.3652428680886976,0.5384615384615384,0.5384615384615384,0.4615384615384615,0.3846153846153846,0.3846153846153846,0.30769230769230765,0.30769230769230765,0.3846153846153846,0.3846153846153846,0.30769230769230765,0.30769230769230765,0.15384615384615385,0.07692307692307693,0.07692307692307693,0.6153846153846154,0.6153846153846154,0.5769230769230769,0.4615384615384615,0.4615384615384615,0.423076923076923,0.423076923076923,0.4615384615384615,0.4615384615384615,0.423076923076923,0.423076923076923,0.23076923076923078,0.19230769230769232,0.19230769230769232,3.4999999999999996,2.6666666666666665,0.8461538461538461,0.8461538461538461,0.8461538461538461,0.7692307692307693,0.7692307692307693,0.6923076923076923,0.5384615384615384,0.5384615384615384,0.3076923076923077,c1,0.15384615384615385,0.15384615384615385,0.15384615384615385,0.23076923076923078,0.23076923076923078,0.3076923076923077,0.46153846153846156,0.46153846153846156,0.6923076923076923,0.5244620297471417,0.33182742148902883,7,4,13,1.1,1.1\ChatDev_ProgramDev2_GPT4o_15_scored.json,0.07692307692307693,"Build a CLI program to find duplicate files within a specified directory based on their content (e.g., using MD5 or SHA256 hashes). List the paths of duplicate files.",DemandAnalysis,Chief Product Officer,5.626758735962956e-08,2
1.0,0.2857142857142857,11.75,4.0,2.0,14.0,0.4,0.09383128938174698,0.3333333333333333,0.25270898178326,0.33520806898090294,0.9999998751645442,0.6585743097851602,0.674430659848322,0.14685020360518697,0.3493619578928707,0.5027627395318607,0.8379708085127636,0.25270898178326,0.9134443205612237,0.5050570779311682,ChatDev_ProgramDev2_GPT4o_18_scored.json,0.18816408851004576,0.5714285714285715,0.5714285714285715,0.4285714285714286,0.3571428571428571,0.3571428571428571,0.21428571428571427,0.14285714285714285,0.21428571428571427,0.21428571428571427,0.07142857142857142,0.0,0.14285714285714285,0.0,-0.07142857142857142,0.6071428571428572,0.6071428571428572,0.5357142857142858,0.39285714285714285,0.39285714285714285,0.3214285714285714,0.2857142857142857,0.25,0.25,0.17857142857142855,0.14285714285714285,0.17857142857142855,0.10714285714285714,0.07142857142857142,4.0,2.5,1.0,0.9285714285714286,0.9285714285714286,0.7857142857142857,0.7142857142857143,0.6428571428571429,0.42857142857142855,0.2857142857142857,0.21428571428571427,c1,0.0,0.07142857142857142,0.07142857142857142,0.21428571428571427,0.2857142857142857,0.35714285714285715,0.5714285714285714,0.7142857142857143,0.7857142857142857,0.5871457383565888,0.40586532800190017,8,5,14,1.1,1.1\ChatDev_ProgramDev2_GPT4o_18_scored.json,-0.07142857142857142,"Develop a CLI client for a URL shortening service (e.g., TinyURL API or similar). The user provides a long URL, and the tool outputs the shortened URL.",CodeReviewModification,Programmer,0.14685020360518697,4
0.0,0.5384615384615384,11.857142857142858,7.0,2.0,13.0,0.6,-0.21479414208503003,0.6666666666666666,0.30088490500891774,0.49198173856251476,0.9999986932536474,0.5533321093835855,0.4742672877234346,0.06808441557657578,0.15117911452047997,0.33318979783384034,0.8251715363963551,0.30088490500891774,0.972362610668201,0.40775780124148253,ChatDev_ProgramDev2_GPT4o_27_scored.json,0.17025603365648784,0.3076923076923077,0.3076923076923077,0.07692307692307693,0.23076923076923078,0.23076923076923078,0.0,-0.1538461538461538,0.15384615384615385,0.15384615384615385,-0.07692307692307693,-0.23076923076923073,0.0,-0.23076923076923078,-0.3846153846153846,0.38461538461538464,0.38461538461538464,0.2692307692307693,0.3076923076923077,0.3076923076923077,0.19230769230769232,0.11538461538461542,0.23076923076923078,0.23076923076923078,0.11538461538461539,0.03846153846153849,0.07692307692307693,-0.038461538461538464,-0.11538461538461536,2.0,1.6666666666666667,0.9230769230769231,0.8461538461538461,0.8461538461538461,0.6153846153846154,0.46153846153846156,0.46153846153846156,0.38461538461538464,0.3076923076923077,0.15384615384615385,c1,0.07692307692307693,0.15384615384615385,0.15384615384615385,0.38461538461538464,0.5384615384615384,0.5384615384615384,0.6153846153846154,0.6923076923076923,0.8461538461538461,0.3994859555374316,0.2524472043746677,8,5,13,1.1,1.1\ChatDev_ProgramDev2_GPT4o_27_scored.json,-0.3846153846153846,"Build a CLI program that counts the total lines of code in a directory, categorized by file extension (e.g., .py, .js, .c). Ignore comments and blank lines if possible.",CodeReviewModification,Programmer,0.06808441557657578,4
0.0,0.42857142857142855,8.166666666666666,6.0,5.0,14.0,0.4,0.32441184672274104,0.6666666666666666,0.3391454167259398,0.49961035057166847,0.9999998682283358,0.4796870331776747,0.5510469770598734,0.0031726831078774057,0.050537175076317886,0.1637113397918907,0.6633216903635591,0.3391454167259398,0.9780416657815157,0.3367327281567355,ChatDev_ProgramDev2_GPT4o_38_scored.json,0.10279007853807315,0.14285714285714285,0.0,0.0,-0.07142857142857142,-0.21428571428571427,-0.21428571428571427,-0.21428571428571427,-0.07142857142857142,-0.21428571428571427,-0.21428571428571427,-0.21428571428571427,-0.21428571428571427,-0.21428571428571427,-0.21428571428571427,0.2857142857142857,0.21428571428571427,0.21428571428571427,0.07142857142857142,0.0,0.0,0.0,0.07142857142857142,0.0,0.0,0.0,0.0,0.0,0.0,0.75,0.8,0.8571428571428571,0.7142857142857143,0.5714285714285714,0.5714285714285714,0.5714285714285714,0.42857142857142855,0.21428571428571427,0.21428571428571427,0.21428571428571427,c1,0.14285714285714285,0.2857142857142857,0.42857142857142855,0.42857142857142855,0.42857142857142855,0.5714285714285714,0.7857142857142857,0.7857142857142857,0.7857142857142857,0.193972747463389,0.1405416164517349,8,5,14,1.1,1.1\ChatDev_ProgramDev2_GPT4o_38_scored.json,-0.21428571428571427,Develop a CLI tool that displays a calendar for a given month and year. The user inputs the month (numeric or name) and year.,CodeReviewComment,Code Reviewer,0.0031726831078774057,3
0.0,0.3076923076923077,3.25,4.0,3.0,13.0,0.0,-0.3416225773256912,0.0,0.3726009582010656,0.725884256544823,0.9999998855644251,0.587193235103482,0.5985431136348164,0.002472623024627213,0.024268389328837868,0.24725332283203938,0.9731375793768624,0.3726009582010656,0.8940282437120122,0.4117770514798256,ChatDev_ProgramDev2_GPT4o_40_scored.json,0.2258435519628777,0.23076923076923078,0.15384615384615385,0.15384615384615385,0.23076923076923078,0.15384615384615385,0.15384615384615385,0.15384615384615385,0.15384615384615385,0.07692307692307693,0.07692307692307693,0.07692307692307693,0.0,0.0,0.0,0.34615384615384615,0.3076923076923077,0.3076923076923077,0.34615384615384615,0.3076923076923077,0.3076923076923077,0.3076923076923077,0.2692307692307693,0.23076923076923078,0.23076923076923078,0.23076923076923078,0.15384615384615385,0.15384615384615385,0.15384615384615385,1.6666666666666667,1.5,0.8461538461538461,0.7692307692307693,0.6923076923076923,0.6923076923076923,0.6923076923076923,0.46153846153846156,0.46153846153846156,0.38461538461538464,0.3076923076923077,c1,0.15384615384615385,0.23076923076923078,0.3076923076923077,0.3076923076923077,0.3076923076923077,0.5384615384615384,0.5384615384615384,0.6153846153846154,0.6923076923076923,0.3564240043342512,0.2145922769024164,7,4,13,1.1,1.1\ChatDev_ProgramDev2_GPT4o_40_scored.json,0.0,Write a CLI program that searches for a given string/pattern within all text files in a specified directory and its subdirectories (similar to `grep -r`). Display matching lines and filenames.,CodeReviewComment,Code Reviewer,0.002472623024627213,3
0.0,0.35714285714285715,6.8,5.0,3.0,14.0,0.2,-0.21711728917477824,0.3333333333333333,0.29215725418773975,0.39184447376773535,0.9999937644340005,0.6202444309375565,0.6780001287102031,0.03655031524082269,0.25014574055112165,0.42337396738284894,0.8152184411505843,0.29215725418773975,0.9397387539970584,0.4451361962285364,ChatDev_ProgramDev2_GPT4o_44_scored.json,0.17721269455358757,0.5,0.3571428571428571,0.3571428571428571,0.4285714285714286,0.2857142857142857,0.2857142857142857,0.14285714285714285,0.21428571428571427,0.07142857142857142,0.07142857142857142,-0.07142857142857145,0.0,0.0,-0.14285714285714288,0.5357142857142857,0.46428571428571425,0.46428571428571425,0.4642857142857143,0.39285714285714285,0.39285714285714285,0.3214285714285714,0.25,0.17857142857142855,0.17857142857142855,0.10714285714285712,0.10714285714285714,0.10714285714285714,0.0357142857142857,4.0,2.5,0.9285714285714286,0.9285714285714286,0.7857142857142857,0.7857142857142857,0.6428571428571429,0.5714285714285714,0.5,0.2857142857142857,0.21428571428571427,c1,0.07142857142857142,0.07142857142857142,0.21428571428571427,0.21428571428571427,0.35714285714285715,0.42857142857142855,0.5,0.7142857142857143,0.7857142857142857,0.5488158595089851,0.3280871767498168,8,5,14,1.1,1.1\ChatDev_ProgramDev2_GPT4o_44_scored.json,-0.14285714285714288,"Write a simple CLI HTTP server that serves static files (HTML, CSS, JS, images) from a specified local directory. Listens on a configurable port.",CodeReviewComment,Code Reviewer,0.03655031524082269,1
0.0,0.23076923076923078,8.666666666666666,3.0,2.0,13.0,0.2,-0.6650505383517297,0.3333333333333333,0.22717451608997327,0.17314312783223318,0.9999998611504499,0.6329970542706832,0.6563753941478215,0.19487428522952938,0.2931209594272923,0.568677731836518,0.7418208596687512,0.22717451608997327,0.856087393862389,0.5015602235583371,ChatDev_ProgramDev2_GPT4o_46_scored.json,0.1460762432932346,0.6153846153846154,0.5384615384615384,0.4615384615384615,0.38461538461538464,0.3076923076923077,0.23076923076923078,0.23076923076923078,0.15384615384615385,0.07692307692307693,0.0,0.0,-0.07692307692307693,-0.15384615384615385,-0.15384615384615385,0.6538461538461539,0.6153846153846154,0.5769230769230769,0.42307692307692313,0.38461538461538464,0.34615384615384615,0.34615384615384615,0.19230769230769232,0.15384615384615385,0.11538461538461539,0.11538461538461539,0.0,-0.038461538461538464,-0.038461538461538464,3.0,2.0,1.0,0.9230769230769231,0.8461538461538461,0.7692307692307693,0.7692307692307693,0.6923076923076923,0.46153846153846156,0.23076923076923078,0.07692307692307693,c1,0.0,0.07692307692307693,0.15384615384615385,0.23076923076923078,0.23076923076923078,0.3076923076923077,0.5384615384615384,0.7692307692307693,0.9230769230769231,0.5560739773476062,0.4058225381807099,8,5,13,1.1,1.1\ChatDev_ProgramDev2_GPT4o_46_scored.json,-0.15384615384615385,"Develop a CLI utility to split a large file into smaller parts of a specified size (e.g., 10MB chunks). Name the output parts sequentially.",CodeReviewModification,Programmer,0.19487428522952938,4
0.0,0.21428571428571427,4.666666666666667,3.0,2.0,14.0,0.0,-0.7437344575918811,0.0,0.2214006135095301,0.21152478154812615,0.9999994779881062,0.699721257299634,0.6928900359490386,0.25178083940568685,0.3825007067306533,0.6333431716445425,0.8448679531926686,0.2214006135095301,0.743949253802485,0.5653391319314498,ChatDev_ProgramDev2_GPT4o_47_scored.json,0.24990044903558356,0.7857142857142857,0.7142857142857143,0.6428571428571428,0.5,0.4285714285714286,0.35714285714285715,0.2857142857142857,0.35714285714285715,0.2857142857142857,0.2142857142857143,0.14285714285714288,0.14285714285714285,0.07142857142857142,0.0,0.7857142857142857,0.75,0.7142857142857143,0.5,0.4642857142857143,0.4285714285714286,0.39285714285714285,0.35714285714285715,0.32142857142857145,0.2857142857142857,0.25,0.17857142857142855,0.14285714285714285,0.10714285714285714,,6.0,1.0,1.0,0.9285714285714286,0.8571428571428571,0.7857142857142857,0.7857142857142857,0.5,0.35714285714285715,0.21428571428571427,c1,0.0,0.0,0.07142857142857142,0.14285714285714285,0.21428571428571427,0.21428571428571427,0.5,0.6428571428571429,0.7857142857142857,0.699721257299634,0.47832064379010386,8,5,14,1.1,1.1\ChatDev_ProgramDev2_GPT4o_47_scored.json,0.0,Build a CLI program to join multiple file parts (created by a file splitter) back into a single original file. The user specifies the first part name.,DemandAnalysis,Chief Product Officer,0.25178083940568685,2
0.0,0.2857142857142857,7.25,4.0,2.0,14.0,0.2,-0.21576862438445157,0.3333333333333333,0.32302496457358315,0.488008005802201,0.9999992586001003,0.6208912961361419,0.7069643991001908,0.0009110514045295695,0.11360292290743132,0.3908073109528856,0.8788153167550866,0.32302496457358315,0.8932941324021463,0.4348972227166582,ChatDev_ProgramDev2_GPT4o_48_scored.json,0.26609626977263223,0.5,0.4285714285714286,0.3571428571428572,0.35714285714285715,0.2857142857142857,0.2142857142857143,0.2142857142857143,0.2857142857142857,0.21428571428571427,0.14285714285714285,0.14285714285714285,0.07142857142857142,0.0,0.0,0.5714285714285715,0.5357142857142858,0.5,0.4285714285714286,0.39285714285714285,0.35714285714285715,0.35714285714285715,0.3571428571428571,0.3214285714285714,0.2857142857142857,0.2857142857142857,0.17857142857142855,0.14285714285714285,0.14285714285714285,3.0,2.3333333333333335,0.8571428571428571,0.8571428571428571,0.7857142857142857,0.7142857142857143,0.7142857142857143,0.6428571428571429,0.5,0.42857142857142855,0.2857142857142857,c1,0.14285714285714285,0.14285714285714285,0.21428571428571427,0.2857142857142857,0.2857142857142857,0.35714285714285715,0.5,0.5714285714285714,0.7142857142857143,0.47803415327899906,0.29786633156255876,8,5,14,1.1,1.1\ChatDev_ProgramDev2_GPT4o_48_scored.json,0.0,Write a basic CLI text difference tool (like a simplified `diff`). It takes two text file paths as input and highlights the lines that are different.,CodeReviewComment,Code Reviewer,0.0009110514045295695,3
0.0,0.3333333333333333,3,5.0,3.0,15.0,0.0,-0.24301819999163032,0.0,0.30127990925490516,0.40693052072134694,0.9992902552405551,0.5501584849513752,0.5719967125283199,3.535625324942473e-05,0.11692344240593126,0.33333332939181215,0.7402638501131591,0.30127990925490516,0.9859247724121322,0.38512154634193746,ChatDev_ProgramDev2_GPT4o_56_scored.json,0.11003169699027504,0.2666666666666667,0.2,0.06666666666666671,0.13333333333333333,0.06666666666666665,-0.06666666666666665,-0.06666666666666665,0.06666666666666668,0.0,-0.1333333333333333,-0.1333333333333333,-0.06666666666666668,-0.19999999999999998,-0.19999999999999998,0.33333333333333337,0.30000000000000004,0.23333333333333336,0.2,0.16666666666666666,0.1,0.1,0.13333333333333336,0.1,0.033333333333333354,0.033333333333333354,0.033333333333333326,-0.033333333333333326,-0.033333333333333326,1.5,1.3333333333333333,0.8666666666666667,0.8666666666666667,0.8,0.6666666666666666,0.6666666666666666,0.4,0.26666666666666666,0.2,0.13333333333333333,c1,0.13333333333333333,0.13333333333333333,0.2,0.3333333333333333,0.3333333333333333,0.6,0.7333333333333333,0.8,0.8666666666666667,0.4168251516180419,0.24887857569647004,10,5,15,1.1,1.1\ChatDev_ProgramDev2_GPT4o_56_scored.json,-0.19999999999999998,"Write a CLI script creator for simple backups. User specifies source directories and a target backup location. The script (e.g., shell script using `rsync` or `tar`) is generated.",CodeReviewComment,Code Reviewer,3.535625324942473e-05,3
0.0,0.3076923076923077,19.5,4.0,3.0,13.0,0.6,0.1346152287468021,1.0,0.28061496409312675,0.5564015194967551,0.999999855494768,0.679364508310594,0.6827642175050432,0.12522778047235122,0.32598837461196534,0.44167176929053287,0.998073288787288,0.28061496409312675,0.8777875964952415,0.5131234899591212,ChatDev_ProgramDev2_GPT4o_57_scored.json,0.2612940416579208,0.6153846153846154,0.6153846153846154,0.5384615384615384,0.38461538461538464,0.38461538461538464,0.3076923076923077,0.15384615384615385,0.3076923076923077,0.3076923076923077,0.23076923076923078,0.07692307692307693,0.23076923076923078,0.15384615384615385,0.0,0.6538461538461539,0.6538461538461539,0.6153846153846154,0.42307692307692313,0.42307692307692313,0.38461538461538464,0.3076923076923077,0.34615384615384615,0.34615384615384615,0.3076923076923077,0.23076923076923078,0.2692307692307693,0.23076923076923078,0.15384615384615385,5.0,3.0,1.0,0.9230769230769231,0.9230769230769231,0.8461538461538461,0.6923076923076923,0.6923076923076923,0.46153846153846156,0.38461538461538464,0.3076923076923077,c1,0.0,0.07692307692307693,0.07692307692307693,0.15384615384615385,0.3076923076923077,0.3076923076923077,0.5384615384615384,0.6153846153846154,0.6923076923076923,0.602441431387517,0.3987495442174673,8,5,13,1.1,1.1\ChatDev_ProgramDev2_GPT4o_57_scored.json,0.0,"Create a CLI engine for a simple text-based adventure game. Load game data (rooms, user_demands, items, choices) from a JSON or YAML file. Player navigates by typing commands.",DemandAnalysis,Chief Product Officer,0.12522778047235122,2
0.0,0.38461538461538464,1.8,5.0,3.0,13.0,0.0,-0.2791209436953923,0.0,0.4014334306039944,0.8942161253354545,0.999999239580942,0.5390054585947598,0.5998189457331214,0.0008242079994157482,0.002792126007698472,0.005220125868449866,0.8994362512039044,0.4014334306039944,0.8777875964952415,0.3775510834161565,ChatDev_ProgramDev2_GPT4o_5_scored.json,0.2073097917672153,0.15384615384615385,0.15384615384615385,0.07692307692307693,0.15384615384615385,0.15384615384615385,0.07692307692307693,0.07692307692307693,0.07692307692307693,0.07692307692307693,0.0,0.0,-0.07692307692307693,-0.15384615384615385,-0.15384615384615385,0.3076923076923077,0.3076923076923077,0.2692307692307693,0.3076923076923077,0.3076923076923077,0.2692307692307693,0.2692307692307693,0.23076923076923078,0.23076923076923078,0.19230769230769232,0.19230769230769232,0.07692307692307693,0.038461538461538464,0.038461538461538464,1.25,1.2,0.6923076923076923,0.6923076923076923,0.6923076923076923,0.6153846153846154,0.6153846153846154,0.46153846153846156,0.46153846153846156,0.38461538461538464,0.23076923076923078,c1,0.3076923076923077,0.3076923076923077,0.3076923076923077,0.38461538461538464,0.38461538461538464,0.5384615384615384,0.5384615384615384,0.6153846153846154,0.7692307692307693,0.23131315090245208,0.1375720279907654,8,5,13,1.1,1.1\ChatDev_ProgramDev2_GPT4o_5_scored.json,-0.15384615384615385,"Create a CLI application to view the contents of a JSON file in a human-readable, indented format. The tool should take a file path as input and print the formatted JSON to the standard output.",DemandAnalysis,Chief Product Officer,0.0008242079994157482,2
0.0,0.21428571428571427,13.333333333333334,3.0,1.0,14.0,0.3333333333333333,0.061959412632613585,0.6666666666666666,0.3579494284881853,0.3140861073920861,0.9999998443557171,0.7163804061949417,0.88386953641806,0.0,0.09324920175211522,0.6706185311329368,0.9847046385250229,0.3579494284881853,0.608890330290036,0.5014662843364591,ChatDev_ProgramDev2_GPT4o_67_scored.json,0.4093602321113952,0.5714285714285714,0.5714285714285714,0.5714285714285714,0.4285714285714286,0.4285714285714286,0.4285714285714286,0.4285714285714286,0.3571428571428571,0.3571428571428571,0.3571428571428571,0.3571428571428571,0.2857142857142857,0.2857142857142857,0.2857142857142857,0.6785714285714286,0.6785714285714286,0.6785714285714286,0.5357142857142858,0.5357142857142858,0.5357142857142858,0.5357142857142858,0.46428571428571425,0.46428571428571425,0.46428571428571425,0.46428571428571425,0.39285714285714285,0.39285714285714285,0.39285714285714285,2.6666666666666665,2.25,0.8571428571428571,0.7857142857142857,0.7857142857142857,0.7857142857142857,0.7857142857142857,0.7857142857142857,0.6428571428571429,0.5714285714285714,0.5,c1,0.14285714285714285,0.21428571428571427,0.21428571428571427,0.21428571428571427,0.21428571428571427,0.21428571428571427,0.35714285714285715,0.42857142857142855,0.5,0.5020946919092274,0.3584309777067564,9,5,14,1.1,1.1\ChatDev_ProgramDev2_GPT4o_67_scored.json,0.2857142857142857,"Build a CLI audio file tag editor for MP3 files (basic ID3 tags). Allow viewing and modifying tags like title, artist, album, year. Requires a library for MP3 tag manipulation.",DemandAnalysis,Chief Product Officer,0.0,2
0.0,0.6153846153846154,10,8.0,4.0,13.0,0.6,0.08142220810447935,1.0,0.29386428815551485,0.4322138861497369,0.9999985328119436,0.44134676399816064,0.49382978909928477,0.0014168106951969552,0.11303105618604133,0.2078657272106542,0.6400796133603911,0.29386428815551485,0.972362610668201,0.3093677780072715,ChatDev_ProgramDev2_GPT4o_68_scored.json,0.06789950215356318,0.23076923076923078,-0.07692307692307693,-0.07692307692307693,0.0,-0.3076923076923077,-0.3076923076923077,-0.46153846153846156,0.0,-0.3076923076923077,-0.3076923076923077,-0.46153846153846156,-0.38461538461538464,-0.38461538461538464,-0.5384615384615385,0.3076923076923077,0.15384615384615385,0.15384615384615385,0.07692307692307693,-0.07692307692307693,-0.07692307692307693,-0.15384615384615385,0.07692307692307693,-0.07692307692307693,-0.07692307692307693,-0.15384615384615385,-0.15384615384615385,-0.15384615384615385,-0.23076923076923078,1.0,1.0,0.8461538461538461,0.8461538461538461,0.5384615384615384,0.5384615384615384,0.38461538461538464,0.38461538461538464,0.15384615384615385,0.15384615384615385,0.07692307692307693,c1,0.15384615384615385,0.15384615384615385,0.46153846153846156,0.46153846153846156,0.6153846153846154,0.6153846153846154,0.8461538461538461,0.8461538461538461,0.9230769230769231,0.2875006101520068,0.1474824758426458,8,5,13,1.1,1.1\ChatDev_ProgramDev2_GPT4o_68_scored.json,-0.5384615384615385,"Write a CLI tool to convert a short video file segment (e.g., first 5 seconds) into an animated GIF. Requires `ffmpeg` to be installed.",CodeReviewComment,Code Reviewer,0.0014168106951969552,1
0.0,0.3076923076923077,6.25,4.0,2.0,13.0,0.2,-0.5601460576727574,0.3333333333333333,0.275454578498194,0.4921093616526415,0.9999998980930339,0.6478488840183744,0.7472534625707883,0.20271127616661153,0.26832796891526906,0.3331897901862537,0.8252991518388952,0.275454578498194,0.7865210220866901,0.5143076016628455,ChatDev_ProgramDev2_GPT4o_6_scored.json,0.24917264769937478,0.6153846153846154,0.38461538461538464,0.3076923076923077,0.6153846153846154,0.38461538461538464,0.3076923076923077,0.3076923076923077,0.38461538461538464,0.15384615384615385,0.07692307692307693,0.07692307692307693,0.0,-0.07692307692307693,-0.07692307692307693,0.6153846153846154,0.5,0.46153846153846156,0.6153846153846154,0.5,0.46153846153846156,0.46153846153846156,0.38461538461538464,0.2692307692307693,0.23076923076923078,0.23076923076923078,0.11538461538461539,0.07692307692307693,0.07692307692307693,,6.0,1.0,1.0,0.7692307692307693,0.6923076923076923,0.6923076923076923,0.6153846153846154,0.6153846153846154,0.38461538461538464,0.23076923076923078,c1,0.0,0.0,0.23076923076923078,0.3076923076923077,0.3076923076923077,0.38461538461538464,0.38461538461538464,0.6153846153846154,0.7692307692307693,0.6478488840183744,0.3723943055201804,8,5,13,1.1,1.1\ChatDev_ProgramDev2_GPT4o_6_scored.json,-0.07692307692307693,"Develop a simple CLI tool that displays basic system resource usage: CPU percentage, memory usage (total, used, free), and disk space (total, used, free for a specified partition or root). Update the display every few seconds or on command.",CodeReviewComment,Code Reviewer,0.20271127616661153,2
0.0,0.07692307692307693,22,1.0,1.0,13.0,0.2,-0.4094036060673552,0.3333333333333333,0.2507160724774789,0.24976302269361883,0.9999998759817202,0.8236708085013364,0.8796050586276143,0.030751284869539576,0.732002304451448,0.7500784261062527,0.9998414487998716,0.2507160724774789,0.5335657289864226,0.5857949514117973,ChatDev_ProgramDev2_GPT4o_76_scored.json,0.5068743436931301,0.8461538461538463,0.8461538461538463,0.8461538461538463,0.8461538461538463,0.8461538461538463,0.8461538461538463,0.8461538461538463,0.5384615384615385,0.5384615384615385,0.5384615384615385,0.5384615384615385,0.38461538461538464,0.38461538461538464,0.38461538461538464,0.8846153846153847,0.8846153846153847,0.8846153846153847,0.8846153846153847,0.8846153846153847,0.8846153846153847,0.8846153846153847,0.576923076923077,0.576923076923077,0.576923076923077,0.576923076923077,0.42307692307692313,0.42307692307692313,0.42307692307692313,8.0,4.5,0.9230769230769231,0.9230769230769231,0.9230769230769231,0.9230769230769231,0.9230769230769231,0.9230769230769231,0.9230769230769231,0.6153846153846154,0.46153846153846156,c1,0.07692307692307693,0.07692307692307693,0.07692307692307693,0.07692307692307693,0.07692307692307693,0.07692307692307693,0.07692307692307693,0.38461538461538464,0.5384615384615384,0.7467477315782596,0.5729547360238576,8,5,13,1.1,1.1\ChatDev_ProgramDev2_GPT4o_76_scored.json,0.38461538461538464,"Write a simple CLI data plotter that takes a list of numbers (e.g., from a file or stdin) and generates a basic text-based bar chart or line graph in the terminal.",CodeReviewModification,Programmer,0.030751284869539576,4
1.0,0.14285714285714285,19,2.0,1.0,14.0,0.16666666666666666,-0.22390907993575984,0.0,0.183889801664028,0.3033611867660043,0.9999996011955931,0.7863663900246485,0.7545673561658306,0.44254128969544865,0.5297349818032747,0.6782734510555621,0.9816346378215665,0.183889801664028,0.6592017204231159,0.6832188599258885,ChatDev_ProgramDev2_GPT4o_79_scored.json,0.33701416715342075,0.7857142857142857,0.7857142857142857,0.7857142857142857,0.7142857142857143,0.7142857142857143,0.7142857142857143,0.5714285714285714,0.42857142857142855,0.42857142857142855,0.42857142857142855,0.2857142857142857,0.42857142857142855,0.42857142857142855,0.2857142857142857,0.7857142857142857,0.7857142857142857,0.7857142857142857,0.7142857142857143,0.7142857142857143,0.7142857142857143,0.6428571428571429,0.42857142857142855,0.42857142857142855,0.42857142857142855,0.3571428571428571,0.42857142857142855,0.42857142857142855,0.3571428571428571,,7.0,1.0,1.0,1.0,1.0,0.8571428571428571,0.7857142857142857,0.7142857142857143,0.42857142857142855,0.42857142857142855,c1,0.0,0.0,0.0,0.0,0.14285714285714285,0.21428571428571427,0.2857142857142857,0.5714285714285714,0.5714285714285714,0.7863663900246485,0.6024765883606205,7,4,14,1.1,1.1\ChatDev_ProgramDev2_GPT4o_79_scored.json,0.2857142857142857,"Build a CLI recipe manager. Allow users to add recipes (name, ingredients, instructions), search for recipes by name or ingredient, and view recipe details. Store data in text or JSON files.",Coding,Programmer,0.44254128969544865,1
0.0,0.26666666666666666,17.5,4.0,2.0,15.0,0.42857142857142855,0.3405577219673082,0.6666666666666666,0.33084963838810183,0.41862804327415304,0.9999998946990101,0.5777399219006798,0.6764372290207968,2.3927772402517426e-06,0.035356663872914564,0.3874799814063189,0.8061080246804719,0.33084963838810183,0.8710776902592273,0.4044186631636479,ChatDev_ProgramDev2_GPT4o_81_scored.json,0.1540639791735146,0.4666666666666666,0.39999999999999997,0.39999999999999997,0.2,0.13333333333333336,0.13333333333333336,0.13333333333333336,0.06666666666666665,0.0,0.0,0.0,-0.06666666666666665,-0.06666666666666665,-0.06666666666666665,0.5666666666666667,0.5333333333333333,0.5333333333333333,0.30000000000000004,0.2666666666666667,0.2666666666666667,0.2666666666666667,0.16666666666666666,0.13333333333333333,0.13333333333333333,0.13333333333333333,0.06666666666666668,0.06666666666666668,0.06666666666666668,1.3333333333333333,1.25,0.8,0.8,0.7333333333333333,0.7333333333333333,0.7333333333333333,0.6666666666666666,0.4,0.26666666666666666,0.2,c1,0.2,0.2,0.26666666666666666,0.26666666666666666,0.26666666666666666,0.3333333333333333,0.6,0.7333333333333333,0.8,0.3777399219006798,0.24689028351257797,8,4,15,1.1,1.1\ChatDev_ProgramDev2_GPT4o_81_scored.json,-0.06666666666666665,"Create a CLI flashcard study tool. Users can create decks of flashcards (front: question/term, back: answer/definition). The tool presents cards for review.",DemandAnalysis,Chief Product Officer,2.3927772402517426e-06,2
1.0,0.7692307692307693,8.6,10.0,8.0,13.0,1.0,0.8945440207276311,1.0,0.28370684960462117,0.4643389226005066,0.9999998762608757,0.37100043981960684,0.3982754130229765,0.00070967033651176,0.007556310933527738,0.03219605294025453,0.4965349755407611,0.28370684960462117,0.9061046786569098,0.2599132089746783,ChatDev_ProgramDev2_GPT4o_8_scored.json,0.02853849537073899,-0.15384615384615385,-0.15384615384615385,-0.3846153846153846,-0.23076923076923078,-0.23076923076923078,-0.4615384615384615,-0.6923076923076923,-0.23076923076923078,-0.23076923076923078,-0.4615384615384615,-0.6923076923076923,-0.23076923076923078,-0.4615384615384615,-0.6923076923076923,0.0,0.0,-0.11538461538461536,-0.07692307692307693,-0.07692307692307693,-0.1923076923076923,-0.3076923076923077,-0.07692307692307693,-0.07692307692307693,-0.1923076923076923,-0.3076923076923077,-0.07692307692307693,-0.1923076923076923,-0.3076923076923077,0.25,0.4,0.6923076923076923,0.6923076923076923,0.6923076923076923,0.46153846153846156,0.23076923076923078,0.15384615384615385,0.07692307692307693,0.07692307692307693,0.07692307692307693,c1,0.3076923076923077,0.3076923076923077,0.3076923076923077,0.5384615384615384,0.7692307692307693,0.8461538461538461,0.9230769230769231,0.9230769230769231,0.9230769230769231,0.06330813212729913,0.08729359021498567,8,5,13,1.1,1.1\ChatDev_ProgramDev2_GPT4o_8_scored.json,-0.6923076923076923,"Write a CLI program to analyze a log file (e.g., Apache access log, system log). The user specifies the log file and a pattern (e.g., ERROR, 404). The tool should count and display lines containing the pattern.",CodeReviewComment,Code Reviewer,0.00070967033651176,2
1.0,0.46153846153846156,11.5,6.0,3.0,13.0,0.6,0.4628227144975969,0.6666666666666666,0.34247552159330824,0.5793725847939124,0.9999998959770916,0.4821551906080074,0.5320821060865686,1.0747289124189112e-08,0.030866897157687048,0.1689868967404574,0.7483594815343698,0.34247552159330824,0.93111332105417,0.3375086366497919,ChatDev_ProgramDev2_GPT4o_91_scored.json,0.07417772163200113,0.15384615384615385,0.0,0.0,0.0,-0.15384615384615385,-0.15384615384615385,-0.15384615384615385,-0.15384615384615385,-0.3076923076923077,-0.3076923076923077,-0.3076923076923077,-0.3076923076923077,-0.3076923076923077,-0.3076923076923077,0.3076923076923077,0.23076923076923078,0.23076923076923078,0.15384615384615385,0.07692307692307693,0.07692307692307693,0.07692307692307693,0.0,-0.07692307692307693,-0.07692307692307693,-0.07692307692307693,-0.07692307692307693,-0.07692307692307693,-0.07692307692307693,0.5,0.6,0.8461538461538461,0.6923076923076923,0.5384615384615384,0.5384615384615384,0.5384615384615384,0.46153846153846156,0.3076923076923077,0.15384615384615385,0.15384615384615385,c1,0.15384615384615385,0.3076923076923077,0.46153846153846156,0.46153846153846156,0.46153846153846156,0.5384615384615384,0.6923076923076923,0.8461538461538461,0.8461538461538461,0.17446288291569967,0.13967966901469914,8,5,13,1.1,1.1\ChatDev_ProgramDev2_GPT4o_91_scored.json,-0.3076923076923077,"Build a CLI cronjob generator. Provides a user-friendly way to create common cron job schedules (e.g., daily at 3 AM, every 15 minutes) and outputs the crontab line.",DemandAnalysis,Chief Product Officer,1.0747289124189112e-08,2
0.0,0.21428571428571427,3.3333333333333335,3.0,3.0,14.0,0.0,-0.4924865136788813,0.0,0.2740338463892028,0.3040012983940117,0.9999998545491624,0.7040725226840407,0.718271290097764,0.18242555362587268,0.23977375866445627,0.6539346279820507,0.9579359263760624,0.2740338463892028,0.7439492538024852,0.5475784319665903,ChatDev_ProgramDev2_GPT4o_92_scored.json,0.30174536686458886,0.6428571428571428,0.6428571428571428,0.5714285714285714,0.42857142857142855,0.42857142857142855,0.3571428571428571,0.3571428571428571,0.2857142857142857,0.2857142857142857,0.21428571428571427,0.21428571428571427,0.2142857142857143,0.14285714285714288,0.14285714285714288,0.7142857142857143,0.7142857142857143,0.6785714285714286,0.5,0.5,0.46428571428571425,0.46428571428571425,0.3571428571428571,0.3571428571428571,0.3214285714285714,0.3214285714285714,0.2857142857142857,0.25,0.25,3.0,2.3333333333333335,1.0,0.8571428571428571,0.8571428571428571,0.7857142857142857,0.7857142857142857,0.7857142857142857,0.5714285714285714,0.42857142857142855,0.35714285714285715,c1,0.0,0.14285714285714285,0.14285714285714285,0.21428571428571427,0.21428571428571427,0.21428571428571427,0.42857142857142855,0.5714285714285714,0.6428571428571429,0.561215379826898,0.43003867629483794,8,5,14,1.1,1.1\ChatDev_ProgramDev2_GPT4o_92_scored.json,0.14285714285714288,Write a CLI utility to add line numbers to a text file. The output can be to a new file or standard output.,CodeReviewComment,Code Reviewer,0.18242555362587268,2
0.0,0.21428571428571427,7,3.0,2.0,14.0,0.2,-0.18505231627127697,0.3333333333333333,0.33412500000151685,0.2876127876281189,0.99999988484326,0.6845071376165904,0.7750592172258626,1.0254740867472417e-07,0.11710204192842923,0.6730570832928593,0.9606698709209782,0.33412500000151685,0.6592017204231159,0.4791550270958359,ChatDev_ProgramDev2_GPT4o_94_scored.json,0.2933602018356816,0.5714285714285714,0.5714285714285714,0.5714285714285714,0.4285714285714286,0.4285714285714286,0.4285714285714286,0.4285714285714286,0.21428571428571427,0.21428571428571427,0.21428571428571427,0.21428571428571427,0.07142857142857142,0.07142857142857142,0.07142857142857142,0.6785714285714286,0.6785714285714286,0.6785714285714286,0.5357142857142858,0.5357142857142858,0.5357142857142858,0.5357142857142858,0.3214285714285714,0.3214285714285714,0.3214285714285714,0.3214285714285714,0.17857142857142855,0.17857142857142855,0.17857142857142855,2.0,1.75,0.9285714285714286,0.7857142857142857,0.7857142857142857,0.7857142857142857,0.7857142857142857,0.7857142857142857,0.6428571428571429,0.42857142857142855,0.2857142857142857,c1,0.07142857142857142,0.21428571428571427,0.21428571428571427,0.21428571428571427,0.21428571428571427,0.21428571428571427,0.35714285714285715,0.5714285714285714,0.7142857142857143,0.47022142333087613,0.3503821376150736,8,5,14,1.1,1.1\ChatDev_ProgramDev2_GPT4o_94_scored.json,0.07142857142857142,Develop a CLI program to extract specific columns from a CSV or space-delimited text file. User specifies column numbers or headers.,DemandAnalysis,Chief Product Officer,1.0254740867472417e-07,2
0.0,0.21428571428571427,13,3.0,2.0,14.0,0.4,-0.001165222703874783,0.6666666666666666,0.30731975960593994,0.4206894174126432,0.9999999151234401,0.6896929465067485,0.7810665293687247,6.804965916589303e-09,0.23356707569315144,0.5383816903968103,0.9590711078094535,0.30731975960593994,0.7658843345093678,0.4827850645962137,ChatDev_ProgramDev2_GPT4o_95_scored.json,0.34484647325337425,0.5714285714285714,0.5714285714285714,0.5714285714285714,0.42857142857142855,0.42857142857142855,0.42857142857142855,0.3571428571428571,0.35714285714285715,0.35714285714285715,0.35714285714285715,0.2857142857142857,0.14285714285714285,0.14285714285714285,0.07142857142857142,0.6428571428571429,0.6428571428571429,0.6428571428571429,0.5,0.5,0.5,0.46428571428571425,0.4285714285714286,0.4285714285714286,0.4285714285714286,0.39285714285714285,0.21428571428571427,0.21428571428571427,0.17857142857142855,3.5,2.6666666666666665,0.9285714285714286,0.8571428571428571,0.8571428571428571,0.8571428571428571,0.7857142857142857,0.7142857142857143,0.5714285714285714,0.5,0.2857142857142857,c1,0.07142857142857142,0.14285714285714285,0.14285714285714285,0.14285714285714285,0.21428571428571427,0.2857142857142857,0.42857142857142855,0.5,0.7142857142857143,0.5468358036496057,0.38237318690080857,8,5,14,1.1,1.1\ChatDev_ProgramDev2_GPT4o_95_scored.json,0.07142857142857142,"Build a simple CLI spell checker that takes a text file or string input and checks words against a local dictionary file, highlighting potential misspellings.",DemandAnalysis,Chief Product Officer,6.804965916589303e-09,2
0.0,0.38461538461538464,3.2,5.0,2.0,13.0,0.16666666666666666,-0.6285374811730222,0.0,0.3181841809419658,0.3689541509665788,0.9999998689587007,0.5632036075342226,0.5999997307107364,0.002472623024627213,0.0476617262738415,0.399765928397663,0.7687200793642418,0.3181841809419658,0.9886032578849715,0.394984312181344,ChatDev_ProgramDev2_GPT4o_98_scored.json,0.1299700632771283,0.3076923076923077,0.23076923076923078,0.15384615384615385,0.15384615384615385,0.07692307692307693,0.0,-0.07692307692307693,0.07692307692307693,0.0,-0.07692307692307693,-0.15384615384615385,0.0,-0.07692307692307693,-0.15384615384615385,0.38461538461538464,0.34615384615384615,0.3076923076923077,0.23076923076923078,0.19230769230769232,0.15384615384615385,0.11538461538461539,0.15384615384615385,0.11538461538461539,0.07692307692307693,0.038461538461538464,0.11538461538461539,0.07692307692307693,0.038461538461538464,1.5,1.3333333333333333,0.8461538461538461,0.8461538461538461,0.7692307692307693,0.6923076923076923,0.6153846153846154,0.46153846153846156,0.3076923076923077,0.23076923076923078,0.23076923076923078,c1,0.15384615384615385,0.15384615384615385,0.23076923076923078,0.3076923076923077,0.38461538461538464,0.5384615384615384,0.6923076923076923,0.7692307692307693,0.7692307692307693,0.40935745368806875,0.24501942659225678,7,4,13,1.1,1.1\ChatDev_ProgramDev2_GPT4o_98_scored.json,-0.15384615384615385,Develop a CLI tool that generates a Markdown table from a CSV file input. The first row of the CSV is treated as the header.,CodeReviewComment,Code Reviewer,0.002472623024627213,3
0.0,0.07692307692307693,8,1.0,1.0,13.0,0.0,-1.0003136418736935,0.0,0.20550130480190693,0.32452737890696537,0.9999998451965781,0.7868651677354764,0.8370116838948499,0.2917323245958203,0.5810070866619985,0.6680141420437012,0.9925415209506666,0.20550130480190693,0.6776275526715195,0.6383253147935796,ChatDev_ProgramDev_GPT4o_11_scored.json,0.4236966287806411,0.8461538461538461,0.7692307692307692,0.7692307692307692,0.6153846153846154,0.5384615384615385,0.5384615384615385,0.5384615384615385,0.5384615384615384,0.4615384615384615,0.4615384615384615,0.4615384615384615,0.38461538461538464,0.38461538461538464,0.38461538461538464,0.8461538461538461,0.8076923076923077,0.8076923076923077,0.6153846153846154,0.576923076923077,0.576923076923077,0.576923076923077,0.5384615384615384,0.5,0.5,0.5,0.42307692307692313,0.42307692307692313,0.42307692307692313,,8.0,1.0,1.0,0.9230769230769231,0.9230769230769231,0.9230769230769231,0.8461538461538461,0.6153846153846154,0.5384615384615384,0.46153846153846156,c1,0.0,0.0,0.07692307692307693,0.07692307692307693,0.07692307692307693,0.15384615384615385,0.38461538461538464,0.46153846153846156,0.5384615384615384,0.7868651677354764,0.5813638629335696,7,4,13,1.1,1.1\ChatDev_ProgramDev_GPT4o_11_scored.json,0.38461538461538464,"Design a standard wordle game by providing a daily 5-letter English language word. The game should allow a player to take 6 turns to guess the word. Correct guess for each letter is colored by green (correct letter in correct position), grey for invalid letter, or yellow for correct letter in wrong position. It should be playable from Linux Terminal, and does not require me to access a dedicated UX or GUI platform, i.e. print the results on terminal at each stage and let me play it there by entering inputs. If the player guesses the word within the allowed number of attempts, they win. If not, the solution is revealed. Validate each guess for proper feedback.",CodeReviewComment,Code Reviewer,0.2917323245958203,3
0.0,0.23076923076923078,21,3.0,2.0,13.0,0.3333333333333333,-0.057968280802384135,0.6666666666666666,0.2884194051143562,0.43525640683978517,1.0,0.6585877502480665,0.6577990869713142,0.16856640321603059,0.2437996843157845,0.5009633671263695,0.9362197739661546,0.2884194051143562,0.9190368861092725,0.5115813461384557,ChatDev_ProgramDev_GPT4o_15_scored.json,0.253302980864641,0.5384615384615385,0.38461538461538464,0.38461538461538464,0.38461538461538464,0.23076923076923078,0.23076923076923078,0.23076923076923078,0.3076923076923077,0.15384615384615385,0.15384615384615385,0.15384615384615385,0.07692307692307693,0.07692307692307693,0.07692307692307693,0.576923076923077,0.5,0.5,0.42307692307692313,0.34615384615384615,0.34615384615384615,0.34615384615384615,0.34615384615384615,0.2692307692307693,0.2692307692307693,0.2692307692307693,0.19230769230769232,0.19230769230769232,0.19230769230769232,5.0,3.0,1.0,0.9230769230769231,0.7692307692307693,0.7692307692307693,0.7692307692307693,0.6153846153846154,0.46153846153846156,0.38461538461538464,0.3076923076923077,c1,0.0,0.07692307692307693,0.23076923076923078,0.23076923076923078,0.23076923076923078,0.38461538461538464,0.5384615384615384,0.6153846153846154,0.6923076923076923,0.5816646733249895,0.3701683451337103,7,4,13,1.1,1.1\ChatDev_ProgramDev_GPT4o_15_scored.json,0.07692307692307693,"Design a classic Snake game. The player controls a snake using directional inputs to move around the board and eat 'food' items. Each time the snake eats, it grows in length. The game ends if the snake collides with itself or the boundary. The board updates after each move. Show the current score based on food eaten, and consider offering multiple difficulty levels.",CodeReviewModification,Programmer,0.16856640321603059,4
0.0,0.3076923076923077,27.25,4.0,3.0,13.0,0.6666666666666666,0.40533705160481087,1.0,0.312399604939401,0.37840167858091395,1.0,0.6252187069534378,0.7101055728233252,0.04876332707074292,0.11696456576730309,0.49999996254488915,0.8784016411258031,0.312399604939401,0.9190368861092725,0.4522820929886293,ChatDev_ProgramDev_GPT4o_18_scored.json,0.24046873344362996,0.46153846153846156,0.38461538461538464,0.38461538461538464,0.3846153846153846,0.30769230769230765,0.30769230769230765,0.23076923076923073,0.23076923076923078,0.15384615384615385,0.15384615384615385,0.07692307692307693,-0.07692307692307693,-0.07692307692307693,-0.15384615384615385,0.5384615384615385,0.5,0.5,0.4615384615384615,0.423076923076923,0.423076923076923,0.3846153846153846,0.3076923076923077,0.2692307692307693,0.2692307692307693,0.23076923076923078,0.038461538461538464,0.038461538461538464,0.0,2.5,2.0,0.8461538461538461,0.8461538461538461,0.7692307692307693,0.7692307692307693,0.6923076923076923,0.6153846153846154,0.5384615384615384,0.38461538461538464,0.15384615384615385,c1,0.15384615384615385,0.15384615384615385,0.23076923076923078,0.23076923076923078,0.3076923076923077,0.38461538461538464,0.46153846153846156,0.6153846153846154,0.8461538461538461,0.471372553107284,0.31281910201403684,7,4,13,1.1,1.1\ChatDev_ProgramDev_GPT4o_18_scored.json,-0.15384615384615385,"Implement Dou Dizhu (Chinese Poker) game for three players, one of whom is the 'landlord.' Cards must be played in valid combinations (singles, pairs, straights, etc.). The objective is to be the first to run out of cards or prevent the landlord from doing so, following standard Dou Dizhu rules. Include the bidding phase to determine the landlord, and enforce the pass-or-beat logic for played combinations.",CodeReviewModification,Programmer,0.04876332707074292,2
0.0,0.3076923076923077,37.25,4.0,4.0,13.0,0.6,0.9456284018942241,1.0,0.37867132633953854,0.7709564219649448,1.0,0.5594335684267433,0.6791033588865396,0.008039014330201546,0.03059985472173916,0.08630688796334805,0.8572633099282929,0.37867132633953854,0.8115296644839503,0.39401520219778075,ChatDev_ProgramDev_GPT4o_27_scored.json,0.21516675708720898,0.23076923076923073,0.23076923076923073,0.23076923076923073,0.15384615384615385,0.15384615384615385,0.15384615384615385,0.15384615384615385,0.07692307692307693,0.07692307692307693,0.07692307692307693,0.07692307692307693,-0.07692307692307693,-0.07692307692307693,-0.07692307692307693,0.3846153846153846,0.3846153846153846,0.3846153846153846,0.3076923076923077,0.3076923076923077,0.3076923076923077,0.3076923076923077,0.23076923076923078,0.23076923076923078,0.23076923076923078,0.23076923076923078,0.07692307692307693,0.07692307692307693,0.07692307692307693,1.25,1.2,0.6923076923076923,0.6923076923076923,0.6923076923076923,0.6923076923076923,0.6923076923076923,0.5384615384615384,0.46153846153846156,0.38461538461538464,0.23076923076923078,c1,0.3076923076923077,0.3076923076923077,0.3076923076923077,0.3076923076923077,0.3076923076923077,0.46153846153846156,0.5384615384615384,0.6153846153846154,0.7692307692307693,0.2517412607344356,0.18076224208720476,8,5,13,1.1,1.1\ChatDev_ProgramDev_GPT4o_27_scored.json,-0.07692307692307693,"Design a Gold Miner game. A claw moves back and forth, and the player times a grab to collect gold or other objects. Each object has a value and takes time to reel in. The level ends when time runs out or the minimum gold value is met. Display the position of the claw and objects, updating after each grab. Introduce ascending difficulty with more obstacles or tighter time limits.",CodeReviewModification,Programmer,0.008039014330201546,2
0.0,0.3076923076923077,5.75,4.0,2.0,13.0,0.0,-0.4133745697029001,0.0,0.36739706000162137,0.6634584648938209,0.9999998951331075,0.6382129737456783,0.6980167664433989,7.484619074298232e-05,0.05082334367656806,0.3215078312782471,0.984966296172068,0.36739706000162137,0.8810960362596493,0.4467715354791977,ChatDev_ProgramDev_GPT4o_5_scored.json,0.2945598340364669,0.46153846153846156,0.38461538461538464,0.3076923076923077,0.3076923076923077,0.23076923076923078,0.15384615384615385,0.15384615384615385,0.3076923076923077,0.23076923076923078,0.15384615384615385,0.15384615384615385,0.15384615384615385,0.07692307692307693,0.07692307692307693,0.5384615384615385,0.5,0.46153846153846156,0.38461538461538464,0.34615384615384615,0.3076923076923077,0.3076923076923077,0.38461538461538464,0.34615384615384615,0.3076923076923077,0.3076923076923077,0.2692307692307693,0.23076923076923078,0.23076923076923078,3.0,2.3333333333333335,0.8461538461538461,0.8461538461538461,0.7692307692307693,0.6923076923076923,0.6923076923076923,0.6153846153846154,0.46153846153846156,0.46153846153846156,0.38461538461538464,c1,0.15384615384615385,0.15384615384615385,0.23076923076923078,0.3076923076923077,0.3076923076923077,0.38461538461538464,0.5384615384615384,0.5384615384615384,0.6153846153846154,0.48436681989952446,0.27081591374405695,7,4,13,1.1,1.1\ChatDev_ProgramDev_GPT4o_5_scored.json,0.07692307692307693,write a program that generates Fibonacci numbers up to a given number,CodeReviewComment,Code Reviewer,7.484619074298232e-05,2
0.0,0.38461538461538464,10,5.0,3.0,13.0,0.2,0.0024846827647620148,0.3333333333333333,0.39006517471598934,0.622436558534881,0.9999998762486311,0.6568488053443065,0.9220012722793837,0.00020342704214340812,0.053719807713796405,0.37754071924020444,0.9999772777750855,0.39006517471598934,0.7851347742968416,0.45985519185365753,ChatDev_ProgramDev_GPT4o_6_scored.json,0.3536878182623188,0.38461538461538464,0.38461538461538464,0.3076923076923077,0.38461538461538464,0.38461538461538464,0.3076923076923077,0.23076923076923078,0.30769230769230765,0.30769230769230765,0.23076923076923073,0.1538461538461538,0.30769230769230765,0.23076923076923073,0.1538461538461538,0.5,0.5,0.46153846153846156,0.5,0.5,0.46153846153846156,0.42307692307692313,0.423076923076923,0.423076923076923,0.3846153846153846,0.34615384615384615,0.423076923076923,0.3846153846153846,0.34615384615384615,2.333333333333333,2.0,0.7692307692307693,0.7692307692307693,0.7692307692307693,0.6923076923076923,0.6153846153846154,0.6153846153846154,0.6153846153846154,0.5384615384615384,0.5384615384615384,c1,0.23076923076923078,0.23076923076923078,0.23076923076923078,0.3076923076923077,0.38461538461538464,0.38461538461538464,0.38461538461538464,0.46153846153846156,0.46153846153846156,0.42607957457507567,0.2667836306283171,8,5,13,1.1,1.1\ChatDev_ProgramDev_GPT4o_6_scored.json,0.1538461538461538,"Design a tic-tac-toe game with a user-friendly interface, allowing two players to take turns and determining the winner. Use a standard 3x3 grid, track each player's moves. Players alternate placing X or O, and the game ends when a player wins or the board is full.",CodeReviewComment,Code Reviewer,0.00020342704214340812,1
0.0,0.3076923076923077,18.75,4.0,3.0,13.0,0.5,0.38344930437770675,1.0,0.3620746873219516,0.37741251537264237,0.9999998621224395,0.6051221392260895,0.7249303645146032,0.005386692342232945,0.006309618647694464,0.4999999944987697,0.8774125098714121,0.3620746873219516,0.7898294618510978,0.4252015051609325,ChatDev_ProgramDev_GPT4o_8_scored.json,0.27928714118127207,0.38461538461538464,0.38461538461538464,0.38461538461538464,0.30769230769230765,0.30769230769230765,0.30769230769230765,0.23076923076923073,0.23076923076923078,0.23076923076923078,0.23076923076923078,0.15384615384615385,0.0,0.0,-0.07692307692307693,0.5,0.5,0.5,0.423076923076923,0.423076923076923,0.423076923076923,0.3846153846153846,0.34615384615384615,0.34615384615384615,0.34615384615384615,0.3076923076923077,0.11538461538461539,0.11538461538461539,0.07692307692307693,2.0,1.75,0.7692307692307693,0.7692307692307693,0.7692307692307693,0.7692307692307693,0.6923076923076923,0.6153846153846154,0.5384615384615384,0.46153846153846156,0.23076923076923078,c1,0.23076923076923078,0.23076923076923078,0.23076923076923078,0.23076923076923078,0.3076923076923077,0.38461538461538464,0.46153846153846156,0.5384615384615384,0.7692307692307693,0.3743529084568587,0.2430474519041379,7,4,13,1.1,1.1\ChatDev_ProgramDev_GPT4o_8_scored.json,-0.07692307692307693,"Design a chess game, allowing two players to take turns and determining the winner. It should be playable from Linux Terminal, and does not require me to access a dedicated UX or GUI platform, i.e. print the results on terminal at each stage and let me play it there by entering inputs (formal chess notation such as Ke8). Include standard chess features like castling, en passant, and pawn promotion. Enforce check and checkmate rules.",CodeReviewModification,Programmer,0.005386692342232945,4
0.0,0.42857142857142855,8.166666666666666,6.0,5.0,14.0,0.4,0.32441184672274104,0.6666666666666666,0.3391454167259398,0.49961035057166847,0.9999998682283358,0.4796870331776747,0.5510469770598734,0.0031726831078774057,0.050537175076317886,0.1637113397918907,0.6633216903635591,0.3391454167259398,0.9780416657815157,0.3367327281567355,ChatDev_ProgramDev2_GPT4o_38_scored.json,0.10279007853807315,0.14285714285714285,0.0,0.0,-0.07142857142857142,-0.21428571428571427,-0.21428571428571427,-0.21428571428571427,-0.07142857142857142,-0.21428571428571427,-0.21428571428571427,-0.21428571428571427,-0.21428571428571427,-0.21428571428571427,-0.21428571428571427,0.2857142857142857,0.21428571428571427,0.21428571428571427,0.07142857142857142,0.0,0.0,0.0,0.07142857142857142,0.0,0.0,0.0,0.0,0.0,0.0,0.75,0.8,0.8571428571428571,0.7142857142857143,0.5714285714285714,0.5714285714285714,0.5714285714285714,0.42857142857142855,0.21428571428571427,0.21428571428571427,0.21428571428571427,c2,0.14285714285714285,0.2857142857142857,0.42857142857142855,0.42857142857142855,0.42857142857142855,0.5714285714285714,0.7857142857142857,0.7857142857142857,0.7857142857142857,0.193972747463389,0.1405416164517349,8,5,14,1.5,1.5\ChatDev_ProgramDev2_GPT4o_38_scored.json,-0.21428571428571427,Develop a CLI tool that displays a calendar for a given month and year. The user inputs the month (numeric or name) and year.,CodeReviewComment,Code Reviewer,0.0031726831078774057,3
0.0,0.3076923076923077,3.25,4.0,3.0,13.0,0.0,-0.3416225773256912,0.0,0.3726009582010656,0.725884256544823,0.9999998855644251,0.587193235103482,0.5985431136348164,0.002472623024627213,0.024268389328837868,0.24725332283203938,0.9731375793768624,0.3726009582010656,0.8940282437120122,0.4117770514798256,ChatDev_ProgramDev2_GPT4o_40_scored.json,0.2258435519628777,0.23076923076923078,0.15384615384615385,0.15384615384615385,0.23076923076923078,0.15384615384615385,0.15384615384615385,0.15384615384615385,0.15384615384615385,0.07692307692307693,0.07692307692307693,0.07692307692307693,0.0,0.0,0.0,0.34615384615384615,0.3076923076923077,0.3076923076923077,0.34615384615384615,0.3076923076923077,0.3076923076923077,0.3076923076923077,0.2692307692307693,0.23076923076923078,0.23076923076923078,0.23076923076923078,0.15384615384615385,0.15384615384615385,0.15384615384615385,1.6666666666666667,1.5,0.8461538461538461,0.7692307692307693,0.6923076923076923,0.6923076923076923,0.6923076923076923,0.46153846153846156,0.46153846153846156,0.38461538461538464,0.3076923076923077,c2,0.15384615384615385,0.23076923076923078,0.3076923076923077,0.3076923076923077,0.3076923076923077,0.5384615384615384,0.5384615384615384,0.6153846153846154,0.6923076923076923,0.3564240043342512,0.2145922769024164,7,4,13,1.3,1.3\ChatDev_ProgramDev2_GPT4o_40_scored.json,0.0,Write a CLI program that searches for a given string/pattern within all text files in a specified directory and its subdirectories (similar to `grep -r`). Display matching lines and filenames.,CodeReviewComment,Code Reviewer,0.002472623024627213,3
0.0,0.21428571428571427,4.666666666666667,3.0,2.0,14.0,0.0,-0.7437344575918811,0.0,0.2214006135095301,0.21152478154812615,0.9999994779881062,0.699721257299634,0.6928900359490386,0.25178083940568685,0.3825007067306533,0.6333431716445425,0.8448679531926686,0.2214006135095301,0.743949253802485,0.5653391319314498,ChatDev_ProgramDev2_GPT4o_47_scored.json,0.24990044903558356,0.7857142857142857,0.7142857142857143,0.6428571428571428,0.5,0.4285714285714286,0.35714285714285715,0.2857142857142857,0.35714285714285715,0.2857142857142857,0.2142857142857143,0.14285714285714288,0.14285714285714285,0.07142857142857142,0.0,0.7857142857142857,0.75,0.7142857142857143,0.5,0.4642857142857143,0.4285714285714286,0.39285714285714285,0.35714285714285715,0.32142857142857145,0.2857142857142857,0.25,0.17857142857142855,0.14285714285714285,0.10714285714285714,,6.0,1.0,1.0,0.9285714285714286,0.8571428571428571,0.7857142857142857,0.7857142857142857,0.5,0.35714285714285715,0.21428571428571427,c2,0.0,0.0,0.07142857142857142,0.14285714285714285,0.21428571428571427,0.21428571428571427,0.5,0.6428571428571429,0.7857142857142857,0.699721257299634,0.47832064379010386,8,5,14,1.3,1.3\ChatDev_ProgramDev2_GPT4o_47_scored.json,0.0,Build a CLI program to join multiple file parts (created by a file splitter) back into a single original file. The user specifies the first part name.,DemandAnalysis,Chief Product Officer,0.25178083940568685,2
0.0,0.21428571428571427,13.333333333333334,3.0,1.0,14.0,0.3333333333333333,0.061959412632613585,0.6666666666666666,0.3579494284881853,0.3140861073920861,0.9999998443557171,0.7163804061949417,0.88386953641806,0.0,0.09324920175211522,0.6706185311329368,0.9847046385250229,0.3579494284881853,0.608890330290036,0.5014662843364591,ChatDev_ProgramDev2_GPT4o_67_scored.json,0.4093602321113952,0.5714285714285714,0.5714285714285714,0.5714285714285714,0.4285714285714286,0.4285714285714286,0.4285714285714286,0.4285714285714286,0.3571428571428571,0.3571428571428571,0.3571428571428571,0.3571428571428571,0.2857142857142857,0.2857142857142857,0.2857142857142857,0.6785714285714286,0.6785714285714286,0.6785714285714286,0.5357142857142858,0.5357142857142858,0.5357142857142858,0.5357142857142858,0.46428571428571425,0.46428571428571425,0.46428571428571425,0.46428571428571425,0.39285714285714285,0.39285714285714285,0.39285714285714285,2.6666666666666665,2.25,0.8571428571428571,0.7857142857142857,0.7857142857142857,0.7857142857142857,0.7857142857142857,0.7857142857142857,0.6428571428571429,0.5714285714285714,0.5,c2,0.14285714285714285,0.21428571428571427,0.21428571428571427,0.21428571428571427,0.21428571428571427,0.21428571428571427,0.35714285714285715,0.42857142857142855,0.5,0.5020946919092274,0.3584309777067564,9,5,14,1.3,1.3\ChatDev_ProgramDev2_GPT4o_67_scored.json,0.2857142857142857,"Build a CLI audio file tag editor for MP3 files (basic ID3 tags). Allow viewing and modifying tags like title, artist, album, year. Requires a library for MP3 tag manipulation.",DemandAnalysis,Chief Product Officer,0.0,2
0.0,0.6153846153846154,10,8.0,4.0,13.0,0.6,0.08142220810447935,1.0,0.29386428815551485,0.4322138861497369,0.9999985328119436,0.44134676399816064,0.49382978909928477,0.0014168106951969552,0.11303105618604133,0.2078657272106542,0.6400796133603911,0.29386428815551485,0.972362610668201,0.3093677780072715,ChatDev_ProgramDev2_GPT4o_68_scored.json,0.06789950215356318,0.23076923076923078,-0.07692307692307693,-0.07692307692307693,0.0,-0.3076923076923077,-0.3076923076923077,-0.46153846153846156,0.0,-0.3076923076923077,-0.3076923076923077,-0.46153846153846156,-0.38461538461538464,-0.38461538461538464,-0.5384615384615385,0.3076923076923077,0.15384615384615385,0.15384615384615385,0.07692307692307693,-0.07692307692307693,-0.07692307692307693,-0.15384615384615385,0.07692307692307693,-0.07692307692307693,-0.07692307692307693,-0.15384615384615385,-0.15384615384615385,-0.15384615384615385,-0.23076923076923078,1.0,1.0,0.8461538461538461,0.8461538461538461,0.5384615384615384,0.5384615384615384,0.38461538461538464,0.38461538461538464,0.15384615384615385,0.15384615384615385,0.07692307692307693,c2,0.15384615384615385,0.15384615384615385,0.46153846153846156,0.46153846153846156,0.6153846153846154,0.6153846153846154,0.8461538461538461,0.8461538461538461,0.9230769230769231,0.2875006101520068,0.1474824758426458,8,5,13,1.3,1.3\ChatDev_ProgramDev2_GPT4o_68_scored.json,-0.5384615384615385,"Write a CLI tool to convert a short video file segment (e.g., first 5 seconds) into an animated GIF. Requires `ffmpeg` to be installed.",CodeReviewComment,Code Reviewer,0.0014168106951969552,1
0.0,0.07692307692307693,22,1.0,1.0,13.0,0.2,-0.4094036060673552,0.3333333333333333,0.2507160724774789,0.24976302269361883,0.9999998759817202,0.8236708085013364,0.8796050586276143,0.030751284869539576,0.732002304451448,0.7500784261062527,0.9998414487998716,0.2507160724774789,0.5335657289864226,0.5857949514117973,ChatDev_ProgramDev2_GPT4o_76_scored.json,0.5068743436931301,0.8461538461538463,0.8461538461538463,0.8461538461538463,0.8461538461538463,0.8461538461538463,0.8461538461538463,0.8461538461538463,0.5384615384615385,0.5384615384615385,0.5384615384615385,0.5384615384615385,0.38461538461538464,0.38461538461538464,0.38461538461538464,0.8846153846153847,0.8846153846153847,0.8846153846153847,0.8846153846153847,0.8846153846153847,0.8846153846153847,0.8846153846153847,0.576923076923077,0.576923076923077,0.576923076923077,0.576923076923077,0.42307692307692313,0.42307692307692313,0.42307692307692313,8.0,4.5,0.9230769230769231,0.9230769230769231,0.9230769230769231,0.9230769230769231,0.9230769230769231,0.9230769230769231,0.9230769230769231,0.6153846153846154,0.46153846153846156,c2,0.07692307692307693,0.07692307692307693,0.07692307692307693,0.07692307692307693,0.07692307692307693,0.07692307692307693,0.07692307692307693,0.38461538461538464,0.5384615384615384,0.7467477315782596,0.5729547360238576,8,5,13,1.5,1.5\ChatDev_ProgramDev2_GPT4o_76_scored.json,0.38461538461538464,"Write a simple CLI data plotter that takes a list of numbers (e.g., from a file or stdin) and generates a basic text-based bar chart or line graph in the terminal.",CodeReviewModification,Programmer,0.030751284869539576,4
1.0,0.14285714285714285,19,2.0,1.0,14.0,0.16666666666666666,-0.22390907993575984,0.0,0.183889801664028,0.3033611867660043,0.9999996011955931,0.7863663900246485,0.7545673561658306,0.44254128969544865,0.5297349818032747,0.6782734510555621,0.9816346378215665,0.183889801664028,0.6592017204231159,0.6832188599258885,ChatDev_ProgramDev2_GPT4o_79_scored.json,0.33701416715342075,0.7857142857142857,0.7857142857142857,0.7857142857142857,0.7142857142857143,0.7142857142857143,0.7142857142857143,0.5714285714285714,0.42857142857142855,0.42857142857142855,0.42857142857142855,0.2857142857142857,0.42857142857142855,0.42857142857142855,0.2857142857142857,0.7857142857142857,0.7857142857142857,0.7857142857142857,0.7142857142857143,0.7142857142857143,0.7142857142857143,0.6428571428571429,0.42857142857142855,0.42857142857142855,0.42857142857142855,0.3571428571428571,0.42857142857142855,0.42857142857142855,0.3571428571428571,,7.0,1.0,1.0,1.0,1.0,0.8571428571428571,0.7857142857142857,0.7142857142857143,0.42857142857142855,0.42857142857142855,c2,0.0,0.0,0.0,0.0,0.14285714285714285,0.21428571428571427,0.2857142857142857,0.5714285714285714,0.5714285714285714,0.7863663900246485,0.6024765883606205,7,4,14,1.3,1.3\ChatDev_ProgramDev2_GPT4o_79_scored.json,0.2857142857142857,"Build a CLI recipe manager. Allow users to add recipes (name, ingredients, instructions), search for recipes by name or ingredient, and view recipe details. Store data in text or JSON files.",Coding,Programmer,0.44254128969544865,1
0.0,0.26666666666666666,17.5,4.0,2.0,15.0,0.42857142857142855,0.3405577219673082,0.6666666666666666,0.33084963838810183,0.41862804327415304,0.9999998946990101,0.5777399219006798,0.6764372290207968,2.3927772402517426e-06,0.035356663872914564,0.3874799814063189,0.8061080246804719,0.33084963838810183,0.8710776902592273,0.4044186631636479,ChatDev_ProgramDev2_GPT4o_81_scored.json,0.1540639791735146,0.4666666666666666,0.39999999999999997,0.39999999999999997,0.2,0.13333333333333336,0.13333333333333336,0.13333333333333336,0.06666666666666665,0.0,0.0,0.0,-0.06666666666666665,-0.06666666666666665,-0.06666666666666665,0.5666666666666667,0.5333333333333333,0.5333333333333333,0.30000000000000004,0.2666666666666667,0.2666666666666667,0.2666666666666667,0.16666666666666666,0.13333333333333333,0.13333333333333333,0.13333333333333333,0.06666666666666668,0.06666666666666668,0.06666666666666668,1.3333333333333333,1.25,0.8,0.8,0.7333333333333333,0.7333333333333333,0.7333333333333333,0.6666666666666666,0.4,0.26666666666666666,0.2,c2,0.2,0.2,0.26666666666666666,0.26666666666666666,0.26666666666666666,0.3333333333333333,0.6,0.7333333333333333,0.8,0.3777399219006798,0.24689028351257797,8,4,15,1.3,1.3\ChatDev_ProgramDev2_GPT4o_81_scored.json,-0.06666666666666665,"Create a CLI flashcard study tool. Users can create decks of flashcards (front: question/term, back: answer/definition). The tool presents cards for review.",DemandAnalysis,Chief Product Officer,2.3927772402517426e-06,2
1.0,0.7692307692307693,8.6,10.0,8.0,13.0,1.0,0.8945440207276311,1.0,0.28370684960462117,0.4643389226005066,0.9999998762608757,0.37100043981960684,0.3982754130229765,0.00070967033651176,0.007556310933527738,0.03219605294025453,0.4965349755407611,0.28370684960462117,0.9061046786569098,0.2599132089746783,ChatDev_ProgramDev2_GPT4o_8_scored.json,0.02853849537073899,-0.15384615384615385,-0.15384615384615385,-0.3846153846153846,-0.23076923076923078,-0.23076923076923078,-0.4615384615384615,-0.6923076923076923,-0.23076923076923078,-0.23076923076923078,-0.4615384615384615,-0.6923076923076923,-0.23076923076923078,-0.4615384615384615,-0.6923076923076923,0.0,0.0,-0.11538461538461536,-0.07692307692307693,-0.07692307692307693,-0.1923076923076923,-0.3076923076923077,-0.07692307692307693,-0.07692307692307693,-0.1923076923076923,-0.3076923076923077,-0.07692307692307693,-0.1923076923076923,-0.3076923076923077,0.25,0.4,0.6923076923076923,0.6923076923076923,0.6923076923076923,0.46153846153846156,0.23076923076923078,0.15384615384615385,0.07692307692307693,0.07692307692307693,0.07692307692307693,c2,0.3076923076923077,0.3076923076923077,0.3076923076923077,0.5384615384615384,0.7692307692307693,0.8461538461538461,0.9230769230769231,0.9230769230769231,0.9230769230769231,0.06330813212729913,0.08729359021498567,8,5,13,1.3,1.3\ChatDev_ProgramDev2_GPT4o_8_scored.json,-0.6923076923076923,"Write a CLI program to analyze a log file (e.g., Apache access log, system log). The user specifies the log file and a pattern (e.g., ERROR, 404). The tool should count and display lines containing the pattern.",CodeReviewComment,Code Reviewer,0.00070967033651176,2
1.0,0.46153846153846156,11.5,6.0,3.0,13.0,0.6,0.4628227144975969,0.6666666666666666,0.34247552159330824,0.5793725847939124,0.9999998959770916,0.4821551906080074,0.5320821060865686,1.0747289124189112e-08,0.030866897157687048,0.1689868967404574,0.7483594815343698,0.34247552159330824,0.93111332105417,0.3375086366497919,ChatDev_ProgramDev2_GPT4o_91_scored.json,0.07417772163200113,0.15384615384615385,0.0,0.0,0.0,-0.15384615384615385,-0.15384615384615385,-0.15384615384615385,-0.15384615384615385,-0.3076923076923077,-0.3076923076923077,-0.3076923076923077,-0.3076923076923077,-0.3076923076923077,-0.3076923076923077,0.3076923076923077,0.23076923076923078,0.23076923076923078,0.15384615384615385,0.07692307692307693,0.07692307692307693,0.07692307692307693,0.0,-0.07692307692307693,-0.07692307692307693,-0.07692307692307693,-0.07692307692307693,-0.07692307692307693,-0.07692307692307693,0.5,0.6,0.8461538461538461,0.6923076923076923,0.5384615384615384,0.5384615384615384,0.5384615384615384,0.46153846153846156,0.3076923076923077,0.15384615384615385,0.15384615384615385,c2,0.15384615384615385,0.3076923076923077,0.46153846153846156,0.46153846153846156,0.46153846153846156,0.5384615384615384,0.6923076923076923,0.8461538461538461,0.8461538461538461,0.17446288291569967,0.13967966901469914,8,5,13,1.5,1.5\ChatDev_ProgramDev2_GPT4o_91_scored.json,-0.3076923076923077,"Build a CLI cronjob generator. Provides a user-friendly way to create common cron job schedules (e.g., daily at 3 AM, every 15 minutes) and outputs the crontab line.",DemandAnalysis,Chief Product Officer,1.0747289124189112e-08,2
0.0,0.21428571428571427,3.3333333333333335,3.0,3.0,14.0,0.0,-0.4924865136788813,0.0,0.2740338463892028,0.3040012983940117,0.9999998545491624,0.7040725226840407,0.718271290097764,0.18242555362587268,0.23977375866445627,0.6539346279820507,0.9579359263760624,0.2740338463892028,0.7439492538024852,0.5475784319665903,ChatDev_ProgramDev2_GPT4o_92_scored.json,0.30174536686458886,0.6428571428571428,0.6428571428571428,0.5714285714285714,0.42857142857142855,0.42857142857142855,0.3571428571428571,0.3571428571428571,0.2857142857142857,0.2857142857142857,0.21428571428571427,0.21428571428571427,0.2142857142857143,0.14285714285714288,0.14285714285714288,0.7142857142857143,0.7142857142857143,0.6785714285714286,0.5,0.5,0.46428571428571425,0.46428571428571425,0.3571428571428571,0.3571428571428571,0.3214285714285714,0.3214285714285714,0.2857142857142857,0.25,0.25,3.0,2.3333333333333335,1.0,0.8571428571428571,0.8571428571428571,0.7857142857142857,0.7857142857142857,0.7857142857142857,0.5714285714285714,0.42857142857142855,0.35714285714285715,c2,0.0,0.14285714285714285,0.14285714285714285,0.21428571428571427,0.21428571428571427,0.21428571428571427,0.42857142857142855,0.5714285714285714,0.6428571428571429,0.561215379826898,0.43003867629483794,8,5,14,1.3,1.3\ChatDev_ProgramDev2_GPT4o_92_scored.json,0.14285714285714288,Write a CLI utility to add line numbers to a text file. The output can be to a new file or standard output.,CodeReviewComment,Code Reviewer,0.18242555362587268,2
0.0,0.21428571428571427,7,3.0,2.0,14.0,0.2,-0.18505231627127697,0.3333333333333333,0.33412500000151685,0.2876127876281189,0.99999988484326,0.6845071376165904,0.7750592172258626,1.0254740867472417e-07,0.11710204192842923,0.6730570832928593,0.9606698709209782,0.33412500000151685,0.6592017204231159,0.4791550270958359,ChatDev_ProgramDev2_GPT4o_94_scored.json,0.2933602018356816,0.5714285714285714,0.5714285714285714,0.5714285714285714,0.4285714285714286,0.4285714285714286,0.4285714285714286,0.4285714285714286,0.21428571428571427,0.21428571428571427,0.21428571428571427,0.21428571428571427,0.07142857142857142,0.07142857142857142,0.07142857142857142,0.6785714285714286,0.6785714285714286,0.6785714285714286,0.5357142857142858,0.5357142857142858,0.5357142857142858,0.5357142857142858,0.3214285714285714,0.3214285714285714,0.3214285714285714,0.3214285714285714,0.17857142857142855,0.17857142857142855,0.17857142857142855,2.0,1.75,0.9285714285714286,0.7857142857142857,0.7857142857142857,0.7857142857142857,0.7857142857142857,0.7857142857142857,0.6428571428571429,0.42857142857142855,0.2857142857142857,c2,0.07142857142857142,0.21428571428571427,0.21428571428571427,0.21428571428571427,0.21428571428571427,0.21428571428571427,0.35714285714285715,0.5714285714285714,0.7142857142857143,0.47022142333087613,0.3503821376150736,8,5,14,1.3,1.3\ChatDev_ProgramDev2_GPT4o_94_scored.json,0.07142857142857142,Develop a CLI program to extract specific columns from a CSV or space-delimited text file. User specifies column numbers or headers.,DemandAnalysis,Chief Product Officer,1.0254740867472417e-07,2
0.0,0.38461538461538464,3.2,5.0,2.0,13.0,0.16666666666666666,-0.6285374811730222,0.0,0.3181841809419658,0.3689541509665788,0.9999998689587007,0.5632036075342226,0.5999997307107364,0.002472623024627213,0.0476617262738415,0.399765928397663,0.7687200793642418,0.3181841809419658,0.9886032578849715,0.394984312181344,ChatDev_ProgramDev2_GPT4o_98_scored.json,0.1299700632771283,0.3076923076923077,0.23076923076923078,0.15384615384615385,0.15384615384615385,0.07692307692307693,0.0,-0.07692307692307693,0.07692307692307693,0.0,-0.07692307692307693,-0.15384615384615385,0.0,-0.07692307692307693,-0.15384615384615385,0.38461538461538464,0.34615384615384615,0.3076923076923077,0.23076923076923078,0.19230769230769232,0.15384615384615385,0.11538461538461539,0.15384615384615385,0.11538461538461539,0.07692307692307693,0.038461538461538464,0.11538461538461539,0.07692307692307693,0.038461538461538464,1.5,1.3333333333333333,0.8461538461538461,0.8461538461538461,0.7692307692307693,0.6923076923076923,0.6153846153846154,0.46153846153846156,0.3076923076923077,0.23076923076923078,0.23076923076923078,c2,0.15384615384615385,0.15384615384615385,0.23076923076923078,0.3076923076923077,0.38461538461538464,0.5384615384615384,0.6923076923076923,0.7692307692307693,0.7692307692307693,0.40935745368806875,0.24501942659225678,7,4,13,1.3,1.3\ChatDev_ProgramDev2_GPT4o_98_scored.json,-0.15384615384615385,Develop a CLI tool that generates a Markdown table from a CSV file input. The first row of the CSV is treated as the header.,CodeReviewComment,Code Reviewer,0.002472623024627213,3
0.0,0.07692307692307693,26,1.0,1.0,13.0,0.2,-0.415797415309511,0.3333333333333333,0.22220842558291248,0.3200237976474428,0.9999998956473242,0.7885197073975869,0.8270466059629229,0.2644364265617681,0.5154338312090523,0.679178745040062,0.9992025426875049,0.22220842558291248,0.7188768422855504,0.6312947231468413,ChatDev_ProgramDev_GPT4o_7_scored.json,0.4245875347525468,0.7692307692307693,0.6923076923076923,0.6923076923076923,0.6923076923076923,0.6153846153846154,0.6153846153846154,0.6153846153846154,0.5384615384615384,0.4615384615384615,0.4615384615384615,0.4615384615384615,0.3076923076923077,0.3076923076923077,0.3076923076923077,0.7692307692307693,0.7307692307692308,0.7307692307692308,0.6923076923076923,0.6538461538461539,0.6538461538461539,0.6538461538461539,0.5384615384615384,0.5,0.5,0.5,0.34615384615384615,0.34615384615384615,0.34615384615384615,,8.0,1.0,1.0,0.9230769230769231,0.9230769230769231,0.9230769230769231,0.7692307692307693,0.6923076923076923,0.5384615384615384,0.38461538461538464,c2,0.0,0.0,0.07692307692307693,0.07692307692307693,0.07692307692307693,0.23076923076923078,0.3076923076923077,0.46153846153846156,0.6153846153846154,0.7885197073975869,0.5663112818146745,8,5,13,1.3,1.3\ChatDev_ProgramDev_GPT4o_7_scored.json,0.3076923076923077,"Develop a standard Gomoku game. Implement it on a typical 15x15 board, where two players alternate placing black or white stones. A player wins by forming an unbroken row of five stones horizontally, vertically, or diagonally.",CodeReviewModification,Programmer,0.2644364265617681,4
0.0,0.3076923076923077,18.75,4.0,3.0,13.0,0.5,0.38344930437770675,1.0,0.3620746873219516,0.37741251537264237,0.9999998621224395,0.6051221392260895,0.7249303645146032,0.005386692342232945,0.006309618647694464,0.4999999944987697,0.8774125098714121,0.3620746873219516,0.7898294618510978,0.4252015051609325,ChatDev_ProgramDev_GPT4o_8_scored.json,0.27928714118127207,0.38461538461538464,0.38461538461538464,0.38461538461538464,0.30769230769230765,0.30769230769230765,0.30769230769230765,0.23076923076923073,0.23076923076923078,0.23076923076923078,0.23076923076923078,0.15384615384615385,0.0,0.0,-0.07692307692307693,0.5,0.5,0.5,0.423076923076923,0.423076923076923,0.423076923076923,0.3846153846153846,0.34615384615384615,0.34615384615384615,0.34615384615384615,0.3076923076923077,0.11538461538461539,0.11538461538461539,0.07692307692307693,2.0,1.75,0.7692307692307693,0.7692307692307693,0.7692307692307693,0.7692307692307693,0.6923076923076923,0.6153846153846154,0.5384615384615384,0.46153846153846156,0.23076923076923078,c2,0.23076923076923078,0.23076923076923078,0.23076923076923078,0.23076923076923078,0.3076923076923077,0.38461538461538464,0.46153846153846156,0.5384615384615384,0.7692307692307693,0.3743529084568587,0.2430474519041379,7,4,13,1.3,1.3\ChatDev_ProgramDev_GPT4o_8_scored.json,-0.07692307692307693,"Design a chess game, allowing two players to take turns and determining the winner. It should be playable from Linux Terminal, and does not require me to access a dedicated UX or GUI platform, i.e. print the results on terminal at each stage and let me play it there by entering inputs (formal chess notation such as Ke8). Include standard chess features like castling, en passant, and pawn promotion. Enforce check and checkmate rules.",CodeReviewModification,Programmer,0.005386692342232945,4
0.0,0.42857142857142855,8.166666666666666,6.0,5.0,14.0,0.4,0.32441184672274104,0.6666666666666666,0.3391454167259398,0.49961035057166847,0.9999998682283358,0.4796870331776747,0.5510469770598734,0.0031726831078774057,0.050537175076317886,0.1637113397918907,0.6633216903635591,0.3391454167259398,0.9780416657815157,0.3367327281567355,ChatDev_ProgramDev2_GPT4o_38_scored.json,0.10279007853807315,0.14285714285714285,0.0,0.0,-0.07142857142857142,-0.21428571428571427,-0.21428571428571427,-0.21428571428571427,-0.07142857142857142,-0.21428571428571427,-0.21428571428571427,-0.21428571428571427,-0.21428571428571427,-0.21428571428571427,-0.21428571428571427,0.2857142857142857,0.21428571428571427,0.21428571428571427,0.07142857142857142,0.0,0.0,0.0,0.07142857142857142,0.0,0.0,0.0,0.0,0.0,0.0,0.75,0.8,0.8571428571428571,0.7142857142857143,0.5714285714285714,0.5714285714285714,0.5714285714285714,0.42857142857142855,0.21428571428571427,0.21428571428571427,0.21428571428571427,c3,0.14285714285714285,0.2857142857142857,0.42857142857142855,0.42857142857142855,0.42857142857142855,0.5714285714285714,0.7857142857142857,0.7857142857142857,0.7857142857142857,0.193972747463389,0.1405416164517349,8,5,14,2.2,2.2\ChatDev_ProgramDev2_GPT4o_38_scored.json,-0.21428571428571427,Develop a CLI tool that displays a calendar for a given month and year. The user inputs the month (numeric or name) and year.,CodeReviewComment,Code Reviewer,0.0031726831078774057,3
0.0,0.35714285714285715,6.8,5.0,3.0,14.0,0.2,-0.21711728917477824,0.3333333333333333,0.29215725418773975,0.39184447376773535,0.9999937644340005,0.6202444309375565,0.6780001287102031,0.03655031524082269,0.25014574055112165,0.42337396738284894,0.8152184411505843,0.29215725418773975,0.9397387539970584,0.4451361962285364,ChatDev_ProgramDev2_GPT4o_44_scored.json,0.17721269455358757,0.5,0.3571428571428571,0.3571428571428571,0.4285714285714286,0.2857142857142857,0.2857142857142857,0.14285714285714285,0.21428571428571427,0.07142857142857142,0.07142857142857142,-0.07142857142857145,0.0,0.0,-0.14285714285714288,0.5357142857142857,0.46428571428571425,0.46428571428571425,0.4642857142857143,0.39285714285714285,0.39285714285714285,0.3214285714285714,0.25,0.17857142857142855,0.17857142857142855,0.10714285714285712,0.10714285714285714,0.10714285714285714,0.0357142857142857,4.0,2.5,0.9285714285714286,0.9285714285714286,0.7857142857142857,0.7857142857142857,0.6428571428571429,0.5714285714285714,0.5,0.2857142857142857,0.21428571428571427,c3,0.07142857142857142,0.07142857142857142,0.21428571428571427,0.21428571428571427,0.35714285714285715,0.42857142857142855,0.5,0.7142857142857143,0.7857142857142857,0.5488158595089851,0.3280871767498168,8,5,14,2.2,2.2\ChatDev_ProgramDev2_GPT4o_44_scored.json,-0.14285714285714288,"Write a simple CLI HTTP server that serves static files (HTML, CSS, JS, images) from a specified local directory. Listens on a configurable port.",CodeReviewComment,Code Reviewer,0.03655031524082269,1
0.0,0.23076923076923078,8.666666666666666,3.0,2.0,13.0,0.2,-0.6650505383517297,0.3333333333333333,0.22717451608997327,0.17314312783223318,0.9999998611504499,0.6329970542706832,0.6563753941478215,0.19487428522952938,0.2931209594272923,0.568677731836518,0.7418208596687512,0.22717451608997327,0.856087393862389,0.5015602235583371,ChatDev_ProgramDev2_GPT4o_46_scored.json,0.1460762432932346,0.6153846153846154,0.5384615384615384,0.4615384615384615,0.38461538461538464,0.3076923076923077,0.23076923076923078,0.23076923076923078,0.15384615384615385,0.07692307692307693,0.0,0.0,-0.07692307692307693,-0.15384615384615385,-0.15384615384615385,0.6538461538461539,0.6153846153846154,0.5769230769230769,0.42307692307692313,0.38461538461538464,0.34615384615384615,0.34615384615384615,0.19230769230769232,0.15384615384615385,0.11538461538461539,0.11538461538461539,0.0,-0.038461538461538464,-0.038461538461538464,3.0,2.0,1.0,0.9230769230769231,0.8461538461538461,0.7692307692307693,0.7692307692307693,0.6923076923076923,0.46153846153846156,0.23076923076923078,0.07692307692307693,c3,0.0,0.07692307692307693,0.15384615384615385,0.23076923076923078,0.23076923076923078,0.3076923076923077,0.5384615384615384,0.7692307692307693,0.9230769230769231,0.5560739773476062,0.4058225381807099,8,5,13,2.2,2.2\ChatDev_ProgramDev2_GPT4o_46_scored.json,-0.15384615384615385,"Develop a CLI utility to split a large file into smaller parts of a specified size (e.g., 10MB chunks). Name the output parts sequentially.",CodeReviewModification,Programmer,0.19487428522952938,4
0.0,0.3333333333333333,3,5.0,3.0,15.0,0.0,-0.24301819999163032,0.0,0.30127990925490516,0.40693052072134694,0.9992902552405551,0.5501584849513752,0.5719967125283199,3.535625324942473e-05,0.11692344240593126,0.33333332939181215,0.7402638501131591,0.30127990925490516,0.9859247724121322,0.38512154634193746,ChatDev_ProgramDev2_GPT4o_56_scored.json,0.11003169699027504,0.2666666666666667,0.2,0.06666666666666671,0.13333333333333333,0.06666666666666665,-0.06666666666666665,-0.06666666666666665,0.06666666666666668,0.0,-0.1333333333333333,-0.1333333333333333,-0.06666666666666668,-0.19999999999999998,-0.19999999999999998,0.33333333333333337,0.30000000000000004,0.23333333333333336,0.2,0.16666666666666666,0.1,0.1,0.13333333333333336,0.1,0.033333333333333354,0.033333333333333354,0.033333333333333326,-0.033333333333333326,-0.033333333333333326,1.5,1.3333333333333333,0.8666666666666667,0.8666666666666667,0.8,0.6666666666666666,0.6666666666666666,0.4,0.26666666666666666,0.2,0.13333333333333333,c3,0.13333333333333333,0.13333333333333333,0.2,0.3333333333333333,0.3333333333333333,0.6,0.7333333333333333,0.8,0.8666666666666667,0.4168251516180419,0.24887857569647004,10,5,15,2.3,2.3\ChatDev_ProgramDev2_GPT4o_56_scored.json,-0.19999999999999998,"Write a CLI script creator for simple backups. User specifies source directories and a target backup location. The script (e.g., shell script using `rsync` or `tar`) is generated.",CodeReviewComment,Code Reviewer,3.535625324942473e-05,3
0.0,0.3076923076923077,19.5,4.0,3.0,13.0,0.6,0.1346152287468021,1.0,0.28061496409312675,0.5564015194967551,0.999999855494768,0.679364508310594,0.6827642175050432,0.12522778047235122,0.32598837461196534,0.44167176929053287,0.998073288787288,0.28061496409312675,0.8777875964952415,0.5131234899591212,ChatDev_ProgramDev2_GPT4o_57_scored.json,0.2612940416579208,0.6153846153846154,0.6153846153846154,0.5384615384615384,0.38461538461538464,0.38461538461538464,0.3076923076923077,0.15384615384615385,0.3076923076923077,0.3076923076923077,0.23076923076923078,0.07692307692307693,0.23076923076923078,0.15384615384615385,0.0,0.6538461538461539,0.6538461538461539,0.6153846153846154,0.42307692307692313,0.42307692307692313,0.38461538461538464,0.3076923076923077,0.34615384615384615,0.34615384615384615,0.3076923076923077,0.23076923076923078,0.2692307692307693,0.23076923076923078,0.15384615384615385,5.0,3.0,1.0,0.9230769230769231,0.9230769230769231,0.8461538461538461,0.6923076923076923,0.6923076923076923,0.46153846153846156,0.38461538461538464,0.3076923076923077,c3,0.0,0.07692307692307693,0.07692307692307693,0.15384615384615385,0.3076923076923077,0.3076923076923077,0.5384615384615384,0.6153846153846154,0.6923076923076923,0.602441431387517,0.3987495442174673,8,5,13,2.2,2.2\ChatDev_ProgramDev2_GPT4o_57_scored.json,0.0,"Create a CLI engine for a simple text-based adventure game. Load game data (rooms, user_demands, items, choices) from a JSON or YAML file. Player navigates by typing commands.",DemandAnalysis,Chief Product Officer,0.12522778047235122,2
0.0,0.21428571428571427,13.333333333333334,3.0,1.0,14.0,0.3333333333333333,0.061959412632613585,0.6666666666666666,0.3579494284881853,0.3140861073920861,0.9999998443557171,0.7163804061949417,0.88386953641806,0.0,0.09324920175211522,0.6706185311329368,0.9847046385250229,0.3579494284881853,0.608890330290036,0.5014662843364591,ChatDev_ProgramDev2_GPT4o_67_scored.json,0.4093602321113952,0.5714285714285714,0.5714285714285714,0.5714285714285714,0.4285714285714286,0.4285714285714286,0.4285714285714286,0.4285714285714286,0.3571428571428571,0.3571428571428571,0.3571428571428571,0.3571428571428571,0.2857142857142857,0.2857142857142857,0.2857142857142857,0.6785714285714286,0.6785714285714286,0.6785714285714286,0.5357142857142858,0.5357142857142858,0.5357142857142858,0.5357142857142858,0.46428571428571425,0.46428571428571425,0.46428571428571425,0.46428571428571425,0.39285714285714285,0.39285714285714285,0.39285714285714285,2.6666666666666665,2.25,0.8571428571428571,0.7857142857142857,0.7857142857142857,0.7857142857142857,0.7857142857142857,0.7857142857142857,0.6428571428571429,0.5714285714285714,0.5,c3,0.14285714285714285,0.21428571428571427,0.21428571428571427,0.21428571428571427,0.21428571428571427,0.21428571428571427,0.35714285714285715,0.42857142857142855,0.5,0.5020946919092274,0.3584309777067564,9,5,14,2.2,2.2\ChatDev_ProgramDev2_GPT4o_67_scored.json,0.2857142857142857,"Build a CLI audio file tag editor for MP3 files (basic ID3 tags). Allow viewing and modifying tags like title, artist, album, year. Requires a library for MP3 tag manipulation.",DemandAnalysis,Chief Product Officer,0.0,2
0.0,0.6153846153846154,10,8.0,4.0,13.0,0.6,0.08142220810447935,1.0,0.29386428815551485,0.4322138861497369,0.9999985328119436,0.44134676399816064,0.49382978909928477,0.0014168106951969552,0.11303105618604133,0.2078657272106542,0.6400796133603911,0.29386428815551485,0.972362610668201,0.3093677780072715,ChatDev_ProgramDev2_GPT4o_68_scored.json,0.06789950215356318,0.23076923076923078,-0.07692307692307693,-0.07692307692307693,0.0,-0.3076923076923077,-0.3076923076923077,-0.46153846153846156,0.0,-0.3076923076923077,-0.3076923076923077,-0.46153846153846156,-0.38461538461538464,-0.38461538461538464,-0.5384615384615385,0.3076923076923077,0.15384615384615385,0.15384615384615385,0.07692307692307693,-0.07692307692307693,-0.07692307692307693,-0.15384615384615385,0.07692307692307693,-0.07692307692307693,-0.07692307692307693,-0.15384615384615385,-0.15384615384615385,-0.15384615384615385,-0.23076923076923078,1.0,1.0,0.8461538461538461,0.8461538461538461,0.5384615384615384,0.5384615384615384,0.38461538461538464,0.38461538461538464,0.15384615384615385,0.15384615384615385,0.07692307692307693,c3,0.15384615384615385,0.15384615384615385,0.46153846153846156,0.46153846153846156,0.6153846153846154,0.6153846153846154,0.8461538461538461,0.8461538461538461,0.9230769230769231,0.2875006101520068,0.1474824758426458,8,5,13,2.2,2.2\ChatDev_ProgramDev2_GPT4o_68_scored.json,-0.5384615384615385,"Write a CLI tool to convert a short video file segment (e.g., first 5 seconds) into an animated GIF. Requires `ffmpeg` to be installed.",CodeReviewComment,Code Reviewer,0.0014168106951969552,1
0.0,0.26666666666666666,17.5,4.0,2.0,15.0,0.42857142857142855,0.3405577219673082,0.6666666666666666,0.33084963838810183,0.41862804327415304,0.9999998946990101,0.5777399219006798,0.6764372290207968,2.3927772402517426e-06,0.035356663872914564,0.3874799814063189,0.8061080246804719,0.33084963838810183,0.8710776902592273,0.4044186631636479,ChatDev_ProgramDev2_GPT4o_81_scored.json,0.1540639791735146,0.4666666666666666,0.39999999999999997,0.39999999999999997,0.2,0.13333333333333336,0.13333333333333336,0.13333333333333336,0.06666666666666665,0.0,0.0,0.0,-0.06666666666666665,-0.06666666666666665,-0.06666666666666665,0.5666666666666667,0.5333333333333333,0.5333333333333333,0.30000000000000004,0.2666666666666667,0.2666666666666667,0.2666666666666667,0.16666666666666666,0.13333333333333333,0.13333333333333333,0.13333333333333333,0.06666666666666668,0.06666666666666668,0.06666666666666668,1.3333333333333333,1.25,0.8,0.8,0.7333333333333333,0.7333333333333333,0.7333333333333333,0.6666666666666666,0.4,0.26666666666666666,0.2,c3,0.2,0.2,0.26666666666666666,0.26666666666666666,0.26666666666666666,0.3333333333333333,0.6,0.7333333333333333,0.8,0.3777399219006798,0.24689028351257797,8,4,15,2.2,2.2\ChatDev_ProgramDev2_GPT4o_81_scored.json,-0.06666666666666665,"Create a CLI flashcard study tool. Users can create decks of flashcards (front: question/term, back: answer/definition). The tool presents cards for review.",DemandAnalysis,Chief Product Officer,2.3927772402517426e-06,2
1.0,0.7692307692307693,8.6,10.0,8.0,13.0,1.0,0.8945440207276311,1.0,0.28370684960462117,0.4643389226005066,0.9999998762608757,0.37100043981960684,0.3982754130229765,0.00070967033651176,0.007556310933527738,0.03219605294025453,0.4965349755407611,0.28370684960462117,0.9061046786569098,0.2599132089746783,ChatDev_ProgramDev2_GPT4o_8_scored.json,0.02853849537073899,-0.15384615384615385,-0.15384615384615385,-0.3846153846153846,-0.23076923076923078,-0.23076923076923078,-0.4615384615384615,-0.6923076923076923,-0.23076923076923078,-0.23076923076923078,-0.4615384615384615,-0.6923076923076923,-0.23076923076923078,-0.4615384615384615,-0.6923076923076923,0.0,0.0,-0.11538461538461536,-0.07692307692307693,-0.07692307692307693,-0.1923076923076923,-0.3076923076923077,-0.07692307692307693,-0.07692307692307693,-0.1923076923076923,-0.3076923076923077,-0.07692307692307693,-0.1923076923076923,-0.3076923076923077,0.25,0.4,0.6923076923076923,0.6923076923076923,0.6923076923076923,0.46153846153846156,0.23076923076923078,0.15384615384615385,0.07692307692307693,0.07692307692307693,0.07692307692307693,c3,0.3076923076923077,0.3076923076923077,0.3076923076923077,0.5384615384615384,0.7692307692307693,0.8461538461538461,0.9230769230769231,0.9230769230769231,0.9230769230769231,0.06330813212729913,0.08729359021498567,8,5,13,2.2,2.2\ChatDev_ProgramDev2_GPT4o_8_scored.json,-0.6923076923076923,"Write a CLI program to analyze a log file (e.g., Apache access log, system log). The user specifies the log file and a pattern (e.g., ERROR, 404). The tool should count and display lines containing the pattern.",CodeReviewComment,Code Reviewer,0.00070967033651176,2
1.0,0.46153846153846156,11.5,6.0,3.0,13.0,0.6,0.4628227144975969,0.6666666666666666,0.34247552159330824,0.5793725847939124,0.9999998959770916,0.4821551906080074,0.5320821060865686,1.0747289124189112e-08,0.030866897157687048,0.1689868967404574,0.7483594815343698,0.34247552159330824,0.93111332105417,0.3375086366497919,ChatDev_ProgramDev2_GPT4o_91_scored.json,0.07417772163200113,0.15384615384615385,0.0,0.0,0.0,-0.15384615384615385,-0.15384615384615385,-0.15384615384615385,-0.15384615384615385,-0.3076923076923077,-0.3076923076923077,-0.3076923076923077,-0.3076923076923077,-0.3076923076923077,-0.3076923076923077,0.3076923076923077,0.23076923076923078,0.23076923076923078,0.15384615384615385,0.07692307692307693,0.07692307692307693,0.07692307692307693,0.0,-0.07692307692307693,-0.07692307692307693,-0.07692307692307693,-0.07692307692307693,-0.07692307692307693,-0.07692307692307693,0.5,0.6,0.8461538461538461,0.6923076923076923,0.5384615384615384,0.5384615384615384,0.5384615384615384,0.46153846153846156,0.3076923076923077,0.15384615384615385,0.15384615384615385,c3,0.15384615384615385,0.3076923076923077,0.46153846153846156,0.46153846153846156,0.46153846153846156,0.5384615384615384,0.6923076923076923,0.8461538461538461,0.8461538461538461,0.17446288291569967,0.13967966901469914,8,5,13,2.3,2.3\ChatDev_ProgramDev2_GPT4o_91_scored.json,-0.3076923076923077,"Build a CLI cronjob generator. Provides a user-friendly way to create common cron job schedules (e.g., daily at 3 AM, every 15 minutes) and outputs the crontab line.",DemandAnalysis,Chief Product Officer,1.0747289124189112e-08,2
0.0,0.21428571428571427,3.3333333333333335,3.0,3.0,14.0,0.0,-0.4924865136788813,0.0,0.2740338463892028,0.3040012983940117,0.9999998545491624,0.7040725226840407,0.718271290097764,0.18242555362587268,0.23977375866445627,0.6539346279820507,0.9579359263760624,0.2740338463892028,0.7439492538024852,0.5475784319665903,ChatDev_ProgramDev2_GPT4o_92_scored.json,0.30174536686458886,0.6428571428571428,0.6428571428571428,0.5714285714285714,0.42857142857142855,0.42857142857142855,0.3571428571428571,0.3571428571428571,0.2857142857142857,0.2857142857142857,0.21428571428571427,0.21428571428571427,0.2142857142857143,0.14285714285714288,0.14285714285714288,0.7142857142857143,0.7142857142857143,0.6785714285714286,0.5,0.5,0.46428571428571425,0.46428571428571425,0.3571428571428571,0.3571428571428571,0.3214285714285714,0.3214285714285714,0.2857142857142857,0.25,0.25,3.0,2.3333333333333335,1.0,0.8571428571428571,0.8571428571428571,0.7857142857142857,0.7857142857142857,0.7857142857142857,0.5714285714285714,0.42857142857142855,0.35714285714285715,c3,0.0,0.14285714285714285,0.14285714285714285,0.21428571428571427,0.21428571428571427,0.21428571428571427,0.42857142857142855,0.5714285714285714,0.6428571428571429,0.561215379826898,0.43003867629483794,8,5,14,2.2,2.2\ChatDev_ProgramDev2_GPT4o_92_scored.json,0.14285714285714288,Write a CLI utility to add line numbers to a text file. The output can be to a new file or standard output.,CodeReviewComment,Code Reviewer,0.18242555362587268,2
0.0,0.21428571428571427,7,3.0,2.0,14.0,0.2,-0.18505231627127697,0.3333333333333333,0.33412500000151685,0.2876127876281189,0.99999988484326,0.6845071376165904,0.7750592172258626,1.0254740867472417e-07,0.11710204192842923,0.6730570832928593,0.9606698709209782,0.33412500000151685,0.6592017204231159,0.4791550270958359,ChatDev_ProgramDev2_GPT4o_94_scored.json,0.2933602018356816,0.5714285714285714,0.5714285714285714,0.5714285714285714,0.4285714285714286,0.4285714285714286,0.4285714285714286,0.4285714285714286,0.21428571428571427,0.21428571428571427,0.21428571428571427,0.21428571428571427,0.07142857142857142,0.07142857142857142,0.07142857142857142,0.6785714285714286,0.6785714285714286,0.6785714285714286,0.5357142857142858,0.5357142857142858,0.5357142857142858,0.5357142857142858,0.3214285714285714,0.3214285714285714,0.3214285714285714,0.3214285714285714,0.17857142857142855,0.17857142857142855,0.17857142857142855,2.0,1.75,0.9285714285714286,0.7857142857142857,0.7857142857142857,0.7857142857142857,0.7857142857142857,0.7857142857142857,0.6428571428571429,0.42857142857142855,0.2857142857142857,c3,0.07142857142857142,0.21428571428571427,0.21428571428571427,0.21428571428571427,0.21428571428571427,0.21428571428571427,0.35714285714285715,0.5714285714285714,0.7142857142857143,0.47022142333087613,0.3503821376150736,8,5,14,2.2,2.2\ChatDev_ProgramDev2_GPT4o_94_scored.json,0.07142857142857142,Develop a CLI program to extract specific columns from a CSV or space-delimited text file. User specifies column numbers or headers.,DemandAnalysis,Chief Product Officer,1.0254740867472417e-07,2
0.0,0.38461538461538464,3.2,5.0,2.0,13.0,0.16666666666666666,-0.6285374811730222,0.0,0.3181841809419658,0.3689541509665788,0.9999998689587007,0.5632036075342226,0.5999997307107364,0.002472623024627213,0.0476617262738415,0.399765928397663,0.7687200793642418,0.3181841809419658,0.9886032578849715,0.394984312181344,ChatDev_ProgramDev2_GPT4o_98_scored.json,0.1299700632771283,0.3076923076923077,0.23076923076923078,0.15384615384615385,0.15384615384615385,0.07692307692307693,0.0,-0.07692307692307693,0.07692307692307693,0.0,-0.07692307692307693,-0.15384615384615385,0.0,-0.07692307692307693,-0.15384615384615385,0.38461538461538464,0.34615384615384615,0.3076923076923077,0.23076923076923078,0.19230769230769232,0.15384615384615385,0.11538461538461539,0.15384615384615385,0.11538461538461539,0.07692307692307693,0.038461538461538464,0.11538461538461539,0.07692307692307693,0.038461538461538464,1.5,1.3333333333333333,0.8461538461538461,0.8461538461538461,0.7692307692307693,0.6923076923076923,0.6153846153846154,0.46153846153846156,0.3076923076923077,0.23076923076923078,0.23076923076923078,c3,0.15384615384615385,0.15384615384615385,0.23076923076923078,0.3076923076923077,0.38461538461538464,0.5384615384615384,0.6923076923076923,0.7692307692307693,0.7692307692307693,0.40935745368806875,0.24501942659225678,7,4,13,2.2,2.2\ChatDev_ProgramDev2_GPT4o_98_scored.json,-0.15384615384615385,Develop a CLI tool that generates a Markdown table from a CSV file input. The first row of the CSV is treated as the header.,CodeReviewComment,Code Reviewer,0.002472623024627213,3
0.0,0.6153846153846154,13.375,8.0,6.0,13.0,0.6,0.6501500011568533,1.0,0.3793980607849764,0.7818992094218294,1.0,0.5138748061856521,0.3433352884406361,0.0011695103074966034,0.10090377606854362,0.2173502091412658,0.9992494185630952,0.3793980607849764,0.7865210220866901,0.3600632174222054,ChatDev_ProgramDev_GPT4o_3_scored.json,0.1976441562252508,0.15384615384615385,0.07692307692307693,-0.1538461538461538,0.15384615384615385,0.07692307692307693,-0.1538461538461538,-0.23076923076923078,0.15384615384615385,0.07692307692307693,-0.1538461538461538,-0.23076923076923078,0.0,-0.23076923076923073,-0.3076923076923077,0.2692307692307693,0.23076923076923078,0.11538461538461542,0.2692307692307693,0.23076923076923078,0.11538461538461542,0.07692307692307693,0.2692307692307693,0.23076923076923078,0.11538461538461542,0.07692307692307693,0.15384615384615385,0.03846153846153849,0.0,1.6666666666666667,1.5,0.9230769230769231,0.7692307692307693,0.6923076923076923,0.46153846153846156,0.38461538461538464,0.38461538461538464,0.38461538461538464,0.38461538461538464,0.3076923076923077,c3,0.07692307692307693,0.23076923076923078,0.3076923076923077,0.5384615384615384,0.6153846153846154,0.6153846153846154,0.6153846153846154,0.6153846153846154,0.6923076923076923,0.2831055754164213,0.13447674540067567,8,5,13,2.2,2.2\ChatDev_ProgramDev_GPT4o_3_scored.json,-0.3076923076923077,develop a program that detects palindromes in a given text file,CodeReviewComment,Code Reviewer,0.0011695103074966034,1
0.0,0.3076923076923077,18.75,4.0,3.0,13.0,0.5,0.38344930437770675,1.0,0.3620746873219516,0.37741251537264237,0.9999998621224395,0.6051221392260895,0.7249303645146032,0.005386692342232945,0.006309618647694464,0.4999999944987697,0.8774125098714121,0.3620746873219516,0.7898294618510978,0.4252015051609325,ChatDev_ProgramDev_GPT4o_8_scored.json,0.27928714118127207,0.38461538461538464,0.38461538461538464,0.38461538461538464,0.30769230769230765,0.30769230769230765,0.30769230769230765,0.23076923076923073,0.23076923076923078,0.23076923076923078,0.23076923076923078,0.15384615384615385,0.0,0.0,-0.07692307692307693,0.5,0.5,0.5,0.423076923076923,0.423076923076923,0.423076923076923,0.3846153846153846,0.34615384615384615,0.34615384615384615,0.34615384615384615,0.3076923076923077,0.11538461538461539,0.11538461538461539,0.07692307692307693,2.0,1.75,0.7692307692307693,0.7692307692307693,0.7692307692307693,0.7692307692307693,0.6923076923076923,0.6153846153846154,0.5384615384615384,0.46153846153846156,0.23076923076923078,c3,0.23076923076923078,0.23076923076923078,0.23076923076923078,0.23076923076923078,0.3076923076923077,0.38461538461538464,0.46153846153846156,0.5384615384615384,0.7692307692307693,0.3743529084568587,0.2430474519041379,7,4,13,2.2,2.2\ChatDev_ProgramDev_GPT4o_8_scored.json,-0.07692307692307693,"Design a chess game, allowing two players to take turns and determining the winner. It should be playable from Linux Terminal, and does not require me to access a dedicated UX or GUI platform, i.e. print the results on terminal at each stage and let me play it there by entering inputs (formal chess notation such as Ke8). Include standard chess features like castling, en passant, and pawn promotion. Enforce check and checkmate rules.",CodeReviewModification,Programmer,0.005386692342232945,4
1.0,0.2857142857142857,11.75,4.0,2.0,14.0,0.4,0.09383128938174698,0.3333333333333333,0.25270898178326,0.33520806898090294,0.9999998751645442,0.6585743097851602,0.674430659848322,0.14685020360518697,0.3493619578928707,0.5027627395318607,0.8379708085127636,0.25270898178326,0.9134443205612237,0.5050570779311682,ChatDev_ProgramDev2_GPT4o_18_scored.json,0.18816408851004576,0.5714285714285715,0.5714285714285715,0.4285714285714286,0.3571428571428571,0.3571428571428571,0.21428571428571427,0.14285714285714285,0.21428571428571427,0.21428571428571427,0.07142857142857142,0.0,0.14285714285714285,0.0,-0.07142857142857142,0.6071428571428572,0.6071428571428572,0.5357142857142858,0.39285714285714285,0.39285714285714285,0.3214285714285714,0.2857142857142857,0.25,0.25,0.17857142857142855,0.14285714285714285,0.17857142857142855,0.10714285714285714,0.07142857142857142,4.0,2.5,1.0,0.9285714285714286,0.9285714285714286,0.7857142857142857,0.7142857142857143,0.6428571428571429,0.42857142857142855,0.2857142857142857,0.21428571428571427,c4,0.0,0.07142857142857142,0.07142857142857142,0.21428571428571427,0.2857142857142857,0.35714285714285715,0.5714285714285714,0.7142857142857143,0.7857142857142857,0.5871457383565888,0.40586532800190017,8,5,14,2.6,2.6\ChatDev_ProgramDev2_GPT4o_18_scored.json,-0.07142857142857142,"Develop a CLI client for a URL shortening service (e.g., TinyURL API or similar). The user provides a long URL, and the tool outputs the shortened URL.",CodeReviewModification,Programmer,0.14685020360518697,4
0.0,0.5384615384615384,11.857142857142858,7.0,2.0,13.0,0.6,-0.21479414208503003,0.6666666666666666,0.30088490500891774,0.49198173856251476,0.9999986932536474,0.5533321093835855,0.4742672877234346,0.06808441557657578,0.15117911452047997,0.33318979783384034,0.8251715363963551,0.30088490500891774,0.972362610668201,0.40775780124148253,ChatDev_ProgramDev2_GPT4o_27_scored.json,0.17025603365648784,0.3076923076923077,0.3076923076923077,0.07692307692307693,0.23076923076923078,0.23076923076923078,0.0,-0.1538461538461538,0.15384615384615385,0.15384615384615385,-0.07692307692307693,-0.23076923076923073,0.0,-0.23076923076923078,-0.3846153846153846,0.38461538461538464,0.38461538461538464,0.2692307692307693,0.3076923076923077,0.3076923076923077,0.19230769230769232,0.11538461538461542,0.23076923076923078,0.23076923076923078,0.11538461538461539,0.03846153846153849,0.07692307692307693,-0.038461538461538464,-0.11538461538461536,2.0,1.6666666666666667,0.9230769230769231,0.8461538461538461,0.8461538461538461,0.6153846153846154,0.46153846153846156,0.46153846153846156,0.38461538461538464,0.3076923076923077,0.15384615384615385,c4,0.07692307692307693,0.15384615384615385,0.15384615384615385,0.38461538461538464,0.5384615384615384,0.5384615384615384,0.6153846153846154,0.6923076923076923,0.8461538461538461,0.3994859555374316,0.2524472043746677,8,5,13,2.6,2.6\ChatDev_ProgramDev2_GPT4o_27_scored.json,-0.3846153846153846,"Build a CLI program that counts the total lines of code in a directory, categorized by file extension (e.g., .py, .js, .c). Ignore comments and blank lines if possible.",CodeReviewModification,Programmer,0.06808441557657578,4
0.0,0.23076923076923078,8.666666666666666,3.0,2.0,13.0,0.2,-0.6650505383517297,0.3333333333333333,0.22717451608997327,0.17314312783223318,0.9999998611504499,0.6329970542706832,0.6563753941478215,0.19487428522952938,0.2931209594272923,0.568677731836518,0.7418208596687512,0.22717451608997327,0.856087393862389,0.5015602235583371,ChatDev_ProgramDev2_GPT4o_46_scored.json,0.1460762432932346,0.6153846153846154,0.5384615384615384,0.4615384615384615,0.38461538461538464,0.3076923076923077,0.23076923076923078,0.23076923076923078,0.15384615384615385,0.07692307692307693,0.0,0.0,-0.07692307692307693,-0.15384615384615385,-0.15384615384615385,0.6538461538461539,0.6153846153846154,0.5769230769230769,0.42307692307692313,0.38461538461538464,0.34615384615384615,0.34615384615384615,0.19230769230769232,0.15384615384615385,0.11538461538461539,0.11538461538461539,0.0,-0.038461538461538464,-0.038461538461538464,3.0,2.0,1.0,0.9230769230769231,0.8461538461538461,0.7692307692307693,0.7692307692307693,0.6923076923076923,0.46153846153846156,0.23076923076923078,0.07692307692307693,c4,0.0,0.07692307692307693,0.15384615384615385,0.23076923076923078,0.23076923076923078,0.3076923076923077,0.5384615384615384,0.7692307692307693,0.9230769230769231,0.5560739773476062,0.4058225381807099,8,5,13,2.6,2.6\ChatDev_ProgramDev2_GPT4o_46_scored.json,-0.15384615384615385,"Develop a CLI utility to split a large file into smaller parts of a specified size (e.g., 10MB chunks). Name the output parts sequentially.",CodeReviewModification,Programmer,0.19487428522952938,4
0.0,0.3076923076923077,19.5,4.0,3.0,13.0,0.6,0.1346152287468021,1.0,0.28061496409312675,0.5564015194967551,0.999999855494768,0.679364508310594,0.6827642175050432,0.12522778047235122,0.32598837461196534,0.44167176929053287,0.998073288787288,0.28061496409312675,0.8777875964952415,0.5131234899591212,ChatDev_ProgramDev2_GPT4o_57_scored.json,0.2612940416579208,0.6153846153846154,0.6153846153846154,0.5384615384615384,0.38461538461538464,0.38461538461538464,0.3076923076923077,0.15384615384615385,0.3076923076923077,0.3076923076923077,0.23076923076923078,0.07692307692307693,0.23076923076923078,0.15384615384615385,0.0,0.6538461538461539,0.6538461538461539,0.6153846153846154,0.42307692307692313,0.42307692307692313,0.38461538461538464,0.3076923076923077,0.34615384615384615,0.34615384615384615,0.3076923076923077,0.23076923076923078,0.2692307692307693,0.23076923076923078,0.15384615384615385,5.0,3.0,1.0,0.9230769230769231,0.9230769230769231,0.8461538461538461,0.6923076923076923,0.6923076923076923,0.46153846153846156,0.38461538461538464,0.3076923076923077,c4,0.0,0.07692307692307693,0.07692307692307693,0.15384615384615385,0.3076923076923077,0.3076923076923077,0.5384615384615384,0.6153846153846154,0.6923076923076923,0.602441431387517,0.3987495442174673,8,5,13,2.6,2.6\ChatDev_ProgramDev2_GPT4o_57_scored.json,0.0,"Create a CLI engine for a simple text-based adventure game. Load game data (rooms, user_demands, items, choices) from a JSON or YAML file. Player navigates by typing commands.",DemandAnalysis,Chief Product Officer,0.12522778047235122,2
0.0,0.38461538461538464,1.8,5.0,3.0,13.0,0.0,-0.2791209436953923,0.0,0.4014334306039944,0.8942161253354545,0.999999239580942,0.5390054585947598,0.5998189457331214,0.0008242079994157482,0.002792126007698472,0.005220125868449866,0.8994362512039044,0.4014334306039944,0.8777875964952415,0.3775510834161565,ChatDev_ProgramDev2_GPT4o_5_scored.json,0.2073097917672153,0.15384615384615385,0.15384615384615385,0.07692307692307693,0.15384615384615385,0.15384615384615385,0.07692307692307693,0.07692307692307693,0.07692307692307693,0.07692307692307693,0.0,0.0,-0.07692307692307693,-0.15384615384615385,-0.15384615384615385,0.3076923076923077,0.3076923076923077,0.2692307692307693,0.3076923076923077,0.3076923076923077,0.2692307692307693,0.2692307692307693,0.23076923076923078,0.23076923076923078,0.19230769230769232,0.19230769230769232,0.07692307692307693,0.038461538461538464,0.038461538461538464,1.25,1.2,0.6923076923076923,0.6923076923076923,0.6923076923076923,0.6153846153846154,0.6153846153846154,0.46153846153846156,0.46153846153846156,0.38461538461538464,0.23076923076923078,c4,0.3076923076923077,0.3076923076923077,0.3076923076923077,0.38461538461538464,0.38461538461538464,0.5384615384615384,0.5384615384615384,0.6153846153846154,0.7692307692307693,0.23131315090245208,0.1375720279907654,8,5,13,2.6,2.6\ChatDev_ProgramDev2_GPT4o_5_scored.json,-0.15384615384615385,"Create a CLI application to view the contents of a JSON file in a human-readable, indented format. The tool should take a file path as input and print the formatted JSON to the standard output.",DemandAnalysis,Chief Product Officer,0.0008242079994157482,2
0.0,0.21428571428571427,13.333333333333334,3.0,1.0,14.0,0.3333333333333333,0.061959412632613585,0.6666666666666666,0.3579494284881853,0.3140861073920861,0.9999998443557171,0.7163804061949417,0.88386953641806,0.0,0.09324920175211522,0.6706185311329368,0.9847046385250229,0.3579494284881853,0.608890330290036,0.5014662843364591,ChatDev_ProgramDev2_GPT4o_67_scored.json,0.4093602321113952,0.5714285714285714,0.5714285714285714,0.5714285714285714,0.4285714285714286,0.4285714285714286,0.4285714285714286,0.4285714285714286,0.3571428571428571,0.3571428571428571,0.3571428571428571,0.3571428571428571,0.2857142857142857,0.2857142857142857,0.2857142857142857,0.6785714285714286,0.6785714285714286,0.6785714285714286,0.5357142857142858,0.5357142857142858,0.5357142857142858,0.5357142857142858,0.46428571428571425,0.46428571428571425,0.46428571428571425,0.46428571428571425,0.39285714285714285,0.39285714285714285,0.39285714285714285,2.6666666666666665,2.25,0.8571428571428571,0.7857142857142857,0.7857142857142857,0.7857142857142857,0.7857142857142857,0.7857142857142857,0.6428571428571429,0.5714285714285714,0.5,c4,0.14285714285714285,0.21428571428571427,0.21428571428571427,0.21428571428571427,0.21428571428571427,0.21428571428571427,0.35714285714285715,0.42857142857142855,0.5,0.5020946919092274,0.3584309777067564,9,5,14,2.6,2.6\ChatDev_ProgramDev2_GPT4o_67_scored.json,0.2857142857142857,"Build a CLI audio file tag editor for MP3 files (basic ID3 tags). Allow viewing and modifying tags like title, artist, album, year. Requires a library for MP3 tag manipulation.",DemandAnalysis,Chief Product Officer,0.0,2
0.0,0.6153846153846154,10,8.0,4.0,13.0,0.6,0.08142220810447935,1.0,0.29386428815551485,0.4322138861497369,0.9999985328119436,0.44134676399816064,0.49382978909928477,0.0014168106951969552,0.11303105618604133,0.2078657272106542,0.6400796133603911,0.29386428815551485,0.972362610668201,0.3093677780072715,ChatDev_ProgramDev2_GPT4o_68_scored.json,0.06789950215356318,0.23076923076923078,-0.07692307692307693,-0.07692307692307693,0.0,-0.3076923076923077,-0.3076923076923077,-0.46153846153846156,0.0,-0.3076923076923077,-0.3076923076923077,-0.46153846153846156,-0.38461538461538464,-0.38461538461538464,-0.5384615384615385,0.3076923076923077,0.15384615384615385,0.15384615384615385,0.07692307692307693,-0.07692307692307693,-0.07692307692307693,-0.15384615384615385,0.07692307692307693,-0.07692307692307693,-0.07692307692307693,-0.15384615384615385,-0.15384615384615385,-0.15384615384615385,-0.23076923076923078,1.0,1.0,0.8461538461538461,0.8461538461538461,0.5384615384615384,0.5384615384615384,0.38461538461538464,0.38461538461538464,0.15384615384615385,0.15384615384615385,0.07692307692307693,c4,0.15384615384615385,0.15384615384615385,0.46153846153846156,0.46153846153846156,0.6153846153846154,0.6153846153846154,0.8461538461538461,0.8461538461538461,0.9230769230769231,0.2875006101520068,0.1474824758426458,8,5,13,2.6,2.6\ChatDev_ProgramDev2_GPT4o_68_scored.json,-0.5384615384615385,"Write a CLI tool to convert a short video file segment (e.g., first 5 seconds) into an animated GIF. Requires `ffmpeg` to be installed.",CodeReviewComment,Code Reviewer,0.0014168106951969552,1
1.0,0.14285714285714285,19,2.0,1.0,14.0,0.16666666666666666,-0.22390907993575984,0.0,0.183889801664028,0.3033611867660043,0.9999996011955931,0.7863663900246485,0.7545673561658306,0.44254128969544865,0.5297349818032747,0.6782734510555621,0.9816346378215665,0.183889801664028,0.6592017204231159,0.6832188599258885,ChatDev_ProgramDev2_GPT4o_79_scored.json,0.33701416715342075,0.7857142857142857,0.7857142857142857,0.7857142857142857,0.7142857142857143,0.7142857142857143,0.7142857142857143,0.5714285714285714,0.42857142857142855,0.42857142857142855,0.42857142857142855,0.2857142857142857,0.42857142857142855,0.42857142857142855,0.2857142857142857,0.7857142857142857,0.7857142857142857,0.7857142857142857,0.7142857142857143,0.7142857142857143,0.7142857142857143,0.6428571428571429,0.42857142857142855,0.42857142857142855,0.42857142857142855,0.3571428571428571,0.42857142857142855,0.42857142857142855,0.3571428571428571,,7.0,1.0,1.0,1.0,1.0,0.8571428571428571,0.7857142857142857,0.7142857142857143,0.42857142857142855,0.42857142857142855,c4,0.0,0.0,0.0,0.0,0.14285714285714285,0.21428571428571427,0.2857142857142857,0.5714285714285714,0.5714285714285714,0.7863663900246485,0.6024765883606205,7,4,14,2.6,2.6\ChatDev_ProgramDev2_GPT4o_79_scored.json,0.2857142857142857,"Build a CLI recipe manager. Allow users to add recipes (name, ingredients, instructions), search for recipes by name or ingredient, and view recipe details. Store data in text or JSON files.",Coding,Programmer,0.44254128969544865,1
1.0,0.7692307692307693,8.6,10.0,8.0,13.0,1.0,0.8945440207276311,1.0,0.28370684960462117,0.4643389226005066,0.9999998762608757,0.37100043981960684,0.3982754130229765,0.00070967033651176,0.007556310933527738,0.03219605294025453,0.4965349755407611,0.28370684960462117,0.9061046786569098,0.2599132089746783,ChatDev_ProgramDev2_GPT4o_8_scored.json,0.02853849537073899,-0.15384615384615385,-0.15384615384615385,-0.3846153846153846,-0.23076923076923078,-0.23076923076923078,-0.4615384615384615,-0.6923076923076923,-0.23076923076923078,-0.23076923076923078,-0.4615384615384615,-0.6923076923076923,-0.23076923076923078,-0.4615384615384615,-0.6923076923076923,0.0,0.0,-0.11538461538461536,-0.07692307692307693,-0.07692307692307693,-0.1923076923076923,-0.3076923076923077,-0.07692307692307693,-0.07692307692307693,-0.1923076923076923,-0.3076923076923077,-0.07692307692307693,-0.1923076923076923,-0.3076923076923077,0.25,0.4,0.6923076923076923,0.6923076923076923,0.6923076923076923,0.46153846153846156,0.23076923076923078,0.15384615384615385,0.07692307692307693,0.07692307692307693,0.07692307692307693,c4,0.3076923076923077,0.3076923076923077,0.3076923076923077,0.5384615384615384,0.7692307692307693,0.8461538461538461,0.9230769230769231,0.9230769230769231,0.9230769230769231,0.06330813212729913,0.08729359021498567,8,5,13,2.6,2.6\ChatDev_ProgramDev2_GPT4o_8_scored.json,-0.6923076923076923,"Write a CLI program to analyze a log file (e.g., Apache access log, system log). The user specifies the log file and a pattern (e.g., ERROR, 404). The tool should count and display lines containing the pattern.",CodeReviewComment,Code Reviewer,0.00070967033651176,2
1.0,0.46153846153846156,11.5,6.0,3.0,13.0,0.6,0.4628227144975969,0.6666666666666666,0.34247552159330824,0.5793725847939124,0.9999998959770916,0.4821551906080074,0.5320821060865686,1.0747289124189112e-08,0.030866897157687048,0.1689868967404574,0.7483594815343698,0.34247552159330824,0.93111332105417,0.3375086366497919,ChatDev_ProgramDev2_GPT4o_91_scored.json,0.07417772163200113,0.15384615384615385,0.0,0.0,0.0,-0.15384615384615385,-0.15384615384615385,-0.15384615384615385,-0.15384615384615385,-0.3076923076923077,-0.3076923076923077,-0.3076923076923077,-0.3076923076923077,-0.3076923076923077,-0.3076923076923077,0.3076923076923077,0.23076923076923078,0.23076923076923078,0.15384615384615385,0.07692307692307693,0.07692307692307693,0.07692307692307693,0.0,-0.07692307692307693,-0.07692307692307693,-0.07692307692307693,-0.07692307692307693,-0.07692307692307693,-0.07692307692307693,0.5,0.6,0.8461538461538461,0.6923076923076923,0.5384615384615384,0.5384615384615384,0.5384615384615384,0.46153846153846156,0.3076923076923077,0.15384615384615385,0.15384615384615385,c4,0.15384615384615385,0.3076923076923077,0.46153846153846156,0.46153846153846156,0.46153846153846156,0.5384615384615384,0.6923076923076923,0.8461538461538461,0.8461538461538461,0.17446288291569967,0.13967966901469914,8,5,13,2.6,2.6\ChatDev_ProgramDev2_GPT4o_91_scored.json,-0.3076923076923077,"Build a CLI cronjob generator. Provides a user-friendly way to create common cron job schedules (e.g., daily at 3 AM, every 15 minutes) and outputs the crontab line.",DemandAnalysis,Chief Product Officer,1.0747289124189112e-08,2
0.0,0.21428571428571427,7,3.0,2.0,14.0,0.2,-0.18505231627127697,0.3333333333333333,0.33412500000151685,0.2876127876281189,0.99999988484326,0.6845071376165904,0.7750592172258626,1.0254740867472417e-07,0.11710204192842923,0.6730570832928593,0.9606698709209782,0.33412500000151685,0.6592017204231159,0.4791550270958359,ChatDev_ProgramDev2_GPT4o_94_scored.json,0.2933602018356816,0.5714285714285714,0.5714285714285714,0.5714285714285714,0.4285714285714286,0.4285714285714286,0.4285714285714286,0.4285714285714286,0.21428571428571427,0.21428571428571427,0.21428571428571427,0.21428571428571427,0.07142857142857142,0.07142857142857142,0.07142857142857142,0.6785714285714286,0.6785714285714286,0.6785714285714286,0.5357142857142858,0.5357142857142858,0.5357142857142858,0.5357142857142858,0.3214285714285714,0.3214285714285714,0.3214285714285714,0.3214285714285714,0.17857142857142855,0.17857142857142855,0.17857142857142855,2.0,1.75,0.9285714285714286,0.7857142857142857,0.7857142857142857,0.7857142857142857,0.7857142857142857,0.7857142857142857,0.6428571428571429,0.42857142857142855,0.2857142857142857,c4,0.07142857142857142,0.21428571428571427,0.21428571428571427,0.21428571428571427,0.21428571428571427,0.21428571428571427,0.35714285714285715,0.5714285714285714,0.7142857142857143,0.47022142333087613,0.3503821376150736,8,5,14,2.6,2.6\ChatDev_ProgramDev2_GPT4o_94_scored.json,0.07142857142857142,Develop a CLI program to extract specific columns from a CSV or space-delimited text file. User specifies column numbers or headers.,DemandAnalysis,Chief Product Officer,1.0254740867472417e-07,2
0.0,0.21428571428571427,13,3.0,2.0,14.0,0.4,-0.001165222703874783,0.6666666666666666,0.30731975960593994,0.4206894174126432,0.9999999151234401,0.6896929465067485,0.7810665293687247,6.804965916589303e-09,0.23356707569315144,0.5383816903968103,0.9590711078094535,0.30731975960593994,0.7658843345093678,0.4827850645962137,ChatDev_ProgramDev2_GPT4o_95_scored.json,0.34484647325337425,0.5714285714285714,0.5714285714285714,0.5714285714285714,0.42857142857142855,0.42857142857142855,0.42857142857142855,0.3571428571428571,0.35714285714285715,0.35714285714285715,0.35714285714285715,0.2857142857142857,0.14285714285714285,0.14285714285714285,0.07142857142857142,0.6428571428571429,0.6428571428571429,0.6428571428571429,0.5,0.5,0.5,0.46428571428571425,0.4285714285714286,0.4285714285714286,0.4285714285714286,0.39285714285714285,0.21428571428571427,0.21428571428571427,0.17857142857142855,3.5,2.6666666666666665,0.9285714285714286,0.8571428571428571,0.8571428571428571,0.8571428571428571,0.7857142857142857,0.7142857142857143,0.5714285714285714,0.5,0.2857142857142857,c4,0.07142857142857142,0.14285714285714285,0.14285714285714285,0.14285714285714285,0.21428571428571427,0.2857142857142857,0.42857142857142855,0.5,0.7142857142857143,0.5468358036496057,0.38237318690080857,8,5,14,2.6,2.6\ChatDev_ProgramDev2_GPT4o_95_scored.json,0.07142857142857142,"Build a simple CLI spell checker that takes a text file or string input and checks words against a local dictionary file, highlighting potential misspellings.",DemandAnalysis,Chief Product Officer,6.804965916589303e-09,2
0.0,0.38461538461538464,3.2,5.0,2.0,13.0,0.16666666666666666,-0.6285374811730222,0.0,0.3181841809419658,0.3689541509665788,0.9999998689587007,0.5632036075342226,0.5999997307107364,0.002472623024627213,0.0476617262738415,0.399765928397663,0.7687200793642418,0.3181841809419658,0.9886032578849715,0.394984312181344,ChatDev_ProgramDev2_GPT4o_98_scored.json,0.1299700632771283,0.3076923076923077,0.23076923076923078,0.15384615384615385,0.15384615384615385,0.07692307692307693,0.0,-0.07692307692307693,0.07692307692307693,0.0,-0.07692307692307693,-0.15384615384615385,0.0,-0.07692307692307693,-0.15384615384615385,0.38461538461538464,0.34615384615384615,0.3076923076923077,0.23076923076923078,0.19230769230769232,0.15384615384615385,0.11538461538461539,0.15384615384615385,0.11538461538461539,0.07692307692307693,0.038461538461538464,0.11538461538461539,0.07692307692307693,0.038461538461538464,1.5,1.3333333333333333,0.8461538461538461,0.8461538461538461,0.7692307692307693,0.6923076923076923,0.6153846153846154,0.46153846153846156,0.3076923076923077,0.23076923076923078,0.23076923076923078,c4,0.15384615384615385,0.15384615384615385,0.23076923076923078,0.3076923076923077,0.38461538461538464,0.5384615384615384,0.6923076923076923,0.7692307692307693,0.7692307692307693,0.40935745368806875,0.24501942659225678,7,4,13,2.6,2.6\ChatDev_ProgramDev2_GPT4o_98_scored.json,-0.15384615384615385,Develop a CLI tool that generates a Markdown table from a CSV file input. The first row of the CSV is treated as the header.,CodeReviewComment,Code Reviewer,0.002472623024627213,3
0.0,0.3076923076923077,27.25,4.0,3.0,13.0,0.6666666666666666,0.40533705160481087,1.0,0.312399604939401,0.37840167858091395,1.0,0.6252187069534378,0.7101055728233252,0.04876332707074292,0.11696456576730309,0.49999996254488915,0.8784016411258031,0.312399604939401,0.9190368861092725,0.4522820929886293,ChatDev_ProgramDev_GPT4o_18_scored.json,0.24046873344362996,0.46153846153846156,0.38461538461538464,0.38461538461538464,0.3846153846153846,0.30769230769230765,0.30769230769230765,0.23076923076923073,0.23076923076923078,0.15384615384615385,0.15384615384615385,0.07692307692307693,-0.07692307692307693,-0.07692307692307693,-0.15384615384615385,0.5384615384615385,0.5,0.5,0.4615384615384615,0.423076923076923,0.423076923076923,0.3846153846153846,0.3076923076923077,0.2692307692307693,0.2692307692307693,0.23076923076923078,0.038461538461538464,0.038461538461538464,0.0,2.5,2.0,0.8461538461538461,0.8461538461538461,0.7692307692307693,0.7692307692307693,0.6923076923076923,0.6153846153846154,0.5384615384615384,0.38461538461538464,0.15384615384615385,c4,0.15384615384615385,0.15384615384615385,0.23076923076923078,0.23076923076923078,0.3076923076923077,0.38461538461538464,0.46153846153846156,0.6153846153846154,0.8461538461538461,0.471372553107284,0.31281910201403684,7,4,13,2.6,2.6\ChatDev_ProgramDev_GPT4o_18_scored.json,-0.15384615384615385,"Implement Dou Dizhu (Chinese Poker) game for three players, one of whom is the 'landlord.' Cards must be played in valid combinations (singles, pairs, straights, etc.). The objective is to be the first to run out of cards or prevent the landlord from doing so, following standard Dou Dizhu rules. Include the bidding phase to determine the landlord, and enforce the pass-or-beat logic for played combinations.",CodeReviewModification,Programmer,0.04876332707074292,2
0.0,0.3076923076923077,37.25,4.0,4.0,13.0,0.6,0.9456284018942241,1.0,0.37867132633953854,0.7709564219649448,1.0,0.5594335684267433,0.6791033588865396,0.008039014330201546,0.03059985472173916,0.08630688796334805,0.8572633099282929,0.37867132633953854,0.8115296644839503,0.39401520219778075,ChatDev_ProgramDev_GPT4o_27_scored.json,0.21516675708720898,0.23076923076923073,0.23076923076923073,0.23076923076923073,0.15384615384615385,0.15384615384615385,0.15384615384615385,0.15384615384615385,0.07692307692307693,0.07692307692307693,0.07692307692307693,0.07692307692307693,-0.07692307692307693,-0.07692307692307693,-0.07692307692307693,0.3846153846153846,0.3846153846153846,0.3846153846153846,0.3076923076923077,0.3076923076923077,0.3076923076923077,0.3076923076923077,0.23076923076923078,0.23076923076923078,0.23076923076923078,0.23076923076923078,0.07692307692307693,0.07692307692307693,0.07692307692307693,1.25,1.2,0.6923076923076923,0.6923076923076923,0.6923076923076923,0.6923076923076923,0.6923076923076923,0.5384615384615384,0.46153846153846156,0.38461538461538464,0.23076923076923078,c4,0.3076923076923077,0.3076923076923077,0.3076923076923077,0.3076923076923077,0.3076923076923077,0.46153846153846156,0.5384615384615384,0.6153846153846154,0.7692307692307693,0.2517412607344356,0.18076224208720476,8,5,13,2.6,2.6\ChatDev_ProgramDev_GPT4o_27_scored.json,-0.07692307692307693,"Design a Gold Miner game. A claw moves back and forth, and the player times a grab to collect gold or other objects. Each object has a value and takes time to reel in. The level ends when time runs out or the minimum gold value is met. Display the position of the claw and objects, updating after each grab. Introduce ascending difficulty with more obstacles or tighter time limits.",CodeReviewModification,Programmer,0.008039014330201546,2
0.0,0.3076923076923077,5.75,4.0,2.0,13.0,0.0,-0.4133745697029001,0.0,0.36739706000162137,0.6634584648938209,0.9999998951331075,0.6382129737456783,0.6980167664433989,7.484619074298232e-05,0.05082334367656806,0.3215078312782471,0.984966296172068,0.36739706000162137,0.8810960362596493,0.4467715354791977,ChatDev_ProgramDev_GPT4o_5_scored.json,0.2945598340364669,0.46153846153846156,0.38461538461538464,0.3076923076923077,0.3076923076923077,0.23076923076923078,0.15384615384615385,0.15384615384615385,0.3076923076923077,0.23076923076923078,0.15384615384615385,0.15384615384615385,0.15384615384615385,0.07692307692307693,0.07692307692307693,0.5384615384615385,0.5,0.46153846153846156,0.38461538461538464,0.34615384615384615,0.3076923076923077,0.3076923076923077,0.38461538461538464,0.34615384615384615,0.3076923076923077,0.3076923076923077,0.2692307692307693,0.23076923076923078,0.23076923076923078,3.0,2.3333333333333335,0.8461538461538461,0.8461538461538461,0.7692307692307693,0.6923076923076923,0.6923076923076923,0.6153846153846154,0.46153846153846156,0.46153846153846156,0.38461538461538464,c4,0.15384615384615385,0.15384615384615385,0.23076923076923078,0.3076923076923077,0.3076923076923077,0.38461538461538464,0.5384615384615384,0.5384615384615384,0.6153846153846154,0.48436681989952446,0.27081591374405695,7,4,13,2.6,2.6\ChatDev_ProgramDev_GPT4o_5_scored.json,0.07692307692307693,write a program that generates Fibonacci numbers up to a given number,CodeReviewComment,Code Reviewer,7.484619074298232e-05,2
0.0,0.3076923076923077,18.75,4.0,3.0,13.0,0.5,0.38344930437770675,1.0,0.3620746873219516,0.37741251537264237,0.9999998621224395,0.6051221392260895,0.7249303645146032,0.005386692342232945,0.006309618647694464,0.4999999944987697,0.8774125098714121,0.3620746873219516,0.7898294618510978,0.4252015051609325,ChatDev_ProgramDev_GPT4o_8_scored.json,0.27928714118127207,0.38461538461538464,0.38461538461538464,0.38461538461538464,0.30769230769230765,0.30769230769230765,0.30769230769230765,0.23076923076923073,0.23076923076923078,0.23076923076923078,0.23076923076923078,0.15384615384615385,0.0,0.0,-0.07692307692307693,0.5,0.5,0.5,0.423076923076923,0.423076923076923,0.423076923076923,0.3846153846153846,0.34615384615384615,0.34615384615384615,0.34615384615384615,0.3076923076923077,0.11538461538461539,0.11538461538461539,0.07692307692307693,2.0,1.75,0.7692307692307693,0.7692307692307693,0.7692307692307693,0.7692307692307693,0.6923076923076923,0.6153846153846154,0.5384615384615384,0.46153846153846156,0.23076923076923078,c4,0.23076923076923078,0.23076923076923078,0.23076923076923078,0.23076923076923078,0.3076923076923077,0.38461538461538464,0.46153846153846156,0.5384615384615384,0.7692307692307693,0.3743529084568587,0.2430474519041379,7,4,13,2.6,2.6\ChatDev_ProgramDev_GPT4o_8_scored.json,-0.07692307692307693,"Design a chess game, allowing two players to take turns and determining the winner. It should be playable from Linux Terminal, and does not require me to access a dedicated UX or GUI platform, i.e. print the results on terminal at each stage and let me play it there by entering inputs (formal chess notation such as Ke8). Include standard chess features like castling, en passant, and pawn promotion. Enforce check and checkmate rules.",CodeReviewModification,Programmer,0.005386692342232945,4
