consistency_score_max,consistency_score_mean,consistency_score_min,file_name,interaction_index,label,num_output_items,num_output_scores,phase,phase_turn,raw_label,raw_labels,role,source_file,source_files,turn,user_demand
1.0,0.7314935144940815,0.09534947346856165,ChatDev_ProgramDev2_GPT4o_0_scored.json,0,c0,5,5,Reflection,0,0.0,0.0,Chief Executive Officer,0.0\ChatDev_ProgramDev2_GPT4o_0_scored.json,0.0\ChatDev_ProgramDev2_GPT4o_0_scored.json,1,Create a CLI tool that takes a text file path as input and outputs the total word count. The tool should handle basic punctuation and count sequences of alphanumeric characters as words. Output the count to the console.
0.9999998977796811,0.7498270106975742,1.9555681087850496e-08,ChatDev_ProgramDev2_GPT4o_0_scored.json,0,c0,4,4,DemandAnalysis,0,0.0,0.0,Chief Product Officer,0.0\ChatDev_ProgramDev2_GPT4o_0_scored.json,0.0\ChatDev_ProgramDev2_GPT4o_0_scored.json,1,Create a CLI tool that takes a text file path as input and outputs the total word count. The tool should handle basic punctuation and count sequences of alphanumeric characters as words. Output the count to the console.
0.9980733040751515,0.24958375679331843,2.8453348089834e-08,ChatDev_ProgramDev2_GPT4o_0_scored.json,1,c0,4,4,DemandAnalysis,0,0.0,0.0,Chief Product Officer,0.0\ChatDev_ProgramDev2_GPT4o_0_scored.json,0.0\ChatDev_ProgramDev2_GPT4o_0_scored.json,2,Create a CLI tool that takes a text file path as input and outputs the total word count. The tool should handle basic punctuation and count sequences of alphanumeric characters as words. Output the count to the console.
0.9999998490368993,0.9999998490368993,0.9999998490368993,ChatDev_ProgramDev2_GPT4o_0_scored.json,2,c0,1,1,DemandAnalysis,0,0.0,0.0,Chief Product Officer,0.0\ChatDev_ProgramDev2_GPT4o_0_scored.json,0.0\ChatDev_ProgramDev2_GPT4o_0_scored.json,3,Create a CLI tool that takes a text file path as input and outputs the total word count. The tool should handle basic punctuation and count sequences of alphanumeric characters as words. Output the count to the console.
0.9999998769789961,0.4169412658414014,0.0,ChatDev_ProgramDev2_GPT4o_0_scored.json,3,c0,12,12,Manual,0,0.0,0.0,Chief Product Officer,0.0\ChatDev_ProgramDev2_GPT4o_0_scored.json,0.0\ChatDev_ProgramDev2_GPT4o_0_scored.json,4,Create a CLI tool that takes a text file path as input and outputs the total word count. The tool should handle basic punctuation and count sequences of alphanumeric characters as words. Output the count to the console.
0.9525740531094781,0.9525740531094781,0.9525740531094781,ChatDev_ProgramDev2_GPT4o_0_scored.json,0,c0,1,1,LanguageChoose,0,0.0,0.0,Chief Technology Officer,0.0\ChatDev_ProgramDev2_GPT4o_0_scored.json,0.0\ChatDev_ProgramDev2_GPT4o_0_scored.json,1,Create a CLI tool that takes a text file path as input and outputs the total word count. The tool should handle basic punctuation and count sequences of alphanumeric characters as words. Output the count to the console.
1.0,0.8271120645516286,7.194133030325383e-09,ChatDev_ProgramDev2_GPT4o_0_scored.json,0,c0,6,6,CodeReviewComment,0,0.0,0.0,Code Reviewer,0.0\ChatDev_ProgramDev2_GPT4o_0_scored.json,0.0\ChatDev_ProgramDev2_GPT4o_0_scored.json,1,Create a CLI tool that takes a text file path as input and outputs the total word count. The tool should handle basic punctuation and count sequences of alphanumeric characters as words. Output the count to the console.
0.07585818743517903,0.07585818743517903,0.07585818743517903,ChatDev_ProgramDev2_GPT4o_0_scored.json,1,c0,1,1,CodeReviewComment,0,0.0,0.0,Code Reviewer,0.0\ChatDev_ProgramDev2_GPT4o_0_scored.json,0.0\ChatDev_ProgramDev2_GPT4o_0_scored.json,2,Create a CLI tool that takes a text file path as input and outputs the total word count. The tool should handle basic punctuation and count sequences of alphanumeric characters as words. Output the count to the console.
0.004070137939983506,0.004070137939983506,0.004070137939983506,ChatDev_ProgramDev2_GPT4o_0_scored.json,2,c0,1,1,CodeReviewComment,0,0.0,0.0,Code Reviewer,0.0\ChatDev_ProgramDev2_GPT4o_0_scored.json,0.0\ChatDev_ProgramDev2_GPT4o_0_scored.json,3,Create a CLI tool that takes a text file path as input and outputs the total word count. The tool should handle basic punctuation and count sequences of alphanumeric characters as words. Output the count to the console.
0.9999998611504499,0.7463742096996521,1.4449802461092448e-07,ChatDev_ProgramDev2_GPT4o_0_scored.json,1,c0,12,12,CodeReviewModification,0,0.0,0.0,Programmer,0.0\ChatDev_ProgramDev2_GPT4o_0_scored.json,0.0\ChatDev_ProgramDev2_GPT4o_0_scored.json,2,Create a CLI tool that takes a text file path as input and outputs the total word count. The tool should handle basic punctuation and count sequences of alphanumeric characters as words. Output the count to the console.
0.9999998867305492,0.7817613979154686,0.0001233946226544279,ChatDev_ProgramDev2_GPT4o_0_scored.json,2,c0,17,17,CodeReviewModification,0,0.0,0.0,Programmer,0.0\ChatDev_ProgramDev2_GPT4o_0_scored.json,0.0\ChatDev_ProgramDev2_GPT4o_0_scored.json,3,Create a CLI tool that takes a text file path as input and outputs the total word count. The tool should handle basic punctuation and count sequences of alphanumeric characters as words. Output the count to the console.
1.0,0.9417976795472717,0.3208213198470173,ChatDev_ProgramDev2_GPT4o_0_scored.json,3,c0,13,13,CodeReviewModification,0,0.0,0.0,Programmer,0.0\ChatDev_ProgramDev2_GPT4o_0_scored.json,0.0\ChatDev_ProgramDev2_GPT4o_0_scored.json,4,Create a CLI tool that takes a text file path as input and outputs the total word count. The tool should handle basic punctuation and count sequences of alphanumeric characters as words. Output the count to the console.
0.9999997303543945,0.7350459320522541,0.0004305571096741222,ChatDev_ProgramDev2_GPT4o_0_scored.json,0,c0,12,12,Coding,0,0.0,0.0,Programmer,0.0\ChatDev_ProgramDev2_GPT4o_0_scored.json,0.0\ChatDev_ProgramDev2_GPT4o_0_scored.json,1,Create a CLI tool that takes a text file path as input and outputs the total word count. The tool should handle basic punctuation and count sequences of alphanumeric characters as words. Output the count to the console.
0.9999985333072758,0.6169111458067587,0.017986213338107782,ChatDev_ProgramDev2_GPT4o_0_scored.json,4,c0,5,5,EnvironmentDoc,0,0.0,0.0,Programmer,0.0\ChatDev_ProgramDev2_GPT4o_0_scored.json,0.0\ChatDev_ProgramDev2_GPT4o_0_scored.json,5,Create a CLI tool that takes a text file path as input and outputs the total word count. The tool should handle basic punctuation and count sequences of alphanumeric characters as words. Output the count to the console.
1.0,0.7494865183271032,3.2241867372567335e-08,ChatDev_ProgramDev2_GPT4o_13_scored.json,0,c0,4,4,DemandAnalysis,0,0.0,0.0,Chief Product Officer,0.0\ChatDev_ProgramDev2_GPT4o_13_scored.json,0.0\ChatDev_ProgramDev2_GPT4o_13_scored.json,1,Create a CLI tool that displays a random quote from a predefined list of quotes stored in a text file. Each execution should show a different quote.
1.6052280551856116e-09,7.087897679914885e-10,0.0,ChatDev_ProgramDev2_GPT4o_13_scored.json,1,c0,3,3,DemandAnalysis,0,0.0,0.0,Chief Product Officer,0.0\ChatDev_ProgramDev2_GPT4o_13_scored.json,0.0\ChatDev_ProgramDev2_GPT4o_13_scored.json,2,Create a CLI tool that displays a random quote from a predefined list of quotes stored in a text file. Each execution should show a different quote.
0.9999998847052084,0.7271637444536396,1.8553913626159784e-07,ChatDev_ProgramDev2_GPT4o_13_scored.json,2,c0,11,11,Manual,0,0.0,0.0,Chief Product Officer,0.0\ChatDev_ProgramDev2_GPT4o_13_scored.json,0.0\ChatDev_ProgramDev2_GPT4o_13_scored.json,3,Create a CLI tool that displays a random quote from a predefined list of quotes stored in a text file. Each execution should show a different quote.
0.9999997207573855,0.9999997207573855,0.9999997207573855,ChatDev_ProgramDev2_GPT4o_13_scored.json,0,c0,1,1,LanguageChoose,0,0.0,0.0,Chief Technology Officer,0.0\ChatDev_ProgramDev2_GPT4o_13_scored.json,0.0\ChatDev_ProgramDev2_GPT4o_13_scored.json,1,Create a CLI tool that displays a random quote from a predefined list of quotes stored in a text file. Each execution should show a different quote.
0.9999998853368164,0.9999747786646187,0.9998764865557673,ChatDev_ProgramDev2_GPT4o_13_scored.json,0,c0,5,5,CodeReviewComment,0,0.0,0.0,Code Reviewer,0.0\ChatDev_ProgramDev2_GPT4o_13_scored.json,0.0\ChatDev_ProgramDev2_GPT4o_13_scored.json,1,Create a CLI tool that displays a random quote from a predefined list of quotes stored in a text file. Each execution should show a different quote.
0.9984987622864413,0.30915508511752854,0.001501181950907551,ChatDev_ProgramDev2_GPT4o_13_scored.json,1,c0,8,8,CodeReviewComment,0,0.0,0.0,Code Reviewer,0.0\ChatDev_ProgramDev2_GPT4o_13_scored.json,0.0\ChatDev_ProgramDev2_GPT4o_13_scored.json,2,Create a CLI tool that displays a random quote from a predefined list of quotes stored in a text file. Each execution should show a different quote.
0.037326882840841846,0.037326882840841846,0.037326882840841846,ChatDev_ProgramDev2_GPT4o_13_scored.json,2,c0,1,1,CodeReviewComment,0,0.0,0.0,Code Reviewer,0.0\ChatDev_ProgramDev2_GPT4o_13_scored.json,0.0\ChatDev_ProgramDev2_GPT4o_13_scored.json,3,Create a CLI tool that displays a random quote from a predefined list of quotes stored in a text file. Each execution should show a different quote.
0.9999998678732606,0.6389256247540854,3.850741922767617e-09,ChatDev_ProgramDev2_GPT4o_13_scored.json,1,c0,11,11,CodeReviewModification,0,0.0,0.0,Programmer,0.0\ChatDev_ProgramDev2_GPT4o_13_scored.json,0.0\ChatDev_ProgramDev2_GPT4o_13_scored.json,2,Create a CLI tool that displays a random quote from a predefined list of quotes stored in a text file. Each execution should show a different quote.
0.9999998508215201,0.271125929247956,9.237449661970594e-09,ChatDev_ProgramDev2_GPT4o_13_scored.json,2,c0,23,23,CodeReviewModification,0,0.0,0.0,Programmer,0.0\ChatDev_ProgramDev2_GPT4o_13_scored.json,0.0\ChatDev_ProgramDev2_GPT4o_13_scored.json,3,Create a CLI tool that displays a random quote from a predefined list of quotes stored in a text file. Each execution should show a different quote.
1.0,0.8300647768014905,0.022977369190210643,ChatDev_ProgramDev2_GPT4o_13_scored.json,3,c0,19,19,CodeReviewModification,0,0.0,0.0,Programmer,0.0\ChatDev_ProgramDev2_GPT4o_13_scored.json,0.0\ChatDev_ProgramDev2_GPT4o_13_scored.json,4,Create a CLI tool that displays a random quote from a predefined list of quotes stored in a text file. Each execution should show a different quote.
0.9999832820409802,0.5296510258793453,1.9555681087850496e-08,ChatDev_ProgramDev2_GPT4o_13_scored.json,0,c0,14,14,Coding,0,0.0,0.0,Programmer,0.0\ChatDev_ProgramDev2_GPT4o_13_scored.json,0.0\ChatDev_ProgramDev2_GPT4o_13_scored.json,1,Create a CLI tool that displays a random quote from a predefined list of quotes stored in a text file. Each execution should show a different quote.
1.0,0.9999999052085912,0.999999854516401,ChatDev_ProgramDev2_GPT4o_13_scored.json,4,c0,3,3,EnvironmentDoc,0,0.0,0.0,Programmer,0.0\ChatDev_ProgramDev2_GPT4o_13_scored.json,0.0\ChatDev_ProgramDev2_GPT4o_13_scored.json,5,Create a CLI tool that displays a random quote from a predefined list of quotes stored in a text file. Each execution should show a different quote.
0.9999998446159779,0.9257344877501539,0.7772998470305548,ChatDev_ProgramDev2_GPT4o_13_scored.json,5,c0,3,3,EnvironmentDoc,0,0.0,0.0,Programmer,0.0\ChatDev_ProgramDev2_GPT4o_13_scored.json,0.0\ChatDev_ProgramDev2_GPT4o_13_scored.json,6,Create a CLI tool that displays a random quote from a predefined list of quotes stored in a text file. Each execution should show a different quote.
1.0,0.8440098325394976,0.3775406870204983,ChatDev_ProgramDev2_GPT4o_14_scored.json,0,c0,4,4,Reflection,0,0.0,0.0,Chief Executive Officer,0.0\ChatDev_ProgramDev2_GPT4o_14_scored.json,0.0\ChatDev_ProgramDev2_GPT4o_14_scored.json,1,"Develop a CLI utility to calculate and display the total size of a directory and its subdirectories. The output should be human-readable (e.g., KB, MB, GB)."
0.9999998689587007,0.6666632373413203,3.581747930283181e-10,ChatDev_ProgramDev2_GPT4o_14_scored.json,0,c0,3,3,DemandAnalysis,0,0.0,0.0,Chief Product Officer,0.0\ChatDev_ProgramDev2_GPT4o_14_scored.json,0.0\ChatDev_ProgramDev2_GPT4o_14_scored.json,1,"Develop a CLI utility to calculate and display the total size of a directory and its subdirectories. The output should be human-readable (e.g., KB, MB, GB)."
0.9998414651141199,0.3332804892851927,4.058652126475693e-10,ChatDev_ProgramDev2_GPT4o_14_scored.json,1,c0,3,3,DemandAnalysis,0,0.0,0.0,Chief Product Officer,0.0\ChatDev_ProgramDev2_GPT4o_14_scored.json,0.0\ChatDev_ProgramDev2_GPT4o_14_scored.json,2,"Develop a CLI utility to calculate and display the total size of a directory and its subdirectories. The output should be human-readable (e.g., KB, MB, GB)."
1.0,0.8808818483891724,0.008577485515938836,ChatDev_ProgramDev2_GPT4o_14_scored.json,2,c0,12,12,Manual,0,0.0,0.0,Chief Product Officer,0.0\ChatDev_ProgramDev2_GPT4o_14_scored.json,0.0\ChatDev_ProgramDev2_GPT4o_14_scored.json,3,"Develop a CLI utility to calculate and display the total size of a directory and its subdirectories. The output should be human-readable (e.g., KB, MB, GB)."
0.9999998843221187,0.9999998843221187,0.9999998843221187,ChatDev_ProgramDev2_GPT4o_14_scored.json,0,c0,1,1,LanguageChoose,0,0.0,0.0,Chief Technology Officer,0.0\ChatDev_ProgramDev2_GPT4o_14_scored.json,0.0\ChatDev_ProgramDev2_GPT4o_14_scored.json,1,"Develop a CLI utility to calculate and display the total size of a directory and its subdirectories. The output should be human-readable (e.g., KB, MB, GB)."
1.0,0.7147756485908717,0.0002611902975925828,ChatDev_ProgramDev2_GPT4o_14_scored.json,0,c0,7,7,CodeReviewComment,0,0.0,0.0,Code Reviewer,0.0\ChatDev_ProgramDev2_GPT4o_14_scored.json,0.0\ChatDev_ProgramDev2_GPT4o_14_scored.json,1,"Develop a CLI utility to calculate and display the total size of a directory and its subdirectories. The output should be human-readable (e.g., KB, MB, GB)."
0.017986213607610962,0.017986213607610962,0.017986213607610962,ChatDev_ProgramDev2_GPT4o_14_scored.json,1,c0,1,1,CodeReviewComment,0,0.0,0.0,Code Reviewer,0.0\ChatDev_ProgramDev2_GPT4o_14_scored.json,0.0\ChatDev_ProgramDev2_GPT4o_14_scored.json,2,"Develop a CLI utility to calculate and display the total size of a directory and its subdirectories. The output should be human-readable (e.g., KB, MB, GB)."
0.09534947695213804,0.09534947695213804,0.09534947695213804,ChatDev_ProgramDev2_GPT4o_14_scored.json,2,c0,1,1,CodeReviewComment,0,0.0,0.0,Code Reviewer,0.0\ChatDev_ProgramDev2_GPT4o_14_scored.json,0.0\ChatDev_ProgramDev2_GPT4o_14_scored.json,3,"Develop a CLI utility to calculate and display the total size of a directory and its subdirectories. The output should be human-readable (e.g., KB, MB, GB)."
1.0,0.8379485530807099,1.3440409951135022e-08,ChatDev_ProgramDev2_GPT4o_14_scored.json,1,c0,19,19,CodeReviewModification,0,0.0,0.0,Programmer,0.0\ChatDev_ProgramDev2_GPT4o_14_scored.json,0.0\ChatDev_ProgramDev2_GPT4o_14_scored.json,2,"Develop a CLI utility to calculate and display the total size of a directory and its subdirectories. The output should be human-readable (e.g., KB, MB, GB)."
1.0,0.8766536585749242,0.0474258799060537,ChatDev_ProgramDev2_GPT4o_14_scored.json,2,c0,20,20,CodeReviewModification,0,0.0,0.0,Programmer,0.0\ChatDev_ProgramDev2_GPT4o_14_scored.json,0.0\ChatDev_ProgramDev2_GPT4o_14_scored.json,3,"Develop a CLI utility to calculate and display the total size of a directory and its subdirectories. The output should be human-readable (e.g., KB, MB, GB)."
1.0,0.9115033327667165,0.14804722510766014,ChatDev_ProgramDev2_GPT4o_14_scored.json,3,c0,20,20,CodeReviewModification,0,0.0,0.0,Programmer,0.0\ChatDev_ProgramDev2_GPT4o_14_scored.json,0.0\ChatDev_ProgramDev2_GPT4o_14_scored.json,4,"Develop a CLI utility to calculate and display the total size of a directory and its subdirectories. The output should be human-readable (e.g., KB, MB, GB)."
1.0,0.7055738943393963,6.691586091292782e-10,ChatDev_ProgramDev2_GPT4o_14_scored.json,0,c0,17,17,Coding,0,0.0,0.0,Programmer,0.0\ChatDev_ProgramDev2_GPT4o_14_scored.json,0.0\ChatDev_ProgramDev2_GPT4o_14_scored.json,1,"Develop a CLI utility to calculate and display the total size of a directory and its subdirectories. The output should be human-readable (e.g., KB, MB, GB)."
0.9999998673813637,0.47550674635455004,3.1608814543136926e-10,ChatDev_ProgramDev2_GPT4o_14_scored.json,4,c0,5,5,EnvironmentDoc,0,0.0,0.0,Programmer,0.0\ChatDev_ProgramDev2_GPT4o_14_scored.json,0.0\ChatDev_ProgramDev2_GPT4o_14_scored.json,5,"Develop a CLI utility to calculate and display the total size of a directory and its subdirectories. The output should be human-readable (e.g., KB, MB, GB)."
0.999999884590805,0.9989821105525203,0.9959298287062619,ChatDev_ProgramDev2_GPT4o_16_scored.json,0,c0,4,4,Reflection,0,0.0,0.0,Chief Executive Officer,0.0\ChatDev_ProgramDev2_GPT4o_16_scored.json,0.0\ChatDev_ProgramDev2_GPT4o_16_scored.json,1,"Write a CLI tool that fetches and displays the current weather for a given city using a public weather API (e.g., OpenWeatherMap). The user provides the city name."
0.9999998758935559,0.7492042770440105,1.1253517471925912e-07,ChatDev_ProgramDev2_GPT4o_16_scored.json,0,c0,4,4,DemandAnalysis,0,0.0,0.0,Chief Product Officer,0.0\ChatDev_ProgramDev2_GPT4o_16_scored.json,0.0\ChatDev_ProgramDev2_GPT4o_16_scored.json,1,"Write a CLI tool that fetches and displays the current weather for a given city using a public weather API (e.g., OpenWeatherMap). The user provides the city name."
0.9999998684420693,0.33333356702441713,1.103256032343554e-09,ChatDev_ProgramDev2_GPT4o_16_scored.json,1,c0,3,3,DemandAnalysis,0,0.0,0.0,Chief Product Officer,0.0\ChatDev_ProgramDev2_GPT4o_16_scored.json,0.0\ChatDev_ProgramDev2_GPT4o_16_scored.json,2,"Write a CLI tool that fetches and displays the current weather for a given city using a public weather API (e.g., OpenWeatherMap). The user provides the city name."
1.0,0.6471673440908801,1.8189616875530459e-09,ChatDev_ProgramDev2_GPT4o_16_scored.json,2,c0,14,14,Manual,0,0.0,0.0,Chief Product Officer,0.0\ChatDev_ProgramDev2_GPT4o_16_scored.json,0.0\ChatDev_ProgramDev2_GPT4o_16_scored.json,3,"Write a CLI tool that fetches and displays the current weather for a given city using a public weather API (e.g., OpenWeatherMap). The user provides the city name."
0.9999998616063754,0.9999998616063754,0.9999998616063754,ChatDev_ProgramDev2_GPT4o_16_scored.json,0,c0,1,1,LanguageChoose,0,0.0,0.0,Chief Technology Officer,0.0\ChatDev_ProgramDev2_GPT4o_16_scored.json,0.0\ChatDev_ProgramDev2_GPT4o_16_scored.json,1,"Write a CLI tool that fetches and displays the current weather for a given city using a public weather API (e.g., OpenWeatherMap). The user provides the city name."
0.9997387525805466,0.22959463943217584,0.0004305571096741222,ChatDev_ProgramDev2_GPT4o_16_scored.json,0,c0,8,8,CodeReviewComment,0,0.0,0.0,Code Reviewer,0.0\ChatDev_ProgramDev2_GPT4o_16_scored.json,0.0\ChatDev_ProgramDev2_GPT4o_16_scored.json,1,"Write a CLI tool that fetches and displays the current weather for a given city using a public weather API (e.g., OpenWeatherMap). The user provides the city name."
0.001501181950907551,0.0007732899012368736,4.539785156619626e-05,ChatDev_ProgramDev2_GPT4o_16_scored.json,1,c0,2,2,CodeReviewComment,0,0.0,0.0,Code Reviewer,0.0\ChatDev_ProgramDev2_GPT4o_16_scored.json,0.0\ChatDev_ProgramDev2_GPT4o_16_scored.json,2,"Write a CLI tool that fetches and displays the current weather for a given city using a public weather API (e.g., OpenWeatherMap). The user provides the city name."
0.9859362806933154,0.5293782237279006,0.022977368981387924,ChatDev_ProgramDev2_GPT4o_16_scored.json,2,c0,4,4,CodeReviewComment,0,0.0,0.0,Code Reviewer,0.0\ChatDev_ProgramDev2_GPT4o_16_scored.json,0.0\ChatDev_ProgramDev2_GPT4o_16_scored.json,3,"Write a CLI tool that fetches and displays the current weather for a given city using a public weather API (e.g., OpenWeatherMap). The user provides the city name."
1.0,0.6985063965942141,3.6534822137210456e-08,ChatDev_ProgramDev2_GPT4o_16_scored.json,1,c0,19,19,CodeReviewModification,0,0.0,0.0,Programmer,0.0\ChatDev_ProgramDev2_GPT4o_16_scored.json,0.0\ChatDev_ProgramDev2_GPT4o_16_scored.json,2,"Write a CLI tool that fetches and displays the current weather for a given city using a public weather API (e.g., OpenWeatherMap). The user provides the city name."
0.9999998876283148,0.9046163129797183,1.0129987330277146e-05,ChatDev_ProgramDev2_GPT4o_16_scored.json,2,c0,11,11,CodeReviewModification,0,0.0,0.0,Programmer,0.0\ChatDev_ProgramDev2_GPT4o_16_scored.json,0.0\ChatDev_ProgramDev2_GPT4o_16_scored.json,3,"Write a CLI tool that fetches and displays the current weather for a given city using a public weather API (e.g., OpenWeatherMap). The user provides the city name."
0.9999998567038392,0.8698162781672248,2.510999155743982e-08,ChatDev_ProgramDev2_GPT4o_16_scored.json,3,c0,10,10,CodeReviewModification,0,0.0,0.0,Programmer,0.0\ChatDev_ProgramDev2_GPT4o_16_scored.json,0.0\ChatDev_ProgramDev2_GPT4o_16_scored.json,4,"Write a CLI tool that fetches and displays the current weather for a given city using a public weather API (e.g., OpenWeatherMap). The user provides the city name."
0.9999961472032763,0.3373106865659631,1.186112015134383e-08,ChatDev_ProgramDev2_GPT4o_16_scored.json,0,c0,15,15,Coding,0,0.0,0.0,Programmer,0.0\ChatDev_ProgramDev2_GPT4o_16_scored.json,0.0\ChatDev_ProgramDev2_GPT4o_16_scored.json,1,"Write a CLI tool that fetches and displays the current weather for a given city using a public weather API (e.g., OpenWeatherMap). The user provides the city name."
0.999999868132229,0.6017153607078012,0.0,ChatDev_ProgramDev2_GPT4o_16_scored.json,4,c0,5,5,EnvironmentDoc,0,0.0,0.0,Programmer,0.0\ChatDev_ProgramDev2_GPT4o_16_scored.json,0.0\ChatDev_ProgramDev2_GPT4o_16_scored.json,5,"Write a CLI tool that fetches and displays the current weather for a given city using a public weather API (e.g., OpenWeatherMap). The user provides the city name."
0.9999998443388003,0.8321912976149158,0.0,ChatDev_ProgramDev2_GPT4o_1_scored.json,0,c0,6,6,Reflection,0,0.0,0.0,Chief Executive Officer,0.0\ChatDev_ProgramDev2_GPT4o_1_scored.json,0.0\ChatDev_ProgramDev2_GPT4o_1_scored.json,1,"Develop a CLI utility that generates a visual tree structure of a given directory. The output should represent directories and files, indenting subdirectories and their contents. Allow specifying a maximum depth for the tree."
0.9999998556624936,0.33619257779310746,3.927863545481039e-07,ChatDev_ProgramDev2_GPT4o_1_scored.json,0,c0,3,3,DemandAnalysis,0,0.0,0.0,Chief Product Officer,0.0\ChatDev_ProgramDev2_GPT4o_1_scored.json,0.0\ChatDev_ProgramDev2_GPT4o_1_scored.json,1,"Develop a CLI utility that generates a visual tree structure of a given directory. The output should represent directories and files, indenting subdirectories and their contents. Allow specifying a maximum depth for the tree."
0.9770225726061126,0.3256741908687042,0.0,ChatDev_ProgramDev2_GPT4o_1_scored.json,1,c0,3,3,DemandAnalysis,0,0.0,0.0,Chief Product Officer,0.0\ChatDev_ProgramDev2_GPT4o_1_scored.json,0.0\ChatDev_ProgramDev2_GPT4o_1_scored.json,2,"Develop a CLI utility that generates a visual tree structure of a given directory. The output should represent directories and files, indenting subdirectories and their contents. Allow specifying a maximum depth for the tree."
0.9999998764623647,0.5765333168257232,0.0,ChatDev_ProgramDev2_GPT4o_1_scored.json,2,c0,12,12,Manual,0,0.0,0.0,Chief Product Officer,0.0\ChatDev_ProgramDev2_GPT4o_1_scored.json,0.0\ChatDev_ProgramDev2_GPT4o_1_scored.json,3,"Develop a CLI utility that generates a visual tree structure of a given directory. The output should represent directories and files, indenting subdirectories and their contents. Allow specifying a maximum depth for the tree."
0.999992095896605,0.999992095896605,0.999992095896605,ChatDev_ProgramDev2_GPT4o_1_scored.json,0,c0,1,1,LanguageChoose,0,0.0,0.0,Chief Technology Officer,0.0\ChatDev_ProgramDev2_GPT4o_1_scored.json,0.0\ChatDev_ProgramDev2_GPT4o_1_scored.json,1,"Develop a CLI utility that generates a visual tree structure of a given directory. The output should represent directories and files, indenting subdirectories and their contents. Allow specifying a maximum depth for the tree."
0.9046504835021446,0.9046504835021446,0.9046504835021446,ChatDev_ProgramDev2_GPT4o_1_scored.json,1,c0,1,1,LanguageChoose,0,0.0,0.0,Chief Technology Officer,0.0\ChatDev_ProgramDev2_GPT4o_1_scored.json,0.0\ChatDev_ProgramDev2_GPT4o_1_scored.json,2,"Develop a CLI utility that generates a visual tree structure of a given directory. The output should represent directories and files, indenting subdirectories and their contents. Allow specifying a maximum depth for the tree."
0.9996646346766447,0.19556930132747555,3.581747930283181e-10,ChatDev_ProgramDev2_GPT4o_1_scored.json,0,c0,9,9,CodeReviewComment,0,0.0,0.0,Code Reviewer,0.0\ChatDev_ProgramDev2_GPT4o_1_scored.json,0.0\ChatDev_ProgramDev2_GPT4o_1_scored.json,1,"Develop a CLI utility that generates a visual tree structure of a given directory. The output should represent directories and files, indenting subdirectories and their contents. Allow specifying a maximum depth for the tree."
0.9998764900234717,0.9151329635780041,0.7310586402550436,ChatDev_ProgramDev2_GPT4o_1_scored.json,1,c0,4,4,CodeReviewComment,0,0.0,0.0,Code Reviewer,0.0\ChatDev_ProgramDev2_GPT4o_1_scored.json,0.0\ChatDev_ProgramDev2_GPT4o_1_scored.json,2,"Develop a CLI utility that generates a visual tree structure of a given directory. The output should represent directories and files, indenting subdirectories and their contents. Allow specifying a maximum depth for the tree."
0.9990889081055675,0.9990889081055675,0.9990889081055675,ChatDev_ProgramDev2_GPT4o_1_scored.json,2,c0,1,1,CodeReviewComment,0,0.0,0.0,Code Reviewer,0.0\ChatDev_ProgramDev2_GPT4o_1_scored.json,0.0\ChatDev_ProgramDev2_GPT4o_1_scored.json,3,"Develop a CLI utility that generates a visual tree structure of a given directory. The output should represent directories and files, indenting subdirectories and their contents. Allow specifying a maximum depth for the tree."
0.4378235497876372,0.4378235497876372,0.4378235497876372,ChatDev_ProgramDev2_GPT4o_1_scored.json,3,c0,1,1,CodeReviewComment,0,0.0,0.0,Code Reviewer,0.0\ChatDev_ProgramDev2_GPT4o_1_scored.json,0.0\ChatDev_ProgramDev2_GPT4o_1_scored.json,4,"Develop a CLI utility that generates a visual tree structure of a given directory. The output should represent directories and files, indenting subdirectories and their contents. Allow specifying a maximum depth for the tree."
0.9999037815445811,0.08230904733307715,1.8189616875530459e-09,ChatDev_ProgramDev2_GPT4o_1_scored.json,1,c0,16,16,CodeReviewModification,0,0.0,0.0,Programmer,0.0\ChatDev_ProgramDev2_GPT4o_1_scored.json,0.0\ChatDev_ProgramDev2_GPT4o_1_scored.json,2,"Develop a CLI utility that generates a visual tree structure of a given directory. The output should represent directories and files, indenting subdirectories and their contents. Allow specifying a maximum depth for the tree."
0.9999999085560467,0.4915654045877946,0.0,ChatDev_ProgramDev2_GPT4o_1_scored.json,2,c0,16,16,CodeReviewModification,0,0.0,0.0,Programmer,0.0\ChatDev_ProgramDev2_GPT4o_1_scored.json,0.0\ChatDev_ProgramDev2_GPT4o_1_scored.json,3,"Develop a CLI utility that generates a visual tree structure of a given directory. The output should represent directories and files, indenting subdirectories and their contents. Allow specifying a maximum depth for the tree."
0.9999998872516904,0.4133659842671399,0.0,ChatDev_ProgramDev2_GPT4o_1_scored.json,3,c0,19,19,CodeReviewModification,0,0.0,0.0,Programmer,0.0\ChatDev_ProgramDev2_GPT4o_1_scored.json,0.0\ChatDev_ProgramDev2_GPT4o_1_scored.json,4,"Develop a CLI utility that generates a visual tree structure of a given directory. The output should represent directories and files, indenting subdirectories and their contents. Allow specifying a maximum depth for the tree."
0.9999969722382851,0.2765273563711257,9.736200313009565e-10,ChatDev_ProgramDev2_GPT4o_1_scored.json,6,c0,21,21,CodeReviewModification,0,0.0,0.0,Programmer,0.0\ChatDev_ProgramDev2_GPT4o_1_scored.json,0.0\ChatDev_ProgramDev2_GPT4o_1_scored.json,7,"Develop a CLI utility that generates a visual tree structure of a given directory. The output should represent directories and files, indenting subdirectories and their contents. Allow specifying a maximum depth for the tree."
0.9999998700619568,0.8829305097407407,4.78509457496562e-06,ChatDev_ProgramDev2_GPT4o_1_scored.json,0,c0,21,21,Coding,0,0.0,0.0,Programmer,0.0\ChatDev_ProgramDev2_GPT4o_1_scored.json,0.0\ChatDev_ProgramDev2_GPT4o_1_scored.json,1,"Develop a CLI utility that generates a visual tree structure of a given directory. The output should represent directories and files, indenting subdirectories and their contents. Allow specifying a maximum depth for the tree."
0.9999998369264849,0.3419240486757628,0.0,ChatDev_ProgramDev2_GPT4o_1_scored.json,7,c0,6,6,EnvironmentDoc,0,0.0,0.0,Programmer,0.0\ChatDev_ProgramDev2_GPT4o_1_scored.json,0.0\ChatDev_ProgramDev2_GPT4o_1_scored.json,8,"Develop a CLI utility that generates a visual tree structure of a given directory. The output should represent directories and files, indenting subdirectories and their contents. Allow specifying a maximum depth for the tree."
0.9999998359157413,0.8604680699183501,0.2689414036710644,ChatDev_ProgramDev2_GPT4o_1_scored.json,4,c0,7,7,TestErrorSummary,0,0.0,0.0,Programmer,0.0\ChatDev_ProgramDev2_GPT4o_1_scored.json,0.0\ChatDev_ProgramDev2_GPT4o_1_scored.json,5,"Develop a CLI utility that generates a visual tree structure of a given directory. The output should represent directories and files, indenting subdirectories and their contents. Allow specifying a maximum depth for the tree."
0.9999988824770712,0.9987903885450049,0.9968272990308236,ChatDev_ProgramDev2_GPT4o_1_scored.json,5,c0,5,5,TestErrorSummary,0,0.0,0.0,Programmer,0.0\ChatDev_ProgramDev2_GPT4o_1_scored.json,0.0\ChatDev_ProgramDev2_GPT4o_1_scored.json,6,"Develop a CLI utility that generates a visual tree structure of a given directory. The output should represent directories and files, indenting subdirectories and their contents. Allow specifying a maximum depth for the tree."
0.9999998605188419,0.42963094306202027,1.3007123989067183e-05,ChatDev_ProgramDev2_GPT4o_20_scored.json,0,c0,5,5,Reflection,0,0.0,0.0,Chief Executive Officer,0.0\ChatDev_ProgramDev2_GPT4o_20_scored.json,0.0\ChatDev_ProgramDev2_GPT4o_20_scored.json,1,Write a CLI utility to calculate and display the MD5 and SHA256 checksums of a given file. The user provides the file path.
0.9999998958488131,0.33333631411075154,2.902312105056987e-06,ChatDev_ProgramDev2_GPT4o_20_scored.json,0,c0,3,3,DemandAnalysis,0,0.0,0.0,Chief Product Officer,0.0\ChatDev_ProgramDev2_GPT4o_20_scored.json,0.0\ChatDev_ProgramDev2_GPT4o_20_scored.json,1,Write a CLI utility to calculate and display the MD5 and SHA256 checksums of a given file. The user provides the file path.
0.9984987452558888,0.4586798168212149,0.0,ChatDev_ProgramDev2_GPT4o_20_scored.json,1,c0,3,3,DemandAnalysis,0,0.0,0.0,Chief Product Officer,0.0\ChatDev_ProgramDev2_GPT4o_20_scored.json,0.0\ChatDev_ProgramDev2_GPT4o_20_scored.json,2,Write a CLI utility to calculate and display the MD5 and SHA256 checksums of a given file. The user provides the file path.
1.0,0.5863465661527362,8.592166619174109e-10,ChatDev_ProgramDev2_GPT4o_20_scored.json,2,c0,13,13,Manual,0,0.0,0.0,Chief Product Officer,0.0\ChatDev_ProgramDev2_GPT4o_20_scored.json,0.0\ChatDev_ProgramDev2_GPT4o_20_scored.json,3,Write a CLI utility to calculate and display the MD5 and SHA256 checksums of a given file. The user provides the file path.
0.9999994862849443,0.9999994862849443,0.9999994862849443,ChatDev_ProgramDev2_GPT4o_20_scored.json,0,c0,1,1,LanguageChoose,0,0.0,0.0,Chief Technology Officer,0.0\ChatDev_ProgramDev2_GPT4o_20_scored.json,0.0\ChatDev_ProgramDev2_GPT4o_20_scored.json,1,Write a CLI utility to calculate and display the MD5 and SHA256 checksums of a given file. The user provides the file path.
0.952574102801956,0.952574102801956,0.952574102801956,ChatDev_ProgramDev2_GPT4o_20_scored.json,1,c0,1,1,LanguageChoose,0,0.0,0.0,Chief Technology Officer,0.0\ChatDev_ProgramDev2_GPT4o_20_scored.json,0.0\ChatDev_ProgramDev2_GPT4o_20_scored.json,2,Write a CLI utility to calculate and display the MD5 and SHA256 checksums of a given file. The user provides the file path.
0.5621765435113538,0.057295478352697146,1.0677029917933763e-06,ChatDev_ProgramDev2_GPT4o_20_scored.json,0,c0,11,11,CodeReviewComment,0,0.0,0.0,Code Reviewer,0.0\ChatDev_ProgramDev2_GPT4o_20_scored.json,0.0\ChatDev_ProgramDev2_GPT4o_20_scored.json,1,Write a CLI utility to calculate and display the MD5 and SHA256 checksums of a given file. The user provides the file path.
0.0019267342527389902,0.0019267342527389902,0.0019267342527389902,ChatDev_ProgramDev2_GPT4o_20_scored.json,1,c0,1,1,CodeReviewComment,0,0.0,0.0,Code Reviewer,0.0\ChatDev_ProgramDev2_GPT4o_20_scored.json,0.0\ChatDev_ProgramDev2_GPT4o_20_scored.json,2,Write a CLI utility to calculate and display the MD5 and SHA256 checksums of a given file. The user provides the file path.
0.0005527785265734312,0.0005527785265734312,0.0005527785265734312,ChatDev_ProgramDev2_GPT4o_20_scored.json,2,c0,1,1,CodeReviewComment,0,0.0,0.0,Code Reviewer,0.0\ChatDev_ProgramDev2_GPT4o_20_scored.json,0.0\ChatDev_ProgramDev2_GPT4o_20_scored.json,3,Write a CLI utility to calculate and display the MD5 and SHA256 checksums of a given file. The user provides the file path.
0.5000000991838925,0.0427432832908087,1.4449802461092448e-07,ChatDev_ProgramDev2_GPT4o_20_scored.json,1,c0,16,16,CodeReviewModification,0,0.0,0.0,Programmer,0.0\ChatDev_ProgramDev2_GPT4o_20_scored.json,0.0\ChatDev_ProgramDev2_GPT4o_20_scored.json,2,Write a CLI utility to calculate and display the MD5 and SHA256 checksums of a given file. The user provides the file path.
1.0,0.5496870923842676,0.0,ChatDev_ProgramDev2_GPT4o_20_scored.json,2,c0,20,20,CodeReviewModification,0,0.0,0.0,Programmer,0.0\ChatDev_ProgramDev2_GPT4o_20_scored.json,0.0\ChatDev_ProgramDev2_GPT4o_20_scored.json,3,Write a CLI utility to calculate and display the MD5 and SHA256 checksums of a given file. The user provides the file path.
0.9999998782291489,0.5872616792425763,0.0,ChatDev_ProgramDev2_GPT4o_20_scored.json,3,c0,17,17,CodeReviewModification,0,0.0,0.0,Programmer,0.0\ChatDev_ProgramDev2_GPT4o_20_scored.json,0.0\ChatDev_ProgramDev2_GPT4o_20_scored.json,4,Write a CLI utility to calculate and display the MD5 and SHA256 checksums of a given file. The user provides the file path.
0.999999909365694,0.3608056741723393,2.510999155743982e-08,ChatDev_ProgramDev2_GPT4o_20_scored.json,0,c0,14,14,Coding,0,0.0,0.0,Programmer,0.0\ChatDev_ProgramDev2_GPT4o_20_scored.json,0.0\ChatDev_ProgramDev2_GPT4o_20_scored.json,1,Write a CLI utility to calculate and display the MD5 and SHA256 checksums of a given file. The user provides the file path.
0.9999998607953747,0.25553964538255924,2.9989608248573072e-09,ChatDev_ProgramDev2_GPT4o_20_scored.json,4,c0,6,6,EnvironmentDoc,0,0.0,0.0,Programmer,0.0\ChatDev_ProgramDev2_GPT4o_20_scored.json,0.0\ChatDev_ProgramDev2_GPT4o_20_scored.json,5,Write a CLI utility to calculate and display the MD5 and SHA256 checksums of a given file. The user provides the file path.
1.0,0.7977711748493658,0.0005527785265734312,ChatDev_ProgramDev2_GPT4o_22_scored.json,0,c0,5,5,DemandAnalysis,0,0.0,0.0,Chief Product Officer,0.0\ChatDev_ProgramDev2_GPT4o_22_scored.json,0.0\ChatDev_ProgramDev2_GPT4o_22_scored.json,1,"Develop a simple CLI contact book. Allow users to add, view, search, and delete contacts (name, phone number, email). Store contacts in a plain text or CSV file."
0.9999998361201147,0.6590075282047185,1.4449802461092448e-07,ChatDev_ProgramDev2_GPT4o_22_scored.json,1,c0,3,3,DemandAnalysis,0,0.0,0.0,Chief Product Officer,0.0\ChatDev_ProgramDev2_GPT4o_22_scored.json,0.0\ChatDev_ProgramDev2_GPT4o_22_scored.json,2,"Develop a simple CLI contact book. Allow users to add, view, search, and delete contacts (name, phone number, email). Store contacts in a plain text or CSV file."
0.9999998322556168,0.9999998322556168,0.9999998322556168,ChatDev_ProgramDev2_GPT4o_22_scored.json,2,c0,1,1,DemandAnalysis,0,0.0,0.0,Chief Product Officer,0.0\ChatDev_ProgramDev2_GPT4o_22_scored.json,0.0\ChatDev_ProgramDev2_GPT4o_22_scored.json,3,"Develop a simple CLI contact book. Allow users to add, view, search, and delete contacts (name, phone number, email). Store contacts in a plain text or CSV file."
1.0,0.4406439051509812,1.186112015134383e-08,ChatDev_ProgramDev2_GPT4o_22_scored.json,3,c0,15,15,Manual,0,0.0,0.0,Chief Product Officer,0.0\ChatDev_ProgramDev2_GPT4o_22_scored.json,0.0\ChatDev_ProgramDev2_GPT4o_22_scored.json,4,"Develop a simple CLI contact book. Allow users to add, view, search, and delete contacts (name, phone number, email). Store contacts in a plain text or CSV file."
0.9999250234679021,0.9999250234679021,0.9999250234679021,ChatDev_ProgramDev2_GPT4o_22_scored.json,0,c0,1,1,LanguageChoose,0,0.0,0.0,Chief Technology Officer,0.0\ChatDev_ProgramDev2_GPT4o_22_scored.json,0.0\ChatDev_ProgramDev2_GPT4o_22_scored.json,1,"Develop a simple CLI contact book. Allow users to add, view, search, and delete contacts (name, phone number, email). Store contacts in a plain text or CSV file."
1.0,0.999988084837283,0.9999416802095188,ChatDev_ProgramDev2_GPT4o_22_scored.json,0,c0,7,7,CodeReviewComment,0,0.0,0.0,Code Reviewer,0.0\ChatDev_ProgramDev2_GPT4o_22_scored.json,0.0\ChatDev_ProgramDev2_GPT4o_22_scored.json,1,"Develop a simple CLI contact book. Allow users to add, view, search, and delete contacts (name, phone number, email). Store contacts in a plain text or CSV file."
5.829127258796956e-05,5.829127258796956e-05,5.829127258796956e-05,ChatDev_ProgramDev2_GPT4o_22_scored.json,1,c0,1,1,CodeReviewComment,0,0.0,0.0,Code Reviewer,0.0\ChatDev_ProgramDev2_GPT4o_22_scored.json,0.0\ChatDev_ProgramDev2_GPT4o_22_scored.json,2,"Develop a simple CLI contact book. Allow users to add, view, search, and delete contacts (name, phone number, email). Store contacts in a plain text or CSV file."
0.8519528598128359,0.2916371310127529,1.7603429545652396e-06,ChatDev_ProgramDev2_GPT4o_22_scored.json,2,c0,8,8,CodeReviewComment,0,0.0,0.0,Code Reviewer,0.0\ChatDev_ProgramDev2_GPT4o_22_scored.json,0.0\ChatDev_ProgramDev2_GPT4o_22_scored.json,3,"Develop a simple CLI contact book. Allow users to add, view, search, and delete contacts (name, phone number, email). Store contacts in a plain text or CSV file."
0.9999998981844062,0.9083132607128953,2.7535687796947383e-05,ChatDev_ProgramDev2_GPT4o_22_scored.json,1,c0,11,11,CodeReviewModification,0,0.0,0.0,Programmer,0.0\ChatDev_ProgramDev2_GPT4o_22_scored.json,0.0\ChatDev_ProgramDev2_GPT4o_22_scored.json,2,"Develop a simple CLI contact book. Allow users to add, view, search, and delete contacts (name, phone number, email). Store contacts in a plain text or CSV file."
0.9999784910542652,0.9669323746922098,0.8519528469445433,ChatDev_ProgramDev2_GPT4o_22_scored.json,2,c0,16,16,CodeReviewModification,0,0.0,0.0,Programmer,0.0\ChatDev_ProgramDev2_GPT4o_22_scored.json,0.0\ChatDev_ProgramDev2_GPT4o_22_scored.json,3,"Develop a simple CLI contact book. Allow users to add, view, search, and delete contacts (name, phone number, email). Store contacts in a plain text or CSV file."
0.9241418326657428,0.25211551528731446,1.0677029917933763e-06,ChatDev_ProgramDev2_GPT4o_22_scored.json,3,c0,13,13,CodeReviewModification,0,0.0,0.0,Programmer,0.0\ChatDev_ProgramDev2_GPT4o_22_scored.json,0.0\ChatDev_ProgramDev2_GPT4o_22_scored.json,4,"Develop a simple CLI contact book. Allow users to add, view, search, and delete contacts (name, phone number, email). Store contacts in a plain text or CSV file."
0.999998171404002,0.505880563410674,2.061153622438558e-09,ChatDev_ProgramDev2_GPT4o_22_scored.json,0,c0,17,17,Coding,0,0.0,0.0,Programmer,0.0\ChatDev_ProgramDev2_GPT4o_22_scored.json,0.0\ChatDev_ProgramDev2_GPT4o_22_scored.json,1,"Develop a simple CLI contact book. Allow users to add, view, search, and delete contacts (name, phone number, email). Store contacts in a plain text or CSV file."
1.0,0.48498157822711907,1.186112015134383e-08,ChatDev_ProgramDev2_GPT4o_22_scored.json,4,c0,4,4,EnvironmentDoc,0,0.0,0.0,Programmer,0.0\ChatDev_ProgramDev2_GPT4o_22_scored.json,0.0\ChatDev_ProgramDev2_GPT4o_22_scored.json,5,"Develop a simple CLI contact book. Allow users to add, view, search, and delete contacts (name, phone number, email). Store contacts in a plain text or CSV file."
1.0,0.9991414728567352,0.9968272788849973,ChatDev_ProgramDev2_GPT4o_22_scored.json,5,c0,4,4,EnvironmentDoc,0,0.0,0.0,Programmer,0.0\ChatDev_ProgramDev2_GPT4o_22_scored.json,0.0\ChatDev_ProgramDev2_GPT4o_22_scored.json,6,"Develop a simple CLI contact book. Allow users to add, view, search, and delete contacts (name, phone number, email). Store contacts in a plain text or CSV file."
0.9999981723568206,0.7455005305261501,2.382369667501818e-07,ChatDev_ProgramDev2_GPT4o_23_scored.json,0,c0,4,4,Reflection,0,0.0,0.0,Chief Executive Officer,0.0\ChatDev_ProgramDev2_GPT4o_23_scored.json,0.0\ChatDev_ProgramDev2_GPT4o_23_scored.json,1,"Build a CLI tool that checks the strength of a given password. It should evaluate criteria like length, use of uppercase/lowercase letters, numbers, and special characters, providing a strength score or rating."
0.9999998680397165,0.7349669665922989,1.3007123989067183e-05,ChatDev_ProgramDev2_GPT4o_23_scored.json,0,c0,4,4,DemandAnalysis,0,0.0,0.0,Chief Product Officer,0.0\ChatDev_ProgramDev2_GPT4o_23_scored.json,0.0\ChatDev_ProgramDev2_GPT4o_23_scored.json,1,"Build a CLI tool that checks the strength of a given password. It should evaluate criteria like length, use of uppercase/lowercase letters, numbers, and special characters, providing a strength score or rating."
0.999996251188968,0.3333320854940384,2.646573638909117e-09,ChatDev_ProgramDev2_GPT4o_23_scored.json,1,c0,3,3,DemandAnalysis,0,0.0,0.0,Chief Product Officer,0.0\ChatDev_ProgramDev2_GPT4o_23_scored.json,0.0\ChatDev_ProgramDev2_GPT4o_23_scored.json,2,"Build a CLI tool that checks the strength of a given password. It should evaluate criteria like length, use of uppercase/lowercase letters, numbers, and special characters, providing a strength score or rating."
1.0,0.6695765794932741,3.7266389560521204e-06,ChatDev_ProgramDev2_GPT4o_23_scored.json,2,c0,12,12,Manual,0,0.0,0.0,Chief Product Officer,0.0\ChatDev_ProgramDev2_GPT4o_23_scored.json,0.0\ChatDev_ProgramDev2_GPT4o_23_scored.json,3,"Build a CLI tool that checks the strength of a given password. It should evaluate criteria like length, use of uppercase/lowercase letters, numbers, and special characters, providing a strength score or rating."
0.9999998402344648,0.9999998402344648,0.9999998402344648,ChatDev_ProgramDev2_GPT4o_23_scored.json,0,c0,1,1,LanguageChoose,0,0.0,0.0,Chief Technology Officer,0.0\ChatDev_ProgramDev2_GPT4o_23_scored.json,0.0\ChatDev_ProgramDev2_GPT4o_23_scored.json,1,"Build a CLI tool that checks the strength of a given password. It should evaluate criteria like length, use of uppercase/lowercase letters, numbers, and special characters, providing a strength score or rating."
0.09534947184962608,0.016734273836274866,0.0001233946226544279,ChatDev_ProgramDev2_GPT4o_23_scored.json,0,c0,6,6,CodeReviewComment,0,0.0,0.0,Code Reviewer,0.0\ChatDev_ProgramDev2_GPT4o_23_scored.json,0.0\ChatDev_ProgramDev2_GPT4o_23_scored.json,1,"Build a CLI tool that checks the strength of a given password. It should evaluate criteria like length, use of uppercase/lowercase letters, numbers, and special characters, providing a strength score or rating."
0.9990889084162646,0.9990889084162646,0.9990889084162646,ChatDev_ProgramDev2_GPT4o_23_scored.json,1,c0,1,1,CodeReviewComment,0,0.0,0.0,Code Reviewer,0.0\ChatDev_ProgramDev2_GPT4o_23_scored.json,0.0\ChatDev_ProgramDev2_GPT4o_23_scored.json,2,"Build a CLI tool that checks the strength of a given password. It should evaluate criteria like length, use of uppercase/lowercase letters, numbers, and special characters, providing a strength score or rating."
0.9968272875361048,0.9968272875361048,0.9968272875361048,ChatDev_ProgramDev2_GPT4o_23_scored.json,2,c0,1,1,CodeReviewComment,0,0.0,0.0,Code Reviewer,0.0\ChatDev_ProgramDev2_GPT4o_23_scored.json,0.0\ChatDev_ProgramDev2_GPT4o_23_scored.json,3,"Build a CLI tool that checks the strength of a given password. It should evaluate criteria like length, use of uppercase/lowercase letters, numbers, and special characters, providing a strength score or rating."
1.0,0.7504631826495819,0.0,ChatDev_ProgramDev2_GPT4o_23_scored.json,1,c0,12,12,CodeReviewModification,0,0.0,0.0,Programmer,0.0\ChatDev_ProgramDev2_GPT4o_23_scored.json,0.0\ChatDev_ProgramDev2_GPT4o_23_scored.json,2,"Build a CLI tool that checks the strength of a given password. It should evaluate criteria like length, use of uppercase/lowercase letters, numbers, and special characters, providing a strength score or rating."
1.0,0.9888849816343952,0.8807970224227236,ChatDev_ProgramDev2_GPT4o_23_scored.json,2,c0,11,11,CodeReviewModification,0,0.0,0.0,Programmer,0.0\ChatDev_ProgramDev2_GPT4o_23_scored.json,0.0\ChatDev_ProgramDev2_GPT4o_23_scored.json,3,"Build a CLI tool that checks the strength of a given password. It should evaluate criteria like length, use of uppercase/lowercase letters, numbers, and special characters, providing a strength score or rating."
0.9999998974687005,0.9838402298590527,0.777299908872396,ChatDev_ProgramDev2_GPT4o_23_scored.json,3,c0,14,14,CodeReviewModification,0,0.0,0.0,Programmer,0.0\ChatDev_ProgramDev2_GPT4o_23_scored.json,0.0\ChatDev_ProgramDev2_GPT4o_23_scored.json,4,"Build a CLI tool that checks the strength of a given password. It should evaluate criteria like length, use of uppercase/lowercase letters, numbers, and special characters, providing a strength score or rating."
0.9999997215519599,0.7001476586977994,0.0002611902975925828,ChatDev_ProgramDev2_GPT4o_23_scored.json,0,c0,10,10,Coding,0,0.0,0.0,Programmer,0.0\ChatDev_ProgramDev2_GPT4o_23_scored.json,0.0\ChatDev_ProgramDev2_GPT4o_23_scored.json,1,"Build a CLI tool that checks the strength of a given password. It should evaluate criteria like length, use of uppercase/lowercase letters, numbers, and special characters, providing a strength score or rating."
0.9999998625670588,0.9204875113814628,0.7772998686768273,ChatDev_ProgramDev2_GPT4o_23_scored.json,4,c0,4,4,EnvironmentDoc,0,0.0,0.0,Programmer,0.0\ChatDev_ProgramDev2_GPT4o_23_scored.json,0.0\ChatDev_ProgramDev2_GPT4o_23_scored.json,5,"Build a CLI tool that checks the strength of a given password. It should evaluate criteria like length, use of uppercase/lowercase letters, numbers, and special characters, providing a strength score or rating."
0.9999998956350795,0.6666815112569209,4.539785156619626e-05,ChatDev_ProgramDev2_GPT4o_24_scored.json,0,c0,3,3,DemandAnalysis,0,0.0,0.0,Chief Product Officer,0.0\ChatDev_ProgramDev2_GPT4o_24_scored.json,0.0\ChatDev_ProgramDev2_GPT4o_24_scored.json,1,"Write a CLI utility to convert text to various cases: uppercase, lowercase, title case, sentence case. The tool takes a string as input or reads from a file."
0.9999997168872242,0.5000005439218479,1.370956471489639e-06,ChatDev_ProgramDev2_GPT4o_24_scored.json,1,c0,2,2,DemandAnalysis,0,0.0,0.0,Chief Product Officer,0.0\ChatDev_ProgramDev2_GPT4o_24_scored.json,0.0\ChatDev_ProgramDev2_GPT4o_24_scored.json,2,"Write a CLI utility to convert text to various cases: uppercase, lowercase, title case, sentence case. The tool takes a string as input or reads from a file."
0.9999998864400724,0.7444266150805557,6.691586091292782e-10,ChatDev_ProgramDev2_GPT4o_24_scored.json,2,c0,22,22,Manual,0,0.0,0.0,Chief Product Officer,0.0\ChatDev_ProgramDev2_GPT4o_24_scored.json,0.0\ChatDev_ProgramDev2_GPT4o_24_scored.json,3,"Write a CLI utility to convert text to various cases: uppercase, lowercase, title case, sentence case. The tool takes a string as input or reads from a file."
0.9999998760708176,0.9999998760708176,0.9999998760708176,ChatDev_ProgramDev2_GPT4o_24_scored.json,0,c0,1,1,LanguageChoose,0,0.0,0.0,Chief Technology Officer,0.0\ChatDev_ProgramDev2_GPT4o_24_scored.json,0.0\ChatDev_ProgramDev2_GPT4o_24_scored.json,1,"Write a CLI utility to convert text to various cases: uppercase, lowercase, title case, sentence case. The tool takes a string as input or reads from a file."
0.8807970273202903,0.1322949571615938,1.6373771305908126e-07,ChatDev_ProgramDev2_GPT4o_24_scored.json,0,c0,7,7,CodeReviewComment,0,0.0,0.0,Code Reviewer,0.0\ChatDev_ProgramDev2_GPT4o_24_scored.json,0.0\ChatDev_ProgramDev2_GPT4o_24_scored.json,1,"Write a CLI utility to convert text to various cases: uppercase, lowercase, title case, sentence case. The tool takes a string as input or reads from a file."
0.010986942984914367,0.010986942984914367,0.010986942984914367,ChatDev_ProgramDev2_GPT4o_24_scored.json,1,c0,1,1,CodeReviewComment,0,0.0,0.0,Code Reviewer,0.0\ChatDev_ProgramDev2_GPT4o_24_scored.json,0.0\ChatDev_ProgramDev2_GPT4o_24_scored.json,2,"Write a CLI utility to convert text to various cases: uppercase, lowercase, title case, sentence case. The tool takes a string as input or reads from a file."
0.0019267342527389902,0.0019267342527389902,0.0019267342527389902,ChatDev_ProgramDev2_GPT4o_24_scored.json,2,c0,1,1,CodeReviewComment,0,0.0,0.0,Code Reviewer,0.0\ChatDev_ProgramDev2_GPT4o_24_scored.json,0.0\ChatDev_ProgramDev2_GPT4o_24_scored.json,3,"Write a CLI utility to convert text to various cases: uppercase, lowercase, title case, sentence case. The tool takes a string as input or reads from a file."
1.0,0.7276980595150979,0.004070137939983506,ChatDev_ProgramDev2_GPT4o_24_scored.json,1,c0,19,19,CodeReviewModification,0,0.0,0.0,Programmer,0.0\ChatDev_ProgramDev2_GPT4o_24_scored.json,0.0\ChatDev_ProgramDev2_GPT4o_24_scored.json,2,"Write a CLI utility to convert text to various cases: uppercase, lowercase, title case, sentence case. The tool takes a string as input or reads from a file."
0.9999981671663983,0.9160174327969002,0.0009110514045295695,ChatDev_ProgramDev2_GPT4o_24_scored.json,2,c0,19,19,CodeReviewModification,0,0.0,0.0,Programmer,0.0\ChatDev_ProgramDev2_GPT4o_24_scored.json,0.0\ChatDev_ProgramDev2_GPT4o_24_scored.json,3,"Write a CLI utility to convert text to various cases: uppercase, lowercase, title case, sentence case. The tool takes a string as input or reads from a file."
0.9999998621917955,0.8340041843016878,5.829127258796956e-05,ChatDev_ProgramDev2_GPT4o_24_scored.json,3,c0,16,16,CodeReviewModification,0,0.0,0.0,Programmer,0.0\ChatDev_ProgramDev2_GPT4o_24_scored.json,0.0\ChatDev_ProgramDev2_GPT4o_24_scored.json,4,"Write a CLI utility to convert text to various cases: uppercase, lowercase, title case, sentence case. The tool takes a string as input or reads from a file."
0.9999996068784118,0.6248432942015631,3.7266389560521204e-06,ChatDev_ProgramDev2_GPT4o_24_scored.json,0,c0,12,12,Coding,0,0.0,0.0,Programmer,0.0\ChatDev_ProgramDev2_GPT4o_24_scored.json,0.0\ChatDev_ProgramDev2_GPT4o_24_scored.json,1,"Write a CLI utility to convert text to various cases: uppercase, lowercase, title case, sentence case. The tool takes a string as input or reads from a file."
0.9999998616063754,0.5999958723451614,2.335593038799337e-09,ChatDev_ProgramDev2_GPT4o_24_scored.json,4,c0,5,5,EnvironmentDoc,0,0.0,0.0,Programmer,0.0\ChatDev_ProgramDev2_GPT4o_24_scored.json,0.0\ChatDev_ProgramDev2_GPT4o_24_scored.json,5,"Write a CLI utility to convert text to various cases: uppercase, lowercase, title case, sentence case. The tool takes a string as input or reads from a file."
0.9999998680397165,0.9999679041770643,0.9998414458693539,ChatDev_ProgramDev2_GPT4o_24_scored.json,5,c0,5,5,EnvironmentDoc,0,0.0,0.0,Programmer,0.0\ChatDev_ProgramDev2_GPT4o_24_scored.json,0.0\ChatDev_ProgramDev2_GPT4o_24_scored.json,6,"Write a CLI utility to convert text to various cases: uppercase, lowercase, title case, sentence case. The tool takes a string as input or reads from a file."
0.9999998763618364,0.9999998540815779,0.9999998359697816,ChatDev_ProgramDev2_GPT4o_25_scored.json,0,c0,3,3,Reflection,0,0.0,0.0,Chief Executive Officer,0.0\ChatDev_ProgramDev2_GPT4o_25_scored.json,0.0\ChatDev_ProgramDev2_GPT4o_25_scored.json,1,"Create a CLI tool to look up IP address information (e.g., geolocation, ISP) using a public IP geolocation API (e.g., ip-api.com). The user provides an IP address."
0.9999998966764251,0.7381080467931929,1.6701414089010932e-05,ChatDev_ProgramDev2_GPT4o_25_scored.json,0,c0,4,4,DemandAnalysis,0,0.0,0.0,Chief Product Officer,0.0\ChatDev_ProgramDev2_GPT4o_25_scored.json,0.0\ChatDev_ProgramDev2_GPT4o_25_scored.json,1,"Create a CLI tool to look up IP address information (e.g., geolocation, ISP) using a public IP geolocation API (e.g., ip-api.com). The user provides an IP address."
0.9990888931034497,0.3330305154049667,3.927863545481039e-07,ChatDev_ProgramDev2_GPT4o_25_scored.json,1,c0,3,3,DemandAnalysis,0,0.0,0.0,Chief Product Officer,0.0\ChatDev_ProgramDev2_GPT4o_25_scored.json,0.0\ChatDev_ProgramDev2_GPT4o_25_scored.json,2,"Create a CLI tool to look up IP address information (e.g., geolocation, ISP) using a public IP geolocation API (e.g., ip-api.com). The user provides an IP address."
0.9999999099484261,0.6991365198583945,8.152020714470167e-09,ChatDev_ProgramDev2_GPT4o_25_scored.json,2,c0,10,10,Manual,0,0.0,0.0,Chief Product Officer,0.0\ChatDev_ProgramDev2_GPT4o_25_scored.json,0.0\ChatDev_ProgramDev2_GPT4o_25_scored.json,3,"Create a CLI tool to look up IP address information (e.g., geolocation, ISP) using a public IP geolocation API (e.g., ip-api.com). The user provides an IP address."
0.9999998757598338,0.9999998757598338,0.9999998757598338,ChatDev_ProgramDev2_GPT4o_25_scored.json,0,c0,1,1,LanguageChoose,0,0.0,0.0,Chief Technology Officer,0.0\ChatDev_ProgramDev2_GPT4o_25_scored.json,0.0\ChatDev_ProgramDev2_GPT4o_25_scored.json,1,"Create a CLI tool to look up IP address information (e.g., geolocation, ISP) using a public IP geolocation API (e.g., ip-api.com). The user provides an IP address."
0.9999998767045566,0.7477532587918132,4.78509457496562e-06,ChatDev_ProgramDev2_GPT4o_25_scored.json,0,c0,8,8,CodeReviewComment,0,0.0,0.0,Code Reviewer,0.0\ChatDev_ProgramDev2_GPT4o_25_scored.json,0.0\ChatDev_ProgramDev2_GPT4o_25_scored.json,1,"Create a CLI tool to look up IP address information (e.g., geolocation, ISP) using a public IP geolocation API (e.g., ip-api.com). The user provides an IP address."
0.005220125868449866,0.005220125868449866,0.005220125868449866,ChatDev_ProgramDev2_GPT4o_25_scored.json,1,c0,1,1,CodeReviewComment,0,0.0,0.0,Code Reviewer,0.0\ChatDev_ProgramDev2_GPT4o_25_scored.json,0.0\ChatDev_ProgramDev2_GPT4o_25_scored.json,2,"Create a CLI tool to look up IP address information (e.g., geolocation, ISP) using a public IP geolocation API (e.g., ip-api.com). The user provides an IP address."
0.005220125868449866,0.005220125868449866,0.005220125868449866,ChatDev_ProgramDev2_GPT4o_25_scored.json,2,c0,1,1,CodeReviewComment,0,0.0,0.0,Code Reviewer,0.0\ChatDev_ProgramDev2_GPT4o_25_scored.json,0.0\ChatDev_ProgramDev2_GPT4o_25_scored.json,3,"Create a CLI tool to look up IP address information (e.g., geolocation, ISP) using a public IP geolocation API (e.g., ip-api.com). The user provides an IP address."
0.9999999362420215,0.8977872824379874,1.3007123989067183e-05,ChatDev_ProgramDev2_GPT4o_25_scored.json,1,c0,20,20,CodeReviewModification,0,0.0,0.0,Programmer,0.0\ChatDev_ProgramDev2_GPT4o_25_scored.json,0.0\ChatDev_ProgramDev2_GPT4o_25_scored.json,2,"Create a CLI tool to look up IP address information (e.g., geolocation, ISP) using a public IP geolocation API (e.g., ip-api.com). The user provides an IP address."
0.9999998559771879,0.880093605669057,0.008577485593892533,ChatDev_ProgramDev2_GPT4o_25_scored.json,2,c0,20,20,CodeReviewModification,0,0.0,0.0,Programmer,0.0\ChatDev_ProgramDev2_GPT4o_25_scored.json,0.0\ChatDev_ProgramDev2_GPT4o_25_scored.json,3,"Create a CLI tool to look up IP address information (e.g., geolocation, ISP) using a public IP geolocation API (e.g., ip-api.com). The user provides an IP address."
0.9999998559771879,0.8798376957272172,0.00070967033651176,ChatDev_ProgramDev2_GPT4o_25_scored.json,3,c0,20,20,CodeReviewModification,0,0.0,0.0,Programmer,0.0\ChatDev_ProgramDev2_GPT4o_25_scored.json,0.0\ChatDev_ProgramDev2_GPT4o_25_scored.json,4,"Create a CLI tool to look up IP address information (e.g., geolocation, ISP) using a public IP geolocation API (e.g., ip-api.com). The user provides an IP address."
0.9999998446159779,0.7358568771413784,0.0001584362410990077,ChatDev_ProgramDev2_GPT4o_25_scored.json,0,c0,21,21,Coding,0,0.0,0.0,Programmer,0.0\ChatDev_ProgramDev2_GPT4o_25_scored.json,0.0\ChatDev_ProgramDev2_GPT4o_25_scored.json,1,"Create a CLI tool to look up IP address information (e.g., geolocation, ISP) using a public IP geolocation API (e.g., ip-api.com). The user provides an IP address."
1.0,1.0,1.0,ChatDev_ProgramDev2_GPT4o_25_scored.json,4,c0,3,3,EnvironmentDoc,0,0.0,0.0,Programmer,0.0\ChatDev_ProgramDev2_GPT4o_25_scored.json,0.0\ChatDev_ProgramDev2_GPT4o_25_scored.json,5,"Create a CLI tool to look up IP address information (e.g., geolocation, ISP) using a public IP geolocation API (e.g., ip-api.com). The user provides an IP address."
0.999999861622098,0.7593128121882798,0.03732688802647694,ChatDev_ProgramDev2_GPT4o_26_scored.json,0,c0,4,4,Reflection,0,0.0,0.0,Chief Executive Officer,0.0\ChatDev_ProgramDev2_GPT4o_26_scored.json,0.0\ChatDev_ProgramDev2_GPT4o_26_scored.json,1,Develop a basic CLI file archiver that can create and extract ZIP archives. It should support adding files/directories to a ZIP and extracting contents from a ZIP file.
0.9999998440254475,0.5778617896759844,7.484619074298232e-05,ChatDev_ProgramDev2_GPT4o_26_scored.json,0,c0,5,5,DemandAnalysis,0,0.0,0.0,Chief Product Officer,0.0\ChatDev_ProgramDev2_GPT4o_26_scored.json,0.0\ChatDev_ProgramDev2_GPT4o_26_scored.json,1,Develop a basic CLI file archiver that can create and extract ZIP archives. It should support adding files/directories to a ZIP and extracting contents from a ZIP file.
0.9999962541540373,0.2500010954139102,0.0,ChatDev_ProgramDev2_GPT4o_26_scored.json,1,c0,4,4,DemandAnalysis,0,0.0,0.0,Chief Product Officer,0.0\ChatDev_ProgramDev2_GPT4o_26_scored.json,0.0\ChatDev_ProgramDev2_GPT4o_26_scored.json,2,Develop a basic CLI file archiver that can create and extract ZIP archives. It should support adding files/directories to a ZIP and extracting contents from a ZIP file.
0.9999998676603105,0.9999998676603105,0.9999998676603105,ChatDev_ProgramDev2_GPT4o_26_scored.json,2,c0,1,1,DemandAnalysis,0,0.0,0.0,Chief Product Officer,0.0\ChatDev_ProgramDev2_GPT4o_26_scored.json,0.0\ChatDev_ProgramDev2_GPT4o_26_scored.json,3,Develop a basic CLI file archiver that can create and extract ZIP archives. It should support adding files/directories to a ZIP and extracting contents from a ZIP file.
1.0,0.6944882140888218,1.9555681087850496e-08,ChatDev_ProgramDev2_GPT4o_26_scored.json,3,c0,16,16,Manual,0,0.0,0.0,Chief Product Officer,0.0\ChatDev_ProgramDev2_GPT4o_26_scored.json,0.0\ChatDev_ProgramDev2_GPT4o_26_scored.json,4,Develop a basic CLI file archiver that can create and extract ZIP archives. It should support adding files/directories to a ZIP and extracting contents from a ZIP file.
0.9975274093103346,0.9975274093103346,0.9975274093103346,ChatDev_ProgramDev2_GPT4o_26_scored.json,0,c0,1,1,LanguageChoose,0,0.0,0.0,Chief Technology Officer,0.0\ChatDev_ProgramDev2_GPT4o_26_scored.json,0.0\ChatDev_ProgramDev2_GPT4o_26_scored.json,1,Develop a basic CLI file archiver that can create and extract ZIP archives. It should support adding files/directories to a ZIP and extracting contents from a ZIP file.
0.9999998677263637,0.7782047389004779,2.902312105056987e-06,ChatDev_ProgramDev2_GPT4o_26_scored.json,0,c0,9,9,CodeReviewComment,0,0.0,0.0,Code Reviewer,0.0\ChatDev_ProgramDev2_GPT4o_26_scored.json,0.0\ChatDev_ProgramDev2_GPT4o_26_scored.json,1,Develop a basic CLI file archiver that can create and extract ZIP archives. It should support adding files/directories to a ZIP and extracting contents from a ZIP file.
0.6791787239868149,0.6791787239868149,0.6791787239868149,ChatDev_ProgramDev2_GPT4o_26_scored.json,1,c0,1,1,CodeReviewComment,0,0.0,0.0,Code Reviewer,0.0\ChatDev_ProgramDev2_GPT4o_26_scored.json,0.0\ChatDev_ProgramDev2_GPT4o_26_scored.json,2,Develop a basic CLI file archiver that can create and extract ZIP archives. It should support adding files/directories to a ZIP and extracting contents from a ZIP file.
0.6791787239868149,0.6791787239868149,0.6791787239868149,ChatDev_ProgramDev2_GPT4o_26_scored.json,2,c0,1,1,CodeReviewComment,0,0.0,0.0,Code Reviewer,0.0\ChatDev_ProgramDev2_GPT4o_26_scored.json,0.0\ChatDev_ProgramDev2_GPT4o_26_scored.json,3,Develop a basic CLI file archiver that can create and extract ZIP archives. It should support adding files/directories to a ZIP and extracting contents from a ZIP file.
1.0,0.8270548803924638,2.382369667501818e-07,ChatDev_ProgramDev2_GPT4o_26_scored.json,1,c0,17,17,CodeReviewModification,0,0.0,0.0,Programmer,0.0\ChatDev_ProgramDev2_GPT4o_26_scored.json,0.0\ChatDev_ProgramDev2_GPT4o_26_scored.json,2,Develop a basic CLI file archiver that can create and extract ZIP archives. It should support adding files/directories to a ZIP and extracting contents from a ZIP file.
1.0,0.8979551538002124,0.0009110514045295695,ChatDev_ProgramDev2_GPT4o_26_scored.json,2,c0,19,19,CodeReviewModification,0,0.0,0.0,Programmer,0.0\ChatDev_ProgramDev2_GPT4o_26_scored.json,0.0\ChatDev_ProgramDev2_GPT4o_26_scored.json,3,Develop a basic CLI file archiver that can create and extract ZIP archives. It should support adding files/directories to a ZIP and extracting contents from a ZIP file.
0.999999869543478,0.8584418003076696,3.927863545481039e-07,ChatDev_ProgramDev2_GPT4o_26_scored.json,3,c0,21,21,CodeReviewModification,0,0.0,0.0,Programmer,0.0\ChatDev_ProgramDev2_GPT4o_26_scored.json,0.0\ChatDev_ProgramDev2_GPT4o_26_scored.json,4,Develop a basic CLI file archiver that can create and extract ZIP archives. It should support adding files/directories to a ZIP and extracting contents from a ZIP file.
0.9999998692019558,0.9034967975221516,0.006692851264215723,ChatDev_ProgramDev2_GPT4o_26_scored.json,0,c0,20,20,Coding,0,0.0,0.0,Programmer,0.0\ChatDev_ProgramDev2_GPT4o_26_scored.json,0.0\ChatDev_ProgramDev2_GPT4o_26_scored.json,1,Develop a basic CLI file archiver that can create and extract ZIP archives. It should support adding files/directories to a ZIP and extracting contents from a ZIP file.
0.9999998794667708,0.9881433592816602,0.9525740665392817,ChatDev_ProgramDev2_GPT4o_26_scored.json,4,c0,4,4,EnvironmentDoc,0,0.0,0.0,Programmer,0.0\ChatDev_ProgramDev2_GPT4o_26_scored.json,0.0\ChatDev_ProgramDev2_GPT4o_26_scored.json,5,Develop a basic CLI file archiver that can create and extract ZIP archives. It should support adding files/directories to a ZIP and extracting contents from a ZIP file.
0.9999998553601631,0.7915771802971119,0.017986213338107782,ChatDev_ProgramDev2_GPT4o_28_scored.json,0,c0,5,5,Reflection,0,0.0,0.0,Chief Executive Officer,0.0\ChatDev_ProgramDev2_GPT4o_28_scored.json,0.0\ChatDev_ProgramDev2_GPT4o_28_scored.json,1,Write a simple CLI web scraper that takes a URL and extracts and prints the title of the web page. Handle basic HTTP requests.
0.9999998493919745,0.4999162251399585,1.186112015134383e-08,ChatDev_ProgramDev2_GPT4o_28_scored.json,0,c0,4,4,DemandAnalysis,0,0.0,0.0,Chief Product Officer,0.0\ChatDev_ProgramDev2_GPT4o_28_scored.json,0.0\ChatDev_ProgramDev2_GPT4o_28_scored.json,1,Write a simple CLI web scraper that takes a URL and extracts and prints the title of the web page. Handle basic HTTP requests.
6.144171336422507e-06,2.0481624748559795e-06,0.0,ChatDev_ProgramDev2_GPT4o_28_scored.json,1,c0,3,3,DemandAnalysis,0,0.0,0.0,Chief Product Officer,0.0\ChatDev_ProgramDev2_GPT4o_28_scored.json,0.0\ChatDev_ProgramDev2_GPT4o_28_scored.json,2,Write a simple CLI web scraper that takes a URL and extracts and prints the title of the web page. Handle basic HTTP requests.
0.9999998774359847,0.6894712307715338,6.34880011604368e-09,ChatDev_ProgramDev2_GPT4o_28_scored.json,2,c0,13,13,Manual,0,0.0,0.0,Chief Product Officer,0.0\ChatDev_ProgramDev2_GPT4o_28_scored.json,0.0\ChatDev_ProgramDev2_GPT4o_28_scored.json,3,Write a simple CLI web scraper that takes a URL and extracts and prints the title of the web page. Handle basic HTTP requests.
0.9999998551179712,0.9999998551179712,0.9999998551179712,ChatDev_ProgramDev2_GPT4o_28_scored.json,0,c0,1,1,LanguageChoose,0,0.0,0.0,Chief Technology Officer,0.0\ChatDev_ProgramDev2_GPT4o_28_scored.json,0.0\ChatDev_ProgramDev2_GPT4o_28_scored.json,1,Write a simple CLI web scraper that takes a URL and extracts and prints the title of the web page. Handle basic HTTP requests.
0.014063628552544767,0.014063628552544767,0.014063628552544767,ChatDev_ProgramDev2_GPT4o_28_scored.json,0,c0,1,1,CodeReviewComment,0,0.0,0.0,Code Reviewer,0.0\ChatDev_ProgramDev2_GPT4o_28_scored.json,0.0\ChatDev_ProgramDev2_GPT4o_28_scored.json,1,Write a simple CLI web scraper that takes a URL and extracts and prints the title of the web page. Handle basic HTTP requests.
0.0011695103074966034,0.0011695103074966034,0.0011695103074966034,ChatDev_ProgramDev2_GPT4o_28_scored.json,1,c0,1,1,CodeReviewComment,0,0.0,0.0,Code Reviewer,0.0\ChatDev_ProgramDev2_GPT4o_28_scored.json,0.0\ChatDev_ProgramDev2_GPT4o_28_scored.json,2,Write a simple CLI web scraper that takes a URL and extracts and prints the title of the web page. Handle basic HTTP requests.
0.014063628552544767,0.014063628552544767,0.014063628552544767,ChatDev_ProgramDev2_GPT4o_28_scored.json,2,c0,1,1,CodeReviewComment,0,0.0,0.0,Code Reviewer,0.0\ChatDev_ProgramDev2_GPT4o_28_scored.json,0.0\ChatDev_ProgramDev2_GPT4o_28_scored.json,3,Write a simple CLI web scraper that takes a URL and extracts and prints the title of the web page. Handle basic HTTP requests.
0.9998764827517469,0.8680140670683232,0.09534947530305599,ChatDev_ProgramDev2_GPT4o_28_scored.json,1,c0,15,15,CodeReviewModification,0,0.0,0.0,Programmer,0.0\ChatDev_ProgramDev2_GPT4o_28_scored.json,0.0\ChatDev_ProgramDev2_GPT4o_28_scored.json,2,Write a simple CLI web scraper that takes a URL and extracts and prints the title of the web page. Handle basic HTTP requests.
0.9999037644104782,0.8226248075731533,0.11920293460194267,ChatDev_ProgramDev2_GPT4o_28_scored.json,2,c0,16,16,CodeReviewModification,0,0.0,0.0,Programmer,0.0\ChatDev_ProgramDev2_GPT4o_28_scored.json,0.0\ChatDev_ProgramDev2_GPT4o_28_scored.json,3,Write a simple CLI web scraper that takes a URL and extracts and prints the title of the web page. Handle basic HTTP requests.
0.9999416724488887,0.8898116389139159,0.09534947973734775,ChatDev_ProgramDev2_GPT4o_28_scored.json,3,c0,15,15,CodeReviewModification,0,0.0,0.0,Programmer,0.0\ChatDev_ProgramDev2_GPT4o_28_scored.json,0.0\ChatDev_ProgramDev2_GPT4o_28_scored.json,4,Write a simple CLI web scraper that takes a URL and extracts and prints the title of the web page. Handle basic HTTP requests.
1.0,0.9999460680375817,0.999569389988655,ChatDev_ProgramDev2_GPT4o_28_scored.json,0,c0,12,12,Coding,0,0.0,0.0,Programmer,0.0\ChatDev_ProgramDev2_GPT4o_28_scored.json,0.0\ChatDev_ProgramDev2_GPT4o_28_scored.json,1,Write a simple CLI web scraper that takes a URL and extracts and prints the title of the web page. Handle basic HTTP requests.
0.9999998611626946,0.9999990128083697,0.9999976869505279,ChatDev_ProgramDev2_GPT4o_28_scored.json,4,c0,5,5,EnvironmentDoc,0,0.0,0.0,Programmer,0.0\ChatDev_ProgramDev2_GPT4o_28_scored.json,0.0\ChatDev_ProgramDev2_GPT4o_28_scored.json,5,Write a simple CLI web scraper that takes a URL and extracts and prints the title of the web page. Handle basic HTTP requests.
0.9999998760769286,0.7349782854285747,1.1253517471925912e-07,ChatDev_ProgramDev2_GPT4o_29_scored.json,0,c0,4,4,Reflection,0,0.0,0.0,Chief Executive Officer,0.0\ChatDev_ProgramDev2_GPT4o_29_scored.json,0.0\ChatDev_ProgramDev2_GPT4o_29_scored.json,1,"Create a CLI music playlist manager. Allow users to create playlists, add songs (song title, artist, album - stored as text), remove songs, and view playlists. Store data in text files."
1.0,0.4043950723748111,1.7603429545652396e-06,ChatDev_ProgramDev2_GPT4o_29_scored.json,0,c0,5,5,DemandAnalysis,0,0.0,0.0,Chief Product Officer,0.0\ChatDev_ProgramDev2_GPT4o_29_scored.json,0.0\ChatDev_ProgramDev2_GPT4o_29_scored.json,1,"Create a CLI music playlist manager. Allow users to create playlists, add songs (song title, artist, album - stored as text), remove songs, and view playlists. Store data in text files."
0.9999998674823244,0.7499106417958062,5.3157852544244216e-08,ChatDev_ProgramDev2_GPT4o_29_scored.json,1,c0,4,4,DemandAnalysis,0,0.0,0.0,Chief Product Officer,0.0\ChatDev_ProgramDev2_GPT4o_29_scored.json,0.0\ChatDev_ProgramDev2_GPT4o_29_scored.json,2,"Create a CLI music playlist manager. Allow users to create playlists, add songs (song title, artist, album - stored as text), remove songs, and view playlists. Store data in text files."
0.9999998857927419,0.6423407336060531,0.0,ChatDev_ProgramDev2_GPT4o_29_scored.json,2,c0,14,14,Manual,0,0.0,0.0,Chief Product Officer,0.0\ChatDev_ProgramDev2_GPT4o_29_scored.json,0.0\ChatDev_ProgramDev2_GPT4o_29_scored.json,3,"Create a CLI music playlist manager. Allow users to create playlists, add songs (song title, artist, album - stored as text), remove songs, and view playlists. Store data in text files."
0.9999998606484779,0.9999998606484779,0.9999998606484779,ChatDev_ProgramDev2_GPT4o_29_scored.json,0,c0,1,1,LanguageChoose,0,0.0,0.0,Chief Technology Officer,0.0\ChatDev_ProgramDev2_GPT4o_29_scored.json,0.0\ChatDev_ProgramDev2_GPT4o_29_scored.json,1,"Create a CLI music playlist manager. Allow users to create playlists, add songs (song title, artist, album - stored as text), remove songs, and view playlists. Store data in text files."
0.995929891874854,0.995929891874854,0.995929891874854,ChatDev_ProgramDev2_GPT4o_29_scored.json,1,c0,1,1,LanguageChoose,0,0.0,0.0,Chief Technology Officer,0.0\ChatDev_ProgramDev2_GPT4o_29_scored.json,0.0\ChatDev_ProgramDev2_GPT4o_29_scored.json,2,"Create a CLI music playlist manager. Allow users to create playlists, add songs (song title, artist, album - stored as text), remove songs, and view playlists. Store data in text files."
0.9999998605188419,0.6531191232606514,1.7603429545652396e-06,ChatDev_ProgramDev2_GPT4o_29_scored.json,0,c0,6,6,CodeReviewComment,0,0.0,0.0,Code Reviewer,0.0\ChatDev_ProgramDev2_GPT4o_29_scored.json,0.0\ChatDev_ProgramDev2_GPT4o_29_scored.json,1,"Create a CLI music playlist manager. Allow users to create playlists, add songs (song title, artist, album - stored as text), remove songs, and view playlists. Store data in text files."
0.9999992364529494,0.5563677419028277,1.186112015134383e-08,ChatDev_ProgramDev2_GPT4o_29_scored.json,1,c0,4,4,CodeReviewComment,0,0.0,0.0,Code Reviewer,0.0\ChatDev_ProgramDev2_GPT4o_29_scored.json,0.0\ChatDev_ProgramDev2_GPT4o_29_scored.json,2,"Create a CLI music playlist manager. Allow users to create playlists, add songs (song title, artist, album - stored as text), remove songs, and view playlists. Store data in text files."
0.9999998613176365,0.5021208712227154,2.2603250957489616e-06,ChatDev_ProgramDev2_GPT4o_29_scored.json,2,c0,4,4,CodeReviewComment,0,0.0,0.0,Code Reviewer,0.0\ChatDev_ProgramDev2_GPT4o_29_scored.json,0.0\ChatDev_ProgramDev2_GPT4o_29_scored.json,3,"Create a CLI music playlist manager. Allow users to create playlists, add songs (song title, artist, album - stored as text), remove songs, and view playlists. Store data in text files."
0.060086651652257024,0.0031924340990052034,1.370956471489639e-06,ChatDev_ProgramDev2_GPT4o_29_scored.json,1,c0,28,28,CodeReviewModification,0,0.0,0.0,Programmer,0.0\ChatDev_ProgramDev2_GPT4o_29_scored.json,0.0\ChatDev_ProgramDev2_GPT4o_29_scored.json,2,"Create a CLI music playlist manager. Allow users to create playlists, add songs (song title, artist, album - stored as text), remove songs, and view playlists. Store data in text files."
0.9999998555733962,0.7974813438622813,1.1253517471925912e-07,ChatDev_ProgramDev2_GPT4o_29_scored.json,2,c0,20,20,CodeReviewModification,0,0.0,0.0,Programmer,0.0\ChatDev_ProgramDev2_GPT4o_29_scored.json,0.0\ChatDev_ProgramDev2_GPT4o_29_scored.json,3,"Create a CLI music playlist manager. Allow users to create playlists, add songs (song title, artist, album - stored as text), remove songs, and view playlists. Store data in text files."
0.999999898974302,0.8727712886900403,0.006692851264215723,ChatDev_ProgramDev2_GPT4o_29_scored.json,3,c0,19,19,CodeReviewModification,0,0.0,0.0,Programmer,0.0\ChatDev_ProgramDev2_GPT4o_29_scored.json,0.0\ChatDev_ProgramDev2_GPT4o_29_scored.json,4,"Create a CLI music playlist manager. Allow users to create playlists, add songs (song title, artist, album - stored as text), remove songs, and view playlists. Store data in text files."
0.9999998853368164,0.49717037283297294,0.0,ChatDev_ProgramDev2_GPT4o_29_scored.json,0,c0,28,28,Coding,0,0.0,0.0,Programmer,0.0\ChatDev_ProgramDev2_GPT4o_29_scored.json,0.0\ChatDev_ProgramDev2_GPT4o_29_scored.json,1,"Create a CLI music playlist manager. Allow users to create playlists, add songs (song title, artist, album - stored as text), remove songs, and view playlists. Store data in text files."
0.9999988764272638,0.7239306368872148,2.902312105056987e-06,ChatDev_ProgramDev2_GPT4o_29_scored.json,4,c0,5,5,EnvironmentDoc,0,0.0,0.0,Programmer,0.0\ChatDev_ProgramDev2_GPT4o_29_scored.json,0.0\ChatDev_ProgramDev2_GPT4o_29_scored.json,5,"Create a CLI music playlist manager. Allow users to create playlists, add songs (song title, artist, album - stored as text), remove songs, and view playlists. Store data in text files."
1.0,0.749999932772961,0.010986942433646067,ChatDev_ProgramDev2_GPT4o_2_scored.json,0,c0,4,4,Reflection,0,0.0,0.0,Chief Executive Officer,0.0\ChatDev_ProgramDev2_GPT4o_2_scored.json,0.0\ChatDev_ProgramDev2_GPT4o_2_scored.json,1,"Build a CLI program that reads a CSV file, allows the user to specify a column name, and then prints all unique values from that column. The program should handle CSV files with headers."
0.9999998774359847,0.47927449912982834,8.764248219443636e-08,ChatDev_ProgramDev2_GPT4o_2_scored.json,0,c0,3,3,DemandAnalysis,0,0.0,0.0,Chief Product Officer,0.0\ChatDev_ProgramDev2_GPT4o_2_scored.json,0.0\ChatDev_ProgramDev2_GPT4o_2_scored.json,1,"Build a CLI program that reads a CSV file, allows the user to specify a column name, and then prints all unique values from that column. The program should handle CSV files with headers."
0.0001584362410990077,5.9960393008749366e-05,0.0,ChatDev_ProgramDev2_GPT4o_2_scored.json,1,c0,3,3,DemandAnalysis,0,0.0,0.0,Chief Product Officer,0.0\ChatDev_ProgramDev2_GPT4o_2_scored.json,0.0\ChatDev_ProgramDev2_GPT4o_2_scored.json,2,"Build a CLI program that reads a CSV file, allows the user to specify a column name, and then prints all unique values from that column. The program should handle CSV files with headers."
0.9999998682283358,0.9999998682283358,0.9999998682283358,ChatDev_ProgramDev2_GPT4o_2_scored.json,2,c0,1,1,DemandAnalysis,0,0.0,0.0,Chief Product Officer,0.0\ChatDev_ProgramDev2_GPT4o_2_scored.json,0.0\ChatDev_ProgramDev2_GPT4o_2_scored.json,3,"Build a CLI program that reads a CSV file, allows the user to specify a column name, and then prints all unique values from that column. The program should handle CSV files with headers."
1.0,0.7486432944174332,1.3440409951135022e-08,ChatDev_ProgramDev2_GPT4o_2_scored.json,3,c0,16,16,Manual,0,0.0,0.0,Chief Product Officer,0.0\ChatDev_ProgramDev2_GPT4o_2_scored.json,0.0\ChatDev_ProgramDev2_GPT4o_2_scored.json,4,"Build a CLI program that reads a CSV file, allows the user to specify a column name, and then prints all unique values from that column. The program should handle CSV files with headers."
0.9988304501631156,0.9988304501631156,0.9988304501631156,ChatDev_ProgramDev2_GPT4o_2_scored.json,0,c0,1,1,LanguageChoose,0,0.0,0.0,Chief Technology Officer,0.0\ChatDev_ProgramDev2_GPT4o_2_scored.json,0.0\ChatDev_ProgramDev2_GPT4o_2_scored.json,1,"Build a CLI program that reads a CSV file, allows the user to specify a column name, and then prints all unique values from that column. The program should handle CSV files with headers."
1.0,0.778515569613409,7.582560427911907e-10,ChatDev_ProgramDev2_GPT4o_2_scored.json,0,c0,9,9,CodeReviewComment,0,0.0,0.0,Code Reviewer,0.0\ChatDev_ProgramDev2_GPT4o_2_scored.json,0.0\ChatDev_ProgramDev2_GPT4o_2_scored.json,1,"Build a CLI program that reads a CSV file, allows the user to specify a column name, and then prints all unique values from that column. The program should handle CSV files with headers."
0.9999951898820416,0.9999951898820416,0.9999951898820416,ChatDev_ProgramDev2_GPT4o_2_scored.json,1,c0,1,1,CodeReviewComment,0,0.0,0.0,Code Reviewer,0.0\ChatDev_ProgramDev2_GPT4o_2_scored.json,0.0\ChatDev_ProgramDev2_GPT4o_2_scored.json,2,"Build a CLI program that reads a CSV file, allows the user to specify a column name, and then prints all unique values from that column. The program should handle CSV files with headers."
0.9999951893142938,0.9999951893142938,0.9999951893142938,ChatDev_ProgramDev2_GPT4o_2_scored.json,2,c0,1,1,CodeReviewComment,0,0.0,0.0,Code Reviewer,0.0\ChatDev_ProgramDev2_GPT4o_2_scored.json,0.0\ChatDev_ProgramDev2_GPT4o_2_scored.json,3,"Build a CLI program that reads a CSV file, allows the user to specify a column name, and then prints all unique values from that column. The program should handle CSV files with headers."
0.9999998779547095,0.8983054627657789,0.0003353500342255387,ChatDev_ProgramDev2_GPT4o_2_scored.json,1,c0,20,20,CodeReviewModification,0,0.0,0.0,Programmer,0.0\ChatDev_ProgramDev2_GPT4o_2_scored.json,0.0\ChatDev_ProgramDev2_GPT4o_2_scored.json,2,"Build a CLI program that reads a CSV file, allows the user to specify a column name, and then prints all unique values from that column. The program should handle CSV files with headers."
0.9999997211968847,0.9154106104437364,0.09534947530305599,ChatDev_ProgramDev2_GPT4o_2_scored.json,2,c0,21,21,CodeReviewModification,0,0.0,0.0,Programmer,0.0\ChatDev_ProgramDev2_GPT4o_2_scored.json,0.0\ChatDev_ProgramDev2_GPT4o_2_scored.json,3,"Build a CLI program that reads a CSV file, allows the user to specify a column name, and then prints all unique values from that column. The program should handle CSV files with headers."
0.9999992435848253,0.8577374678171307,2.1444937927240387e-05,ChatDev_ProgramDev2_GPT4o_2_scored.json,3,c0,21,21,CodeReviewModification,0,0.0,0.0,Programmer,0.0\ChatDev_ProgramDev2_GPT4o_2_scored.json,0.0\ChatDev_ProgramDev2_GPT4o_2_scored.json,4,"Build a CLI program that reads a CSV file, allows the user to specify a column name, and then prints all unique values from that column. The program should handle CSV files with headers."
0.9999992444877196,0.8823284154999532,0.0031726831078774057,ChatDev_ProgramDev2_GPT4o_2_scored.json,0,c0,18,18,Coding,0,0.0,0.0,Programmer,0.0\ChatDev_ProgramDev2_GPT4o_2_scored.json,0.0\ChatDev_ProgramDev2_GPT4o_2_scored.json,1,"Build a CLI program that reads a CSV file, allows the user to specify a column name, and then prints all unique values from that column. The program should handle CSV files with headers."
0.9999988830735003,0.5008039619192296,0.0011695103074966034,ChatDev_ProgramDev2_GPT4o_2_scored.json,4,c0,4,4,EnvironmentDoc,0,0.0,0.0,Programmer,0.0\ChatDev_ProgramDev2_GPT4o_2_scored.json,0.0\ChatDev_ProgramDev2_GPT4o_2_scored.json,5,"Build a CLI program that reads a CSV file, allows the user to specify a column name, and then prints all unique values from that column. The program should handle CSV files with headers."
0.9999950871268832,0.37862920476013745,3.059023205018258e-07,ChatDev_ProgramDev2_GPT4o_34_scored.json,0,c0,6,6,Reflection,0,0.0,0.0,Chief Executive Officer,0.0\ChatDev_ProgramDev2_GPT4o_34_scored.json,0.0\ChatDev_ProgramDev2_GPT4o_34_scored.json,1,Develop a CLI program that sorts the lines of a text file alphabetically or reverse-alphabetically and outputs the result to a new file or standard output.
0.9999998549042376,0.2879293967609462,1.370956471489639e-06,ChatDev_ProgramDev2_GPT4o_34_scored.json,0,c0,4,4,DemandAnalysis,0,0.0,0.0,Chief Product Officer,0.0\ChatDev_ProgramDev2_GPT4o_34_scored.json,0.0\ChatDev_ProgramDev2_GPT4o_34_scored.json,1,Develop a CLI program that sorts the lines of a text file alphabetically or reverse-alphabetically and outputs the result to a new file or standard output.
4.058652126475693e-10,1.3528840421585644e-10,0.0,ChatDev_ProgramDev2_GPT4o_34_scored.json,1,c0,3,3,DemandAnalysis,0,0.0,0.0,Chief Product Officer,0.0\ChatDev_ProgramDev2_GPT4o_34_scored.json,0.0\ChatDev_ProgramDev2_GPT4o_34_scored.json,2,Develop a CLI program that sorts the lines of a text file alphabetically or reverse-alphabetically and outputs the result to a new file or standard output.
1.0,0.5686398618081481,0.0,ChatDev_ProgramDev2_GPT4o_34_scored.json,2,c0,12,12,Manual,0,0.0,0.0,Chief Product Officer,0.0\ChatDev_ProgramDev2_GPT4o_34_scored.json,0.0\ChatDev_ProgramDev2_GPT4o_34_scored.json,3,Develop a CLI program that sorts the lines of a text file alphabetically or reverse-alphabetically and outputs the result to a new file or standard output.
0.9999992365825854,0.9999992365825854,0.9999992365825854,ChatDev_ProgramDev2_GPT4o_34_scored.json,0,c0,1,1,LanguageChoose,0,0.0,0.0,Chief Technology Officer,0.0\ChatDev_ProgramDev2_GPT4o_34_scored.json,0.0\ChatDev_ProgramDev2_GPT4o_34_scored.json,1,Develop a CLI program that sorts the lines of a text file alphabetically or reverse-alphabetically and outputs the result to a new file or standard output.
0.8807970869913705,0.14920316922437005,1.0677029917933763e-06,ChatDev_ProgramDev2_GPT4o_34_scored.json,0,c0,6,6,CodeReviewComment,0,0.0,0.0,Code Reviewer,0.0\ChatDev_ProgramDev2_GPT4o_34_scored.json,0.0\ChatDev_ProgramDev2_GPT4o_34_scored.json,1,Develop a CLI program that sorts the lines of a text file alphabetically or reverse-alphabetically and outputs the result to a new file or standard output.
0.002472623024627213,0.002472623024627213,0.002472623024627213,ChatDev_ProgramDev2_GPT4o_34_scored.json,1,c0,1,1,CodeReviewComment,0,0.0,0.0,Code Reviewer,0.0\ChatDev_ProgramDev2_GPT4o_34_scored.json,0.0\ChatDev_ProgramDev2_GPT4o_34_scored.json,2,Develop a CLI program that sorts the lines of a text file alphabetically or reverse-alphabetically and outputs the result to a new file or standard output.
0.004070137939983506,0.004070137939983506,0.004070137939983506,ChatDev_ProgramDev2_GPT4o_34_scored.json,2,c0,1,1,CodeReviewComment,0,0.0,0.0,Code Reviewer,0.0\ChatDev_ProgramDev2_GPT4o_34_scored.json,0.0\ChatDev_ProgramDev2_GPT4o_34_scored.json,3,Develop a CLI program that sorts the lines of a text file alphabetically or reverse-alphabetically and outputs the result to a new file or standard output.
1.0,0.9404936843022869,0.0009110514045295695,ChatDev_ProgramDev2_GPT4o_34_scored.json,1,c0,17,17,CodeReviewModification,0,0.0,0.0,Programmer,0.0\ChatDev_ProgramDev2_GPT4o_34_scored.json,0.0\ChatDev_ProgramDev2_GPT4o_34_scored.json,2,Develop a CLI program that sorts the lines of a text file alphabetically or reverse-alphabetically and outputs the result to a new file or standard output.
1.0,0.9999037838543623,0.9984988405370379,ChatDev_ProgramDev2_GPT4o_34_scored.json,2,c0,16,16,CodeReviewModification,0,0.0,0.0,Programmer,0.0\ChatDev_ProgramDev2_GPT4o_34_scored.json,0.0\ChatDev_ProgramDev2_GPT4o_34_scored.json,3,Develop a CLI program that sorts the lines of a text file alphabetically or reverse-alphabetically and outputs the result to a new file or standard output.
1.0,0.8876804252521511,9.610239492660866e-05,ChatDev_ProgramDev2_GPT4o_34_scored.json,3,c0,18,18,CodeReviewModification,0,0.0,0.0,Programmer,0.0\ChatDev_ProgramDev2_GPT4o_34_scored.json,0.0\ChatDev_ProgramDev2_GPT4o_34_scored.json,4,Develop a CLI program that sorts the lines of a text file alphabetically or reverse-alphabetically and outputs the result to a new file or standard output.
0.9999998496482585,0.4470270173768643,4.139937718785167e-08,ChatDev_ProgramDev2_GPT4o_34_scored.json,0,c0,12,12,Coding,0,0.0,0.0,Programmer,0.0\ChatDev_ProgramDev2_GPT4o_34_scored.json,0.0\ChatDev_ProgramDev2_GPT4o_34_scored.json,1,Develop a CLI program that sorts the lines of a text file alphabetically or reverse-alphabetically and outputs the result to a new file or standard output.
0.9984988562497178,0.4988464566203755,1.370956471489639e-06,ChatDev_ProgramDev2_GPT4o_34_scored.json,4,c0,4,4,EnvironmentDoc,0,0.0,0.0,Programmer,0.0\ChatDev_ProgramDev2_GPT4o_34_scored.json,0.0\ChatDev_ProgramDev2_GPT4o_34_scored.json,5,Develop a CLI program that sorts the lines of a text file alphabetically or reverse-alphabetically and outputs the result to a new file or standard output.
1.0,0.749175956721921,1.9555681087850496e-08,ChatDev_ProgramDev2_GPT4o_4_scored.json,0,c0,4,4,DemandAnalysis,0,0.0,0.0,Chief Product Officer,0.0\ChatDev_ProgramDev2_GPT4o_4_scored.json,0.0\ChatDev_ProgramDev2_GPT4o_4_scored.json,1,"Implement a basic CLI network ping tool. The user provides an IP address or hostname, and the tool sends a configurable number of ICMP echo requests, displaying the round-trip time for each and a summary."
0.09534947187309115,0.03178315729103038,0.0,ChatDev_ProgramDev2_GPT4o_4_scored.json,1,c0,3,3,DemandAnalysis,0,0.0,0.0,Chief Product Officer,0.0\ChatDev_ProgramDev2_GPT4o_4_scored.json,0.0\ChatDev_ProgramDev2_GPT4o_4_scored.json,2,"Implement a basic CLI network ping tool. The user provides an IP address or hostname, and the tool sends a configurable number of ICMP echo requests, displaying the round-trip time for each and a summary."
1.0,0.6236423433602027,5.905303998944039e-10,ChatDev_ProgramDev2_GPT4o_4_scored.json,2,c0,14,14,Manual,0,0.0,0.0,Chief Product Officer,0.0\ChatDev_ProgramDev2_GPT4o_4_scored.json,0.0\ChatDev_ProgramDev2_GPT4o_4_scored.json,3,"Implement a basic CLI network ping tool. The user provides an IP address or hostname, and the tool sends a configurable number of ICMP echo requests, displaying the round-trip time for each and a summary."
0.9999998671442489,0.9999998671442489,0.9999998671442489,ChatDev_ProgramDev2_GPT4o_4_scored.json,0,c0,1,1,LanguageChoose,0,0.0,0.0,Chief Technology Officer,0.0\ChatDev_ProgramDev2_GPT4o_4_scored.json,0.0\ChatDev_ProgramDev2_GPT4o_4_scored.json,1,"Implement a basic CLI network ping tool. The user provides an IP address or hostname, and the tool sends a configurable number of ICMP echo requests, displaying the round-trip time for each and a summary."
0.9994472156948832,0.9994472156948832,0.9994472156948832,ChatDev_ProgramDev2_GPT4o_4_scored.json,1,c0,1,1,LanguageChoose,0,0.0,0.0,Chief Technology Officer,0.0\ChatDev_ProgramDev2_GPT4o_4_scored.json,0.0\ChatDev_ProgramDev2_GPT4o_4_scored.json,2,"Implement a basic CLI network ping tool. The user provides an IP address or hostname, and the tool sends a configurable number of ICMP echo requests, displaying the round-trip time for each and a summary."
1.0,0.5734268951130882,0.0,ChatDev_ProgramDev2_GPT4o_4_scored.json,0,c0,7,7,CodeReviewComment,0,0.0,0.0,Code Reviewer,0.0\ChatDev_ProgramDev2_GPT4o_4_scored.json,0.0\ChatDev_ProgramDev2_GPT4o_4_scored.json,1,"Implement a basic CLI network ping tool. The user provides an IP address or hostname, and the tool sends a configurable number of ICMP echo requests, displaying the round-trip time for each and a summary."
0.9995693782966533,0.5390940658444168,6.47594599989589e-07,ChatDev_ProgramDev2_GPT4o_4_scored.json,1,c0,7,7,CodeReviewComment,0,0.0,0.0,Code Reviewer,0.0\ChatDev_ProgramDev2_GPT4o_4_scored.json,0.0\ChatDev_ProgramDev2_GPT4o_4_scored.json,2,"Implement a basic CLI network ping tool. The user provides an IP address or hostname, and the tool sends a configurable number of ICMP echo requests, displaying the round-trip time for each and a summary."
0.9999898437203933,0.6809672455627612,1.186112015134383e-08,ChatDev_ProgramDev2_GPT4o_4_scored.json,2,c0,8,8,CodeReviewComment,0,0.0,0.0,Code Reviewer,0.0\ChatDev_ProgramDev2_GPT4o_4_scored.json,0.0\ChatDev_ProgramDev2_GPT4o_4_scored.json,3,"Implement a basic CLI network ping tool. The user provides an IP address or hostname, and the tool sends a configurable number of ICMP echo requests, displaying the round-trip time for each and a summary."
1.0,0.7368202894417103,7.88926463665814e-06,ChatDev_ProgramDev2_GPT4o_4_scored.json,1,c0,11,11,CodeReviewModification,0,0.0,0.0,Programmer,0.0\ChatDev_ProgramDev2_GPT4o_4_scored.json,0.0\ChatDev_ProgramDev2_GPT4o_4_scored.json,2,"Implement a basic CLI network ping tool. The user provides an IP address or hostname, and the tool sends a configurable number of ICMP echo requests, displaying the round-trip time for each and a summary."
0.999999601325229,0.8568670311392467,2.2603250957489616e-06,ChatDev_ProgramDev2_GPT4o_4_scored.json,2,c0,14,14,CodeReviewModification,0,0.0,0.0,Programmer,0.0\ChatDev_ProgramDev2_GPT4o_4_scored.json,0.0\ChatDev_ProgramDev2_GPT4o_4_scored.json,3,"Implement a basic CLI network ping tool. The user provides an IP address or hostname, and the tool sends a configurable number of ICMP echo requests, displaying the round-trip time for each and a summary."
0.9999998776060648,0.6471806632351877,5.602796437537268e-09,ChatDev_ProgramDev2_GPT4o_4_scored.json,3,c0,17,17,CodeReviewModification,0,0.0,0.0,Programmer,0.0\ChatDev_ProgramDev2_GPT4o_4_scored.json,0.0\ChatDev_ProgramDev2_GPT4o_4_scored.json,4,"Implement a basic CLI network ping tool. The user provides an IP address or hostname, and the tool sends a configurable number of ICMP echo requests, displaying the round-trip time for each and a summary."
0.9999997207573855,0.5917732737350847,1.4449802461092448e-07,ChatDev_ProgramDev2_GPT4o_4_scored.json,0,c0,13,13,Coding,0,0.0,0.0,Programmer,0.0\ChatDev_ProgramDev2_GPT4o_4_scored.json,0.0\ChatDev_ProgramDev2_GPT4o_4_scored.json,1,"Implement a basic CLI network ping tool. The user provides an IP address or hostname, and the tool sends a configurable number of ICMP echo requests, displaying the round-trip time for each and a summary."
1.0,0.5008150430573417,0.0009110514045295695,ChatDev_ProgramDev2_GPT4o_4_scored.json,4,c0,4,4,EnvironmentDoc,0,0.0,0.0,Programmer,0.0\ChatDev_ProgramDev2_GPT4o_4_scored.json,0.0\ChatDev_ProgramDev2_GPT4o_4_scored.json,5,"Implement a basic CLI network ping tool. The user provides an IP address or hostname, and the tool sends a configurable number of ICMP echo requests, displaying the round-trip time for each and a summary."
0.9999997210499879,0.9955206712812801,0.9859363678104986,ChatDev_ProgramDev2_GPT4o_4_scored.json,5,c0,4,4,EnvironmentDoc,0,0.0,0.0,Programmer,0.0\ChatDev_ProgramDev2_GPT4o_4_scored.json,0.0\ChatDev_ProgramDev2_GPT4o_4_scored.json,6,"Implement a basic CLI network ping tool. The user provides an IP address or hostname, and the tool sends a configurable number of ICMP echo requests, displaying the round-trip time for each and a summary."
0.9999976878992288,0.4801889938824357,1.9555681087850496e-08,ChatDev_ProgramDev2_GPT4o_50_scored.json,0,c0,6,6,Reflection,0,0.0,0.0,Chief Executive Officer,0.0\ChatDev_ProgramDev2_GPT4o_50_scored.json,0.0\ChatDev_ProgramDev2_GPT4o_50_scored.json,1,"Develop a simple CLI log rotator. It renames an existing log file (e.g., app.log to app.log.1) and creates a new empty app.log. Optionally, compress old logs and delete logs older than N days."
1.0,0.5000027618022361,1.0677029917933763e-06,ChatDev_ProgramDev2_GPT4o_50_scored.json,0,c0,4,4,DemandAnalysis,0,0.0,0.0,Chief Product Officer,0.0\ChatDev_ProgramDev2_GPT4o_50_scored.json,0.0\ChatDev_ProgramDev2_GPT4o_50_scored.json,1,"Develop a simple CLI log rotator. It renames an existing log file (e.g., app.log to app.log.1) and creates a new empty app.log. Optionally, compress old logs and delete logs older than N days."
1.4449802461092448e-07,5.331879990576551e-08,0.0,ChatDev_ProgramDev2_GPT4o_50_scored.json,1,c0,4,4,DemandAnalysis,0,0.0,0.0,Chief Product Officer,0.0\ChatDev_ProgramDev2_GPT4o_50_scored.json,0.0\ChatDev_ProgramDev2_GPT4o_50_scored.json,2,"Develop a simple CLI log rotator. It renames an existing log file (e.g., app.log to app.log.1) and creates a new empty app.log. Optionally, compress old logs and delete logs older than N days."
0.9999920913962439,0.9999920913962439,0.9999920913962439,ChatDev_ProgramDev2_GPT4o_50_scored.json,2,c0,1,1,DemandAnalysis,0,0.0,0.0,Chief Product Officer,0.0\ChatDev_ProgramDev2_GPT4o_50_scored.json,0.0\ChatDev_ProgramDev2_GPT4o_50_scored.json,3,"Develop a simple CLI log rotator. It renames an existing log file (e.g., app.log to app.log.1) and creates a new empty app.log. Optionally, compress old logs and delete logs older than N days."
0.9999998689587007,0.6663352841399436,0.0,ChatDev_ProgramDev2_GPT4o_50_scored.json,3,c0,12,12,Manual,0,0.0,0.0,Chief Product Officer,0.0\ChatDev_ProgramDev2_GPT4o_50_scored.json,0.0\ChatDev_ProgramDev2_GPT4o_50_scored.json,4,"Develop a simple CLI log rotator. It renames an existing log file (e.g., app.log to app.log.1) and creates a new empty app.log. Optionally, compress old logs and delete logs older than N days."
0.9706877584736407,0.9706877584736407,0.9706877584736407,ChatDev_ProgramDev2_GPT4o_50_scored.json,0,c0,1,1,LanguageChoose,0,0.0,0.0,Chief Technology Officer,0.0\ChatDev_ProgramDev2_GPT4o_50_scored.json,0.0\ChatDev_ProgramDev2_GPT4o_50_scored.json,1,"Develop a simple CLI log rotator. It renames an existing log file (e.g., app.log to app.log.1) and creates a new empty app.log. Optionally, compress old logs and delete logs older than N days."
0.9999937608249119,0.4999996172940869,4.78509457496562e-06,ChatDev_ProgramDev2_GPT4o_50_scored.json,0,c0,6,6,CodeReviewComment,0,0.0,0.0,Code Reviewer,0.0\ChatDev_ProgramDev2_GPT4o_50_scored.json,0.0\ChatDev_ProgramDev2_GPT4o_50_scored.json,1,"Develop a simple CLI log rotator. It renames an existing log file (e.g., app.log to app.log.1) and creates a new empty app.log. Optionally, compress old logs and delete logs older than N days."
0.9999251029616407,0.885790732066282,0.6224593833004565,ChatDev_ProgramDev2_GPT4o_50_scored.json,1,c0,6,6,CodeReviewComment,0,0.0,0.0,Code Reviewer,0.0\ChatDev_ProgramDev2_GPT4o_50_scored.json,0.0\ChatDev_ProgramDev2_GPT4o_50_scored.json,2,"Develop a simple CLI log rotator. It renames an existing log file (e.g., app.log to app.log.1) and creates a new empty app.log. Optionally, compress old logs and delete logs older than N days."
0.9999937566543158,0.3635223143177441,3.7266389560521204e-06,ChatDev_ProgramDev2_GPT4o_50_scored.json,2,c0,11,11,CodeReviewComment,0,0.0,0.0,Code Reviewer,0.0\ChatDev_ProgramDev2_GPT4o_50_scored.json,0.0\ChatDev_ProgramDev2_GPT4o_50_scored.json,3,"Develop a simple CLI log rotator. It renames an existing log file (e.g., app.log to app.log.1) and creates a new empty app.log. Optionally, compress old logs and delete logs older than N days."
1.0,0.6150945974204239,1.3440409951135022e-08,ChatDev_ProgramDev2_GPT4o_50_scored.json,1,c0,19,19,CodeReviewModification,0,0.0,0.0,Programmer,0.0\ChatDev_ProgramDev2_GPT4o_50_scored.json,0.0\ChatDev_ProgramDev2_GPT4o_50_scored.json,2,"Develop a simple CLI log rotator. It renames an existing log file (e.g., app.log to app.log.1) and creates a new empty app.log. Optionally, compress old logs and delete logs older than N days."
0.8807970551258333,0.04728941562456843,4.691164021834418e-08,ChatDev_ProgramDev2_GPT4o_50_scored.json,2,c0,20,20,CodeReviewModification,0,0.0,0.0,Programmer,0.0\ChatDev_ProgramDev2_GPT4o_50_scored.json,0.0\ChatDev_ProgramDev2_GPT4o_50_scored.json,3,"Develop a simple CLI log rotator. It renames an existing log file (e.g., app.log to app.log.1) and creates a new empty app.log. Optionally, compress old logs and delete logs older than N days."
0.8807970479884493,0.08103057954822725,2.699578503363014e-07,ChatDev_ProgramDev2_GPT4o_50_scored.json,3,c0,18,18,CodeReviewModification,0,0.0,0.0,Programmer,0.0\ChatDev_ProgramDev2_GPT4o_50_scored.json,0.0\ChatDev_ProgramDev2_GPT4o_50_scored.json,4,"Develop a simple CLI log rotator. It renames an existing log file (e.g., app.log to app.log.1) and creates a new empty app.log. Optionally, compress old logs and delete logs older than N days."
1.0,0.7910467464965323,0.006692851264215723,ChatDev_ProgramDev2_GPT4o_50_scored.json,0,c0,21,21,Coding,0,0.0,0.0,Programmer,0.0\ChatDev_ProgramDev2_GPT4o_50_scored.json,0.0\ChatDev_ProgramDev2_GPT4o_50_scored.json,1,"Develop a simple CLI log rotator. It renames an existing log file (e.g., app.log to app.log.1) and creates a new empty app.log. Optionally, compress old logs and delete logs older than N days."
0.999978499701925,0.1666677778977772,0.0,ChatDev_ProgramDev2_GPT4o_50_scored.json,4,c0,6,6,EnvironmentDoc,0,0.0,0.0,Programmer,0.0\ChatDev_ProgramDev2_GPT4o_50_scored.json,0.0\ChatDev_ProgramDev2_GPT4o_50_scored.json,5,"Develop a simple CLI log rotator. It renames an existing log file (e.g., app.log to app.log.1) and creates a new empty app.log. Optionally, compress old logs and delete logs older than N days."
0.9999998545171711,0.9999998526145543,0.9999998488984181,ChatDev_ProgramDev2_GPT4o_74_scored.json,0,c0,3,3,Reflection,0,0.0,0.0,Chief Executive Officer,0.0\ChatDev_ProgramDev2_GPT4o_74_scored.json,0.0\ChatDev_ProgramDev2_GPT4o_74_scored.json,1,"Develop a CLI XML file pretty printer. Takes an XML file and outputs a well-formatted, indented version to the console or a new file."
0.9999998557871298,0.5194442151944678,0.0019267342527389902,ChatDev_ProgramDev2_GPT4o_74_scored.json,0,c0,4,4,DemandAnalysis,0,0.0,0.0,Chief Product Officer,0.0\ChatDev_ProgramDev2_GPT4o_74_scored.json,0.0\ChatDev_ProgramDev2_GPT4o_74_scored.json,1,"Develop a CLI XML file pretty printer. Takes an XML file and outputs a well-formatted, indented version to the console or a new file."
2.382369667501818e-07,1.191184833750909e-07,0.0,ChatDev_ProgramDev2_GPT4o_74_scored.json,1,c0,2,2,DemandAnalysis,0,0.0,0.0,Chief Product Officer,0.0\ChatDev_ProgramDev2_GPT4o_74_scored.json,0.0\ChatDev_ProgramDev2_GPT4o_74_scored.json,2,"Develop a CLI XML file pretty printer. Takes an XML file and outputs a well-formatted, indented version to the console or a new file."
0.9999998492033553,0.9999998492033553,0.9999998492033553,ChatDev_ProgramDev2_GPT4o_74_scored.json,2,c0,1,1,DemandAnalysis,0,0.0,0.0,Chief Product Officer,0.0\ChatDev_ProgramDev2_GPT4o_74_scored.json,0.0\ChatDev_ProgramDev2_GPT4o_74_scored.json,3,"Develop a CLI XML file pretty printer. Takes an XML file and outputs a well-formatted, indented version to the console or a new file."
0.9890130301153424,0.9890130301153424,0.9890130301153424,ChatDev_ProgramDev2_GPT4o_74_scored.json,3,c0,1,1,DemandAnalysis,0,0.0,0.0,Chief Product Officer,0.0\ChatDev_ProgramDev2_GPT4o_74_scored.json,0.0\ChatDev_ProgramDev2_GPT4o_74_scored.json,4,"Develop a CLI XML file pretty printer. Takes an XML file and outputs a well-formatted, indented version to the console or a new file."
0.999999889855526,0.8918635164586323,0.004070137939983506,ChatDev_ProgramDev2_GPT4o_74_scored.json,4,c0,12,12,Manual,0,0.0,0.0,Chief Product Officer,0.0\ChatDev_ProgramDev2_GPT4o_74_scored.json,0.0\ChatDev_ProgramDev2_GPT4o_74_scored.json,5,"Develop a CLI XML file pretty printer. Takes an XML file and outputs a well-formatted, indented version to the console or a new file."
0.9770225809607478,0.9770225809607478,0.9770225809607478,ChatDev_ProgramDev2_GPT4o_74_scored.json,0,c0,1,1,LanguageChoose,1,0.0,0.0,Chief Technology Officer,0.0\ChatDev_ProgramDev2_GPT4o_74_scored.json,0.0\ChatDev_ProgramDev2_GPT4o_74_scored.json,1,"Develop a CLI XML file pretty printer. Takes an XML file and outputs a well-formatted, indented version to the console or a new file."
1.0,0.9679019718829177,0.7772998543899996,ChatDev_ProgramDev2_GPT4o_74_scored.json,0,c0,7,7,CodeReviewComment,0,0.0,0.0,Code Reviewer,0.0\ChatDev_ProgramDev2_GPT4o_74_scored.json,0.0\ChatDev_ProgramDev2_GPT4o_74_scored.json,1,"Develop a CLI XML file pretty printer. Takes an XML file and outputs a well-formatted, indented version to the console or a new file."
0.8519528233432091,0.26389062936278657,7.194133030325383e-09,ChatDev_ProgramDev2_GPT4o_74_scored.json,1,c0,9,9,CodeReviewComment,0,0.0,0.0,Code Reviewer,0.0\ChatDev_ProgramDev2_GPT4o_74_scored.json,0.0\ChatDev_ProgramDev2_GPT4o_74_scored.json,2,"Develop a CLI XML file pretty printer. Takes an XML file and outputs a well-formatted, indented version to the console or a new file."
0.9999998355989734,0.7544140073414785,0.0002611902975925828,ChatDev_ProgramDev2_GPT4o_74_scored.json,2,c0,8,8,CodeReviewComment,0,0.0,0.0,Code Reviewer,0.0\ChatDev_ProgramDev2_GPT4o_74_scored.json,0.0\ChatDev_ProgramDev2_GPT4o_74_scored.json,3,"Develop a CLI XML file pretty printer. Takes an XML file and outputs a well-formatted, indented version to the console or a new file."
0.9525740998528952,0.11349511405410911,2.382369667501818e-07,ChatDev_ProgramDev2_GPT4o_74_scored.json,1,c0,15,15,CodeReviewModification,0,0.0,0.0,Programmer,0.0\ChatDev_ProgramDev2_GPT4o_74_scored.json,0.0\ChatDev_ProgramDev2_GPT4o_74_scored.json,2,"Develop a CLI XML file pretty printer. Takes an XML file and outputs a well-formatted, indented version to the console or a new file."
0.8807970860518438,0.07114675565178671,1.8553913626159784e-07,ChatDev_ProgramDev2_GPT4o_74_scored.json,2,c0,28,28,CodeReviewModification,0,0.0,0.0,Programmer,0.0\ChatDev_ProgramDev2_GPT4o_74_scored.json,0.0\ChatDev_ProgramDev2_GPT4o_74_scored.json,3,"Develop a CLI XML file pretty printer. Takes an XML file and outputs a well-formatted, indented version to the console or a new file."
0.9399133248116176,0.15853250241851227,7.88926463665814e-06,ChatDev_ProgramDev2_GPT4o_74_scored.json,3,c0,22,22,CodeReviewModification,0,0.0,0.0,Programmer,0.0\ChatDev_ProgramDev2_GPT4o_74_scored.json,0.0\ChatDev_ProgramDev2_GPT4o_74_scored.json,4,"Develop a CLI XML file pretty printer. Takes an XML file and outputs a well-formatted, indented version to the console or a new file."
0.9999981640272283,0.6368379096774506,1.0129987330277146e-05,ChatDev_ProgramDev2_GPT4o_74_scored.json,0,c0,17,17,Coding,0,0.0,0.0,Programmer,0.0\ChatDev_ProgramDev2_GPT4o_74_scored.json,0.0\ChatDev_ProgramDev2_GPT4o_74_scored.json,1,"Develop a CLI XML file pretty printer. Takes an XML file and outputs a well-formatted, indented version to the console or a new file."
0.9999998684996221,0.9999998684277134,0.9999998683558047,ChatDev_ProgramDev2_GPT4o_74_scored.json,5,c0,2,2,EnvironmentDoc,0,0.0,0.0,Programmer,0.0\ChatDev_ProgramDev2_GPT4o_74_scored.json,0.0\ChatDev_ProgramDev2_GPT4o_74_scored.json,6,"Develop a CLI XML file pretty printer. Takes an XML file and outputs a well-formatted, indented version to the console or a new file."
0.99142243691804,0.99142243691804,0.99142243691804,ChatDev_ProgramDev2_GPT4o_74_scored.json,4,c0,1,1,TestModification,0,0.0,0.0,Programmer,0.0\ChatDev_ProgramDev2_GPT4o_74_scored.json,0.0\ChatDev_ProgramDev2_GPT4o_74_scored.json,5,"Develop a CLI XML file pretty printer. Takes an XML file and outputs a well-formatted, indented version to the console or a new file."
1.0,0.9923408089209196,0.9770225592804345,ChatDev_ProgramDev2_GPT4o_90_scored.json,0,c0,3,3,Reflection,0,0.0,0.0,Chief Executive Officer,0.0\ChatDev_ProgramDev2_GPT4o_90_scored.json,0.0\ChatDev_ProgramDev2_GPT4o_90_scored.json,1,"Develop a CLI environment variable manager. Allow users to list, set (for current session or persistently via shell profile), and unset environment variables easily."
0.9999998630510122,0.6658673582210625,7.484619074298232e-05,ChatDev_ProgramDev2_GPT4o_90_scored.json,0,c0,3,3,DemandAnalysis,0,0.0,0.0,Chief Product Officer,0.0\ChatDev_ProgramDev2_GPT4o_90_scored.json,0.0\ChatDev_ProgramDev2_GPT4o_90_scored.json,1,"Develop a CLI environment variable manager. Allow users to list, set (for current session or persistently via shell profile), and unset environment variables easily."
0.9999037781414639,0.42294843557830814,6.82560337633487e-08,ChatDev_ProgramDev2_GPT4o_90_scored.json,1,c0,3,3,DemandAnalysis,0,0.0,0.0,Chief Product Officer,0.0\ChatDev_ProgramDev2_GPT4o_90_scored.json,0.0\ChatDev_ProgramDev2_GPT4o_90_scored.json,2,"Develop a CLI environment variable manager. Allow users to list, set (for current session or persistently via shell profile), and unset environment variables easily."
0.9999998696220685,0.7144603175205938,8.152020714470167e-09,ChatDev_ProgramDev2_GPT4o_90_scored.json,2,c0,14,14,Manual,0,0.0,0.0,Chief Product Officer,0.0\ChatDev_ProgramDev2_GPT4o_90_scored.json,0.0\ChatDev_ProgramDev2_GPT4o_90_scored.json,3,"Develop a CLI environment variable manager. Allow users to list, set (for current session or persistently via shell profile), and unset environment variables easily."
0.9999416643315673,0.9999416643315673,0.9999416643315673,ChatDev_ProgramDev2_GPT4o_90_scored.json,0,c0,1,1,LanguageChoose,0,0.0,0.0,Chief Technology Officer,0.0\ChatDev_ProgramDev2_GPT4o_90_scored.json,0.0\ChatDev_ProgramDev2_GPT4o_90_scored.json,1,"Develop a CLI environment variable manager. Allow users to list, set (for current session or persistently via shell profile), and unset environment variables easily."
0.9999998764623647,0.7068618998748422,4.78509457496562e-06,ChatDev_ProgramDev2_GPT4o_90_scored.json,0,c0,7,7,CodeReviewComment,0,0.0,0.0,Code Reviewer,0.0\ChatDev_ProgramDev2_GPT4o_90_scored.json,0.0\ChatDev_ProgramDev2_GPT4o_90_scored.json,1,"Develop a CLI environment variable manager. Allow users to list, set (for current session or persistently via shell profile), and unset environment variables easily."
0.9999785257443055,0.8357564320336777,0.11920294901999212,ChatDev_ProgramDev2_GPT4o_90_scored.json,1,c0,9,9,CodeReviewComment,0,0.0,0.0,Code Reviewer,0.0\ChatDev_ProgramDev2_GPT4o_90_scored.json,0.0\ChatDev_ProgramDev2_GPT4o_90_scored.json,2,"Develop a CLI environment variable manager. Allow users to list, set (for current session or persistently via shell profile), and unset environment variables easily."
0.9999545487701309,0.9462757007110847,0.7772999503371847,ChatDev_ProgramDev2_GPT4o_90_scored.json,2,c0,6,6,CodeReviewComment,0,0.0,0.0,Code Reviewer,0.0\ChatDev_ProgramDev2_GPT4o_90_scored.json,0.0\ChatDev_ProgramDev2_GPT4o_90_scored.json,3,"Develop a CLI environment variable manager. Allow users to list, set (for current session or persistently via shell profile), and unset environment variables easily."
0.1192029258996599,0.006896258076635216,2.699578503363014e-07,ChatDev_ProgramDev2_GPT4o_90_scored.json,1,c0,18,18,CodeReviewModification,0,0.0,0.0,Programmer,0.0\ChatDev_ProgramDev2_GPT4o_90_scored.json,0.0\ChatDev_ProgramDev2_GPT4o_90_scored.json,2,"Develop a CLI environment variable manager. Allow users to list, set (for current session or persistently via shell profile), and unset environment variables easily."
0.9999997356044847,0.9384148335812523,0.001501181950907551,ChatDev_ProgramDev2_GPT4o_90_scored.json,2,c0,17,17,CodeReviewModification,0,0.0,0.0,Programmer,0.0\ChatDev_ProgramDev2_GPT4o_90_scored.json,0.0\ChatDev_ProgramDev2_GPT4o_90_scored.json,3,"Develop a CLI environment variable manager. Allow users to list, set (for current session or persistently via shell profile), and unset environment variables easily."
0.09534946916009217,0.011650103605307261,3.927863545481039e-07,ChatDev_ProgramDev2_GPT4o_90_scored.json,3,c0,17,17,CodeReviewModification,0,0.0,0.0,Programmer,0.0\ChatDev_ProgramDev2_GPT4o_90_scored.json,0.0\ChatDev_ProgramDev2_GPT4o_90_scored.json,4,"Develop a CLI environment variable manager. Allow users to list, set (for current session or persistently via shell profile), and unset environment variables easily."
0.9999998555733962,0.4243433828247451,3.059023205018258e-07,ChatDev_ProgramDev2_GPT4o_90_scored.json,0,c0,16,16,Coding,0,0.0,0.0,Programmer,0.0\ChatDev_ProgramDev2_GPT4o_90_scored.json,0.0\ChatDev_ProgramDev2_GPT4o_90_scored.json,1,"Develop a CLI environment variable manager. Allow users to list, set (for current session or persistently via shell profile), and unset environment variables easily."
0.9999998844898443,0.9999881085234633,0.9999645565907014,ChatDev_ProgramDev2_GPT4o_90_scored.json,4,c0,3,3,EnvironmentDoc,0,0.0,0.0,Programmer,0.0\ChatDev_ProgramDev2_GPT4o_90_scored.json,0.0\ChatDev_ProgramDev2_GPT4o_90_scored.json,5,"Develop a CLI environment variable manager. Allow users to list, set (for current session or persistently via shell profile), and unset environment variables easily."
0.9999993672980348,0.459180053053811,8.764248219443636e-08,ChatDev_ProgramDev2_GPT4o_99_scored.json,0,c0,3,3,DemandAnalysis,0,0.0,0.0,Chief Product Officer,0.0\ChatDev_ProgramDev2_GPT4o_99_scored.json,0.0\ChatDev_ProgramDev2_GPT4o_99_scored.json,1,
0.9999998356524479,0.7622721874097639,0.0019267342527389902,ChatDev_ProgramDev2_GPT4o_99_scored.json,1,c0,5,5,DemandAnalysis,0,0.0,0.0,Chief Product Officer,0.0\ChatDev_ProgramDev2_GPT4o_99_scored.json,0.0\ChatDev_ProgramDev2_GPT4o_99_scored.json,2,
0.9999416710525504,0.7456864563863742,0.008577484930474293,ChatDev_ProgramDev2_GPT4o_99_scored.json,2,c0,5,5,DemandAnalysis,1,0.0,0.0,Chief Product Officer,0.0\ChatDev_ProgramDev2_GPT4o_99_scored.json,0.0\ChatDev_ProgramDev2_GPT4o_99_scored.json,3,
0.9999998397409083,0.9483339745866326,0.8175745583412816,ChatDev_ProgramDev2_GPT4o_99_scored.json,3,c0,5,5,DemandAnalysis,1,0.0,0.0,Chief Product Officer,0.0\ChatDev_ProgramDev2_GPT4o_99_scored.json,0.0\ChatDev_ProgramDev2_GPT4o_99_scored.json,4,
0.9999998671442489,0.9989556016838096,0.9947798744661915,ChatDev_ProgramDev2_GPT4o_99_scored.json,4,c0,5,5,DemandAnalysis,2,0.0,0.0,Chief Product Officer,0.0\ChatDev_ProgramDev2_GPT4o_99_scored.json,0.0\ChatDev_ProgramDev2_GPT4o_99_scored.json,5,
0.9999998683955224,0.9999997925299635,0.9999997166644048,ChatDev_ProgramDev2_GPT4o_99_scored.json,5,c0,2,2,DemandAnalysis,2,0.0,0.0,Chief Product Officer,0.0\ChatDev_ProgramDev2_GPT4o_99_scored.json,0.0\ChatDev_ProgramDev2_GPT4o_99_scored.json,6,
0.9999037956748856,0.17191300301019535,0.0,ChatDev_ProgramDev2_GPT4o_99_scored.json,6,c0,18,18,Manual,0,0.0,0.0,Chief Product Officer,0.0\ChatDev_ProgramDev2_GPT4o_99_scored.json,0.0\ChatDev_ProgramDev2_GPT4o_99_scored.json,7,
0.9999937566543158,0.9999937566543158,0.9999937566543158,ChatDev_ProgramDev2_GPT4o_99_scored.json,0,c0,1,1,LanguageChoose,0,0.0,0.0,Chief Technology Officer,0.0\ChatDev_ProgramDev2_GPT4o_99_scored.json,0.0\ChatDev_ProgramDev2_GPT4o_99_scored.json,1,
2.2603250957489616e-06,2.2603250957489616e-06,2.2603250957489616e-06,ChatDev_ProgramDev2_GPT4o_99_scored.json,1,c0,1,1,LanguageChoose,0,0.0,0.0,Chief Technology Officer,0.0\ChatDev_ProgramDev2_GPT4o_99_scored.json,0.0\ChatDev_ProgramDev2_GPT4o_99_scored.json,2,
0.6224593494864586,0.17819374605550167,3.059023205018258e-07,ChatDev_ProgramDev2_GPT4o_99_scored.json,0,c0,11,11,CodeReviewComment,0,0.0,0.0,Code Reviewer,0.0\ChatDev_ProgramDev2_GPT4o_99_scored.json,0.0\ChatDev_ProgramDev2_GPT4o_99_scored.json,1,
0.8807970840465528,0.21492684320224426,4.539785156619626e-05,ChatDev_ProgramDev2_GPT4o_99_scored.json,1,c0,8,8,CodeReviewComment,0,0.0,0.0,Code Reviewer,0.0\ChatDev_ProgramDev2_GPT4o_99_scored.json,0.0\ChatDev_ProgramDev2_GPT4o_99_scored.json,2,
0.7772998622304631,0.15671800609845088,0.0019267342527389902,ChatDev_ProgramDev2_GPT4o_99_scored.json,2,c0,6,6,CodeReviewComment,0,0.0,0.0,Code Reviewer,0.0\ChatDev_ProgramDev2_GPT4o_99_scored.json,0.0\ChatDev_ProgramDev2_GPT4o_99_scored.json,3,
0.5621765112741913,0.03653552257688966,3.2241867372567335e-08,ChatDev_ProgramDev2_GPT4o_99_scored.json,1,c0,30,30,CodeReviewModification,0,0.0,0.0,Programmer,0.0\ChatDev_ProgramDev2_GPT4o_99_scored.json,0.0\ChatDev_ProgramDev2_GPT4o_99_scored.json,2,
0.060086659981916715,0.007531758649750793,1.4449802461092448e-07,ChatDev_ProgramDev2_GPT4o_99_scored.json,2,c0,30,30,CodeReviewModification,0,0.0,0.0,Programmer,0.0\ChatDev_ProgramDev2_GPT4o_99_scored.json,0.0\ChatDev_ProgramDev2_GPT4o_99_scored.json,3,
0.8519528139220824,0.04432657055808336,3.6534822137210456e-08,ChatDev_ProgramDev2_GPT4o_99_scored.json,3,c0,20,20,CodeReviewModification,0,0.0,0.0,Programmer,0.0\ChatDev_ProgramDev2_GPT4o_99_scored.json,0.0\ChatDev_ProgramDev2_GPT4o_99_scored.json,4,
0.9999998611880005,0.16666672745398214,0.0,ChatDev_ProgramDev2_GPT4o_99_scored.json,5,c0,12,12,CodeReviewModification,0,0.0,0.0,Programmer,0.0\ChatDev_ProgramDev2_GPT4o_99_scored.json,0.0\ChatDev_ProgramDev2_GPT4o_99_scored.json,6,
0.9999998494295251,0.9696201170425219,0.7310585569843056,ChatDev_ProgramDev2_GPT4o_99_scored.json,0,c0,15,15,Coding,0,0.0,0.0,Programmer,0.0\ChatDev_ProgramDev2_GPT4o_99_scored.json,0.0\ChatDev_ProgramDev2_GPT4o_99_scored.json,1,
0.9999999205277721,0.4028243387109088,3.850741922767617e-09,ChatDev_ProgramDev2_GPT4o_99_scored.json,6,c0,5,5,EnvironmentDoc,0,0.0,0.0,Programmer,0.0\ChatDev_ProgramDev2_GPT4o_99_scored.json,0.0\ChatDev_ProgramDev2_GPT4o_99_scored.json,7,
0.9999998844007469,0.40000040291399835,5.211412487888539e-10,ChatDev_ProgramDev2_GPT4o_99_scored.json,7,c0,5,5,EnvironmentDoc,0,0.0,0.0,Programmer,0.0\ChatDev_ProgramDev2_GPT4o_99_scored.json,0.0\ChatDev_ProgramDev2_GPT4o_99_scored.json,8,
0.9999998674823244,0.6987624778082562,1.3007123989067183e-05,ChatDev_ProgramDev2_GPT4o_99_scored.json,4,c0,7,7,TestErrorSummary,0,0.0,0.0,Programmer,0.0\ChatDev_ProgramDev2_GPT4o_99_scored.json,0.0\ChatDev_ProgramDev2_GPT4o_99_scored.json,5,
0.9999998775637733,0.9926718257436902,0.9706877442238887,ChatDev_ProgramDev2_GPT4o_9_scored.json,0,c0,4,4,Reflection,0,0.0,0.0,Chief Executive Officer,0.0\ChatDev_ProgramDev2_GPT4o_9_scored.json,0.0\ChatDev_ProgramDev2_GPT4o_9_scored.json,1,"Create a CLI tool to extract and display basic metadata (e.g., resolution, format, creation date if available) from image files (JPEG, PNG). The user provides the image file path."
0.9999998764623647,0.6405288778274766,3.535625324942473e-05,ChatDev_ProgramDev2_GPT4o_9_scored.json,0,c0,4,4,DemandAnalysis,0,0.0,0.0,Chief Product Officer,0.0\ChatDev_ProgramDev2_GPT4o_9_scored.json,0.0\ChatDev_ProgramDev2_GPT4o_9_scored.json,1,"Create a CLI tool to extract and display basic metadata (e.g., resolution, format, creation date if available) from image files (JPEG, PNG). The user provides the image file path."
0.3208213289408531,0.16041066908915136,9.237449661970594e-09,ChatDev_ProgramDev2_GPT4o_9_scored.json,1,c0,2,2,DemandAnalysis,0,0.0,0.0,Chief Product Officer,0.0\ChatDev_ProgramDev2_GPT4o_9_scored.json,0.0\ChatDev_ProgramDev2_GPT4o_9_scored.json,2,"Create a CLI tool to extract and display basic metadata (e.g., resolution, format, creation date if available) from image files (JPEG, PNG). The user provides the image file path."
0.999999896091005,0.999999896091005,0.999999896091005,ChatDev_ProgramDev2_GPT4o_9_scored.json,2,c0,1,1,DemandAnalysis,0,0.0,0.0,Chief Product Officer,0.0\ChatDev_ProgramDev2_GPT4o_9_scored.json,0.0\ChatDev_ProgramDev2_GPT4o_9_scored.json,3,"Create a CLI tool to extract and display basic metadata (e.g., resolution, format, creation date if available) from image files (JPEG, PNG). The user provides the image file path."
1.0,0.8136673153243161,2.215948977336598e-08,ChatDev_ProgramDev2_GPT4o_9_scored.json,3,c0,11,11,Manual,0,0.0,0.0,Chief Product Officer,0.0\ChatDev_ProgramDev2_GPT4o_9_scored.json,0.0\ChatDev_ProgramDev2_GPT4o_9_scored.json,4,"Create a CLI tool to extract and display basic metadata (e.g., resolution, format, creation date if available) from image files (JPEG, PNG). The user provides the image file path."
0.7772998637382733,0.7772998637382733,0.7772998637382733,ChatDev_ProgramDev2_GPT4o_9_scored.json,0,c0,1,1,LanguageChoose,0,0.0,0.0,Chief Technology Officer,0.0\ChatDev_ProgramDev2_GPT4o_9_scored.json,0.0\ChatDev_ProgramDev2_GPT4o_9_scored.json,1,"Create a CLI tool to extract and display basic metadata (e.g., resolution, format, creation date if available) from image files (JPEG, PNG). The user provides the image file path."
0.9999998767045566,0.8247315241524216,1.6052280551856116e-09,ChatDev_ProgramDev2_GPT4o_9_scored.json,0,c0,16,16,CodeReviewComment,0,0.0,0.0,Code Reviewer,0.0\ChatDev_ProgramDev2_GPT4o_9_scored.json,0.0\ChatDev_ProgramDev2_GPT4o_9_scored.json,1,"Create a CLI tool to extract and display basic metadata (e.g., resolution, format, creation date if available) from image files (JPEG, PNG). The user provides the image file path."
0.9820138639255332,0.33449596671818804,0.001501181950907551,ChatDev_ProgramDev2_GPT4o_9_scored.json,1,c0,9,9,CodeReviewComment,0,0.0,0.0,Code Reviewer,0.0\ChatDev_ProgramDev2_GPT4o_9_scored.json,0.0\ChatDev_ProgramDev2_GPT4o_9_scored.json,2,"Create a CLI tool to extract and display basic metadata (e.g., resolution, format, creation date if available) from image files (JPEG, PNG). The user provides the image file path."
0.9984988522209384,0.6496313150464663,1.0467401794744658e-08,ChatDev_ProgramDev2_GPT4o_9_scored.json,2,c0,5,5,CodeReviewComment,0,0.0,0.0,Code Reviewer,0.0\ChatDev_ProgramDev2_GPT4o_9_scored.json,0.0\ChatDev_ProgramDev2_GPT4o_9_scored.json,3,"Create a CLI tool to extract and display basic metadata (e.g., resolution, format, creation date if available) from image files (JPEG, PNG). The user provides the image file path."
1.0,0.8533244552141754,0.0003353500342255387,ChatDev_ProgramDev2_GPT4o_9_scored.json,1,c0,18,18,CodeReviewModification,0,0.0,0.0,Programmer,0.0\ChatDev_ProgramDev2_GPT4o_9_scored.json,0.0\ChatDev_ProgramDev2_GPT4o_9_scored.json,2,"Create a CLI tool to extract and display basic metadata (e.g., resolution, format, creation date if available) from image files (JPEG, PNG). The user provides the image file path."
0.9999988907127918,0.7786312994578538,0.0004305571096741222,ChatDev_ProgramDev2_GPT4o_9_scored.json,2,c0,18,18,CodeReviewModification,0,0.0,0.0,Programmer,0.0\ChatDev_ProgramDev2_GPT4o_9_scored.json,0.0\ChatDev_ProgramDev2_GPT4o_9_scored.json,3,"Create a CLI tool to extract and display basic metadata (e.g., resolution, format, creation date if available) from image files (JPEG, PNG). The user provides the image file path."
0.9959298254445407,0.19884003434919004,3.7266389560521204e-06,ChatDev_ProgramDev2_GPT4o_9_scored.json,3,c0,23,23,CodeReviewModification,0,0.0,0.0,Programmer,0.0\ChatDev_ProgramDev2_GPT4o_9_scored.json,0.0\ChatDev_ProgramDev2_GPT4o_9_scored.json,4,"Create a CLI tool to extract and display basic metadata (e.g., resolution, format, creation date if available) from image files (JPEG, PNG). The user provides the image file path."
0.9999976874424238,0.834560338428945,0.03732688389372495,ChatDev_ProgramDev2_GPT4o_9_scored.json,0,c0,16,16,Coding,0,0.0,0.0,Programmer,0.0\ChatDev_ProgramDev2_GPT4o_9_scored.json,0.0\ChatDev_ProgramDev2_GPT4o_9_scored.json,1,"Create a CLI tool to extract and display basic metadata (e.g., resolution, format, creation date if available) from image files (JPEG, PNG). The user provides the image file path."
0.9999999079230854,0.9999997494286865,0.9999996109426443,ChatDev_ProgramDev2_GPT4o_9_scored.json,4,c0,3,3,EnvironmentDoc,0,0.0,0.0,Programmer,0.0\ChatDev_ProgramDev2_GPT4o_9_scored.json,0.0\ChatDev_ProgramDev2_GPT4o_9_scored.json,5,"Create a CLI tool to extract and display basic metadata (e.g., resolution, format, creation date if available) from image files (JPEG, PNG). The user provides the image file path."
0.9999997305208504,0.9849184812745868,0.9626730359816744,ChatDev_ProgramDev_GPT4o_0_scored.json,0,c0,4,4,DemandAnalysis,0,0.0,0.0,Chief Product Officer,0.0\ChatDev_ProgramDev_GPT4o_0_scored.json,0.0\ChatDev_ProgramDev_GPT4o_0_scored.json,1,"Develop a Checkers (Draughts) game. Use an 8x8 board, alternate turns between two players, and apply standard capture and kinging rules. Prompt for moves in notation (e.g., from-to positions) and update the board state accordingly."
1.0,0.9999999041890453,0.9999998445274195,ChatDev_ProgramDev_GPT4o_0_scored.json,1,c0,3,3,DemandAnalysis,0,0.0,0.0,Chief Product Officer,0.0\ChatDev_ProgramDev_GPT4o_0_scored.json,0.0\ChatDev_ProgramDev_GPT4o_0_scored.json,2,"Develop a Checkers (Draughts) game. Use an 8x8 board, alternate turns between two players, and apply standard capture and kinging rules. Prompt for moves in notation (e.g., from-to positions) and update the board state accordingly."
0.9999998769789961,0.2848105196169335,0.0,ChatDev_ProgramDev_GPT4o_0_scored.json,2,c0,27,27,Manual,0,0.0,0.0,Chief Product Officer,0.0\ChatDev_ProgramDev_GPT4o_0_scored.json,0.0\ChatDev_ProgramDev_GPT4o_0_scored.json,3,"Develop a Checkers (Draughts) game. Use an 8x8 board, alternate turns between two players, and apply standard capture and kinging rules. Prompt for moves in notation (e.g., from-to positions) and update the board state accordingly."
0.9999998759084849,0.9999998759084849,0.9999998759084849,ChatDev_ProgramDev_GPT4o_0_scored.json,0,c0,1,1,LanguageChoose,0,0.0,0.0,Chief Technology Officer,0.0\ChatDev_ProgramDev_GPT4o_0_scored.json,0.0\ChatDev_ProgramDev_GPT4o_0_scored.json,1,"Develop a Checkers (Draughts) game. Use an 8x8 board, alternate turns between two players, and apply standard capture and kinging rules. Prompt for moves in notation (e.g., from-to positions) and update the board state accordingly."
0.9999998764623647,0.9965680964340259,0.9706877424022676,ChatDev_ProgramDev_GPT4o_0_scored.json,0,c0,9,9,CodeReviewComment,0,0.0,0.0,Code Reviewer,0.0\ChatDev_ProgramDev_GPT4o_0_scored.json,0.0\ChatDev_ProgramDev_GPT4o_0_scored.json,1,"Develop a Checkers (Draughts) game. Use an 8x8 board, alternate turns between two players, and apply standard capture and kinging rules. Prompt for moves in notation (e.g., from-to positions) and update the board state accordingly."
0.9999988865096222,0.9427798584316616,0.7772998641553975,ChatDev_ProgramDev_GPT4o_0_scored.json,1,c0,6,6,CodeReviewComment,0,0.0,0.0,Code Reviewer,0.0\ChatDev_ProgramDev_GPT4o_0_scored.json,0.0\ChatDev_ProgramDev_GPT4o_0_scored.json,2,"Develop a Checkers (Draughts) game. Use an 8x8 board, alternate turns between two players, and apply standard capture and kinging rules. Prompt for moves in notation (e.g., from-to positions) and update the board state accordingly."
0.9999950871755036,0.8348240091996484,0.22270018255247828,ChatDev_ProgramDev_GPT4o_0_scored.json,2,c0,5,5,CodeReviewComment,0,0.0,0.0,Code Reviewer,0.0\ChatDev_ProgramDev_GPT4o_0_scored.json,0.0\ChatDev_ProgramDev_GPT4o_0_scored.json,3,"Develop a Checkers (Draughts) game. Use an 8x8 board, alternate turns between two players, and apply standard capture and kinging rules. Prompt for moves in notation (e.g., from-to positions) and update the board state accordingly."
1.0,0.6385730391636555,5.3157852544244216e-08,ChatDev_ProgramDev_GPT4o_0_scored.json,1,c0,22,22,CodeReviewModification,0,0.0,0.0,Programmer,0.0\ChatDev_ProgramDev_GPT4o_0_scored.json,0.0\ChatDev_ProgramDev_GPT4o_0_scored.json,2,"Develop a Checkers (Draughts) game. Use an 8x8 board, alternate turns between two players, and apply standard capture and kinging rules. Prompt for moves in notation (e.g., from-to positions) and update the board state accordingly."
0.32082131178446427,0.014341185520408565,4.691164021834418e-08,ChatDev_ProgramDev_GPT4o_0_scored.json,2,c0,23,23,CodeReviewModification,0,0.0,0.0,Programmer,0.0\ChatDev_ProgramDev_GPT4o_0_scored.json,0.0\ChatDev_ProgramDev_GPT4o_0_scored.json,3,"Develop a Checkers (Draughts) game. Use an 8x8 board, alternate turns between two players, and apply standard capture and kinging rules. Prompt for moves in notation (e.g., from-to positions) and update the board state accordingly."
0.9859362750698244,0.05197898092827897,1.6373771305908126e-07,ChatDev_ProgramDev_GPT4o_0_scored.json,3,c0,22,22,CodeReviewModification,0,0.0,0.0,Programmer,0.0\ChatDev_ProgramDev_GPT4o_0_scored.json,0.0\ChatDev_ProgramDev_GPT4o_0_scored.json,4,"Develop a Checkers (Draughts) game. Use an 8x8 board, alternate turns between two players, and apply standard capture and kinging rules. Prompt for moves in notation (e.g., from-to positions) and update the board state accordingly."
0.9999999355116566,0.8507294460710821,1.6701414089010932e-05,ChatDev_ProgramDev_GPT4o_0_scored.json,0,c0,23,23,Coding,0,0.0,0.0,Programmer,0.0\ChatDev_ProgramDev_GPT4o_0_scored.json,0.0\ChatDev_ProgramDev_GPT4o_0_scored.json,1,"Develop a Checkers (Draughts) game. Use an 8x8 board, alternate turns between two players, and apply standard capture and kinging rules. Prompt for moves in notation (e.g., from-to positions) and update the board state accordingly."
0.9999996062873424,0.8886497419439006,0.7772998776004586,ChatDev_ProgramDev_GPT4o_0_scored.json,4,c0,2,2,EnvironmentDoc,0,0.0,0.0,Programmer,0.0\ChatDev_ProgramDev_GPT4o_0_scored.json,0.0\ChatDev_ProgramDev_GPT4o_0_scored.json,5,"Develop a Checkers (Draughts) game. Use an 8x8 board, alternate turns between two players, and apply standard capture and kinging rules. Prompt for moves in notation (e.g., from-to positions) and update the board state accordingly."
0.9999997170174293,0.9990364951869,0.9980732733563706,ChatDev_ProgramDev_GPT4o_0_scored.json,5,c0,2,2,EnvironmentDoc,0,0.0,0.0,Programmer,0.0\ChatDev_ProgramDev_GPT4o_0_scored.json,0.0\ChatDev_ProgramDev_GPT4o_0_scored.json,6,"Develop a Checkers (Draughts) game. Use an 8x8 board, alternate turns between two players, and apply standard capture and kinging rules. Prompt for moves in notation (e.g., from-to positions) and update the board state accordingly."
0.999996966349308,0.9996918946725716,0.9990888950471665,ChatDev_ProgramDev_GPT4o_13_scored.json,0,c0,3,3,DemandAnalysis,0,0.0,0.0,Chief Product Officer,0.0\ChatDev_ProgramDev_GPT4o_13_scored.json,0.0\ChatDev_ProgramDev_GPT4o_13_scored.json,1,"Develop a puzzle game where the player must group 16 words into four sets of four, based on hidden categories. The words are presented in a 4x4 grid, and players select four at a time to form a group. Correct groups are removed and revealed with a category and a color-coded difficulty (yellow, green, blue, purple). Incorrect guesses count as mistakes, with a maximum of four allowed. Only one correct solution exists, though words may appear to fit multiple categories. Include shuffle functionality and provide immediate feedback after each guess. A new puzzle is generated daily."
0.99999988555055,0.9999998700924673,0.9999998607953747,ChatDev_ProgramDev_GPT4o_13_scored.json,1,c0,6,6,DemandAnalysis,0,0.0,0.0,Chief Product Officer,0.0\ChatDev_ProgramDev_GPT4o_13_scored.json,0.0\ChatDev_ProgramDev_GPT4o_13_scored.json,2,"Develop a puzzle game where the player must group 16 words into four sets of four, based on hidden categories. The words are presented in a 4x4 grid, and players select four at a time to form a group. Correct groups are removed and revealed with a category and a color-coded difficulty (yellow, green, blue, purple). Incorrect guesses count as mistakes, with a maximum of four allowed. Only one correct solution exists, though words may appear to fit multiple categories. Include shuffle functionality and provide immediate feedback after each guess. A new puzzle is generated daily."
1.0,0.7778122952946618,2.382369667501818e-07,ChatDev_ProgramDev_GPT4o_13_scored.json,2,c0,10,10,Manual,0,0.0,0.0,Chief Product Officer,0.0\ChatDev_ProgramDev_GPT4o_13_scored.json,0.0\ChatDev_ProgramDev_GPT4o_13_scored.json,3,"Develop a puzzle game where the player must group 16 words into four sets of four, based on hidden categories. The words are presented in a 4x4 grid, and players select four at a time to form a group. Correct groups are removed and revealed with a category and a color-coded difficulty (yellow, green, blue, purple). Incorrect guesses count as mistakes, with a maximum of four allowed. Only one correct solution exists, though words may appear to fit multiple categories. Include shuffle functionality and provide immediate feedback after each guess. A new puzzle is generated daily."
0.9999998680397165,0.9999998680397165,0.9999998680397165,ChatDev_ProgramDev_GPT4o_13_scored.json,0,c0,1,1,LanguageChoose,0,0.0,0.0,Chief Technology Officer,0.0\ChatDev_ProgramDev_GPT4o_13_scored.json,0.0\ChatDev_ProgramDev_GPT4o_13_scored.json,1,"Develop a puzzle game where the player must group 16 words into four sets of four, based on hidden categories. The words are presented in a 4x4 grid, and players select four at a time to form a group. Correct groups are removed and revealed with a category and a color-coded difficulty (yellow, green, blue, purple). Incorrect guesses count as mistakes, with a maximum of four allowed. Only one correct solution exists, though words may appear to fit multiple categories. Include shuffle functionality and provide immediate feedback after each guess. A new puzzle is generated daily."
0.9046504412841383,0.310160411886304,0.0009110514045295695,ChatDev_ProgramDev_GPT4o_13_scored.json,0,c0,5,5,CodeReviewComment,0,0.0,0.0,Code Reviewer,0.0\ChatDev_ProgramDev_GPT4o_13_scored.json,0.0\ChatDev_ProgramDev_GPT4o_13_scored.json,1,"Develop a puzzle game where the player must group 16 words into four sets of four, based on hidden categories. The words are presented in a 4x4 grid, and players select four at a time to form a group. Correct groups are removed and revealed with a category and a color-coded difficulty (yellow, green, blue, purple). Incorrect guesses count as mistakes, with a maximum of four allowed. Only one correct solution exists, though words may appear to fit multiple categories. Include shuffle functionality and provide immediate feedback after each guess. A new puzzle is generated daily."
0.9241417900150775,0.2674205058008167,1.2751905914873347e-07,ChatDev_ProgramDev_GPT4o_13_scored.json,1,c0,6,6,CodeReviewComment,0,0.0,0.0,Code Reviewer,0.0\ChatDev_ProgramDev_GPT4o_13_scored.json,0.0\ChatDev_ProgramDev_GPT4o_13_scored.json,2,"Develop a puzzle game where the player must group 16 words into four sets of four, based on hidden categories. The words are presented in a 4x4 grid, and players select four at a time to form a group. Correct groups are removed and revealed with a category and a color-coded difficulty (yellow, green, blue, purple). Incorrect guesses count as mistakes, with a maximum of four allowed. Only one correct solution exists, though words may appear to fit multiple categories. Include shuffle functionality and provide immediate feedback after each guess. A new puzzle is generated daily."
0.9999994829561195,0.8457737466864022,0.0031726831078774057,ChatDev_ProgramDev_GPT4o_13_scored.json,2,c0,7,7,CodeReviewComment,0,0.0,0.0,Code Reviewer,0.0\ChatDev_ProgramDev_GPT4o_13_scored.json,0.0\ChatDev_ProgramDev_GPT4o_13_scored.json,3,"Develop a puzzle game where the player must group 16 words into four sets of four, based on hidden categories. The words are presented in a 4x4 grid, and players select four at a time to form a group. Correct groups are removed and revealed with a category and a color-coded difficulty (yellow, green, blue, purple). Incorrect guesses count as mistakes, with a maximum of four allowed. Only one correct solution exists, though words may appear to fit multiple categories. Include shuffle functionality and provide immediate feedback after each guess. A new puzzle is generated daily."
0.9999998689587007,0.5874494007993374,7.88926463665814e-06,ChatDev_ProgramDev_GPT4o_13_scored.json,1,c0,27,27,CodeReviewModification,0,0.0,0.0,Programmer,0.0\ChatDev_ProgramDev_GPT4o_13_scored.json,0.0\ChatDev_ProgramDev_GPT4o_13_scored.json,2,"Develop a puzzle game where the player must group 16 words into four sets of four, based on hidden categories. The words are presented in a 4x4 grid, and players select four at a time to form a group. Correct groups are removed and revealed with a category and a color-coded difficulty (yellow, green, blue, purple). Incorrect guesses count as mistakes, with a maximum of four allowed. Only one correct solution exists, though words may appear to fit multiple categories. Include shuffle functionality and provide immediate feedback after each guess. A new puzzle is generated daily."
0.9975274269151507,0.09568340400826011,6.144171336422507e-06,ChatDev_ProgramDev_GPT4o_13_scored.json,2,c0,39,39,CodeReviewModification,0,0.0,0.0,Programmer,0.0\ChatDev_ProgramDev_GPT4o_13_scored.json,0.0\ChatDev_ProgramDev_GPT4o_13_scored.json,3,"Develop a puzzle game where the player must group 16 words into four sets of four, based on hidden categories. The words are presented in a 4x4 grid, and players select four at a time to form a group. Correct groups are removed and revealed with a category and a color-coded difficulty (yellow, green, blue, purple). Incorrect guesses count as mistakes, with a maximum of four allowed. Only one correct solution exists, though words may appear to fit multiple categories. Include shuffle functionality and provide immediate feedback after each guess. A new puzzle is generated daily."
0.9241418170561838,0.0919915994447484,2.1444937927240387e-05,ChatDev_ProgramDev_GPT4o_13_scored.json,3,c0,33,33,CodeReviewModification,0,0.0,0.0,Programmer,0.0\ChatDev_ProgramDev_GPT4o_13_scored.json,0.0\ChatDev_ProgramDev_GPT4o_13_scored.json,4,"Develop a puzzle game where the player must group 16 words into four sets of four, based on hidden categories. The words are presented in a 4x4 grid, and players select four at a time to form a group. Correct groups are removed and revealed with a category and a color-coded difficulty (yellow, green, blue, purple). Incorrect guesses count as mistakes, with a maximum of four allowed. Only one correct solution exists, though words may appear to fit multiple categories. Include shuffle functionality and provide immediate feedback after each guess. A new puzzle is generated daily."
1.0,0.920286693761423,0.004070137939983506,ChatDev_ProgramDev_GPT4o_13_scored.json,0,c0,25,25,Coding,0,0.0,0.0,Programmer,0.0\ChatDev_ProgramDev_GPT4o_13_scored.json,0.0\ChatDev_ProgramDev_GPT4o_13_scored.json,1,"Develop a puzzle game where the player must group 16 words into four sets of four, based on hidden categories. The words are presented in a 4x4 grid, and players select four at a time to form a group. Correct groups are removed and revealed with a category and a color-coded difficulty (yellow, green, blue, purple). Incorrect guesses count as mistakes, with a maximum of four allowed. Only one correct solution exists, though words may appear to fit multiple categories. Include shuffle functionality and provide immediate feedback after each guess. A new puzzle is generated daily."
0.9999998893343848,0.9999998893343848,0.9999998893343848,ChatDev_ProgramDev_GPT4o_13_scored.json,4,c0,1,1,EnvironmentDoc,0,0.0,0.0,Programmer,0.0\ChatDev_ProgramDev_GPT4o_13_scored.json,0.0\ChatDev_ProgramDev_GPT4o_13_scored.json,5,"Develop a puzzle game where the player must group 16 words into four sets of four, based on hidden categories. The words are presented in a 4x4 grid, and players select four at a time to form a group. Correct groups are removed and revealed with a category and a color-coded difficulty (yellow, green, blue, purple). Incorrect guesses count as mistakes, with a maximum of four allowed. Only one correct solution exists, though words may appear to fit multiple categories. Include shuffle functionality and provide immediate feedback after each guess. A new puzzle is generated daily."
0.9999998699802434,0.9999998699802434,0.9999998699802434,ChatDev_ProgramDev_GPT4o_13_scored.json,5,c0,1,1,EnvironmentDoc,0,0.0,0.0,Programmer,0.0\ChatDev_ProgramDev_GPT4o_13_scored.json,0.0\ChatDev_ProgramDev_GPT4o_13_scored.json,6,"Develop a puzzle game where the player must group 16 words into four sets of four, based on hidden categories. The words are presented in a 4x4 grid, and players select four at a time to form a group. Correct groups are removed and revealed with a category and a color-coded difficulty (yellow, green, blue, purple). Incorrect guesses count as mistakes, with a maximum of four allowed. Only one correct solution exists, though words may appear to fit multiple categories. Include shuffle functionality and provide immediate feedback after each guess. A new puzzle is generated daily."
0.9999998792918237,0.999998785062644,0.9999976908334642,ChatDev_ProgramDev_GPT4o_14_scored.json,0,c0,2,2,Reflection,0,0.0,0.0,Chief Executive Officer,0.0\ChatDev_ProgramDev_GPT4o_14_scored.json,0.0\ChatDev_ProgramDev_GPT4o_14_scored.json,1,"Implement a version of the NYT Strands puzzle. Strands is a word search game within a 6x8 grid of letters which players use to uncover words falling under a theme. The board must be filled entirely to complete the puzzle - no words will overlap. Each game includes a challenge word called the ""spangram"" that touches two opposite sides of the board. Themed words will highlight blue; the spangram will highlight yellow. Words can be formed by connecting adjacent letters in any direction (vertically, horizontally, diagonally) and can change direction mid-word. Players can find non-theme words to earn hints. Every 3 non-theme words will unlock a hint! The puzzle must be fully completed by finding all theme words and filling the board."
0.9999832612100974,0.9976121367953251,0.9947798709021556,ChatDev_ProgramDev_GPT4o_14_scored.json,0,c0,3,3,DemandAnalysis,0,0.0,0.0,Chief Product Officer,0.0\ChatDev_ProgramDev_GPT4o_14_scored.json,0.0\ChatDev_ProgramDev_GPT4o_14_scored.json,1,"Implement a version of the NYT Strands puzzle. Strands is a word search game within a 6x8 grid of letters which players use to uncover words falling under a theme. The board must be filled entirely to complete the puzzle - no words will overlap. Each game includes a challenge word called the ""spangram"" that touches two opposite sides of the board. Themed words will highlight blue; the spangram will highlight yellow. Words can be formed by connecting adjacent letters in any direction (vertically, horizontally, diagonally) and can change direction mid-word. Players can find non-theme words to earn hints. Every 3 non-theme words will unlock a hint! The puzzle must be fully completed by finding all theme words and filling the board."
0.9998764855145509,0.33329222640190265,8.152020714470167e-09,ChatDev_ProgramDev_GPT4o_14_scored.json,1,c0,3,3,DemandAnalysis,0,0.0,0.0,Chief Product Officer,0.0\ChatDev_ProgramDev_GPT4o_14_scored.json,0.0\ChatDev_ProgramDev_GPT4o_14_scored.json,2,"Implement a version of the NYT Strands puzzle. Strands is a word search game within a 6x8 grid of letters which players use to uncover words falling under a theme. The board must be filled entirely to complete the puzzle - no words will overlap. Each game includes a challenge word called the ""spangram"" that touches two opposite sides of the board. Themed words will highlight blue; the spangram will highlight yellow. Words can be formed by connecting adjacent letters in any direction (vertically, horizontally, diagonally) and can change direction mid-word. Players can find non-theme words to earn hints. Every 3 non-theme words will unlock a hint! The puzzle must be fully completed by finding all theme words and filling the board."
0.9997965212663636,0.5299415880335893,0.060086654800814876,ChatDev_ProgramDev_GPT4o_14_scored.json,2,c0,2,2,DemandAnalysis,1,0.0,0.0,Chief Product Officer,0.0\ChatDev_ProgramDev_GPT4o_14_scored.json,0.0\ChatDev_ProgramDev_GPT4o_14_scored.json,3,"Implement a version of the NYT Strands puzzle. Strands is a word search game within a 6x8 grid of letters which players use to uncover words falling under a theme. The board must be filled entirely to complete the puzzle - no words will overlap. Each game includes a challenge word called the ""spangram"" that touches two opposite sides of the board. Themed words will highlight blue; the spangram will highlight yellow. Words can be formed by connecting adjacent letters in any direction (vertically, horizontally, diagonally) and can change direction mid-word. Players can find non-theme words to earn hints. Every 3 non-theme words will unlock a hint! The puzzle must be fully completed by finding all theme words and filling the board."
0.9999998703729374,0.6098871527308594,1.9555681087850496e-08,ChatDev_ProgramDev_GPT4o_14_scored.json,3,c0,15,15,Manual,0,0.0,0.0,Chief Product Officer,0.0\ChatDev_ProgramDev_GPT4o_14_scored.json,0.0\ChatDev_ProgramDev_GPT4o_14_scored.json,4,"Implement a version of the NYT Strands puzzle. Strands is a word search game within a 6x8 grid of letters which players use to uncover words falling under a theme. The board must be filled entirely to complete the puzzle - no words will overlap. Each game includes a challenge word called the ""spangram"" that touches two opposite sides of the board. Themed words will highlight blue; the spangram will highlight yellow. Words can be formed by connecting adjacent letters in any direction (vertically, horizontally, diagonally) and can change direction mid-word. Players can find non-theme words to earn hints. Every 3 non-theme words will unlock a hint! The puzzle must be fully completed by finding all theme words and filling the board."
0.9999996063338894,0.9999996063338894,0.9999996063338894,ChatDev_ProgramDev_GPT4o_14_scored.json,0,c0,1,1,LanguageChoose,0,0.0,0.0,Chief Technology Officer,0.0\ChatDev_ProgramDev_GPT4o_14_scored.json,0.0\ChatDev_ProgramDev_GPT4o_14_scored.json,1,"Implement a version of the NYT Strands puzzle. Strands is a word search game within a 6x8 grid of letters which players use to uncover words falling under a theme. The board must be filled entirely to complete the puzzle - no words will overlap. Each game includes a challenge word called the ""spangram"" that touches two opposite sides of the board. Themed words will highlight blue; the spangram will highlight yellow. Words can be formed by connecting adjacent letters in any direction (vertically, horizontally, diagonally) and can change direction mid-word. Players can find non-theme words to earn hints. Every 3 non-theme words will unlock a hint! The puzzle must be fully completed by finding all theme words and filling the board."
0.5621764972673807,0.5621764972673807,0.5621764972673807,ChatDev_ProgramDev_GPT4o_14_scored.json,1,c0,1,1,LanguageChoose,0,0.0,0.0,Chief Technology Officer,0.0\ChatDev_ProgramDev_GPT4o_14_scored.json,0.0\ChatDev_ProgramDev_GPT4o_14_scored.json,2,"Implement a version of the NYT Strands puzzle. Strands is a word search game within a 6x8 grid of letters which players use to uncover words falling under a theme. The board must be filled entirely to complete the puzzle - no words will overlap. Each game includes a challenge word called the ""spangram"" that touches two opposite sides of the board. Themed words will highlight blue; the spangram will highlight yellow. Words can be formed by connecting adjacent letters in any direction (vertically, horizontally, diagonally) and can change direction mid-word. Players can find non-theme words to earn hints. Every 3 non-theme words will unlock a hint! The puzzle must be fully completed by finding all theme words and filling the board."
0.9999998364459455,0.8540087004173429,0.0005527785265734312,ChatDev_ProgramDev_GPT4o_14_scored.json,0,c0,16,16,CodeReviewComment,0,0.0,0.0,Code Reviewer,0.0\ChatDev_ProgramDev_GPT4o_14_scored.json,0.0\ChatDev_ProgramDev_GPT4o_14_scored.json,1,"Implement a version of the NYT Strands puzzle. Strands is a word search game within a 6x8 grid of letters which players use to uncover words falling under a theme. The board must be filled entirely to complete the puzzle - no words will overlap. Each game includes a challenge word called the ""spangram"" that touches two opposite sides of the board. Themed words will highlight blue; the spangram will highlight yellow. Words can be formed by connecting adjacent letters in any direction (vertically, horizontally, diagonally) and can change direction mid-word. Players can find non-theme words to earn hints. Every 3 non-theme words will unlock a hint! The puzzle must be fully completed by finding all theme words and filling the board."
0.9999996109436332,0.9950510599538501,0.962673020510905,ChatDev_ProgramDev_GPT4o_14_scored.json,1,c0,8,8,CodeReviewComment,0,0.0,0.0,Code Reviewer,0.0\ChatDev_ProgramDev_GPT4o_14_scored.json,0.0\ChatDev_ProgramDev_GPT4o_14_scored.json,2,"Implement a version of the NYT Strands puzzle. Strands is a word search game within a 6x8 grid of letters which players use to uncover words falling under a theme. The board must be filled entirely to complete the puzzle - no words will overlap. Each game includes a challenge word called the ""spangram"" that touches two opposite sides of the board. Themed words will highlight blue; the spangram will highlight yellow. Words can be formed by connecting adjacent letters in any direction (vertically, horizontally, diagonally) and can change direction mid-word. Players can find non-theme words to earn hints. Every 3 non-theme words will unlock a hint! The puzzle must be fully completed by finding all theme words and filling the board."
0.9999998449306003,0.9973923634716458,0.9820138220901167,ChatDev_ProgramDev_GPT4o_14_scored.json,2,c0,7,7,CodeReviewComment,0,0.0,0.0,Code Reviewer,0.0\ChatDev_ProgramDev_GPT4o_14_scored.json,0.0\ChatDev_ProgramDev_GPT4o_14_scored.json,3,"Implement a version of the NYT Strands puzzle. Strands is a word search game within a 6x8 grid of letters which players use to uncover words falling under a theme. The board must be filled entirely to complete the puzzle - no words will overlap. Each game includes a challenge word called the ""spangram"" that touches two opposite sides of the board. Themed words will highlight blue; the spangram will highlight yellow. Words can be formed by connecting adjacent letters in any direction (vertically, horizontally, diagonally) and can change direction mid-word. Players can find non-theme words to earn hints. Every 3 non-theme words will unlock a hint! The puzzle must be fully completed by finding all theme words and filling the board."
0.9999998764623647,0.7641878041199411,0.008577484930474293,ChatDev_ProgramDev_GPT4o_14_scored.json,1,c0,24,24,CodeReviewModification,0,0.0,0.0,Programmer,0.0\ChatDev_ProgramDev_GPT4o_14_scored.json,0.0\ChatDev_ProgramDev_GPT4o_14_scored.json,2,"Implement a version of the NYT Strands puzzle. Strands is a word search game within a 6x8 grid of letters which players use to uncover words falling under a theme. The board must be filled entirely to complete the puzzle - no words will overlap. Each game includes a challenge word called the ""spangram"" that touches two opposite sides of the board. Themed words will highlight blue; the spangram will highlight yellow. Words can be formed by connecting adjacent letters in any direction (vertically, horizontally, diagonally) and can change direction mid-word. Players can find non-theme words to earn hints. Every 3 non-theme words will unlock a hint! The puzzle must be fully completed by finding all theme words and filling the board."
0.9999785097606031,0.46514597736807417,6.47594599989589e-07,ChatDev_ProgramDev_GPT4o_14_scored.json,2,c0,20,20,CodeReviewModification,0,0.0,0.0,Programmer,0.0\ChatDev_ProgramDev_GPT4o_14_scored.json,0.0\ChatDev_ProgramDev_GPT4o_14_scored.json,3,"Implement a version of the NYT Strands puzzle. Strands is a word search game within a 6x8 grid of letters which players use to uncover words falling under a theme. The board must be filled entirely to complete the puzzle - no words will overlap. Each game includes a challenge word called the ""spangram"" that touches two opposite sides of the board. Themed words will highlight blue; the spangram will highlight yellow. Words can be formed by connecting adjacent letters in any direction (vertically, horizontally, diagonally) and can change direction mid-word. Players can find non-theme words to earn hints. Every 3 non-theme words will unlock a hint! The puzzle must be fully completed by finding all theme words and filling the board."
0.9998837998106705,0.3058794252904611,9.610239492660866e-05,ChatDev_ProgramDev_GPT4o_14_scored.json,3,c0,14,14,CodeReviewModification,0,0.0,0.0,Programmer,0.0\ChatDev_ProgramDev_GPT4o_14_scored.json,0.0\ChatDev_ProgramDev_GPT4o_14_scored.json,4,"Implement a version of the NYT Strands puzzle. Strands is a word search game within a 6x8 grid of letters which players use to uncover words falling under a theme. The board must be filled entirely to complete the puzzle - no words will overlap. Each game includes a challenge word called the ""spangram"" that touches two opposite sides of the board. Themed words will highlight blue; the spangram will highlight yellow. Words can be formed by connecting adjacent letters in any direction (vertically, horizontally, diagonally) and can change direction mid-word. Players can find non-theme words to earn hints. Every 3 non-theme words will unlock a hint! The puzzle must be fully completed by finding all theme words and filling the board."
0.999999857556494,0.8165344343809547,6.144171336422507e-06,ChatDev_ProgramDev_GPT4o_14_scored.json,0,c0,24,24,Coding,0,0.0,0.0,Programmer,0.0\ChatDev_ProgramDev_GPT4o_14_scored.json,0.0\ChatDev_ProgramDev_GPT4o_14_scored.json,1,"Implement a version of the NYT Strands puzzle. Strands is a word search game within a 6x8 grid of letters which players use to uncover words falling under a theme. The board must be filled entirely to complete the puzzle - no words will overlap. Each game includes a challenge word called the ""spangram"" that touches two opposite sides of the board. Themed words will highlight blue; the spangram will highlight yellow. Words can be formed by connecting adjacent letters in any direction (vertically, horizontally, diagonally) and can change direction mid-word. Players can find non-theme words to earn hints. Every 3 non-theme words will unlock a hint! The puzzle must be fully completed by finding all theme words and filling the board."
0.999999757044985,0.999869247366355,0.9997387376877249,ChatDev_ProgramDev_GPT4o_14_scored.json,4,c0,2,2,EnvironmentDoc,0,0.0,0.0,Programmer,0.0\ChatDev_ProgramDev_GPT4o_14_scored.json,0.0\ChatDev_ProgramDev_GPT4o_14_scored.json,5,"Implement a version of the NYT Strands puzzle. Strands is a word search game within a 6x8 grid of letters which players use to uncover words falling under a theme. The board must be filled entirely to complete the puzzle - no words will overlap. Each game includes a challenge word called the ""spangram"" that touches two opposite sides of the board. Themed words will highlight blue; the spangram will highlight yellow. Words can be formed by connecting adjacent letters in any direction (vertically, horizontally, diagonally) and can change direction mid-word. Players can find non-theme words to earn hints. Every 3 non-theme words will unlock a hint! The puzzle must be fully completed by finding all theme words and filling the board."
0.9999998371763105,0.7956058489387584,0.18242556039052782,ChatDev_ProgramDev_GPT4o_16_scored.json,0,c0,4,4,Reflection,0,0.0,0.0,Chief Executive Officer,0.0\ChatDev_ProgramDev_GPT4o_16_scored.json,0.0\ChatDev_ProgramDev_GPT4o_16_scored.json,1,"Implement a standard Connect Four game. Two players alternate placing discs into a seven-column, six-row grid. The objective is to form a horizontal, vertical, or diagonal line of four discs. Players choose columns by typing a number, and the board updates after each move until a win or draw. Validate column choices and end the game when a winning line is detected or the grid is full."
0.9999996017851346,0.6689995905114335,0.017986212890382765,ChatDev_ProgramDev_GPT4o_16_scored.json,0,c0,3,3,DemandAnalysis,0,0.0,0.0,Chief Product Officer,0.0\ChatDev_ProgramDev_GPT4o_16_scored.json,0.0\ChatDev_ProgramDev_GPT4o_16_scored.json,1,"Implement a standard Connect Four game. Two players alternate placing discs into a seven-column, six-row grid. The objective is to form a horizontal, vertical, or diagonal line of four discs. Players choose columns by typing a number, and the board updates after each move until a win or draw. Validate column choices and end the game when a winning line is detected or the grid is full."
0.9999998700619568,0.6666664367978455,6.82560337633487e-08,ChatDev_ProgramDev_GPT4o_16_scored.json,1,c0,3,3,DemandAnalysis,0,0.0,0.0,Chief Product Officer,0.0\ChatDev_ProgramDev_GPT4o_16_scored.json,0.0\ChatDev_ProgramDev_GPT4o_16_scored.json,2,"Implement a standard Connect Four game. Two players alternate placing discs into a seven-column, six-row grid. The objective is to form a horizontal, vertical, or diagonal line of four discs. Players choose columns by typing a number, and the board updates after each move until a win or draw. Validate column choices and end the game when a winning line is detected or the grid is full."
1.0,0.6068075729729311,4.944450501938644e-09,ChatDev_ProgramDev_GPT4o_16_scored.json,2,c0,18,18,Manual,0,0.0,0.0,Chief Product Officer,0.0\ChatDev_ProgramDev_GPT4o_16_scored.json,0.0\ChatDev_ProgramDev_GPT4o_16_scored.json,3,"Implement a standard Connect Four game. Two players alternate placing discs into a seven-column, six-row grid. The objective is to form a horizontal, vertical, or diagonal line of four discs. Players choose columns by typing a number, and the board updates after each move until a win or draw. Validate column choices and end the game when a winning line is detected or the grid is full."
0.9999950935199559,0.9999950935199559,0.9999950935199559,ChatDev_ProgramDev_GPT4o_16_scored.json,0,c0,1,1,LanguageChoose,0,0.0,0.0,Chief Technology Officer,0.0\ChatDev_ProgramDev_GPT4o_16_scored.json,0.0\ChatDev_ProgramDev_GPT4o_16_scored.json,1,"Implement a standard Connect Four game. Two players alternate placing discs into a seven-column, six-row grid. The objective is to form a horizontal, vertical, or diagonal line of four discs. Players choose columns by typing a number, and the board updates after each move until a win or draw. Validate column choices and end the game when a winning line is detected or the grid is full."
0.9399133025282741,0.46312379550466864,0.002472623024627213,ChatDev_ProgramDev_GPT4o_16_scored.json,0,c0,4,4,CodeReviewComment,0,0.0,0.0,Code Reviewer,0.0\ChatDev_ProgramDev_GPT4o_16_scored.json,0.0\ChatDev_ProgramDev_GPT4o_16_scored.json,1,"Implement a standard Connect Four game. Two players alternate placing discs into a seven-column, six-row grid. The objective is to form a horizontal, vertical, or diagonal line of four discs. Players choose columns by typing a number, and the board updates after each move until a win or draw. Validate column choices and end the game when a winning line is detected or the grid is full."
3.535625324942473e-05,3.535625324942473e-05,3.535625324942473e-05,ChatDev_ProgramDev_GPT4o_16_scored.json,1,c0,1,1,CodeReviewComment,0,0.0,0.0,Code Reviewer,0.0\ChatDev_ProgramDev_GPT4o_16_scored.json,0.0\ChatDev_ProgramDev_GPT4o_16_scored.json,2,"Implement a standard Connect Four game. Two players alternate placing discs into a seven-column, six-row grid. The objective is to form a horizontal, vertical, or diagonal line of four discs. Players choose columns by typing a number, and the board updates after each move until a win or draw. Validate column choices and end the game when a winning line is detected or the grid is full."
0.2227001987478619,0.2227001987478619,0.2227001987478619,ChatDev_ProgramDev_GPT4o_16_scored.json,2,c0,1,1,CodeReviewComment,0,0.0,0.0,Code Reviewer,0.0\ChatDev_ProgramDev_GPT4o_16_scored.json,0.0\ChatDev_ProgramDev_GPT4o_16_scored.json,3,"Implement a standard Connect Four game. Two players alternate placing discs into a seven-column, six-row grid. The objective is to form a horizontal, vertical, or diagonal line of four discs. Players choose columns by typing a number, and the board updates after each move until a win or draw. Validate column choices and end the game when a winning line is detected or the grid is full."
0.9999998764623647,0.3314926180279412,2.215948977336598e-08,ChatDev_ProgramDev_GPT4o_16_scored.json,1,c0,25,25,CodeReviewModification,0,0.0,0.0,Programmer,0.0\ChatDev_ProgramDev_GPT4o_16_scored.json,0.0\ChatDev_ProgramDev_GPT4o_16_scored.json,2,"Implement a standard Connect Four game. Two players alternate placing discs into a seven-column, six-row grid. The objective is to form a horizontal, vertical, or diagonal line of four discs. Players choose columns by typing a number, and the board updates after each move until a win or draw. Validate column choices and end the game when a winning line is detected or the grid is full."
0.999999862854435,0.8518219012020555,0.014063627480306394,ChatDev_ProgramDev_GPT4o_16_scored.json,2,c0,28,28,CodeReviewModification,0,0.0,0.0,Programmer,0.0\ChatDev_ProgramDev_GPT4o_16_scored.json,0.0\ChatDev_ProgramDev_GPT4o_16_scored.json,3,"Implement a standard Connect Four game. Two players alternate placing discs into a seven-column, six-row grid. The objective is to form a horizontal, vertical, or diagonal line of four discs. Players choose columns by typing a number, and the board updates after each move until a win or draw. Validate column choices and end the game when a winning line is detected or the grid is full."
0.9999999095500544,0.8619031536111758,3.927863545481039e-07,ChatDev_ProgramDev_GPT4o_16_scored.json,3,c0,28,28,CodeReviewModification,0,0.0,0.0,Programmer,0.0\ChatDev_ProgramDev_GPT4o_16_scored.json,0.0\ChatDev_ProgramDev_GPT4o_16_scored.json,4,"Implement a standard Connect Four game. Two players alternate placing discs into a seven-column, six-row grid. The objective is to form a horizontal, vertical, or diagonal line of four discs. Players choose columns by typing a number, and the board updates after each move until a win or draw. Validate column choices and end the game when a winning line is detected or the grid is full."
0.9999998974281192,0.9992893787910075,0.9859362964463537,ChatDev_ProgramDev_GPT4o_16_scored.json,0,c0,20,20,Coding,0,0.0,0.0,Programmer,0.0\ChatDev_ProgramDev_GPT4o_16_scored.json,0.0\ChatDev_ProgramDev_GPT4o_16_scored.json,1,"Implement a standard Connect Four game. Two players alternate placing discs into a seven-column, six-row grid. The objective is to form a horizontal, vertical, or diagonal line of four discs. Players choose columns by typing a number, and the board updates after each move until a win or draw. Validate column choices and end the game when a winning line is detected or the grid is full."
0.9999998416339884,0.999999543220476,0.9999992448069637,ChatDev_ProgramDev_GPT4o_16_scored.json,4,c0,2,2,EnvironmentDoc,0,0.0,0.0,Programmer,0.0\ChatDev_ProgramDev_GPT4o_16_scored.json,0.0\ChatDev_ProgramDev_GPT4o_16_scored.json,5,"Implement a standard Connect Four game. Two players alternate placing discs into a seven-column, six-row grid. The objective is to form a horizontal, vertical, or diagonal line of four discs. Players choose columns by typing a number, and the board updates after each move until a win or draw. Validate column choices and end the game when a winning line is detected or the grid is full."
0.9999997305902396,0.9999687098981512,0.9998765015039908,ChatDev_ProgramDev_GPT4o_1_scored.json,0,c0,4,4,DemandAnalysis,0,0.0,0.0,Chief Product Officer,0.0\ChatDev_ProgramDev_GPT4o_1_scored.json,0.0\ChatDev_ProgramDev_GPT4o_1_scored.json,1,"Develop a classic Sudoku puzzle game that uses a 9x9 grid. Each row, column, and 3x3 subgrid must contain the digits 1 through 9 exactly once. The program should allow the player to input values for specific cells, check for mistakes, and confirm when the puzzle is completed."
0.9999998611504499,0.9999835431958779,0.9999251021182886,ChatDev_ProgramDev_GPT4o_1_scored.json,1,c0,5,5,DemandAnalysis,0,0.0,0.0,Chief Product Officer,0.0\ChatDev_ProgramDev_GPT4o_1_scored.json,0.0\ChatDev_ProgramDev_GPT4o_1_scored.json,2,"Develop a classic Sudoku puzzle game that uses a 9x9 grid. Each row, column, and 3x3 subgrid must contain the digits 1 through 9 exactly once. The program should allow the player to input values for specific cells, check for mistakes, and confirm when the puzzle is completed."
0.9999998984454211,0.4712642067053539,9.237449661970594e-09,ChatDev_ProgramDev_GPT4o_1_scored.json,2,c0,30,30,Manual,0,0.0,0.0,Chief Product Officer,0.0\ChatDev_ProgramDev_GPT4o_1_scored.json,0.0\ChatDev_ProgramDev_GPT4o_1_scored.json,3,"Develop a classic Sudoku puzzle game that uses a 9x9 grid. Each row, column, and 3x3 subgrid must contain the digits 1 through 9 exactly once. The program should allow the player to input values for specific cells, check for mistakes, and confirm when the puzzle is completed."
1.0,1.0,1.0,ChatDev_ProgramDev_GPT4o_1_scored.json,0,c0,1,1,LanguageChoose,0,0.0,0.0,Chief Technology Officer,0.0\ChatDev_ProgramDev_GPT4o_1_scored.json,0.0\ChatDev_ProgramDev_GPT4o_1_scored.json,1,"Develop a classic Sudoku puzzle game that uses a 9x9 grid. Each row, column, and 3x3 subgrid must contain the digits 1 through 9 exactly once. The program should allow the player to input values for specific cells, check for mistakes, and confirm when the puzzle is completed."
0.9999961548340506,0.8634581642635458,0.18242554254929316,ChatDev_ProgramDev_GPT4o_1_scored.json,0,c0,6,6,CodeReviewComment,0,0.0,0.0,Code Reviewer,0.0\ChatDev_ProgramDev_GPT4o_1_scored.json,0.0\ChatDev_ProgramDev_GPT4o_1_scored.json,1,"Develop a classic Sudoku puzzle game that uses a 9x9 grid. Each row, column, and 3x3 subgrid must contain the digits 1 through 9 exactly once. The program should allow the player to input values for specific cells, check for mistakes, and confirm when the puzzle is completed."
0.9999998762486311,0.8608486634787434,0.029312230647422503,ChatDev_ProgramDev_GPT4o_1_scored.json,1,c0,7,7,CodeReviewComment,0,0.0,0.0,Code Reviewer,0.0\ChatDev_ProgramDev_GPT4o_1_scored.json,0.0\ChatDev_ProgramDev_GPT4o_1_scored.json,2,"Develop a classic Sudoku puzzle game that uses a 9x9 grid. Each row, column, and 3x3 subgrid must contain the digits 1 through 9 exactly once. The program should allow the player to input values for specific cells, check for mistakes, and confirm when the puzzle is completed."
0.9999998684420693,0.9981676122677746,0.9890129872092465,ChatDev_ProgramDev_GPT4o_1_scored.json,2,c0,6,6,CodeReviewComment,0,0.0,0.0,Code Reviewer,0.0\ChatDev_ProgramDev_GPT4o_1_scored.json,0.0\ChatDev_ProgramDev_GPT4o_1_scored.json,3,"Develop a classic Sudoku puzzle game that uses a 9x9 grid. Each row, column, and 3x3 subgrid must contain the digits 1 through 9 exactly once. The program should allow the player to input values for specific cells, check for mistakes, and confirm when the puzzle is completed."
0.985936352134859,0.09092551204521787,3.927863545481039e-07,ChatDev_ProgramDev_GPT4o_1_scored.json,1,c0,30,30,CodeReviewModification,0,0.0,0.0,Programmer,0.0\ChatDev_ProgramDev_GPT4o_1_scored.json,0.0\ChatDev_ProgramDev_GPT4o_1_scored.json,2,"Develop a classic Sudoku puzzle game that uses a 9x9 grid. Each row, column, and 3x3 subgrid must contain the digits 1 through 9 exactly once. The program should allow the player to input values for specific cells, check for mistakes, and confirm when the puzzle is completed."
0.9399133214570395,0.04975462488242331,3.927863545481039e-07,ChatDev_ProgramDev_GPT4o_1_scored.json,2,c0,30,30,CodeReviewModification,0,0.0,0.0,Programmer,0.0\ChatDev_ProgramDev_GPT4o_1_scored.json,0.0\ChatDev_ProgramDev_GPT4o_1_scored.json,3,"Develop a classic Sudoku puzzle game that uses a 9x9 grid. Each row, column, and 3x3 subgrid must contain the digits 1 through 9 exactly once. The program should allow the player to input values for specific cells, check for mistakes, and confirm when the puzzle is completed."
0.7310585607453195,0.034837152290559295,9.931194312156244e-08,ChatDev_ProgramDev_GPT4o_1_scored.json,3,c0,32,32,CodeReviewModification,0,0.0,0.0,Programmer,0.0\ChatDev_ProgramDev_GPT4o_1_scored.json,0.0\ChatDev_ProgramDev_GPT4o_1_scored.json,4,"Develop a classic Sudoku puzzle game that uses a 9x9 grid. Each row, column, and 3x3 subgrid must contain the digits 1 through 9 exactly once. The program should allow the player to input values for specific cells, check for mistakes, and confirm when the puzzle is completed."
0.9999998447628747,0.43241252571839595,7.88926463665814e-06,ChatDev_ProgramDev_GPT4o_1_scored.json,0,c0,22,22,Coding,0,0.0,0.0,Programmer,0.0\ChatDev_ProgramDev_GPT4o_1_scored.json,0.0\ChatDev_ProgramDev_GPT4o_1_scored.json,1,"Develop a classic Sudoku puzzle game that uses a 9x9 grid. Each row, column, and 3x3 subgrid must contain the digits 1 through 9 exactly once. The program should allow the player to input values for specific cells, check for mistakes, and confirm when the puzzle is completed."
1.0,0.9999988413446435,0.9999976826892868,ChatDev_ProgramDev_GPT4o_1_scored.json,4,c0,2,2,EnvironmentDoc,0,0.0,0.0,Programmer,0.0\ChatDev_ProgramDev_GPT4o_1_scored.json,0.0\ChatDev_ProgramDev_GPT4o_1_scored.json,5,"Develop a classic Sudoku puzzle game that uses a 9x9 grid. Each row, column, and 3x3 subgrid must contain the digits 1 through 9 exactly once. The program should allow the player to input values for specific cells, check for mistakes, and confirm when the puzzle is completed."
0.9999998689587007,0.6344706437291758,0.268941418499651,ChatDev_ProgramDev_GPT4o_1_scored.json,5,c0,2,2,EnvironmentDoc,0,0.0,0.0,Programmer,0.0\ChatDev_ProgramDev_GPT4o_1_scored.json,0.0\ChatDev_ProgramDev_GPT4o_1_scored.json,6,"Develop a classic Sudoku puzzle game that uses a 9x9 grid. Each row, column, and 3x3 subgrid must contain the digits 1 through 9 exactly once. The program should allow the player to input values for specific cells, check for mistakes, and confirm when the puzzle is completed."
0.999996249932562,0.6113482145466596,0.22270017916075713,ChatDev_ProgramDev_GPT4o_20_scored.json,0,c0,2,2,Reflection,0,0.0,0.0,Chief Executive Officer,0.0\ChatDev_ProgramDev_GPT4o_20_scored.json,0.0\ChatDev_ProgramDev_GPT4o_20_scored.json,1,"Develop a Reversi (Othello) board game. Two players alternate placing discs on an 8x8 grid, flipping the opponent’s discs that lie between the newly placed piece and existing pieces of the same color. The game ends when the board is full or no valid moves remain. The program should automatically identify valid moves, flip discs, and display the current score."
0.9999992439906905,0.9856855589113047,0.9046504778552781,ChatDev_ProgramDev_GPT4o_20_scored.json,0,c0,7,7,DemandAnalysis,0,0.0,0.0,Chief Product Officer,0.0\ChatDev_ProgramDev_GPT4o_20_scored.json,0.0\ChatDev_ProgramDev_GPT4o_20_scored.json,1,"Develop a Reversi (Othello) board game. Two players alternate placing discs on an 8x8 grid, flipping the opponent’s discs that lie between the newly placed piece and existing pieces of the same color. The game ends when the board is full or no valid moves remain. The program should automatically identify valid moves, flip discs, and display the current score."
1.4449802461092448e-07,1.4449802461092448e-07,1.4449802461092448e-07,ChatDev_ProgramDev_GPT4o_20_scored.json,1,c0,1,1,DemandAnalysis,0,0.0,0.0,Chief Product Officer,0.0\ChatDev_ProgramDev_GPT4o_20_scored.json,0.0\ChatDev_ProgramDev_GPT4o_20_scored.json,2,"Develop a Reversi (Othello) board game. Two players alternate placing discs on an 8x8 grid, flipping the opponent’s discs that lie between the newly placed piece and existing pieces of the same color. The game ends when the board is full or no valid moves remain. The program should automatically identify valid moves, flip discs, and display the current score."
1.0,0.5708607477442399,1.186112015134383e-08,ChatDev_ProgramDev_GPT4o_20_scored.json,2,c0,25,25,Manual,0,0.0,0.0,Chief Product Officer,0.0\ChatDev_ProgramDev_GPT4o_20_scored.json,0.0\ChatDev_ProgramDev_GPT4o_20_scored.json,3,"Develop a Reversi (Othello) board game. Two players alternate placing discs on an 8x8 grid, flipping the opponent’s discs that lie between the newly placed piece and existing pieces of the same color. The game ends when the board is full or no valid moves remain. The program should automatically identify valid moves, flip discs, and display the current score."
1.0,1.0,1.0,ChatDev_ProgramDev_GPT4o_20_scored.json,0,c0,1,1,LanguageChoose,0,0.0,0.0,Chief Technology Officer,0.0\ChatDev_ProgramDev_GPT4o_20_scored.json,0.0\ChatDev_ProgramDev_GPT4o_20_scored.json,1,"Develop a Reversi (Othello) board game. Two players alternate placing discs on an 8x8 grid, flipping the opponent’s discs that lie between the newly placed piece and existing pieces of the same color. The game ends when the board is full or no valid moves remain. The program should automatically identify valid moves, flip discs, and display the current score."
0.9999724164160989,0.6055977541227814,0.0019267342527389902,ChatDev_ProgramDev_GPT4o_20_scored.json,0,c0,7,7,CodeReviewComment,0,0.0,0.0,Code Reviewer,0.0\ChatDev_ProgramDev_GPT4o_20_scored.json,0.0\ChatDev_ProgramDev_GPT4o_20_scored.json,1,"Develop a Reversi (Othello) board game. Two players alternate placing discs on an 8x8 grid, flipping the opponent’s discs that lie between the newly placed piece and existing pieces of the same color. The game ends when the board is full or no valid moves remain. The program should automatically identify valid moves, flip discs, and display the current score."
0.9999784997255267,0.7713489815143884,0.006692851264215723,ChatDev_ProgramDev_GPT4o_20_scored.json,1,c0,5,5,CodeReviewComment,0,0.0,0.0,Code Reviewer,0.0\ChatDev_ProgramDev_GPT4o_20_scored.json,0.0\ChatDev_ProgramDev_GPT4o_20_scored.json,2,"Develop a Reversi (Othello) board game. Two players alternate placing discs on an 8x8 grid, flipping the opponent’s discs that lie between the newly placed piece and existing pieces of the same color. The game ends when the board is full or no valid moves remain. The program should automatically identify valid moves, flip discs, and display the current score."
0.9999996057800097,0.9150015837503155,0.3208213289408531,ChatDev_ProgramDev_GPT4o_20_scored.json,2,c0,8,8,CodeReviewComment,0,0.0,0.0,Code Reviewer,0.0\ChatDev_ProgramDev_GPT4o_20_scored.json,0.0\ChatDev_ProgramDev_GPT4o_20_scored.json,3,"Develop a Reversi (Othello) board game. Two players alternate placing discs on an 8x8 grid, flipping the opponent’s discs that lie between the newly placed piece and existing pieces of the same color. The game ends when the board is full or no valid moves remain. The program should automatically identify valid moves, flip discs, and display the current score."
0.9626730314636538,0.18623735039738376,3.7266389560521204e-06,ChatDev_ProgramDev_GPT4o_20_scored.json,1,c0,20,20,CodeReviewModification,0,0.0,0.0,Programmer,0.0\ChatDev_ProgramDev_GPT4o_20_scored.json,0.0\ChatDev_ProgramDev_GPT4o_20_scored.json,2,"Develop a Reversi (Othello) board game. Two players alternate placing discs on an 8x8 grid, flipping the opponent’s discs that lie between the newly placed piece and existing pieces of the same color. The game ends when the board is full or no valid moves remain. The program should automatically identify valid moves, flip discs, and display the current score."
0.9999961407520577,0.293133602863222,9.237449661970594e-09,ChatDev_ProgramDev_GPT4o_20_scored.json,2,c0,19,19,CodeReviewModification,0,0.0,0.0,Programmer,0.0\ChatDev_ProgramDev_GPT4o_20_scored.json,0.0\ChatDev_ProgramDev_GPT4o_20_scored.json,3,"Develop a Reversi (Othello) board game. Two players alternate placing discs on an 8x8 grid, flipping the opponent’s discs that lie between the newly placed piece and existing pieces of the same color. The game ends when the board is full or no valid moves remain. The program should automatically identify valid moves, flip discs, and display the current score."
0.9999998790068653,0.56527620752513,7.582560427911907e-10,ChatDev_ProgramDev_GPT4o_20_scored.json,3,c0,23,23,CodeReviewModification,0,0.0,0.0,Programmer,0.0\ChatDev_ProgramDev_GPT4o_20_scored.json,0.0\ChatDev_ProgramDev_GPT4o_20_scored.json,4,"Develop a Reversi (Othello) board game. Two players alternate placing discs on an 8x8 grid, flipping the opponent’s discs that lie between the newly placed piece and existing pieces of the same color. The game ends when the board is full or no valid moves remain. The program should automatically identify valid moves, flip discs, and display the current score."
0.9999998708722214,0.8935654124099923,0.0011695103074966034,ChatDev_ProgramDev_GPT4o_20_scored.json,0,c0,19,19,Coding,0,0.0,0.0,Programmer,0.0\ChatDev_ProgramDev_GPT4o_20_scored.json,0.0\ChatDev_ProgramDev_GPT4o_20_scored.json,1,"Develop a Reversi (Othello) board game. Two players alternate placing discs on an 8x8 grid, flipping the opponent’s discs that lie between the newly placed piece and existing pieces of the same color. The game ends when the board is full or no valid moves remain. The program should automatically identify valid moves, flip discs, and display the current score."
0.9999998618808149,0.9999861463688737,0.9999724308569327,ChatDev_ProgramDev_GPT4o_20_scored.json,4,c0,2,2,EnvironmentDoc,0,0.0,0.0,Programmer,0.0\ChatDev_ProgramDev_GPT4o_20_scored.json,0.0\ChatDev_ProgramDev_GPT4o_20_scored.json,5,"Develop a Reversi (Othello) board game. Two players alternate placing discs on an 8x8 grid, flipping the opponent’s discs that lie between the newly placed piece and existing pieces of the same color. The game ends when the board is full or no valid moves remain. The program should automatically identify valid moves, flip discs, and display the current score."
0.9968272902190591,0.3523917126775154,0.0002611902975925828,ChatDev_ProgramDev_GPT4o_22_scored.json,0,c0,3,3,DemandAnalysis,0,0.0,0.0,Chief Product Officer,0.0\ChatDev_ProgramDev_GPT4o_22_scored.json,0.0\ChatDev_ProgramDev_GPT4o_22_scored.json,1,"Create a simplified version of Monopoly Go! with basic board mechanics: rolling dice, moving around properties, buying them, collecting rent, and handling chance events. Track player money and property ownership. Display relevant game information and prompt each player for decisions. Implement essential rules for jail, free parking, and simplified chance cards."
0.9999998447446655,0.6663629101546845,2.335593038799337e-09,ChatDev_ProgramDev_GPT4o_22_scored.json,1,c0,3,3,DemandAnalysis,0,0.0,0.0,Chief Product Officer,0.0\ChatDev_ProgramDev_GPT4o_22_scored.json,0.0\ChatDev_ProgramDev_GPT4o_22_scored.json,2,"Create a simplified version of Monopoly Go! with basic board mechanics: rolling dice, moving around properties, buying them, collecting rent, and handling chance events. Track player money and property ownership. Display relevant game information and prompt each player for decisions. Implement essential rules for jail, free parking, and simplified chance cards."
0.0001584362410990077,0.0001584362410990077,0.0001584362410990077,ChatDev_ProgramDev_GPT4o_22_scored.json,2,c0,1,1,DemandAnalysis,1,0.0,0.0,Chief Product Officer,0.0\ChatDev_ProgramDev_GPT4o_22_scored.json,0.0\ChatDev_ProgramDev_GPT4o_22_scored.json,3,"Create a simplified version of Monopoly Go! with basic board mechanics: rolling dice, moving around properties, buying them, collecting rent, and handling chance events. Track player money and property ownership. Display relevant game information and prompt each player for decisions. Implement essential rules for jail, free parking, and simplified chance cards."
0.9999998779526161,0.6227984853075685,4.058652126475693e-10,ChatDev_ProgramDev_GPT4o_22_scored.json,3,c0,16,16,Manual,0,0.0,0.0,Chief Product Officer,0.0\ChatDev_ProgramDev_GPT4o_22_scored.json,0.0\ChatDev_ProgramDev_GPT4o_22_scored.json,4,"Create a simplified version of Monopoly Go! with basic board mechanics: rolling dice, moving around properties, buying them, collecting rent, and handling chance events. Track player money and property ownership. Display relevant game information and prompt each player for decisions. Implement essential rules for jail, free parking, and simplified chance cards."
0.9999998961067276,0.9999998961067276,0.9999998961067276,ChatDev_ProgramDev_GPT4o_22_scored.json,0,c0,1,1,LanguageChoose,0,0.0,0.0,Chief Technology Officer,0.0\ChatDev_ProgramDev_GPT4o_22_scored.json,0.0\ChatDev_ProgramDev_GPT4o_22_scored.json,1,"Create a simplified version of Monopoly Go! with basic board mechanics: rolling dice, moving around properties, buying them, collecting rent, and handling chance events. Track player money and property ownership. Display relevant game information and prompt each player for decisions. Implement essential rules for jail, free parking, and simplified chance cards."
0.9999037721058532,0.7590015838314469,0.03732688389372495,ChatDev_ProgramDev_GPT4o_22_scored.json,0,c0,7,7,CodeReviewComment,0,0.0,0.0,Code Reviewer,0.0\ChatDev_ProgramDev_GPT4o_22_scored.json,0.0\ChatDev_ProgramDev_GPT4o_22_scored.json,1,"Create a simplified version of Monopoly Go! with basic board mechanics: rolling dice, moving around properties, buying them, collecting rent, and handling chance events. Track player money and property ownership. Display relevant game information and prompt each player for decisions. Implement essential rules for jail, free parking, and simplified chance cards."
0.9947798381960771,0.6901371346254491,0.14804720681932432,ChatDev_ProgramDev_GPT4o_22_scored.json,1,c0,7,7,CodeReviewComment,0,0.0,0.0,Code Reviewer,0.0\ChatDev_ProgramDev_GPT4o_22_scored.json,0.0\ChatDev_ProgramDev_GPT4o_22_scored.json,2,"Create a simplified version of Monopoly Go! with basic board mechanics: rolling dice, moving around properties, buying them, collecting rent, and handling chance events. Track player money and property ownership. Display relevant game information and prompt each player for decisions. Implement essential rules for jail, free parking, and simplified chance cards."
0.9975273573522321,0.6721654702396581,0.010986942675004283,ChatDev_ProgramDev_GPT4o_22_scored.json,2,c0,6,6,CodeReviewComment,0,0.0,0.0,Code Reviewer,0.0\ChatDev_ProgramDev_GPT4o_22_scored.json,0.0\ChatDev_ProgramDev_GPT4o_22_scored.json,3,"Create a simplified version of Monopoly Go! with basic board mechanics: rolling dice, moving around properties, buying them, collecting rent, and handling chance events. Track player money and property ownership. Display relevant game information and prompt each player for decisions. Implement essential rules for jail, free parking, and simplified chance cards."
0.22270016420558408,0.009527338759266209,3.927863545481039e-07,ChatDev_ProgramDev_GPT4o_22_scored.json,1,c0,26,26,CodeReviewModification,0,0.0,0.0,Programmer,0.0\ChatDev_ProgramDev_GPT4o_22_scored.json,0.0\ChatDev_ProgramDev_GPT4o_22_scored.json,2,"Create a simplified version of Monopoly Go! with basic board mechanics: rolling dice, moving around properties, buying them, collecting rent, and handling chance events. Track player money and property ownership. Display relevant game information and prompt each player for decisions. Implement essential rules for jail, free parking, and simplified chance cards."
0.1192029217047965,0.005896615993084663,8.764248219443636e-08,ChatDev_ProgramDev_GPT4o_22_scored.json,2,c0,26,26,CodeReviewModification,0,0.0,0.0,Programmer,0.0\ChatDev_ProgramDev_GPT4o_22_scored.json,0.0\ChatDev_ProgramDev_GPT4o_22_scored.json,3,"Create a simplified version of Monopoly Go! with basic board mechanics: rolling dice, moving around properties, buying them, collecting rent, and handling chance events. Track player money and property ownership. Display relevant game information and prompt each player for decisions. Implement essential rules for jail, free parking, and simplified chance cards."
0.437823484260109,0.015640935632489278,1.1253517471925912e-07,ChatDev_ProgramDev_GPT4o_22_scored.json,3,c0,29,29,CodeReviewModification,0,0.0,0.0,Programmer,0.0\ChatDev_ProgramDev_GPT4o_22_scored.json,0.0\ChatDev_ProgramDev_GPT4o_22_scored.json,4,"Create a simplified version of Monopoly Go! with basic board mechanics: rolling dice, moving around properties, buying them, collecting rent, and handling chance events. Track player money and property ownership. Display relevant game information and prompt each player for decisions. Implement essential rules for jail, free parking, and simplified chance cards."
0.9999998445274195,0.7455465220992376,2.8453348089834e-08,ChatDev_ProgramDev_GPT4o_22_scored.json,0,c0,29,29,Coding,0,0.0,0.0,Programmer,0.0\ChatDev_ProgramDev_GPT4o_22_scored.json,0.0\ChatDev_ProgramDev_GPT4o_22_scored.json,1,"Create a simplified version of Monopoly Go! with basic board mechanics: rolling dice, moving around properties, buying them, collecting rent, and handling chance events. Track player money and property ownership. Display relevant game information and prompt each player for decisions. Implement essential rules for jail, free parking, and simplified chance cards."
0.9999898179788462,0.9999771828961166,0.999964547813387,ChatDev_ProgramDev_GPT4o_22_scored.json,4,c0,2,2,EnvironmentDoc,0,0.0,0.0,Programmer,0.0\ChatDev_ProgramDev_GPT4o_22_scored.json,0.0\ChatDev_ProgramDev_GPT4o_22_scored.json,5,"Create a simplified version of Monopoly Go! with basic board mechanics: rolling dice, moving around properties, buying them, collecting rent, and handling chance events. Track player money and property ownership. Display relevant game information and prompt each player for decisions. Implement essential rules for jail, free parking, and simplified chance cards."
1.0,0.9979649219855101,0.9959298439710202,ChatDev_ProgramDev_GPT4o_22_scored.json,5,c0,2,2,EnvironmentDoc,0,0.0,0.0,Programmer,0.0\ChatDev_ProgramDev_GPT4o_22_scored.json,0.0\ChatDev_ProgramDev_GPT4o_22_scored.json,6,"Create a simplified version of Monopoly Go! with basic board mechanics: rolling dice, moving around properties, buying them, collecting rent, and handling chance events. Track player money and property ownership. Display relevant game information and prompt each player for decisions. Implement essential rules for jail, free parking, and simplified chance cards."
1.0,1.0,1.0,ChatDev_ProgramDev_GPT4o_23_scored.json,0,c0,2,2,Reflection,0,0.0,0.0,Chief Executive Officer,0.0\ChatDev_ProgramDev_GPT4o_23_scored.json,0.0\ChatDev_ProgramDev_GPT4o_23_scored.json,1,Develop an interactive storytelling game. Present narrative segments and branching choices. Player decisions influence subsequent story events. Track variables such as relationships or items that alter possible endings. Provide users with different paths based on choices. Store branches in a structured way and use conditional checks to shape the storyline.
0.9999985158202017,0.9962801729631268,0.9859362743547745,ChatDev_ProgramDev_GPT4o_23_scored.json,0,c0,4,4,DemandAnalysis,0,0.0,0.0,Chief Product Officer,0.0\ChatDev_ProgramDev_GPT4o_23_scored.json,0.0\ChatDev_ProgramDev_GPT4o_23_scored.json,1,Develop an interactive storytelling game. Present narrative segments and branching choices. Player decisions influence subsequent story events. Track variables such as relationships or items that alter possible endings. Provide users with different paths based on choices. Store branches in a structured way and use conditional checks to shape the storyline.
1.0,0.9628807059185118,0.7772999032803931,ChatDev_ProgramDev_GPT4o_23_scored.json,1,c0,6,6,DemandAnalysis,0,0.0,0.0,Chief Product Officer,0.0\ChatDev_ProgramDev_GPT4o_23_scored.json,0.0\ChatDev_ProgramDev_GPT4o_23_scored.json,2,Develop an interactive storytelling game. Present narrative segments and branching choices. Player decisions influence subsequent story events. Track variables such as relationships or items that alter possible endings. Provide users with different paths based on choices. Store branches in a structured way and use conditional checks to shape the storyline.
1.0,0.5243010718816862,5.602796437537268e-09,ChatDev_ProgramDev_GPT4o_23_scored.json,2,c0,16,16,Manual,0,0.0,0.0,Chief Product Officer,0.0\ChatDev_ProgramDev_GPT4o_23_scored.json,0.0\ChatDev_ProgramDev_GPT4o_23_scored.json,3,Develop an interactive storytelling game. Present narrative segments and branching choices. Player decisions influence subsequent story events. Track variables such as relationships or items that alter possible endings. Provide users with different paths based on choices. Store branches in a structured way and use conditional checks to shape the storyline.
0.9999961410437864,0.9999961410437864,0.9999961410437864,ChatDev_ProgramDev_GPT4o_23_scored.json,0,c0,1,1,LanguageChoose,0,0.0,0.0,Chief Technology Officer,0.0\ChatDev_ProgramDev_GPT4o_23_scored.json,0.0\ChatDev_ProgramDev_GPT4o_23_scored.json,1,Develop an interactive storytelling game. Present narrative segments and branching choices. Player decisions influence subsequent story events. Track variables such as relationships or items that alter possible endings. Provide users with different paths based on choices. Store branches in a structured way and use conditional checks to shape the storyline.
0.9399132844974566,0.9399132844974566,0.9399132844974566,ChatDev_ProgramDev_GPT4o_23_scored.json,1,c0,1,1,LanguageChoose,0,0.0,0.0,Chief Technology Officer,0.0\ChatDev_ProgramDev_GPT4o_23_scored.json,0.0\ChatDev_ProgramDev_GPT4o_23_scored.json,2,Develop an interactive storytelling game. Present narrative segments and branching choices. Player decisions influence subsequent story events. Track variables such as relationships or items that alter possible endings. Provide users with different paths based on choices. Store branches in a structured way and use conditional checks to shape the storyline.
0.9999998622234002,0.6250578984111985,8.315279260963632e-07,ChatDev_ProgramDev_GPT4o_23_scored.json,0,c0,8,8,CodeReviewComment,0,0.0,0.0,Code Reviewer,0.0\ChatDev_ProgramDev_GPT4o_23_scored.json,0.0\ChatDev_ProgramDev_GPT4o_23_scored.json,1,Develop an interactive storytelling game. Present narrative segments and branching choices. Player decisions influence subsequent story events. Track variables such as relationships or items that alter possible endings. Provide users with different paths based on choices. Store branches in a structured way and use conditional checks to shape the storyline.
1.0,0.7629469904439563,0.047425880616677185,ChatDev_ProgramDev_GPT4o_23_scored.json,1,c0,8,8,CodeReviewComment,0,0.0,0.0,Code Reviewer,0.0\ChatDev_ProgramDev_GPT4o_23_scored.json,0.0\ChatDev_ProgramDev_GPT4o_23_scored.json,2,Develop an interactive storytelling game. Present narrative segments and branching choices. Player decisions influence subsequent story events. Track variables such as relationships or items that alter possible endings. Provide users with different paths based on choices. Store branches in a structured way and use conditional checks to shape the storyline.
0.9999992484683105,0.8282744058373108,0.005220125868449866,ChatDev_ProgramDev_GPT4o_23_scored.json,2,c0,8,8,CodeReviewComment,0,0.0,0.0,Code Reviewer,0.0\ChatDev_ProgramDev_GPT4o_23_scored.json,0.0\ChatDev_ProgramDev_GPT4o_23_scored.json,3,Develop an interactive storytelling game. Present narrative segments and branching choices. Player decisions influence subsequent story events. Track variables such as relationships or items that alter possible endings. Provide users with different paths based on choices. Store branches in a structured way and use conditional checks to shape the storyline.
0.995929819371532,0.23752117102575976,6.144171336422507e-06,ChatDev_ProgramDev_GPT4o_23_scored.json,1,c0,31,31,CodeReviewModification,0,0.0,0.0,Programmer,0.0\ChatDev_ProgramDev_GPT4o_23_scored.json,0.0\ChatDev_ProgramDev_GPT4o_23_scored.json,2,Develop an interactive storytelling game. Present narrative segments and branching choices. Player decisions influence subsequent story events. Track variables such as relationships or items that alter possible endings. Provide users with different paths based on choices. Store branches in a structured way and use conditional checks to shape the storyline.
0.9706876630169265,0.14417254001289295,3.535625324942473e-05,ChatDev_ProgramDev_GPT4o_23_scored.json,2,c0,25,25,CodeReviewModification,0,0.0,0.0,Programmer,0.0\ChatDev_ProgramDev_GPT4o_23_scored.json,0.0\ChatDev_ProgramDev_GPT4o_23_scored.json,3,Develop an interactive storytelling game. Present narrative segments and branching choices. Player decisions influence subsequent story events. Track variables such as relationships or items that alter possible endings. Provide users with different paths based on choices. Store branches in a structured way and use conditional checks to shape the storyline.
0.9914224733571774,0.13213327575665107,6.144171336422507e-06,ChatDev_ProgramDev_GPT4o_23_scored.json,3,c0,25,25,CodeReviewModification,0,0.0,0.0,Programmer,0.0\ChatDev_ProgramDev_GPT4o_23_scored.json,0.0\ChatDev_ProgramDev_GPT4o_23_scored.json,4,Develop an interactive storytelling game. Present narrative segments and branching choices. Player decisions influence subsequent story events. Track variables such as relationships or items that alter possible endings. Provide users with different paths based on choices. Store branches in a structured way and use conditional checks to shape the storyline.
1.0,0.5129198300962877,0.0,ChatDev_ProgramDev_GPT4o_23_scored.json,0,c0,15,15,Coding,0,0.0,0.0,Programmer,0.0\ChatDev_ProgramDev_GPT4o_23_scored.json,0.0\ChatDev_ProgramDev_GPT4o_23_scored.json,1,Develop an interactive storytelling game. Present narrative segments and branching choices. Player decisions influence subsequent story events. Track variables such as relationships or items that alter possible endings. Provide users with different paths based on choices. Store branches in a structured way and use conditional checks to shape the storyline.
0.9999996116538694,0.9999988878981867,0.9999981641425041,ChatDev_ProgramDev_GPT4o_23_scored.json,4,c0,2,2,EnvironmentDoc,0,0.0,0.0,Programmer,0.0\ChatDev_ProgramDev_GPT4o_23_scored.json,0.0\ChatDev_ProgramDev_GPT4o_23_scored.json,5,Develop an interactive storytelling game. Present narrative segments and branching choices. Player decisions influence subsequent story events. Track variables such as relationships or items that alter possible endings. Provide users with different paths based on choices. Store branches in a structured way and use conditional checks to shape the storyline.
0.9999998764658771,0.49999994931268343,2.215948977336598e-08,ChatDev_ProgramDev_GPT4o_24_scored.json,0,c0,2,2,Reflection,0,0.0,0.0,Chief Executive Officer,0.0\ChatDev_ProgramDev_GPT4o_24_scored.json,0.0\ChatDev_ProgramDev_GPT4o_24_scored.json,1,"Implement a match-3 puzzle game reminiscent of Candy Crush. Represent the board and let users swap adjacent candies to form matches of three or more. Matches are cleared, new candies appear, and scoring is tracked. The board updates after each valid move. Incorporate chain reactions when candies fall and possibly track moves or time-based constraints."
0.9999997304237837,0.9999364937737656,0.9997965109462913,ChatDev_ProgramDev_GPT4o_24_scored.json,0,c0,4,4,DemandAnalysis,0,0.0,0.0,Chief Product Officer,0.0\ChatDev_ProgramDev_GPT4o_24_scored.json,0.0\ChatDev_ProgramDev_GPT4o_24_scored.json,1,"Implement a match-3 puzzle game reminiscent of Candy Crush. Represent the board and let users swap adjacent candies to form matches of three or more. Matches are cleared, new candies appear, and scoring is tracked. The board updates after each valid move. Incorporate chain reactions when candies fall and possibly track moves or time-based constraints."
1.0,0.9999999058818082,0.9999998492033553,ChatDev_ProgramDev_GPT4o_24_scored.json,1,c0,3,3,DemandAnalysis,0,0.0,0.0,Chief Product Officer,0.0\ChatDev_ProgramDev_GPT4o_24_scored.json,0.0\ChatDev_ProgramDev_GPT4o_24_scored.json,2,"Implement a match-3 puzzle game reminiscent of Candy Crush. Represent the board and let users swap adjacent candies to form matches of three or more. Matches are cleared, new candies appear, and scoring is tracked. The board updates after each valid move. Incorporate chain reactions when candies fall and possibly track moves or time-based constraints."
0.9999998611504499,0.547595983949839,2.335593038799337e-09,ChatDev_ProgramDev_GPT4o_24_scored.json,2,c0,16,16,Manual,0,0.0,0.0,Chief Product Officer,0.0\ChatDev_ProgramDev_GPT4o_24_scored.json,0.0\ChatDev_ProgramDev_GPT4o_24_scored.json,3,"Implement a match-3 puzzle game reminiscent of Candy Crush. Represent the board and let users swap adjacent candies to form matches of three or more. Matches are cleared, new candies appear, and scoring is tracked. The board updates after each valid move. Incorporate chain reactions when candies fall and possibly track moves or time-based constraints."
0.9999998859381004,0.9999998859381004,0.9999998859381004,ChatDev_ProgramDev_GPT4o_24_scored.json,0,c0,1,1,LanguageChoose,0,0.0,0.0,Chief Technology Officer,0.0\ChatDev_ProgramDev_GPT4o_24_scored.json,0.0\ChatDev_ProgramDev_GPT4o_24_scored.json,1,"Implement a match-3 puzzle game reminiscent of Candy Crush. Represent the board and let users swap adjacent candies to form matches of three or more. Matches are cleared, new candies appear, and scoring is tracked. The board updates after each valid move. Incorporate chain reactions when candies fall and possibly track moves or time-based constraints."
0.999999367210991,0.6245347687912723,2.9989608248573072e-09,ChatDev_ProgramDev_GPT4o_24_scored.json,0,c0,8,8,CodeReviewComment,0,0.0,0.0,Code Reviewer,0.0\ChatDev_ProgramDev_GPT4o_24_scored.json,0.0\ChatDev_ProgramDev_GPT4o_24_scored.json,1,"Implement a match-3 puzzle game reminiscent of Candy Crush. Represent the board and let users swap adjacent candies to form matches of three or more. Matches are cleared, new candies appear, and scoring is tracked. The board updates after each valid move. Incorporate chain reactions when candies fall and possibly track moves or time-based constraints."
0.9999416667793116,0.39615539919324194,6.47594599989589e-07,ChatDev_ProgramDev_GPT4o_24_scored.json,1,c0,8,8,CodeReviewComment,0,0.0,0.0,Code Reviewer,0.0\ChatDev_ProgramDev_GPT4o_24_scored.json,0.0\ChatDev_ProgramDev_GPT4o_24_scored.json,2,"Implement a match-3 puzzle game reminiscent of Candy Crush. Represent the board and let users swap adjacent candies to form matches of three or more. Matches are cleared, new candies appear, and scoring is tracked. The board updates after each valid move. Incorporate chain reactions when candies fall and possibly track moves or time-based constraints."
0.9968273357576143,0.4204805454451727,0.029312230083464542,ChatDev_ProgramDev_GPT4o_24_scored.json,2,c0,6,6,CodeReviewComment,0,0.0,0.0,Code Reviewer,0.0\ChatDev_ProgramDev_GPT4o_24_scored.json,0.0\ChatDev_ProgramDev_GPT4o_24_scored.json,3,"Implement a match-3 puzzle game reminiscent of Candy Crush. Represent the board and let users swap adjacent candies to form matches of three or more. Matches are cleared, new candies appear, and scoring is tracked. The board updates after each valid move. Incorporate chain reactions when candies fall and possibly track moves or time-based constraints."
0.9999998782291489,0.8962246035674362,0.00070967033651176,ChatDev_ProgramDev_GPT4o_24_scored.json,1,c0,20,20,CodeReviewModification,0,0.0,0.0,Programmer,0.0\ChatDev_ProgramDev_GPT4o_24_scored.json,0.0\ChatDev_ProgramDev_GPT4o_24_scored.json,2,"Implement a match-3 puzzle game reminiscent of Candy Crush. Represent the board and let users swap adjacent candies to form matches of three or more. Matches are cleared, new candies appear, and scoring is tracked. The board updates after each valid move. Incorporate chain reactions when candies fall and possibly track moves or time-based constraints."
0.26894141510173475,0.012098565563798236,1.0677029917933763e-06,ChatDev_ProgramDev_GPT4o_24_scored.json,2,c0,24,24,CodeReviewModification,0,0.0,0.0,Programmer,0.0\ChatDev_ProgramDev_GPT4o_24_scored.json,0.0\ChatDev_ProgramDev_GPT4o_24_scored.json,3,"Implement a match-3 puzzle game reminiscent of Candy Crush. Represent the board and let users swap adjacent candies to form matches of three or more. Matches are cleared, new candies appear, and scoring is tracked. The board updates after each valid move. Incorporate chain reactions when candies fall and possibly track moves or time-based constraints."
0.9999996111507768,0.7790050375805398,1.6701414089010932e-05,ChatDev_ProgramDev_GPT4o_24_scored.json,3,c0,24,24,CodeReviewModification,0,0.0,0.0,Programmer,0.0\ChatDev_ProgramDev_GPT4o_24_scored.json,0.0\ChatDev_ProgramDev_GPT4o_24_scored.json,4,"Implement a match-3 puzzle game reminiscent of Candy Crush. Represent the board and let users swap adjacent candies to form matches of three or more. Matches are cleared, new candies appear, and scoring is tracked. The board updates after each valid move. Incorporate chain reactions when candies fall and possibly track moves or time-based constraints."
1.0,0.7553361646274671,0.0019267342527389902,ChatDev_ProgramDev_GPT4o_24_scored.json,0,c0,19,19,Coding,0,0.0,0.0,Programmer,0.0\ChatDev_ProgramDev_GPT4o_24_scored.json,0.0\ChatDev_ProgramDev_GPT4o_24_scored.json,1,"Implement a match-3 puzzle game reminiscent of Candy Crush. Represent the board and let users swap adjacent candies to form matches of three or more. Matches are cleared, new candies appear, and scoring is tracked. The board updates after each valid move. Incorporate chain reactions when candies fall and possibly track moves or time-based constraints."
0.9999998621917955,0.9999997912955031,0.9999997203992107,ChatDev_ProgramDev_GPT4o_24_scored.json,4,c0,2,2,EnvironmentDoc,0,0.0,0.0,Programmer,0.0\ChatDev_ProgramDev_GPT4o_24_scored.json,0.0\ChatDev_ProgramDev_GPT4o_24_scored.json,5,"Implement a match-3 puzzle game reminiscent of Candy Crush. Represent the board and let users swap adjacent candies to form matches of three or more. Matches are cleared, new candies appear, and scoring is tracked. The board updates after each valid move. Incorporate chain reactions when candies fall and possibly track moves or time-based constraints."
0.9999998501502305,0.999998768658061,0.9999976871658915,ChatDev_ProgramDev_GPT4o_25_scored.json,0,c0,2,2,Reflection,0,0.0,0.0,Chief Executive Officer,0.0\ChatDev_ProgramDev_GPT4o_25_scored.json,0.0\ChatDev_ProgramDev_GPT4o_25_scored.json,1,Build a Flappy Bird clone. The player presses a key to 'flap' and keep the bird from falling. Randomly generated vertical gaps in 'pipes' appear. Each successful pass increases the score. The game ends if the bird collides with a pipe or the ground. Gradually adjust difficulty by varying gap sizes and pipe speeds.
0.9999991213904192,0.7558131315003317,0.26894143773380846,ChatDev_ProgramDev_GPT4o_25_scored.json,0,c0,3,3,DemandAnalysis,0,0.0,0.0,Chief Product Officer,0.0\ChatDev_ProgramDev_GPT4o_25_scored.json,0.0\ChatDev_ProgramDev_GPT4o_25_scored.json,1,Build a Flappy Bird clone. The player presses a key to 'flap' and keep the bird from falling. Randomly generated vertical gaps in 'pipes' appear. Each successful pass increases the score. The game ends if the bird collides with a pipe or the ground. Gradually adjust difficulty by varying gap sizes and pipe speeds.
0.9046504710874198,0.301575107213875,4.363462252943702e-09,ChatDev_ProgramDev_GPT4o_25_scored.json,1,c0,3,3,DemandAnalysis,0,0.0,0.0,Chief Product Officer,0.0\ChatDev_ProgramDev_GPT4o_25_scored.json,0.0\ChatDev_ProgramDev_GPT4o_25_scored.json,2,Build a Flappy Bird clone. The player presses a key to 'flap' and keep the bird from falling. Randomly generated vertical gaps in 'pipes' appear. Each successful pass increases the score. The game ends if the bird collides with a pipe or the ground. Gradually adjust difficulty by varying gap sizes and pipe speeds.
0.9999999071159212,0.5055035147868838,9.237449661970594e-09,ChatDev_ProgramDev_GPT4o_25_scored.json,2,c0,12,12,Manual,0,0.0,0.0,Chief Product Officer,0.0\ChatDev_ProgramDev_GPT4o_25_scored.json,0.0\ChatDev_ProgramDev_GPT4o_25_scored.json,3,Build a Flappy Bird clone. The player presses a key to 'flap' and keep the bird from falling. Randomly generated vertical gaps in 'pipes' appear. Each successful pass increases the score. The game ends if the bird collides with a pipe or the ground. Gradually adjust difficulty by varying gap sizes and pipe speeds.
0.9999998766058757,0.9999998766058757,0.9999998766058757,ChatDev_ProgramDev_GPT4o_25_scored.json,0,c0,1,1,LanguageChoose,0,0.0,0.0,Chief Technology Officer,0.0\ChatDev_ProgramDev_GPT4o_25_scored.json,0.0\ChatDev_ProgramDev_GPT4o_25_scored.json,1,Build a Flappy Bird clone. The player presses a key to 'flap' and keep the bird from falling. Randomly generated vertical gaps in 'pipes' appear. Each successful pass increases the score. The game ends if the bird collides with a pipe or the ground. Gradually adjust difficulty by varying gap sizes and pipe speeds.
0.9992902686846055,0.29998058202551064,0.0003353500342255387,ChatDev_ProgramDev_GPT4o_25_scored.json,0,c0,7,7,CodeReviewComment,0,0.0,0.0,Code Reviewer,0.0\ChatDev_ProgramDev_GPT4o_25_scored.json,0.0\ChatDev_ProgramDev_GPT4o_25_scored.json,1,Build a Flappy Bird clone. The player presses a key to 'flap' and keep the bird from falling. Randomly generated vertical gaps in 'pipes' appear. Each successful pass increases the score. The game ends if the bird collides with a pipe or the ground. Gradually adjust difficulty by varying gap sizes and pipe speeds.
0.9999898317852381,0.9618572357357155,0.8175745060845808,ChatDev_ProgramDev_GPT4o_25_scored.json,1,c0,6,6,CodeReviewComment,0,0.0,0.0,Code Reviewer,0.0\ChatDev_ProgramDev_GPT4o_25_scored.json,0.0\ChatDev_ProgramDev_GPT4o_25_scored.json,2,Build a Flappy Bird clone. The player presses a key to 'flap' and keep the bird from falling. Randomly generated vertical gaps in 'pipes' appear. Each successful pass increases the score. The game ends if the bird collides with a pipe or the ground. Gradually adjust difficulty by varying gap sizes and pipe speeds.
0.9999037771168272,0.7323546663328603,0.18242553232888412,ChatDev_ProgramDev_GPT4o_25_scored.json,2,c0,8,8,CodeReviewComment,0,0.0,0.0,Code Reviewer,0.0\ChatDev_ProgramDev_GPT4o_25_scored.json,0.0\ChatDev_ProgramDev_GPT4o_25_scored.json,3,Build a Flappy Bird clone. The player presses a key to 'flap' and keep the bird from falling. Randomly generated vertical gaps in 'pipes' appear. Each successful pass increases the score. The game ends if the bird collides with a pipe or the ground. Gradually adjust difficulty by varying gap sizes and pipe speeds.
0.6791787420501778,0.04855942202395409,1.6373771305908126e-07,ChatDev_ProgramDev_GPT4o_25_scored.json,1,c0,37,37,CodeReviewModification,0,0.0,0.0,Programmer,0.0\ChatDev_ProgramDev_GPT4o_25_scored.json,0.0\ChatDev_ProgramDev_GPT4o_25_scored.json,2,Build a Flappy Bird clone. The player presses a key to 'flap' and keep the bird from falling. Randomly generated vertical gaps in 'pipes' appear. Each successful pass increases the score. The game ends if the bird collides with a pipe or the ground. Gradually adjust difficulty by varying gap sizes and pipe speeds.
0.6791787343186192,0.06823298364428977,8.764248219443636e-08,ChatDev_ProgramDev_GPT4o_25_scored.json,2,c0,32,32,CodeReviewModification,0,0.0,0.0,Programmer,0.0\ChatDev_ProgramDev_GPT4o_25_scored.json,0.0\ChatDev_ProgramDev_GPT4o_25_scored.json,3,Build a Flappy Bird clone. The player presses a key to 'flap' and keep the bird from falling. Randomly generated vertical gaps in 'pipes' appear. Each successful pass increases the score. The game ends if the bird collides with a pipe or the ground. Gradually adjust difficulty by varying gap sizes and pipe speeds.
0.9999998358143375,0.24773119997243842,5.905303998944039e-10,ChatDev_ProgramDev_GPT4o_25_scored.json,3,c0,30,30,CodeReviewModification,0,0.0,0.0,Programmer,0.0\ChatDev_ProgramDev_GPT4o_25_scored.json,0.0\ChatDev_ProgramDev_GPT4o_25_scored.json,4,Build a Flappy Bird clone. The player presses a key to 'flap' and keep the bird from falling. Randomly generated vertical gaps in 'pipes' appear. Each successful pass increases the score. The game ends if the bird collides with a pipe or the ground. Gradually adjust difficulty by varying gap sizes and pipe speeds.
1.0,0.8450745544764244,1.7603429545652396e-06,ChatDev_ProgramDev_GPT4o_25_scored.json,0,c0,28,28,Coding,0,0.0,0.0,Programmer,0.0\ChatDev_ProgramDev_GPT4o_25_scored.json,0.0\ChatDev_ProgramDev_GPT4o_25_scored.json,1,Build a Flappy Bird clone. The player presses a key to 'flap' and keep the bird from falling. Randomly generated vertical gaps in 'pipes' appear. Each successful pass increases the score. The game ends if the bird collides with a pipe or the ground. Gradually adjust difficulty by varying gap sizes and pipe speeds.
0.999999868749477,0.9999997932564588,0.9999997177634407,ChatDev_ProgramDev_GPT4o_25_scored.json,4,c0,2,2,EnvironmentDoc,0,0.0,0.0,Programmer,0.0\ChatDev_ProgramDev_GPT4o_25_scored.json,0.0\ChatDev_ProgramDev_GPT4o_25_scored.json,5,Build a Flappy Bird clone. The player presses a key to 'flap' and keep the bird from falling. Randomly generated vertical gaps in 'pipes' appear. Each successful pass increases the score. The game ends if the bird collides with a pipe or the ground. Gradually adjust difficulty by varying gap sizes and pipe speeds.
0.9999998773215814,0.9934115763154758,0.9770226088024565,ChatDev_ProgramDev_GPT4o_26_scored.json,0,c0,4,4,DemandAnalysis,0,0.0,0.0,Chief Product Officer,0.0\ChatDev_ProgramDev_GPT4o_26_scored.json,0.0\ChatDev_ProgramDev_GPT4o_26_scored.json,1,"Program a simplified Space Invaders game. The player controls a ship at the bottom of the screen and can move horizontally and fire shots to destroy descending alien rows. The game ends if aliens reach the bottom or the player defeats all aliens. Add multiple alien rows, a limited number of lives, and score tracking."
1.0,0.9551137260297019,0.7310585857917414,ChatDev_ProgramDev_GPT4o_26_scored.json,1,c0,6,6,DemandAnalysis,0,0.0,0.0,Chief Product Officer,0.0\ChatDev_ProgramDev_GPT4o_26_scored.json,0.0\ChatDev_ProgramDev_GPT4o_26_scored.json,2,"Program a simplified Space Invaders game. The player controls a ship at the bottom of the screen and can move horizontally and fire shots to destroy descending alien rows. The game ends if aliens reach the bottom or the player defeats all aliens. Add multiple alien rows, a limited number of lives, and score tracking."
0.9999998696220685,0.5832072897358016,0.0,ChatDev_ProgramDev_GPT4o_26_scored.json,2,c0,12,12,Manual,0,0.0,0.0,Chief Product Officer,0.0\ChatDev_ProgramDev_GPT4o_26_scored.json,0.0\ChatDev_ProgramDev_GPT4o_26_scored.json,3,"Program a simplified Space Invaders game. The player controls a ship at the bottom of the screen and can move horizontally and fire shots to destroy descending alien rows. The game ends if aliens reach the bottom or the player defeats all aliens. Add multiple alien rows, a limited number of lives, and score tracking."
0.9999998561184191,0.9999998561184191,0.9999998561184191,ChatDev_ProgramDev_GPT4o_26_scored.json,0,c0,1,1,LanguageChoose,0,0.0,0.0,Chief Technology Officer,0.0\ChatDev_ProgramDev_GPT4o_26_scored.json,0.0\ChatDev_ProgramDev_GPT4o_26_scored.json,1,"Program a simplified Space Invaders game. The player controls a ship at the bottom of the screen and can move horizontally and fire shots to destroy descending alien rows. The game ends if aliens reach the bottom or the player defeats all aliens. Add multiple alien rows, a limited number of lives, and score tracking."
0.9999998499131157,0.8495026865244085,0.00020342704214340812,ChatDev_ProgramDev_GPT4o_26_scored.json,0,c0,8,8,CodeReviewComment,0,0.0,0.0,Code Reviewer,0.0\ChatDev_ProgramDev_GPT4o_26_scored.json,0.0\ChatDev_ProgramDev_GPT4o_26_scored.json,1,"Program a simplified Space Invaders game. The player controls a ship at the bottom of the screen and can move horizontally and fire shots to destroy descending alien rows. The game ends if aliens reach the bottom or the player defeats all aliens. Add multiple alien rows, a limited number of lives, and score tracking."
0.9999992484132812,0.7953188095636651,0.008577484930474293,ChatDev_ProgramDev_GPT4o_26_scored.json,1,c0,7,7,CodeReviewComment,0,0.0,0.0,Code Reviewer,0.0\ChatDev_ProgramDev_GPT4o_26_scored.json,0.0\ChatDev_ProgramDev_GPT4o_26_scored.json,2,"Program a simplified Space Invaders game. The player controls a ship at the bottom of the screen and can move horizontally and fire shots to destroy descending alien rows. The game ends if aliens reach the bottom or the player defeats all aliens. Add multiple alien rows, a limited number of lives, and score tracking."
0.9999985245080398,0.5100517324021822,0.029312230647422503,ChatDev_ProgramDev_GPT4o_26_scored.json,2,c0,6,6,CodeReviewComment,0,0.0,0.0,Code Reviewer,0.0\ChatDev_ProgramDev_GPT4o_26_scored.json,0.0\ChatDev_ProgramDev_GPT4o_26_scored.json,3,"Program a simplified Space Invaders game. The player controls a ship at the bottom of the screen and can move horizontally and fire shots to destroy descending alien rows. The game ends if aliens reach the bottom or the player defeats all aliens. Add multiple alien rows, a limited number of lives, and score tracking."
0.8807970276646256,0.0775884622064217,8.315279260963632e-07,ChatDev_ProgramDev_GPT4o_26_scored.json,1,c0,26,26,CodeReviewModification,0,0.0,0.0,Programmer,0.0\ChatDev_ProgramDev_GPT4o_26_scored.json,0.0\ChatDev_ProgramDev_GPT4o_26_scored.json,2,"Program a simplified Space Invaders game. The player controls a ship at the bottom of the screen and can move horizontally and fire shots to destroy descending alien rows. The game ends if aliens reach the bottom or the player defeats all aliens. Add multiple alien rows, a limited number of lives, and score tracking."
0.6791787095126809,0.07067064005061881,6.47594599989589e-07,ChatDev_ProgramDev_GPT4o_26_scored.json,2,c0,24,24,CodeReviewModification,0,0.0,0.0,Programmer,0.0\ChatDev_ProgramDev_GPT4o_26_scored.json,0.0\ChatDev_ProgramDev_GPT4o_26_scored.json,3,"Program a simplified Space Invaders game. The player controls a ship at the bottom of the screen and can move horizontally and fire shots to destroy descending alien rows. The game ends if aliens reach the bottom or the player defeats all aliens. Add multiple alien rows, a limited number of lives, and score tracking."
0.9914224637689176,0.04488371434380748,4.4508482557577276e-07,ChatDev_ProgramDev_GPT4o_26_scored.json,3,c0,24,24,CodeReviewModification,0,0.0,0.0,Programmer,0.0\ChatDev_ProgramDev_GPT4o_26_scored.json,0.0\ChatDev_ProgramDev_GPT4o_26_scored.json,4,"Program a simplified Space Invaders game. The player controls a ship at the bottom of the screen and can move horizontally and fire shots to destroy descending alien rows. The game ends if aliens reach the bottom or the player defeats all aliens. Add multiple alien rows, a limited number of lives, and score tracking."
0.9999998769789961,0.9318126294337533,5.3157852544244216e-08,ChatDev_ProgramDev_GPT4o_26_scored.json,0,c0,21,21,Coding,0,0.0,0.0,Programmer,0.0\ChatDev_ProgramDev_GPT4o_26_scored.json,0.0\ChatDev_ProgramDev_GPT4o_26_scored.json,1,"Program a simplified Space Invaders game. The player controls a ship at the bottom of the screen and can move horizontally and fire shots to destroy descending alien rows. The game ends if aliens reach the bottom or the player defeats all aliens. Add multiple alien rows, a limited number of lives, and score tracking."
0.999999837116543,0.9999997840198731,0.9999997309232033,ChatDev_ProgramDev_GPT4o_26_scored.json,4,c0,2,2,EnvironmentDoc,0,0.0,0.0,Programmer,0.0\ChatDev_ProgramDev_GPT4o_26_scored.json,0.0\ChatDev_ProgramDev_GPT4o_26_scored.json,5,"Program a simplified Space Invaders game. The player controls a ship at the bottom of the screen and can move horizontally and fire shots to destroy descending alien rows. The game ends if aliens reach the bottom or the player defeats all aliens. Add multiple alien rows, a limited number of lives, and score tracking."
1.0,0.9999999279727916,0.9999998559455832,ChatDev_ProgramDev_GPT4o_26_scored.json,5,c0,2,2,EnvironmentDoc,0,0.0,0.0,Programmer,0.0\ChatDev_ProgramDev_GPT4o_26_scored.json,0.0\ChatDev_ProgramDev_GPT4o_26_scored.json,6,"Program a simplified Space Invaders game. The player controls a ship at the bottom of the screen and can move horizontally and fire shots to destroy descending alien rows. The game ends if aliens reach the bottom or the player defeats all aliens. Add multiple alien rows, a limited number of lives, and score tracking."
0.9999998613859051,0.9999518702829149,0.9999038791799245,ChatDev_ProgramDev_GPT4o_28_scored.json,0,c0,2,2,DemandAnalysis,0,0.0,0.0,Chief Product Officer,0.0\ChatDev_ProgramDev_GPT4o_28_scored.json,0.0\ChatDev_ProgramDev_GPT4o_28_scored.json,1,"Develop a two-player Pong game. Each player controls a vertical paddle, moving up and down to bounce a ball back. The ball bounces between the two paddles and off the top and bottom edges. Players score a point when the opponent misses the ball. Incorporate a winning score threshold and reset the ball after each point."
0.9999985241919523,0.9999977483765394,0.9999969725611266,ChatDev_ProgramDev_GPT4o_28_scored.json,1,c0,2,2,DemandAnalysis,0,0.0,0.0,Chief Product Officer,0.0\ChatDev_ProgramDev_GPT4o_28_scored.json,0.0\ChatDev_ProgramDev_GPT4o_28_scored.json,2,"Develop a two-player Pong game. Each player controls a vertical paddle, moving up and down to bounce a ball back. The ball bounces between the two paddles and off the top and bottom edges. Players score a point when the opponent misses the ball. Incorporate a winning score threshold and reset the ball after each point."
0.9999998867305492,0.6140651243677858,2.215948977336598e-08,ChatDev_ProgramDev_GPT4o_28_scored.json,2,c0,13,13,Manual,0,0.0,0.0,Chief Product Officer,0.0\ChatDev_ProgramDev_GPT4o_28_scored.json,0.0\ChatDev_ProgramDev_GPT4o_28_scored.json,3,"Develop a two-player Pong game. Each player controls a vertical paddle, moving up and down to bounce a ball back. The ball bounces between the two paddles and off the top and bottom edges. Players score a point when the opponent misses the ball. Incorporate a winning score threshold and reset the ball after each point."
1.0,1.0,1.0,ChatDev_ProgramDev_GPT4o_28_scored.json,0,c0,1,1,LanguageChoose,0,0.0,0.0,Chief Technology Officer,0.0\ChatDev_ProgramDev_GPT4o_28_scored.json,0.0\ChatDev_ProgramDev_GPT4o_28_scored.json,1,"Develop a two-player Pong game. Each player controls a vertical paddle, moving up and down to bounce a ball back. The ball bounces between the two paddles and off the top and bottom edges. Players score a point when the opponent misses the ball. Incorporate a winning score threshold and reset the ball after each point."
0.9999251243190259,0.7479499349548344,1.0129987330277146e-05,ChatDev_ProgramDev_GPT4o_28_scored.json,0,c0,5,5,CodeReviewComment,0,0.0,0.0,Code Reviewer,0.0\ChatDev_ProgramDev_GPT4o_28_scored.json,0.0\ChatDev_ProgramDev_GPT4o_28_scored.json,1,"Develop a two-player Pong game. Each player controls a vertical paddle, moving up and down to bounce a ball back. The ball bounces between the two paddles and off the top and bottom edges. Players score a point when the opponent misses the ball. Incorporate a winning score threshold and reset the ball after each point."
0.9999951952806122,0.8615916464989469,0.0001584362410990077,ChatDev_ProgramDev_GPT4o_28_scored.json,1,c0,8,8,CodeReviewComment,0,0.0,0.0,Code Reviewer,0.0\ChatDev_ProgramDev_GPT4o_28_scored.json,0.0\ChatDev_ProgramDev_GPT4o_28_scored.json,2,"Develop a two-player Pong game. Each player controls a vertical paddle, moving up and down to bounce a ball back. The ball bounces between the two paddles and off the top and bottom edges. Players score a point when the opponent misses the ball. Incorporate a winning score threshold and reset the ball after each point."
0.99849884298631,0.9047979501254937,0.7310585859317674,ChatDev_ProgramDev_GPT4o_28_scored.json,2,c0,8,8,CodeReviewComment,0,0.0,0.0,Code Reviewer,0.0\ChatDev_ProgramDev_GPT4o_28_scored.json,0.0\ChatDev_ProgramDev_GPT4o_28_scored.json,3,"Develop a two-player Pong game. Each player controls a vertical paddle, moving up and down to bounce a ball back. The ball bounces between the two paddles and off the top and bottom edges. Players score a point when the opponent misses the ball. Incorporate a winning score threshold and reset the ball after each point."
0.5621765112741913,0.02276411659291927,8.592166619174109e-10,ChatDev_ProgramDev_GPT4o_28_scored.json,1,c0,28,28,CodeReviewModification,0,0.0,0.0,Programmer,0.0\ChatDev_ProgramDev_GPT4o_28_scored.json,0.0\ChatDev_ProgramDev_GPT4o_28_scored.json,2,"Develop a two-player Pong game. Each player controls a vertical paddle, moving up and down to bounce a ball back. The ball bounces between the two paddles and off the top and bottom edges. Players score a point when the opponent misses the ball. Incorporate a winning score threshold and reset the ball after each point."
0.32082130330318165,0.012941057305679585,1.6373771305908126e-07,ChatDev_ProgramDev_GPT4o_28_scored.json,2,c0,28,28,CodeReviewModification,0,0.0,0.0,Programmer,0.0\ChatDev_ProgramDev_GPT4o_28_scored.json,0.0\ChatDev_ProgramDev_GPT4o_28_scored.json,3,"Develop a two-player Pong game. Each player controls a vertical paddle, moving up and down to bounce a ball back. The ball bounces between the two paddles and off the top and bottom edges. Players score a point when the opponent misses the ball. Incorporate a winning score threshold and reset the ball after each point."
0.7310585992038902,0.036088722400970365,2.382369667501818e-07,ChatDev_ProgramDev_GPT4o_28_scored.json,3,c0,30,30,CodeReviewModification,0,0.0,0.0,Programmer,0.0\ChatDev_ProgramDev_GPT4o_28_scored.json,0.0\ChatDev_ProgramDev_GPT4o_28_scored.json,4,"Develop a two-player Pong game. Each player controls a vertical paddle, moving up and down to bounce a ball back. The ball bounces between the two paddles and off the top and bottom edges. Players score a point when the opponent misses the ball. Incorporate a winning score threshold and reset the ball after each point."
1.0,0.964410236614569,9.610239492660866e-05,ChatDev_ProgramDev_GPT4o_28_scored.json,0,c0,30,30,Coding,0,0.0,0.0,Programmer,0.0\ChatDev_ProgramDev_GPT4o_28_scored.json,0.0\ChatDev_ProgramDev_GPT4o_28_scored.json,1,"Develop a two-player Pong game. Each player controls a vertical paddle, moving up and down to bounce a ball back. The ball bounces between the two paddles and off the top and bottom edges. Players score a point when the opponent misses the ball. Incorporate a winning score threshold and reset the ball after each point."
1.0,0.9999999386449883,0.9999998772899766,ChatDev_ProgramDev_GPT4o_28_scored.json,4,c0,2,2,EnvironmentDoc,0,0.0,0.0,Programmer,0.0\ChatDev_ProgramDev_GPT4o_28_scored.json,0.0\ChatDev_ProgramDev_GPT4o_28_scored.json,5,"Develop a two-player Pong game. Each player controls a vertical paddle, moving up and down to bounce a ball back. The ball bounces between the two paddles and off the top and bottom edges. Players score a point when the opponent misses the ball. Incorporate a winning score threshold and reset the ball after each point."
1.0,0.9999999392470724,0.999999878494145,ChatDev_ProgramDev_GPT4o_28_scored.json,5,c0,2,2,EnvironmentDoc,0,0.0,0.0,Programmer,0.0\ChatDev_ProgramDev_GPT4o_28_scored.json,0.0\ChatDev_ProgramDev_GPT4o_28_scored.json,6,"Develop a two-player Pong game. Each player controls a vertical paddle, moving up and down to bounce a ball back. The ball bounces between the two paddles and off the top and bottom edges. Players score a point when the opponent misses the ball. Incorporate a winning score threshold and reset the ball after each point."
0.9770225904400646,0.784919814685083,0.43782350269582127,ChatDev_ProgramDev_GPT4o_29_scored.json,0,c0,3,3,DemandAnalysis,0,0.0,0.0,Chief Product Officer,0.0\ChatDev_ProgramDev_GPT4o_29_scored.json,0.0\ChatDev_ProgramDev_GPT4o_29_scored.json,1,"Implement the classic Mastermind code-breaking game. The computer selects a hidden sequence of colors (or digits), and the player attempts to guess it within a set number of tries. After each guess, show feedback regarding correct color and correct position. Distinguish between exact matches and partial color matches, and provide a clear win/lose outcome."
0.9999951963443069,0.9999538713810381,0.9998765950661627,ChatDev_ProgramDev_GPT4o_29_scored.json,1,c0,3,3,DemandAnalysis,0,0.0,0.0,Chief Product Officer,0.0\ChatDev_ProgramDev_GPT4o_29_scored.json,0.0\ChatDev_ProgramDev_GPT4o_29_scored.json,2,"Implement the classic Mastermind code-breaking game. The computer selects a hidden sequence of colors (or digits), and the player attempts to guess it within a set number of tries. After each guess, show feedback regarding correct color and correct position. Distinguish between exact matches and partial color matches, and provide a clear win/lose outcome."
1.0,0.42636401948921193,5.905303998944039e-10,ChatDev_ProgramDev_GPT4o_29_scored.json,2,c0,16,16,Manual,0,0.0,0.0,Chief Product Officer,0.0\ChatDev_ProgramDev_GPT4o_29_scored.json,0.0\ChatDev_ProgramDev_GPT4o_29_scored.json,3,"Implement the classic Mastermind code-breaking game. The computer selects a hidden sequence of colors (or digits), and the player attempts to guess it within a set number of tries. After each guess, show feedback regarding correct color and correct position. Distinguish between exact matches and partial color matches, and provide a clear win/lose outcome."
1.0,1.0,1.0,ChatDev_ProgramDev_GPT4o_29_scored.json,0,c0,1,1,LanguageChoose,0,0.0,0.0,Chief Technology Officer,0.0\ChatDev_ProgramDev_GPT4o_29_scored.json,0.0\ChatDev_ProgramDev_GPT4o_29_scored.json,1,"Implement the classic Mastermind code-breaking game. The computer selects a hidden sequence of colors (or digits), and the player attempts to guess it within a set number of tries. After each guess, show feedback regarding correct color and correct position. Distinguish between exact matches and partial color matches, and provide a clear win/lose outcome."
1.3007123989067183e-05,1.3007123989067183e-05,1.3007123989067183e-05,ChatDev_ProgramDev_GPT4o_29_scored.json,0,c0,1,1,CodeReviewComment,0,0.0,0.0,Code Reviewer,0.0\ChatDev_ProgramDev_GPT4o_29_scored.json,0.0\ChatDev_ProgramDev_GPT4o_29_scored.json,1,"Implement the classic Mastermind code-breaking game. The computer selects a hidden sequence of colors (or digits), and the player attempts to guess it within a set number of tries. After each guess, show feedback regarding correct color and correct position. Distinguish between exact matches and partial color matches, and provide a clear win/lose outcome."
1.0129987330277146e-05,1.0129987330277146e-05,1.0129987330277146e-05,ChatDev_ProgramDev_GPT4o_29_scored.json,1,c0,1,1,CodeReviewComment,0,0.0,0.0,Code Reviewer,0.0\ChatDev_ProgramDev_GPT4o_29_scored.json,0.0\ChatDev_ProgramDev_GPT4o_29_scored.json,2,"Implement the classic Mastermind code-breaking game. The computer selects a hidden sequence of colors (or digits), and the player attempts to guess it within a set number of tries. After each guess, show feedback regarding correct color and correct position. Distinguish between exact matches and partial color matches, and provide a clear win/lose outcome."
0.9820138642956535,0.9820138642956535,0.9820138642956535,ChatDev_ProgramDev_GPT4o_29_scored.json,2,c0,1,1,CodeReviewComment,0,0.0,0.0,Code Reviewer,0.0\ChatDev_ProgramDev_GPT4o_29_scored.json,0.0\ChatDev_ProgramDev_GPT4o_29_scored.json,3,"Implement the classic Mastermind code-breaking game. The computer selects a hidden sequence of colors (or digits), and the player attempts to guess it within a set number of tries. After each guess, show feedback regarding correct color and correct position. Distinguish between exact matches and partial color matches, and provide a clear win/lose outcome."
0.9999998867305492,0.9059620621928336,1.0129987330277146e-05,ChatDev_ProgramDev_GPT4o_29_scored.json,1,c0,22,22,CodeReviewModification,0,0.0,0.0,Programmer,0.0\ChatDev_ProgramDev_GPT4o_29_scored.json,0.0\ChatDev_ProgramDev_GPT4o_29_scored.json,2,"Implement the classic Mastermind code-breaking game. The computer selects a hidden sequence of colors (or digits), and the player attempts to guess it within a set number of tries. After each guess, show feedback regarding correct color and correct position. Distinguish between exact matches and partial color matches, and provide a clear win/lose outcome."
0.9998765959971168,0.5435138311519336,9.610239492660866e-05,ChatDev_ProgramDev_GPT4o_29_scored.json,2,c0,21,21,CodeReviewModification,0,0.0,0.0,Programmer,0.0\ChatDev_ProgramDev_GPT4o_29_scored.json,0.0\ChatDev_ProgramDev_GPT4o_29_scored.json,3,"Implement the classic Mastermind code-breaking game. The computer selects a hidden sequence of colors (or digits), and the player attempts to guess it within a set number of tries. After each guess, show feedback regarding correct color and correct position. Distinguish between exact matches and partial color matches, and provide a clear win/lose outcome."
0.99999889135858,0.9240090310885233,0.3208213099408862,ChatDev_ProgramDev_GPT4o_29_scored.json,3,c0,21,21,CodeReviewModification,0,0.0,0.0,Programmer,0.0\ChatDev_ProgramDev_GPT4o_29_scored.json,0.0\ChatDev_ProgramDev_GPT4o_29_scored.json,4,"Implement the classic Mastermind code-breaking game. The computer selects a hidden sequence of colors (or digits), and the player attempts to guess it within a set number of tries. After each guess, show feedback regarding correct color and correct position. Distinguish between exact matches and partial color matches, and provide a clear win/lose outcome."
0.9999998699323208,0.9992637829705302,0.9890129676950171,ChatDev_ProgramDev_GPT4o_29_scored.json,0,c0,20,20,Coding,0,0.0,0.0,Programmer,0.0\ChatDev_ProgramDev_GPT4o_29_scored.json,0.0\ChatDev_ProgramDev_GPT4o_29_scored.json,1,"Implement the classic Mastermind code-breaking game. The computer selects a hidden sequence of colors (or digits), and the player attempts to guess it within a set number of tries. After each guess, show feedback regarding correct color and correct position. Distinguish between exact matches and partial color matches, and provide a clear win/lose outcome."
0.9999998513724924,0.9813364671338796,0.9626730828952667,ChatDev_ProgramDev_GPT4o_29_scored.json,4,c0,2,2,EnvironmentDoc,0,0.0,0.0,Programmer,0.0\ChatDev_ProgramDev_GPT4o_29_scored.json,0.0\ChatDev_ProgramDev_GPT4o_29_scored.json,5,"Implement the classic Mastermind code-breaking game. The computer selects a hidden sequence of colors (or digits), and the player attempts to guess it within a set number of tries. After each guess, show feedback regarding correct color and correct position. Distinguish between exact matches and partial color matches, and provide a clear win/lose outcome."
0.9999994762220866,0.7499997854872731,0.5000000947524594,ChatDev_ProgramDev_GPT4o_29_scored.json,5,c0,2,2,EnvironmentDoc,0,0.0,0.0,Programmer,0.0\ChatDev_ProgramDev_GPT4o_29_scored.json,0.0\ChatDev_ProgramDev_GPT4o_29_scored.json,6,"Implement the classic Mastermind code-breaking game. The computer selects a hidden sequence of colors (or digits), and the player attempts to guess it within a set number of tries. After each guess, show feedback regarding correct color and correct position. Distinguish between exact matches and partial color matches, and provide a clear win/lose outcome."
0.9999998613780586,0.9999998529322003,0.9999998444863419,ChatDev_ProgramDev_GPT4o_2_scored.json,0,c0,2,2,Reflection,0,0.0,0.0,Chief Executive Officer,0.0\ChatDev_ProgramDev_GPT4o_2_scored.json,0.0\ChatDev_ProgramDev_GPT4o_2_scored.json,1,Implement a crossword puzzle. Provide a grid of squares with clues for across and down entries. The user can enter words by specifying the clue number and direction. The application validates if letters match and confirms completion when all correct words are filled in.
0.9999997305902396,0.9256471685449946,0.5621765373034623,ChatDev_ProgramDev_GPT4o_2_scored.json,0,c0,6,6,DemandAnalysis,0,0.0,0.0,Chief Product Officer,0.0\ChatDev_ProgramDev_GPT4o_2_scored.json,0.0\ChatDev_ProgramDev_GPT4o_2_scored.json,1,Implement a crossword puzzle. Provide a grid of squares with clues for across and down entries. The user can enter words by specifying the clue number and direction. The application validates if letters match and confirms completion when all correct words are filled in.
0.9933071092136019,0.22250251432477675,2.8453348089834e-08,ChatDev_ProgramDev_GPT4o_2_scored.json,1,c0,5,5,DemandAnalysis,0,0.0,0.0,Chief Product Officer,0.0\ChatDev_ProgramDev_GPT4o_2_scored.json,0.0\ChatDev_ProgramDev_GPT4o_2_scored.json,2,Implement a crossword puzzle. Provide a grid of squares with clues for across and down entries. The user can enter words by specifying the clue number and direction. The application validates if letters match and confirms completion when all correct words are filled in.
0.999999854226016,0.999999854226016,0.999999854226016,ChatDev_ProgramDev_GPT4o_2_scored.json,2,c0,1,1,DemandAnalysis,0,0.0,0.0,Chief Product Officer,0.0\ChatDev_ProgramDev_GPT4o_2_scored.json,0.0\ChatDev_ProgramDev_GPT4o_2_scored.json,3,Implement a crossword puzzle. Provide a grid of squares with clues for across and down entries. The user can enter words by specifying the clue number and direction. The application validates if letters match and confirms completion when all correct words are filled in.
1.0,0.5275879378696904,2.646573638909117e-09,ChatDev_ProgramDev_GPT4o_2_scored.json,3,c0,18,18,Manual,0,0.0,0.0,Chief Product Officer,0.0\ChatDev_ProgramDev_GPT4o_2_scored.json,0.0\ChatDev_ProgramDev_GPT4o_2_scored.json,4,Implement a crossword puzzle. Provide a grid of squares with clues for across and down entries. The user can enter words by specifying the clue number and direction. The application validates if letters match and confirms completion when all correct words are filled in.
0.8519528519548945,0.8519528519548945,0.8519528519548945,ChatDev_ProgramDev_GPT4o_2_scored.json,0,c0,1,1,LanguageChoose,0,0.0,0.0,Chief Technology Officer,0.0\ChatDev_ProgramDev_GPT4o_2_scored.json,0.0\ChatDev_ProgramDev_GPT4o_2_scored.json,1,Implement a crossword puzzle. Provide a grid of squares with clues for across and down entries. The user can enter words by specifying the clue number and direction. The application validates if letters match and confirms completion when all correct words are filled in.
0.9992902420995436,0.26811514204495135,1.6701414089010932e-05,ChatDev_ProgramDev_GPT4o_2_scored.json,0,c0,8,8,CodeReviewComment,0,0.0,0.0,Code Reviewer,0.0\ChatDev_ProgramDev_GPT4o_2_scored.json,0.0\ChatDev_ProgramDev_GPT4o_2_scored.json,1,Implement a crossword puzzle. Provide a grid of squares with clues for across and down entries. The user can enter words by specifying the clue number and direction. The application validates if letters match and confirms completion when all correct words are filled in.
0.9999998780822521,0.9998658641362638,0.999447197170465,ChatDev_ProgramDev_GPT4o_2_scored.json,1,c0,7,7,CodeReviewComment,0,0.0,0.0,Code Reviewer,0.0\ChatDev_ProgramDev_GPT4o_2_scored.json,0.0\ChatDev_ProgramDev_GPT4o_2_scored.json,2,Implement a crossword puzzle. Provide a grid of squares with clues for across and down entries. The user can enter words by specifying the clue number and direction. The application validates if letters match and confirms completion when all correct words are filled in.
0.008577484930474293,0.0024914116971783973,1.8553913626159784e-07,ChatDev_ProgramDev_GPT4o_2_scored.json,2,c0,7,7,CodeReviewComment,0,0.0,0.0,Code Reviewer,0.0\ChatDev_ProgramDev_GPT4o_2_scored.json,0.0\ChatDev_ProgramDev_GPT4o_2_scored.json,3,Implement a crossword puzzle. Provide a grid of squares with clues for across and down entries. The user can enter words by specifying the clue number and direction. The application validates if letters match and confirms completion when all correct words are filled in.
1.0,0.9993524473448865,0.9914224396554621,ChatDev_ProgramDev_GPT4o_2_scored.json,1,c0,21,21,CodeReviewModification,0,0.0,0.0,Programmer,0.0\ChatDev_ProgramDev_GPT4o_2_scored.json,0.0\ChatDev_ProgramDev_GPT4o_2_scored.json,2,Implement a crossword puzzle. Provide a grid of squares with clues for across and down entries. The user can enter words by specifying the clue number and direction. The application validates if letters match and confirms completion when all correct words are filled in.
0.5621765161105855,0.06919466986621726,6.144171336422507e-06,ChatDev_ProgramDev_GPT4o_2_scored.json,2,c0,22,22,CodeReviewModification,0,0.0,0.0,Programmer,0.0\ChatDev_ProgramDev_GPT4o_2_scored.json,0.0\ChatDev_ProgramDev_GPT4o_2_scored.json,3,Implement a crossword puzzle. Provide a grid of squares with clues for across and down entries. The user can enter words by specifying the clue number and direction. The application validates if letters match and confirms completion when all correct words are filled in.
0.851952768997486,0.09977376345494277,7.88926463665814e-06,ChatDev_ProgramDev_GPT4o_2_scored.json,3,c0,24,24,CodeReviewModification,0,0.0,0.0,Programmer,0.0\ChatDev_ProgramDev_GPT4o_2_scored.json,0.0\ChatDev_ProgramDev_GPT4o_2_scored.json,4,Implement a crossword puzzle. Provide a grid of squares with clues for across and down entries. The user can enter words by specifying the clue number and direction. The application validates if letters match and confirms completion when all correct words are filled in.
0.9999998696220685,0.8744344550871823,0.03732688389372495,ChatDev_ProgramDev_GPT4o_2_scored.json,0,c0,16,16,Coding,0,0.0,0.0,Programmer,0.0\ChatDev_ProgramDev_GPT4o_2_scored.json,0.0\ChatDev_ProgramDev_GPT4o_2_scored.json,1,Implement a crossword puzzle. Provide a grid of squares with clues for across and down entries. The user can enter words by specifying the clue number and direction. The application validates if letters match and confirms completion when all correct words are filled in.
0.999999886378162,0.9999915768367869,0.9999832672954116,ChatDev_ProgramDev_GPT4o_2_scored.json,4,c0,2,2,EnvironmentDoc,0,0.0,0.0,Programmer,0.0\ChatDev_ProgramDev_GPT4o_2_scored.json,0.0\ChatDev_ProgramDev_GPT4o_2_scored.json,5,Implement a crossword puzzle. Provide a grid of squares with clues for across and down entries. The user can enter words by specifying the clue number and direction. The application validates if letters match and confirms completion when all correct words are filled in.
0.7772998215712272,0.13007361951722954,8.764248219443636e-08,ChatDev_ProgramDev_GPT4o_4_scored.json,0,c0,6,6,Reflection,0,0.0,0.0,Chief Executive Officer,0.0\ChatDev_ProgramDev_GPT4o_4_scored.json,0.0\ChatDev_ProgramDev_GPT4o_4_scored.json,1,Create a budget tracker to monitor expenses and savings
1.0,0.9926635271399981,0.97068767750547,ChatDev_ProgramDev_GPT4o_4_scored.json,0,c0,4,4,DemandAnalysis,0,0.0,0.0,Chief Product Officer,0.0\ChatDev_ProgramDev_GPT4o_4_scored.json,0.0\ChatDev_ProgramDev_GPT4o_4_scored.json,1,Create a budget tracker to monitor expenses and savings
0.9999976908958794,0.799865432070028,4.944450501938644e-09,ChatDev_ProgramDev_GPT4o_4_scored.json,1,c0,5,5,DemandAnalysis,0,0.0,0.0,Chief Product Officer,0.0\ChatDev_ProgramDev_GPT4o_4_scored.json,0.0\ChatDev_ProgramDev_GPT4o_4_scored.json,2,Create a budget tracker to monitor expenses and savings
0.9999920914499568,0.9995071112908642,0.9984988423239385,ChatDev_ProgramDev_GPT4o_4_scored.json,2,c0,5,5,DemandAnalysis,1,0.0,0.0,Chief Product Officer,0.0\ChatDev_ProgramDev_GPT4o_4_scored.json,0.0\ChatDev_ProgramDev_GPT4o_4_scored.json,3,Create a budget tracker to monitor expenses and savings
0.9999998499131157,0.4735777241919018,1.9555681087850496e-08,ChatDev_ProgramDev_GPT4o_4_scored.json,3,c0,14,14,Manual,0,0.0,0.0,Chief Product Officer,0.0\ChatDev_ProgramDev_GPT4o_4_scored.json,0.0\ChatDev_ProgramDev_GPT4o_4_scored.json,4,Create a budget tracker to monitor expenses and savings
0.9999645565907014,0.9999645565907014,0.9999645565907014,ChatDev_ProgramDev_GPT4o_4_scored.json,0,c0,1,1,LanguageChoose,0,0.0,0.0,Chief Technology Officer,0.0\ChatDev_ProgramDev_GPT4o_4_scored.json,0.0\ChatDev_ProgramDev_GPT4o_4_scored.json,1,Create a budget tracker to monitor expenses and savings
0.9999997205897119,0.9998094790554457,0.9990888845627189,ChatDev_ProgramDev_GPT4o_4_scored.json,0,c0,8,8,CodeReviewComment,0,0.0,0.0,Code Reviewer,0.0\ChatDev_ProgramDev_GPT4o_4_scored.json,0.0\ChatDev_ProgramDev_GPT4o_4_scored.json,1,Create a budget tracker to monitor expenses and savings
0.9999785179069045,0.6266201300838425,2.902312105056987e-06,ChatDev_ProgramDev_GPT4o_4_scored.json,1,c0,10,10,CodeReviewComment,0,0.0,0.0,Code Reviewer,0.0\ChatDev_ProgramDev_GPT4o_4_scored.json,0.0\ChatDev_ProgramDev_GPT4o_4_scored.json,2,Create a budget tracker to monitor expenses and savings
0.9959298935847556,0.2715937946838565,2.382369667501818e-07,ChatDev_ProgramDev_GPT4o_4_scored.json,2,c0,9,9,CodeReviewComment,0,0.0,0.0,Code Reviewer,0.0\ChatDev_ProgramDev_GPT4o_4_scored.json,0.0\ChatDev_ProgramDev_GPT4o_4_scored.json,3,Create a budget tracker to monitor expenses and savings
0.500000052779629,0.033536135193074745,4.4508482557577276e-07,ChatDev_ProgramDev_GPT4o_4_scored.json,1,c0,20,20,CodeReviewModification,0,0.0,0.0,Programmer,0.0\ChatDev_ProgramDev_GPT4o_4_scored.json,0.0\ChatDev_ProgramDev_GPT4o_4_scored.json,2,Create a budget tracker to monitor expenses and savings
0.9999998974281192,0.20199467773423024,0.0,ChatDev_ProgramDev_GPT4o_4_scored.json,2,c0,20,20,CodeReviewModification,0,0.0,0.0,Programmer,0.0\ChatDev_ProgramDev_GPT4o_4_scored.json,0.0\ChatDev_ProgramDev_GPT4o_4_scored.json,3,Create a budget tracker to monitor expenses and savings
0.9999998761381643,0.22460457311163634,1.917171513758312e-10,ChatDev_ProgramDev_GPT4o_4_scored.json,3,c0,20,20,CodeReviewModification,0,0.0,0.0,Programmer,0.0\ChatDev_ProgramDev_GPT4o_4_scored.json,0.0\ChatDev_ProgramDev_GPT4o_4_scored.json,4,Create a budget tracker to monitor expenses and savings
0.9999998772950842,0.2229511857991578,0.0,ChatDev_ProgramDev_GPT4o_4_scored.json,5,c0,22,22,CodeReviewModification,0,0.0,0.0,Programmer,0.0\ChatDev_ProgramDev_GPT4o_4_scored.json,0.0\ChatDev_ProgramDev_GPT4o_4_scored.json,6,Create a budget tracker to monitor expenses and savings
1.0,0.4304062453216295,3.059023205018258e-07,ChatDev_ProgramDev_GPT4o_4_scored.json,0,c0,24,24,Coding,0,0.0,0.0,Programmer,0.0\ChatDev_ProgramDev_GPT4o_4_scored.json,0.0\ChatDev_ProgramDev_GPT4o_4_scored.json,1,Create a budget tracker to monitor expenses and savings
0.9999998453866362,0.5002152012481552,0.0004305571096741222,ChatDev_ProgramDev_GPT4o_4_scored.json,6,c0,2,2,EnvironmentDoc,0,0.0,0.0,Programmer,0.0\ChatDev_ProgramDev_GPT4o_4_scored.json,0.0\ChatDev_ProgramDev_GPT4o_4_scored.json,7,Create a budget tracker to monitor expenses and savings
1.0,0.8749488539604099,0.00070967033651176,ChatDev_ProgramDev_GPT4o_4_scored.json,4,c0,8,8,TestErrorSummary,0,0.0,0.0,Programmer,0.0\ChatDev_ProgramDev_GPT4o_4_scored.json,0.0\ChatDev_ProgramDev_GPT4o_4_scored.json,5,Create a budget tracker to monitor expenses and savings
0.9975273612366333,0.6515968817844433,0.014063628103031398,ChatDev_ProgramDev_GPT4o_9_scored.json,0,c0,6,6,DemandAnalysis,0,0.0,0.0,Chief Product Officer,0.0\ChatDev_ProgramDev_GPT4o_9_scored.json,0.0\ChatDev_ProgramDev_GPT4o_9_scored.json,1,"Design a standard 2048 game using a 4x4 grid. Players combine tiles by pressing arrow keys to slide them in one direction. Tiles with the same number merge into one, doubling the value. After each move, a new tile appears in a random empty cell. The game ends when no moves are possible. Track and display the current score and highest tile reached."
0.9999993632483059,0.9694799006373269,0.952574103990198,ChatDev_ProgramDev_GPT4o_9_scored.json,1,c0,4,4,DemandAnalysis,0,0.0,0.0,Chief Product Officer,0.0\ChatDev_ProgramDev_GPT4o_9_scored.json,0.0\ChatDev_ProgramDev_GPT4o_9_scored.json,2,"Design a standard 2048 game using a 4x4 grid. Players combine tiles by pressing arrow keys to slide them in one direction. Tiles with the same number merge into one, doubling the value. After each move, a new tile appears in a random empty cell. The game ends when no moves are possible. Track and display the current score and highest tile reached."
0.9999998884111387,0.7536333433749259,1.2501528663867426e-09,ChatDev_ProgramDev_GPT4o_9_scored.json,2,c0,16,16,Manual,0,0.0,0.0,Chief Product Officer,0.0\ChatDev_ProgramDev_GPT4o_9_scored.json,0.0\ChatDev_ProgramDev_GPT4o_9_scored.json,3,"Design a standard 2048 game using a 4x4 grid. Players combine tiles by pressing arrow keys to slide them in one direction. Tiles with the same number merge into one, doubling the value. After each move, a new tile appears in a random empty cell. The game ends when no moves are possible. Track and display the current score and highest tile reached."
0.9999998636474388,0.9999998636474388,0.9999998636474388,ChatDev_ProgramDev_GPT4o_9_scored.json,0,c0,1,1,LanguageChoose,0,0.0,0.0,Chief Technology Officer,0.0\ChatDev_ProgramDev_GPT4o_9_scored.json,0.0\ChatDev_ProgramDev_GPT4o_9_scored.json,1,"Design a standard 2048 game using a 4x4 grid. Players combine tiles by pressing arrow keys to slide them in one direction. Tiles with the same number merge into one, doubling the value. After each move, a new tile appears in a random empty cell. The game ends when no moves are possible. Track and display the current score and highest tile reached."
0.9999998456003698,0.7496649624309172,1.7257827987960214e-08,ChatDev_ProgramDev_GPT4o_9_scored.json,0,c0,12,12,CodeReviewComment,0,0.0,0.0,Code Reviewer,0.0\ChatDev_ProgramDev_GPT4o_9_scored.json,0.0\ChatDev_ProgramDev_GPT4o_9_scored.json,1,"Design a standard 2048 game using a 4x4 grid. Players combine tiles by pressing arrow keys to slide them in one direction. Tiles with the same number merge into one, doubling the value. After each move, a new tile appears in a random empty cell. The game ends when no moves are possible. Track and display the current score and highest tile reached."
0.0005527785265734312,0.0005527785265734312,0.0005527785265734312,ChatDev_ProgramDev_GPT4o_9_scored.json,1,c0,1,1,CodeReviewComment,0,0.0,0.0,Code Reviewer,0.0\ChatDev_ProgramDev_GPT4o_9_scored.json,0.0\ChatDev_ProgramDev_GPT4o_9_scored.json,2,"Design a standard 2048 game using a 4x4 grid. Players combine tiles by pressing arrow keys to slide them in one direction. Tiles with the same number merge into one, doubling the value. After each move, a new tile appears in a random empty cell. The game ends when no moves are possible. Track and display the current score and highest tile reached."
0.9968272944984383,0.9968272944984383,0.9968272944984383,ChatDev_ProgramDev_GPT4o_9_scored.json,2,c0,1,1,CodeReviewComment,0,0.0,0.0,Code Reviewer,0.0\ChatDev_ProgramDev_GPT4o_9_scored.json,0.0\ChatDev_ProgramDev_GPT4o_9_scored.json,3,"Design a standard 2048 game using a 4x4 grid. Players combine tiles by pressing arrow keys to slide them in one direction. Tiles with the same number merge into one, doubling the value. After each move, a new tile appears in a random empty cell. The game ends when no moves are possible. Track and display the current score and highest tile reached."
0.9999998886760388,0.9133187879516116,0.0005527785265734312,ChatDev_ProgramDev_GPT4o_9_scored.json,1,c0,23,23,CodeReviewModification,0,0.0,0.0,Programmer,0.0\ChatDev_ProgramDev_GPT4o_9_scored.json,0.0\ChatDev_ProgramDev_GPT4o_9_scored.json,2,"Design a standard 2048 game using a 4x4 grid. Players combine tiles by pressing arrow keys to slide them in one direction. Tiles with the same number merge into one, doubling the value. After each move, a new tile appears in a random empty cell. The game ends when no moves are possible. Track and display the current score and highest tile reached."
0.9999998776781767,0.8210628252885009,6.144171336422507e-06,ChatDev_ProgramDev_GPT4o_9_scored.json,2,c0,28,28,CodeReviewModification,0,0.0,0.0,Programmer,0.0\ChatDev_ProgramDev_GPT4o_9_scored.json,0.0\ChatDev_ProgramDev_GPT4o_9_scored.json,3,"Design a standard 2048 game using a 4x4 grid. Players combine tiles by pressing arrow keys to slide them in one direction. Tiles with the same number merge into one, doubling the value. After each move, a new tile appears in a random empty cell. The game ends when no moves are possible. Track and display the current score and highest tile reached."
0.9999997259143039,0.8423738978723593,0.014063627917064897,ChatDev_ProgramDev_GPT4o_9_scored.json,3,c0,25,25,CodeReviewModification,0,0.0,0.0,Programmer,0.0\ChatDev_ProgramDev_GPT4o_9_scored.json,0.0\ChatDev_ProgramDev_GPT4o_9_scored.json,4,"Design a standard 2048 game using a 4x4 grid. Players combine tiles by pressing arrow keys to slide them in one direction. Tiles with the same number merge into one, doubling the value. After each move, a new tile appears in a random empty cell. The game ends when no moves are possible. Track and display the current score and highest tile reached."
0.9999998694156894,0.8968567783043,0.06008665649568554,ChatDev_ProgramDev_GPT4o_9_scored.json,0,c0,22,22,Coding,0,0.0,0.0,Programmer,0.0\ChatDev_ProgramDev_GPT4o_9_scored.json,0.0\ChatDev_ProgramDev_GPT4o_9_scored.json,1,"Design a standard 2048 game using a 4x4 grid. Players combine tiles by pressing arrow keys to slide them in one direction. Tiles with the same number merge into one, doubling the value. After each move, a new tile appears in a random empty cell. The game ends when no moves are possible. Track and display the current score and highest tile reached."
1.0,0.9999892595479398,0.9999785190958798,ChatDev_ProgramDev_GPT4o_9_scored.json,4,c0,2,2,EnvironmentDoc,0,0.0,0.0,Programmer,0.0\ChatDev_ProgramDev_GPT4o_9_scored.json,0.0\ChatDev_ProgramDev_GPT4o_9_scored.json,5,"Design a standard 2048 game using a 4x4 grid. Players combine tiles by pressing arrow keys to slide them in one direction. Tiles with the same number merge into one, doubling the value. After each move, a new tile appears in a random empty cell. The game ends when no moves are possible. Track and display the current score and highest tile reached."
0.999999878494145,0.9999998666048817,0.9999998547156184,ChatDev_ProgramDev_GPT4o_9_scored.json,5,c0,2,2,EnvironmentDoc,0,0.0,0.0,Programmer,0.0\ChatDev_ProgramDev_GPT4o_9_scored.json,0.0\ChatDev_ProgramDev_GPT4o_9_scored.json,6,"Design a standard 2048 game using a 4x4 grid. Players combine tiles by pressing arrow keys to slide them in one direction. Tiles with the same number merge into one, doubling the value. After each move, a new tile appears in a random empty cell. The game ends when no moves are possible. Track and display the current score and highest tile reached."
0.9999998758935559,0.8525195319595714,0.5000000855233179,ChatDev_ProgramDev2_GPT4o_11_scored.json,0,c1,4,4,Reflection,0,1.1,1.1,Chief Executive Officer,1.1\ChatDev_ProgramDev2_GPT4o_11_scored.json,1.1\ChatDev_ProgramDev2_GPT4o_11_scored.json,1,"Build a basic CLI Markdown to HTML converter. It should support common Markdown syntax like headers, bold, italics, lists, and links, converting a .md file to a .html file."
1.0,0.7261658343140306,1.3007123989067183e-05,ChatDev_ProgramDev2_GPT4o_11_scored.json,0,c1,4,4,DemandAnalysis,0,1.1,1.1,Chief Product Officer,1.1\ChatDev_ProgramDev2_GPT4o_11_scored.json,1.1\ChatDev_ProgramDev2_GPT4o_11_scored.json,1,"Build a basic CLI Markdown to HTML converter. It should support common Markdown syntax like headers, bold, italics, lists, and links, converting a .md file to a .html file."
0.999996254391218,0.33333208516482465,0.0,ChatDev_ProgramDev2_GPT4o_11_scored.json,1,c1,3,3,DemandAnalysis,0,1.1,1.1,Chief Product Officer,1.1\ChatDev_ProgramDev2_GPT4o_11_scored.json,1.1\ChatDev_ProgramDev2_GPT4o_11_scored.json,2,"Build a basic CLI Markdown to HTML converter. It should support common Markdown syntax like headers, bold, italics, lists, and links, converting a .md file to a .html file."
1.0,0.44908697771312445,3.1608814543136926e-10,ChatDev_ProgramDev2_GPT4o_11_scored.json,2,c1,15,15,Manual,0,1.1,1.1,Chief Product Officer,1.1\ChatDev_ProgramDev2_GPT4o_11_scored.json,1.1\ChatDev_ProgramDev2_GPT4o_11_scored.json,3,"Build a basic CLI Markdown to HTML converter. It should support common Markdown syntax like headers, bold, italics, lists, and links, converting a .md file to a .html file."
0.9999998359439735,0.9999998359439735,0.9999998359439735,ChatDev_ProgramDev2_GPT4o_11_scored.json,0,c1,1,1,LanguageChoose,0,1.1,1.1,Chief Technology Officer,1.1\ChatDev_ProgramDev2_GPT4o_11_scored.json,1.1\ChatDev_ProgramDev2_GPT4o_11_scored.json,1,"Build a basic CLI Markdown to HTML converter. It should support common Markdown syntax like headers, bold, italics, lists, and links, converting a .md file to a .html file."
0.8519527755667906,0.2545988836587053,1.0129987330277146e-05,ChatDev_ProgramDev2_GPT4o_11_scored.json,0,c1,10,10,CodeReviewComment,0,1.1,1.1,Code Reviewer,1.1\ChatDev_ProgramDev2_GPT4o_11_scored.json,1.1\ChatDev_ProgramDev2_GPT4o_11_scored.json,1,"Build a basic CLI Markdown to HTML converter. It should support common Markdown syntax like headers, bold, italics, lists, and links, converting a .md file to a .html file."
0.9999997164043822,0.9941214591030423,0.9706877671528661,ChatDev_ProgramDev2_GPT4o_11_scored.json,1,c1,5,5,CodeReviewComment,0,1.1,1.1,Code Reviewer,1.1\ChatDev_ProgramDev2_GPT4o_11_scored.json,1.1\ChatDev_ProgramDev2_GPT4o_11_scored.json,2,"Build a basic CLI Markdown to HTML converter. It should support common Markdown syntax like headers, bold, italics, lists, and links, converting a .md file to a .html file."
0.9999992479545959,0.9607275737654632,0.8519528060184083,ChatDev_ProgramDev2_GPT4o_11_scored.json,2,c1,5,5,CodeReviewComment,0,1.1,1.1,Code Reviewer,1.1\ChatDev_ProgramDev2_GPT4o_11_scored.json,1.1\ChatDev_ProgramDev2_GPT4o_11_scored.json,3,"Build a basic CLI Markdown to HTML converter. It should support common Markdown syntax like headers, bold, italics, lists, and links, converting a .md file to a .html file."
0.562176524998926,0.03749566906892454,2.510999155743982e-08,ChatDev_ProgramDev2_GPT4o_11_scored.json,1,c1,15,15,CodeReviewModification,0,1.1,1.1,Programmer,1.1\ChatDev_ProgramDev2_GPT4o_11_scored.json,1.1\ChatDev_ProgramDev2_GPT4o_11_scored.json,2,"Build a basic CLI Markdown to HTML converter. It should support common Markdown syntax like headers, bold, italics, lists, and links, converting a .md file to a .html file."
0.9859362768176996,0.08784391935267154,1.0129987330277146e-05,ChatDev_ProgramDev2_GPT4o_11_scored.json,2,c1,17,17,CodeReviewModification,0,1.1,1.1,Programmer,1.1\ChatDev_ProgramDev2_GPT4o_11_scored.json,1.1\ChatDev_ProgramDev2_GPT4o_11_scored.json,3,"Build a basic CLI Markdown to HTML converter. It should support common Markdown syntax like headers, bold, italics, lists, and links, converting a .md file to a .html file."
0.7310585884670558,0.038959887943977936,6.82560337633487e-08,ChatDev_ProgramDev2_GPT4o_11_scored.json,3,c1,22,22,CodeReviewModification,0,1.1,1.1,Programmer,1.1\ChatDev_ProgramDev2_GPT4o_11_scored.json,1.1\ChatDev_ProgramDev2_GPT4o_11_scored.json,4,"Build a basic CLI Markdown to HTML converter. It should support common Markdown syntax like headers, bold, italics, lists, and links, converting a .md file to a .html file."
0.9999998497244965,0.7063966282614699,6.82560337633487e-08,ChatDev_ProgramDev2_GPT4o_11_scored.json,0,c1,22,22,Coding,0,1.1,1.1,Programmer,1.1\ChatDev_ProgramDev2_GPT4o_11_scored.json,1.1\ChatDev_ProgramDev2_GPT4o_11_scored.json,1,"Build a basic CLI Markdown to HTML converter. It should support common Markdown syntax like headers, bold, italics, lists, and links, converting a .md file to a .html file."
0.9999988795114171,0.37557270347134225,5.602796437537268e-09,ChatDev_ProgramDev2_GPT4o_11_scored.json,4,c1,5,5,EnvironmentDoc,0,1.1,1.1,Programmer,1.1\ChatDev_ProgramDev2_GPT4o_11_scored.json,1.1\ChatDev_ProgramDev2_GPT4o_11_scored.json,5,"Build a basic CLI Markdown to HTML converter. It should support common Markdown syntax like headers, bold, italics, lists, and links, converting a .md file to a .html file."
0.9999999212581371,0.33335370494761,2.902312105056987e-06,ChatDev_ProgramDev2_GPT4o_15_scored.json,0,c1,3,3,DemandAnalysis,0,1.1,1.1,Chief Product Officer,1.1\ChatDev_ProgramDev2_GPT4o_15_scored.json,1.1\ChatDev_ProgramDev2_GPT4o_15_scored.json,1,"Build a CLI program to find duplicate files within a specified directory based on their content (e.g., using MD5 or SHA256 hashes). List the paths of duplicate files."
1.1253517471925912e-07,5.626758735962956e-08,0.0,ChatDev_ProgramDev2_GPT4o_15_scored.json,1,c1,2,2,DemandAnalysis,0,1.1,1.1,Chief Product Officer,1.1\ChatDev_ProgramDev2_GPT4o_15_scored.json,1.1\ChatDev_ProgramDev2_GPT4o_15_scored.json,2,"Build a CLI program to find duplicate files within a specified directory based on their content (e.g., using MD5 or SHA256 hashes). List the paths of duplicate files."
1.0,0.6969259151221896,5.3157852544244216e-08,ChatDev_ProgramDev2_GPT4o_15_scored.json,2,c1,13,13,Manual,0,1.1,1.1,Chief Product Officer,1.1\ChatDev_ProgramDev2_GPT4o_15_scored.json,1.1\ChatDev_ProgramDev2_GPT4o_15_scored.json,3,"Build a CLI program to find duplicate files within a specified directory based on their content (e.g., using MD5 or SHA256 hashes). List the paths of duplicate files."
0.9999998686315166,0.9999998686315166,0.9999998686315166,ChatDev_ProgramDev2_GPT4o_15_scored.json,0,c1,1,1,LanguageChoose,0,1.1,1.1,Chief Technology Officer,1.1\ChatDev_ProgramDev2_GPT4o_15_scored.json,1.1\ChatDev_ProgramDev2_GPT4o_15_scored.json,1,"Build a CLI program to find duplicate files within a specified directory based on their content (e.g., using MD5 or SHA256 hashes). List the paths of duplicate files."
0.0373268801959129,0.005842967770759973,2.902312105056987e-06,ChatDev_ProgramDev2_GPT4o_15_scored.json,0,c1,7,7,CodeReviewComment,0,1.1,1.1,Code Reviewer,1.1\ChatDev_ProgramDev2_GPT4o_15_scored.json,1.1\ChatDev_ProgramDev2_GPT4o_15_scored.json,1,"Build a CLI program to find duplicate files within a specified directory based on their content (e.g., using MD5 or SHA256 hashes). List the paths of duplicate files."
0.9996645391818614,0.9996645391818614,0.9996645391818614,ChatDev_ProgramDev2_GPT4o_15_scored.json,1,c1,1,1,CodeReviewComment,0,1.1,1.1,Code Reviewer,1.1\ChatDev_ProgramDev2_GPT4o_15_scored.json,1.1\ChatDev_ProgramDev2_GPT4o_15_scored.json,2,"Build a CLI program to find duplicate files within a specified directory based on their content (e.g., using MD5 or SHA256 hashes). List the paths of duplicate files."
0.9997965398672565,0.9997965398672565,0.9997965398672565,ChatDev_ProgramDev2_GPT4o_15_scored.json,2,c1,1,1,CodeReviewComment,0,1.1,1.1,Code Reviewer,1.1\ChatDev_ProgramDev2_GPT4o_15_scored.json,1.1\ChatDev_ProgramDev2_GPT4o_15_scored.json,3,"Build a CLI program to find duplicate files within a specified directory based on their content (e.g., using MD5 or SHA256 hashes). List the paths of duplicate files."
1.0,0.8751976859015996,9.237449661970594e-09,ChatDev_ProgramDev2_GPT4o_15_scored.json,1,c1,22,22,CodeReviewModification,0,1.1,1.1,Programmer,1.1\ChatDev_ProgramDev2_GPT4o_15_scored.json,1.1\ChatDev_ProgramDev2_GPT4o_15_scored.json,2,"Build a CLI program to find duplicate files within a specified directory based on their content (e.g., using MD5 or SHA256 hashes). List the paths of duplicate files."
0.9999998954464603,0.9999098072792297,0.9988304033324824,ChatDev_ProgramDev2_GPT4o_15_scored.json,2,c1,13,13,CodeReviewModification,0,1.1,1.1,Programmer,1.1\ChatDev_ProgramDev2_GPT4o_15_scored.json,1.1\ChatDev_ProgramDev2_GPT4o_15_scored.json,3,"Build a CLI program to find duplicate files within a specified directory based on their content (e.g., using MD5 or SHA256 hashes). List the paths of duplicate files."
0.9999998760600118,0.8969025344354515,0.14804722314999924,ChatDev_ProgramDev2_GPT4o_15_scored.json,3,c1,14,14,CodeReviewModification,0,1.1,1.1,Programmer,1.1\ChatDev_ProgramDev2_GPT4o_15_scored.json,1.1\ChatDev_ProgramDev2_GPT4o_15_scored.json,4,"Build a CLI program to find duplicate files within a specified directory based on their content (e.g., using MD5 or SHA256 hashes). List the paths of duplicate files."
0.9999969792071679,0.808449704891277,9.736200313009565e-10,ChatDev_ProgramDev2_GPT4o_15_scored.json,0,c1,14,14,Coding,0,1.1,1.1,Programmer,1.1\ChatDev_ProgramDev2_GPT4o_15_scored.json,1.1\ChatDev_ProgramDev2_GPT4o_15_scored.json,1,"Build a CLI program to find duplicate files within a specified directory based on their content (e.g., using MD5 or SHA256 hashes). List the paths of duplicate files."
1.0,0.5999999671609361,2.9989608248573072e-09,ChatDev_ProgramDev2_GPT4o_15_scored.json,4,c1,5,5,EnvironmentDoc,0,1.1,1.1,Programmer,1.1\ChatDev_ProgramDev2_GPT4o_15_scored.json,1.1\ChatDev_ProgramDev2_GPT4o_15_scored.json,5,"Build a CLI program to find duplicate files within a specified directory based on their content (e.g., using MD5 or SHA256 hashes). List the paths of duplicate files."
0.9999981715508985,0.6019630952555671,1.7603429545652396e-06,ChatDev_ProgramDev2_GPT4o_15_scored.json,5,c1,5,5,EnvironmentDoc,0,1.1,1.1,Programmer,1.1\ChatDev_ProgramDev2_GPT4o_15_scored.json,1.1\ChatDev_ProgramDev2_GPT4o_15_scored.json,6,"Build a CLI program to find duplicate files within a specified directory based on their content (e.g., using MD5 or SHA256 hashes). List the paths of duplicate files."
1.0,0.9999802921423946,0.9999251175159275,ChatDev_ProgramDev2_GPT4o_18_scored.json,0,c1,4,4,Reflection,0,1.1,1.1,Chief Executive Officer,1.1\ChatDev_ProgramDev2_GPT4o_18_scored.json,1.1\ChatDev_ProgramDev2_GPT4o_18_scored.json,1,"Develop a CLI client for a URL shortening service (e.g., TinyURL API or similar). The user provides a long URL, and the tool outputs the shortened URL."
1.0,0.7985942709105339,2.382369667501818e-07,ChatDev_ProgramDev2_GPT4o_18_scored.json,0,c1,5,5,DemandAnalysis,0,1.1,1.1,Chief Product Officer,1.1\ChatDev_ProgramDev2_GPT4o_18_scored.json,1.1\ChatDev_ProgramDev2_GPT4o_18_scored.json,1,"Develop a CLI client for a URL shortening service (e.g., TinyURL API or similar). The user provides a long URL, and the tool outputs the shortened URL."
0.9999784935289407,0.33332645940490646,5.3157852544244216e-08,ChatDev_ProgramDev2_GPT4o_18_scored.json,1,c1,3,3,DemandAnalysis,0,1.1,1.1,Chief Product Officer,1.1\ChatDev_ProgramDev2_GPT4o_18_scored.json,1.1\ChatDev_ProgramDev2_GPT4o_18_scored.json,2,"Develop a CLI client for a URL shortening service (e.g., TinyURL API or similar). The user provides a long URL, and the tool outputs the shortened URL."
0.9999998751645442,0.9999998751645442,0.9999998751645442,ChatDev_ProgramDev2_GPT4o_18_scored.json,2,c1,1,1,DemandAnalysis,0,1.1,1.1,Chief Product Officer,1.1\ChatDev_ProgramDev2_GPT4o_18_scored.json,1.1\ChatDev_ProgramDev2_GPT4o_18_scored.json,3,"Develop a CLI client for a URL shortening service (e.g., TinyURL API or similar). The user provides a long URL, and the tool outputs the shortened URL."
1.0,0.6818640276252007,1.9555681087850496e-08,ChatDev_ProgramDev2_GPT4o_18_scored.json,3,c1,17,17,Manual,0,1.1,1.1,Chief Product Officer,1.1\ChatDev_ProgramDev2_GPT4o_18_scored.json,1.1\ChatDev_ProgramDev2_GPT4o_18_scored.json,4,"Develop a CLI client for a URL shortening service (e.g., TinyURL API or similar). The user provides a long URL, and the tool outputs the shortened URL."
0.9990889307836879,0.9990889307836879,0.9990889307836879,ChatDev_ProgramDev2_GPT4o_18_scored.json,0,c1,1,1,LanguageChoose,0,1.1,1.1,Chief Technology Officer,1.1\ChatDev_ProgramDev2_GPT4o_18_scored.json,1.1\ChatDev_ProgramDev2_GPT4o_18_scored.json,1,"Develop a CLI client for a URL shortening service (e.g., TinyURL API or similar). The user provides a long URL, and the tool outputs the shortened URL."
0.9999998686842613,0.6669972920714432,5.829127258796956e-05,ChatDev_ProgramDev2_GPT4o_18_scored.json,0,c1,6,6,CodeReviewComment,0,1.1,1.1,Code Reviewer,1.1\ChatDev_ProgramDev2_GPT4o_18_scored.json,1.1\ChatDev_ProgramDev2_GPT4o_18_scored.json,1,"Develop a CLI client for a URL shortening service (e.g., TinyURL API or similar). The user provides a long URL, and the tool outputs the shortened URL."
0.9988304064904402,0.7027899511218552,0.0002611902975925828,ChatDev_ProgramDev2_GPT4o_18_scored.json,1,c1,8,8,CodeReviewComment,0,1.1,1.1,Code Reviewer,1.1\ChatDev_ProgramDev2_GPT4o_18_scored.json,1.1\ChatDev_ProgramDev2_GPT4o_18_scored.json,2,"Develop a CLI client for a URL shortening service (e.g., TinyURL API or similar). The user provides a long URL, and the tool outputs the shortened URL."
0.8807970126172724,0.386778121031454,0.004070137939983506,ChatDev_ProgramDev2_GPT4o_18_scored.json,2,c1,6,6,CodeReviewComment,0,1.1,1.1,Code Reviewer,1.1\ChatDev_ProgramDev2_GPT4o_18_scored.json,1.1\ChatDev_ProgramDev2_GPT4o_18_scored.json,3,"Develop a CLI client for a URL shortening service (e.g., TinyURL API or similar). The user provides a long URL, and the tool outputs the shortened URL."
1.0,0.533613096184102,1.4449802461092448e-07,ChatDev_ProgramDev2_GPT4o_18_scored.json,1,c1,21,21,CodeReviewModification,0,1.1,1.1,Programmer,1.1\ChatDev_ProgramDev2_GPT4o_18_scored.json,1.1\ChatDev_ProgramDev2_GPT4o_18_scored.json,2,"Develop a CLI client for a URL shortening service (e.g., TinyURL API or similar). The user provides a long URL, and the tool outputs the shortened URL."
0.9999998974687005,0.6265822085856467,1.2501528663867426e-09,ChatDev_ProgramDev2_GPT4o_18_scored.json,2,c1,23,23,CodeReviewModification,0,1.1,1.1,Programmer,1.1\ChatDev_ProgramDev2_GPT4o_18_scored.json,1.1\ChatDev_ProgramDev2_GPT4o_18_scored.json,3,"Develop a CLI client for a URL shortening service (e.g., TinyURL API or similar). The user provides a long URL, and the tool outputs the shortened URL."
0.9525740869250108,0.14685020360518697,3.535625324942473e-05,ChatDev_ProgramDev2_GPT4o_18_scored.json,3,c1,20,20,CodeReviewModification,0,1.1,1.1,Programmer,1.1\ChatDev_ProgramDev2_GPT4o_18_scored.json,1.1\ChatDev_ProgramDev2_GPT4o_18_scored.json,4,"Develop a CLI client for a URL shortening service (e.g., TinyURL API or similar). The user provides a long URL, and the tool outputs the shortened URL."
0.9999993627884003,0.49247928731444685,0.0,ChatDev_ProgramDev2_GPT4o_18_scored.json,0,c1,18,18,Coding,0,1.1,1.1,Programmer,1.1\ChatDev_ProgramDev2_GPT4o_18_scored.json,1.1\ChatDev_ProgramDev2_GPT4o_18_scored.json,1,"Develop a CLI client for a URL shortening service (e.g., TinyURL API or similar). The user provides a long URL, and the tool outputs the shortened URL."
0.9999998762486311,0.8510963210468402,0.2689414329406145,ChatDev_ProgramDev2_GPT4o_18_scored.json,4,c1,5,5,EnvironmentDoc,0,1.1,1.1,Programmer,1.1\ChatDev_ProgramDev2_GPT4o_18_scored.json,1.1\ChatDev_ProgramDev2_GPT4o_18_scored.json,5,"Develop a CLI client for a URL shortening service (e.g., TinyURL API or similar). The user provides a long URL, and the tool outputs the shortened URL."
0.9999998780416708,0.3999999501587836,0.0,ChatDev_ProgramDev2_GPT4o_27_scored.json,0,c1,5,5,Reflection,0,1.1,1.1,Chief Executive Officer,1.1\ChatDev_ProgramDev2_GPT4o_27_scored.json,1.1\ChatDev_ProgramDev2_GPT4o_27_scored.json,1,"Build a CLI program that counts the total lines of code in a directory, categorized by file extension (e.g., .py, .js, .c). Ignore comments and blank lines if possible."
0.9999998699323208,0.7478586951649963,1.3007123989067183e-05,ChatDev_ProgramDev2_GPT4o_27_scored.json,0,c1,4,4,DemandAnalysis,0,1.1,1.1,Chief Product Officer,1.1\ChatDev_ProgramDev2_GPT4o_27_scored.json,1.1\ChatDev_ProgramDev2_GPT4o_27_scored.json,1,"Build a CLI program that counts the total lines of code in a directory, categorized by file extension (e.g., .py, .js, .c). Ignore comments and blank lines if possible."
0.9995693713420312,0.33318979783384034,0.0,ChatDev_ProgramDev2_GPT4o_27_scored.json,1,c1,3,3,DemandAnalysis,0,1.1,1.1,Chief Product Officer,1.1\ChatDev_ProgramDev2_GPT4o_27_scored.json,1.1\ChatDev_ProgramDev2_GPT4o_27_scored.json,2,"Build a CLI program that counts the total lines of code in a directory, categorized by file extension (e.g., .py, .js, .c). Ignore comments and blank lines if possible."
0.9999998606484779,0.8251715363963551,4.944450501938644e-09,ChatDev_ProgramDev2_GPT4o_27_scored.json,2,c1,12,12,Manual,0,1.1,1.1,Chief Product Officer,1.1\ChatDev_ProgramDev2_GPT4o_27_scored.json,1.1\ChatDev_ProgramDev2_GPT4o_27_scored.json,3,"Build a CLI program that counts the total lines of code in a directory, categorized by file extension (e.g., .py, .js, .c). Ignore comments and blank lines if possible."
0.9997965080075177,0.9997965080075177,0.9997965080075177,ChatDev_ProgramDev2_GPT4o_27_scored.json,0,c1,1,1,LanguageChoose,0,1.1,1.1,Chief Technology Officer,1.1\ChatDev_ProgramDev2_GPT4o_27_scored.json,1.1\ChatDev_ProgramDev2_GPT4o_27_scored.json,1,"Build a CLI program that counts the total lines of code in a directory, categorized by file extension (e.g., .py, .js, .c). Ignore comments and blank lines if possible."
0.9999998497978397,0.6428570815456396,0.0,ChatDev_ProgramDev2_GPT4o_27_scored.json,0,c1,7,7,CodeReviewComment,0,1.1,1.1,Code Reviewer,1.1\ChatDev_ProgramDev2_GPT4o_27_scored.json,1.1\ChatDev_ProgramDev2_GPT4o_27_scored.json,1,"Build a CLI program that counts the total lines of code in a directory, categorized by file extension (e.g., .py, .js, .c). Ignore comments and blank lines if possible."
0.9890130127805729,0.3252780117224109,0.029312230083464542,ChatDev_ProgramDev2_GPT4o_27_scored.json,1,c1,4,4,CodeReviewComment,0,1.1,1.1,Code Reviewer,1.1\ChatDev_ProgramDev2_GPT4o_27_scored.json,1.1\ChatDev_ProgramDev2_GPT4o_27_scored.json,2,"Build a CLI program that counts the total lines of code in a directory, categorized by file extension (e.g., .py, .js, .c). Ignore comments and blank lines if possible."
0.9626729953954036,0.433596591563264,8.764248219443636e-08,ChatDev_ProgramDev2_GPT4o_27_scored.json,2,c1,6,6,CodeReviewComment,0,1.1,1.1,Code Reviewer,1.1\ChatDev_ProgramDev2_GPT4o_27_scored.json,1.1\ChatDev_ProgramDev2_GPT4o_27_scored.json,3,"Build a CLI program that counts the total lines of code in a directory, categorized by file extension (e.g., .py, .js, .c). Ignore comments and blank lines if possible."
1.0,0.9999986932536474,0.9999920922633004,ChatDev_ProgramDev2_GPT4o_27_scored.json,1,c1,8,8,CodeReviewModification,0,1.1,1.1,Programmer,1.1\ChatDev_ProgramDev2_GPT4o_27_scored.json,1.1\ChatDev_ProgramDev2_GPT4o_27_scored.json,2,"Build a CLI program that counts the total lines of code in a directory, categorized by file extension (e.g., .py, .js, .c). Ignore comments and blank lines if possible."
0.8519528005575979,0.10765439021999719,4.139937718785167e-08,ChatDev_ProgramDev2_GPT4o_27_scored.json,2,c1,34,34,CodeReviewModification,0,1.1,1.1,Programmer,1.1\ChatDev_ProgramDev2_GPT4o_27_scored.json,1.1\ChatDev_ProgramDev2_GPT4o_27_scored.json,3,"Build a CLI program that counts the total lines of code in a directory, categorized by file extension (e.g., .py, .js, .c). Ignore comments and blank lines if possible."
0.9980732721287753,0.06808441557657578,3.927863545481039e-07,ChatDev_ProgramDev2_GPT4o_27_scored.json,3,c1,24,24,CodeReviewModification,0,1.1,1.1,Programmer,1.1\ChatDev_ProgramDev2_GPT4o_27_scored.json,1.1\ChatDev_ProgramDev2_GPT4o_27_scored.json,4,"Build a CLI program that counts the total lines of code in a directory, categorized by file extension (e.g., .py, .js, .c). Ignore comments and blank lines if possible."
0.9999998775656207,0.8355644628201482,0.11920292293237916,ChatDev_ProgramDev2_GPT4o_27_scored.json,0,c1,17,17,Coding,0,1.1,1.1,Programmer,1.1\ChatDev_ProgramDev2_GPT4o_27_scored.json,1.1\ChatDev_ProgramDev2_GPT4o_27_scored.json,1,"Build a CLI program that counts the total lines of code in a directory, categorized by file extension (e.g., .py, .js, .c). Ignore comments and blank lines if possible."
0.9994471864057746,0.4742672877234346,1.7603429545652396e-06,ChatDev_ProgramDev2_GPT4o_27_scored.json,4,c1,7,7,EnvironmentDoc,0,1.1,1.1,Programmer,1.1\ChatDev_ProgramDev2_GPT4o_27_scored.json,1.1\ChatDev_ProgramDev2_GPT4o_27_scored.json,5,"Build a CLI program that counts the total lines of code in a directory, categorized by file extension (e.g., .py, .js, .c). Ignore comments and blank lines if possible."
1.0,0.5986615844237397,0.0,ChatDev_ProgramDev2_GPT4o_38_scored.json,0,c1,5,5,Reflection,0,1.1,1.1,Chief Executive Officer,1.1\ChatDev_ProgramDev2_GPT4o_38_scored.json,1.1\ChatDev_ProgramDev2_GPT4o_38_scored.json,1,Develop a CLI tool that displays a calendar for a given month and year. The user inputs the month (numeric or name) and year.
1.0,0.6413813597593517,2.2603250957489616e-06,ChatDev_ProgramDev2_GPT4o_38_scored.json,0,c1,3,3,DemandAnalysis,0,1.1,1.1,Chief Product Officer,1.1\ChatDev_ProgramDev2_GPT4o_38_scored.json,1.1\ChatDev_ProgramDev2_GPT4o_38_scored.json,1,Develop a CLI tool that displays a calendar for a given month and year. The user inputs the month (numeric or name) and year.
0.9992902817517371,0.2648442339150317,0.0,ChatDev_ProgramDev2_GPT4o_38_scored.json,1,c1,4,4,DemandAnalysis,0,1.1,1.1,Chief Product Officer,1.1\ChatDev_ProgramDev2_GPT4o_38_scored.json,1.1\ChatDev_ProgramDev2_GPT4o_38_scored.json,2,Develop a CLI tool that displays a calendar for a given month and year. The user inputs the month (numeric or name) and year.
0.9999998682283358,0.9999998682283358,0.9999998682283358,ChatDev_ProgramDev2_GPT4o_38_scored.json,2,c1,1,1,DemandAnalysis,0,1.1,1.1,Chief Product Officer,1.1\ChatDev_ProgramDev2_GPT4o_38_scored.json,1.1\ChatDev_ProgramDev2_GPT4o_38_scored.json,3,Develop a CLI tool that displays a calendar for a given month and year. The user inputs the month (numeric or name) and year.
0.999999896091005,0.670635133898295,1.4449802461092448e-07,ChatDev_ProgramDev2_GPT4o_38_scored.json,3,c1,11,11,Manual,0,1.1,1.1,Chief Product Officer,1.1\ChatDev_ProgramDev2_GPT4o_38_scored.json,1.1\ChatDev_ProgramDev2_GPT4o_38_scored.json,4,Develop a CLI tool that displays a calendar for a given month and year. The user inputs the month (numeric or name) and year.
0.9770225770175497,0.9770225770175497,0.9770225770175497,ChatDev_ProgramDev2_GPT4o_38_scored.json,0,c1,1,1,LanguageChoose,0,1.1,1.1,Chief Technology Officer,1.1\ChatDev_ProgramDev2_GPT4o_38_scored.json,1.1\ChatDev_ProgramDev2_GPT4o_38_scored.json,1,Develop a CLI tool that displays a calendar for a given month and year. The user inputs the month (numeric or name) and year.
0.06008665409963624,0.013804187528752959,1.0677029917933763e-06,ChatDev_ProgramDev2_GPT4o_38_scored.json,0,c1,6,6,CodeReviewComment,0,1.1,1.1,Code Reviewer,1.1\ChatDev_ProgramDev2_GPT4o_38_scored.json,1.1\ChatDev_ProgramDev2_GPT4o_38_scored.json,1,Develop a CLI tool that displays a calendar for a given month and year. The user inputs the month (numeric or name) and year.
0.9988304058130489,0.2164406042351832,1.4449802461092448e-07,ChatDev_ProgramDev2_GPT4o_38_scored.json,1,c1,7,7,CodeReviewComment,0,1.1,1.1,Code Reviewer,1.1\ChatDev_ProgramDev2_GPT4o_38_scored.json,1.1\ChatDev_ProgramDev2_GPT4o_38_scored.json,2,Develop a CLI tool that displays a calendar for a given month and year. The user inputs the month (numeric or name) and year.
0.0031726831078774057,0.0031726831078774057,0.0031726831078774057,ChatDev_ProgramDev2_GPT4o_38_scored.json,2,c1,1,1,CodeReviewComment,0,1.1,1.1,Code Reviewer,1.1\ChatDev_ProgramDev2_GPT4o_38_scored.json,1.1\ChatDev_ProgramDev2_GPT4o_38_scored.json,3,Develop a CLI tool that displays a calendar for a given month and year. The user inputs the month (numeric or name) and year.
0.9947798422571394,0.1461349183107932,5.043471815847051e-07,ChatDev_ProgramDev2_GPT4o_38_scored.json,1,c1,13,13,CodeReviewModification,0,1.1,1.1,Programmer,1.1\ChatDev_ProgramDev2_GPT4o_38_scored.json,1.1\ChatDev_ProgramDev2_GPT4o_38_scored.json,2,Develop a CLI tool that displays a calendar for a given month and year. The user inputs the month (numeric or name) and year.
0.991422484252874,0.13624747935396936,1.370956471489639e-06,ChatDev_ProgramDev2_GPT4o_38_scored.json,2,c1,18,18,CodeReviewModification,0,1.1,1.1,Programmer,1.1\ChatDev_ProgramDev2_GPT4o_38_scored.json,1.1\ChatDev_ProgramDev2_GPT4o_38_scored.json,3,Develop a CLI tool that displays a calendar for a given month and year. The user inputs the month (numeric or name) and year.
1.0,0.9382093549465925,0.008577485682225647,ChatDev_ProgramDev2_GPT4o_38_scored.json,3,c1,17,17,CodeReviewModification,0,1.1,1.1,Programmer,1.1\ChatDev_ProgramDev2_GPT4o_38_scored.json,1.1\ChatDev_ProgramDev2_GPT4o_38_scored.json,4,Develop a CLI tool that displays a calendar for a given month and year. The user inputs the month (numeric or name) and year.
0.9999998553061488,0.6056321100659664,6.82560337633487e-08,ChatDev_ProgramDev2_GPT4o_38_scored.json,0,c1,14,14,Coding,0,1.1,1.1,Programmer,1.1\ChatDev_ProgramDev2_GPT4o_38_scored.json,1.1\ChatDev_ProgramDev2_GPT4o_38_scored.json,1,Develop a CLI tool that displays a calendar for a given month and year. The user inputs the month (numeric or name) and year.
0.9999998492364935,0.5034323696960069,1.370956471489639e-06,ChatDev_ProgramDev2_GPT4o_38_scored.json,4,c1,4,4,EnvironmentDoc,0,1.1,1.1,Programmer,1.1\ChatDev_ProgramDev2_GPT4o_38_scored.json,1.1\ChatDev_ProgramDev2_GPT4o_38_scored.json,5,Develop a CLI tool that displays a calendar for a given month and year. The user inputs the month (numeric or name) and year.
0.9999998958488131,0.5238142179051656,3.7266389560521204e-06,ChatDev_ProgramDev2_GPT4o_40_scored.json,0,c1,4,4,DemandAnalysis,0,1.1,1.1,Chief Product Officer,1.1\ChatDev_ProgramDev2_GPT4o_40_scored.json,1.1\ChatDev_ProgramDev2_GPT4o_40_scored.json,1,Write a CLI program that searches for a given string/pattern within all text files in a specified directory and its subdirectories (similar to `grep -r`). Display matching lines and filenames.
0.989012985425837,0.24725332283203938,0.0,ChatDev_ProgramDev2_GPT4o_40_scored.json,1,c1,4,4,DemandAnalysis,0,1.1,1.1,Chief Product Officer,1.1\ChatDev_ProgramDev2_GPT4o_40_scored.json,1.1\ChatDev_ProgramDev2_GPT4o_40_scored.json,2,Write a CLI program that searches for a given string/pattern within all text files in a specified directory and its subdirectories (similar to `grep -r`). Display matching lines and filenames.
0.9999999081088045,0.7246078314888602,4.058652126475693e-10,ChatDev_ProgramDev2_GPT4o_40_scored.json,2,c1,11,11,Manual,0,1.1,1.1,Chief Product Officer,1.1\ChatDev_ProgramDev2_GPT4o_40_scored.json,1.1\ChatDev_ProgramDev2_GPT4o_40_scored.json,3,Write a CLI program that searches for a given string/pattern within all text files in a specified directory and its subdirectories (similar to `grep -r`). Display matching lines and filenames.
0.9999998855644251,0.9999998855644251,0.9999998855644251,ChatDev_ProgramDev2_GPT4o_40_scored.json,0,c1,1,1,LanguageChoose,0,1.1,1.1,Chief Technology Officer,1.1\ChatDev_ProgramDev2_GPT4o_40_scored.json,1.1\ChatDev_ProgramDev2_GPT4o_40_scored.json,1,Write a CLI program that searches for a given string/pattern within all text files in a specified directory and its subdirectories (similar to `grep -r`). Display matching lines and filenames.
0.4378235239543805,0.10865121421267963,3.7266389560521204e-06,ChatDev_ProgramDev2_GPT4o_40_scored.json,0,c1,7,7,CodeReviewComment,0,1.1,1.1,Code Reviewer,1.1\ChatDev_ProgramDev2_GPT4o_40_scored.json,1.1\ChatDev_ProgramDev2_GPT4o_40_scored.json,1,Write a CLI program that searches for a given string/pattern within all text files in a specified directory and its subdirectories (similar to `grep -r`). Display matching lines and filenames.
0.0031726831078774057,0.0031726831078774057,0.0031726831078774057,ChatDev_ProgramDev2_GPT4o_40_scored.json,1,c1,1,1,CodeReviewComment,0,1.1,1.1,Code Reviewer,1.1\ChatDev_ProgramDev2_GPT4o_40_scored.json,1.1\ChatDev_ProgramDev2_GPT4o_40_scored.json,2,Write a CLI program that searches for a given string/pattern within all text files in a specified directory and its subdirectories (similar to `grep -r`). Display matching lines and filenames.
0.002472623024627213,0.002472623024627213,0.002472623024627213,ChatDev_ProgramDev2_GPT4o_40_scored.json,2,c1,1,1,CodeReviewComment,0,1.1,1.1,Code Reviewer,1.1\ChatDev_ProgramDev2_GPT4o_40_scored.json,1.1\ChatDev_ProgramDev2_GPT4o_40_scored.json,3,Write a CLI program that searches for a given string/pattern within all text files in a specified directory and its subdirectories (similar to `grep -r`). Display matching lines and filenames.
1.0,0.559232928645287,1.4449802461092448e-07,ChatDev_ProgramDev2_GPT4o_40_scored.json,1,c1,16,16,CodeReviewModification,0,1.1,1.1,Programmer,1.1\ChatDev_ProgramDev2_GPT4o_40_scored.json,1.1\ChatDev_ProgramDev2_GPT4o_40_scored.json,2,Write a CLI program that searches for a given string/pattern within all text files in a specified directory and its subdirectories (similar to `grep -r`). Display matching lines and filenames.
0.9999998758935559,0.8926812031649757,0.14804722314999924,ChatDev_ProgramDev2_GPT4o_40_scored.json,2,c1,15,15,CodeReviewModification,0,1.1,1.1,Programmer,1.1\ChatDev_ProgramDev2_GPT4o_40_scored.json,1.1\ChatDev_ProgramDev2_GPT4o_40_scored.json,3,Write a CLI program that searches for a given string/pattern within all text files in a specified directory and its subdirectories (similar to `grep -r`). Display matching lines and filenames.
0.9999998769789961,0.9731375793768624,0.8175745166799575,ChatDev_ProgramDev2_GPT4o_40_scored.json,3,c1,12,12,CodeReviewModification,0,1.1,1.1,Programmer,1.1\ChatDev_ProgramDev2_GPT4o_40_scored.json,1.1\ChatDev_ProgramDev2_GPT4o_40_scored.json,4,Write a CLI program that searches for a given string/pattern within all text files in a specified directory and its subdirectories (similar to `grep -r`). Display matching lines and filenames.
1.0,0.5985431136348164,1.1253517471925912e-07,ChatDev_ProgramDev2_GPT4o_40_scored.json,0,c1,12,12,Coding,0,1.1,1.1,Programmer,1.1\ChatDev_ProgramDev2_GPT4o_40_scored.json,1.1\ChatDev_ProgramDev2_GPT4o_40_scored.json,1,Write a CLI program that searches for a given string/pattern within all text files in a specified directory and its subdirectories (similar to `grep -r`). Display matching lines and filenames.
0.9999969714796615,0.9999569707637092,0.9998765095405003,ChatDev_ProgramDev2_GPT4o_40_scored.json,4,c1,4,4,EnvironmentDoc,0,1.1,1.1,Programmer,1.1\ChatDev_ProgramDev2_GPT4o_40_scored.json,1.1\ChatDev_ProgramDev2_GPT4o_40_scored.json,5,Write a CLI program that searches for a given string/pattern within all text files in a specified directory and its subdirectories (similar to `grep -r`). Display matching lines and filenames.
0.999999908345886,0.9999884826239405,0.9999545555824167,ChatDev_ProgramDev2_GPT4o_40_scored.json,5,c1,4,4,EnvironmentDoc,0,1.1,1.1,Programmer,1.1\ChatDev_ProgramDev2_GPT4o_40_scored.json,1.1\ChatDev_ProgramDev2_GPT4o_40_scored.json,6,Write a CLI program that searches for a given string/pattern within all text files in a specified directory and its subdirectories (similar to `grep -r`). Display matching lines and filenames.
1.0,0.9993131066130884,0.9968273107623569,ChatDev_ProgramDev2_GPT4o_44_scored.json,0,c1,5,5,Reflection,0,1.1,1.1,Chief Executive Officer,1.1\ChatDev_ProgramDev2_GPT4o_44_scored.json,1.1\ChatDev_ProgramDev2_GPT4o_44_scored.json,1,"Write a simple CLI HTTP server that serves static files (HTML, CSS, JS, images) from a specified local directory. Listens on a configurable port."
0.9999998549042376,0.5770215365941506,6.144171336422507e-06,ChatDev_ProgramDev2_GPT4o_44_scored.json,0,c1,3,3,DemandAnalysis,0,1.1,1.1,Chief Product Officer,1.1\ChatDev_ProgramDev2_GPT4o_44_scored.json,1.1\ChatDev_ProgramDev2_GPT4o_44_scored.json,1,"Write a simple CLI HTTP server that serves static files (HTML, CSS, JS, images) from a specified local directory. Listens on a configurable port."
0.8519527850582772,0.28398426380235914,0.0,ChatDev_ProgramDev2_GPT4o_44_scored.json,1,c1,3,3,DemandAnalysis,0,1.1,1.1,Chief Product Officer,1.1\ChatDev_ProgramDev2_GPT4o_44_scored.json,1.1\ChatDev_ProgramDev2_GPT4o_44_scored.json,2,"Write a simple CLI HTTP server that serves static files (HTML, CSS, JS, images) from a specified local directory. Listens on a configurable port."
0.9999937644340005,0.9999937644340005,0.9999937644340005,ChatDev_ProgramDev2_GPT4o_44_scored.json,2,c1,1,1,DemandAnalysis,0,1.1,1.1,Chief Product Officer,1.1\ChatDev_ProgramDev2_GPT4o_44_scored.json,1.1\ChatDev_ProgramDev2_GPT4o_44_scored.json,3,"Write a simple CLI HTTP server that serves static files (HTML, CSS, JS, images) from a specified local directory. Listens on a configurable port."
1.0,0.7328703372120047,6.82560337633487e-08,ChatDev_ProgramDev2_GPT4o_44_scored.json,3,c1,15,15,Manual,0,1.1,1.1,Chief Product Officer,1.1\ChatDev_ProgramDev2_GPT4o_44_scored.json,1.1\ChatDev_ProgramDev2_GPT4o_44_scored.json,4,"Write a simple CLI HTTP server that serves static files (HTML, CSS, JS, images) from a specified local directory. Listens on a configurable port."
0.9997387842313346,0.9997387842313346,0.9997387842313346,ChatDev_ProgramDev2_GPT4o_44_scored.json,0,c1,1,1,LanguageChoose,0,1.1,1.1,Chief Technology Officer,1.1\ChatDev_ProgramDev2_GPT4o_44_scored.json,1.1\ChatDev_ProgramDev2_GPT4o_44_scored.json,1,"Write a simple CLI HTTP server that serves static files (HTML, CSS, JS, images) from a specified local directory. Listens on a configurable port."
0.11920292587800779,0.03655031524082269,0.0001233946226544279,ChatDev_ProgramDev2_GPT4o_44_scored.json,0,c1,6,6,CodeReviewComment,0,1.1,1.1,Code Reviewer,1.1\ChatDev_ProgramDev2_GPT4o_44_scored.json,1.1\ChatDev_ProgramDev2_GPT4o_44_scored.json,1,"Write a simple CLI HTTP server that serves static files (HTML, CSS, JS, images) from a specified local directory. Listens on a configurable port."
0.9046504386089426,0.41274484181869825,0.006692851264215723,ChatDev_ProgramDev2_GPT4o_44_scored.json,1,c1,4,4,CodeReviewComment,0,1.1,1.1,Code Reviewer,1.1\ChatDev_ProgramDev2_GPT4o_44_scored.json,1.1\ChatDev_ProgramDev2_GPT4o_44_scored.json,2,"Write a simple CLI HTTP server that serves static files (HTML, CSS, JS, images) from a specified local directory. Listens on a configurable port."
0.9914225041210984,0.23564351630059127,0.006692851264215723,ChatDev_ProgramDev2_GPT4o_44_scored.json,2,c1,5,5,CodeReviewComment,0,1.1,1.1,Code Reviewer,1.1\ChatDev_ProgramDev2_GPT4o_44_scored.json,1.1\ChatDev_ProgramDev2_GPT4o_44_scored.json,3,"Write a simple CLI HTTP server that serves static files (HTML, CSS, JS, images) from a specified local directory. Listens on a configurable port."
1.0,0.7610130657733833,0.022977369694971474,ChatDev_ProgramDev2_GPT4o_44_scored.json,1,c1,15,15,CodeReviewModification,0,1.1,1.1,Programmer,1.1\ChatDev_ProgramDev2_GPT4o_44_scored.json,1.1\ChatDev_ProgramDev2_GPT4o_44_scored.json,2,"Write a simple CLI HTTP server that serves static files (HTML, CSS, JS, images) from a specified local directory. Listens on a configurable port."
0.9999998549042376,0.455261344075301,6.34880011604368e-09,ChatDev_ProgramDev2_GPT4o_44_scored.json,2,c1,16,16,CodeReviewModification,0,1.1,1.1,Programmer,1.1\ChatDev_ProgramDev2_GPT4o_44_scored.json,1.1\ChatDev_ProgramDev2_GPT4o_44_scored.json,3,"Write a simple CLI HTTP server that serves static files (HTML, CSS, JS, images) from a specified local directory. Listens on a configurable port."
0.9999998860671814,0.8332868996096512,3.7266389560521204e-06,ChatDev_ProgramDev2_GPT4o_44_scored.json,3,c1,16,16,CodeReviewModification,0,1.1,1.1,Programmer,1.1\ChatDev_ProgramDev2_GPT4o_44_scored.json,1.1\ChatDev_ProgramDev2_GPT4o_44_scored.json,4,"Write a simple CLI HTTP server that serves static files (HTML, CSS, JS, images) from a specified local directory. Listens on a configurable port."
0.999999855218321,0.726338704377748,4.539785156619626e-05,ChatDev_ProgramDev2_GPT4o_44_scored.json,0,c1,19,19,Coding,0,1.1,1.1,Programmer,1.1\ChatDev_ProgramDev2_GPT4o_44_scored.json,1.1\ChatDev_ProgramDev2_GPT4o_44_scored.json,1,"Write a simple CLI HTTP server that serves static files (HTML, CSS, JS, images) from a specified local directory. Listens on a configurable port."
0.999999875746659,0.6296615530426584,0.0002611902975925828,ChatDev_ProgramDev2_GPT4o_44_scored.json,4,c1,5,5,EnvironmentDoc,0,1.1,1.1,Programmer,1.1\ChatDev_ProgramDev2_GPT4o_44_scored.json,1.1\ChatDev_ProgramDev2_GPT4o_44_scored.json,5,"Write a simple CLI HTTP server that serves static files (HTML, CSS, JS, images) from a specified local directory. Listens on a configurable port."
1.0,0.6381397629525851,0.09534946916009217,ChatDev_ProgramDev2_GPT4o_46_scored.json,0,c1,5,5,Reflection,0,1.1,1.1,Chief Executive Officer,1.1\ChatDev_ProgramDev2_GPT4o_46_scored.json,1.1\ChatDev_ProgramDev2_GPT4o_46_scored.json,1,"Develop a CLI utility to split a large file into smaller parts of a specified size (e.g., 10MB chunks). Name the output parts sequentially."
0.9999998625441827,0.3491435091816038,4.78509457496562e-06,ChatDev_ProgramDev2_GPT4o_46_scored.json,0,c1,3,3,DemandAnalysis,0,1.1,1.1,Chief Product Officer,1.1\ChatDev_ProgramDev2_GPT4o_46_scored.json,1.1\ChatDev_ProgramDev2_GPT4o_46_scored.json,1,"Develop a CLI utility to split a large file into smaller parts of a specified size (e.g., 10MB chunks). Name the output parts sequentially."
0.9968272967882784,0.27911532198871447,5.043471815847051e-07,ChatDev_ProgramDev2_GPT4o_46_scored.json,1,c1,4,4,DemandAnalysis,0,1.1,1.1,Chief Product Officer,1.1\ChatDev_ProgramDev2_GPT4o_46_scored.json,1.1\ChatDev_ProgramDev2_GPT4o_46_scored.json,2,"Develop a CLI utility to split a large file into smaller parts of a specified size (e.g., 10MB chunks). Name the output parts sequentially."
1.0,0.873118797513408,0.00020342704214340812,ChatDev_ProgramDev2_GPT4o_46_scored.json,2,c1,10,10,Manual,0,1.1,1.1,Chief Product Officer,1.1\ChatDev_ProgramDev2_GPT4o_46_scored.json,1.1\ChatDev_ProgramDev2_GPT4o_46_scored.json,3,"Develop a CLI utility to split a large file into smaller parts of a specified size (e.g., 10MB chunks). Name the output parts sequentially."
0.9999998611504499,0.9999998611504499,0.9999998611504499,ChatDev_ProgramDev2_GPT4o_46_scored.json,0,c1,1,1,LanguageChoose,0,1.1,1.1,Chief Technology Officer,1.1\ChatDev_ProgramDev2_GPT4o_46_scored.json,1.1\ChatDev_ProgramDev2_GPT4o_46_scored.json,1,"Develop a CLI utility to split a large file into smaller parts of a specified size (e.g., 10MB chunks). Name the output parts sequentially."
0.9999998701008701,0.7142835910242021,2.382369667501818e-07,ChatDev_ProgramDev2_GPT4o_46_scored.json,0,c1,7,7,CodeReviewComment,0,1.1,1.1,Code Reviewer,1.1\ChatDev_ProgramDev2_GPT4o_46_scored.json,1.1\ChatDev_ProgramDev2_GPT4o_46_scored.json,1,"Develop a CLI utility to split a large file into smaller parts of a specified size (e.g., 10MB chunks). Name the output parts sequentially."
0.9999998550703036,0.8538611172154613,0.00070967033651176,ChatDev_ProgramDev2_GPT4o_46_scored.json,1,c1,15,15,CodeReviewComment,0,1.1,1.1,Code Reviewer,1.1\ChatDev_ProgramDev2_GPT4o_46_scored.json,1.1\ChatDev_ProgramDev2_GPT4o_46_scored.json,2,"Develop a CLI utility to split a large file into smaller parts of a specified size (e.g., 10MB chunks). Name the output parts sequentially."
0.9959298482741609,0.6324276319111001,0.022977370343097204,ChatDev_ProgramDev2_GPT4o_46_scored.json,2,c1,12,12,CodeReviewComment,0,1.1,1.1,Code Reviewer,1.1\ChatDev_ProgramDev2_GPT4o_46_scored.json,1.1\ChatDev_ProgramDev2_GPT4o_46_scored.json,3,"Develop a CLI utility to split a large file into smaller parts of a specified size (e.g., 10MB chunks). Name the output parts sequentially."
0.9999998769789961,0.7271238416987363,5.043471815847051e-07,ChatDev_ProgramDev2_GPT4o_46_scored.json,1,c1,23,23,CodeReviewModification,0,1.1,1.1,Programmer,1.1\ChatDev_ProgramDev2_GPT4o_46_scored.json,1.1\ChatDev_ProgramDev2_GPT4o_46_scored.json,2,"Develop a CLI utility to split a large file into smaller parts of a specified size (e.g., 10MB chunks). Name the output parts sequentially."
0.9999998764623647,0.568677731836518,2.9989608248573072e-09,ChatDev_ProgramDev2_GPT4o_46_scored.json,2,c1,17,17,CodeReviewModification,0,1.1,1.1,Programmer,1.1\ChatDev_ProgramDev2_GPT4o_46_scored.json,1.1\ChatDev_ProgramDev2_GPT4o_46_scored.json,3,"Develop a CLI utility to split a large file into smaller parts of a specified size (e.g., 10MB chunks). Name the output parts sequentially."
0.999796514566346,0.19487428522952938,6.144171336422507e-06,ChatDev_ProgramDev2_GPT4o_46_scored.json,3,c1,19,19,CodeReviewModification,0,1.1,1.1,Programmer,1.1\ChatDev_ProgramDev2_GPT4o_46_scored.json,1.1\ChatDev_ProgramDev2_GPT4o_46_scored.json,4,"Develop a CLI utility to split a large file into smaller parts of a specified size (e.g., 10MB chunks). Name the output parts sequentially."
1.0,0.7418208596687512,5.602796437537268e-09,ChatDev_ProgramDev2_GPT4o_46_scored.json,0,c1,16,16,Coding,0,1.1,1.1,Programmer,1.1\ChatDev_ProgramDev2_GPT4o_46_scored.json,1.1\ChatDev_ProgramDev2_GPT4o_46_scored.json,1,"Develop a CLI utility to split a large file into smaller parts of a specified size (e.g., 10MB chunks). Name the output parts sequentially."
0.9975273728452674,0.6563753941478215,0.0009110514045295695,ChatDev_ProgramDev2_GPT4o_46_scored.json,4,c1,3,3,EnvironmentDoc,0,1.1,1.1,Programmer,1.1\ChatDev_ProgramDev2_GPT4o_46_scored.json,1.1\ChatDev_ProgramDev2_GPT4o_46_scored.json,5,"Develop a CLI utility to split a large file into smaller parts of a specified size (e.g., 10MB chunks). Name the output parts sequentially."
1.0,0.8286844039980659,0.1480472204483191,ChatDev_ProgramDev2_GPT4o_47_scored.json,0,c1,5,5,Reflection,0,1.1,1.1,Chief Executive Officer,1.1\ChatDev_ProgramDev2_GPT4o_47_scored.json,1.1\ChatDev_ProgramDev2_GPT4o_47_scored.json,1,Build a CLI program to join multiple file parts (created by a file splitter) back into a single original file. The user specifies the first part name.
0.9999998677263637,0.33363698379092027,3.2241867372567335e-08,ChatDev_ProgramDev2_GPT4o_47_scored.json,0,c1,3,3,DemandAnalysis,0,1.1,1.1,Chief Product Officer,1.1\ChatDev_ProgramDev2_GPT4o_47_scored.json,1.1\ChatDev_ProgramDev2_GPT4o_47_scored.json,1,Build a CLI program to join multiple file parts (created by a file splitter) back into a single original file. The user specifies the first part name.
0.9999998616063754,0.25178083940568685,8.764248219443636e-08,ChatDev_ProgramDev2_GPT4o_47_scored.json,1,c1,4,4,DemandAnalysis,0,1.1,1.1,Chief Product Officer,1.1\ChatDev_ProgramDev2_GPT4o_47_scored.json,1.1\ChatDev_ProgramDev2_GPT4o_47_scored.json,2,Build a CLI program to join multiple file parts (created by a file splitter) back into a single original file. The user specifies the first part name.
0.999999869543478,0.6379605796722192,4.944450501938644e-09,ChatDev_ProgramDev2_GPT4o_47_scored.json,2,c1,11,11,Manual,0,1.1,1.1,Chief Product Officer,1.1\ChatDev_ProgramDev2_GPT4o_47_scored.json,1.1\ChatDev_ProgramDev2_GPT4o_47_scored.json,3,Build a CLI program to join multiple file parts (created by a file splitter) back into a single original file. The user specifies the first part name.
0.9999994779881062,0.9999994779881062,0.9999994779881062,ChatDev_ProgramDev2_GPT4o_47_scored.json,0,c1,1,1,LanguageChoose,0,1.1,1.1,Chief Technology Officer,1.1\ChatDev_ProgramDev2_GPT4o_47_scored.json,1.1\ChatDev_ProgramDev2_GPT4o_47_scored.json,1,Build a CLI program to join multiple file parts (created by a file splitter) back into a single original file. The user specifies the first part name.
0.9947798163555939,0.9947798163555939,0.9947798163555939,ChatDev_ProgramDev2_GPT4o_47_scored.json,1,c1,1,1,LanguageChoose,0,1.1,1.1,Chief Technology Officer,1.1\ChatDev_ProgramDev2_GPT4o_47_scored.json,1.1\ChatDev_ProgramDev2_GPT4o_47_scored.json,2,Build a CLI program to join multiple file parts (created by a file splitter) back into a single original file. The user specifies the first part name.
0.9999998886760388,0.651619002179894,1.370956471489639e-06,ChatDev_ProgramDev2_GPT4o_47_scored.json,0,c1,8,8,CodeReviewComment,0,1.1,1.1,Code Reviewer,1.1\ChatDev_ProgramDev2_GPT4o_47_scored.json,1.1\ChatDev_ProgramDev2_GPT4o_47_scored.json,1,Build a CLI program to join multiple file parts (created by a file splitter) back into a single original file. The user specifies the first part name.
0.9999785041130684,0.496516060256697,1.2501528663867426e-09,ChatDev_ProgramDev2_GPT4o_47_scored.json,1,c1,7,7,CodeReviewComment,0,1.1,1.1,Code Reviewer,1.1\ChatDev_ProgramDev2_GPT4o_47_scored.json,1.1\ChatDev_ProgramDev2_GPT4o_47_scored.json,2,Build a CLI program to join multiple file parts (created by a file splitter) back into a single original file. The user specifies the first part name.
0.9999998447987059,0.7728200133441353,2.1444937927240387e-05,ChatDev_ProgramDev2_GPT4o_47_scored.json,2,c1,9,9,CodeReviewComment,0,1.1,1.1,Code Reviewer,1.1\ChatDev_ProgramDev2_GPT4o_47_scored.json,1.1\ChatDev_ProgramDev2_GPT4o_47_scored.json,3,Build a CLI program to join multiple file parts (created by a file splitter) back into a single original file. The user specifies the first part name.
0.9999998330064821,0.6418756059687979,1.0677029917933763e-06,ChatDev_ProgramDev2_GPT4o_47_scored.json,1,c1,27,27,CodeReviewModification,0,1.1,1.1,Programmer,1.1\ChatDev_ProgramDev2_GPT4o_47_scored.json,1.1\ChatDev_ProgramDev2_GPT4o_47_scored.json,2,Build a CLI program to join multiple file parts (created by a file splitter) back into a single original file. The user specifies the first part name.
0.999998879118792,0.8502624695908695,0.0002611902975925828,ChatDev_ProgramDev2_GPT4o_47_scored.json,2,c1,12,12,CodeReviewModification,0,1.1,1.1,Programmer,1.1\ChatDev_ProgramDev2_GPT4o_47_scored.json,1.1\ChatDev_ProgramDev2_GPT4o_47_scored.json,3,Build a CLI program to join multiple file parts (created by a file splitter) back into a single original file. The user specifies the first part name.
0.9999997296863564,0.7341610697181832,3.927863545481039e-07,ChatDev_ProgramDev2_GPT4o_47_scored.json,3,c1,22,22,CodeReviewModification,0,1.1,1.1,Programmer,1.1\ChatDev_ProgramDev2_GPT4o_47_scored.json,1.1\ChatDev_ProgramDev2_GPT4o_47_scored.json,4,Build a CLI program to join multiple file parts (created by a file splitter) back into a single original file. The user specifies the first part name.
0.9999962577478758,0.6318040356353168,5.3157852544244216e-08,ChatDev_ProgramDev2_GPT4o_47_scored.json,0,c1,12,12,Coding,0,1.1,1.1,Programmer,1.1\ChatDev_ProgramDev2_GPT4o_47_scored.json,1.1\ChatDev_ProgramDev2_GPT4o_47_scored.json,1,Build a CLI program to join multiple file parts (created by a file splitter) back into a single original file. The user specifies the first part name.
0.9999998948890682,0.9701972442903902,0.8807971299773593,ChatDev_ProgramDev2_GPT4o_47_scored.json,4,c1,4,4,EnvironmentDoc,0,1.1,1.1,Programmer,1.1\ChatDev_ProgramDev2_GPT4o_47_scored.json,1.1\ChatDev_ProgramDev2_GPT4o_47_scored.json,5,Build a CLI program to join multiple file parts (created by a file splitter) back into a single original file. The user specifies the first part name.
0.9999998766058757,0.8144885419723805,0.26894142142710736,ChatDev_ProgramDev2_GPT4o_48_scored.json,0,c1,4,4,Reflection,0,1.1,1.1,Chief Executive Officer,1.1\ChatDev_ProgramDev2_GPT4o_48_scored.json,1.1\ChatDev_ProgramDev2_GPT4o_48_scored.json,1,Write a basic CLI text difference tool (like a simplified `diff`). It takes two text file paths as input and highlights the lines that are different.
1.0,0.748694915973184,5.3157852544244216e-08,ChatDev_ProgramDev2_GPT4o_48_scored.json,0,c1,4,4,DemandAnalysis,0,1.1,1.1,Chief Product Officer,1.1\ChatDev_ProgramDev2_GPT4o_48_scored.json,1.1\ChatDev_ProgramDev2_GPT4o_48_scored.json,1,Write a basic CLI text difference tool (like a simplified `diff`). It takes two text file paths as input and highlights the lines that are different.
0.9999951874042362,0.33333173041832603,0.0,ChatDev_ProgramDev2_GPT4o_48_scored.json,1,c1,3,3,DemandAnalysis,0,1.1,1.1,Chief Product Officer,1.1\ChatDev_ProgramDev2_GPT4o_48_scored.json,1.1\ChatDev_ProgramDev2_GPT4o_48_scored.json,2,Write a basic CLI text difference tool (like a simplified `diff`). It takes two text file paths as input and highlights the lines that are different.
0.9999992586001003,0.9999992586001003,0.9999992586001003,ChatDev_ProgramDev2_GPT4o_48_scored.json,2,c1,1,1,DemandAnalysis,0,1.1,1.1,Chief Product Officer,1.1\ChatDev_ProgramDev2_GPT4o_48_scored.json,1.1\ChatDev_ProgramDev2_GPT4o_48_scored.json,3,Write a basic CLI text difference tool (like a simplified `diff`). It takes two text file paths as input and highlights the lines that are different.
0.9999998776781767,0.6390382861788707,1.0467401794744658e-08,ChatDev_ProgramDev2_GPT4o_48_scored.json,3,c1,12,12,Manual,0,1.1,1.1,Chief Product Officer,1.1\ChatDev_ProgramDev2_GPT4o_48_scored.json,1.1\ChatDev_ProgramDev2_GPT4o_48_scored.json,4,Write a basic CLI text difference tool (like a simplified `diff`). It takes two text file paths as input and highlights the lines that are different.
0.9890130372361683,0.9890130372361683,0.9890130372361683,ChatDev_ProgramDev2_GPT4o_48_scored.json,0,c1,1,1,LanguageChoose,0,1.1,1.1,Chief Technology Officer,1.1\ChatDev_ProgramDev2_GPT4o_48_scored.json,1.1\ChatDev_ProgramDev2_GPT4o_48_scored.json,1,Write a basic CLI text difference tool (like a simplified `diff`). It takes two text file paths as input and highlights the lines that are different.
1.0,0.6652338822271977,2.646573638909117e-09,ChatDev_ProgramDev2_GPT4o_48_scored.json,0,c1,9,9,CodeReviewComment,0,1.1,1.1,Code Reviewer,1.1\ChatDev_ProgramDev2_GPT4o_48_scored.json,1.1\ChatDev_ProgramDev2_GPT4o_48_scored.json,1,Write a basic CLI text difference tool (like a simplified `diff`). It takes two text file paths as input and highlights the lines that are different.
0.9046504327556646,0.2653293096802346,0.0019267342527389902,ChatDev_ProgramDev2_GPT4o_48_scored.json,1,c1,4,4,CodeReviewComment,0,1.1,1.1,Code Reviewer,1.1\ChatDev_ProgramDev2_GPT4o_48_scored.json,1.1\ChatDev_ProgramDev2_GPT4o_48_scored.json,2,Write a basic CLI text difference tool (like a simplified `diff`). It takes two text file paths as input and highlights the lines that are different.
0.0009110514045295695,0.0009110514045295695,0.0009110514045295695,ChatDev_ProgramDev2_GPT4o_48_scored.json,2,c1,1,1,CodeReviewComment,0,1.1,1.1,Code Reviewer,1.1\ChatDev_ProgramDev2_GPT4o_48_scored.json,1.1\ChatDev_ProgramDev2_GPT4o_48_scored.json,3,Write a basic CLI text difference tool (like a simplified `diff`). It takes two text file paths as input and highlights the lines that are different.
1.0,0.9002575750159887,0.006692851264215723,ChatDev_ProgramDev2_GPT4o_48_scored.json,1,c1,10,10,CodeReviewModification,0,1.1,1.1,Programmer,1.1\ChatDev_ProgramDev2_GPT4o_48_scored.json,1.1\ChatDev_ProgramDev2_GPT4o_48_scored.json,2,Write a basic CLI text difference tool (like a simplified `diff`). It takes two text file paths as input and highlights the lines that are different.
0.5000000209931786,0.048577328576229914,4.363462252943702e-09,ChatDev_ProgramDev2_GPT4o_48_scored.json,2,c1,21,21,CodeReviewModification,0,1.1,1.1,Programmer,1.1\ChatDev_ProgramDev2_GPT4o_48_scored.json,1.1\ChatDev_ProgramDev2_GPT4o_48_scored.json,3,Write a basic CLI text difference tool (like a simplified `diff`). It takes two text file paths as input and highlights the lines that are different.
0.999999887980702,0.8045751464645036,1.0467401794744658e-08,ChatDev_ProgramDev2_GPT4o_48_scored.json,3,c1,23,23,CodeReviewModification,0,1.1,1.1,Programmer,1.1\ChatDev_ProgramDev2_GPT4o_48_scored.json,1.1\ChatDev_ProgramDev2_GPT4o_48_scored.json,4,Write a basic CLI text difference tool (like a simplified `diff`). It takes two text file paths as input and highlights the lines that are different.
0.9999998495580406,0.5632340525565644,7.88926463665814e-06,ChatDev_ProgramDev2_GPT4o_48_scored.json,0,c1,12,12,Coding,0,1.1,1.1,Programmer,1.1\ChatDev_ProgramDev2_GPT4o_48_scored.json,1.1\ChatDev_ProgramDev2_GPT4o_48_scored.json,1,Write a basic CLI text difference tool (like a simplified `diff`). It takes two text file paths as input and highlights the lines that are different.
0.9999998674823244,0.9197940296017086,0.6791787169224962,ChatDev_ProgramDev2_GPT4o_48_scored.json,4,c1,4,4,EnvironmentDoc,0,1.1,1.1,Programmer,1.1\ChatDev_ProgramDev2_GPT4o_48_scored.json,1.1\ChatDev_ProgramDev2_GPT4o_48_scored.json,5,Write a basic CLI text difference tool (like a simplified `diff`). It takes two text file paths as input and highlights the lines that are different.
1.0,0.9964749589430542,0.9859363726650907,ChatDev_ProgramDev2_GPT4o_56_scored.json,0,c1,4,4,Reflection,0,1.1,1.1,Chief Executive Officer,1.1\ChatDev_ProgramDev2_GPT4o_56_scored.json,1.1\ChatDev_ProgramDev2_GPT4o_56_scored.json,1,"Write a CLI script creator for simple backups. User specifies source directories and a target backup location. The script (e.g., shell script using `rsync` or `tar`) is generated."
0.9999998680397165,0.33333332095877727,7.194133030325383e-09,ChatDev_ProgramDev2_GPT4o_56_scored.json,0,c1,3,3,DemandAnalysis,0,1.1,1.1,Chief Product Officer,1.1\ChatDev_ProgramDev2_GPT4o_56_scored.json,1.1\ChatDev_ProgramDev2_GPT4o_56_scored.json,1,"Write a CLI script creator for simple backups. User specifies source directories and a target backup location. The script (e.g., shell script using `rsync` or `tar`) is generated."
0.9999998677263637,0.3333333378248471,1.2501528663867426e-09,ChatDev_ProgramDev2_GPT4o_56_scored.json,1,c1,3,3,DemandAnalysis,0,1.1,1.1,Chief Product Officer,1.1\ChatDev_ProgramDev2_GPT4o_56_scored.json,1.1\ChatDev_ProgramDev2_GPT4o_56_scored.json,2,"Write a CLI script creator for simple backups. User specifies source directories and a target backup location. The script (e.g., shell script using `rsync` or `tar`) is generated."
1.0,0.7947296602891925,3.927863545481039e-07,ChatDev_ProgramDev2_GPT4o_56_scored.json,2,c1,11,11,Manual,0,1.1,1.1,Chief Product Officer,1.1\ChatDev_ProgramDev2_GPT4o_56_scored.json,1.1\ChatDev_ProgramDev2_GPT4o_56_scored.json,3,"Write a CLI script creator for simple backups. User specifies source directories and a target backup location. The script (e.g., shell script using `rsync` or `tar`) is generated."
0.9992902552405551,0.9992902552405551,0.9992902552405551,ChatDev_ProgramDev2_GPT4o_56_scored.json,0,c1,1,1,LanguageChoose,0,1.1,1.1,Chief Technology Officer,1.1\ChatDev_ProgramDev2_GPT4o_56_scored.json,1.1\ChatDev_ProgramDev2_GPT4o_56_scored.json,1,"Write a CLI script creator for simple backups. User specifies source directories and a target backup location. The script (e.g., shell script using `rsync` or `tar`) is generated."
0.7772999262421895,0.2921235140808464,0.0019267342527389902,ChatDev_ProgramDev2_GPT4o_56_scored.json,0,c1,7,7,CodeReviewComment,0,1.1,1.1,Code Reviewer,1.1\ChatDev_ProgramDev2_GPT4o_56_scored.json,1.1\ChatDev_ProgramDev2_GPT4o_56_scored.json,1,"Write a CLI script creator for simple backups. User specifies source directories and a target backup location. The script (e.g., shell script using `rsync` or `tar`) is generated."
0.0001233946226544279,0.0001233946226544279,0.0001233946226544279,ChatDev_ProgramDev2_GPT4o_56_scored.json,1,c1,1,1,CodeReviewComment,0,1.1,1.1,Code Reviewer,1.1\ChatDev_ProgramDev2_GPT4o_56_scored.json,1.1\ChatDev_ProgramDev2_GPT4o_56_scored.json,2,"Write a CLI script creator for simple backups. User specifies source directories and a target backup location. The script (e.g., shell script using `rsync` or `tar`) is generated."
3.535625324942473e-05,3.535625324942473e-05,3.535625324942473e-05,ChatDev_ProgramDev2_GPT4o_56_scored.json,2,c1,1,1,CodeReviewComment,0,1.1,1.1,Code Reviewer,1.1\ChatDev_ProgramDev2_GPT4o_56_scored.json,1.1\ChatDev_ProgramDev2_GPT4o_56_scored.json,3,"Write a CLI script creator for simple backups. User specifies source directories and a target backup location. The script (e.g., shell script using `rsync` or `tar`) is generated."
0.9999998622234002,0.5446182874482909,0.0,ChatDev_ProgramDev2_GPT4o_56_scored.json,1,c1,18,18,CodeReviewModification,0,1.1,1.1,Programmer,1.1\ChatDev_ProgramDev2_GPT4o_56_scored.json,1.1\ChatDev_ProgramDev2_GPT4o_56_scored.json,2,"Write a CLI script creator for simple backups. User specifies source directories and a target backup location. The script (e.g., shell script using `rsync` or `tar`) is generated."
1.0,0.5621885572895534,0.0,ChatDev_ProgramDev2_GPT4o_56_scored.json,2,c1,16,16,CodeReviewModification,0,1.1,1.1,Programmer,1.1\ChatDev_ProgramDev2_GPT4o_56_scored.json,1.1\ChatDev_ProgramDev2_GPT4o_56_scored.json,3,"Write a CLI script creator for simple backups. User specifies source directories and a target backup location. The script (e.g., shell script using `rsync` or `tar`) is generated."
0.999999598057851,0.5719967125283199,0.0,ChatDev_ProgramDev2_GPT4o_56_scored.json,3,c1,22,22,CodeReviewModification,0,1.1,1.1,Programmer,1.1\ChatDev_ProgramDev2_GPT4o_56_scored.json,1.1\ChatDev_ProgramDev2_GPT4o_56_scored.json,4,"Write a CLI script creator for simple backups. User specifies source directories and a target backup location. The script (e.g., shell script using `rsync` or `tar`) is generated."
1.0,0.6857980399371256,8.764248219443636e-08,ChatDev_ProgramDev2_GPT4o_56_scored.json,0,c1,24,24,Coding,0,1.1,1.1,Programmer,1.1\ChatDev_ProgramDev2_GPT4o_56_scored.json,1.1\ChatDev_ProgramDev2_GPT4o_56_scored.json,1,"Write a CLI script creator for simple backups. User specifies source directories and a target backup location. The script (e.g., shell script using `rsync` or `tar`) is generated."
0.9999988821606952,0.5961322088071707,1.522997974471263e-08,ChatDev_ProgramDev2_GPT4o_56_scored.json,6,c1,5,5,EnvironmentDoc,0,1.1,1.1,Programmer,1.1\ChatDev_ProgramDev2_GPT4o_56_scored.json,1.1\ChatDev_ProgramDev2_GPT4o_56_scored.json,7,"Write a CLI script creator for simple backups. User specifies source directories and a target backup location. The script (e.g., shell script using `rsync` or `tar`) is generated."
0.9999951879205653,0.6810043380058671,1.522997974471263e-08,ChatDev_ProgramDev2_GPT4o_56_scored.json,4,c1,6,6,TestErrorSummary,0,1.1,1.1,Programmer,1.1\ChatDev_ProgramDev2_GPT4o_56_scored.json,1.1\ChatDev_ProgramDev2_GPT4o_56_scored.json,5,"Write a CLI script creator for simple backups. User specifies source directories and a target backup location. The script (e.g., shell script using `rsync` or `tar`) is generated."
1.0,0.8611953320411244,2.902312105056987e-06,ChatDev_ProgramDev2_GPT4o_56_scored.json,5,c1,15,15,TestModification,0,1.1,1.1,Programmer,1.1\ChatDev_ProgramDev2_GPT4o_56_scored.json,1.1\ChatDev_ProgramDev2_GPT4o_56_scored.json,6,"Write a CLI script creator for simple backups. User specifies source directories and a target backup location. The script (e.g., shell script using `rsync` or `tar`) is generated."
0.9999998855722716,0.7493818509682026,2.382369667501818e-07,ChatDev_ProgramDev2_GPT4o_57_scored.json,0,c1,4,4,Reflection,0,1.1,1.1,Chief Executive Officer,1.1\ChatDev_ProgramDev2_GPT4o_57_scored.json,1.1\ChatDev_ProgramDev2_GPT4o_57_scored.json,1,"Create a CLI engine for a simple text-based adventure game. Load game data (rooms, user_demands, items, choices) from a JSON or YAML file. Player navigates by typing commands."
1.0,0.6827642175050432,6.47594599989589e-07,ChatDev_ProgramDev2_GPT4o_57_scored.json,0,c1,4,4,DemandAnalysis,0,1.1,1.1,Chief Product Officer,1.1\ChatDev_ProgramDev2_GPT4o_57_scored.json,1.1\ChatDev_ProgramDev2_GPT4o_57_scored.json,1,"Create a CLI engine for a simple text-based adventure game. Load game data (rooms, user_demands, items, choices) from a JSON or YAML file. Player navigates by typing commands."
0.5000000680753832,0.12522778047235122,5.905303998944039e-10,ChatDev_ProgramDev2_GPT4o_57_scored.json,1,c1,4,4,DemandAnalysis,0,1.1,1.1,Chief Product Officer,1.1\ChatDev_ProgramDev2_GPT4o_57_scored.json,1.1\ChatDev_ProgramDev2_GPT4o_57_scored.json,2,"Create a CLI engine for a simple text-based adventure game. Load game data (rooms, user_demands, items, choices) from a JSON or YAML file. Player navigates by typing commands."
0.9999998446322499,0.6182806421763547,1.1253517471925912e-07,ChatDev_ProgramDev2_GPT4o_57_scored.json,2,c1,11,11,Manual,0,1.1,1.1,Chief Product Officer,1.1\ChatDev_ProgramDev2_GPT4o_57_scored.json,1.1\ChatDev_ProgramDev2_GPT4o_57_scored.json,3,"Create a CLI engine for a simple text-based adventure game. Load game data (rooms, user_demands, items, choices) from a JSON or YAML file. Player navigates by typing commands."
0.999999855494768,0.999999855494768,0.999999855494768,ChatDev_ProgramDev2_GPT4o_57_scored.json,0,c1,1,1,LanguageChoose,0,1.1,1.1,Chief Technology Officer,1.1\ChatDev_ProgramDev2_GPT4o_57_scored.json,1.1\ChatDev_ProgramDev2_GPT4o_57_scored.json,1,"Create a CLI engine for a simple text-based adventure game. Load game data (rooms, user_demands, items, choices) from a JSON or YAML file. Player navigates by typing commands."
0.9984987499964991,0.9984987499964991,0.9984987499964991,ChatDev_ProgramDev2_GPT4o_57_scored.json,0,c1,1,1,CodeReviewComment,0,1.1,1.1,Code Reviewer,1.1\ChatDev_ProgramDev2_GPT4o_57_scored.json,1.1\ChatDev_ProgramDev2_GPT4o_57_scored.json,1,"Create a CLI engine for a simple text-based adventure game. Load game data (rooms, user_demands, items, choices) from a JSON or YAML file. Player navigates by typing commands."
0.998073288787288,0.998073288787288,0.998073288787288,ChatDev_ProgramDev2_GPT4o_57_scored.json,1,c1,1,1,CodeReviewComment,0,1.1,1.1,Code Reviewer,1.1\ChatDev_ProgramDev2_GPT4o_57_scored.json,1.1\ChatDev_ProgramDev2_GPT4o_57_scored.json,2,"Create a CLI engine for a simple text-based adventure game. Load game data (rooms, user_demands, items, choices) from a JSON or YAML file. Player navigates by typing commands."
0.9990888841514003,0.9990888841514003,0.9990888841514003,ChatDev_ProgramDev2_GPT4o_57_scored.json,2,c1,1,1,CodeReviewComment,0,1.1,1.1,Code Reviewer,1.1\ChatDev_ProgramDev2_GPT4o_57_scored.json,1.1\ChatDev_ProgramDev2_GPT4o_57_scored.json,3,"Create a CLI engine for a simple text-based adventure game. Load game data (rooms, user_demands, items, choices) from a JSON or YAML file. Player navigates by typing commands."
0.9999962574802354,0.4174221202686156,2.7535687796947383e-05,ChatDev_ProgramDev2_GPT4o_57_scored.json,1,c1,25,25,CodeReviewModification,0,1.1,1.1,Programmer,1.1\ChatDev_ProgramDev2_GPT4o_57_scored.json,1.1\ChatDev_ProgramDev2_GPT4o_57_scored.json,2,"Create a CLI engine for a simple text-based adventure game. Load game data (rooms, user_demands, items, choices) from a JSON or YAML file. Player navigates by typing commands."
0.9999545374927135,0.44167176929053287,0.0001584362410990077,ChatDev_ProgramDev2_GPT4o_57_scored.json,2,c1,20,20,CodeReviewModification,0,1.1,1.1,Programmer,1.1\ChatDev_ProgramDev2_GPT4o_57_scored.json,1.1\ChatDev_ProgramDev2_GPT4o_57_scored.json,3,"Create a CLI engine for a simple text-based adventure game. Load game data (rooms, user_demands, items, choices) from a JSON or YAML file. Player navigates by typing commands."
0.9999724472373337,0.30312993819780276,3.927863545481039e-07,ChatDev_ProgramDev2_GPT4o_57_scored.json,3,c1,29,29,CodeReviewModification,0,1.1,1.1,Programmer,1.1\ChatDev_ProgramDev2_GPT4o_57_scored.json,1.1\ChatDev_ProgramDev2_GPT4o_57_scored.json,4,"Create a CLI engine for a simple text-based adventure game. Load game data (rooms, user_demands, items, choices) from a JSON or YAML file. Player navigates by typing commands."
0.99999984046992,0.8566319587382362,0.0019267342527389902,ChatDev_ProgramDev2_GPT4o_57_scored.json,0,c1,16,16,Coding,0,1.1,1.1,Programmer,1.1\ChatDev_ProgramDev2_GPT4o_57_scored.json,1.1\ChatDev_ProgramDev2_GPT4o_57_scored.json,1,"Create a CLI engine for a simple text-based adventure game. Load game data (rooms, user_demands, items, choices) from a JSON or YAML file. Player navigates by typing commands."
0.999999862253706,0.6415675519906284,2.335593038799337e-09,ChatDev_ProgramDev2_GPT4o_57_scored.json,4,c1,6,6,EnvironmentDoc,0,1.1,1.1,Programmer,1.1\ChatDev_ProgramDev2_GPT4o_57_scored.json,1.1\ChatDev_ProgramDev2_GPT4o_57_scored.json,5,"Create a CLI engine for a simple text-based adventure game. Load game data (rooms, user_demands, items, choices) from a JSON or YAML file. Player navigates by typing commands."
0.9999998758935559,0.7999852505092815,2.902312105056987e-06,ChatDev_ProgramDev2_GPT4o_5_scored.json,0,c1,5,5,Reflection,0,1.1,1.1,Chief Executive Officer,1.1\ChatDev_ProgramDev2_GPT4o_5_scored.json,1.1\ChatDev_ProgramDev2_GPT4o_5_scored.json,1,"Create a CLI application to view the contents of a JSON file in a human-readable, indented format. The tool should take a file path as input and print the formatted JSON to the standard output."
0.999999869301286,0.3346900040619067,4.944450501938644e-09,ChatDev_ProgramDev2_GPT4o_5_scored.json,0,c1,3,3,DemandAnalysis,0,1.1,1.1,Chief Product Officer,1.1\ChatDev_ProgramDev2_GPT4o_5_scored.json,1.1\ChatDev_ProgramDev2_GPT4o_5_scored.json,1,"Create a CLI application to view the contents of a JSON file in a human-readable, indented format. The tool should take a file path as input and print the formatted JSON to the standard output."
0.002472623024627213,0.0008242079994157482,0.0,ChatDev_ProgramDev2_GPT4o_5_scored.json,1,c1,3,3,DemandAnalysis,0,1.1,1.1,Chief Product Officer,1.1\ChatDev_ProgramDev2_GPT4o_5_scored.json,1.1\ChatDev_ProgramDev2_GPT4o_5_scored.json,2,"Create a CLI application to view the contents of a JSON file in a human-readable, indented format. The tool should take a file path as input and print the formatted JSON to the standard output."
0.9999998691441668,0.5421653778349096,2.8453348089834e-08,ChatDev_ProgramDev2_GPT4o_5_scored.json,2,c1,12,12,Manual,0,1.1,1.1,Chief Product Officer,1.1\ChatDev_ProgramDev2_GPT4o_5_scored.json,1.1\ChatDev_ProgramDev2_GPT4o_5_scored.json,3,"Create a CLI application to view the contents of a JSON file in a human-readable, indented format. The tool should take a file path as input and print the formatted JSON to the standard output."
0.999999239580942,0.999999239580942,0.999999239580942,ChatDev_ProgramDev2_GPT4o_5_scored.json,0,c1,1,1,LanguageChoose,0,1.1,1.1,Chief Technology Officer,1.1\ChatDev_ProgramDev2_GPT4o_5_scored.json,1.1\ChatDev_ProgramDev2_GPT4o_5_scored.json,1,"Create a CLI application to view the contents of a JSON file in a human-readable, indented format. The tool should take a file path as input and print the formatted JSON to the standard output."
0.002472623024627213,0.002472623024627213,0.002472623024627213,ChatDev_ProgramDev2_GPT4o_5_scored.json,0,c1,1,1,CodeReviewComment,0,1.1,1.1,Code Reviewer,1.1\ChatDev_ProgramDev2_GPT4o_5_scored.json,1.1\ChatDev_ProgramDev2_GPT4o_5_scored.json,1,"Create a CLI application to view the contents of a JSON file in a human-readable, indented format. The tool should take a file path as input and print the formatted JSON to the standard output."
0.005220125868449866,0.005220125868449866,0.005220125868449866,ChatDev_ProgramDev2_GPT4o_5_scored.json,1,c1,1,1,CodeReviewComment,0,1.1,1.1,Code Reviewer,1.1\ChatDev_ProgramDev2_GPT4o_5_scored.json,1.1\ChatDev_ProgramDev2_GPT4o_5_scored.json,2,"Create a CLI application to view the contents of a JSON file in a human-readable, indented format. The tool should take a file path as input and print the formatted JSON to the standard output."
0.004070137939983506,0.004070137939983506,0.004070137939983506,ChatDev_ProgramDev2_GPT4o_5_scored.json,2,c1,1,1,CodeReviewComment,0,1.1,1.1,Code Reviewer,1.1\ChatDev_ProgramDev2_GPT4o_5_scored.json,1.1\ChatDev_ProgramDev2_GPT4o_5_scored.json,3,"Create a CLI application to view the contents of a JSON file in a human-readable, indented format. The tool should take a file path as input and print the formatted JSON to the standard output."
0.9999998684420693,0.9525888104388943,0.6224593288560561,ChatDev_ProgramDev2_GPT4o_5_scored.json,1,c1,9,9,CodeReviewModification,0,1.1,1.1,Programmer,1.1\ChatDev_ProgramDev2_GPT4o_5_scored.json,1.1\ChatDev_ProgramDev2_GPT4o_5_scored.json,2,"Create a CLI application to view the contents of a JSON file in a human-readable, indented format. The tool should take a file path as input and print the formatted JSON to the standard output."
0.9999998501223395,0.8994362512039044,0.09534946916009217,ChatDev_ProgramDev2_GPT4o_5_scored.json,2,c1,9,9,CodeReviewModification,0,1.1,1.1,Programmer,1.1\ChatDev_ProgramDev2_GPT4o_5_scored.json,1.1\ChatDev_ProgramDev2_GPT4o_5_scored.json,3,"Create a CLI application to view the contents of a JSON file in a human-readable, indented format. The tool should take a file path as input and print the formatted JSON to the standard output."
0.9999998451179499,0.8658212124635702,0.008577485515938836,ChatDev_ProgramDev2_GPT4o_5_scored.json,3,c1,15,15,CodeReviewModification,0,1.1,1.1,Programmer,1.1\ChatDev_ProgramDev2_GPT4o_5_scored.json,1.1\ChatDev_ProgramDev2_GPT4o_5_scored.json,4,"Create a CLI application to view the contents of a JSON file in a human-readable, indented format. The tool should take a file path as input and print the formatted JSON to the standard output."
0.9999998680397165,0.9999787750728708,0.9997965522036145,ChatDev_ProgramDev2_GPT4o_5_scored.json,0,c1,11,11,Coding,0,1.1,1.1,Programmer,1.1\ChatDev_ProgramDev2_GPT4o_5_scored.json,1.1\ChatDev_ProgramDev2_GPT4o_5_scored.json,1,"Create a CLI application to view the contents of a JSON file in a human-readable, indented format. The tool should take a file path as input and print the formatted JSON to the standard output."
0.9999997209203519,0.5998189457331214,1.8189616875530459e-09,ChatDev_ProgramDev2_GPT4o_5_scored.json,4,c1,5,5,EnvironmentDoc,0,1.1,1.1,Programmer,1.1\ChatDev_ProgramDev2_GPT4o_5_scored.json,1.1\ChatDev_ProgramDev2_GPT4o_5_scored.json,5,"Create a CLI application to view the contents of a JSON file in a human-readable, indented format. The tool should take a file path as input and print the formatted JSON to the standard output."
0.999999884590805,0.9761625265531175,0.9046504983204661,ChatDev_ProgramDev2_GPT4o_67_scored.json,0,c1,4,4,Reflection,0,1.1,1.1,Chief Executive Officer,1.1\ChatDev_ProgramDev2_GPT4o_67_scored.json,1.1\ChatDev_ProgramDev2_GPT4o_67_scored.json,1,"Build a CLI audio file tag editor for MP3 files (basic ID3 tags). Allow viewing and modifying tags like title, artist, album, year. Requires a library for MP3 tag manipulation."
1.0,0.682474524331936,0.04742587780607772,ChatDev_ProgramDev2_GPT4o_67_scored.json,0,c1,3,3,DemandAnalysis,0,1.1,1.1,Chief Product Officer,1.1\ChatDev_ProgramDev2_GPT4o_67_scored.json,1.1\ChatDev_ProgramDev2_GPT4o_67_scored.json,1,"Build a CLI audio file tag editor for MP3 files (basic ID3 tags). Allow viewing and modifying tags like title, artist, album, year. Requires a library for MP3 tag manipulation."
0.0,0.0,0.0,ChatDev_ProgramDev2_GPT4o_67_scored.json,1,c1,2,2,DemandAnalysis,0,1.1,1.1,Chief Product Officer,1.1\ChatDev_ProgramDev2_GPT4o_67_scored.json,1.1\ChatDev_ProgramDev2_GPT4o_67_scored.json,2,"Build a CLI audio file tag editor for MP3 files (basic ID3 tags). Allow viewing and modifying tags like title, artist, album, year. Requires a library for MP3 tag manipulation."
0.9999999229857265,0.7995691115441802,1.6701414089010932e-05,ChatDev_ProgramDev2_GPT4o_67_scored.json,2,c1,10,10,Manual,0,1.1,1.1,Chief Product Officer,1.1\ChatDev_ProgramDev2_GPT4o_67_scored.json,1.1\ChatDev_ProgramDev2_GPT4o_67_scored.json,3,"Build a CLI audio file tag editor for MP3 files (basic ID3 tags). Allow viewing and modifying tags like title, artist, album, year. Requires a library for MP3 tag manipulation."
0.9999998443557171,0.9999998443557171,0.9999998443557171,ChatDev_ProgramDev2_GPT4o_67_scored.json,0,c1,1,1,LanguageChoose,0,1.1,1.1,Chief Technology Officer,1.1\ChatDev_ProgramDev2_GPT4o_67_scored.json,1.1\ChatDev_ProgramDev2_GPT4o_67_scored.json,1,"Build a CLI audio file tag editor for MP3 files (basic ID3 tags). Allow viewing and modifying tags like title, artist, album, year. Requires a library for MP3 tag manipulation."
0.9999988763678898,0.9559323284785933,0.7310586459949625,ChatDev_ProgramDev2_GPT4o_67_scored.json,0,c1,7,7,CodeReviewComment,0,1.1,1.1,Code Reviewer,1.1\ChatDev_ProgramDev2_GPT4o_67_scored.json,1.1\ChatDev_ProgramDev2_GPT4o_67_scored.json,1,"Build a CLI audio file tag editor for MP3 files (basic ID3 tags). Allow viewing and modifying tags like title, artist, album, year. Requires a library for MP3 tag manipulation."
0.9999937515566676,0.9999937515566676,0.9999937515566676,ChatDev_ProgramDev2_GPT4o_67_scored.json,1,c1,1,1,CodeReviewComment,0,1.1,1.1,Code Reviewer,1.1\ChatDev_ProgramDev2_GPT4o_67_scored.json,1.1\ChatDev_ProgramDev2_GPT4o_67_scored.json,2,"Build a CLI audio file tag editor for MP3 files (basic ID3 tags). Allow viewing and modifying tags like title, artist, album, year. Requires a library for MP3 tag manipulation."
0.9999998490661437,0.9875520091823247,0.9626730096569802,ChatDev_ProgramDev2_GPT4o_67_scored.json,2,c1,3,3,CodeReviewComment,0,1.1,1.1,Code Reviewer,1.1\ChatDev_ProgramDev2_GPT4o_67_scored.json,1.1\ChatDev_ProgramDev2_GPT4o_67_scored.json,3,"Build a CLI audio file tag editor for MP3 files (basic ID3 tags). Allow viewing and modifying tags like title, artist, album, year. Requires a library for MP3 tag manipulation."
0.9890130285162415,0.10504187120677354,8.315279260963632e-07,ChatDev_ProgramDev2_GPT4o_67_scored.json,1,c1,21,21,CodeReviewModification,0,1.1,1.1,Programmer,1.1\ChatDev_ProgramDev2_GPT4o_67_scored.json,1.1\ChatDev_ProgramDev2_GPT4o_67_scored.json,2,"Build a CLI audio file tag editor for MP3 files (basic ID3 tags). Allow viewing and modifying tags like title, artist, album, year. Requires a library for MP3 tag manipulation."
1.0,0.9380369762623844,0.01798621270515612,ChatDev_ProgramDev2_GPT4o_67_scored.json,2,c1,16,16,CodeReviewModification,0,1.1,1.1,Programmer,1.1\ChatDev_ProgramDev2_GPT4o_67_scored.json,1.1\ChatDev_ProgramDev2_GPT4o_67_scored.json,3,"Build a CLI audio file tag editor for MP3 files (basic ID3 tags). Allow viewing and modifying tags like title, artist, album, year. Requires a library for MP3 tag manipulation."
0.6791787516568523,0.08819520055726165,8.315279260963632e-07,ChatDev_ProgramDev2_GPT4o_67_scored.json,3,c1,17,17,CodeReviewModification,0,1.1,1.1,Programmer,1.1\ChatDev_ProgramDev2_GPT4o_67_scored.json,1.1\ChatDev_ProgramDev2_GPT4o_67_scored.json,4,"Build a CLI audio file tag editor for MP3 files (basic ID3 tags). Allow viewing and modifying tags like title, artist, album, year. Requires a library for MP3 tag manipulation."
0.9999998684420693,0.8297020965737355,1.4449802461092448e-07,ChatDev_ProgramDev2_GPT4o_67_scored.json,0,c1,20,20,Coding,0,1.1,1.1,Programmer,1.1\ChatDev_ProgramDev2_GPT4o_67_scored.json,1.1\ChatDev_ProgramDev2_GPT4o_67_scored.json,1,"Build a CLI audio file tag editor for MP3 files (basic ID3 tags). Allow viewing and modifying tags like title, artist, album, year. Requires a library for MP3 tag manipulation."
0.9999999012239845,0.9999989127265555,0.9999969689159656,ChatDev_ProgramDev2_GPT4o_67_scored.json,5,c1,3,3,EnvironmentDoc,0,1.1,1.1,Programmer,1.1\ChatDev_ProgramDev2_GPT4o_67_scored.json,1.1\ChatDev_ProgramDev2_GPT4o_67_scored.json,6,"Build a CLI audio file tag editor for MP3 files (basic ID3 tags). Allow viewing and modifying tags like title, artist, album, year. Requires a library for MP3 tag manipulation."
0.9999998611504499,0.6666665333999371,3.850741922767617e-09,ChatDev_ProgramDev2_GPT4o_67_scored.json,4,c1,3,3,TestModification,0,1.1,1.1,Programmer,1.1\ChatDev_ProgramDev2_GPT4o_67_scored.json,1.1\ChatDev_ProgramDev2_GPT4o_67_scored.json,5,"Build a CLI audio file tag editor for MP3 files (basic ID3 tags). Allow viewing and modifying tags like title, artist, album, year. Requires a library for MP3 tag manipulation."
0.9999998678732606,0.2527468648163148,1.4449802461092448e-07,ChatDev_ProgramDev2_GPT4o_68_scored.json,0,c1,4,4,Reflection,0,1.1,1.1,Chief Executive Officer,1.1\ChatDev_ProgramDev2_GPT4o_68_scored.json,1.1\ChatDev_ProgramDev2_GPT4o_68_scored.json,1,"Write a CLI tool to convert a short video file segment (e.g., first 5 seconds) into an animated GIF. Requires `ffmpeg` to be installed."
0.9999998767045566,0.49994913470571223,1.0467401794744658e-08,ChatDev_ProgramDev2_GPT4o_68_scored.json,0,c1,4,4,DemandAnalysis,0,1.1,1.1,Chief Product Officer,1.1\ChatDev_ProgramDev2_GPT4o_68_scored.json,1.1\ChatDev_ProgramDev2_GPT4o_68_scored.json,1,"Write a CLI tool to convert a short video file segment (e.g., first 5 seconds) into an animated GIF. Requires `ffmpeg` to be installed."
0.2689414431936799,0.08964715472198992,1.4166087866431961e-09,ChatDev_ProgramDev2_GPT4o_68_scored.json,1,c1,3,3,DemandAnalysis,0,1.1,1.1,Chief Product Officer,1.1\ChatDev_ProgramDev2_GPT4o_68_scored.json,1.1\ChatDev_ProgramDev2_GPT4o_68_scored.json,2,"Write a CLI tool to convert a short video file segment (e.g., first 5 seconds) into an animated GIF. Requires `ffmpeg` to be installed."
1.0,0.6666652198324727,4.5990553786523166e-10,ChatDev_ProgramDev2_GPT4o_68_scored.json,2,c1,12,12,Manual,0,1.1,1.1,Chief Product Officer,1.1\ChatDev_ProgramDev2_GPT4o_68_scored.json,1.1\ChatDev_ProgramDev2_GPT4o_68_scored.json,3,"Write a CLI tool to convert a short video file segment (e.g., first 5 seconds) into an animated GIF. Requires `ffmpeg` to be installed."
0.9999985328119436,0.9999985328119436,0.9999985328119436,ChatDev_ProgramDev2_GPT4o_68_scored.json,0,c1,1,1,LanguageChoose,0,1.1,1.1,Chief Technology Officer,1.1\ChatDev_ProgramDev2_GPT4o_68_scored.json,1.1\ChatDev_ProgramDev2_GPT4o_68_scored.json,1,"Write a CLI tool to convert a short video file segment (e.g., first 5 seconds) into an animated GIF. Requires `ffmpeg` to be installed."
0.006692851264215723,0.0014168106951969552,4.539785156619626e-05,ChatDev_ProgramDev2_GPT4o_68_scored.json,0,c1,7,7,CodeReviewComment,0,1.1,1.1,Code Reviewer,1.1\ChatDev_ProgramDev2_GPT4o_68_scored.json,1.1\ChatDev_ProgramDev2_GPT4o_68_scored.json,1,"Write a CLI tool to convert a short video file segment (e.g., first 5 seconds) into an animated GIF. Requires `ffmpeg` to be installed."
0.9995693480725759,0.6032063460200529,0.0373268869815644,ChatDev_ProgramDev2_GPT4o_68_scored.json,1,c1,6,6,CodeReviewComment,0,1.1,1.1,Code Reviewer,1.1\ChatDev_ProgramDev2_GPT4o_68_scored.json,1.1\ChatDev_ProgramDev2_GPT4o_68_scored.json,2,"Write a CLI tool to convert a short video file segment (e.g., first 5 seconds) into an animated GIF. Requires `ffmpeg` to be installed."
0.9999037669664167,0.49382978909928477,0.0019267342527389902,ChatDev_ProgramDev2_GPT4o_68_scored.json,2,c1,8,8,CodeReviewComment,0,1.1,1.1,Code Reviewer,1.1\ChatDev_ProgramDev2_GPT4o_68_scored.json,1.1\ChatDev_ProgramDev2_GPT4o_68_scored.json,3,"Write a CLI tool to convert a short video file segment (e.g., first 5 seconds) into an animated GIF. Requires `ffmpeg` to be installed."
0.8807970494033868,0.20656666204224686,3.7266389560521204e-06,ChatDev_ProgramDev2_GPT4o_68_scored.json,1,c1,14,14,CodeReviewModification,0,1.1,1.1,Programmer,1.1\ChatDev_ProgramDev2_GPT4o_68_scored.json,1.1\ChatDev_ProgramDev2_GPT4o_68_scored.json,2,"Write a CLI tool to convert a short video file segment (e.g., first 5 seconds) into an animated GIF. Requires `ffmpeg` to be installed."
0.904650490665289,0.2078657272106542,2.510999155743982e-08,ChatDev_ProgramDev2_GPT4o_68_scored.json,2,c1,20,20,CodeReviewModification,0,1.1,1.1,Programmer,1.1\ChatDev_ProgramDev2_GPT4o_68_scored.json,1.1\ChatDev_ProgramDev2_GPT4o_68_scored.json,3,"Write a CLI tool to convert a short video file segment (e.g., first 5 seconds) into an animated GIF. Requires `ffmpeg` to be installed."
0.9975273239283621,0.21616380855559297,2.2603250957489616e-06,ChatDev_ProgramDev2_GPT4o_68_scored.json,3,c1,20,20,CodeReviewModification,0,1.1,1.1,Programmer,1.1\ChatDev_ProgramDev2_GPT4o_68_scored.json,1.1\ChatDev_ProgramDev2_GPT4o_68_scored.json,4,"Write a CLI tool to convert a short video file segment (e.g., first 5 seconds) into an animated GIF. Requires `ffmpeg` to be installed."
0.9999998697875173,0.8593722681042353,1.370956471489639e-06,ChatDev_ProgramDev2_GPT4o_68_scored.json,0,c1,20,20,Coding,0,1.1,1.1,Programmer,1.1\ChatDev_ProgramDev2_GPT4o_68_scored.json,1.1\ChatDev_ProgramDev2_GPT4o_68_scored.json,1,"Write a CLI tool to convert a short video file segment (e.g., first 5 seconds) into an animated GIF. Requires `ffmpeg` to be installed."
0.9999998778078126,0.6400796133603911,0.017986213100272055,ChatDev_ProgramDev2_GPT4o_68_scored.json,4,c1,5,5,EnvironmentDoc,0,1.1,1.1,Programmer,1.1\ChatDev_ProgramDev2_GPT4o_68_scored.json,1.1\ChatDev_ProgramDev2_GPT4o_68_scored.json,5,"Write a CLI tool to convert a short video file segment (e.g., first 5 seconds) into an animated GIF. Requires `ffmpeg` to be installed."
1.0,0.9992067794728808,0.9968273689160975,ChatDev_ProgramDev2_GPT4o_6_scored.json,0,c1,4,4,Reflection,0,1.1,1.1,Chief Executive Officer,1.1\ChatDev_ProgramDev2_GPT4o_6_scored.json,1.1\ChatDev_ProgramDev2_GPT4o_6_scored.json,1,"Develop a simple CLI tool that displays basic system resource usage: CPU percentage, memory usage (total, used, free), and disk space (total, used, free for a specified partition or root). Update the display every few seconds or on command."
0.999999907760466,0.7472534625707883,1.370956471489639e-06,ChatDev_ProgramDev2_GPT4o_6_scored.json,0,c1,4,4,DemandAnalysis,0,1.1,1.1,Chief Product Officer,1.1\ChatDev_ProgramDev2_GPT4o_6_scored.json,1.1\ChatDev_ProgramDev2_GPT4o_6_scored.json,1,"Develop a simple CLI tool that displays basic system resource usage: CPU percentage, memory usage (total, used, free), and disk space (total, used, free for a specified partition or root). Update the display every few seconds or on command."
0.9995693702798144,0.3331897901862537,0.0,ChatDev_ProgramDev2_GPT4o_6_scored.json,1,c1,3,3,DemandAnalysis,0,1.1,1.1,Chief Product Officer,1.1\ChatDev_ProgramDev2_GPT4o_6_scored.json,1.1\ChatDev_ProgramDev2_GPT4o_6_scored.json,2,"Develop a simple CLI tool that displays basic system resource usage: CPU percentage, memory usage (total, used, free), and disk space (total, used, free for a specified partition or root). Update the display every few seconds or on command."
1.0,0.5804157638141564,0.0,ChatDev_ProgramDev2_GPT4o_6_scored.json,2,c1,22,22,Manual,0,1.1,1.1,Chief Product Officer,1.1\ChatDev_ProgramDev2_GPT4o_6_scored.json,1.1\ChatDev_ProgramDev2_GPT4o_6_scored.json,3,"Develop a simple CLI tool that displays basic system resource usage: CPU percentage, memory usage (total, used, free), and disk space (total, used, free for a specified partition or root). Update the display every few seconds or on command."
0.9999998980930339,0.9999998980930339,0.9999998980930339,ChatDev_ProgramDev2_GPT4o_6_scored.json,0,c1,1,1,LanguageChoose,0,1.1,1.1,Chief Technology Officer,1.1\ChatDev_ProgramDev2_GPT4o_6_scored.json,1.1\ChatDev_ProgramDev2_GPT4o_6_scored.json,1,"Develop a simple CLI tool that displays basic system resource usage: CPU percentage, memory usage (total, used, free), and disk space (total, used, free for a specified partition or root). Update the display every few seconds or on command."
0.9999998760600118,0.8252991518388952,2.902312105056987e-06,ChatDev_ProgramDev2_GPT4o_6_scored.json,0,c1,7,7,CodeReviewComment,0,1.1,1.1,Code Reviewer,1.1\ChatDev_ProgramDev2_GPT4o_6_scored.json,1.1\ChatDev_ProgramDev2_GPT4o_6_scored.json,1,"Develop a simple CLI tool that displays basic system resource usage: CPU percentage, memory usage (total, used, free), and disk space (total, used, free for a specified partition or root). Update the display every few seconds or on command."
0.9968273673282927,0.20271127616661153,5.829127258796956e-05,ChatDev_ProgramDev2_GPT4o_6_scored.json,1,c1,6,6,CodeReviewComment,0,1.1,1.1,Code Reviewer,1.1\ChatDev_ProgramDev2_GPT4o_6_scored.json,1.1\ChatDev_ProgramDev2_GPT4o_6_scored.json,2,"Develop a simple CLI tool that displays basic system resource usage: CPU percentage, memory usage (total, used, free), and disk space (total, used, free for a specified partition or root). Update the display every few seconds or on command."
0.8807970722365717,0.2731425417870922,3.535625324942473e-05,ChatDev_ProgramDev2_GPT4o_6_scored.json,2,c1,4,4,CodeReviewComment,0,1.1,1.1,Code Reviewer,1.1\ChatDev_ProgramDev2_GPT4o_6_scored.json,1.1\ChatDev_ProgramDev2_GPT4o_6_scored.json,3,"Develop a simple CLI tool that displays basic system resource usage: CPU percentage, memory usage (total, used, free), and disk space (total, used, free for a specified partition or root). Update the display every few seconds or on command."
0.9999998982816531,0.8074780037044922,7.88926463665814e-06,ChatDev_ProgramDev2_GPT4o_6_scored.json,1,c1,15,15,CodeReviewModification,0,1.1,1.1,Programmer,1.1\ChatDev_ProgramDev2_GPT4o_6_scored.json,1.1\ChatDev_ProgramDev2_GPT4o_6_scored.json,2,"Develop a simple CLI tool that displays basic system resource usage: CPU percentage, memory usage (total, used, free), and disk space (total, used, free for a specified partition or root). Update the display every few seconds or on command."
0.9947798242428739,0.26712432569731326,0.00070967033651176,ChatDev_ProgramDev2_GPT4o_6_scored.json,2,c1,12,12,CodeReviewModification,0,1.1,1.1,Programmer,1.1\ChatDev_ProgramDev2_GPT4o_6_scored.json,1.1\ChatDev_ProgramDev2_GPT4o_6_scored.json,3,"Develop a simple CLI tool that displays basic system resource usage: CPU percentage, memory usage (total, used, free), and disk space (total, used, free for a specified partition or root). Update the display every few seconds or on command."
1.0,0.909190003008727,0.0011695103074966034,ChatDev_ProgramDev2_GPT4o_6_scored.json,3,c1,11,11,CodeReviewModification,0,1.1,1.1,Programmer,1.1\ChatDev_ProgramDev2_GPT4o_6_scored.json,1.1\ChatDev_ProgramDev2_GPT4o_6_scored.json,4,"Develop a simple CLI tool that displays basic system resource usage: CPU percentage, memory usage (total, used, free), and disk space (total, used, free for a specified partition or root). Update the display every few seconds or on command."
0.999999836274243,0.7270247158825733,5.829127258796956e-05,ChatDev_ProgramDev2_GPT4o_6_scored.json,0,c1,25,25,Coding,0,1.1,1.1,Programmer,1.1\ChatDev_ProgramDev2_GPT4o_6_scored.json,1.1\ChatDev_ProgramDev2_GPT4o_6_scored.json,1,"Develop a simple CLI tool that displays basic system resource usage: CPU percentage, memory usage (total, used, free), and disk space (total, used, free for a specified partition or root). Update the display every few seconds or on command."
0.9999998958488131,0.7499997800160491,0.0,ChatDev_ProgramDev2_GPT4o_6_scored.json,4,c1,4,4,EnvironmentDoc,0,1.1,1.1,Programmer,1.1\ChatDev_ProgramDev2_GPT4o_6_scored.json,1.1\ChatDev_ProgramDev2_GPT4o_6_scored.json,5,"Develop a simple CLI tool that displays basic system resource usage: CPU percentage, memory usage (total, used, free), and disk space (total, used, free for a specified partition or root). Update the display every few seconds or on command."
1.0,0.7500784261062527,0.0003353500342255387,ChatDev_ProgramDev2_GPT4o_76_scored.json,0,c1,4,4,Reflection,0,1.1,1.1,Chief Executive Officer,1.1\ChatDev_ProgramDev2_GPT4o_76_scored.json,1.1\ChatDev_ProgramDev2_GPT4o_76_scored.json,1,"Write a simple CLI data plotter that takes a list of numbers (e.g., from a file or stdin) and generates a basic text-based bar chart or line graph in the terminal."
0.9999998689865918,0.7499853571919766,2.215948977336598e-08,ChatDev_ProgramDev2_GPT4o_76_scored.json,0,c1,4,4,DemandAnalysis,0,1.1,1.1,Chief Product Officer,1.1\ChatDev_ProgramDev2_GPT4o_76_scored.json,1.1\ChatDev_ProgramDev2_GPT4o_76_scored.json,1,"Write a simple CLI data plotter that takes a list of numbers (e.g., from a file or stdin) and generates a basic text-based bar chart or line graph in the terminal."
0.9999994830835031,0.7997637367166864,0.0,ChatDev_ProgramDev2_GPT4o_76_scored.json,1,c1,5,5,DemandAnalysis,0,1.1,1.1,Chief Product Officer,1.1\ChatDev_ProgramDev2_GPT4o_76_scored.json,1.1\ChatDev_ProgramDev2_GPT4o_76_scored.json,2,"Write a simple CLI data plotter that takes a list of numbers (e.g., from a file or stdin) and generates a basic text-based bar chart or line graph in the terminal."
1.0,0.7275065412663159,6.82560337633487e-08,ChatDev_ProgramDev2_GPT4o_76_scored.json,2,c1,12,12,Manual,0,1.1,1.1,Chief Product Officer,1.1\ChatDev_ProgramDev2_GPT4o_76_scored.json,1.1\ChatDev_ProgramDev2_GPT4o_76_scored.json,3,"Write a simple CLI data plotter that takes a list of numbers (e.g., from a file or stdin) and generates a basic text-based bar chart or line graph in the terminal."
0.9999998759817202,0.9999998759817202,0.9999998759817202,ChatDev_ProgramDev2_GPT4o_76_scored.json,0,c1,1,1,LanguageChoose,0,1.1,1.1,Chief Technology Officer,1.1\ChatDev_ProgramDev2_GPT4o_76_scored.json,1.1\ChatDev_ProgramDev2_GPT4o_76_scored.json,1,"Write a simple CLI data plotter that takes a list of numbers (e.g., from a file or stdin) and generates a basic text-based bar chart or line graph in the terminal."
0.9998414487998716,0.9998414487998716,0.9998414487998716,ChatDev_ProgramDev2_GPT4o_76_scored.json,0,c1,1,1,CodeReviewComment,0,1.1,1.1,Code Reviewer,1.1\ChatDev_ProgramDev2_GPT4o_76_scored.json,1.1\ChatDev_ProgramDev2_GPT4o_76_scored.json,1,"Write a simple CLI data plotter that takes a list of numbers (e.g., from a file or stdin) and generates a basic text-based bar chart or line graph in the terminal."
0.9998414487998716,0.9998414487998716,0.9998414487998716,ChatDev_ProgramDev2_GPT4o_76_scored.json,1,c1,1,1,CodeReviewComment,0,1.1,1.1,Code Reviewer,1.1\ChatDev_ProgramDev2_GPT4o_76_scored.json,1.1\ChatDev_ProgramDev2_GPT4o_76_scored.json,2,"Write a simple CLI data plotter that takes a list of numbers (e.g., from a file or stdin) and generates a basic text-based bar chart or line graph in the terminal."
0.9999997354144857,0.8413303150181042,0.005220125868449866,ChatDev_ProgramDev2_GPT4o_76_scored.json,2,c1,10,10,CodeReviewComment,0,1.1,1.1,Code Reviewer,1.1\ChatDev_ProgramDev2_GPT4o_76_scored.json,1.1\ChatDev_ProgramDev2_GPT4o_76_scored.json,3,"Write a simple CLI data plotter that takes a list of numbers (e.g., from a file or stdin) and generates a basic text-based bar chart or line graph in the terminal."
0.9999998495580406,0.8796050586276143,0.09534946619892729,ChatDev_ProgramDev2_GPT4o_76_scored.json,1,c1,21,21,CodeReviewModification,0,1.1,1.1,Programmer,1.1\ChatDev_ProgramDev2_GPT4o_76_scored.json,1.1\ChatDev_ProgramDev2_GPT4o_76_scored.json,2,"Write a simple CLI data plotter that takes a list of numbers (e.g., from a file or stdin) and generates a basic text-based bar chart or line graph in the terminal."
0.9999998360581089,0.9501819885951418,0.26894144176359824,ChatDev_ProgramDev2_GPT4o_76_scored.json,2,c1,20,20,CodeReviewModification,0,1.1,1.1,Programmer,1.1\ChatDev_ProgramDev2_GPT4o_76_scored.json,1.1\ChatDev_ProgramDev2_GPT4o_76_scored.json,3,"Write a simple CLI data plotter that takes a list of numbers (e.g., from a file or stdin) and generates a basic text-based bar chart or line graph in the terminal."
0.22270019685995904,0.030751284869539576,9.931194312156244e-08,ChatDev_ProgramDev2_GPT4o_76_scored.json,3,c1,22,22,CodeReviewModification,0,1.1,1.1,Programmer,1.1\ChatDev_ProgramDev2_GPT4o_76_scored.json,1.1\ChatDev_ProgramDev2_GPT4o_76_scored.json,4,"Write a simple CLI data plotter that takes a list of numbers (e.g., from a file or stdin) and generates a basic text-based bar chart or line graph in the terminal."
0.9999998449293307,0.9999441466885715,0.999664546860518,ChatDev_ProgramDev2_GPT4o_76_scored.json,0,c1,10,10,Coding,0,1.1,1.1,Programmer,1.1\ChatDev_ProgramDev2_GPT4o_76_scored.json,1.1\ChatDev_ProgramDev2_GPT4o_76_scored.json,1,"Write a simple CLI data plotter that takes a list of numbers (e.g., from a file or stdin) and generates a basic text-based bar chart or line graph in the terminal."
0.9999997250673318,0.9788908818557075,0.9241417780798405,ChatDev_ProgramDev2_GPT4o_76_scored.json,4,c1,4,4,EnvironmentDoc,0,1.1,1.1,Programmer,1.1\ChatDev_ProgramDev2_GPT4o_76_scored.json,1.1\ChatDev_ProgramDev2_GPT4o_76_scored.json,5,"Write a simple CLI data plotter that takes a list of numbers (e.g., from a file or stdin) and generates a basic text-based bar chart or line graph in the terminal."
0.9999998853368164,0.4996258758982835,5.602796437537268e-09,ChatDev_ProgramDev2_GPT4o_79_scored.json,0,c1,4,4,DemandAnalysis,0,1.1,1.1,Chief Product Officer,1.1\ChatDev_ProgramDev2_GPT4o_79_scored.json,1.1\ChatDev_ProgramDev2_GPT4o_79_scored.json,1,"Build a CLI recipe manager. Allow users to add recipes (name, ingredients, instructions), search for recipes by name or ingredient, and view recipe details. Store data in text or JSON files."
0.9999993673251265,0.5999895622482543,0.0,ChatDev_ProgramDev2_GPT4o_79_scored.json,1,c1,5,5,DemandAnalysis,0,1.1,1.1,Chief Product Officer,1.1\ChatDev_ProgramDev2_GPT4o_79_scored.json,1.1\ChatDev_ProgramDev2_GPT4o_79_scored.json,2,"Build a CLI recipe manager. Allow users to add recipes (name, ingredients, instructions), search for recipes by name or ingredient, and view recipe details. Store data in text or JSON files."
0.9999996011955931,0.9999996011955931,0.9999996011955931,ChatDev_ProgramDev2_GPT4o_79_scored.json,2,c1,1,1,DemandAnalysis,0,1.1,1.1,Chief Product Officer,1.1\ChatDev_ProgramDev2_GPT4o_79_scored.json,1.1\ChatDev_ProgramDev2_GPT4o_79_scored.json,3,"Build a CLI recipe manager. Allow users to add recipes (name, ingredients, instructions), search for recipes by name or ingredient, and view recipe details. Store data in text or JSON files."
1.0,0.7140808870191646,1.3440409951135022e-08,ChatDev_ProgramDev2_GPT4o_79_scored.json,3,c1,14,14,Manual,0,1.1,1.1,Chief Product Officer,1.1\ChatDev_ProgramDev2_GPT4o_79_scored.json,1.1\ChatDev_ProgramDev2_GPT4o_79_scored.json,4,"Build a CLI recipe manager. Allow users to add recipes (name, ingredients, instructions), search for recipes by name or ingredient, and view recipe details. Store data in text or JSON files."
0.999664579144922,0.999664579144922,0.999664579144922,ChatDev_ProgramDev2_GPT4o_79_scored.json,0,c1,1,1,LanguageChoose,0,1.1,1.1,Chief Technology Officer,1.1\ChatDev_ProgramDev2_GPT4o_79_scored.json,1.1\ChatDev_ProgramDev2_GPT4o_79_scored.json,1,"Build a CLI recipe manager. Allow users to add recipes (name, ingredients, instructions), search for recipes by name or ingredient, and view recipe details. Store data in text or JSON files."
0.9999998675967278,0.6663376390676946,0.0,ChatDev_ProgramDev2_GPT4o_79_scored.json,0,c1,6,6,CodeReviewComment,0,1.1,1.1,Code Reviewer,1.1\ChatDev_ProgramDev2_GPT4o_79_scored.json,1.1\ChatDev_ProgramDev2_GPT4o_79_scored.json,1,"Build a CLI recipe manager. Allow users to add recipes (name, ingredients, instructions), search for recipes by name or ingredient, and view recipe details. Store data in text or JSON files."
0.9995693399699804,0.9995693399699804,0.9995693399699804,ChatDev_ProgramDev2_GPT4o_79_scored.json,1,c1,1,1,CodeReviewComment,0,1.1,1.1,Code Reviewer,1.1\ChatDev_ProgramDev2_GPT4o_79_scored.json,1.1\ChatDev_ProgramDev2_GPT4o_79_scored.json,2,"Build a CLI recipe manager. Allow users to add recipes (name, ingredients, instructions), search for recipes by name or ingredient, and view recipe details. Store data in text or JSON files."
0.9998414436290037,0.9998414436290037,0.9998414436290037,ChatDev_ProgramDev2_GPT4o_79_scored.json,2,c1,1,1,CodeReviewComment,0,1.1,1.1,Code Reviewer,1.1\ChatDev_ProgramDev2_GPT4o_79_scored.json,1.1\ChatDev_ProgramDev2_GPT4o_79_scored.json,3,"Build a CLI recipe manager. Allow users to add recipes (name, ingredients, instructions), search for recipes by name or ingredient, and view recipe details. Store data in text or JSON files."
1.0,0.7591656481444172,5.3157852544244216e-08,ChatDev_ProgramDev2_GPT4o_79_scored.json,1,c1,25,25,CodeReviewModification,0,1.1,1.1,Programmer,1.1\ChatDev_ProgramDev2_GPT4o_79_scored.json,1.1\ChatDev_ProgramDev2_GPT4o_79_scored.json,2,"Build a CLI recipe manager. Allow users to add recipes (name, ingredients, instructions), search for recipes by name or ingredient, and view recipe details. Store data in text or JSON files."
1.0,0.9278305313763247,0.008577485515938836,ChatDev_ProgramDev2_GPT4o_79_scored.json,2,c1,18,18,CodeReviewModification,0,1.1,1.1,Programmer,1.1\ChatDev_ProgramDev2_GPT4o_79_scored.json,1.1\ChatDev_ProgramDev2_GPT4o_79_scored.json,3,"Build a CLI recipe manager. Allow users to add recipes (name, ingredients, instructions), search for recipes by name or ingredient, and view recipe details. Store data in text or JSON files."
1.0,0.9005833508544876,0.00070967033651176,ChatDev_ProgramDev2_GPT4o_79_scored.json,3,c1,20,20,CodeReviewModification,0,1.1,1.1,Programmer,1.1\ChatDev_ProgramDev2_GPT4o_79_scored.json,1.1\ChatDev_ProgramDev2_GPT4o_79_scored.json,4,"Build a CLI recipe manager. Allow users to add recipes (name, ingredients, instructions), search for recipes by name or ingredient, and view recipe details. Store data in text or JSON files."
0.9999997206757435,0.44254128969544865,0.0,ChatDev_ProgramDev2_GPT4o_79_scored.json,0,c1,34,34,Coding,0,1.1,1.1,Programmer,1.1\ChatDev_ProgramDev2_GPT4o_79_scored.json,1.1\ChatDev_ProgramDev2_GPT4o_79_scored.json,1,"Build a CLI recipe manager. Allow users to add recipes (name, ingredients, instructions), search for recipes by name or ingredient, and view recipe details. Store data in text or JSON files."
0.9999998764658771,0.7499306479142607,5.829127258796956e-05,ChatDev_ProgramDev2_GPT4o_79_scored.json,4,c1,4,4,EnvironmentDoc,0,1.1,1.1,Programmer,1.1\ChatDev_ProgramDev2_GPT4o_79_scored.json,1.1\ChatDev_ProgramDev2_GPT4o_79_scored.json,5,"Build a CLI recipe manager. Allow users to add recipes (name, ingredients, instructions), search for recipes by name or ingredient, and view recipe details. Store data in text or JSON files."
0.9999998672922663,0.7499690641872439,5.3157852544244216e-08,ChatDev_ProgramDev2_GPT4o_79_scored.json,5,c1,4,4,EnvironmentDoc,0,1.1,1.1,Programmer,1.1\ChatDev_ProgramDev2_GPT4o_79_scored.json,1.1\ChatDev_ProgramDev2_GPT4o_79_scored.json,6,"Build a CLI recipe manager. Allow users to add recipes (name, ingredients, instructions), search for recipes by name or ingredient, and view recipe details. Store data in text or JSON files."
0.9999998857927419,0.600812625568347,8.315279260963632e-07,ChatDev_ProgramDev2_GPT4o_81_scored.json,0,c1,5,5,DemandAnalysis,0,1.1,1.1,Chief Product Officer,1.1\ChatDev_ProgramDev2_GPT4o_81_scored.json,1.1\ChatDev_ProgramDev2_GPT4o_81_scored.json,1,"Create a CLI flashcard study tool. Users can create decks of flashcards (front: question/term, back: answer/definition). The tool presents cards for review."
4.78509457496562e-06,2.3927772402517426e-06,4.5990553786523166e-10,ChatDev_ProgramDev2_GPT4o_81_scored.json,1,c1,2,2,DemandAnalysis,0,1.1,1.1,Chief Product Officer,1.1\ChatDev_ProgramDev2_GPT4o_81_scored.json,1.1\ChatDev_ProgramDev2_GPT4o_81_scored.json,2,"Create a CLI flashcard study tool. Users can create decks of flashcards (front: question/term, back: answer/definition). The tool presents cards for review."
0.9999998946990101,0.9999998946990101,0.9999998946990101,ChatDev_ProgramDev2_GPT4o_81_scored.json,2,c1,1,1,DemandAnalysis,0,1.1,1.1,Chief Product Officer,1.1\ChatDev_ProgramDev2_GPT4o_81_scored.json,1.1\ChatDev_ProgramDev2_GPT4o_81_scored.json,3,"Create a CLI flashcard study tool. Users can create decks of flashcards (front: question/term, back: answer/definition). The tool presents cards for review."
0.9999998692003254,0.853364452914143,3.927863545481039e-07,ChatDev_ProgramDev2_GPT4o_81_scored.json,3,c1,17,17,Manual,0,1.1,1.1,Chief Product Officer,1.1\ChatDev_ProgramDev2_GPT4o_81_scored.json,1.1\ChatDev_ProgramDev2_GPT4o_81_scored.json,4,"Create a CLI flashcard study tool. Users can create decks of flashcards (front: question/term, back: answer/definition). The tool presents cards for review."
0.9988304265259755,0.9988304265259755,0.9988304265259755,ChatDev_ProgramDev2_GPT4o_81_scored.json,0,c1,1,1,LanguageChoose,0,1.1,1.1,Chief Technology Officer,1.1\ChatDev_ProgramDev2_GPT4o_81_scored.json,1.1\ChatDev_ProgramDev2_GPT4o_81_scored.json,1,"Create a CLI flashcard study tool. Users can create decks of flashcards (front: question/term, back: answer/definition). The tool presents cards for review."
1.0,0.7139431179532568,8.152020714470167e-09,ChatDev_ProgramDev2_GPT4o_81_scored.json,0,c1,7,7,CodeReviewComment,0,1.1,1.1,Code Reviewer,1.1\ChatDev_ProgramDev2_GPT4o_81_scored.json,1.1\ChatDev_ProgramDev2_GPT4o_81_scored.json,1,"Create a CLI flashcard study tool. Users can create decks of flashcards (front: question/term, back: answer/definition). The tool presents cards for review."
0.9999919878518712,0.6089231300068529,0.060086658671942565,ChatDev_ProgramDev2_GPT4o_81_scored.json,1,c1,4,4,CodeReviewComment,0,1.1,1.1,Code Reviewer,1.1\ChatDev_ProgramDev2_GPT4o_81_scored.json,1.1\ChatDev_ProgramDev2_GPT4o_81_scored.json,2,"Create a CLI flashcard study tool. Users can create decks of flashcards (front: question/term, back: answer/definition). The tool presents cards for review."
0.9999251334006606,0.5153200967728467,0.0031726831078774057,ChatDev_ProgramDev2_GPT4o_81_scored.json,2,c1,5,5,CodeReviewComment,0,1.1,1.1,Code Reviewer,1.1\ChatDev_ProgramDev2_GPT4o_81_scored.json,1.1\ChatDev_ProgramDev2_GPT4o_81_scored.json,3,"Create a CLI flashcard study tool. Users can create decks of flashcards (front: question/term, back: answer/definition). The tool presents cards for review."
0.9999994754496552,0.2596398660397911,0.0,ChatDev_ProgramDev2_GPT4o_81_scored.json,1,c1,24,24,CodeComplete,0,1.1,1.1,Programmer,1.1\ChatDev_ProgramDev2_GPT4o_81_scored.json,1.1\ChatDev_ProgramDev2_GPT4o_81_scored.json,2,"Create a CLI flashcard study tool. Users can create decks of flashcards (front: question/term, back: answer/definition). The tool presents cards for review."
1.0,0.9218065895609705,0.029312229146562493,ChatDev_ProgramDev2_GPT4o_81_scored.json,2,c1,20,20,CodeReviewModification,0,1.1,1.1,Programmer,1.1\ChatDev_ProgramDev2_GPT4o_81_scored.json,1.1\ChatDev_ProgramDev2_GPT4o_81_scored.json,3,"Create a CLI flashcard study tool. Users can create decks of flashcards (front: question/term, back: answer/definition). The tool presents cards for review."
0.9241417979280979,0.06039228155476408,3.927863545481039e-07,ChatDev_ProgramDev2_GPT4o_81_scored.json,3,c1,20,20,CodeReviewModification,0,1.1,1.1,Programmer,1.1\ChatDev_ProgramDev2_GPT4o_81_scored.json,1.1\ChatDev_ProgramDev2_GPT4o_81_scored.json,4,"Create a CLI flashcard study tool. Users can create decks of flashcards (front: question/term, back: answer/definition). The tool presents cards for review."
0.37754068970957244,0.01866625208501488,2.1024338523818466e-07,ChatDev_ProgramDev2_GPT4o_81_scored.json,4,c1,24,24,CodeReviewModification,0,1.1,1.1,Programmer,1.1\ChatDev_ProgramDev2_GPT4o_81_scored.json,1.1\ChatDev_ProgramDev2_GPT4o_81_scored.json,5,"Create a CLI flashcard study tool. Users can create decks of flashcards (front: question/term, back: answer/definition). The tool presents cards for review."
1.0,0.7588515964468008,2.382369667501818e-07,ChatDev_ProgramDev2_GPT4o_81_scored.json,0,c1,24,24,Coding,0,1.1,1.1,Programmer,1.1\ChatDev_ProgramDev2_GPT4o_81_scored.json,1.1\ChatDev_ProgramDev2_GPT4o_81_scored.json,1,"Create a CLI flashcard study tool. Users can create decks of flashcards (front: question/term, back: answer/definition). The tool presents cards for review."
0.9999998551179712,0.6764372290207968,0.029312230647422503,ChatDev_ProgramDev2_GPT4o_81_scored.json,5,c1,3,3,EnvironmentDoc,0,1.1,1.1,Programmer,1.1\ChatDev_ProgramDev2_GPT4o_81_scored.json,1.1\ChatDev_ProgramDev2_GPT4o_81_scored.json,6,"Create a CLI flashcard study tool. Users can create decks of flashcards (front: question/term, back: answer/definition). The tool presents cards for review."
0.9999998760228883,0.6791088765843872,0.03732688524565363,ChatDev_ProgramDev2_GPT4o_81_scored.json,6,c1,3,3,EnvironmentDoc,0,1.1,1.1,Programmer,1.1\ChatDev_ProgramDev2_GPT4o_81_scored.json,1.1\ChatDev_ProgramDev2_GPT4o_81_scored.json,7,"Create a CLI flashcard study tool. Users can create decks of flashcards (front: question/term, back: answer/definition). The tool presents cards for review."
1.0,0.6658456749175362,0.00070967033651176,ChatDev_ProgramDev2_GPT4o_8_scored.json,0,c1,3,3,Reflection,0,1.1,1.1,Chief Executive Officer,1.1\ChatDev_ProgramDev2_GPT4o_8_scored.json,1.1\ChatDev_ProgramDev2_GPT4o_8_scored.json,1,"Write a CLI program to analyze a log file (e.g., Apache access log, system log). The user specifies the log file and a pattern (e.g., ERROR, 404). The tool should count and display lines containing the pattern."
0.9999998618196085,0.39684627280790563,8.764248219443636e-08,ChatDev_ProgramDev2_GPT4o_8_scored.json,0,c1,5,5,DemandAnalysis,0,1.1,1.1,Chief Product Officer,1.1\ChatDev_ProgramDev2_GPT4o_8_scored.json,1.1\ChatDev_ProgramDev2_GPT4o_8_scored.json,1,"Write a CLI program to analyze a log file (e.g., Apache access log, system log). The user specifies the log file and a pattern (e.g., ERROR, 404). The tool should count and display lines containing the pattern."
0.9999545346892369,0.3982754130229765,0.0,ChatDev_ProgramDev2_GPT4o_8_scored.json,1,c1,5,5,DemandAnalysis,0,1.1,1.1,Chief Product Officer,1.1\ChatDev_ProgramDev2_GPT4o_8_scored.json,1.1\ChatDev_ProgramDev2_GPT4o_8_scored.json,2,"Write a CLI program to analyze a log file (e.g., Apache access log, system log). The user specifies the log file and a pattern (e.g., ERROR, 404). The tool should count and display lines containing the pattern."
1.0,0.541334435570736,1.2501528663867426e-09,ChatDev_ProgramDev2_GPT4o_8_scored.json,2,c1,13,13,Manual,0,1.1,1.1,Chief Product Officer,1.1\ChatDev_ProgramDev2_GPT4o_8_scored.json,1.1\ChatDev_ProgramDev2_GPT4o_8_scored.json,3,"Write a CLI program to analyze a log file (e.g., Apache access log, system log). The user specifies the log file and a pattern (e.g., ERROR, 404). The tool should count and display lines containing the pattern."
0.9999998762608757,0.9999998762608757,0.9999998762608757,ChatDev_ProgramDev2_GPT4o_8_scored.json,0,c1,1,1,LanguageChoose,0,1.1,1.1,Chief Technology Officer,1.1\ChatDev_ProgramDev2_GPT4o_8_scored.json,1.1\ChatDev_ProgramDev2_GPT4o_8_scored.json,1,"Write a CLI program to analyze a log file (e.g., Apache access log, system log). The user specifies the log file and a pattern (e.g., ERROR, 404). The tool should count and display lines containing the pattern."
0.22270015742823943,0.03219605294025453,1.3440409951135022e-08,ChatDev_ProgramDev2_GPT4o_8_scored.json,0,c1,7,7,CodeReviewComment,0,1.1,1.1,Code Reviewer,1.1\ChatDev_ProgramDev2_GPT4o_8_scored.json,1.1\ChatDev_ProgramDev2_GPT4o_8_scored.json,1,"Write a CLI program to analyze a log file (e.g., Apache access log, system log). The user specifies the log file and a pattern (e.g., ERROR, 404). The tool should count and display lines containing the pattern."
0.00070967033651176,0.00070967033651176,0.00070967033651176,ChatDev_ProgramDev2_GPT4o_8_scored.json,1,c1,1,1,CodeReviewComment,0,1.1,1.1,Code Reviewer,1.1\ChatDev_ProgramDev2_GPT4o_8_scored.json,1.1\ChatDev_ProgramDev2_GPT4o_8_scored.json,2,"Write a CLI program to analyze a log file (e.g., Apache access log, system log). The user specifies the log file and a pattern (e.g., ERROR, 404). The tool should count and display lines containing the pattern."
0.004070137939983506,0.004070137939983506,0.004070137939983506,ChatDev_ProgramDev2_GPT4o_8_scored.json,2,c1,1,1,CodeReviewComment,0,1.1,1.1,Code Reviewer,1.1\ChatDev_ProgramDev2_GPT4o_8_scored.json,1.1\ChatDev_ProgramDev2_GPT4o_8_scored.json,3,"Write a CLI program to analyze a log file (e.g., Apache access log, system log). The user specifies the log file and a pattern (e.g., ERROR, 404). The tool should count and display lines containing the pattern."
0.2689414395711808,0.02150100290770465,1.0467401794744658e-08,ChatDev_ProgramDev2_GPT4o_8_scored.json,1,c1,17,17,CodeReviewModification,0,1.1,1.1,Programmer,1.1\ChatDev_ProgramDev2_GPT4o_8_scored.json,1.1\ChatDev_ProgramDev2_GPT4o_8_scored.json,2,"Write a CLI program to analyze a log file (e.g., Apache access log, system log). The user specifies the log file and a pattern (e.g., ERROR, 404). The tool should count and display lines containing the pattern."
0.9998414409961658,0.43552028599235904,2.9989608248573072e-09,ChatDev_ProgramDev2_GPT4o_8_scored.json,2,c1,17,17,CodeReviewModification,0,1.1,1.1,Programmer,1.1\ChatDev_ProgramDev2_GPT4o_8_scored.json,1.1\ChatDev_ProgramDev2_GPT4o_8_scored.json,3,"Write a CLI program to analyze a log file (e.g., Apache access log, system log). The user specifies the log file and a pattern (e.g., ERROR, 404). The tool should count and display lines containing the pattern."
0.9997387313567133,0.39429264471856434,1.6052280551856116e-09,ChatDev_ProgramDev2_GPT4o_8_scored.json,3,c1,17,17,CodeReviewModification,0,1.1,1.1,Programmer,1.1\ChatDev_ProgramDev2_GPT4o_8_scored.json,1.1\ChatDev_ProgramDev2_GPT4o_8_scored.json,4,"Write a CLI program to analyze a log file (e.g., Apache access log, system log). The user specifies the log file and a pattern (e.g., ERROR, 404). The tool should count and display lines containing the pattern."
0.9999981678676065,0.4358792746987203,2.510999155743982e-08,ChatDev_ProgramDev2_GPT4o_8_scored.json,0,c1,12,12,Coding,0,1.1,1.1,Programmer,1.1\ChatDev_ProgramDev2_GPT4o_8_scored.json,1.1\ChatDev_ProgramDev2_GPT4o_8_scored.json,1,"Write a CLI program to analyze a log file (e.g., Apache access log, system log). The user specifies the log file and a pattern (e.g., ERROR, 404). The tool should count and display lines containing the pattern."
0.9999998675967278,0.4965349755407611,3.059023205018258e-07,ChatDev_ProgramDev2_GPT4o_8_scored.json,4,c1,4,4,EnvironmentDoc,0,1.1,1.1,Programmer,1.1\ChatDev_ProgramDev2_GPT4o_8_scored.json,1.1\ChatDev_ProgramDev2_GPT4o_8_scored.json,5,"Write a CLI program to analyze a log file (e.g., Apache access log, system log). The user specifies the log file and a pattern (e.g., ERROR, 404). The tool should count and display lines containing the pattern."
0.9999997419468039,0.6412719317397727,0.0031726831078774057,ChatDev_ProgramDev2_GPT4o_91_scored.json,0,c1,4,4,Reflection,0,1.1,1.1,Chief Executive Officer,1.1\ChatDev_ProgramDev2_GPT4o_91_scored.json,1.1\ChatDev_ProgramDev2_GPT4o_91_scored.json,1,"Build a CLI cronjob generator. Provides a user-friendly way to create common cron job schedules (e.g., daily at 3 AM, every 15 minutes) and outputs the crontab line."
1.0,0.799816949251719,2.7535687796947383e-05,ChatDev_ProgramDev2_GPT4o_91_scored.json,0,c1,5,5,DemandAnalysis,0,1.1,1.1,Chief Product Officer,1.1\ChatDev_ProgramDev2_GPT4o_91_scored.json,1.1\ChatDev_ProgramDev2_GPT4o_91_scored.json,1,"Build a CLI cronjob generator. Provides a user-friendly way to create common cron job schedules (e.g., daily at 3 AM, every 15 minutes) and outputs the crontab line."
3.2241867372567335e-08,1.0747289124189112e-08,0.0,ChatDev_ProgramDev2_GPT4o_91_scored.json,1,c1,3,3,DemandAnalysis,0,1.1,1.1,Chief Product Officer,1.1\ChatDev_ProgramDev2_GPT4o_91_scored.json,1.1\ChatDev_ProgramDev2_GPT4o_91_scored.json,2,"Build a CLI cronjob generator. Provides a user-friendly way to create common cron job schedules (e.g., daily at 3 AM, every 15 minutes) and outputs the crontab line."
1.0,0.6666535117402151,5.602796437537268e-09,ChatDev_ProgramDev2_GPT4o_91_scored.json,2,c1,9,9,Manual,0,1.1,1.1,Chief Product Officer,1.1\ChatDev_ProgramDev2_GPT4o_91_scored.json,1.1\ChatDev_ProgramDev2_GPT4o_91_scored.json,3,"Build a CLI cronjob generator. Provides a user-friendly way to create common cron job schedules (e.g., daily at 3 AM, every 15 minutes) and outputs the crontab line."
0.9999998959770916,0.9999998959770916,0.9999998959770916,ChatDev_ProgramDev2_GPT4o_91_scored.json,0,c1,1,1,LanguageChoose,0,1.1,1.1,Chief Technology Officer,1.1\ChatDev_ProgramDev2_GPT4o_91_scored.json,1.1\ChatDev_ProgramDev2_GPT4o_91_scored.json,1,"Build a CLI cronjob generator. Provides a user-friendly way to create common cron job schedules (e.g., daily at 3 AM, every 15 minutes) and outputs the crontab line."
0.9999998978805934,0.7483594815343698,0.0001584362410990077,ChatDev_ProgramDev2_GPT4o_91_scored.json,0,c1,4,4,CodeReviewComment,0,1.1,1.1,Code Reviewer,1.1\ChatDev_ProgramDev2_GPT4o_91_scored.json,1.1\ChatDev_ProgramDev2_GPT4o_91_scored.json,1,"Build a CLI cronjob generator. Provides a user-friendly way to create common cron job schedules (e.g., daily at 3 AM, every 15 minutes) and outputs the crontab line."
0.8807969932215204,0.2630571074941148,0.0009110514045295695,ChatDev_ProgramDev2_GPT4o_91_scored.json,1,c1,8,8,CodeReviewComment,0,1.1,1.1,Code Reviewer,1.1\ChatDev_ProgramDev2_GPT4o_91_scored.json,1.1\ChatDev_ProgramDev2_GPT4o_91_scored.json,2,"Build a CLI cronjob generator. Provides a user-friendly way to create common cron job schedules (e.g., daily at 3 AM, every 15 minutes) and outputs the crontab line."
0.004070137939983506,0.0014359194091672835,4.78509457496562e-06,ChatDev_ProgramDev2_GPT4o_91_scored.json,2,c1,7,7,CodeReviewComment,0,1.1,1.1,Code Reviewer,1.1\ChatDev_ProgramDev2_GPT4o_91_scored.json,1.1\ChatDev_ProgramDev2_GPT4o_91_scored.json,3,"Build a CLI cronjob generator. Provides a user-friendly way to create common cron job schedules (e.g., daily at 3 AM, every 15 minutes) and outputs the crontab line."
0.9999998772899766,0.5320821060865686,1.522997974471263e-08,ChatDev_ProgramDev2_GPT4o_91_scored.json,1,c1,21,21,CodeReviewModification,0,1.1,1.1,Programmer,1.1\ChatDev_ProgramDev2_GPT4o_91_scored.json,1.1\ChatDev_ProgramDev2_GPT4o_91_scored.json,2,"Build a CLI cronjob generator. Provides a user-friendly way to create common cron job schedules (e.g., daily at 3 AM, every 15 minutes) and outputs the crontab line."
0.9984987945132215,0.29783122200405304,1.7603429545652396e-06,ChatDev_ProgramDev2_GPT4o_91_scored.json,2,c1,14,14,CodeReviewModification,0,1.1,1.1,Programmer,1.1\ChatDev_ProgramDev2_GPT4o_91_scored.json,1.1\ChatDev_ProgramDev2_GPT4o_91_scored.json,3,"Build a CLI cronjob generator. Provides a user-friendly way to create common cron job schedules (e.g., daily at 3 AM, every 15 minutes) and outputs the crontab line."
0.9859363710391911,0.14859080815176598,4.539785156619626e-05,ChatDev_ProgramDev2_GPT4o_91_scored.json,3,c1,19,19,CodeReviewModification,0,1.1,1.1,Programmer,1.1\ChatDev_ProgramDev2_GPT4o_91_scored.json,1.1\ChatDev_ProgramDev2_GPT4o_91_scored.json,4,"Build a CLI cronjob generator. Provides a user-friendly way to create common cron job schedules (e.g., daily at 3 AM, every 15 minutes) and outputs the crontab line."
0.95257415531961,0.1689868967404574,3.7266389560521204e-06,ChatDev_ProgramDev2_GPT4o_91_scored.json,0,c1,18,18,Coding,0,1.1,1.1,Programmer,1.1\ChatDev_ProgramDev2_GPT4o_91_scored.json,1.1\ChatDev_ProgramDev2_GPT4o_91_scored.json,1,"Build a CLI cronjob generator. Provides a user-friendly way to create common cron job schedules (e.g., daily at 3 AM, every 15 minutes) and outputs the crontab line."
0.9999998409036234,0.9999316370275111,0.9996645361891097,ChatDev_ProgramDev2_GPT4o_91_scored.json,4,c1,5,5,EnvironmentDoc,0,1.1,1.1,Programmer,1.1\ChatDev_ProgramDev2_GPT4o_91_scored.json,1.1\ChatDev_ProgramDev2_GPT4o_91_scored.json,5,"Build a CLI cronjob generator. Provides a user-friendly way to create common cron job schedules (e.g., daily at 3 AM, every 15 minutes) and outputs the crontab line."
1.0,0.99725154575539,0.9890129394384499,ChatDev_ProgramDev2_GPT4o_92_scored.json,0,c1,4,4,Reflection,0,1.1,1.1,Chief Executive Officer,1.1\ChatDev_ProgramDev2_GPT4o_92_scored.json,1.1\ChatDev_ProgramDev2_GPT4o_92_scored.json,1,Write a CLI utility to add line numbers to a text file. The output can be to a new file or standard output.
0.99999988555055,0.6619794859745359,2.2603250957489616e-06,ChatDev_ProgramDev2_GPT4o_92_scored.json,0,c1,3,3,DemandAnalysis,0,1.1,1.1,Chief Product Officer,1.1\ChatDev_ProgramDev2_GPT4o_92_scored.json,1.1\ChatDev_ProgramDev2_GPT4o_92_scored.json,1,Write a CLI utility to add line numbers to a text file. The output can be to a new file or standard output.
0.9995693613520321,0.666022724976007,0.0,ChatDev_ProgramDev2_GPT4o_92_scored.json,1,c1,3,3,DemandAnalysis,0,1.1,1.1,Chief Product Officer,1.1\ChatDev_ProgramDev2_GPT4o_92_scored.json,1.1\ChatDev_ProgramDev2_GPT4o_92_scored.json,2,Write a CLI utility to add line numbers to a text file. The output can be to a new file or standard output.
0.9999998545491624,0.9999998545491624,0.9999998545491624,ChatDev_ProgramDev2_GPT4o_92_scored.json,2,c1,1,1,DemandAnalysis,0,1.1,1.1,Chief Product Officer,1.1\ChatDev_ProgramDev2_GPT4o_92_scored.json,1.1\ChatDev_ProgramDev2_GPT4o_92_scored.json,3,Write a CLI utility to add line numbers to a text file. The output can be to a new file or standard output.
1.0,0.809611301333808,8.764248219443636e-08,ChatDev_ProgramDev2_GPT4o_92_scored.json,3,c1,12,12,Manual,0,1.1,1.1,Chief Product Officer,1.1\ChatDev_ProgramDev2_GPT4o_92_scored.json,1.1\ChatDev_ProgramDev2_GPT4o_92_scored.json,4,Write a CLI utility to add line numbers to a text file. The output can be to a new file or standard output.
0.9968273218837016,0.9968273218837016,0.9968273218837016,ChatDev_ProgramDev2_GPT4o_92_scored.json,0,c1,1,1,LanguageChoose,0,1.1,1.1,Chief Technology Officer,1.1\ChatDev_ProgramDev2_GPT4o_92_scored.json,1.1\ChatDev_ProgramDev2_GPT4o_92_scored.json,1,Write a CLI utility to add line numbers to a text file. The output can be to a new file or standard output.
0.962673043405458,0.3735862370878179,4.539785156619626e-05,ChatDev_ProgramDev2_GPT4o_92_scored.json,0,c1,8,8,CodeReviewComment,0,1.1,1.1,Code Reviewer,1.1\ChatDev_ProgramDev2_GPT4o_92_scored.json,1.1\ChatDev_ProgramDev2_GPT4o_92_scored.json,1,Write a CLI utility to add line numbers to a text file. The output can be to a new file or standard output.
0.18242555362587268,0.18242555362587268,0.18242555362587268,ChatDev_ProgramDev2_GPT4o_92_scored.json,1,c1,1,1,CodeReviewComment,0,1.1,1.1,Code Reviewer,1.1\ChatDev_ProgramDev2_GPT4o_92_scored.json,1.1\ChatDev_ProgramDev2_GPT4o_92_scored.json,2,Write a CLI utility to add line numbers to a text file. The output can be to a new file or standard output.
0.18242555362587268,0.18242555362587268,0.18242555362587268,ChatDev_ProgramDev2_GPT4o_92_scored.json,2,c1,1,1,CodeReviewComment,0,1.1,1.1,Code Reviewer,1.1\ChatDev_ProgramDev2_GPT4o_92_scored.json,1.1\ChatDev_ProgramDev2_GPT4o_92_scored.json,3,Write a CLI utility to add line numbers to a text file. The output can be to a new file or standard output.
1.0,0.9663267777932987,0.6791787370791151,ChatDev_ProgramDev2_GPT4o_92_scored.json,1,c1,14,14,CodeReviewModification,0,1.1,1.1,Programmer,1.1\ChatDev_ProgramDev2_GPT4o_92_scored.json,1.1\ChatDev_ProgramDev2_GPT4o_92_scored.json,2,Write a CLI utility to add line numbers to a text file. The output can be to a new file or standard output.
0.9999998860671814,0.7159125291912508,1.186112015134383e-08,ChatDev_ProgramDev2_GPT4o_92_scored.json,2,c1,12,12,CodeReviewModification,0,1.1,1.1,Programmer,1.1\ChatDev_ProgramDev2_GPT4o_92_scored.json,1.1\ChatDev_ProgramDev2_GPT4o_92_scored.json,3,Write a CLI utility to add line numbers to a text file. The output can be to a new file or standard output.
1.0,0.7206300510042772,6.34880011604368e-09,ChatDev_ProgramDev2_GPT4o_92_scored.json,3,c1,10,10,CodeReviewModification,0,1.1,1.1,Programmer,1.1\ChatDev_ProgramDev2_GPT4o_92_scored.json,1.1\ChatDev_ProgramDev2_GPT4o_92_scored.json,4,Write a CLI utility to add line numbers to a text file. The output can be to a new file or standard output.
0.9999998700279373,0.6512530086512223,1.8553913626159784e-07,ChatDev_ProgramDev2_GPT4o_92_scored.json,0,c1,10,10,Coding,0,1.1,1.1,Programmer,1.1\ChatDev_ProgramDev2_GPT4o_92_scored.json,1.1\ChatDev_ProgramDev2_GPT4o_92_scored.json,1,Write a CLI utility to add line numbers to a text file. The output can be to a new file or standard output.
0.9999998437402718,0.9327633721243537,0.731058609991648,ChatDev_ProgramDev2_GPT4o_92_scored.json,4,c1,4,4,EnvironmentDoc,0,1.1,1.1,Programmer,1.1\ChatDev_ProgramDev2_GPT4o_92_scored.json,1.1\ChatDev_ProgramDev2_GPT4o_92_scored.json,5,Write a CLI utility to add line numbers to a text file. The output can be to a new file or standard output.
0.999999875401659,0.8613471884174067,0.3208213362911397,ChatDev_ProgramDev2_GPT4o_94_scored.json,0,c1,5,5,Reflection,0,1.1,1.1,Chief Executive Officer,1.1\ChatDev_ProgramDev2_GPT4o_94_scored.json,1.1\ChatDev_ProgramDev2_GPT4o_94_scored.json,1,Develop a CLI program to extract specific columns from a CSV or space-delimited text file. User specifies column numbers or headers.
1.0,0.6658445001186784,6.144171336422507e-06,ChatDev_ProgramDev2_GPT4o_94_scored.json,0,c1,3,3,DemandAnalysis,0,1.1,1.1,Chief Product Officer,1.1\ChatDev_ProgramDev2_GPT4o_94_scored.json,1.1\ChatDev_ProgramDev2_GPT4o_94_scored.json,1,Develop a CLI program to extract specific columns from a CSV or space-delimited text file. User specifies column numbers or headers.
1.8553913626159784e-07,1.0254740867472417e-07,1.9555681087850496e-08,ChatDev_ProgramDev2_GPT4o_94_scored.json,1,c1,2,2,DemandAnalysis,0,1.1,1.1,Chief Product Officer,1.1\ChatDev_ProgramDev2_GPT4o_94_scored.json,1.1\ChatDev_ProgramDev2_GPT4o_94_scored.json,2,Develop a CLI program to extract specific columns from a CSV or space-delimited text file. User specifies column numbers or headers.
1.0,0.7334756498512889,1.103256032343554e-09,ChatDev_ProgramDev2_GPT4o_94_scored.json,2,c1,15,15,Manual,0,1.1,1.1,Chief Product Officer,1.1\ChatDev_ProgramDev2_GPT4o_94_scored.json,1.1\ChatDev_ProgramDev2_GPT4o_94_scored.json,3,Develop a CLI program to extract specific columns from a CSV or space-delimited text file. User specifies column numbers or headers.
0.99999988484326,0.99999988484326,0.99999988484326,ChatDev_ProgramDev2_GPT4o_94_scored.json,0,c1,1,1,LanguageChoose,0,1.1,1.1,Chief Technology Officer,1.1\ChatDev_ProgramDev2_GPT4o_94_scored.json,1.1\ChatDev_ProgramDev2_GPT4o_94_scored.json,1,Develop a CLI program to extract specific columns from a CSV or space-delimited text file. User specifies column numbers or headers.
0.9975273972025447,0.9975273972025447,0.9975273972025447,ChatDev_ProgramDev2_GPT4o_94_scored.json,1,c1,1,1,LanguageChoose,0,1.1,1.1,Chief Technology Officer,1.1\ChatDev_ProgramDev2_GPT4o_94_scored.json,1.1\ChatDev_ProgramDev2_GPT4o_94_scored.json,2,Develop a CLI program to extract specific columns from a CSV or space-delimited text file. User specifies column numbers or headers.
0.9999998769789961,0.7991859397767087,0.4378235256130837,ChatDev_ProgramDev2_GPT4o_94_scored.json,0,c1,5,5,CodeReviewComment,0,1.1,1.1,Code Reviewer,1.1\ChatDev_ProgramDev2_GPT4o_94_scored.json,1.1\ChatDev_ProgramDev2_GPT4o_94_scored.json,1,Develop a CLI program to extract specific columns from a CSV or space-delimited text file. User specifies column numbers or headers.
0.9999998497938857,0.9937774317555021,0.9626730247069031,ChatDev_ProgramDev2_GPT4o_94_scored.json,1,c1,6,6,CodeReviewComment,0,1.1,1.1,Code Reviewer,1.1\ChatDev_ProgramDev2_GPT4o_94_scored.json,1.1\ChatDev_ProgramDev2_GPT4o_94_scored.json,2,Develop a CLI program to extract specific columns from a CSV or space-delimited text file. User specifies column numbers or headers.
0.32082130526509023,0.10536264460400127,0.0001584362410990077,ChatDev_ProgramDev2_GPT4o_94_scored.json,2,c1,5,5,CodeReviewComment,0,1.1,1.1,Code Reviewer,1.1\ChatDev_ProgramDev2_GPT4o_94_scored.json,1.1\ChatDev_ProgramDev2_GPT4o_94_scored.json,3,Develop a CLI program to extract specific columns from a CSV or space-delimited text file. User specifies column numbers or headers.
0.9975273142973302,0.14449396901876113,1.7257827987960214e-08,ChatDev_ProgramDev2_GPT4o_94_scored.json,1,c1,14,14,CodeReviewModification,0,1.1,1.1,Programmer,1.1\ChatDev_ProgramDev2_GPT4o_94_scored.json,1.1\ChatDev_ProgramDev2_GPT4o_94_scored.json,2,Develop a CLI program to extract specific columns from a CSV or space-delimited text file. User specifies column numbers or headers.
0.9999998868993032,0.7509324946750165,0.0001233946226544279,ChatDev_ProgramDev2_GPT4o_94_scored.json,2,c1,19,19,CodeReviewModification,0,1.1,1.1,Programmer,1.1\ChatDev_ProgramDev2_GPT4o_94_scored.json,1.1\ChatDev_ProgramDev2_GPT4o_94_scored.json,3,Develop a CLI program to extract specific columns from a CSV or space-delimited text file. User specifies column numbers or headers.
1.0,0.6946948328154021,3.398267819495071e-09,ChatDev_ProgramDev2_GPT4o_94_scored.json,3,c1,16,16,CodeReviewModification,0,1.1,1.1,Programmer,1.1\ChatDev_ProgramDev2_GPT4o_94_scored.json,1.1\ChatDev_ProgramDev2_GPT4o_94_scored.json,4,Develop a CLI program to extract specific columns from a CSV or space-delimited text file. User specifies column numbers or headers.
0.9999998405669868,0.8367501883324561,0.1192029258996599,ChatDev_ProgramDev2_GPT4o_94_scored.json,0,c1,17,17,Coding,0,1.1,1.1,Programmer,1.1\ChatDev_ProgramDev2_GPT4o_94_scored.json,1.1\ChatDev_ProgramDev2_GPT4o_94_scored.json,1,Develop a CLI program to extract specific columns from a CSV or space-delimited text file. User specifies column numbers or headers.
0.9999994968172065,0.999707702673831,0.9992902640572576,ChatDev_ProgramDev2_GPT4o_94_scored.json,4,c1,4,4,EnvironmentDoc,0,1.1,1.1,Programmer,1.1\ChatDev_ProgramDev2_GPT4o_94_scored.json,1.1\ChatDev_ProgramDev2_GPT4o_94_scored.json,5,Develop a CLI program to extract specific columns from a CSV or space-delimited text file. User specifies column numbers or headers.
0.9999998794127305,0.820217287079775,0.0003353500342255387,ChatDev_ProgramDev2_GPT4o_95_scored.json,0,c1,6,6,Reflection,0,1.1,1.1,Chief Executive Officer,1.1\ChatDev_ProgramDev2_GPT4o_95_scored.json,1.1\ChatDev_ProgramDev2_GPT4o_95_scored.json,1,"Build a simple CLI spell checker that takes a text file or string input and checks words against a local dictionary file, highlighting potential misspellings."
0.9999998329139697,0.5022386565757194,0.0040701382967006676,ChatDev_ProgramDev2_GPT4o_95_scored.json,0,c1,4,4,DemandAnalysis,0,1.1,1.1,Chief Product Officer,1.1\ChatDev_ProgramDev2_GPT4o_95_scored.json,1.1\ChatDev_ProgramDev2_GPT4o_95_scored.json,1,"Build a simple CLI spell checker that takes a text file or string input and checks words against a local dictionary file, highlighting potential misspellings."
1.9555681087850496e-08,6.804965916589303e-09,0.0,ChatDev_ProgramDev2_GPT4o_95_scored.json,1,c1,3,3,DemandAnalysis,0,1.1,1.1,Chief Product Officer,1.1\ChatDev_ProgramDev2_GPT4o_95_scored.json,1.1\ChatDev_ProgramDev2_GPT4o_95_scored.json,2,"Build a simple CLI spell checker that takes a text file or string input and checks words against a local dictionary file, highlighting potential misspellings."
0.9999998616063754,0.9999998616063754,0.9999998616063754,ChatDev_ProgramDev2_GPT4o_95_scored.json,2,c1,1,1,DemandAnalysis,0,1.1,1.1,Chief Product Officer,1.1\ChatDev_ProgramDev2_GPT4o_95_scored.json,1.1\ChatDev_ProgramDev2_GPT4o_95_scored.json,3,"Build a simple CLI spell checker that takes a text file or string input and checks words against a local dictionary file, highlighting potential misspellings."
0.999999887980702,0.646810791860083,6.144171336422507e-06,ChatDev_ProgramDev2_GPT4o_95_scored.json,3,c1,14,14,Manual,0,1.1,1.1,Chief Product Officer,1.1\ChatDev_ProgramDev2_GPT4o_95_scored.json,1.1\ChatDev_ProgramDev2_GPT4o_95_scored.json,4,"Build a simple CLI spell checker that takes a text file or string input and checks words against a local dictionary file, highlighting potential misspellings."
0.9820138229068396,0.9820138229068396,0.9820138229068396,ChatDev_ProgramDev2_GPT4o_95_scored.json,0,c1,1,1,LanguageChoose,0,1.1,1.1,Chief Technology Officer,1.1\ChatDev_ProgramDev2_GPT4o_95_scored.json,1.1\ChatDev_ProgramDev2_GPT4o_95_scored.json,1,"Build a simple CLI spell checker that takes a text file or string input and checks words against a local dictionary file, highlighting potential misspellings."
1.0,0.8902429625172953,6.144171336422507e-06,ChatDev_ProgramDev2_GPT4o_95_scored.json,0,c1,10,10,CodeReviewComment,0,1.1,1.1,Code Reviewer,1.1\ChatDev_ProgramDev2_GPT4o_95_scored.json,1.1\ChatDev_ProgramDev2_GPT4o_95_scored.json,1,"Build a simple CLI spell checker that takes a text file or string input and checks words against a local dictionary file, highlighting potential misspellings."
0.9999997299997092,0.7555280435067064,0.09534947042092046,ChatDev_ProgramDev2_GPT4o_95_scored.json,1,c1,7,7,CodeReviewComment,0,1.1,1.1,Code Reviewer,1.1\ChatDev_ProgramDev2_GPT4o_95_scored.json,1.1\ChatDev_ProgramDev2_GPT4o_95_scored.json,2,"Build a simple CLI spell checker that takes a text file or string input and checks words against a local dictionary file, highlighting potential misspellings."
0.9998414600202549,0.9998414600202549,0.9998414600202549,ChatDev_ProgramDev2_GPT4o_95_scored.json,2,c1,1,1,CodeReviewComment,0,1.1,1.1,Code Reviewer,1.1\ChatDev_ProgramDev2_GPT4o_95_scored.json,1.1\ChatDev_ProgramDev2_GPT4o_95_scored.json,3,"Build a simple CLI spell checker that takes a text file or string input and checks words against a local dictionary file, highlighting potential misspellings."
0.9046504942128604,0.13515690044435538,6.82560337633487e-08,ChatDev_ProgramDev2_GPT4o_95_scored.json,1,c1,18,18,CodeReviewModification,0,1.1,1.1,Programmer,1.1\ChatDev_ProgramDev2_GPT4o_95_scored.json,1.1\ChatDev_ProgramDev2_GPT4o_95_scored.json,2,"Build a simple CLI spell checker that takes a text file or string input and checks words against a local dictionary file, highlighting potential misspellings."
0.9999998496057081,0.4631908179403421,1.8553913626159784e-07,ChatDev_ProgramDev2_GPT4o_95_scored.json,2,c1,18,18,CodeReviewModification,0,1.1,1.1,Programmer,1.1\ChatDev_ProgramDev2_GPT4o_95_scored.json,1.1\ChatDev_ProgramDev2_GPT4o_95_scored.json,3,"Build a simple CLI spell checker that takes a text file or string input and checks words against a local dictionary file, highlighting potential misspellings."
0.9999969794017545,0.8066050152307429,0.001501181950907551,ChatDev_ProgramDev2_GPT4o_95_scored.json,3,c1,18,18,CodeReviewModification,0,1.1,1.1,Programmer,1.1\ChatDev_ProgramDev2_GPT4o_95_scored.json,1.1\ChatDev_ProgramDev2_GPT4o_95_scored.json,4,"Build a simple CLI spell checker that takes a text file or string input and checks words against a local dictionary file, highlighting potential misspellings."
0.9994471870596267,0.6538557094775834,3.7266389560521204e-06,ChatDev_ProgramDev2_GPT4o_95_scored.json,0,c1,14,14,Coding,0,1.1,1.1,Programmer,1.1\ChatDev_ProgramDev2_GPT4o_95_scored.json,1.1\ChatDev_ProgramDev2_GPT4o_95_scored.json,1,"Build a simple CLI spell checker that takes a text file or string input and checks words against a local dictionary file, highlighting potential misspellings."
1.0,0.9999999151234401,0.9999998672136381,ChatDev_ProgramDev2_GPT4o_95_scored.json,4,c1,4,4,EnvironmentDoc,0,1.1,1.1,Programmer,1.1\ChatDev_ProgramDev2_GPT4o_95_scored.json,1.1\ChatDev_ProgramDev2_GPT4o_95_scored.json,5,"Build a simple CLI spell checker that takes a text file or string input and checks words against a local dictionary file, highlighting potential misspellings."
0.9999998775637733,0.4993818669857078,2.215948977336598e-08,ChatDev_ProgramDev2_GPT4o_98_scored.json,0,c1,4,4,DemandAnalysis,0,1.1,1.1,Chief Product Officer,1.1\ChatDev_ProgramDev2_GPT4o_98_scored.json,1.1\ChatDev_ProgramDev2_GPT4o_98_scored.json,1,Develop a CLI tool that generates a Markdown table from a CSV file input. The first row of the CSV is treated as the header.
0.999999243727636,0.399765928397663,0.0,ChatDev_ProgramDev2_GPT4o_98_scored.json,1,c1,5,5,DemandAnalysis,0,1.1,1.1,Chief Product Officer,1.1\ChatDev_ProgramDev2_GPT4o_98_scored.json,1.1\ChatDev_ProgramDev2_GPT4o_98_scored.json,2,Develop a CLI tool that generates a Markdown table from a CSV file input. The first row of the CSV is treated as the header.
1.0,0.5919301102172866,0.0,ChatDev_ProgramDev2_GPT4o_98_scored.json,2,c1,16,16,Manual,0,1.1,1.1,Chief Product Officer,1.1\ChatDev_ProgramDev2_GPT4o_98_scored.json,1.1\ChatDev_ProgramDev2_GPT4o_98_scored.json,3,Develop a CLI tool that generates a Markdown table from a CSV file input. The first row of the CSV is treated as the header.
0.9999998689587007,0.9999998689587007,0.9999998689587007,ChatDev_ProgramDev2_GPT4o_98_scored.json,0,c1,1,1,LanguageChoose,0,1.1,1.1,Chief Technology Officer,1.1\ChatDev_ProgramDev2_GPT4o_98_scored.json,1.1\ChatDev_ProgramDev2_GPT4o_98_scored.json,1,Develop a CLI tool that generates a Markdown table from a CSV file input. The first row of the CSV is treated as the header.
0.9999998611504499,0.5999997307107364,0.0,ChatDev_ProgramDev2_GPT4o_98_scored.json,0,c1,5,5,CodeReviewComment,0,1.1,1.1,Code Reviewer,1.1\ChatDev_ProgramDev2_GPT4o_98_scored.json,1.1\ChatDev_ProgramDev2_GPT4o_98_scored.json,1,Develop a CLI tool that generates a Markdown table from a CSV file input. The first row of the CSV is treated as the header.
0.0031726831078774057,0.0031726831078774057,0.0031726831078774057,ChatDev_ProgramDev2_GPT4o_98_scored.json,1,c1,1,1,CodeReviewComment,0,1.1,1.1,Code Reviewer,1.1\ChatDev_ProgramDev2_GPT4o_98_scored.json,1.1\ChatDev_ProgramDev2_GPT4o_98_scored.json,2,Develop a CLI tool that generates a Markdown table from a CSV file input. The first row of the CSV is treated as the header.
0.002472623024627213,0.002472623024627213,0.002472623024627213,ChatDev_ProgramDev2_GPT4o_98_scored.json,2,c1,1,1,CodeReviewComment,0,1.1,1.1,Code Reviewer,1.1\ChatDev_ProgramDev2_GPT4o_98_scored.json,1.1\ChatDev_ProgramDev2_GPT4o_98_scored.json,3,Develop a CLI tool that generates a Markdown table from a CSV file input. The first row of the CSV is treated as the header.
1.0,0.6665115747639603,7.194133030325383e-09,ChatDev_ProgramDev2_GPT4o_98_scored.json,1,c1,12,12,CodeReviewModification,0,1.1,1.1,Programmer,1.1\ChatDev_ProgramDev2_GPT4o_98_scored.json,1.1\ChatDev_ProgramDev2_GPT4o_98_scored.json,2,Develop a CLI tool that generates a Markdown table from a CSV file input. The first row of the CSV is treated as the header.
0.9999998769789961,0.9533773110648651,0.14804723268804668,ChatDev_ProgramDev2_GPT4o_98_scored.json,2,c1,20,20,CodeReviewModification,0,1.1,1.1,Programmer,1.1\ChatDev_ProgramDev2_GPT4o_98_scored.json,1.1\ChatDev_ProgramDev2_GPT4o_98_scored.json,3,Develop a CLI tool that generates a Markdown table from a CSV file input. The first row of the CSV is treated as the header.
0.9999998860671814,0.9235614575704302,7.484619074298232e-05,ChatDev_ProgramDev2_GPT4o_98_scored.json,3,c1,20,20,CodeReviewModification,0,1.1,1.1,Programmer,1.1\ChatDev_ProgramDev2_GPT4o_98_scored.json,1.1\ChatDev_ProgramDev2_GPT4o_98_scored.json,4,Develop a CLI tool that generates a Markdown table from a CSV file input. The first row of the CSV is treated as the header.
0.9999998615076946,0.7687200793642418,0.00857748616990274,ChatDev_ProgramDev2_GPT4o_98_scored.json,0,c1,10,10,Coding,0,1.1,1.1,Programmer,1.1\ChatDev_ProgramDev2_GPT4o_98_scored.json,1.1\ChatDev_ProgramDev2_GPT4o_98_scored.json,1,Develop a CLI tool that generates a Markdown table from a CSV file input. The first row of the CSV is treated as the header.
0.9999998673813637,0.2256178989376977,0.001501181950907551,ChatDev_ProgramDev2_GPT4o_98_scored.json,4,c1,5,5,EnvironmentDoc,0,1.1,1.1,Programmer,1.1\ChatDev_ProgramDev2_GPT4o_98_scored.json,1.1\ChatDev_ProgramDev2_GPT4o_98_scored.json,5,Develop a CLI tool that generates a Markdown table from a CSV file input. The first row of the CSV is treated as the header.
0.9999997305902396,0.6871357648410994,0.0019267342527389902,ChatDev_ProgramDev2_GPT4o_98_scored.json,5,c1,5,5,EnvironmentDoc,0,1.1,1.1,Programmer,1.1\ChatDev_ProgramDev2_GPT4o_98_scored.json,1.1\ChatDev_ProgramDev2_GPT4o_98_scored.json,6,Develop a CLI tool that generates a Markdown table from a CSV file input. The first row of the CSV is treated as the header.
0.9999998677263637,0.6680141420437012,0.004070137939983506,ChatDev_ProgramDev_GPT4o_11_scored.json,0,c1,3,3,DemandAnalysis,0,1.1,1.1,Chief Product Officer,1.1\ChatDev_ProgramDev_GPT4o_11_scored.json,1.1\ChatDev_ProgramDev_GPT4o_11_scored.json,1,"Design a standard wordle game by providing a daily 5-letter English language word. The game should allow a player to take 6 turns to guess the word. Correct guess for each letter is colored by green (correct letter in correct position), grey for invalid letter, or yellow for correct letter in wrong position. It should be playable from Linux Terminal, and does not require me to access a dedicated UX or GUI platform, i.e. print the results on terminal at each stage and let me play it there by entering inputs. If the player guesses the word within the allowed number of attempts, they win. If not, the solution is revealed. Validate each guess for proper feedback."
0.9999998675967278,0.9964827833163389,0.9859363533738442,ChatDev_ProgramDev_GPT4o_11_scored.json,1,c1,4,4,DemandAnalysis,0,1.1,1.1,Chief Product Officer,1.1\ChatDev_ProgramDev_GPT4o_11_scored.json,1.1\ChatDev_ProgramDev_GPT4o_11_scored.json,2,"Design a standard wordle game by providing a daily 5-letter English language word. The game should allow a player to take 6 turns to guess the word. Correct guess for each letter is colored by green (correct letter in correct position), grey for invalid letter, or yellow for correct letter in wrong position. It should be playable from Linux Terminal, and does not require me to access a dedicated UX or GUI platform, i.e. print the results on terminal at each stage and let me play it there by entering inputs. If the player guesses the word within the allowed number of attempts, they win. If not, the solution is revealed. Validate each guess for proper feedback."
0.9999998862514532,0.6810027544642719,6.34880011604368e-09,ChatDev_ProgramDev_GPT4o_11_scored.json,2,c1,16,16,Manual,0,1.1,1.1,Chief Product Officer,1.1\ChatDev_ProgramDev_GPT4o_11_scored.json,1.1\ChatDev_ProgramDev_GPT4o_11_scored.json,3,"Design a standard wordle game by providing a daily 5-letter English language word. The game should allow a player to take 6 turns to guess the word. Correct guess for each letter is colored by green (correct letter in correct position), grey for invalid letter, or yellow for correct letter in wrong position. It should be playable from Linux Terminal, and does not require me to access a dedicated UX or GUI platform, i.e. print the results on terminal at each stage and let me play it there by entering inputs. If the player guesses the word within the allowed number of attempts, they win. If not, the solution is revealed. Validate each guess for proper feedback."
0.9999998451965781,0.9999998451965781,0.9999998451965781,ChatDev_ProgramDev_GPT4o_11_scored.json,0,c1,1,1,LanguageChoose,0,1.1,1.1,Chief Technology Officer,1.1\ChatDev_ProgramDev_GPT4o_11_scored.json,1.1\ChatDev_ProgramDev_GPT4o_11_scored.json,1,"Design a standard wordle game by providing a daily 5-letter English language word. The game should allow a player to take 6 turns to guess the word. Correct guess for each letter is colored by green (correct letter in correct position), grey for invalid letter, or yellow for correct letter in wrong position. It should be playable from Linux Terminal, and does not require me to access a dedicated UX or GUI platform, i.e. print the results on terminal at each stage and let me play it there by entering inputs. If the player guesses the word within the allowed number of attempts, they win. If not, the solution is revealed. Validate each guess for proper feedback."
0.9999985335235614,0.6666630629874616,8.315279260963632e-07,ChatDev_ProgramDev_GPT4o_11_scored.json,0,c1,3,3,CodeReviewComment,0,1.1,1.1,Code Reviewer,1.1\ChatDev_ProgramDev_GPT4o_11_scored.json,1.1\ChatDev_ProgramDev_GPT4o_11_scored.json,1,"Design a standard wordle game by providing a daily 5-letter English language word. The game should allow a player to take 6 turns to guess the word. Correct guess for each letter is colored by green (correct letter in correct position), grey for invalid letter, or yellow for correct letter in wrong position. It should be playable from Linux Terminal, and does not require me to access a dedicated UX or GUI platform, i.e. print the results on terminal at each stage and let me play it there by entering inputs. If the player guesses the word within the allowed number of attempts, they win. If not, the solution is revealed. Validate each guess for proper feedback."
0.904650530670258,0.904650530670258,0.904650530670258,ChatDev_ProgramDev_GPT4o_11_scored.json,1,c1,1,1,CodeReviewComment,0,1.1,1.1,Code Reviewer,1.1\ChatDev_ProgramDev_GPT4o_11_scored.json,1.1\ChatDev_ProgramDev_GPT4o_11_scored.json,2,"Design a standard wordle game by providing a daily 5-letter English language word. The game should allow a player to take 6 turns to guess the word. Correct guess for each letter is colored by green (correct letter in correct position), grey for invalid letter, or yellow for correct letter in wrong position. It should be playable from Linux Terminal, and does not require me to access a dedicated UX or GUI platform, i.e. print the results on terminal at each stage and let me play it there by entering inputs. If the player guesses the word within the allowed number of attempts, they win. If not, the solution is revealed. Validate each guess for proper feedback."
0.993307101246332,0.2917323245958203,8.152020714470167e-09,ChatDev_ProgramDev_GPT4o_11_scored.json,2,c1,8,8,CodeReviewComment,0,1.1,1.1,Code Reviewer,1.1\ChatDev_ProgramDev_GPT4o_11_scored.json,1.1\ChatDev_ProgramDev_GPT4o_11_scored.json,3,"Design a standard wordle game by providing a daily 5-letter English language word. The game should allow a player to take 6 turns to guess the word. Correct guess for each letter is colored by green (correct letter in correct position), grey for invalid letter, or yellow for correct letter in wrong position. It should be playable from Linux Terminal, and does not require me to access a dedicated UX or GUI platform, i.e. print the results on terminal at each stage and let me play it there by entering inputs. If the player guesses the word within the allowed number of attempts, they win. If not, the solution is revealed. Validate each guess for proper feedback."
0.9999998696220685,0.9086757468435825,0.07585818390734378,ChatDev_ProgramDev_GPT4o_11_scored.json,1,c1,21,21,CodeReviewModification,0,1.1,1.1,Programmer,1.1\ChatDev_ProgramDev_GPT4o_11_scored.json,1.1\ChatDev_ProgramDev_GPT4o_11_scored.json,2,"Design a standard wordle game by providing a daily 5-letter English language word. The game should allow a player to take 6 turns to guess the word. Correct guess for each letter is colored by green (correct letter in correct position), grey for invalid letter, or yellow for correct letter in wrong position. It should be playable from Linux Terminal, and does not require me to access a dedicated UX or GUI platform, i.e. print the results on terminal at each stage and let me play it there by entering inputs. If the player guesses the word within the allowed number of attempts, they win. If not, the solution is revealed. Validate each guess for proper feedback."
1.0,0.8370116838948499,1.0129987330277146e-05,ChatDev_ProgramDev_GPT4o_11_scored.json,2,c1,18,18,CodeReviewModification,0,1.1,1.1,Programmer,1.1\ChatDev_ProgramDev_GPT4o_11_scored.json,1.1\ChatDev_ProgramDev_GPT4o_11_scored.json,3,"Design a standard wordle game by providing a daily 5-letter English language word. The game should allow a player to take 6 turns to guess the word. Correct guess for each letter is colored by green (correct letter in correct position), grey for invalid letter, or yellow for correct letter in wrong position. It should be playable from Linux Terminal, and does not require me to access a dedicated UX or GUI platform, i.e. print the results on terminal at each stage and let me play it there by entering inputs. If the player guesses the word within the allowed number of attempts, they win. If not, the solution is revealed. Validate each guess for proper feedback."
0.9999998860671814,0.7228887998597818,2.2603250957489616e-06,ChatDev_ProgramDev_GPT4o_11_scored.json,3,c1,20,20,CodeReviewModification,0,1.1,1.1,Programmer,1.1\ChatDev_ProgramDev_GPT4o_11_scored.json,1.1\ChatDev_ProgramDev_GPT4o_11_scored.json,4,"Design a standard wordle game by providing a daily 5-letter English language word. The game should allow a player to take 6 turns to guess the word. Correct guess for each letter is colored by green (correct letter in correct position), grey for invalid letter, or yellow for correct letter in wrong position. It should be playable from Linux Terminal, and does not require me to access a dedicated UX or GUI platform, i.e. print the results on terminal at each stage and let me play it there by entering inputs. If the player guesses the word within the allowed number of attempts, they win. If not, the solution is revealed. Validate each guess for proper feedback."
0.9999998861960331,0.9925415209506666,0.8807970019627407,ChatDev_ProgramDev_GPT4o_11_scored.json,0,c1,16,16,Coding,0,1.1,1.1,Programmer,1.1\ChatDev_ProgramDev_GPT4o_11_scored.json,1.1\ChatDev_ProgramDev_GPT4o_11_scored.json,1,"Design a standard wordle game by providing a daily 5-letter English language word. The game should allow a player to take 6 turns to guess the word. Correct guess for each letter is colored by green (correct letter in correct position), grey for invalid letter, or yellow for correct letter in wrong position. It should be playable from Linux Terminal, and does not require me to access a dedicated UX or GUI platform, i.e. print the results on terminal at each stage and let me play it there by entering inputs. If the player guesses the word within the allowed number of attempts, they win. If not, the solution is revealed. Validate each guess for proper feedback."
0.9999985185577271,0.9999908931572505,0.9999832677567739,ChatDev_ProgramDev_GPT4o_11_scored.json,4,c1,2,2,EnvironmentDoc,0,1.1,1.1,Programmer,1.1\ChatDev_ProgramDev_GPT4o_11_scored.json,1.1\ChatDev_ProgramDev_GPT4o_11_scored.json,5,"Design a standard wordle game by providing a daily 5-letter English language word. The game should allow a player to take 6 turns to guess the word. Correct guess for each letter is colored by green (correct letter in correct position), grey for invalid letter, or yellow for correct letter in wrong position. It should be playable from Linux Terminal, and does not require me to access a dedicated UX or GUI platform, i.e. print the results on terminal at each stage and let me play it there by entering inputs. If the player guesses the word within the allowed number of attempts, they win. If not, the solution is revealed. Validate each guess for proper feedback."
0.9999832592616056,0.5595930925806327,0.1192029258996599,ChatDev_ProgramDev_GPT4o_11_scored.json,5,c1,2,2,EnvironmentDoc,0,1.1,1.1,Programmer,1.1\ChatDev_ProgramDev_GPT4o_11_scored.json,1.1\ChatDev_ProgramDev_GPT4o_11_scored.json,6,"Design a standard wordle game by providing a daily 5-letter English language word. The game should allow a player to take 6 turns to guess the word. Correct guess for each letter is colored by green (correct letter in correct position), grey for invalid letter, or yellow for correct letter in wrong position. It should be playable from Linux Terminal, and does not require me to access a dedicated UX or GUI platform, i.e. print the results on terminal at each stage and let me play it there by entering inputs. If the player guesses the word within the allowed number of attempts, they win. If not, the solution is revealed. Validate each guess for proper feedback."
0.9999994914260321,0.5740233608235871,0.14804723022114213,ChatDev_ProgramDev_GPT4o_15_scored.json,0,c1,2,2,DemandAnalysis,0,1.1,1.1,Chief Product Officer,1.1\ChatDev_ProgramDev_GPT4o_15_scored.json,1.1\ChatDev_ProgramDev_GPT4o_15_scored.json,1,"Design a classic Snake game. The player controls a snake using directional inputs to move around the board and eat 'food' items. Each time the snake eats, it grows in length. The game ends if the snake collides with itself or the boundary. The board updates after each move. Show the current score based on food eaten, and consider offering multiple difficulty levels."
0.9999998611504499,0.9999998526613971,0.9999998441723443,ChatDev_ProgramDev_GPT4o_15_scored.json,1,c1,2,2,DemandAnalysis,0,1.1,1.1,Chief Product Officer,1.1\ChatDev_ProgramDev_GPT4o_15_scored.json,1.1\ChatDev_ProgramDev_GPT4o_15_scored.json,2,"Design a classic Snake game. The player controls a snake using directional inputs to move around the board and eat 'food' items. Each time the snake eats, it grows in length. The game ends if the snake collides with itself or the boundary. The board updates after each move. Show the current score based on food eaten, and consider offering multiple difficulty levels."
1.0,0.7323653960920145,0.0,ChatDev_ProgramDev_GPT4o_15_scored.json,2,c1,15,15,Manual,0,1.1,1.1,Chief Product Officer,1.1\ChatDev_ProgramDev_GPT4o_15_scored.json,1.1\ChatDev_ProgramDev_GPT4o_15_scored.json,3,"Design a classic Snake game. The player controls a snake using directional inputs to move around the board and eat 'food' items. Each time the snake eats, it grows in length. The game ends if the snake collides with itself or the boundary. The board updates after each move. Show the current score based on food eaten, and consider offering multiple difficulty levels."
1.0,1.0,1.0,ChatDev_ProgramDev_GPT4o_15_scored.json,0,c1,1,1,LanguageChoose,0,1.1,1.1,Chief Technology Officer,1.1\ChatDev_ProgramDev_GPT4o_15_scored.json,1.1\ChatDev_ProgramDev_GPT4o_15_scored.json,1,"Design a classic Snake game. The player controls a snake using directional inputs to move around the board and eat 'food' items. Each time the snake eats, it grows in length. The game ends if the snake collides with itself or the boundary. The board updates after each move. Show the current score based on food eaten, and consider offering multiple difficulty levels."
0.9820138516505186,0.6577990869713142,0.03732688452749645,ChatDev_ProgramDev_GPT4o_15_scored.json,0,c1,4,4,CodeReviewComment,0,1.1,1.1,Code Reviewer,1.1\ChatDev_ProgramDev_GPT4o_15_scored.json,1.1\ChatDev_ProgramDev_GPT4o_15_scored.json,1,"Design a classic Snake game. The player controls a snake using directional inputs to move around the board and eat 'food' items. Each time the snake eats, it grows in length. The game ends if the snake collides with itself or the boundary. The board updates after each move. Show the current score based on food eaten, and consider offering multiple difficulty levels."
0.9999545749345234,0.2415133674629985,3.2241867372567335e-08,ChatDev_ProgramDev_GPT4o_15_scored.json,1,c1,9,9,CodeReviewComment,0,1.1,1.1,Code Reviewer,1.1\ChatDev_ProgramDev_GPT4o_15_scored.json,1.1\ChatDev_ProgramDev_GPT4o_15_scored.json,2,"Design a classic Snake game. The player controls a snake using directional inputs to move around the board and eat 'food' items. Each time the snake eats, it grows in length. The game ends if the snake collides with itself or the boundary. The board updates after each move. Show the current score based on food eaten, and consider offering multiple difficulty levels."
0.9999961412284509,0.6428457524828061,0.0,ChatDev_ProgramDev_GPT4o_15_scored.json,2,c1,8,8,CodeReviewComment,0,1.1,1.1,Code Reviewer,1.1\ChatDev_ProgramDev_GPT4o_15_scored.json,1.1\ChatDev_ProgramDev_GPT4o_15_scored.json,3,"Design a classic Snake game. The player controls a snake using directional inputs to move around the board and eat 'food' items. Each time the snake eats, it grows in length. The game ends if the snake collides with itself or the boundary. The board updates after each move. Show the current score based on food eaten, and consider offering multiple difficulty levels."
0.999999896091005,0.8543995632158216,1.1253517471925912e-07,ChatDev_ProgramDev_GPT4o_15_scored.json,1,c1,29,29,CodeReviewModification,0,1.1,1.1,Programmer,1.1\ChatDev_ProgramDev_GPT4o_15_scored.json,1.1\ChatDev_ProgramDev_GPT4o_15_scored.json,2,"Design a classic Snake game. The player controls a snake using directional inputs to move around the board and eat 'food' items. Each time the snake eats, it grows in length. The game ends if the snake collides with itself or the boundary. The board updates after each move. Show the current score based on food eaten, and consider offering multiple difficulty levels."
1.0,0.25294495172692844,0.0,ChatDev_ProgramDev_GPT4o_15_scored.json,2,c1,28,28,CodeReviewModification,0,1.1,1.1,Programmer,1.1\ChatDev_ProgramDev_GPT4o_15_scored.json,1.1\ChatDev_ProgramDev_GPT4o_15_scored.json,3,"Design a classic Snake game. The player controls a snake using directional inputs to move around the board and eat 'food' items. Each time the snake eats, it grows in length. The game ends if the snake collides with itself or the boundary. The board updates after each move. Show the current score based on food eaten, and consider offering multiple difficulty levels."
0.9947798243103941,0.16856640321603059,1.7603429545652396e-06,ChatDev_ProgramDev_GPT4o_15_scored.json,3,c1,26,26,CodeReviewModification,0,1.1,1.1,Programmer,1.1\ChatDev_ProgramDev_GPT4o_15_scored.json,1.1\ChatDev_ProgramDev_GPT4o_15_scored.json,4,"Design a classic Snake game. The player controls a snake using directional inputs to move around the board and eat 'food' items. Each time the snake eats, it grows in length. The game ends if the snake collides with itself or the boundary. The board updates after each move. Show the current score based on food eaten, and consider offering multiple difficulty levels."
1.0,0.9362197739661546,6.144171336422507e-06,ChatDev_ProgramDev_GPT4o_15_scored.json,0,c1,21,21,Coding,0,1.1,1.1,Programmer,1.1\ChatDev_ProgramDev_GPT4o_15_scored.json,1.1\ChatDev_ProgramDev_GPT4o_15_scored.json,1,"Design a classic Snake game. The player controls a snake using directional inputs to move around the board and eat 'food' items. Each time the snake eats, it grows in length. The game ends if the snake collides with itself or the boundary. The board updates after each move. Show the current score based on food eaten, and consider offering multiple difficulty levels."
1.0,0.5009633671263695,0.0019267342527389902,ChatDev_ProgramDev_GPT4o_15_scored.json,4,c1,2,2,EnvironmentDoc,0,1.1,1.1,Programmer,1.1\ChatDev_ProgramDev_GPT4o_15_scored.json,1.1\ChatDev_ProgramDev_GPT4o_15_scored.json,5,"Design a classic Snake game. The player controls a snake using directional inputs to move around the board and eat 'food' items. Each time the snake eats, it grows in length. The game ends if the snake collides with itself or the boundary. The board updates after each move. Show the current score based on food eaten, and consider offering multiple difficulty levels."
0.9999998853368164,0.9999998774794425,0.9999998696220685,ChatDev_ProgramDev_GPT4o_15_scored.json,5,c1,2,2,EnvironmentDoc,0,1.1,1.1,Programmer,1.1\ChatDev_ProgramDev_GPT4o_15_scored.json,1.1\ChatDev_ProgramDev_GPT4o_15_scored.json,6,"Design a classic Snake game. The player controls a snake using directional inputs to move around the board and eat 'food' items. Each time the snake eats, it grows in length. The game ends if the snake collides with itself or the boundary. The board updates after each move. Show the current score based on food eaten, and consider offering multiple difficulty levels."
0.9975273573522321,0.622515731158479,0.0011695103074966034,ChatDev_ProgramDev_GPT4o_18_scored.json,0,c1,5,5,DemandAnalysis,0,1.1,1.1,Chief Product Officer,1.1\ChatDev_ProgramDev_GPT4o_18_scored.json,1.1\ChatDev_ProgramDev_GPT4o_18_scored.json,1,"Implement Dou Dizhu (Chinese Poker) game for three players, one of whom is the 'landlord.' Cards must be played in valid combinations (singles, pairs, straights, etc.). The objective is to be the first to run out of cards or prevent the landlord from doing so, following standard Dou Dizhu rules. Include the bidding phase to determine the landlord, and enforce the pass-or-beat logic for played combinations."
0.9999981668503108,0.8829095294943698,0.4378235448813625,ChatDev_ProgramDev_GPT4o_18_scored.json,1,c1,5,5,DemandAnalysis,0,1.1,1.1,Chief Product Officer,1.1\ChatDev_ProgramDev_GPT4o_18_scored.json,1.1\ChatDev_ProgramDev_GPT4o_18_scored.json,2,"Implement Dou Dizhu (Chinese Poker) game for three players, one of whom is the 'landlord.' Cards must be played in valid combinations (singles, pairs, straights, etc.). The objective is to be the first to run out of cards or prevent the landlord from doing so, following standard Dou Dizhu rules. Include the bidding phase to determine the landlord, and enforce the pass-or-beat logic for played combinations."
1.0,0.7740843672476002,6.47594599989589e-07,ChatDev_ProgramDev_GPT4o_18_scored.json,2,c1,14,14,Manual,0,1.1,1.1,Chief Product Officer,1.1\ChatDev_ProgramDev_GPT4o_18_scored.json,1.1\ChatDev_ProgramDev_GPT4o_18_scored.json,3,"Implement Dou Dizhu (Chinese Poker) game for three players, one of whom is the 'landlord.' Cards must be played in valid combinations (singles, pairs, straights, etc.). The objective is to be the first to run out of cards or prevent the landlord from doing so, following standard Dou Dizhu rules. Include the bidding phase to determine the landlord, and enforce the pass-or-beat logic for played combinations."
1.0,1.0,1.0,ChatDev_ProgramDev_GPT4o_18_scored.json,0,c1,1,1,LanguageChoose,0,1.1,1.1,Chief Technology Officer,1.1\ChatDev_ProgramDev_GPT4o_18_scored.json,1.1\ChatDev_ProgramDev_GPT4o_18_scored.json,1,"Implement Dou Dizhu (Chinese Poker) game for three players, one of whom is the 'landlord.' Cards must be played in valid combinations (singles, pairs, straights, etc.). The objective is to be the first to run out of cards or prevent the landlord from doing so, following standard Dou Dizhu rules. Include the bidding phase to determine the landlord, and enforce the pass-or-beat logic for played combinations."
0.9999981713427665,0.7101055728233252,0.005220125868449866,ChatDev_ProgramDev_GPT4o_18_scored.json,0,c1,7,7,CodeReviewComment,0,1.1,1.1,Code Reviewer,1.1\ChatDev_ProgramDev_GPT4o_18_scored.json,1.1\ChatDev_ProgramDev_GPT4o_18_scored.json,1,"Implement Dou Dizhu (Chinese Poker) game for three players, one of whom is the 'landlord.' Cards must be played in valid combinations (singles, pairs, straights, etc.). The objective is to be the first to run out of cards or prevent the landlord from doing so, following standard Dou Dizhu rules. Include the bidding phase to determine the landlord, and enforce the pass-or-beat logic for played combinations."
1.0,0.8574917338539697,0.002472623024627213,ChatDev_ProgramDev_GPT4o_18_scored.json,1,c1,7,7,CodeReviewComment,0,1.1,1.1,Code Reviewer,1.1\ChatDev_ProgramDev_GPT4o_18_scored.json,1.1\ChatDev_ProgramDev_GPT4o_18_scored.json,2,"Implement Dou Dizhu (Chinese Poker) game for three players, one of whom is the 'landlord.' Cards must be played in valid combinations (singles, pairs, straights, etc.). The objective is to be the first to run out of cards or prevent the landlord from doing so, following standard Dou Dizhu rules. Include the bidding phase to determine the landlord, and enforce the pass-or-beat logic for played combinations."
0.9999998626143364,0.9901040798851019,0.9525741349489529,ChatDev_ProgramDev_GPT4o_18_scored.json,2,c1,8,8,CodeReviewComment,0,1.1,1.1,Code Reviewer,1.1\ChatDev_ProgramDev_GPT4o_18_scored.json,1.1\ChatDev_ProgramDev_GPT4o_18_scored.json,3,"Implement Dou Dizhu (Chinese Poker) game for three players, one of whom is the 'landlord.' Cards must be played in valid combinations (singles, pairs, straights, etc.). The objective is to be the first to run out of cards or prevent the landlord from doing so, following standard Dou Dizhu rules. Include the bidding phase to determine the landlord, and enforce the pass-or-beat logic for played combinations."
0.9525740705547181,0.04876332707074292,3.4663274126619643e-07,ChatDev_ProgramDev_GPT4o_18_scored.json,1,c1,43,43,CodeReviewModification,0,1.1,1.1,Programmer,1.1\ChatDev_ProgramDev_GPT4o_18_scored.json,1.1\ChatDev_ProgramDev_GPT4o_18_scored.json,2,"Implement Dou Dizhu (Chinese Poker) game for three players, one of whom is the 'landlord.' Cards must be played in valid combinations (singles, pairs, straights, etc.). The objective is to be the first to run out of cards or prevent the landlord from doing so, following standard Dou Dizhu rules. Include the bidding phase to determine the landlord, and enforce the pass-or-beat logic for played combinations."
0.9999997177634407,0.28522025230175785,0.0,ChatDev_ProgramDev_GPT4o_18_scored.json,2,c1,36,36,CodeReviewModification,0,1.1,1.1,Programmer,1.1\ChatDev_ProgramDev_GPT4o_18_scored.json,1.1\ChatDev_ProgramDev_GPT4o_18_scored.json,3,"Implement Dou Dizhu (Chinese Poker) game for three players, one of whom is the 'landlord.' Cards must be played in valid combinations (singles, pairs, straights, etc.). The objective is to be the first to run out of cards or prevent the landlord from doing so, following standard Dou Dizhu rules. Include the bidding phase to determine the landlord, and enforce the pass-or-beat logic for played combinations."
0.8807970461775756,0.07490064413368935,3.927863545481039e-07,ChatDev_ProgramDev_GPT4o_18_scored.json,3,c1,28,28,CodeReviewModification,0,1.1,1.1,Programmer,1.1\ChatDev_ProgramDev_GPT4o_18_scored.json,1.1\ChatDev_ProgramDev_GPT4o_18_scored.json,4,"Implement Dou Dizhu (Chinese Poker) game for three players, one of whom is the 'landlord.' Cards must be played in valid combinations (singles, pairs, straights, etc.). The objective is to be the first to run out of cards or prevent the landlord from doing so, following standard Dou Dizhu rules. Include the bidding phase to determine the landlord, and enforce the pass-or-beat logic for played combinations."
0.9999999237374206,0.8784016411258031,4.139937718785167e-08,ChatDev_ProgramDev_GPT4o_18_scored.json,0,c1,26,26,Coding,0,1.1,1.1,Programmer,1.1\ChatDev_ProgramDev_GPT4o_18_scored.json,1.1\ChatDev_ProgramDev_GPT4o_18_scored.json,1,"Implement Dou Dizhu (Chinese Poker) game for three players, one of whom is the 'landlord.' Cards must be played in valid combinations (singles, pairs, straights, etc.). The objective is to be the first to run out of cards or prevent the landlord from doing so, following standard Dou Dizhu rules. Include the bidding phase to determine the landlord, and enforce the pass-or-beat logic for played combinations."
0.9999998458425617,0.5033463487549631,0.006692851667364368,ChatDev_ProgramDev_GPT4o_18_scored.json,4,c1,2,2,EnvironmentDoc,0,1.1,1.1,Programmer,1.1\ChatDev_ProgramDev_GPT4o_18_scored.json,1.1\ChatDev_ProgramDev_GPT4o_18_scored.json,5,"Implement Dou Dizhu (Chinese Poker) game for three players, one of whom is the 'landlord.' Cards must be played in valid combinations (singles, pairs, straights, etc.). The objective is to be the first to run out of cards or prevent the landlord from doing so, following standard Dou Dizhu rules. Include the bidding phase to determine the landlord, and enforce the pass-or-beat logic for played combinations."
0.9999998885549561,0.49999996254488915,3.6534822137210456e-08,ChatDev_ProgramDev_GPT4o_18_scored.json,5,c1,2,2,EnvironmentDoc,0,1.1,1.1,Programmer,1.1\ChatDev_ProgramDev_GPT4o_18_scored.json,1.1\ChatDev_ProgramDev_GPT4o_18_scored.json,6,"Implement Dou Dizhu (Chinese Poker) game for three players, one of whom is the 'landlord.' Cards must be played in valid combinations (singles, pairs, straights, etc.). The objective is to be the first to run out of cards or prevent the landlord from doing so, following standard Dou Dizhu rules. Include the bidding phase to determine the landlord, and enforce the pass-or-beat logic for played combinations."
0.9999992373558437,0.5054930899513181,0.010986942546792536,ChatDev_ProgramDev_GPT4o_27_scored.json,0,c1,2,2,Reflection,0,1.1,1.1,Chief Executive Officer,1.1\ChatDev_ProgramDev_GPT4o_27_scored.json,1.1\ChatDev_ProgramDev_GPT4o_27_scored.json,1,"Design a Gold Miner game. A claw moves back and forth, and the player times a grab to collect gold or other objects. Each object has a value and takes time to reel in. The level ends when time runs out or the minimum gold value is met. Display the position of the claw and objects, updating after each grab. Introduce ascending difficulty with more obstacles or tighter time limits."
0.999993757191685,0.98388559423232,0.9525741344278463,ChatDev_ProgramDev_GPT4o_27_scored.json,0,c1,3,3,DemandAnalysis,0,1.1,1.1,Chief Product Officer,1.1\ChatDev_ProgramDev_GPT4o_27_scored.json,1.1\ChatDev_ProgramDev_GPT4o_27_scored.json,1,"Design a Gold Miner game. A claw moves back and forth, and the player times a grab to collect gold or other objects. Each object has a value and takes time to reel in. The level ends when time runs out or the minimum gold value is met. Display the position of the claw and objects, updating after each grab. Introduce ascending difficulty with more obstacles or tighter time limits."
0.9999998613641835,0.9999996907518739,0.999999366865991,ChatDev_ProgramDev_GPT4o_27_scored.json,1,c1,3,3,DemandAnalysis,0,1.1,1.1,Chief Product Officer,1.1\ChatDev_ProgramDev_GPT4o_27_scored.json,1.1\ChatDev_ProgramDev_GPT4o_27_scored.json,2,"Design a Gold Miner game. A claw moves back and forth, and the player times a grab to collect gold or other objects. Each object has a value and takes time to reel in. The level ends when time runs out or the minimum gold value is met. Display the position of the claw and objects, updating after each grab. Introduce ascending difficulty with more obstacles or tighter time limits."
0.9999998677263637,0.7258691299539822,8.592166619174109e-10,ChatDev_ProgramDev_GPT4o_27_scored.json,2,c1,11,11,Manual,0,1.1,1.1,Chief Product Officer,1.1\ChatDev_ProgramDev_GPT4o_27_scored.json,1.1\ChatDev_ProgramDev_GPT4o_27_scored.json,3,"Design a Gold Miner game. A claw moves back and forth, and the player times a grab to collect gold or other objects. Each object has a value and takes time to reel in. The level ends when time runs out or the minimum gold value is met. Display the position of the claw and objects, updating after each grab. Introduce ascending difficulty with more obstacles or tighter time limits."
1.0,1.0,1.0,ChatDev_ProgramDev_GPT4o_27_scored.json,0,c1,1,1,LanguageChoose,0,1.1,1.1,Chief Technology Officer,1.1\ChatDev_ProgramDev_GPT4o_27_scored.json,1.1\ChatDev_ProgramDev_GPT4o_27_scored.json,1,"Design a Gold Miner game. A claw moves back and forth, and the player times a grab to collect gold or other objects. Each object has a value and takes time to reel in. The level ends when time runs out or the minimum gold value is met. Display the position of the claw and objects, updating after each grab. Introduce ascending difficulty with more obstacles or tighter time limits."
0.9999976944943337,0.8572633099282929,0.1824255291806184,ChatDev_ProgramDev_GPT4o_27_scored.json,0,c1,8,8,CodeReviewComment,0,1.1,1.1,Code Reviewer,1.1\ChatDev_ProgramDev_GPT4o_27_scored.json,1.1\ChatDev_ProgramDev_GPT4o_27_scored.json,1,"Design a Gold Miner game. A claw moves back and forth, and the player times a grab to collect gold or other objects. Each object has a value and takes time to reel in. The level ends when time runs out or the minimum gold value is met. Display the position of the claw and objects, updating after each grab. Introduce ascending difficulty with more obstacles or tighter time limits."
0.9999985331443098,0.6791033588865396,0.0031726831078774057,ChatDev_ProgramDev_GPT4o_27_scored.json,1,c1,8,8,CodeReviewComment,0,1.1,1.1,Code Reviewer,1.1\ChatDev_ProgramDev_GPT4o_27_scored.json,1.1\ChatDev_ProgramDev_GPT4o_27_scored.json,2,"Design a Gold Miner game. A claw moves back and forth, and the player times a grab to collect gold or other objects. Each object has a value and takes time to reel in. The level ends when time runs out or the minimum gold value is met. Display the position of the claw and objects, updating after each grab. Introduce ascending difficulty with more obstacles or tighter time limits."
0.11920292768578214,0.0487655604449266,6.82560337633487e-08,ChatDev_ProgramDev_GPT4o_27_scored.json,2,c1,4,4,CodeReviewComment,0,1.1,1.1,Code Reviewer,1.1\ChatDev_ProgramDev_GPT4o_27_scored.json,1.1\ChatDev_ProgramDev_GPT4o_27_scored.json,3,"Design a Gold Miner game. A claw moves back and forth, and the player times a grab to collect gold or other objects. Each object has a value and takes time to reel in. The level ends when time runs out or the minimum gold value is met. Display the position of the claw and objects, updating after each grab. Introduce ascending difficulty with more obstacles or tighter time limits."
0.26894141789249276,0.008039014330201546,9.931194312156244e-08,ChatDev_ProgramDev_GPT4o_27_scored.json,1,c1,50,50,CodeReviewModification,0,1.1,1.1,Programmer,1.1\ChatDev_ProgramDev_GPT4o_27_scored.json,1.1\ChatDev_ProgramDev_GPT4o_27_scored.json,2,"Design a Gold Miner game. A claw moves back and forth, and the player times a grab to collect gold or other objects. Each object has a value and takes time to reel in. The level ends when time runs out or the minimum gold value is met. Display the position of the claw and objects, updating after each grab. Introduce ascending difficulty with more obstacles or tighter time limits."
0.9947798171482272,0.08630688796334805,7.734421907141565e-08,ChatDev_ProgramDev_GPT4o_27_scored.json,2,c1,51,51,CodeReviewModification,0,1.1,1.1,Programmer,1.1\ChatDev_ProgramDev_GPT4o_27_scored.json,1.1\ChatDev_ProgramDev_GPT4o_27_scored.json,3,"Design a Gold Miner game. A claw moves back and forth, and the player times a grab to collect gold or other objects. Each object has a value and takes time to reel in. The level ends when time runs out or the minimum gold value is met. Display the position of the claw and objects, updating after each grab. Introduce ascending difficulty with more obstacles or tighter time limits."
0.962673043844365,0.026058428290942296,3.927863545481039e-07,ChatDev_ProgramDev_GPT4o_27_scored.json,3,c1,44,44,CodeReviewModification,0,1.1,1.1,Programmer,1.1\ChatDev_ProgramDev_GPT4o_27_scored.json,1.1\ChatDev_ProgramDev_GPT4o_27_scored.json,4,"Design a Gold Miner game. A claw moves back and forth, and the player times a grab to collect gold or other objects. Each object has a value and takes time to reel in. The level ends when time runs out or the minimum gold value is met. Display the position of the claw and objects, updating after each grab. Introduce ascending difficulty with more obstacles or tighter time limits."
1.0,0.8517219880580569,0.0004305571096741222,ChatDev_ProgramDev_GPT4o_27_scored.json,0,c1,31,31,Coding,0,1.1,1.1,Programmer,1.1\ChatDev_ProgramDev_GPT4o_27_scored.json,1.1\ChatDev_ProgramDev_GPT4o_27_scored.json,1,"Design a Gold Miner game. A claw moves back and forth, and the player times a grab to collect gold or other objects. Each object has a value and takes time to reel in. The level ends when time runs out or the minimum gold value is met. Display the position of the claw and objects, updating after each grab. Introduce ascending difficulty with more obstacles or tighter time limits."
0.9999994832141279,0.5001303367558603,0.0002611902975925828,ChatDev_ProgramDev_GPT4o_27_scored.json,4,c1,2,2,EnvironmentDoc,0,1.1,1.1,Programmer,1.1\ChatDev_ProgramDev_GPT4o_27_scored.json,1.1\ChatDev_ProgramDev_GPT4o_27_scored.json,5,"Design a Gold Miner game. A claw moves back and forth, and the player times a grab to collect gold or other objects. Each object has a value and takes time to reel in. The level ends when time runs out or the minimum gold value is met. Display the position of the claw and objects, updating after each grab. Introduce ascending difficulty with more obstacles or tighter time limits."
0.9999998366631915,0.6668832089321732,0.0009110514045295695,ChatDev_ProgramDev_GPT4o_5_scored.json,0,c1,3,3,DemandAnalysis,0,1.1,1.1,Chief Product Officer,1.1\ChatDev_ProgramDev_GPT4o_5_scored.json,1.1\ChatDev_ProgramDev_GPT4o_5_scored.json,1,write a program that generates Fibonacci numbers up to a given number
0.9999545493561737,0.2537323088031337,6.34880011604368e-09,ChatDev_ProgramDev_GPT4o_5_scored.json,1,c1,4,4,DemandAnalysis,0,1.1,1.1,Chief Product Officer,1.1\ChatDev_ProgramDev_GPT4o_5_scored.json,1.1\ChatDev_ProgramDev_GPT4o_5_scored.json,2,write a program that generates Fibonacci numbers up to a given number
0.9999998491058687,0.3215078312782471,2.646573638909117e-09,ChatDev_ProgramDev_GPT4o_5_scored.json,2,c1,17,17,Manual,0,1.1,1.1,Chief Product Officer,1.1\ChatDev_ProgramDev_GPT4o_5_scored.json,1.1\ChatDev_ProgramDev_GPT4o_5_scored.json,3,write a program that generates Fibonacci numbers up to a given number
0.9999998951331075,0.9999998951331075,0.9999998951331075,ChatDev_ProgramDev_GPT4o_5_scored.json,0,c1,1,1,LanguageChoose,0,1.1,1.1,Chief Technology Officer,1.1\ChatDev_ProgramDev_GPT4o_5_scored.json,1.1\ChatDev_ProgramDev_GPT4o_5_scored.json,1,write a program that generates Fibonacci numbers up to a given number
0.9999645613923787,0.9999645613923787,0.9999645613923787,ChatDev_ProgramDev_GPT4o_5_scored.json,0,c1,1,1,CodeReviewComment,0,1.1,1.1,Code Reviewer,1.1\ChatDev_ProgramDev_GPT4o_5_scored.json,1.1\ChatDev_ProgramDev_GPT4o_5_scored.json,1,write a program that generates Fibonacci numbers up to a given number
7.484619074298232e-05,7.484619074298232e-05,7.484619074298232e-05,ChatDev_ProgramDev_GPT4o_5_scored.json,1,c1,1,1,CodeReviewComment,0,1.1,1.1,Code Reviewer,1.1\ChatDev_ProgramDev_GPT4o_5_scored.json,1.1\ChatDev_ProgramDev_GPT4o_5_scored.json,2,write a program that generates Fibonacci numbers up to a given number
9.610239492660866e-05,9.610239492660866e-05,9.610239492660866e-05,ChatDev_ProgramDev_GPT4o_5_scored.json,2,c1,1,1,CodeReviewComment,0,1.1,1.1,Code Reviewer,1.1\ChatDev_ProgramDev_GPT4o_5_scored.json,1.1\ChatDev_ProgramDev_GPT4o_5_scored.json,3,write a program that generates Fibonacci numbers up to a given number
0.9999998686842613,0.8780248089924504,1.3007123989067183e-05,ChatDev_ProgramDev_GPT4o_5_scored.json,1,c1,16,16,CodeReviewModification,0,1.1,1.1,Programmer,1.1\ChatDev_ProgramDev_GPT4o_5_scored.json,1.1\ChatDev_ProgramDev_GPT4o_5_scored.json,2,write a program that generates Fibonacci numbers up to a given number
0.9999998686842613,0.9644222438976474,0.4378235081074147,ChatDev_ProgramDev_GPT4o_5_scored.json,2,c1,16,16,CodeReviewModification,0,1.1,1.1,Programmer,1.1\ChatDev_ProgramDev_GPT4o_5_scored.json,1.1\ChatDev_ProgramDev_GPT4o_5_scored.json,3,write a program that generates Fibonacci numbers up to a given number
0.9999998954464603,0.984966296172068,0.8175744728925051,ChatDev_ProgramDev_GPT4o_5_scored.json,3,c1,16,16,CodeReviewModification,0,1.1,1.1,Programmer,1.1\ChatDev_ProgramDev_GPT4o_5_scored.json,1.1\ChatDev_ProgramDev_GPT4o_5_scored.json,4,write a program that generates Fibonacci numbers up to a given number
0.9999998611504499,0.6980167664433989,2.902312105056987e-06,ChatDev_ProgramDev_GPT4o_5_scored.json,0,c1,9,9,Coding,0,1.1,1.1,Programmer,1.1\ChatDev_ProgramDev_GPT4o_5_scored.json,1.1\ChatDev_ProgramDev_GPT4o_5_scored.json,1,write a program that generates Fibonacci numbers up to a given number
0.9999998686999838,0.5300432640765917,0.06008665945319974,ChatDev_ProgramDev_GPT4o_5_scored.json,4,c1,2,2,EnvironmentDoc,0,1.1,1.1,Programmer,1.1\ChatDev_ProgramDev_GPT4o_5_scored.json,1.1\ChatDev_ProgramDev_GPT4o_5_scored.json,5,write a program that generates Fibonacci numbers up to a given number
0.9999998555748351,0.9990365249869523,0.9980731943990695,ChatDev_ProgramDev_GPT4o_5_scored.json,5,c1,2,2,EnvironmentDoc,0,1.1,1.1,Programmer,1.1\ChatDev_ProgramDev_GPT4o_5_scored.json,1.1\ChatDev_ProgramDev_GPT4o_5_scored.json,6,write a program that generates Fibonacci numbers up to a given number
0.9999998455687651,0.7160101109719367,0.14804722613694749,ChatDev_ProgramDev_GPT4o_6_scored.json,0,c1,3,3,Reflection,0,1.1,1.1,Chief Executive Officer,1.1\ChatDev_ProgramDev_GPT4o_6_scored.json,1.1\ChatDev_ProgramDev_GPT4o_6_scored.json,1,"Design a tic-tac-toe game with a user-friendly interface, allowing two players to take turns and determining the winner. Use a standard 3x3 grid, track each player's moves. Players alternate placing X or O, and the game ends when a player wins or the board is full."
0.9999998498725139,0.9999822015322428,0.9999645531919716,ChatDev_ProgramDev_GPT4o_6_scored.json,0,c1,2,2,DemandAnalysis,0,1.1,1.1,Chief Product Officer,1.1\ChatDev_ProgramDev_GPT4o_6_scored.json,1.1\ChatDev_ProgramDev_GPT4o_6_scored.json,1,"Design a tic-tac-toe game with a user-friendly interface, allowing two players to take turns and determining the winner. Use a standard 3x3 grid, track each player's moves. Players alternate placing X or O, and the game ends when a player wins or the board is full."
0.9999998769789961,0.9999995390510646,0.9999988861169326,ChatDev_ProgramDev_GPT4o_6_scored.json,1,c1,3,3,DemandAnalysis,0,1.1,1.1,Chief Product Officer,1.1\ChatDev_ProgramDev_GPT4o_6_scored.json,1.1\ChatDev_ProgramDev_GPT4o_6_scored.json,2,"Design a tic-tac-toe game with a user-friendly interface, allowing two players to take turns and determining the winner. Use a standard 3x3 grid, track each player's moves. Players alternate placing X or O, and the game ends when a player wins or the board is full."
0.999999855218321,0.45212325460058755,0.0,ChatDev_ProgramDev_GPT4o_6_scored.json,2,c1,17,17,Manual,0,1.1,1.1,Chief Product Officer,1.1\ChatDev_ProgramDev_GPT4o_6_scored.json,1.1\ChatDev_ProgramDev_GPT4o_6_scored.json,3,"Design a tic-tac-toe game with a user-friendly interface, allowing two players to take turns and determining the winner. Use a standard 3x3 grid, track each player's moves. Players alternate placing X or O, and the game ends when a player wins or the board is full."
0.9999998762486311,0.9999998762486311,0.9999998762486311,ChatDev_ProgramDev_GPT4o_6_scored.json,0,c1,1,1,LanguageChoose,0,1.1,1.1,Chief Technology Officer,1.1\ChatDev_ProgramDev_GPT4o_6_scored.json,1.1\ChatDev_ProgramDev_GPT4o_6_scored.json,1,"Design a tic-tac-toe game with a user-friendly interface, allowing two players to take turns and determining the winner. Use a standard 3x3 grid, track each player's moves. Players alternate placing X or O, and the game ends when a player wins or the board is full."
0.00020342704214340812,0.00020342704214340812,0.00020342704214340812,ChatDev_ProgramDev_GPT4o_6_scored.json,0,c1,1,1,CodeReviewComment,0,1.1,1.1,Code Reviewer,1.1\ChatDev_ProgramDev_GPT4o_6_scored.json,1.1\ChatDev_ProgramDev_GPT4o_6_scored.json,1,"Design a tic-tac-toe game with a user-friendly interface, allowing two players to take turns and determining the winner. Use a standard 3x3 grid, track each player's moves. Players alternate placing X or O, and the game ends when a player wins or the board is full."
0.14804721826708236,0.04304120448928851,0.0004305571096741222,ChatDev_ProgramDev_GPT4o_6_scored.json,1,c1,4,4,CodeReviewComment,0,1.1,1.1,Code Reviewer,1.1\ChatDev_ProgramDev_GPT4o_6_scored.json,1.1\ChatDev_ProgramDev_GPT4o_6_scored.json,2,"Design a tic-tac-toe game with a user-friendly interface, allowing two players to take turns and determining the winner. Use a standard 3x3 grid, track each player's moves. Players alternate placing X or O, and the game ends when a player wins or the board is full."
0.37754071924020444,0.37754071924020444,0.37754071924020444,ChatDev_ProgramDev_GPT4o_6_scored.json,2,c1,1,1,CodeReviewComment,0,1.1,1.1,Code Reviewer,1.1\ChatDev_ProgramDev_GPT4o_6_scored.json,1.1\ChatDev_ProgramDev_GPT4o_6_scored.json,3,"Design a tic-tac-toe game with a user-friendly interface, allowing two players to take turns and determining the winner. Use a standard 3x3 grid, track each player's moves. Players alternate placing X or O, and the game ends when a player wins or the board is full."
0.9999998614217362,0.9220012722793837,1.1253517471925912e-07,ChatDev_ProgramDev_GPT4o_6_scored.json,1,c1,26,26,CodeReviewModification,0,1.1,1.1,Programmer,1.1\ChatDev_ProgramDev_GPT4o_6_scored.json,1.1\ChatDev_ProgramDev_GPT4o_6_scored.json,2,"Design a tic-tac-toe game with a user-friendly interface, allowing two players to take turns and determining the winner. Use a standard 3x3 grid, track each player's moves. Players alternate placing X or O, and the game ends when a player wins or the board is full."
0.8175744528217566,0.09643422061182792,2.2603250957489616e-06,ChatDev_ProgramDev_GPT4o_6_scored.json,2,c1,27,27,CodeReviewModification,0,1.1,1.1,Programmer,1.1\ChatDev_ProgramDev_GPT4o_6_scored.json,1.1\ChatDev_ProgramDev_GPT4o_6_scored.json,3,"Design a tic-tac-toe game with a user-friendly interface, allowing two players to take turns and determining the winner. Use a standard 3x3 grid, track each player's moves. Players alternate placing X or O, and the game ends when a player wins or the board is full."
0.9999999209836976,0.9544019103127726,0.14804722510766014,ChatDev_ProgramDev_GPT4o_6_scored.json,3,c1,27,27,CodeReviewModification,0,1.1,1.1,Programmer,1.1\ChatDev_ProgramDev_GPT4o_6_scored.json,1.1\ChatDev_ProgramDev_GPT4o_6_scored.json,4,"Design a tic-tac-toe game with a user-friendly interface, allowing two players to take turns and determining the winner. Use a standard 3x3 grid, track each player's moves. Players alternate placing X or O, and the game ends when a player wins or the board is full."
0.999999869111228,0.9773194553208157,0.562176563131528,ChatDev_ProgramDev_GPT4o_6_scored.json,0,c1,24,24,Coding,0,1.1,1.1,Programmer,1.1\ChatDev_ProgramDev_GPT4o_6_scored.json,1.1\ChatDev_ProgramDev_GPT4o_6_scored.json,1,"Design a tic-tac-toe game with a user-friendly interface, allowing two players to take turns and determining the winner. Use a standard 3x3 grid, track each player's moves. Players alternate placing X or O, and the game ends when a player wins or the board is full."
1.0,0.9999772777750855,0.9999545555501709,ChatDev_ProgramDev_GPT4o_6_scored.json,4,c1,2,2,EnvironmentDoc,0,1.1,1.1,Programmer,1.1\ChatDev_ProgramDev_GPT4o_6_scored.json,1.1\ChatDev_ProgramDev_GPT4o_6_scored.json,5,"Design a tic-tac-toe game with a user-friendly interface, allowing two players to take turns and determining the winner. Use a standard 3x3 grid, track each player's moves. Players alternate placing X or O, and the game ends when a player wins or the board is full."
0.9999998958488131,0.8540587596251292,0.5621765385952616,ChatDev_ProgramDev_GPT4o_8_scored.json,0,c1,3,3,DemandAnalysis,0,1.1,1.1,Chief Product Officer,1.1\ChatDev_ProgramDev_GPT4o_8_scored.json,1.1\ChatDev_ProgramDev_GPT4o_8_scored.json,1,"Design a chess game, allowing two players to take turns and determining the winner. It should be playable from Linux Terminal, and does not require me to access a dedicated UX or GUI platform, i.e. print the results on terminal at each stage and let me play it there by entering inputs (formal chess notation such as Ke8). Include standard chess features like castling, en passant, and pawn promotion. Enforce check and checkmate rules."
0.9999998764623647,0.4999999944987697,1.1253517471925912e-07,ChatDev_ProgramDev_GPT4o_8_scored.json,1,c1,2,2,DemandAnalysis,0,1.1,1.1,Chief Product Officer,1.1\ChatDev_ProgramDev_GPT4o_8_scored.json,1.1\ChatDev_ProgramDev_GPT4o_8_scored.json,2,"Design a chess game, allowing two players to take turns and determining the winner. It should be playable from Linux Terminal, and does not require me to access a dedicated UX or GUI platform, i.e. print the results on terminal at each stage and let me play it there by entering inputs (formal chess notation such as Ke8). Include standard chess features like castling, en passant, and pawn promotion. Enforce check and checkmate rules."
1.0,0.6455684117898228,5.905303998944039e-10,ChatDev_ProgramDev_GPT4o_8_scored.json,2,c1,21,21,Manual,0,1.1,1.1,Chief Product Officer,1.1\ChatDev_ProgramDev_GPT4o_8_scored.json,1.1\ChatDev_ProgramDev_GPT4o_8_scored.json,3,"Design a chess game, allowing two players to take turns and determining the winner. It should be playable from Linux Terminal, and does not require me to access a dedicated UX or GUI platform, i.e. print the results on terminal at each stage and let me play it there by entering inputs (formal chess notation such as Ke8). Include standard chess features like castling, en passant, and pawn promotion. Enforce check and checkmate rules."
0.9999998621224395,0.9999998621224395,0.9999998621224395,ChatDev_ProgramDev_GPT4o_8_scored.json,0,c1,1,1,LanguageChoose,0,1.1,1.1,Chief Technology Officer,1.1\ChatDev_ProgramDev_GPT4o_8_scored.json,1.1\ChatDev_ProgramDev_GPT4o_8_scored.json,1,"Design a chess game, allowing two players to take turns and determining the winner. It should be playable from Linux Terminal, and does not require me to access a dedicated UX or GUI platform, i.e. print the results on terminal at each stage and let me play it there by entering inputs (formal chess notation such as Ke8). Include standard chess features like castling, en passant, and pawn promotion. Enforce check and checkmate rules."
0.9999989008884079,0.7249303645146032,9.237449661970594e-09,ChatDev_ProgramDev_GPT4o_8_scored.json,0,c1,9,9,CodeReviewComment,0,1.1,1.1,Code Reviewer,1.1\ChatDev_ProgramDev_GPT4o_8_scored.json,1.1\ChatDev_ProgramDev_GPT4o_8_scored.json,1,"Design a chess game, allowing two players to take turns and determining the winner. It should be playable from Linux Terminal, and does not require me to access a dedicated UX or GUI platform, i.e. print the results on terminal at each stage and let me play it there by entering inputs (formal chess notation such as Ke8). Include standard chess features like castling, en passant, and pawn promotion. Enforce check and checkmate rules."
0.9999976944943337,0.9095312837670265,6.023573837886479e-08,ChatDev_ProgramDev_GPT4o_8_scored.json,1,c1,12,12,CodeReviewComment,0,1.1,1.1,Code Reviewer,1.1\ChatDev_ProgramDev_GPT4o_8_scored.json,1.1\ChatDev_ProgramDev_GPT4o_8_scored.json,2,"Design a chess game, allowing two players to take turns and determining the winner. It should be playable from Linux Terminal, and does not require me to access a dedicated UX or GUI platform, i.e. print the results on terminal at each stage and let me play it there by entering inputs (formal chess notation such as Ke8). Include standard chess features like castling, en passant, and pawn promotion. Enforce check and checkmate rules."
0.999999861277098,0.8412506948127549,1.3007123989067183e-05,ChatDev_ProgramDev_GPT4o_8_scored.json,2,c1,12,12,CodeReviewComment,0,1.1,1.1,Code Reviewer,1.1\ChatDev_ProgramDev_GPT4o_8_scored.json,1.1\ChatDev_ProgramDev_GPT4o_8_scored.json,3,"Design a chess game, allowing two players to take turns and determining the winner. It should be playable from Linux Terminal, and does not require me to access a dedicated UX or GUI platform, i.e. print the results on terminal at each stage and let me play it there by entering inputs (formal chess notation such as Ke8). Include standard chess features like castling, en passant, and pawn promotion. Enforce check and checkmate rules."
0.06008665559535436,0.005673584687978537,3.6534822137210456e-08,ChatDev_ProgramDev_GPT4o_8_scored.json,1,c1,26,26,CodeReviewModification,0,1.1,1.1,Programmer,1.1\ChatDev_ProgramDev_GPT4o_8_scored.json,1.1\ChatDev_ProgramDev_GPT4o_8_scored.json,2,"Design a chess game, allowing two players to take turns and determining the winner. It should be playable from Linux Terminal, and does not require me to access a dedicated UX or GUI platform, i.e. print the results on terminal at each stage and let me play it there by entering inputs (formal chess notation such as Ke8). Include standard chess features like castling, en passant, and pawn promotion. Enforce check and checkmate rules."
0.0758581781348987,0.00885375448655817,3.398267819495071e-09,ChatDev_ProgramDev_GPT4o_8_scored.json,2,c1,23,23,CodeReviewModification,0,1.1,1.1,Programmer,1.1\ChatDev_ProgramDev_GPT4o_8_scored.json,1.1\ChatDev_ProgramDev_GPT4o_8_scored.json,3,"Design a chess game, allowing two players to take turns and determining the winner. It should be playable from Linux Terminal, and does not require me to access a dedicated UX or GUI platform, i.e. print the results on terminal at each stage and let me play it there by entering inputs (formal chess notation such as Ke8). Include standard chess features like castling, en passant, and pawn promotion. Enforce check and checkmate rules."
0.11920291624471122,0.005386692342232945,1.2501528663867426e-09,ChatDev_ProgramDev_GPT4o_8_scored.json,3,c1,24,24,CodeReviewModification,0,1.1,1.1,Programmer,1.1\ChatDev_ProgramDev_GPT4o_8_scored.json,1.1\ChatDev_ProgramDev_GPT4o_8_scored.json,4,"Design a chess game, allowing two players to take turns and determining the winner. It should be playable from Linux Terminal, and does not require me to access a dedicated UX or GUI platform, i.e. print the results on terminal at each stage and let me play it there by entering inputs (formal chess notation such as Ke8). Include standard chess features like castling, en passant, and pawn promotion. Enforce check and checkmate rules."
0.9999998782635967,0.8774125098714121,1.3007123989067183e-05,ChatDev_ProgramDev_GPT4o_8_scored.json,0,c1,30,30,Coding,0,1.1,1.1,Programmer,1.1\ChatDev_ProgramDev_GPT4o_8_scored.json,1.1\ChatDev_ProgramDev_GPT4o_8_scored.json,1,"Design a chess game, allowing two players to take turns and determining the winner. It should be playable from Linux Terminal, and does not require me to access a dedicated UX or GUI platform, i.e. print the results on terminal at each stage and let me play it there by entering inputs (formal chess notation such as Ke8). Include standard chess features like castling, en passant, and pawn promotion. Enforce check and checkmate rules."
0.9988305056431986,0.9939217444692755,0.9890129832953524,ChatDev_ProgramDev_GPT4o_8_scored.json,4,c1,2,2,EnvironmentDoc,0,1.1,1.1,Programmer,1.1\ChatDev_ProgramDev_GPT4o_8_scored.json,1.1\ChatDev_ProgramDev_GPT4o_8_scored.json,5,"Design a chess game, allowing two players to take turns and determining the winner. It should be playable from Linux Terminal, and does not require me to access a dedicated UX or GUI platform, i.e. print the results on terminal at each stage and let me play it there by entering inputs (formal chess notation such as Ke8). Include standard chess features like castling, en passant, and pawn promotion. Enforce check and checkmate rules."
1.0,0.5000001529511603,3.059023205018258e-07,ChatDev_ProgramDev_GPT4o_8_scored.json,5,c1,2,2,EnvironmentDoc,0,1.1,1.1,Programmer,1.1\ChatDev_ProgramDev_GPT4o_8_scored.json,1.1\ChatDev_ProgramDev_GPT4o_8_scored.json,6,"Design a chess game, allowing two players to take turns and determining the winner. It should be playable from Linux Terminal, and does not require me to access a dedicated UX or GUI platform, i.e. print the results on terminal at each stage and let me play it there by entering inputs (formal chess notation such as Ke8). Include standard chess features like castling, en passant, and pawn promotion. Enforce check and checkmate rules."
1.0,0.5986615844237397,0.0,ChatDev_ProgramDev2_GPT4o_38_scored.json,0,c2,5,5,Reflection,0,1.5,1.5,Chief Executive Officer,1.5\ChatDev_ProgramDev2_GPT4o_38_scored.json,1.5\ChatDev_ProgramDev2_GPT4o_38_scored.json,1,Develop a CLI tool that displays a calendar for a given month and year. The user inputs the month (numeric or name) and year.
1.0,0.6413813597593517,2.2603250957489616e-06,ChatDev_ProgramDev2_GPT4o_38_scored.json,0,c2,3,3,DemandAnalysis,0,1.5,1.5,Chief Product Officer,1.5\ChatDev_ProgramDev2_GPT4o_38_scored.json,1.5\ChatDev_ProgramDev2_GPT4o_38_scored.json,1,Develop a CLI tool that displays a calendar for a given month and year. The user inputs the month (numeric or name) and year.
0.9992902817517371,0.2648442339150317,0.0,ChatDev_ProgramDev2_GPT4o_38_scored.json,1,c2,4,4,DemandAnalysis,0,1.5,1.5,Chief Product Officer,1.5\ChatDev_ProgramDev2_GPT4o_38_scored.json,1.5\ChatDev_ProgramDev2_GPT4o_38_scored.json,2,Develop a CLI tool that displays a calendar for a given month and year. The user inputs the month (numeric or name) and year.
0.9999998682283358,0.9999998682283358,0.9999998682283358,ChatDev_ProgramDev2_GPT4o_38_scored.json,2,c2,1,1,DemandAnalysis,0,1.5,1.5,Chief Product Officer,1.5\ChatDev_ProgramDev2_GPT4o_38_scored.json,1.5\ChatDev_ProgramDev2_GPT4o_38_scored.json,3,Develop a CLI tool that displays a calendar for a given month and year. The user inputs the month (numeric or name) and year.
0.999999896091005,0.670635133898295,1.4449802461092448e-07,ChatDev_ProgramDev2_GPT4o_38_scored.json,3,c2,11,11,Manual,0,1.5,1.5,Chief Product Officer,1.5\ChatDev_ProgramDev2_GPT4o_38_scored.json,1.5\ChatDev_ProgramDev2_GPT4o_38_scored.json,4,Develop a CLI tool that displays a calendar for a given month and year. The user inputs the month (numeric or name) and year.
0.9770225770175497,0.9770225770175497,0.9770225770175497,ChatDev_ProgramDev2_GPT4o_38_scored.json,0,c2,1,1,LanguageChoose,0,1.5,1.5,Chief Technology Officer,1.5\ChatDev_ProgramDev2_GPT4o_38_scored.json,1.5\ChatDev_ProgramDev2_GPT4o_38_scored.json,1,Develop a CLI tool that displays a calendar for a given month and year. The user inputs the month (numeric or name) and year.
0.06008665409963624,0.013804187528752959,1.0677029917933763e-06,ChatDev_ProgramDev2_GPT4o_38_scored.json,0,c2,6,6,CodeReviewComment,0,1.5,1.5,Code Reviewer,1.5\ChatDev_ProgramDev2_GPT4o_38_scored.json,1.5\ChatDev_ProgramDev2_GPT4o_38_scored.json,1,Develop a CLI tool that displays a calendar for a given month and year. The user inputs the month (numeric or name) and year.
0.9988304058130489,0.2164406042351832,1.4449802461092448e-07,ChatDev_ProgramDev2_GPT4o_38_scored.json,1,c2,7,7,CodeReviewComment,0,1.5,1.5,Code Reviewer,1.5\ChatDev_ProgramDev2_GPT4o_38_scored.json,1.5\ChatDev_ProgramDev2_GPT4o_38_scored.json,2,Develop a CLI tool that displays a calendar for a given month and year. The user inputs the month (numeric or name) and year.
0.0031726831078774057,0.0031726831078774057,0.0031726831078774057,ChatDev_ProgramDev2_GPT4o_38_scored.json,2,c2,1,1,CodeReviewComment,0,1.5,1.5,Code Reviewer,1.5\ChatDev_ProgramDev2_GPT4o_38_scored.json,1.5\ChatDev_ProgramDev2_GPT4o_38_scored.json,3,Develop a CLI tool that displays a calendar for a given month and year. The user inputs the month (numeric or name) and year.
0.9947798422571394,0.1461349183107932,5.043471815847051e-07,ChatDev_ProgramDev2_GPT4o_38_scored.json,1,c2,13,13,CodeReviewModification,0,1.5,1.5,Programmer,1.5\ChatDev_ProgramDev2_GPT4o_38_scored.json,1.5\ChatDev_ProgramDev2_GPT4o_38_scored.json,2,Develop a CLI tool that displays a calendar for a given month and year. The user inputs the month (numeric or name) and year.
0.991422484252874,0.13624747935396936,1.370956471489639e-06,ChatDev_ProgramDev2_GPT4o_38_scored.json,2,c2,18,18,CodeReviewModification,0,1.5,1.5,Programmer,1.5\ChatDev_ProgramDev2_GPT4o_38_scored.json,1.5\ChatDev_ProgramDev2_GPT4o_38_scored.json,3,Develop a CLI tool that displays a calendar for a given month and year. The user inputs the month (numeric or name) and year.
1.0,0.9382093549465925,0.008577485682225647,ChatDev_ProgramDev2_GPT4o_38_scored.json,3,c2,17,17,CodeReviewModification,0,1.5,1.5,Programmer,1.5\ChatDev_ProgramDev2_GPT4o_38_scored.json,1.5\ChatDev_ProgramDev2_GPT4o_38_scored.json,4,Develop a CLI tool that displays a calendar for a given month and year. The user inputs the month (numeric or name) and year.
0.9999998553061488,0.6056321100659664,6.82560337633487e-08,ChatDev_ProgramDev2_GPT4o_38_scored.json,0,c2,14,14,Coding,0,1.5,1.5,Programmer,1.5\ChatDev_ProgramDev2_GPT4o_38_scored.json,1.5\ChatDev_ProgramDev2_GPT4o_38_scored.json,1,Develop a CLI tool that displays a calendar for a given month and year. The user inputs the month (numeric or name) and year.
0.9999998492364935,0.5034323696960069,1.370956471489639e-06,ChatDev_ProgramDev2_GPT4o_38_scored.json,4,c2,4,4,EnvironmentDoc,0,1.5,1.5,Programmer,1.5\ChatDev_ProgramDev2_GPT4o_38_scored.json,1.5\ChatDev_ProgramDev2_GPT4o_38_scored.json,5,Develop a CLI tool that displays a calendar for a given month and year. The user inputs the month (numeric or name) and year.
0.9999998958488131,0.5238142179051656,3.7266389560521204e-06,ChatDev_ProgramDev2_GPT4o_40_scored.json,0,c2,4,4,DemandAnalysis,0,1.3,1.3,Chief Product Officer,1.3\ChatDev_ProgramDev2_GPT4o_40_scored.json,1.3\ChatDev_ProgramDev2_GPT4o_40_scored.json,1,Write a CLI program that searches for a given string/pattern within all text files in a specified directory and its subdirectories (similar to `grep -r`). Display matching lines and filenames.
0.989012985425837,0.24725332283203938,0.0,ChatDev_ProgramDev2_GPT4o_40_scored.json,1,c2,4,4,DemandAnalysis,0,1.3,1.3,Chief Product Officer,1.3\ChatDev_ProgramDev2_GPT4o_40_scored.json,1.3\ChatDev_ProgramDev2_GPT4o_40_scored.json,2,Write a CLI program that searches for a given string/pattern within all text files in a specified directory and its subdirectories (similar to `grep -r`). Display matching lines and filenames.
0.9999999081088045,0.7246078314888602,4.058652126475693e-10,ChatDev_ProgramDev2_GPT4o_40_scored.json,2,c2,11,11,Manual,0,1.3,1.3,Chief Product Officer,1.3\ChatDev_ProgramDev2_GPT4o_40_scored.json,1.3\ChatDev_ProgramDev2_GPT4o_40_scored.json,3,Write a CLI program that searches for a given string/pattern within all text files in a specified directory and its subdirectories (similar to `grep -r`). Display matching lines and filenames.
0.9999998855644251,0.9999998855644251,0.9999998855644251,ChatDev_ProgramDev2_GPT4o_40_scored.json,0,c2,1,1,LanguageChoose,0,1.3,1.3,Chief Technology Officer,1.3\ChatDev_ProgramDev2_GPT4o_40_scored.json,1.3\ChatDev_ProgramDev2_GPT4o_40_scored.json,1,Write a CLI program that searches for a given string/pattern within all text files in a specified directory and its subdirectories (similar to `grep -r`). Display matching lines and filenames.
0.4378235239543805,0.10865121421267963,3.7266389560521204e-06,ChatDev_ProgramDev2_GPT4o_40_scored.json,0,c2,7,7,CodeReviewComment,0,1.3,1.3,Code Reviewer,1.3\ChatDev_ProgramDev2_GPT4o_40_scored.json,1.3\ChatDev_ProgramDev2_GPT4o_40_scored.json,1,Write a CLI program that searches for a given string/pattern within all text files in a specified directory and its subdirectories (similar to `grep -r`). Display matching lines and filenames.
0.0031726831078774057,0.0031726831078774057,0.0031726831078774057,ChatDev_ProgramDev2_GPT4o_40_scored.json,1,c2,1,1,CodeReviewComment,0,1.3,1.3,Code Reviewer,1.3\ChatDev_ProgramDev2_GPT4o_40_scored.json,1.3\ChatDev_ProgramDev2_GPT4o_40_scored.json,2,Write a CLI program that searches for a given string/pattern within all text files in a specified directory and its subdirectories (similar to `grep -r`). Display matching lines and filenames.
0.002472623024627213,0.002472623024627213,0.002472623024627213,ChatDev_ProgramDev2_GPT4o_40_scored.json,2,c2,1,1,CodeReviewComment,0,1.3,1.3,Code Reviewer,1.3\ChatDev_ProgramDev2_GPT4o_40_scored.json,1.3\ChatDev_ProgramDev2_GPT4o_40_scored.json,3,Write a CLI program that searches for a given string/pattern within all text files in a specified directory and its subdirectories (similar to `grep -r`). Display matching lines and filenames.
1.0,0.559232928645287,1.4449802461092448e-07,ChatDev_ProgramDev2_GPT4o_40_scored.json,1,c2,16,16,CodeReviewModification,0,1.3,1.3,Programmer,1.3\ChatDev_ProgramDev2_GPT4o_40_scored.json,1.3\ChatDev_ProgramDev2_GPT4o_40_scored.json,2,Write a CLI program that searches for a given string/pattern within all text files in a specified directory and its subdirectories (similar to `grep -r`). Display matching lines and filenames.
0.9999998758935559,0.8926812031649757,0.14804722314999924,ChatDev_ProgramDev2_GPT4o_40_scored.json,2,c2,15,15,CodeReviewModification,0,1.3,1.3,Programmer,1.3\ChatDev_ProgramDev2_GPT4o_40_scored.json,1.3\ChatDev_ProgramDev2_GPT4o_40_scored.json,3,Write a CLI program that searches for a given string/pattern within all text files in a specified directory and its subdirectories (similar to `grep -r`). Display matching lines and filenames.
0.9999998769789961,0.9731375793768624,0.8175745166799575,ChatDev_ProgramDev2_GPT4o_40_scored.json,3,c2,12,12,CodeReviewModification,0,1.3,1.3,Programmer,1.3\ChatDev_ProgramDev2_GPT4o_40_scored.json,1.3\ChatDev_ProgramDev2_GPT4o_40_scored.json,4,Write a CLI program that searches for a given string/pattern within all text files in a specified directory and its subdirectories (similar to `grep -r`). Display matching lines and filenames.
1.0,0.5985431136348164,1.1253517471925912e-07,ChatDev_ProgramDev2_GPT4o_40_scored.json,0,c2,12,12,Coding,0,1.3,1.3,Programmer,1.3\ChatDev_ProgramDev2_GPT4o_40_scored.json,1.3\ChatDev_ProgramDev2_GPT4o_40_scored.json,1,Write a CLI program that searches for a given string/pattern within all text files in a specified directory and its subdirectories (similar to `grep -r`). Display matching lines and filenames.
0.9999969714796615,0.9999569707637092,0.9998765095405003,ChatDev_ProgramDev2_GPT4o_40_scored.json,4,c2,4,4,EnvironmentDoc,0,1.3,1.3,Programmer,1.3\ChatDev_ProgramDev2_GPT4o_40_scored.json,1.3\ChatDev_ProgramDev2_GPT4o_40_scored.json,5,Write a CLI program that searches for a given string/pattern within all text files in a specified directory and its subdirectories (similar to `grep -r`). Display matching lines and filenames.
0.999999908345886,0.9999884826239405,0.9999545555824167,ChatDev_ProgramDev2_GPT4o_40_scored.json,5,c2,4,4,EnvironmentDoc,0,1.3,1.3,Programmer,1.3\ChatDev_ProgramDev2_GPT4o_40_scored.json,1.3\ChatDev_ProgramDev2_GPT4o_40_scored.json,6,Write a CLI program that searches for a given string/pattern within all text files in a specified directory and its subdirectories (similar to `grep -r`). Display matching lines and filenames.
1.0,0.8286844039980659,0.1480472204483191,ChatDev_ProgramDev2_GPT4o_47_scored.json,0,c2,5,5,Reflection,0,1.3,1.3,Chief Executive Officer,1.3\ChatDev_ProgramDev2_GPT4o_47_scored.json,1.3\ChatDev_ProgramDev2_GPT4o_47_scored.json,1,Build a CLI program to join multiple file parts (created by a file splitter) back into a single original file. The user specifies the first part name.
0.9999998677263637,0.33363698379092027,3.2241867372567335e-08,ChatDev_ProgramDev2_GPT4o_47_scored.json,0,c2,3,3,DemandAnalysis,0,1.3,1.3,Chief Product Officer,1.3\ChatDev_ProgramDev2_GPT4o_47_scored.json,1.3\ChatDev_ProgramDev2_GPT4o_47_scored.json,1,Build a CLI program to join multiple file parts (created by a file splitter) back into a single original file. The user specifies the first part name.
0.9999998616063754,0.25178083940568685,8.764248219443636e-08,ChatDev_ProgramDev2_GPT4o_47_scored.json,1,c2,4,4,DemandAnalysis,0,1.3,1.3,Chief Product Officer,1.3\ChatDev_ProgramDev2_GPT4o_47_scored.json,1.3\ChatDev_ProgramDev2_GPT4o_47_scored.json,2,Build a CLI program to join multiple file parts (created by a file splitter) back into a single original file. The user specifies the first part name.
0.999999869543478,0.6379605796722192,4.944450501938644e-09,ChatDev_ProgramDev2_GPT4o_47_scored.json,2,c2,11,11,Manual,0,1.3,1.3,Chief Product Officer,1.3\ChatDev_ProgramDev2_GPT4o_47_scored.json,1.3\ChatDev_ProgramDev2_GPT4o_47_scored.json,3,Build a CLI program to join multiple file parts (created by a file splitter) back into a single original file. The user specifies the first part name.
0.9999994779881062,0.9999994779881062,0.9999994779881062,ChatDev_ProgramDev2_GPT4o_47_scored.json,0,c2,1,1,LanguageChoose,0,1.3,1.3,Chief Technology Officer,1.3\ChatDev_ProgramDev2_GPT4o_47_scored.json,1.3\ChatDev_ProgramDev2_GPT4o_47_scored.json,1,Build a CLI program to join multiple file parts (created by a file splitter) back into a single original file. The user specifies the first part name.
0.9947798163555939,0.9947798163555939,0.9947798163555939,ChatDev_ProgramDev2_GPT4o_47_scored.json,1,c2,1,1,LanguageChoose,0,1.3,1.3,Chief Technology Officer,1.3\ChatDev_ProgramDev2_GPT4o_47_scored.json,1.3\ChatDev_ProgramDev2_GPT4o_47_scored.json,2,Build a CLI program to join multiple file parts (created by a file splitter) back into a single original file. The user specifies the first part name.
0.9999998886760388,0.651619002179894,1.370956471489639e-06,ChatDev_ProgramDev2_GPT4o_47_scored.json,0,c2,8,8,CodeReviewComment,0,1.3,1.3,Code Reviewer,1.3\ChatDev_ProgramDev2_GPT4o_47_scored.json,1.3\ChatDev_ProgramDev2_GPT4o_47_scored.json,1,Build a CLI program to join multiple file parts (created by a file splitter) back into a single original file. The user specifies the first part name.
0.9999785041130684,0.496516060256697,1.2501528663867426e-09,ChatDev_ProgramDev2_GPT4o_47_scored.json,1,c2,7,7,CodeReviewComment,0,1.3,1.3,Code Reviewer,1.3\ChatDev_ProgramDev2_GPT4o_47_scored.json,1.3\ChatDev_ProgramDev2_GPT4o_47_scored.json,2,Build a CLI program to join multiple file parts (created by a file splitter) back into a single original file. The user specifies the first part name.
0.9999998447987059,0.7728200133441353,2.1444937927240387e-05,ChatDev_ProgramDev2_GPT4o_47_scored.json,2,c2,9,9,CodeReviewComment,0,1.3,1.3,Code Reviewer,1.3\ChatDev_ProgramDev2_GPT4o_47_scored.json,1.3\ChatDev_ProgramDev2_GPT4o_47_scored.json,3,Build a CLI program to join multiple file parts (created by a file splitter) back into a single original file. The user specifies the first part name.
0.9999998330064821,0.6418756059687979,1.0677029917933763e-06,ChatDev_ProgramDev2_GPT4o_47_scored.json,1,c2,27,27,CodeReviewModification,0,1.3,1.3,Programmer,1.3\ChatDev_ProgramDev2_GPT4o_47_scored.json,1.3\ChatDev_ProgramDev2_GPT4o_47_scored.json,2,Build a CLI program to join multiple file parts (created by a file splitter) back into a single original file. The user specifies the first part name.
0.999998879118792,0.8502624695908695,0.0002611902975925828,ChatDev_ProgramDev2_GPT4o_47_scored.json,2,c2,12,12,CodeReviewModification,0,1.3,1.3,Programmer,1.3\ChatDev_ProgramDev2_GPT4o_47_scored.json,1.3\ChatDev_ProgramDev2_GPT4o_47_scored.json,3,Build a CLI program to join multiple file parts (created by a file splitter) back into a single original file. The user specifies the first part name.
0.9999997296863564,0.7341610697181832,3.927863545481039e-07,ChatDev_ProgramDev2_GPT4o_47_scored.json,3,c2,22,22,CodeReviewModification,0,1.3,1.3,Programmer,1.3\ChatDev_ProgramDev2_GPT4o_47_scored.json,1.3\ChatDev_ProgramDev2_GPT4o_47_scored.json,4,Build a CLI program to join multiple file parts (created by a file splitter) back into a single original file. The user specifies the first part name.
0.9999962577478758,0.6318040356353168,5.3157852544244216e-08,ChatDev_ProgramDev2_GPT4o_47_scored.json,0,c2,12,12,Coding,0,1.3,1.3,Programmer,1.3\ChatDev_ProgramDev2_GPT4o_47_scored.json,1.3\ChatDev_ProgramDev2_GPT4o_47_scored.json,1,Build a CLI program to join multiple file parts (created by a file splitter) back into a single original file. The user specifies the first part name.
0.9999998948890682,0.9701972442903902,0.8807971299773593,ChatDev_ProgramDev2_GPT4o_47_scored.json,4,c2,4,4,EnvironmentDoc,0,1.3,1.3,Programmer,1.3\ChatDev_ProgramDev2_GPT4o_47_scored.json,1.3\ChatDev_ProgramDev2_GPT4o_47_scored.json,5,Build a CLI program to join multiple file parts (created by a file splitter) back into a single original file. The user specifies the first part name.
0.999999884590805,0.9761625265531175,0.9046504983204661,ChatDev_ProgramDev2_GPT4o_67_scored.json,0,c2,4,4,Reflection,0,1.3,1.3;1.5,Chief Executive Officer,1.3\ChatDev_ProgramDev2_GPT4o_67_scored.json,1.3\ChatDev_ProgramDev2_GPT4o_67_scored.json;1.5\ChatDev_ProgramDev2_GPT4o_67_scored.json,1,"Build a CLI audio file tag editor for MP3 files (basic ID3 tags). Allow viewing and modifying tags like title, artist, album, year. Requires a library for MP3 tag manipulation."
1.0,0.682474524331936,0.04742587780607772,ChatDev_ProgramDev2_GPT4o_67_scored.json,0,c2,3,3,DemandAnalysis,0,1.3,1.3;1.5,Chief Product Officer,1.3\ChatDev_ProgramDev2_GPT4o_67_scored.json,1.3\ChatDev_ProgramDev2_GPT4o_67_scored.json;1.5\ChatDev_ProgramDev2_GPT4o_67_scored.json,1,"Build a CLI audio file tag editor for MP3 files (basic ID3 tags). Allow viewing and modifying tags like title, artist, album, year. Requires a library for MP3 tag manipulation."
0.0,0.0,0.0,ChatDev_ProgramDev2_GPT4o_67_scored.json,1,c2,2,2,DemandAnalysis,0,1.3,1.3;1.5,Chief Product Officer,1.3\ChatDev_ProgramDev2_GPT4o_67_scored.json,1.3\ChatDev_ProgramDev2_GPT4o_67_scored.json;1.5\ChatDev_ProgramDev2_GPT4o_67_scored.json,2,"Build a CLI audio file tag editor for MP3 files (basic ID3 tags). Allow viewing and modifying tags like title, artist, album, year. Requires a library for MP3 tag manipulation."
0.9999999229857265,0.7995691115441802,1.6701414089010932e-05,ChatDev_ProgramDev2_GPT4o_67_scored.json,2,c2,10,10,Manual,0,1.3,1.3;1.5,Chief Product Officer,1.3\ChatDev_ProgramDev2_GPT4o_67_scored.json,1.3\ChatDev_ProgramDev2_GPT4o_67_scored.json;1.5\ChatDev_ProgramDev2_GPT4o_67_scored.json,3,"Build a CLI audio file tag editor for MP3 files (basic ID3 tags). Allow viewing and modifying tags like title, artist, album, year. Requires a library for MP3 tag manipulation."
0.9999998443557171,0.9999998443557171,0.9999998443557171,ChatDev_ProgramDev2_GPT4o_67_scored.json,0,c2,1,1,LanguageChoose,0,1.3,1.3;1.5,Chief Technology Officer,1.3\ChatDev_ProgramDev2_GPT4o_67_scored.json,1.3\ChatDev_ProgramDev2_GPT4o_67_scored.json;1.5\ChatDev_ProgramDev2_GPT4o_67_scored.json,1,"Build a CLI audio file tag editor for MP3 files (basic ID3 tags). Allow viewing and modifying tags like title, artist, album, year. Requires a library for MP3 tag manipulation."
0.9999988763678898,0.9559323284785933,0.7310586459949625,ChatDev_ProgramDev2_GPT4o_67_scored.json,0,c2,7,7,CodeReviewComment,0,1.3,1.3;1.5,Code Reviewer,1.3\ChatDev_ProgramDev2_GPT4o_67_scored.json,1.3\ChatDev_ProgramDev2_GPT4o_67_scored.json;1.5\ChatDev_ProgramDev2_GPT4o_67_scored.json,1,"Build a CLI audio file tag editor for MP3 files (basic ID3 tags). Allow viewing and modifying tags like title, artist, album, year. Requires a library for MP3 tag manipulation."
0.9999937515566676,0.9999937515566676,0.9999937515566676,ChatDev_ProgramDev2_GPT4o_67_scored.json,1,c2,1,1,CodeReviewComment,0,1.3,1.3;1.5,Code Reviewer,1.3\ChatDev_ProgramDev2_GPT4o_67_scored.json,1.3\ChatDev_ProgramDev2_GPT4o_67_scored.json;1.5\ChatDev_ProgramDev2_GPT4o_67_scored.json,2,"Build a CLI audio file tag editor for MP3 files (basic ID3 tags). Allow viewing and modifying tags like title, artist, album, year. Requires a library for MP3 tag manipulation."
0.9999998490661437,0.9875520091823247,0.9626730096569802,ChatDev_ProgramDev2_GPT4o_67_scored.json,2,c2,3,3,CodeReviewComment,0,1.3,1.3;1.5,Code Reviewer,1.3\ChatDev_ProgramDev2_GPT4o_67_scored.json,1.3\ChatDev_ProgramDev2_GPT4o_67_scored.json;1.5\ChatDev_ProgramDev2_GPT4o_67_scored.json,3,"Build a CLI audio file tag editor for MP3 files (basic ID3 tags). Allow viewing and modifying tags like title, artist, album, year. Requires a library for MP3 tag manipulation."
0.9890130285162415,0.10504187120677354,8.315279260963632e-07,ChatDev_ProgramDev2_GPT4o_67_scored.json,1,c2,21,21,CodeReviewModification,0,1.3,1.3;1.5,Programmer,1.3\ChatDev_ProgramDev2_GPT4o_67_scored.json,1.3\ChatDev_ProgramDev2_GPT4o_67_scored.json;1.5\ChatDev_ProgramDev2_GPT4o_67_scored.json,2,"Build a CLI audio file tag editor for MP3 files (basic ID3 tags). Allow viewing and modifying tags like title, artist, album, year. Requires a library for MP3 tag manipulation."
1.0,0.9380369762623844,0.01798621270515612,ChatDev_ProgramDev2_GPT4o_67_scored.json,2,c2,16,16,CodeReviewModification,0,1.3,1.3;1.5,Programmer,1.3\ChatDev_ProgramDev2_GPT4o_67_scored.json,1.3\ChatDev_ProgramDev2_GPT4o_67_scored.json;1.5\ChatDev_ProgramDev2_GPT4o_67_scored.json,3,"Build a CLI audio file tag editor for MP3 files (basic ID3 tags). Allow viewing and modifying tags like title, artist, album, year. Requires a library for MP3 tag manipulation."
0.6791787516568523,0.08819520055726165,8.315279260963632e-07,ChatDev_ProgramDev2_GPT4o_67_scored.json,3,c2,17,17,CodeReviewModification,0,1.3,1.3;1.5,Programmer,1.3\ChatDev_ProgramDev2_GPT4o_67_scored.json,1.3\ChatDev_ProgramDev2_GPT4o_67_scored.json;1.5\ChatDev_ProgramDev2_GPT4o_67_scored.json,4,"Build a CLI audio file tag editor for MP3 files (basic ID3 tags). Allow viewing and modifying tags like title, artist, album, year. Requires a library for MP3 tag manipulation."
0.9999998684420693,0.8297020965737355,1.4449802461092448e-07,ChatDev_ProgramDev2_GPT4o_67_scored.json,0,c2,20,20,Coding,0,1.3,1.3;1.5,Programmer,1.3\ChatDev_ProgramDev2_GPT4o_67_scored.json,1.3\ChatDev_ProgramDev2_GPT4o_67_scored.json;1.5\ChatDev_ProgramDev2_GPT4o_67_scored.json,1,"Build a CLI audio file tag editor for MP3 files (basic ID3 tags). Allow viewing and modifying tags like title, artist, album, year. Requires a library for MP3 tag manipulation."
0.9999999012239845,0.9999989127265555,0.9999969689159656,ChatDev_ProgramDev2_GPT4o_67_scored.json,5,c2,3,3,EnvironmentDoc,0,1.3,1.3;1.5,Programmer,1.3\ChatDev_ProgramDev2_GPT4o_67_scored.json,1.3\ChatDev_ProgramDev2_GPT4o_67_scored.json;1.5\ChatDev_ProgramDev2_GPT4o_67_scored.json,6,"Build a CLI audio file tag editor for MP3 files (basic ID3 tags). Allow viewing and modifying tags like title, artist, album, year. Requires a library for MP3 tag manipulation."
0.9999998611504499,0.6666665333999371,3.850741922767617e-09,ChatDev_ProgramDev2_GPT4o_67_scored.json,4,c2,3,3,TestModification,0,1.3,1.3;1.5,Programmer,1.3\ChatDev_ProgramDev2_GPT4o_67_scored.json,1.3\ChatDev_ProgramDev2_GPT4o_67_scored.json;1.5\ChatDev_ProgramDev2_GPT4o_67_scored.json,5,"Build a CLI audio file tag editor for MP3 files (basic ID3 tags). Allow viewing and modifying tags like title, artist, album, year. Requires a library for MP3 tag manipulation."
0.9999998678732606,0.2527468648163148,1.4449802461092448e-07,ChatDev_ProgramDev2_GPT4o_68_scored.json,0,c2,4,4,Reflection,0,1.3,1.3;1.5,Chief Executive Officer,1.3\ChatDev_ProgramDev2_GPT4o_68_scored.json,1.3\ChatDev_ProgramDev2_GPT4o_68_scored.json;1.5\ChatDev_ProgramDev2_GPT4o_68_scored.json,1,"Write a CLI tool to convert a short video file segment (e.g., first 5 seconds) into an animated GIF. Requires `ffmpeg` to be installed."
0.9999998767045566,0.49994913470571223,1.0467401794744658e-08,ChatDev_ProgramDev2_GPT4o_68_scored.json,0,c2,4,4,DemandAnalysis,0,1.3,1.3;1.5,Chief Product Officer,1.3\ChatDev_ProgramDev2_GPT4o_68_scored.json,1.3\ChatDev_ProgramDev2_GPT4o_68_scored.json;1.5\ChatDev_ProgramDev2_GPT4o_68_scored.json,1,"Write a CLI tool to convert a short video file segment (e.g., first 5 seconds) into an animated GIF. Requires `ffmpeg` to be installed."
0.2689414431936799,0.08964715472198992,1.4166087866431961e-09,ChatDev_ProgramDev2_GPT4o_68_scored.json,1,c2,3,3,DemandAnalysis,0,1.3,1.3;1.5,Chief Product Officer,1.3\ChatDev_ProgramDev2_GPT4o_68_scored.json,1.3\ChatDev_ProgramDev2_GPT4o_68_scored.json;1.5\ChatDev_ProgramDev2_GPT4o_68_scored.json,2,"Write a CLI tool to convert a short video file segment (e.g., first 5 seconds) into an animated GIF. Requires `ffmpeg` to be installed."
1.0,0.6666652198324727,4.5990553786523166e-10,ChatDev_ProgramDev2_GPT4o_68_scored.json,2,c2,12,12,Manual,0,1.3,1.3;1.5,Chief Product Officer,1.3\ChatDev_ProgramDev2_GPT4o_68_scored.json,1.3\ChatDev_ProgramDev2_GPT4o_68_scored.json;1.5\ChatDev_ProgramDev2_GPT4o_68_scored.json,3,"Write a CLI tool to convert a short video file segment (e.g., first 5 seconds) into an animated GIF. Requires `ffmpeg` to be installed."
0.9999985328119436,0.9999985328119436,0.9999985328119436,ChatDev_ProgramDev2_GPT4o_68_scored.json,0,c2,1,1,LanguageChoose,0,1.3,1.3;1.5,Chief Technology Officer,1.3\ChatDev_ProgramDev2_GPT4o_68_scored.json,1.3\ChatDev_ProgramDev2_GPT4o_68_scored.json;1.5\ChatDev_ProgramDev2_GPT4o_68_scored.json,1,"Write a CLI tool to convert a short video file segment (e.g., first 5 seconds) into an animated GIF. Requires `ffmpeg` to be installed."
0.006692851264215723,0.0014168106951969552,4.539785156619626e-05,ChatDev_ProgramDev2_GPT4o_68_scored.json,0,c2,7,7,CodeReviewComment,0,1.3,1.3;1.5,Code Reviewer,1.3\ChatDev_ProgramDev2_GPT4o_68_scored.json,1.3\ChatDev_ProgramDev2_GPT4o_68_scored.json;1.5\ChatDev_ProgramDev2_GPT4o_68_scored.json,1,"Write a CLI tool to convert a short video file segment (e.g., first 5 seconds) into an animated GIF. Requires `ffmpeg` to be installed."
0.9995693480725759,0.6032063460200529,0.0373268869815644,ChatDev_ProgramDev2_GPT4o_68_scored.json,1,c2,6,6,CodeReviewComment,0,1.3,1.3;1.5,Code Reviewer,1.3\ChatDev_ProgramDev2_GPT4o_68_scored.json,1.3\ChatDev_ProgramDev2_GPT4o_68_scored.json;1.5\ChatDev_ProgramDev2_GPT4o_68_scored.json,2,"Write a CLI tool to convert a short video file segment (e.g., first 5 seconds) into an animated GIF. Requires `ffmpeg` to be installed."
0.9999037669664167,0.49382978909928477,0.0019267342527389902,ChatDev_ProgramDev2_GPT4o_68_scored.json,2,c2,8,8,CodeReviewComment,0,1.3,1.3;1.5,Code Reviewer,1.3\ChatDev_ProgramDev2_GPT4o_68_scored.json,1.3\ChatDev_ProgramDev2_GPT4o_68_scored.json;1.5\ChatDev_ProgramDev2_GPT4o_68_scored.json,3,"Write a CLI tool to convert a short video file segment (e.g., first 5 seconds) into an animated GIF. Requires `ffmpeg` to be installed."
0.8807970494033868,0.20656666204224686,3.7266389560521204e-06,ChatDev_ProgramDev2_GPT4o_68_scored.json,1,c2,14,14,CodeReviewModification,0,1.3,1.3;1.5,Programmer,1.3\ChatDev_ProgramDev2_GPT4o_68_scored.json,1.3\ChatDev_ProgramDev2_GPT4o_68_scored.json;1.5\ChatDev_ProgramDev2_GPT4o_68_scored.json,2,"Write a CLI tool to convert a short video file segment (e.g., first 5 seconds) into an animated GIF. Requires `ffmpeg` to be installed."
0.904650490665289,0.2078657272106542,2.510999155743982e-08,ChatDev_ProgramDev2_GPT4o_68_scored.json,2,c2,20,20,CodeReviewModification,0,1.3,1.3;1.5,Programmer,1.3\ChatDev_ProgramDev2_GPT4o_68_scored.json,1.3\ChatDev_ProgramDev2_GPT4o_68_scored.json;1.5\ChatDev_ProgramDev2_GPT4o_68_scored.json,3,"Write a CLI tool to convert a short video file segment (e.g., first 5 seconds) into an animated GIF. Requires `ffmpeg` to be installed."
0.9975273239283621,0.21616380855559297,2.2603250957489616e-06,ChatDev_ProgramDev2_GPT4o_68_scored.json,3,c2,20,20,CodeReviewModification,0,1.3,1.3;1.5,Programmer,1.3\ChatDev_ProgramDev2_GPT4o_68_scored.json,1.3\ChatDev_ProgramDev2_GPT4o_68_scored.json;1.5\ChatDev_ProgramDev2_GPT4o_68_scored.json,4,"Write a CLI tool to convert a short video file segment (e.g., first 5 seconds) into an animated GIF. Requires `ffmpeg` to be installed."
0.9999998697875173,0.8593722681042353,1.370956471489639e-06,ChatDev_ProgramDev2_GPT4o_68_scored.json,0,c2,20,20,Coding,0,1.3,1.3;1.5,Programmer,1.3\ChatDev_ProgramDev2_GPT4o_68_scored.json,1.3\ChatDev_ProgramDev2_GPT4o_68_scored.json;1.5\ChatDev_ProgramDev2_GPT4o_68_scored.json,1,"Write a CLI tool to convert a short video file segment (e.g., first 5 seconds) into an animated GIF. Requires `ffmpeg` to be installed."
0.9999998778078126,0.6400796133603911,0.017986213100272055,ChatDev_ProgramDev2_GPT4o_68_scored.json,4,c2,5,5,EnvironmentDoc,0,1.3,1.3;1.5,Programmer,1.3\ChatDev_ProgramDev2_GPT4o_68_scored.json,1.3\ChatDev_ProgramDev2_GPT4o_68_scored.json;1.5\ChatDev_ProgramDev2_GPT4o_68_scored.json,5,"Write a CLI tool to convert a short video file segment (e.g., first 5 seconds) into an animated GIF. Requires `ffmpeg` to be installed."
1.0,0.7500784261062527,0.0003353500342255387,ChatDev_ProgramDev2_GPT4o_76_scored.json,0,c2,4,4,Reflection,0,1.5,1.5,Chief Executive Officer,1.5\ChatDev_ProgramDev2_GPT4o_76_scored.json,1.5\ChatDev_ProgramDev2_GPT4o_76_scored.json,1,"Write a simple CLI data plotter that takes a list of numbers (e.g., from a file or stdin) and generates a basic text-based bar chart or line graph in the terminal."
0.9999998689865918,0.7499853571919766,2.215948977336598e-08,ChatDev_ProgramDev2_GPT4o_76_scored.json,0,c2,4,4,DemandAnalysis,0,1.5,1.5,Chief Product Officer,1.5\ChatDev_ProgramDev2_GPT4o_76_scored.json,1.5\ChatDev_ProgramDev2_GPT4o_76_scored.json,1,"Write a simple CLI data plotter that takes a list of numbers (e.g., from a file or stdin) and generates a basic text-based bar chart or line graph in the terminal."
0.9999994830835031,0.7997637367166864,0.0,ChatDev_ProgramDev2_GPT4o_76_scored.json,1,c2,5,5,DemandAnalysis,0,1.5,1.5,Chief Product Officer,1.5\ChatDev_ProgramDev2_GPT4o_76_scored.json,1.5\ChatDev_ProgramDev2_GPT4o_76_scored.json,2,"Write a simple CLI data plotter that takes a list of numbers (e.g., from a file or stdin) and generates a basic text-based bar chart or line graph in the terminal."
1.0,0.7275065412663159,6.82560337633487e-08,ChatDev_ProgramDev2_GPT4o_76_scored.json,2,c2,12,12,Manual,0,1.5,1.5,Chief Product Officer,1.5\ChatDev_ProgramDev2_GPT4o_76_scored.json,1.5\ChatDev_ProgramDev2_GPT4o_76_scored.json,3,"Write a simple CLI data plotter that takes a list of numbers (e.g., from a file or stdin) and generates a basic text-based bar chart or line graph in the terminal."
0.9999998759817202,0.9999998759817202,0.9999998759817202,ChatDev_ProgramDev2_GPT4o_76_scored.json,0,c2,1,1,LanguageChoose,0,1.5,1.5,Chief Technology Officer,1.5\ChatDev_ProgramDev2_GPT4o_76_scored.json,1.5\ChatDev_ProgramDev2_GPT4o_76_scored.json,1,"Write a simple CLI data plotter that takes a list of numbers (e.g., from a file or stdin) and generates a basic text-based bar chart or line graph in the terminal."
0.9998414487998716,0.9998414487998716,0.9998414487998716,ChatDev_ProgramDev2_GPT4o_76_scored.json,0,c2,1,1,CodeReviewComment,0,1.5,1.5,Code Reviewer,1.5\ChatDev_ProgramDev2_GPT4o_76_scored.json,1.5\ChatDev_ProgramDev2_GPT4o_76_scored.json,1,"Write a simple CLI data plotter that takes a list of numbers (e.g., from a file or stdin) and generates a basic text-based bar chart or line graph in the terminal."
0.9998414487998716,0.9998414487998716,0.9998414487998716,ChatDev_ProgramDev2_GPT4o_76_scored.json,1,c2,1,1,CodeReviewComment,0,1.5,1.5,Code Reviewer,1.5\ChatDev_ProgramDev2_GPT4o_76_scored.json,1.5\ChatDev_ProgramDev2_GPT4o_76_scored.json,2,"Write a simple CLI data plotter that takes a list of numbers (e.g., from a file or stdin) and generates a basic text-based bar chart or line graph in the terminal."
0.9999997354144857,0.8413303150181042,0.005220125868449866,ChatDev_ProgramDev2_GPT4o_76_scored.json,2,c2,10,10,CodeReviewComment,0,1.5,1.5,Code Reviewer,1.5\ChatDev_ProgramDev2_GPT4o_76_scored.json,1.5\ChatDev_ProgramDev2_GPT4o_76_scored.json,3,"Write a simple CLI data plotter that takes a list of numbers (e.g., from a file or stdin) and generates a basic text-based bar chart or line graph in the terminal."
0.9999998495580406,0.8796050586276143,0.09534946619892729,ChatDev_ProgramDev2_GPT4o_76_scored.json,1,c2,21,21,CodeReviewModification,0,1.5,1.5,Programmer,1.5\ChatDev_ProgramDev2_GPT4o_76_scored.json,1.5\ChatDev_ProgramDev2_GPT4o_76_scored.json,2,"Write a simple CLI data plotter that takes a list of numbers (e.g., from a file or stdin) and generates a basic text-based bar chart or line graph in the terminal."
0.9999998360581089,0.9501819885951418,0.26894144176359824,ChatDev_ProgramDev2_GPT4o_76_scored.json,2,c2,20,20,CodeReviewModification,0,1.5,1.5,Programmer,1.5\ChatDev_ProgramDev2_GPT4o_76_scored.json,1.5\ChatDev_ProgramDev2_GPT4o_76_scored.json,3,"Write a simple CLI data plotter that takes a list of numbers (e.g., from a file or stdin) and generates a basic text-based bar chart or line graph in the terminal."
0.22270019685995904,0.030751284869539576,9.931194312156244e-08,ChatDev_ProgramDev2_GPT4o_76_scored.json,3,c2,22,22,CodeReviewModification,0,1.5,1.5,Programmer,1.5\ChatDev_ProgramDev2_GPT4o_76_scored.json,1.5\ChatDev_ProgramDev2_GPT4o_76_scored.json,4,"Write a simple CLI data plotter that takes a list of numbers (e.g., from a file or stdin) and generates a basic text-based bar chart or line graph in the terminal."
0.9999998449293307,0.9999441466885715,0.999664546860518,ChatDev_ProgramDev2_GPT4o_76_scored.json,0,c2,10,10,Coding,0,1.5,1.5,Programmer,1.5\ChatDev_ProgramDev2_GPT4o_76_scored.json,1.5\ChatDev_ProgramDev2_GPT4o_76_scored.json,1,"Write a simple CLI data plotter that takes a list of numbers (e.g., from a file or stdin) and generates a basic text-based bar chart or line graph in the terminal."
0.9999997250673318,0.9788908818557075,0.9241417780798405,ChatDev_ProgramDev2_GPT4o_76_scored.json,4,c2,4,4,EnvironmentDoc,0,1.5,1.5,Programmer,1.5\ChatDev_ProgramDev2_GPT4o_76_scored.json,1.5\ChatDev_ProgramDev2_GPT4o_76_scored.json,5,"Write a simple CLI data plotter that takes a list of numbers (e.g., from a file or stdin) and generates a basic text-based bar chart or line graph in the terminal."
0.9999998853368164,0.4996258758982835,5.602796437537268e-09,ChatDev_ProgramDev2_GPT4o_79_scored.json,0,c2,4,4,DemandAnalysis,0,1.3,1.3;1.5,Chief Product Officer,1.3\ChatDev_ProgramDev2_GPT4o_79_scored.json,1.3\ChatDev_ProgramDev2_GPT4o_79_scored.json;1.5\ChatDev_ProgramDev2_GPT4o_79_scored.json,1,"Build a CLI recipe manager. Allow users to add recipes (name, ingredients, instructions), search for recipes by name or ingredient, and view recipe details. Store data in text or JSON files."
0.9999993673251265,0.5999895622482543,0.0,ChatDev_ProgramDev2_GPT4o_79_scored.json,1,c2,5,5,DemandAnalysis,0,1.3,1.3;1.5,Chief Product Officer,1.3\ChatDev_ProgramDev2_GPT4o_79_scored.json,1.3\ChatDev_ProgramDev2_GPT4o_79_scored.json;1.5\ChatDev_ProgramDev2_GPT4o_79_scored.json,2,"Build a CLI recipe manager. Allow users to add recipes (name, ingredients, instructions), search for recipes by name or ingredient, and view recipe details. Store data in text or JSON files."
0.9999996011955931,0.9999996011955931,0.9999996011955931,ChatDev_ProgramDev2_GPT4o_79_scored.json,2,c2,1,1,DemandAnalysis,0,1.3,1.3;1.5,Chief Product Officer,1.3\ChatDev_ProgramDev2_GPT4o_79_scored.json,1.3\ChatDev_ProgramDev2_GPT4o_79_scored.json;1.5\ChatDev_ProgramDev2_GPT4o_79_scored.json,3,"Build a CLI recipe manager. Allow users to add recipes (name, ingredients, instructions), search for recipes by name or ingredient, and view recipe details. Store data in text or JSON files."
1.0,0.7140808870191646,1.3440409951135022e-08,ChatDev_ProgramDev2_GPT4o_79_scored.json,3,c2,14,14,Manual,0,1.3,1.3;1.5,Chief Product Officer,1.3\ChatDev_ProgramDev2_GPT4o_79_scored.json,1.3\ChatDev_ProgramDev2_GPT4o_79_scored.json;1.5\ChatDev_ProgramDev2_GPT4o_79_scored.json,4,"Build a CLI recipe manager. Allow users to add recipes (name, ingredients, instructions), search for recipes by name or ingredient, and view recipe details. Store data in text or JSON files."
0.999664579144922,0.999664579144922,0.999664579144922,ChatDev_ProgramDev2_GPT4o_79_scored.json,0,c2,1,1,LanguageChoose,0,1.3,1.3;1.5,Chief Technology Officer,1.3\ChatDev_ProgramDev2_GPT4o_79_scored.json,1.3\ChatDev_ProgramDev2_GPT4o_79_scored.json;1.5\ChatDev_ProgramDev2_GPT4o_79_scored.json,1,"Build a CLI recipe manager. Allow users to add recipes (name, ingredients, instructions), search for recipes by name or ingredient, and view recipe details. Store data in text or JSON files."
0.9999998675967278,0.6663376390676946,0.0,ChatDev_ProgramDev2_GPT4o_79_scored.json,0,c2,6,6,CodeReviewComment,0,1.3,1.3;1.5,Code Reviewer,1.3\ChatDev_ProgramDev2_GPT4o_79_scored.json,1.3\ChatDev_ProgramDev2_GPT4o_79_scored.json;1.5\ChatDev_ProgramDev2_GPT4o_79_scored.json,1,"Build a CLI recipe manager. Allow users to add recipes (name, ingredients, instructions), search for recipes by name or ingredient, and view recipe details. Store data in text or JSON files."
0.9995693399699804,0.9995693399699804,0.9995693399699804,ChatDev_ProgramDev2_GPT4o_79_scored.json,1,c2,1,1,CodeReviewComment,0,1.3,1.3;1.5,Code Reviewer,1.3\ChatDev_ProgramDev2_GPT4o_79_scored.json,1.3\ChatDev_ProgramDev2_GPT4o_79_scored.json;1.5\ChatDev_ProgramDev2_GPT4o_79_scored.json,2,"Build a CLI recipe manager. Allow users to add recipes (name, ingredients, instructions), search for recipes by name or ingredient, and view recipe details. Store data in text or JSON files."
0.9998414436290037,0.9998414436290037,0.9998414436290037,ChatDev_ProgramDev2_GPT4o_79_scored.json,2,c2,1,1,CodeReviewComment,0,1.3,1.3;1.5,Code Reviewer,1.3\ChatDev_ProgramDev2_GPT4o_79_scored.json,1.3\ChatDev_ProgramDev2_GPT4o_79_scored.json;1.5\ChatDev_ProgramDev2_GPT4o_79_scored.json,3,"Build a CLI recipe manager. Allow users to add recipes (name, ingredients, instructions), search for recipes by name or ingredient, and view recipe details. Store data in text or JSON files."
1.0,0.7591656481444172,5.3157852544244216e-08,ChatDev_ProgramDev2_GPT4o_79_scored.json,1,c2,25,25,CodeReviewModification,0,1.3,1.3;1.5,Programmer,1.3\ChatDev_ProgramDev2_GPT4o_79_scored.json,1.3\ChatDev_ProgramDev2_GPT4o_79_scored.json;1.5\ChatDev_ProgramDev2_GPT4o_79_scored.json,2,"Build a CLI recipe manager. Allow users to add recipes (name, ingredients, instructions), search for recipes by name or ingredient, and view recipe details. Store data in text or JSON files."
1.0,0.9278305313763247,0.008577485515938836,ChatDev_ProgramDev2_GPT4o_79_scored.json,2,c2,18,18,CodeReviewModification,0,1.3,1.3;1.5,Programmer,1.3\ChatDev_ProgramDev2_GPT4o_79_scored.json,1.3\ChatDev_ProgramDev2_GPT4o_79_scored.json;1.5\ChatDev_ProgramDev2_GPT4o_79_scored.json,3,"Build a CLI recipe manager. Allow users to add recipes (name, ingredients, instructions), search for recipes by name or ingredient, and view recipe details. Store data in text or JSON files."
1.0,0.9005833508544876,0.00070967033651176,ChatDev_ProgramDev2_GPT4o_79_scored.json,3,c2,20,20,CodeReviewModification,0,1.3,1.3;1.5,Programmer,1.3\ChatDev_ProgramDev2_GPT4o_79_scored.json,1.3\ChatDev_ProgramDev2_GPT4o_79_scored.json;1.5\ChatDev_ProgramDev2_GPT4o_79_scored.json,4,"Build a CLI recipe manager. Allow users to add recipes (name, ingredients, instructions), search for recipes by name or ingredient, and view recipe details. Store data in text or JSON files."
0.9999997206757435,0.44254128969544865,0.0,ChatDev_ProgramDev2_GPT4o_79_scored.json,0,c2,34,34,Coding,0,1.3,1.3;1.5,Programmer,1.3\ChatDev_ProgramDev2_GPT4o_79_scored.json,1.3\ChatDev_ProgramDev2_GPT4o_79_scored.json;1.5\ChatDev_ProgramDev2_GPT4o_79_scored.json,1,"Build a CLI recipe manager. Allow users to add recipes (name, ingredients, instructions), search for recipes by name or ingredient, and view recipe details. Store data in text or JSON files."
0.9999998764658771,0.7499306479142607,5.829127258796956e-05,ChatDev_ProgramDev2_GPT4o_79_scored.json,4,c2,4,4,EnvironmentDoc,0,1.3,1.3;1.5,Programmer,1.3\ChatDev_ProgramDev2_GPT4o_79_scored.json,1.3\ChatDev_ProgramDev2_GPT4o_79_scored.json;1.5\ChatDev_ProgramDev2_GPT4o_79_scored.json,5,"Build a CLI recipe manager. Allow users to add recipes (name, ingredients, instructions), search for recipes by name or ingredient, and view recipe details. Store data in text or JSON files."
0.9999998672922663,0.7499690641872439,5.3157852544244216e-08,ChatDev_ProgramDev2_GPT4o_79_scored.json,5,c2,4,4,EnvironmentDoc,0,1.3,1.3;1.5,Programmer,1.3\ChatDev_ProgramDev2_GPT4o_79_scored.json,1.3\ChatDev_ProgramDev2_GPT4o_79_scored.json;1.5\ChatDev_ProgramDev2_GPT4o_79_scored.json,6,"Build a CLI recipe manager. Allow users to add recipes (name, ingredients, instructions), search for recipes by name or ingredient, and view recipe details. Store data in text or JSON files."
0.9999998857927419,0.600812625568347,8.315279260963632e-07,ChatDev_ProgramDev2_GPT4o_81_scored.json,0,c2,5,5,DemandAnalysis,0,1.3,1.3;1.5,Chief Product Officer,1.3\ChatDev_ProgramDev2_GPT4o_81_scored.json,1.3\ChatDev_ProgramDev2_GPT4o_81_scored.json;1.5\ChatDev_ProgramDev2_GPT4o_81_scored.json,1,"Create a CLI flashcard study tool. Users can create decks of flashcards (front: question/term, back: answer/definition). The tool presents cards for review."
4.78509457496562e-06,2.3927772402517426e-06,4.5990553786523166e-10,ChatDev_ProgramDev2_GPT4o_81_scored.json,1,c2,2,2,DemandAnalysis,0,1.3,1.3;1.5,Chief Product Officer,1.3\ChatDev_ProgramDev2_GPT4o_81_scored.json,1.3\ChatDev_ProgramDev2_GPT4o_81_scored.json;1.5\ChatDev_ProgramDev2_GPT4o_81_scored.json,2,"Create a CLI flashcard study tool. Users can create decks of flashcards (front: question/term, back: answer/definition). The tool presents cards for review."
0.9999998946990101,0.9999998946990101,0.9999998946990101,ChatDev_ProgramDev2_GPT4o_81_scored.json,2,c2,1,1,DemandAnalysis,0,1.3,1.3;1.5,Chief Product Officer,1.3\ChatDev_ProgramDev2_GPT4o_81_scored.json,1.3\ChatDev_ProgramDev2_GPT4o_81_scored.json;1.5\ChatDev_ProgramDev2_GPT4o_81_scored.json,3,"Create a CLI flashcard study tool. Users can create decks of flashcards (front: question/term, back: answer/definition). The tool presents cards for review."
0.9999998692003254,0.853364452914143,3.927863545481039e-07,ChatDev_ProgramDev2_GPT4o_81_scored.json,3,c2,17,17,Manual,0,1.3,1.3;1.5,Chief Product Officer,1.3\ChatDev_ProgramDev2_GPT4o_81_scored.json,1.3\ChatDev_ProgramDev2_GPT4o_81_scored.json;1.5\ChatDev_ProgramDev2_GPT4o_81_scored.json,4,"Create a CLI flashcard study tool. Users can create decks of flashcards (front: question/term, back: answer/definition). The tool presents cards for review."
0.9988304265259755,0.9988304265259755,0.9988304265259755,ChatDev_ProgramDev2_GPT4o_81_scored.json,0,c2,1,1,LanguageChoose,0,1.3,1.3;1.5,Chief Technology Officer,1.3\ChatDev_ProgramDev2_GPT4o_81_scored.json,1.3\ChatDev_ProgramDev2_GPT4o_81_scored.json;1.5\ChatDev_ProgramDev2_GPT4o_81_scored.json,1,"Create a CLI flashcard study tool. Users can create decks of flashcards (front: question/term, back: answer/definition). The tool presents cards for review."
1.0,0.7139431179532568,8.152020714470167e-09,ChatDev_ProgramDev2_GPT4o_81_scored.json,0,c2,7,7,CodeReviewComment,0,1.3,1.3;1.5,Code Reviewer,1.3\ChatDev_ProgramDev2_GPT4o_81_scored.json,1.3\ChatDev_ProgramDev2_GPT4o_81_scored.json;1.5\ChatDev_ProgramDev2_GPT4o_81_scored.json,1,"Create a CLI flashcard study tool. Users can create decks of flashcards (front: question/term, back: answer/definition). The tool presents cards for review."
0.9999919878518712,0.6089231300068529,0.060086658671942565,ChatDev_ProgramDev2_GPT4o_81_scored.json,1,c2,4,4,CodeReviewComment,0,1.3,1.3;1.5,Code Reviewer,1.3\ChatDev_ProgramDev2_GPT4o_81_scored.json,1.3\ChatDev_ProgramDev2_GPT4o_81_scored.json;1.5\ChatDev_ProgramDev2_GPT4o_81_scored.json,2,"Create a CLI flashcard study tool. Users can create decks of flashcards (front: question/term, back: answer/definition). The tool presents cards for review."
0.9999251334006606,0.5153200967728467,0.0031726831078774057,ChatDev_ProgramDev2_GPT4o_81_scored.json,2,c2,5,5,CodeReviewComment,0,1.3,1.3;1.5,Code Reviewer,1.3\ChatDev_ProgramDev2_GPT4o_81_scored.json,1.3\ChatDev_ProgramDev2_GPT4o_81_scored.json;1.5\ChatDev_ProgramDev2_GPT4o_81_scored.json,3,"Create a CLI flashcard study tool. Users can create decks of flashcards (front: question/term, back: answer/definition). The tool presents cards for review."
0.9999994754496552,0.2596398660397911,0.0,ChatDev_ProgramDev2_GPT4o_81_scored.json,1,c2,24,24,CodeComplete,0,1.3,1.3;1.5,Programmer,1.3\ChatDev_ProgramDev2_GPT4o_81_scored.json,1.3\ChatDev_ProgramDev2_GPT4o_81_scored.json;1.5\ChatDev_ProgramDev2_GPT4o_81_scored.json,2,"Create a CLI flashcard study tool. Users can create decks of flashcards (front: question/term, back: answer/definition). The tool presents cards for review."
1.0,0.9218065895609705,0.029312229146562493,ChatDev_ProgramDev2_GPT4o_81_scored.json,2,c2,20,20,CodeReviewModification,0,1.3,1.3;1.5,Programmer,1.3\ChatDev_ProgramDev2_GPT4o_81_scored.json,1.3\ChatDev_ProgramDev2_GPT4o_81_scored.json;1.5\ChatDev_ProgramDev2_GPT4o_81_scored.json,3,"Create a CLI flashcard study tool. Users can create decks of flashcards (front: question/term, back: answer/definition). The tool presents cards for review."
0.9241417979280979,0.06039228155476408,3.927863545481039e-07,ChatDev_ProgramDev2_GPT4o_81_scored.json,3,c2,20,20,CodeReviewModification,0,1.3,1.3;1.5,Programmer,1.3\ChatDev_ProgramDev2_GPT4o_81_scored.json,1.3\ChatDev_ProgramDev2_GPT4o_81_scored.json;1.5\ChatDev_ProgramDev2_GPT4o_81_scored.json,4,"Create a CLI flashcard study tool. Users can create decks of flashcards (front: question/term, back: answer/definition). The tool presents cards for review."
0.37754068970957244,0.01866625208501488,2.1024338523818466e-07,ChatDev_ProgramDev2_GPT4o_81_scored.json,4,c2,24,24,CodeReviewModification,0,1.3,1.3;1.5,Programmer,1.3\ChatDev_ProgramDev2_GPT4o_81_scored.json,1.3\ChatDev_ProgramDev2_GPT4o_81_scored.json;1.5\ChatDev_ProgramDev2_GPT4o_81_scored.json,5,"Create a CLI flashcard study tool. Users can create decks of flashcards (front: question/term, back: answer/definition). The tool presents cards for review."
1.0,0.7588515964468008,2.382369667501818e-07,ChatDev_ProgramDev2_GPT4o_81_scored.json,0,c2,24,24,Coding,0,1.3,1.3;1.5,Programmer,1.3\ChatDev_ProgramDev2_GPT4o_81_scored.json,1.3\ChatDev_ProgramDev2_GPT4o_81_scored.json;1.5\ChatDev_ProgramDev2_GPT4o_81_scored.json,1,"Create a CLI flashcard study tool. Users can create decks of flashcards (front: question/term, back: answer/definition). The tool presents cards for review."
0.9999998551179712,0.6764372290207968,0.029312230647422503,ChatDev_ProgramDev2_GPT4o_81_scored.json,5,c2,3,3,EnvironmentDoc,0,1.3,1.3;1.5,Programmer,1.3\ChatDev_ProgramDev2_GPT4o_81_scored.json,1.3\ChatDev_ProgramDev2_GPT4o_81_scored.json;1.5\ChatDev_ProgramDev2_GPT4o_81_scored.json,6,"Create a CLI flashcard study tool. Users can create decks of flashcards (front: question/term, back: answer/definition). The tool presents cards for review."
0.9999998760228883,0.6791088765843872,0.03732688524565363,ChatDev_ProgramDev2_GPT4o_81_scored.json,6,c2,3,3,EnvironmentDoc,0,1.3,1.3;1.5,Programmer,1.3\ChatDev_ProgramDev2_GPT4o_81_scored.json,1.3\ChatDev_ProgramDev2_GPT4o_81_scored.json;1.5\ChatDev_ProgramDev2_GPT4o_81_scored.json,7,"Create a CLI flashcard study tool. Users can create decks of flashcards (front: question/term, back: answer/definition). The tool presents cards for review."
1.0,0.6658456749175362,0.00070967033651176,ChatDev_ProgramDev2_GPT4o_8_scored.json,0,c2,3,3,Reflection,0,1.3,1.3;1.5,Chief Executive Officer,1.3\ChatDev_ProgramDev2_GPT4o_8_scored.json,1.3\ChatDev_ProgramDev2_GPT4o_8_scored.json;1.5\ChatDev_ProgramDev2_GPT4o_8_scored.json,1,"Write a CLI program to analyze a log file (e.g., Apache access log, system log). The user specifies the log file and a pattern (e.g., ERROR, 404). The tool should count and display lines containing the pattern."
0.9999998618196085,0.39684627280790563,8.764248219443636e-08,ChatDev_ProgramDev2_GPT4o_8_scored.json,0,c2,5,5,DemandAnalysis,0,1.3,1.3;1.5,Chief Product Officer,1.3\ChatDev_ProgramDev2_GPT4o_8_scored.json,1.3\ChatDev_ProgramDev2_GPT4o_8_scored.json;1.5\ChatDev_ProgramDev2_GPT4o_8_scored.json,1,"Write a CLI program to analyze a log file (e.g., Apache access log, system log). The user specifies the log file and a pattern (e.g., ERROR, 404). The tool should count and display lines containing the pattern."
0.9999545346892369,0.3982754130229765,0.0,ChatDev_ProgramDev2_GPT4o_8_scored.json,1,c2,5,5,DemandAnalysis,0,1.3,1.3;1.5,Chief Product Officer,1.3\ChatDev_ProgramDev2_GPT4o_8_scored.json,1.3\ChatDev_ProgramDev2_GPT4o_8_scored.json;1.5\ChatDev_ProgramDev2_GPT4o_8_scored.json,2,"Write a CLI program to analyze a log file (e.g., Apache access log, system log). The user specifies the log file and a pattern (e.g., ERROR, 404). The tool should count and display lines containing the pattern."
1.0,0.541334435570736,1.2501528663867426e-09,ChatDev_ProgramDev2_GPT4o_8_scored.json,2,c2,13,13,Manual,0,1.3,1.3;1.5,Chief Product Officer,1.3\ChatDev_ProgramDev2_GPT4o_8_scored.json,1.3\ChatDev_ProgramDev2_GPT4o_8_scored.json;1.5\ChatDev_ProgramDev2_GPT4o_8_scored.json,3,"Write a CLI program to analyze a log file (e.g., Apache access log, system log). The user specifies the log file and a pattern (e.g., ERROR, 404). The tool should count and display lines containing the pattern."
0.9999998762608757,0.9999998762608757,0.9999998762608757,ChatDev_ProgramDev2_GPT4o_8_scored.json,0,c2,1,1,LanguageChoose,0,1.3,1.3;1.5,Chief Technology Officer,1.3\ChatDev_ProgramDev2_GPT4o_8_scored.json,1.3\ChatDev_ProgramDev2_GPT4o_8_scored.json;1.5\ChatDev_ProgramDev2_GPT4o_8_scored.json,1,"Write a CLI program to analyze a log file (e.g., Apache access log, system log). The user specifies the log file and a pattern (e.g., ERROR, 404). The tool should count and display lines containing the pattern."
0.22270015742823943,0.03219605294025453,1.3440409951135022e-08,ChatDev_ProgramDev2_GPT4o_8_scored.json,0,c2,7,7,CodeReviewComment,0,1.3,1.3;1.5,Code Reviewer,1.3\ChatDev_ProgramDev2_GPT4o_8_scored.json,1.3\ChatDev_ProgramDev2_GPT4o_8_scored.json;1.5\ChatDev_ProgramDev2_GPT4o_8_scored.json,1,"Write a CLI program to analyze a log file (e.g., Apache access log, system log). The user specifies the log file and a pattern (e.g., ERROR, 404). The tool should count and display lines containing the pattern."
0.00070967033651176,0.00070967033651176,0.00070967033651176,ChatDev_ProgramDev2_GPT4o_8_scored.json,1,c2,1,1,CodeReviewComment,0,1.3,1.3;1.5,Code Reviewer,1.3\ChatDev_ProgramDev2_GPT4o_8_scored.json,1.3\ChatDev_ProgramDev2_GPT4o_8_scored.json;1.5\ChatDev_ProgramDev2_GPT4o_8_scored.json,2,"Write a CLI program to analyze a log file (e.g., Apache access log, system log). The user specifies the log file and a pattern (e.g., ERROR, 404). The tool should count and display lines containing the pattern."
0.004070137939983506,0.004070137939983506,0.004070137939983506,ChatDev_ProgramDev2_GPT4o_8_scored.json,2,c2,1,1,CodeReviewComment,0,1.3,1.3;1.5,Code Reviewer,1.3\ChatDev_ProgramDev2_GPT4o_8_scored.json,1.3\ChatDev_ProgramDev2_GPT4o_8_scored.json;1.5\ChatDev_ProgramDev2_GPT4o_8_scored.json,3,"Write a CLI program to analyze a log file (e.g., Apache access log, system log). The user specifies the log file and a pattern (e.g., ERROR, 404). The tool should count and display lines containing the pattern."
0.2689414395711808,0.02150100290770465,1.0467401794744658e-08,ChatDev_ProgramDev2_GPT4o_8_scored.json,1,c2,17,17,CodeReviewModification,0,1.3,1.3;1.5,Programmer,1.3\ChatDev_ProgramDev2_GPT4o_8_scored.json,1.3\ChatDev_ProgramDev2_GPT4o_8_scored.json;1.5\ChatDev_ProgramDev2_GPT4o_8_scored.json,2,"Write a CLI program to analyze a log file (e.g., Apache access log, system log). The user specifies the log file and a pattern (e.g., ERROR, 404). The tool should count and display lines containing the pattern."
0.9998414409961658,0.43552028599235904,2.9989608248573072e-09,ChatDev_ProgramDev2_GPT4o_8_scored.json,2,c2,17,17,CodeReviewModification,0,1.3,1.3;1.5,Programmer,1.3\ChatDev_ProgramDev2_GPT4o_8_scored.json,1.3\ChatDev_ProgramDev2_GPT4o_8_scored.json;1.5\ChatDev_ProgramDev2_GPT4o_8_scored.json,3,"Write a CLI program to analyze a log file (e.g., Apache access log, system log). The user specifies the log file and a pattern (e.g., ERROR, 404). The tool should count and display lines containing the pattern."
0.9997387313567133,0.39429264471856434,1.6052280551856116e-09,ChatDev_ProgramDev2_GPT4o_8_scored.json,3,c2,17,17,CodeReviewModification,0,1.3,1.3;1.5,Programmer,1.3\ChatDev_ProgramDev2_GPT4o_8_scored.json,1.3\ChatDev_ProgramDev2_GPT4o_8_scored.json;1.5\ChatDev_ProgramDev2_GPT4o_8_scored.json,4,"Write a CLI program to analyze a log file (e.g., Apache access log, system log). The user specifies the log file and a pattern (e.g., ERROR, 404). The tool should count and display lines containing the pattern."
0.9999981678676065,0.4358792746987203,2.510999155743982e-08,ChatDev_ProgramDev2_GPT4o_8_scored.json,0,c2,12,12,Coding,0,1.3,1.3;1.5,Programmer,1.3\ChatDev_ProgramDev2_GPT4o_8_scored.json,1.3\ChatDev_ProgramDev2_GPT4o_8_scored.json;1.5\ChatDev_ProgramDev2_GPT4o_8_scored.json,1,"Write a CLI program to analyze a log file (e.g., Apache access log, system log). The user specifies the log file and a pattern (e.g., ERROR, 404). The tool should count and display lines containing the pattern."
0.9999998675967278,0.4965349755407611,3.059023205018258e-07,ChatDev_ProgramDev2_GPT4o_8_scored.json,4,c2,4,4,EnvironmentDoc,0,1.3,1.3;1.5,Programmer,1.3\ChatDev_ProgramDev2_GPT4o_8_scored.json,1.3\ChatDev_ProgramDev2_GPT4o_8_scored.json;1.5\ChatDev_ProgramDev2_GPT4o_8_scored.json,5,"Write a CLI program to analyze a log file (e.g., Apache access log, system log). The user specifies the log file and a pattern (e.g., ERROR, 404). The tool should count and display lines containing the pattern."
0.9999997419468039,0.6412719317397727,0.0031726831078774057,ChatDev_ProgramDev2_GPT4o_91_scored.json,0,c2,4,4,Reflection,0,1.5,1.5,Chief Executive Officer,1.5\ChatDev_ProgramDev2_GPT4o_91_scored.json,1.5\ChatDev_ProgramDev2_GPT4o_91_scored.json,1,"Build a CLI cronjob generator. Provides a user-friendly way to create common cron job schedules (e.g., daily at 3 AM, every 15 minutes) and outputs the crontab line."
1.0,0.799816949251719,2.7535687796947383e-05,ChatDev_ProgramDev2_GPT4o_91_scored.json,0,c2,5,5,DemandAnalysis,0,1.5,1.5,Chief Product Officer,1.5\ChatDev_ProgramDev2_GPT4o_91_scored.json,1.5\ChatDev_ProgramDev2_GPT4o_91_scored.json,1,"Build a CLI cronjob generator. Provides a user-friendly way to create common cron job schedules (e.g., daily at 3 AM, every 15 minutes) and outputs the crontab line."
3.2241867372567335e-08,1.0747289124189112e-08,0.0,ChatDev_ProgramDev2_GPT4o_91_scored.json,1,c2,3,3,DemandAnalysis,0,1.5,1.5,Chief Product Officer,1.5\ChatDev_ProgramDev2_GPT4o_91_scored.json,1.5\ChatDev_ProgramDev2_GPT4o_91_scored.json,2,"Build a CLI cronjob generator. Provides a user-friendly way to create common cron job schedules (e.g., daily at 3 AM, every 15 minutes) and outputs the crontab line."
1.0,0.6666535117402151,5.602796437537268e-09,ChatDev_ProgramDev2_GPT4o_91_scored.json,2,c2,9,9,Manual,0,1.5,1.5,Chief Product Officer,1.5\ChatDev_ProgramDev2_GPT4o_91_scored.json,1.5\ChatDev_ProgramDev2_GPT4o_91_scored.json,3,"Build a CLI cronjob generator. Provides a user-friendly way to create common cron job schedules (e.g., daily at 3 AM, every 15 minutes) and outputs the crontab line."
0.9999998959770916,0.9999998959770916,0.9999998959770916,ChatDev_ProgramDev2_GPT4o_91_scored.json,0,c2,1,1,LanguageChoose,0,1.5,1.5,Chief Technology Officer,1.5\ChatDev_ProgramDev2_GPT4o_91_scored.json,1.5\ChatDev_ProgramDev2_GPT4o_91_scored.json,1,"Build a CLI cronjob generator. Provides a user-friendly way to create common cron job schedules (e.g., daily at 3 AM, every 15 minutes) and outputs the crontab line."
0.9999998978805934,0.7483594815343698,0.0001584362410990077,ChatDev_ProgramDev2_GPT4o_91_scored.json,0,c2,4,4,CodeReviewComment,0,1.5,1.5,Code Reviewer,1.5\ChatDev_ProgramDev2_GPT4o_91_scored.json,1.5\ChatDev_ProgramDev2_GPT4o_91_scored.json,1,"Build a CLI cronjob generator. Provides a user-friendly way to create common cron job schedules (e.g., daily at 3 AM, every 15 minutes) and outputs the crontab line."
0.8807969932215204,0.2630571074941148,0.0009110514045295695,ChatDev_ProgramDev2_GPT4o_91_scored.json,1,c2,8,8,CodeReviewComment,0,1.5,1.5,Code Reviewer,1.5\ChatDev_ProgramDev2_GPT4o_91_scored.json,1.5\ChatDev_ProgramDev2_GPT4o_91_scored.json,2,"Build a CLI cronjob generator. Provides a user-friendly way to create common cron job schedules (e.g., daily at 3 AM, every 15 minutes) and outputs the crontab line."
0.004070137939983506,0.0014359194091672835,4.78509457496562e-06,ChatDev_ProgramDev2_GPT4o_91_scored.json,2,c2,7,7,CodeReviewComment,0,1.5,1.5,Code Reviewer,1.5\ChatDev_ProgramDev2_GPT4o_91_scored.json,1.5\ChatDev_ProgramDev2_GPT4o_91_scored.json,3,"Build a CLI cronjob generator. Provides a user-friendly way to create common cron job schedules (e.g., daily at 3 AM, every 15 minutes) and outputs the crontab line."
0.9999998772899766,0.5320821060865686,1.522997974471263e-08,ChatDev_ProgramDev2_GPT4o_91_scored.json,1,c2,21,21,CodeReviewModification,0,1.5,1.5,Programmer,1.5\ChatDev_ProgramDev2_GPT4o_91_scored.json,1.5\ChatDev_ProgramDev2_GPT4o_91_scored.json,2,"Build a CLI cronjob generator. Provides a user-friendly way to create common cron job schedules (e.g., daily at 3 AM, every 15 minutes) and outputs the crontab line."
0.9984987945132215,0.29783122200405304,1.7603429545652396e-06,ChatDev_ProgramDev2_GPT4o_91_scored.json,2,c2,14,14,CodeReviewModification,0,1.5,1.5,Programmer,1.5\ChatDev_ProgramDev2_GPT4o_91_scored.json,1.5\ChatDev_ProgramDev2_GPT4o_91_scored.json,3,"Build a CLI cronjob generator. Provides a user-friendly way to create common cron job schedules (e.g., daily at 3 AM, every 15 minutes) and outputs the crontab line."
0.9859363710391911,0.14859080815176598,4.539785156619626e-05,ChatDev_ProgramDev2_GPT4o_91_scored.json,3,c2,19,19,CodeReviewModification,0,1.5,1.5,Programmer,1.5\ChatDev_ProgramDev2_GPT4o_91_scored.json,1.5\ChatDev_ProgramDev2_GPT4o_91_scored.json,4,"Build a CLI cronjob generator. Provides a user-friendly way to create common cron job schedules (e.g., daily at 3 AM, every 15 minutes) and outputs the crontab line."
0.95257415531961,0.1689868967404574,3.7266389560521204e-06,ChatDev_ProgramDev2_GPT4o_91_scored.json,0,c2,18,18,Coding,0,1.5,1.5,Programmer,1.5\ChatDev_ProgramDev2_GPT4o_91_scored.json,1.5\ChatDev_ProgramDev2_GPT4o_91_scored.json,1,"Build a CLI cronjob generator. Provides a user-friendly way to create common cron job schedules (e.g., daily at 3 AM, every 15 minutes) and outputs the crontab line."
0.9999998409036234,0.9999316370275111,0.9996645361891097,ChatDev_ProgramDev2_GPT4o_91_scored.json,4,c2,5,5,EnvironmentDoc,0,1.5,1.5,Programmer,1.5\ChatDev_ProgramDev2_GPT4o_91_scored.json,1.5\ChatDev_ProgramDev2_GPT4o_91_scored.json,5,"Build a CLI cronjob generator. Provides a user-friendly way to create common cron job schedules (e.g., daily at 3 AM, every 15 minutes) and outputs the crontab line."
1.0,0.99725154575539,0.9890129394384499,ChatDev_ProgramDev2_GPT4o_92_scored.json,0,c2,4,4,Reflection,0,1.3,1.3;1.5,Chief Executive Officer,1.3\ChatDev_ProgramDev2_GPT4o_92_scored.json,1.3\ChatDev_ProgramDev2_GPT4o_92_scored.json;1.5\ChatDev_ProgramDev2_GPT4o_92_scored.json,1,Write a CLI utility to add line numbers to a text file. The output can be to a new file or standard output.
0.99999988555055,0.6619794859745359,2.2603250957489616e-06,ChatDev_ProgramDev2_GPT4o_92_scored.json,0,c2,3,3,DemandAnalysis,0,1.3,1.3;1.5,Chief Product Officer,1.3\ChatDev_ProgramDev2_GPT4o_92_scored.json,1.3\ChatDev_ProgramDev2_GPT4o_92_scored.json;1.5\ChatDev_ProgramDev2_GPT4o_92_scored.json,1,Write a CLI utility to add line numbers to a text file. The output can be to a new file or standard output.
0.9995693613520321,0.666022724976007,0.0,ChatDev_ProgramDev2_GPT4o_92_scored.json,1,c2,3,3,DemandAnalysis,0,1.3,1.3;1.5,Chief Product Officer,1.3\ChatDev_ProgramDev2_GPT4o_92_scored.json,1.3\ChatDev_ProgramDev2_GPT4o_92_scored.json;1.5\ChatDev_ProgramDev2_GPT4o_92_scored.json,2,Write a CLI utility to add line numbers to a text file. The output can be to a new file or standard output.
0.9999998545491624,0.9999998545491624,0.9999998545491624,ChatDev_ProgramDev2_GPT4o_92_scored.json,2,c2,1,1,DemandAnalysis,0,1.3,1.3;1.5,Chief Product Officer,1.3\ChatDev_ProgramDev2_GPT4o_92_scored.json,1.3\ChatDev_ProgramDev2_GPT4o_92_scored.json;1.5\ChatDev_ProgramDev2_GPT4o_92_scored.json,3,Write a CLI utility to add line numbers to a text file. The output can be to a new file or standard output.
1.0,0.809611301333808,8.764248219443636e-08,ChatDev_ProgramDev2_GPT4o_92_scored.json,3,c2,12,12,Manual,0,1.3,1.3;1.5,Chief Product Officer,1.3\ChatDev_ProgramDev2_GPT4o_92_scored.json,1.3\ChatDev_ProgramDev2_GPT4o_92_scored.json;1.5\ChatDev_ProgramDev2_GPT4o_92_scored.json,4,Write a CLI utility to add line numbers to a text file. The output can be to a new file or standard output.
0.9968273218837016,0.9968273218837016,0.9968273218837016,ChatDev_ProgramDev2_GPT4o_92_scored.json,0,c2,1,1,LanguageChoose,0,1.3,1.3;1.5,Chief Technology Officer,1.3\ChatDev_ProgramDev2_GPT4o_92_scored.json,1.3\ChatDev_ProgramDev2_GPT4o_92_scored.json;1.5\ChatDev_ProgramDev2_GPT4o_92_scored.json,1,Write a CLI utility to add line numbers to a text file. The output can be to a new file or standard output.
0.962673043405458,0.3735862370878179,4.539785156619626e-05,ChatDev_ProgramDev2_GPT4o_92_scored.json,0,c2,8,8,CodeReviewComment,0,1.3,1.3;1.5,Code Reviewer,1.3\ChatDev_ProgramDev2_GPT4o_92_scored.json,1.3\ChatDev_ProgramDev2_GPT4o_92_scored.json;1.5\ChatDev_ProgramDev2_GPT4o_92_scored.json,1,Write a CLI utility to add line numbers to a text file. The output can be to a new file or standard output.
0.18242555362587268,0.18242555362587268,0.18242555362587268,ChatDev_ProgramDev2_GPT4o_92_scored.json,1,c2,1,1,CodeReviewComment,0,1.3,1.3;1.5,Code Reviewer,1.3\ChatDev_ProgramDev2_GPT4o_92_scored.json,1.3\ChatDev_ProgramDev2_GPT4o_92_scored.json;1.5\ChatDev_ProgramDev2_GPT4o_92_scored.json,2,Write a CLI utility to add line numbers to a text file. The output can be to a new file or standard output.
0.18242555362587268,0.18242555362587268,0.18242555362587268,ChatDev_ProgramDev2_GPT4o_92_scored.json,2,c2,1,1,CodeReviewComment,0,1.3,1.3;1.5,Code Reviewer,1.3\ChatDev_ProgramDev2_GPT4o_92_scored.json,1.3\ChatDev_ProgramDev2_GPT4o_92_scored.json;1.5\ChatDev_ProgramDev2_GPT4o_92_scored.json,3,Write a CLI utility to add line numbers to a text file. The output can be to a new file or standard output.
1.0,0.9663267777932987,0.6791787370791151,ChatDev_ProgramDev2_GPT4o_92_scored.json,1,c2,14,14,CodeReviewModification,0,1.3,1.3;1.5,Programmer,1.3\ChatDev_ProgramDev2_GPT4o_92_scored.json,1.3\ChatDev_ProgramDev2_GPT4o_92_scored.json;1.5\ChatDev_ProgramDev2_GPT4o_92_scored.json,2,Write a CLI utility to add line numbers to a text file. The output can be to a new file or standard output.
0.9999998860671814,0.7159125291912508,1.186112015134383e-08,ChatDev_ProgramDev2_GPT4o_92_scored.json,2,c2,12,12,CodeReviewModification,0,1.3,1.3;1.5,Programmer,1.3\ChatDev_ProgramDev2_GPT4o_92_scored.json,1.3\ChatDev_ProgramDev2_GPT4o_92_scored.json;1.5\ChatDev_ProgramDev2_GPT4o_92_scored.json,3,Write a CLI utility to add line numbers to a text file. The output can be to a new file or standard output.
1.0,0.7206300510042772,6.34880011604368e-09,ChatDev_ProgramDev2_GPT4o_92_scored.json,3,c2,10,10,CodeReviewModification,0,1.3,1.3;1.5,Programmer,1.3\ChatDev_ProgramDev2_GPT4o_92_scored.json,1.3\ChatDev_ProgramDev2_GPT4o_92_scored.json;1.5\ChatDev_ProgramDev2_GPT4o_92_scored.json,4,Write a CLI utility to add line numbers to a text file. The output can be to a new file or standard output.
0.9999998700279373,0.6512530086512223,1.8553913626159784e-07,ChatDev_ProgramDev2_GPT4o_92_scored.json,0,c2,10,10,Coding,0,1.3,1.3;1.5,Programmer,1.3\ChatDev_ProgramDev2_GPT4o_92_scored.json,1.3\ChatDev_ProgramDev2_GPT4o_92_scored.json;1.5\ChatDev_ProgramDev2_GPT4o_92_scored.json,1,Write a CLI utility to add line numbers to a text file. The output can be to a new file or standard output.
0.9999998437402718,0.9327633721243537,0.731058609991648,ChatDev_ProgramDev2_GPT4o_92_scored.json,4,c2,4,4,EnvironmentDoc,0,1.3,1.3;1.5,Programmer,1.3\ChatDev_ProgramDev2_GPT4o_92_scored.json,1.3\ChatDev_ProgramDev2_GPT4o_92_scored.json;1.5\ChatDev_ProgramDev2_GPT4o_92_scored.json,5,Write a CLI utility to add line numbers to a text file. The output can be to a new file or standard output.
0.999999875401659,0.8613471884174067,0.3208213362911397,ChatDev_ProgramDev2_GPT4o_94_scored.json,0,c2,5,5,Reflection,0,1.3,1.3;1.5,Chief Executive Officer,1.3\ChatDev_ProgramDev2_GPT4o_94_scored.json,1.3\ChatDev_ProgramDev2_GPT4o_94_scored.json;1.5\ChatDev_ProgramDev2_GPT4o_94_scored.json,1,Develop a CLI program to extract specific columns from a CSV or space-delimited text file. User specifies column numbers or headers.
1.0,0.6658445001186784,6.144171336422507e-06,ChatDev_ProgramDev2_GPT4o_94_scored.json,0,c2,3,3,DemandAnalysis,0,1.3,1.3;1.5,Chief Product Officer,1.3\ChatDev_ProgramDev2_GPT4o_94_scored.json,1.3\ChatDev_ProgramDev2_GPT4o_94_scored.json;1.5\ChatDev_ProgramDev2_GPT4o_94_scored.json,1,Develop a CLI program to extract specific columns from a CSV or space-delimited text file. User specifies column numbers or headers.
1.8553913626159784e-07,1.0254740867472417e-07,1.9555681087850496e-08,ChatDev_ProgramDev2_GPT4o_94_scored.json,1,c2,2,2,DemandAnalysis,0,1.3,1.3;1.5,Chief Product Officer,1.3\ChatDev_ProgramDev2_GPT4o_94_scored.json,1.3\ChatDev_ProgramDev2_GPT4o_94_scored.json;1.5\ChatDev_ProgramDev2_GPT4o_94_scored.json,2,Develop a CLI program to extract specific columns from a CSV or space-delimited text file. User specifies column numbers or headers.
1.0,0.7334756498512889,1.103256032343554e-09,ChatDev_ProgramDev2_GPT4o_94_scored.json,2,c2,15,15,Manual,0,1.3,1.3;1.5,Chief Product Officer,1.3\ChatDev_ProgramDev2_GPT4o_94_scored.json,1.3\ChatDev_ProgramDev2_GPT4o_94_scored.json;1.5\ChatDev_ProgramDev2_GPT4o_94_scored.json,3,Develop a CLI program to extract specific columns from a CSV or space-delimited text file. User specifies column numbers or headers.
0.99999988484326,0.99999988484326,0.99999988484326,ChatDev_ProgramDev2_GPT4o_94_scored.json,0,c2,1,1,LanguageChoose,0,1.3,1.3;1.5,Chief Technology Officer,1.3\ChatDev_ProgramDev2_GPT4o_94_scored.json,1.3\ChatDev_ProgramDev2_GPT4o_94_scored.json;1.5\ChatDev_ProgramDev2_GPT4o_94_scored.json,1,Develop a CLI program to extract specific columns from a CSV or space-delimited text file. User specifies column numbers or headers.
0.9975273972025447,0.9975273972025447,0.9975273972025447,ChatDev_ProgramDev2_GPT4o_94_scored.json,1,c2,1,1,LanguageChoose,0,1.3,1.3;1.5,Chief Technology Officer,1.3\ChatDev_ProgramDev2_GPT4o_94_scored.json,1.3\ChatDev_ProgramDev2_GPT4o_94_scored.json;1.5\ChatDev_ProgramDev2_GPT4o_94_scored.json,2,Develop a CLI program to extract specific columns from a CSV or space-delimited text file. User specifies column numbers or headers.
0.9999998769789961,0.7991859397767087,0.4378235256130837,ChatDev_ProgramDev2_GPT4o_94_scored.json,0,c2,5,5,CodeReviewComment,0,1.3,1.3;1.5,Code Reviewer,1.3\ChatDev_ProgramDev2_GPT4o_94_scored.json,1.3\ChatDev_ProgramDev2_GPT4o_94_scored.json;1.5\ChatDev_ProgramDev2_GPT4o_94_scored.json,1,Develop a CLI program to extract specific columns from a CSV or space-delimited text file. User specifies column numbers or headers.
0.9999998497938857,0.9937774317555021,0.9626730247069031,ChatDev_ProgramDev2_GPT4o_94_scored.json,1,c2,6,6,CodeReviewComment,0,1.3,1.3;1.5,Code Reviewer,1.3\ChatDev_ProgramDev2_GPT4o_94_scored.json,1.3\ChatDev_ProgramDev2_GPT4o_94_scored.json;1.5\ChatDev_ProgramDev2_GPT4o_94_scored.json,2,Develop a CLI program to extract specific columns from a CSV or space-delimited text file. User specifies column numbers or headers.
0.32082130526509023,0.10536264460400127,0.0001584362410990077,ChatDev_ProgramDev2_GPT4o_94_scored.json,2,c2,5,5,CodeReviewComment,0,1.3,1.3;1.5,Code Reviewer,1.3\ChatDev_ProgramDev2_GPT4o_94_scored.json,1.3\ChatDev_ProgramDev2_GPT4o_94_scored.json;1.5\ChatDev_ProgramDev2_GPT4o_94_scored.json,3,Develop a CLI program to extract specific columns from a CSV or space-delimited text file. User specifies column numbers or headers.
0.9975273142973302,0.14449396901876113,1.7257827987960214e-08,ChatDev_ProgramDev2_GPT4o_94_scored.json,1,c2,14,14,CodeReviewModification,0,1.3,1.3;1.5,Programmer,1.3\ChatDev_ProgramDev2_GPT4o_94_scored.json,1.3\ChatDev_ProgramDev2_GPT4o_94_scored.json;1.5\ChatDev_ProgramDev2_GPT4o_94_scored.json,2,Develop a CLI program to extract specific columns from a CSV or space-delimited text file. User specifies column numbers or headers.
0.9999998868993032,0.7509324946750165,0.0001233946226544279,ChatDev_ProgramDev2_GPT4o_94_scored.json,2,c2,19,19,CodeReviewModification,0,1.3,1.3;1.5,Programmer,1.3\ChatDev_ProgramDev2_GPT4o_94_scored.json,1.3\ChatDev_ProgramDev2_GPT4o_94_scored.json;1.5\ChatDev_ProgramDev2_GPT4o_94_scored.json,3,Develop a CLI program to extract specific columns from a CSV or space-delimited text file. User specifies column numbers or headers.
1.0,0.6946948328154021,3.398267819495071e-09,ChatDev_ProgramDev2_GPT4o_94_scored.json,3,c2,16,16,CodeReviewModification,0,1.3,1.3;1.5,Programmer,1.3\ChatDev_ProgramDev2_GPT4o_94_scored.json,1.3\ChatDev_ProgramDev2_GPT4o_94_scored.json;1.5\ChatDev_ProgramDev2_GPT4o_94_scored.json,4,Develop a CLI program to extract specific columns from a CSV or space-delimited text file. User specifies column numbers or headers.
0.9999998405669868,0.8367501883324561,0.1192029258996599,ChatDev_ProgramDev2_GPT4o_94_scored.json,0,c2,17,17,Coding,0,1.3,1.3;1.5,Programmer,1.3\ChatDev_ProgramDev2_GPT4o_94_scored.json,1.3\ChatDev_ProgramDev2_GPT4o_94_scored.json;1.5\ChatDev_ProgramDev2_GPT4o_94_scored.json,1,Develop a CLI program to extract specific columns from a CSV or space-delimited text file. User specifies column numbers or headers.
0.9999994968172065,0.999707702673831,0.9992902640572576,ChatDev_ProgramDev2_GPT4o_94_scored.json,4,c2,4,4,EnvironmentDoc,0,1.3,1.3;1.5,Programmer,1.3\ChatDev_ProgramDev2_GPT4o_94_scored.json,1.3\ChatDev_ProgramDev2_GPT4o_94_scored.json;1.5\ChatDev_ProgramDev2_GPT4o_94_scored.json,5,Develop a CLI program to extract specific columns from a CSV or space-delimited text file. User specifies column numbers or headers.
0.9999998775637733,0.4993818669857078,2.215948977336598e-08,ChatDev_ProgramDev2_GPT4o_98_scored.json,0,c2,4,4,DemandAnalysis,0,1.3,1.3;1.5,Chief Product Officer,1.3\ChatDev_ProgramDev2_GPT4o_98_scored.json,1.3\ChatDev_ProgramDev2_GPT4o_98_scored.json;1.5\ChatDev_ProgramDev2_GPT4o_98_scored.json,1,Develop a CLI tool that generates a Markdown table from a CSV file input. The first row of the CSV is treated as the header.
0.999999243727636,0.399765928397663,0.0,ChatDev_ProgramDev2_GPT4o_98_scored.json,1,c2,5,5,DemandAnalysis,0,1.3,1.3;1.5,Chief Product Officer,1.3\ChatDev_ProgramDev2_GPT4o_98_scored.json,1.3\ChatDev_ProgramDev2_GPT4o_98_scored.json;1.5\ChatDev_ProgramDev2_GPT4o_98_scored.json,2,Develop a CLI tool that generates a Markdown table from a CSV file input. The first row of the CSV is treated as the header.
1.0,0.5919301102172866,0.0,ChatDev_ProgramDev2_GPT4o_98_scored.json,2,c2,16,16,Manual,0,1.3,1.3;1.5,Chief Product Officer,1.3\ChatDev_ProgramDev2_GPT4o_98_scored.json,1.3\ChatDev_ProgramDev2_GPT4o_98_scored.json;1.5\ChatDev_ProgramDev2_GPT4o_98_scored.json,3,Develop a CLI tool that generates a Markdown table from a CSV file input. The first row of the CSV is treated as the header.
0.9999998689587007,0.9999998689587007,0.9999998689587007,ChatDev_ProgramDev2_GPT4o_98_scored.json,0,c2,1,1,LanguageChoose,0,1.3,1.3;1.5,Chief Technology Officer,1.3\ChatDev_ProgramDev2_GPT4o_98_scored.json,1.3\ChatDev_ProgramDev2_GPT4o_98_scored.json;1.5\ChatDev_ProgramDev2_GPT4o_98_scored.json,1,Develop a CLI tool that generates a Markdown table from a CSV file input. The first row of the CSV is treated as the header.
0.9999998611504499,0.5999997307107364,0.0,ChatDev_ProgramDev2_GPT4o_98_scored.json,0,c2,5,5,CodeReviewComment,0,1.3,1.3;1.5,Code Reviewer,1.3\ChatDev_ProgramDev2_GPT4o_98_scored.json,1.3\ChatDev_ProgramDev2_GPT4o_98_scored.json;1.5\ChatDev_ProgramDev2_GPT4o_98_scored.json,1,Develop a CLI tool that generates a Markdown table from a CSV file input. The first row of the CSV is treated as the header.
0.0031726831078774057,0.0031726831078774057,0.0031726831078774057,ChatDev_ProgramDev2_GPT4o_98_scored.json,1,c2,1,1,CodeReviewComment,0,1.3,1.3;1.5,Code Reviewer,1.3\ChatDev_ProgramDev2_GPT4o_98_scored.json,1.3\ChatDev_ProgramDev2_GPT4o_98_scored.json;1.5\ChatDev_ProgramDev2_GPT4o_98_scored.json,2,Develop a CLI tool that generates a Markdown table from a CSV file input. The first row of the CSV is treated as the header.
0.002472623024627213,0.002472623024627213,0.002472623024627213,ChatDev_ProgramDev2_GPT4o_98_scored.json,2,c2,1,1,CodeReviewComment,0,1.3,1.3;1.5,Code Reviewer,1.3\ChatDev_ProgramDev2_GPT4o_98_scored.json,1.3\ChatDev_ProgramDev2_GPT4o_98_scored.json;1.5\ChatDev_ProgramDev2_GPT4o_98_scored.json,3,Develop a CLI tool that generates a Markdown table from a CSV file input. The first row of the CSV is treated as the header.
1.0,0.6665115747639603,7.194133030325383e-09,ChatDev_ProgramDev2_GPT4o_98_scored.json,1,c2,12,12,CodeReviewModification,0,1.3,1.3;1.5,Programmer,1.3\ChatDev_ProgramDev2_GPT4o_98_scored.json,1.3\ChatDev_ProgramDev2_GPT4o_98_scored.json;1.5\ChatDev_ProgramDev2_GPT4o_98_scored.json,2,Develop a CLI tool that generates a Markdown table from a CSV file input. The first row of the CSV is treated as the header.
0.9999998769789961,0.9533773110648651,0.14804723268804668,ChatDev_ProgramDev2_GPT4o_98_scored.json,2,c2,20,20,CodeReviewModification,0,1.3,1.3;1.5,Programmer,1.3\ChatDev_ProgramDev2_GPT4o_98_scored.json,1.3\ChatDev_ProgramDev2_GPT4o_98_scored.json;1.5\ChatDev_ProgramDev2_GPT4o_98_scored.json,3,Develop a CLI tool that generates a Markdown table from a CSV file input. The first row of the CSV is treated as the header.
0.9999998860671814,0.9235614575704302,7.484619074298232e-05,ChatDev_ProgramDev2_GPT4o_98_scored.json,3,c2,20,20,CodeReviewModification,0,1.3,1.3;1.5,Programmer,1.3\ChatDev_ProgramDev2_GPT4o_98_scored.json,1.3\ChatDev_ProgramDev2_GPT4o_98_scored.json;1.5\ChatDev_ProgramDev2_GPT4o_98_scored.json,4,Develop a CLI tool that generates a Markdown table from a CSV file input. The first row of the CSV is treated as the header.
0.9999998615076946,0.7687200793642418,0.00857748616990274,ChatDev_ProgramDev2_GPT4o_98_scored.json,0,c2,10,10,Coding,0,1.3,1.3;1.5,Programmer,1.3\ChatDev_ProgramDev2_GPT4o_98_scored.json,1.3\ChatDev_ProgramDev2_GPT4o_98_scored.json;1.5\ChatDev_ProgramDev2_GPT4o_98_scored.json,1,Develop a CLI tool that generates a Markdown table from a CSV file input. The first row of the CSV is treated as the header.
0.9999998673813637,0.2256178989376977,0.001501181950907551,ChatDev_ProgramDev2_GPT4o_98_scored.json,4,c2,5,5,EnvironmentDoc,0,1.3,1.3;1.5,Programmer,1.3\ChatDev_ProgramDev2_GPT4o_98_scored.json,1.3\ChatDev_ProgramDev2_GPT4o_98_scored.json;1.5\ChatDev_ProgramDev2_GPT4o_98_scored.json,5,Develop a CLI tool that generates a Markdown table from a CSV file input. The first row of the CSV is treated as the header.
0.9999997305902396,0.6871357648410994,0.0019267342527389902,ChatDev_ProgramDev2_GPT4o_98_scored.json,5,c2,5,5,EnvironmentDoc,0,1.3,1.3;1.5,Programmer,1.3\ChatDev_ProgramDev2_GPT4o_98_scored.json,1.3\ChatDev_ProgramDev2_GPT4o_98_scored.json;1.5\ChatDev_ProgramDev2_GPT4o_98_scored.json,6,Develop a CLI tool that generates a Markdown table from a CSV file input. The first row of the CSV is treated as the header.
0.9999998682314354,0.5002763233790044,0.0005527785265734312,ChatDev_ProgramDev_GPT4o_7_scored.json,0,c2,2,2,Reflection,0,1.3,1.3,Chief Executive Officer,1.3\ChatDev_ProgramDev_GPT4o_7_scored.json,1.3\ChatDev_ProgramDev_GPT4o_7_scored.json,1,"Develop a standard Gomoku game. Implement it on a typical 15x15 board, where two players alternate placing black or white stones. A player wins by forming an unbroken row of five stones horizontally, vertically, or diagonally."
0.9999998557871298,0.9999921742931628,0.9999784955379702,ChatDev_ProgramDev_GPT4o_7_scored.json,0,c2,3,3,DemandAnalysis,0,1.3,1.3,Chief Product Officer,1.3\ChatDev_ProgramDev_GPT4o_7_scored.json,1.3\ChatDev_ProgramDev_GPT4o_7_scored.json,1,"Develop a standard Gomoku game. Implement it on a typical 15x15 board, where two players alternate placing black or white stones. A player wins by forming an unbroken row of five stones horizontally, vertically, or diagonally."
1.0,0.9992025426875049,0.996827293221667,ChatDev_ProgramDev_GPT4o_7_scored.json,1,c2,4,4,DemandAnalysis,0,1.3,1.3,Chief Product Officer,1.3\ChatDev_ProgramDev_GPT4o_7_scored.json,1.3\ChatDev_ProgramDev_GPT4o_7_scored.json,2,"Develop a standard Gomoku game. Implement it on a typical 15x15 board, where two players alternate placing black or white stones. A player wins by forming an unbroken row of five stones horizontally, vertically, or diagonally."
0.9999998853368164,0.5760638625292438,4.363462252943702e-09,ChatDev_ProgramDev_GPT4o_7_scored.json,2,c2,13,13,Manual,0,1.3,1.3,Chief Product Officer,1.3\ChatDev_ProgramDev_GPT4o_7_scored.json,1.3\ChatDev_ProgramDev_GPT4o_7_scored.json,3,"Develop a standard Gomoku game. Implement it on a typical 15x15 board, where two players alternate placing black or white stones. A player wins by forming an unbroken row of five stones horizontally, vertically, or diagonally."
0.9999998956473242,0.9999998956473242,0.9999998956473242,ChatDev_ProgramDev_GPT4o_7_scored.json,0,c2,1,1,LanguageChoose,0,1.3,1.3,Chief Technology Officer,1.3\ChatDev_ProgramDev_GPT4o_7_scored.json,1.3\ChatDev_ProgramDev_GPT4o_7_scored.json,1,"Develop a standard Gomoku game. Implement it on a typical 15x15 board, where two players alternate placing black or white stones. A player wins by forming an unbroken row of five stones horizontally, vertically, or diagonally."
0.679178745040062,0.679178745040062,0.679178745040062,ChatDev_ProgramDev_GPT4o_7_scored.json,0,c2,1,1,CodeReviewComment,0,1.3,1.3,Code Reviewer,1.3\ChatDev_ProgramDev_GPT4o_7_scored.json,1.3\ChatDev_ProgramDev_GPT4o_7_scored.json,1,"Develop a standard Gomoku game. Implement it on a typical 15x15 board, where two players alternate placing black or white stones. A player wins by forming an unbroken row of five stones horizontally, vertically, or diagonally."
0.9984987492516159,0.9984987492516159,0.9984987492516159,ChatDev_ProgramDev_GPT4o_7_scored.json,1,c2,1,1,CodeReviewComment,0,1.3,1.3,Code Reviewer,1.3\ChatDev_ProgramDev_GPT4o_7_scored.json,1.3\ChatDev_ProgramDev_GPT4o_7_scored.json,2,"Develop a standard Gomoku game. Implement it on a typical 15x15 board, where two players alternate placing black or white stones. A player wins by forming an unbroken row of five stones horizontally, vertically, or diagonally."
0.9997387541595538,0.7779577708714831,3.535625324942473e-05,ChatDev_ProgramDev_GPT4o_7_scored.json,2,c2,5,5,CodeReviewComment,0,1.3,1.3,Code Reviewer,1.3\ChatDev_ProgramDev_GPT4o_7_scored.json,1.3\ChatDev_ProgramDev_GPT4o_7_scored.json,3,"Develop a standard Gomoku game. Implement it on a typical 15x15 board, where two players alternate placing black or white stones. A player wins by forming an unbroken row of five stones horizontally, vertically, or diagonally."
0.999999887351782,0.7865621215150217,0.0001233946226544279,ChatDev_ProgramDev_GPT4o_7_scored.json,1,c2,23,23,CodeReviewModification,0,1.3,1.3,Programmer,1.3\ChatDev_ProgramDev_GPT4o_7_scored.json,1.3\ChatDev_ProgramDev_GPT4o_7_scored.json,2,"Develop a standard Gomoku game. Implement it on a typical 15x15 board, where two players alternate placing black or white stones. A player wins by forming an unbroken row of five stones horizontally, vertically, or diagonally."
0.9999999248344396,0.8415494221670697,0.00020342704214340812,ChatDev_ProgramDev_GPT4o_7_scored.json,2,c2,23,23,CodeReviewModification,0,1.3,1.3,Programmer,1.3\ChatDev_ProgramDev_GPT4o_7_scored.json,1.3\ChatDev_ProgramDev_GPT4o_7_scored.json,3,"Develop a standard Gomoku game. Implement it on a typical 15x15 board, where two players alternate placing black or white stones. A player wins by forming an unbroken row of five stones horizontally, vertically, or diagonally."
1.0,0.2644364265617681,4.363462252943702e-09,ChatDev_ProgramDev_GPT4o_7_scored.json,3,c2,26,26,CodeReviewModification,0,1.3,1.3,Programmer,1.3\ChatDev_ProgramDev_GPT4o_7_scored.json,1.3\ChatDev_ProgramDev_GPT4o_7_scored.json,4,"Develop a standard Gomoku game. Implement it on a typical 15x15 board, where two players alternate placing black or white stones. A player wins by forming an unbroken row of five stones horizontally, vertically, or diagonally."
1.0,0.8270466059629229,9.610239492660866e-05,ChatDev_ProgramDev_GPT4o_7_scored.json,0,c2,20,20,Coding,0,1.3,1.3,Programmer,1.3\ChatDev_ProgramDev_GPT4o_7_scored.json,1.3\ChatDev_ProgramDev_GPT4o_7_scored.json,1,"Develop a standard Gomoku game. Implement it on a typical 15x15 board, where two players alternate placing black or white stones. A player wins by forming an unbroken row of five stones horizontally, vertically, or diagonally."
0.9999998361057993,0.9999915562624465,0.9999832764190937,ChatDev_ProgramDev_GPT4o_7_scored.json,4,c2,2,2,EnvironmentDoc,0,1.3,1.3,Programmer,1.3\ChatDev_ProgramDev_GPT4o_7_scored.json,1.3\ChatDev_ProgramDev_GPT4o_7_scored.json,5,"Develop a standard Gomoku game. Implement it on a typical 15x15 board, where two players alternate placing black or white stones. A player wins by forming an unbroken row of five stones horizontally, vertically, or diagonally."
0.9999998958488131,0.8540587596251292,0.5621765385952616,ChatDev_ProgramDev_GPT4o_8_scored.json,0,c2,3,3,DemandAnalysis,0,1.3,1.3;1.5,Chief Product Officer,1.3\ChatDev_ProgramDev_GPT4o_8_scored.json,1.3\ChatDev_ProgramDev_GPT4o_8_scored.json;1.5\ChatDev_ProgramDev_GPT4o_8_scored.json,1,"Design a chess game, allowing two players to take turns and determining the winner. It should be playable from Linux Terminal, and does not require me to access a dedicated UX or GUI platform, i.e. print the results on terminal at each stage and let me play it there by entering inputs (formal chess notation such as Ke8). Include standard chess features like castling, en passant, and pawn promotion. Enforce check and checkmate rules."
0.9999998764623647,0.4999999944987697,1.1253517471925912e-07,ChatDev_ProgramDev_GPT4o_8_scored.json,1,c2,2,2,DemandAnalysis,0,1.3,1.3;1.5,Chief Product Officer,1.3\ChatDev_ProgramDev_GPT4o_8_scored.json,1.3\ChatDev_ProgramDev_GPT4o_8_scored.json;1.5\ChatDev_ProgramDev_GPT4o_8_scored.json,2,"Design a chess game, allowing two players to take turns and determining the winner. It should be playable from Linux Terminal, and does not require me to access a dedicated UX or GUI platform, i.e. print the results on terminal at each stage and let me play it there by entering inputs (formal chess notation such as Ke8). Include standard chess features like castling, en passant, and pawn promotion. Enforce check and checkmate rules."
1.0,0.6455684117898228,5.905303998944039e-10,ChatDev_ProgramDev_GPT4o_8_scored.json,2,c2,21,21,Manual,0,1.3,1.3;1.5,Chief Product Officer,1.3\ChatDev_ProgramDev_GPT4o_8_scored.json,1.3\ChatDev_ProgramDev_GPT4o_8_scored.json;1.5\ChatDev_ProgramDev_GPT4o_8_scored.json,3,"Design a chess game, allowing two players to take turns and determining the winner. It should be playable from Linux Terminal, and does not require me to access a dedicated UX or GUI platform, i.e. print the results on terminal at each stage and let me play it there by entering inputs (formal chess notation such as Ke8). Include standard chess features like castling, en passant, and pawn promotion. Enforce check and checkmate rules."
0.9999998621224395,0.9999998621224395,0.9999998621224395,ChatDev_ProgramDev_GPT4o_8_scored.json,0,c2,1,1,LanguageChoose,0,1.3,1.3;1.5,Chief Technology Officer,1.3\ChatDev_ProgramDev_GPT4o_8_scored.json,1.3\ChatDev_ProgramDev_GPT4o_8_scored.json;1.5\ChatDev_ProgramDev_GPT4o_8_scored.json,1,"Design a chess game, allowing two players to take turns and determining the winner. It should be playable from Linux Terminal, and does not require me to access a dedicated UX or GUI platform, i.e. print the results on terminal at each stage and let me play it there by entering inputs (formal chess notation such as Ke8). Include standard chess features like castling, en passant, and pawn promotion. Enforce check and checkmate rules."
0.9999989008884079,0.7249303645146032,9.237449661970594e-09,ChatDev_ProgramDev_GPT4o_8_scored.json,0,c2,9,9,CodeReviewComment,0,1.3,1.3;1.5,Code Reviewer,1.3\ChatDev_ProgramDev_GPT4o_8_scored.json,1.3\ChatDev_ProgramDev_GPT4o_8_scored.json;1.5\ChatDev_ProgramDev_GPT4o_8_scored.json,1,"Design a chess game, allowing two players to take turns and determining the winner. It should be playable from Linux Terminal, and does not require me to access a dedicated UX or GUI platform, i.e. print the results on terminal at each stage and let me play it there by entering inputs (formal chess notation such as Ke8). Include standard chess features like castling, en passant, and pawn promotion. Enforce check and checkmate rules."
0.9999976944943337,0.9095312837670265,6.023573837886479e-08,ChatDev_ProgramDev_GPT4o_8_scored.json,1,c2,12,12,CodeReviewComment,0,1.3,1.3;1.5,Code Reviewer,1.3\ChatDev_ProgramDev_GPT4o_8_scored.json,1.3\ChatDev_ProgramDev_GPT4o_8_scored.json;1.5\ChatDev_ProgramDev_GPT4o_8_scored.json,2,"Design a chess game, allowing two players to take turns and determining the winner. It should be playable from Linux Terminal, and does not require me to access a dedicated UX or GUI platform, i.e. print the results on terminal at each stage and let me play it there by entering inputs (formal chess notation such as Ke8). Include standard chess features like castling, en passant, and pawn promotion. Enforce check and checkmate rules."
0.999999861277098,0.8412506948127549,1.3007123989067183e-05,ChatDev_ProgramDev_GPT4o_8_scored.json,2,c2,12,12,CodeReviewComment,0,1.3,1.3;1.5,Code Reviewer,1.3\ChatDev_ProgramDev_GPT4o_8_scored.json,1.3\ChatDev_ProgramDev_GPT4o_8_scored.json;1.5\ChatDev_ProgramDev_GPT4o_8_scored.json,3,"Design a chess game, allowing two players to take turns and determining the winner. It should be playable from Linux Terminal, and does not require me to access a dedicated UX or GUI platform, i.e. print the results on terminal at each stage and let me play it there by entering inputs (formal chess notation such as Ke8). Include standard chess features like castling, en passant, and pawn promotion. Enforce check and checkmate rules."
0.06008665559535436,0.005673584687978537,3.6534822137210456e-08,ChatDev_ProgramDev_GPT4o_8_scored.json,1,c2,26,26,CodeReviewModification,0,1.3,1.3;1.5,Programmer,1.3\ChatDev_ProgramDev_GPT4o_8_scored.json,1.3\ChatDev_ProgramDev_GPT4o_8_scored.json;1.5\ChatDev_ProgramDev_GPT4o_8_scored.json,2,"Design a chess game, allowing two players to take turns and determining the winner. It should be playable from Linux Terminal, and does not require me to access a dedicated UX or GUI platform, i.e. print the results on terminal at each stage and let me play it there by entering inputs (formal chess notation such as Ke8). Include standard chess features like castling, en passant, and pawn promotion. Enforce check and checkmate rules."
0.0758581781348987,0.00885375448655817,3.398267819495071e-09,ChatDev_ProgramDev_GPT4o_8_scored.json,2,c2,23,23,CodeReviewModification,0,1.3,1.3;1.5,Programmer,1.3\ChatDev_ProgramDev_GPT4o_8_scored.json,1.3\ChatDev_ProgramDev_GPT4o_8_scored.json;1.5\ChatDev_ProgramDev_GPT4o_8_scored.json,3,"Design a chess game, allowing two players to take turns and determining the winner. It should be playable from Linux Terminal, and does not require me to access a dedicated UX or GUI platform, i.e. print the results on terminal at each stage and let me play it there by entering inputs (formal chess notation such as Ke8). Include standard chess features like castling, en passant, and pawn promotion. Enforce check and checkmate rules."
0.11920291624471122,0.005386692342232945,1.2501528663867426e-09,ChatDev_ProgramDev_GPT4o_8_scored.json,3,c2,24,24,CodeReviewModification,0,1.3,1.3;1.5,Programmer,1.3\ChatDev_ProgramDev_GPT4o_8_scored.json,1.3\ChatDev_ProgramDev_GPT4o_8_scored.json;1.5\ChatDev_ProgramDev_GPT4o_8_scored.json,4,"Design a chess game, allowing two players to take turns and determining the winner. It should be playable from Linux Terminal, and does not require me to access a dedicated UX or GUI platform, i.e. print the results on terminal at each stage and let me play it there by entering inputs (formal chess notation such as Ke8). Include standard chess features like castling, en passant, and pawn promotion. Enforce check and checkmate rules."
0.9999998782635967,0.8774125098714121,1.3007123989067183e-05,ChatDev_ProgramDev_GPT4o_8_scored.json,0,c2,30,30,Coding,0,1.3,1.3;1.5,Programmer,1.3\ChatDev_ProgramDev_GPT4o_8_scored.json,1.3\ChatDev_ProgramDev_GPT4o_8_scored.json;1.5\ChatDev_ProgramDev_GPT4o_8_scored.json,1,"Design a chess game, allowing two players to take turns and determining the winner. It should be playable from Linux Terminal, and does not require me to access a dedicated UX or GUI platform, i.e. print the results on terminal at each stage and let me play it there by entering inputs (formal chess notation such as Ke8). Include standard chess features like castling, en passant, and pawn promotion. Enforce check and checkmate rules."
0.9988305056431986,0.9939217444692755,0.9890129832953524,ChatDev_ProgramDev_GPT4o_8_scored.json,4,c2,2,2,EnvironmentDoc,0,1.3,1.3;1.5,Programmer,1.3\ChatDev_ProgramDev_GPT4o_8_scored.json,1.3\ChatDev_ProgramDev_GPT4o_8_scored.json;1.5\ChatDev_ProgramDev_GPT4o_8_scored.json,5,"Design a chess game, allowing two players to take turns and determining the winner. It should be playable from Linux Terminal, and does not require me to access a dedicated UX or GUI platform, i.e. print the results on terminal at each stage and let me play it there by entering inputs (formal chess notation such as Ke8). Include standard chess features like castling, en passant, and pawn promotion. Enforce check and checkmate rules."
1.0,0.5000001529511603,3.059023205018258e-07,ChatDev_ProgramDev_GPT4o_8_scored.json,5,c2,2,2,EnvironmentDoc,0,1.3,1.3;1.5,Programmer,1.3\ChatDev_ProgramDev_GPT4o_8_scored.json,1.3\ChatDev_ProgramDev_GPT4o_8_scored.json;1.5\ChatDev_ProgramDev_GPT4o_8_scored.json,6,"Design a chess game, allowing two players to take turns and determining the winner. It should be playable from Linux Terminal, and does not require me to access a dedicated UX or GUI platform, i.e. print the results on terminal at each stage and let me play it there by entering inputs (formal chess notation such as Ke8). Include standard chess features like castling, en passant, and pawn promotion. Enforce check and checkmate rules."
1.0,0.5986615844237397,0.0,ChatDev_ProgramDev2_GPT4o_38_scored.json,0,c3,5,5,Reflection,0,2.2,2.2,Chief Executive Officer,2.2\ChatDev_ProgramDev2_GPT4o_38_scored.json,2.2\ChatDev_ProgramDev2_GPT4o_38_scored.json,1,Develop a CLI tool that displays a calendar for a given month and year. The user inputs the month (numeric or name) and year.
1.0,0.6413813597593517,2.2603250957489616e-06,ChatDev_ProgramDev2_GPT4o_38_scored.json,0,c3,3,3,DemandAnalysis,0,2.2,2.2,Chief Product Officer,2.2\ChatDev_ProgramDev2_GPT4o_38_scored.json,2.2\ChatDev_ProgramDev2_GPT4o_38_scored.json,1,Develop a CLI tool that displays a calendar for a given month and year. The user inputs the month (numeric or name) and year.
0.9992902817517371,0.2648442339150317,0.0,ChatDev_ProgramDev2_GPT4o_38_scored.json,1,c3,4,4,DemandAnalysis,0,2.2,2.2,Chief Product Officer,2.2\ChatDev_ProgramDev2_GPT4o_38_scored.json,2.2\ChatDev_ProgramDev2_GPT4o_38_scored.json,2,Develop a CLI tool that displays a calendar for a given month and year. The user inputs the month (numeric or name) and year.
0.9999998682283358,0.9999998682283358,0.9999998682283358,ChatDev_ProgramDev2_GPT4o_38_scored.json,2,c3,1,1,DemandAnalysis,0,2.2,2.2,Chief Product Officer,2.2\ChatDev_ProgramDev2_GPT4o_38_scored.json,2.2\ChatDev_ProgramDev2_GPT4o_38_scored.json,3,Develop a CLI tool that displays a calendar for a given month and year. The user inputs the month (numeric or name) and year.
0.999999896091005,0.670635133898295,1.4449802461092448e-07,ChatDev_ProgramDev2_GPT4o_38_scored.json,3,c3,11,11,Manual,0,2.2,2.2,Chief Product Officer,2.2\ChatDev_ProgramDev2_GPT4o_38_scored.json,2.2\ChatDev_ProgramDev2_GPT4o_38_scored.json,4,Develop a CLI tool that displays a calendar for a given month and year. The user inputs the month (numeric or name) and year.
0.9770225770175497,0.9770225770175497,0.9770225770175497,ChatDev_ProgramDev2_GPT4o_38_scored.json,0,c3,1,1,LanguageChoose,0,2.2,2.2,Chief Technology Officer,2.2\ChatDev_ProgramDev2_GPT4o_38_scored.json,2.2\ChatDev_ProgramDev2_GPT4o_38_scored.json,1,Develop a CLI tool that displays a calendar for a given month and year. The user inputs the month (numeric or name) and year.
0.06008665409963624,0.013804187528752959,1.0677029917933763e-06,ChatDev_ProgramDev2_GPT4o_38_scored.json,0,c3,6,6,CodeReviewComment,0,2.2,2.2,Code Reviewer,2.2\ChatDev_ProgramDev2_GPT4o_38_scored.json,2.2\ChatDev_ProgramDev2_GPT4o_38_scored.json,1,Develop a CLI tool that displays a calendar for a given month and year. The user inputs the month (numeric or name) and year.
0.9988304058130489,0.2164406042351832,1.4449802461092448e-07,ChatDev_ProgramDev2_GPT4o_38_scored.json,1,c3,7,7,CodeReviewComment,0,2.2,2.2,Code Reviewer,2.2\ChatDev_ProgramDev2_GPT4o_38_scored.json,2.2\ChatDev_ProgramDev2_GPT4o_38_scored.json,2,Develop a CLI tool that displays a calendar for a given month and year. The user inputs the month (numeric or name) and year.
0.0031726831078774057,0.0031726831078774057,0.0031726831078774057,ChatDev_ProgramDev2_GPT4o_38_scored.json,2,c3,1,1,CodeReviewComment,0,2.2,2.2,Code Reviewer,2.2\ChatDev_ProgramDev2_GPT4o_38_scored.json,2.2\ChatDev_ProgramDev2_GPT4o_38_scored.json,3,Develop a CLI tool that displays a calendar for a given month and year. The user inputs the month (numeric or name) and year.
0.9947798422571394,0.1461349183107932,5.043471815847051e-07,ChatDev_ProgramDev2_GPT4o_38_scored.json,1,c3,13,13,CodeReviewModification,0,2.2,2.2,Programmer,2.2\ChatDev_ProgramDev2_GPT4o_38_scored.json,2.2\ChatDev_ProgramDev2_GPT4o_38_scored.json,2,Develop a CLI tool that displays a calendar for a given month and year. The user inputs the month (numeric or name) and year.
0.991422484252874,0.13624747935396936,1.370956471489639e-06,ChatDev_ProgramDev2_GPT4o_38_scored.json,2,c3,18,18,CodeReviewModification,0,2.2,2.2,Programmer,2.2\ChatDev_ProgramDev2_GPT4o_38_scored.json,2.2\ChatDev_ProgramDev2_GPT4o_38_scored.json,3,Develop a CLI tool that displays a calendar for a given month and year. The user inputs the month (numeric or name) and year.
1.0,0.9382093549465925,0.008577485682225647,ChatDev_ProgramDev2_GPT4o_38_scored.json,3,c3,17,17,CodeReviewModification,0,2.2,2.2,Programmer,2.2\ChatDev_ProgramDev2_GPT4o_38_scored.json,2.2\ChatDev_ProgramDev2_GPT4o_38_scored.json,4,Develop a CLI tool that displays a calendar for a given month and year. The user inputs the month (numeric or name) and year.
0.9999998553061488,0.6056321100659664,6.82560337633487e-08,ChatDev_ProgramDev2_GPT4o_38_scored.json,0,c3,14,14,Coding,0,2.2,2.2,Programmer,2.2\ChatDev_ProgramDev2_GPT4o_38_scored.json,2.2\ChatDev_ProgramDev2_GPT4o_38_scored.json,1,Develop a CLI tool that displays a calendar for a given month and year. The user inputs the month (numeric or name) and year.
0.9999998492364935,0.5034323696960069,1.370956471489639e-06,ChatDev_ProgramDev2_GPT4o_38_scored.json,4,c3,4,4,EnvironmentDoc,0,2.2,2.2,Programmer,2.2\ChatDev_ProgramDev2_GPT4o_38_scored.json,2.2\ChatDev_ProgramDev2_GPT4o_38_scored.json,5,Develop a CLI tool that displays a calendar for a given month and year. The user inputs the month (numeric or name) and year.
1.0,0.9993131066130884,0.9968273107623569,ChatDev_ProgramDev2_GPT4o_44_scored.json,0,c3,5,5,Reflection,0,2.2,2.2,Chief Executive Officer,2.2\ChatDev_ProgramDev2_GPT4o_44_scored.json,2.2\ChatDev_ProgramDev2_GPT4o_44_scored.json,1,"Write a simple CLI HTTP server that serves static files (HTML, CSS, JS, images) from a specified local directory. Listens on a configurable port."
0.9999998549042376,0.5770215365941506,6.144171336422507e-06,ChatDev_ProgramDev2_GPT4o_44_scored.json,0,c3,3,3,DemandAnalysis,0,2.2,2.2,Chief Product Officer,2.2\ChatDev_ProgramDev2_GPT4o_44_scored.json,2.2\ChatDev_ProgramDev2_GPT4o_44_scored.json,1,"Write a simple CLI HTTP server that serves static files (HTML, CSS, JS, images) from a specified local directory. Listens on a configurable port."
0.8519527850582772,0.28398426380235914,0.0,ChatDev_ProgramDev2_GPT4o_44_scored.json,1,c3,3,3,DemandAnalysis,0,2.2,2.2,Chief Product Officer,2.2\ChatDev_ProgramDev2_GPT4o_44_scored.json,2.2\ChatDev_ProgramDev2_GPT4o_44_scored.json,2,"Write a simple CLI HTTP server that serves static files (HTML, CSS, JS, images) from a specified local directory. Listens on a configurable port."
0.9999937644340005,0.9999937644340005,0.9999937644340005,ChatDev_ProgramDev2_GPT4o_44_scored.json,2,c3,1,1,DemandAnalysis,0,2.2,2.2,Chief Product Officer,2.2\ChatDev_ProgramDev2_GPT4o_44_scored.json,2.2\ChatDev_ProgramDev2_GPT4o_44_scored.json,3,"Write a simple CLI HTTP server that serves static files (HTML, CSS, JS, images) from a specified local directory. Listens on a configurable port."
1.0,0.7328703372120047,6.82560337633487e-08,ChatDev_ProgramDev2_GPT4o_44_scored.json,3,c3,15,15,Manual,0,2.2,2.2,Chief Product Officer,2.2\ChatDev_ProgramDev2_GPT4o_44_scored.json,2.2\ChatDev_ProgramDev2_GPT4o_44_scored.json,4,"Write a simple CLI HTTP server that serves static files (HTML, CSS, JS, images) from a specified local directory. Listens on a configurable port."
0.9997387842313346,0.9997387842313346,0.9997387842313346,ChatDev_ProgramDev2_GPT4o_44_scored.json,0,c3,1,1,LanguageChoose,0,2.2,2.2,Chief Technology Officer,2.2\ChatDev_ProgramDev2_GPT4o_44_scored.json,2.2\ChatDev_ProgramDev2_GPT4o_44_scored.json,1,"Write a simple CLI HTTP server that serves static files (HTML, CSS, JS, images) from a specified local directory. Listens on a configurable port."
0.11920292587800779,0.03655031524082269,0.0001233946226544279,ChatDev_ProgramDev2_GPT4o_44_scored.json,0,c3,6,6,CodeReviewComment,0,2.2,2.2,Code Reviewer,2.2\ChatDev_ProgramDev2_GPT4o_44_scored.json,2.2\ChatDev_ProgramDev2_GPT4o_44_scored.json,1,"Write a simple CLI HTTP server that serves static files (HTML, CSS, JS, images) from a specified local directory. Listens on a configurable port."
0.9046504386089426,0.41274484181869825,0.006692851264215723,ChatDev_ProgramDev2_GPT4o_44_scored.json,1,c3,4,4,CodeReviewComment,0,2.2,2.2,Code Reviewer,2.2\ChatDev_ProgramDev2_GPT4o_44_scored.json,2.2\ChatDev_ProgramDev2_GPT4o_44_scored.json,2,"Write a simple CLI HTTP server that serves static files (HTML, CSS, JS, images) from a specified local directory. Listens on a configurable port."
0.9914225041210984,0.23564351630059127,0.006692851264215723,ChatDev_ProgramDev2_GPT4o_44_scored.json,2,c3,5,5,CodeReviewComment,0,2.2,2.2,Code Reviewer,2.2\ChatDev_ProgramDev2_GPT4o_44_scored.json,2.2\ChatDev_ProgramDev2_GPT4o_44_scored.json,3,"Write a simple CLI HTTP server that serves static files (HTML, CSS, JS, images) from a specified local directory. Listens on a configurable port."
1.0,0.7610130657733833,0.022977369694971474,ChatDev_ProgramDev2_GPT4o_44_scored.json,1,c3,15,15,CodeReviewModification,0,2.2,2.2,Programmer,2.2\ChatDev_ProgramDev2_GPT4o_44_scored.json,2.2\ChatDev_ProgramDev2_GPT4o_44_scored.json,2,"Write a simple CLI HTTP server that serves static files (HTML, CSS, JS, images) from a specified local directory. Listens on a configurable port."
0.9999998549042376,0.455261344075301,6.34880011604368e-09,ChatDev_ProgramDev2_GPT4o_44_scored.json,2,c3,16,16,CodeReviewModification,0,2.2,2.2,Programmer,2.2\ChatDev_ProgramDev2_GPT4o_44_scored.json,2.2\ChatDev_ProgramDev2_GPT4o_44_scored.json,3,"Write a simple CLI HTTP server that serves static files (HTML, CSS, JS, images) from a specified local directory. Listens on a configurable port."
0.9999998860671814,0.8332868996096512,3.7266389560521204e-06,ChatDev_ProgramDev2_GPT4o_44_scored.json,3,c3,16,16,CodeReviewModification,0,2.2,2.2,Programmer,2.2\ChatDev_ProgramDev2_GPT4o_44_scored.json,2.2\ChatDev_ProgramDev2_GPT4o_44_scored.json,4,"Write a simple CLI HTTP server that serves static files (HTML, CSS, JS, images) from a specified local directory. Listens on a configurable port."
0.999999855218321,0.726338704377748,4.539785156619626e-05,ChatDev_ProgramDev2_GPT4o_44_scored.json,0,c3,19,19,Coding,0,2.2,2.2,Programmer,2.2\ChatDev_ProgramDev2_GPT4o_44_scored.json,2.2\ChatDev_ProgramDev2_GPT4o_44_scored.json,1,"Write a simple CLI HTTP server that serves static files (HTML, CSS, JS, images) from a specified local directory. Listens on a configurable port."
0.999999875746659,0.6296615530426584,0.0002611902975925828,ChatDev_ProgramDev2_GPT4o_44_scored.json,4,c3,5,5,EnvironmentDoc,0,2.2,2.2,Programmer,2.2\ChatDev_ProgramDev2_GPT4o_44_scored.json,2.2\ChatDev_ProgramDev2_GPT4o_44_scored.json,5,"Write a simple CLI HTTP server that serves static files (HTML, CSS, JS, images) from a specified local directory. Listens on a configurable port."
1.0,0.6381397629525851,0.09534946916009217,ChatDev_ProgramDev2_GPT4o_46_scored.json,0,c3,5,5,Reflection,0,2.2,2.2,Chief Executive Officer,2.2\ChatDev_ProgramDev2_GPT4o_46_scored.json,2.2\ChatDev_ProgramDev2_GPT4o_46_scored.json,1,"Develop a CLI utility to split a large file into smaller parts of a specified size (e.g., 10MB chunks). Name the output parts sequentially."
0.9999998625441827,0.3491435091816038,4.78509457496562e-06,ChatDev_ProgramDev2_GPT4o_46_scored.json,0,c3,3,3,DemandAnalysis,0,2.2,2.2,Chief Product Officer,2.2\ChatDev_ProgramDev2_GPT4o_46_scored.json,2.2\ChatDev_ProgramDev2_GPT4o_46_scored.json,1,"Develop a CLI utility to split a large file into smaller parts of a specified size (e.g., 10MB chunks). Name the output parts sequentially."
0.9968272967882784,0.27911532198871447,5.043471815847051e-07,ChatDev_ProgramDev2_GPT4o_46_scored.json,1,c3,4,4,DemandAnalysis,0,2.2,2.2,Chief Product Officer,2.2\ChatDev_ProgramDev2_GPT4o_46_scored.json,2.2\ChatDev_ProgramDev2_GPT4o_46_scored.json,2,"Develop a CLI utility to split a large file into smaller parts of a specified size (e.g., 10MB chunks). Name the output parts sequentially."
1.0,0.873118797513408,0.00020342704214340812,ChatDev_ProgramDev2_GPT4o_46_scored.json,2,c3,10,10,Manual,0,2.2,2.2,Chief Product Officer,2.2\ChatDev_ProgramDev2_GPT4o_46_scored.json,2.2\ChatDev_ProgramDev2_GPT4o_46_scored.json,3,"Develop a CLI utility to split a large file into smaller parts of a specified size (e.g., 10MB chunks). Name the output parts sequentially."
0.9999998611504499,0.9999998611504499,0.9999998611504499,ChatDev_ProgramDev2_GPT4o_46_scored.json,0,c3,1,1,LanguageChoose,0,2.2,2.2,Chief Technology Officer,2.2\ChatDev_ProgramDev2_GPT4o_46_scored.json,2.2\ChatDev_ProgramDev2_GPT4o_46_scored.json,1,"Develop a CLI utility to split a large file into smaller parts of a specified size (e.g., 10MB chunks). Name the output parts sequentially."
0.9999998701008701,0.7142835910242021,2.382369667501818e-07,ChatDev_ProgramDev2_GPT4o_46_scored.json,0,c3,7,7,CodeReviewComment,0,2.2,2.2,Code Reviewer,2.2\ChatDev_ProgramDev2_GPT4o_46_scored.json,2.2\ChatDev_ProgramDev2_GPT4o_46_scored.json,1,"Develop a CLI utility to split a large file into smaller parts of a specified size (e.g., 10MB chunks). Name the output parts sequentially."
0.9999998550703036,0.8538611172154613,0.00070967033651176,ChatDev_ProgramDev2_GPT4o_46_scored.json,1,c3,15,15,CodeReviewComment,0,2.2,2.2,Code Reviewer,2.2\ChatDev_ProgramDev2_GPT4o_46_scored.json,2.2\ChatDev_ProgramDev2_GPT4o_46_scored.json,2,"Develop a CLI utility to split a large file into smaller parts of a specified size (e.g., 10MB chunks). Name the output parts sequentially."
0.9959298482741609,0.6324276319111001,0.022977370343097204,ChatDev_ProgramDev2_GPT4o_46_scored.json,2,c3,12,12,CodeReviewComment,0,2.2,2.2,Code Reviewer,2.2\ChatDev_ProgramDev2_GPT4o_46_scored.json,2.2\ChatDev_ProgramDev2_GPT4o_46_scored.json,3,"Develop a CLI utility to split a large file into smaller parts of a specified size (e.g., 10MB chunks). Name the output parts sequentially."
0.9999998769789961,0.7271238416987363,5.043471815847051e-07,ChatDev_ProgramDev2_GPT4o_46_scored.json,1,c3,23,23,CodeReviewModification,0,2.2,2.2,Programmer,2.2\ChatDev_ProgramDev2_GPT4o_46_scored.json,2.2\ChatDev_ProgramDev2_GPT4o_46_scored.json,2,"Develop a CLI utility to split a large file into smaller parts of a specified size (e.g., 10MB chunks). Name the output parts sequentially."
0.9999998764623647,0.568677731836518,2.9989608248573072e-09,ChatDev_ProgramDev2_GPT4o_46_scored.json,2,c3,17,17,CodeReviewModification,0,2.2,2.2,Programmer,2.2\ChatDev_ProgramDev2_GPT4o_46_scored.json,2.2\ChatDev_ProgramDev2_GPT4o_46_scored.json,3,"Develop a CLI utility to split a large file into smaller parts of a specified size (e.g., 10MB chunks). Name the output parts sequentially."
0.999796514566346,0.19487428522952938,6.144171336422507e-06,ChatDev_ProgramDev2_GPT4o_46_scored.json,3,c3,19,19,CodeReviewModification,0,2.2,2.2,Programmer,2.2\ChatDev_ProgramDev2_GPT4o_46_scored.json,2.2\ChatDev_ProgramDev2_GPT4o_46_scored.json,4,"Develop a CLI utility to split a large file into smaller parts of a specified size (e.g., 10MB chunks). Name the output parts sequentially."
1.0,0.7418208596687512,5.602796437537268e-09,ChatDev_ProgramDev2_GPT4o_46_scored.json,0,c3,16,16,Coding,0,2.2,2.2,Programmer,2.2\ChatDev_ProgramDev2_GPT4o_46_scored.json,2.2\ChatDev_ProgramDev2_GPT4o_46_scored.json,1,"Develop a CLI utility to split a large file into smaller parts of a specified size (e.g., 10MB chunks). Name the output parts sequentially."
0.9975273728452674,0.6563753941478215,0.0009110514045295695,ChatDev_ProgramDev2_GPT4o_46_scored.json,4,c3,3,3,EnvironmentDoc,0,2.2,2.2,Programmer,2.2\ChatDev_ProgramDev2_GPT4o_46_scored.json,2.2\ChatDev_ProgramDev2_GPT4o_46_scored.json,5,"Develop a CLI utility to split a large file into smaller parts of a specified size (e.g., 10MB chunks). Name the output parts sequentially."
1.0,0.9964749589430542,0.9859363726650907,ChatDev_ProgramDev2_GPT4o_56_scored.json,0,c3,4,4,Reflection,0,2.3,2.3,Chief Executive Officer,2.3\ChatDev_ProgramDev2_GPT4o_56_scored.json,2.3\ChatDev_ProgramDev2_GPT4o_56_scored.json,1,"Write a CLI script creator for simple backups. User specifies source directories and a target backup location. The script (e.g., shell script using `rsync` or `tar`) is generated."
0.9999998680397165,0.33333332095877727,7.194133030325383e-09,ChatDev_ProgramDev2_GPT4o_56_scored.json,0,c3,3,3,DemandAnalysis,0,2.3,2.3,Chief Product Officer,2.3\ChatDev_ProgramDev2_GPT4o_56_scored.json,2.3\ChatDev_ProgramDev2_GPT4o_56_scored.json,1,"Write a CLI script creator for simple backups. User specifies source directories and a target backup location. The script (e.g., shell script using `rsync` or `tar`) is generated."
0.9999998677263637,0.3333333378248471,1.2501528663867426e-09,ChatDev_ProgramDev2_GPT4o_56_scored.json,1,c3,3,3,DemandAnalysis,0,2.3,2.3,Chief Product Officer,2.3\ChatDev_ProgramDev2_GPT4o_56_scored.json,2.3\ChatDev_ProgramDev2_GPT4o_56_scored.json,2,"Write a CLI script creator for simple backups. User specifies source directories and a target backup location. The script (e.g., shell script using `rsync` or `tar`) is generated."
1.0,0.7947296602891925,3.927863545481039e-07,ChatDev_ProgramDev2_GPT4o_56_scored.json,2,c3,11,11,Manual,0,2.3,2.3,Chief Product Officer,2.3\ChatDev_ProgramDev2_GPT4o_56_scored.json,2.3\ChatDev_ProgramDev2_GPT4o_56_scored.json,3,"Write a CLI script creator for simple backups. User specifies source directories and a target backup location. The script (e.g., shell script using `rsync` or `tar`) is generated."
0.9992902552405551,0.9992902552405551,0.9992902552405551,ChatDev_ProgramDev2_GPT4o_56_scored.json,0,c3,1,1,LanguageChoose,0,2.3,2.3,Chief Technology Officer,2.3\ChatDev_ProgramDev2_GPT4o_56_scored.json,2.3\ChatDev_ProgramDev2_GPT4o_56_scored.json,1,"Write a CLI script creator for simple backups. User specifies source directories and a target backup location. The script (e.g., shell script using `rsync` or `tar`) is generated."
0.7772999262421895,0.2921235140808464,0.0019267342527389902,ChatDev_ProgramDev2_GPT4o_56_scored.json,0,c3,7,7,CodeReviewComment,0,2.3,2.3,Code Reviewer,2.3\ChatDev_ProgramDev2_GPT4o_56_scored.json,2.3\ChatDev_ProgramDev2_GPT4o_56_scored.json,1,"Write a CLI script creator for simple backups. User specifies source directories and a target backup location. The script (e.g., shell script using `rsync` or `tar`) is generated."
0.0001233946226544279,0.0001233946226544279,0.0001233946226544279,ChatDev_ProgramDev2_GPT4o_56_scored.json,1,c3,1,1,CodeReviewComment,0,2.3,2.3,Code Reviewer,2.3\ChatDev_ProgramDev2_GPT4o_56_scored.json,2.3\ChatDev_ProgramDev2_GPT4o_56_scored.json,2,"Write a CLI script creator for simple backups. User specifies source directories and a target backup location. The script (e.g., shell script using `rsync` or `tar`) is generated."
3.535625324942473e-05,3.535625324942473e-05,3.535625324942473e-05,ChatDev_ProgramDev2_GPT4o_56_scored.json,2,c3,1,1,CodeReviewComment,0,2.3,2.3,Code Reviewer,2.3\ChatDev_ProgramDev2_GPT4o_56_scored.json,2.3\ChatDev_ProgramDev2_GPT4o_56_scored.json,3,"Write a CLI script creator for simple backups. User specifies source directories and a target backup location. The script (e.g., shell script using `rsync` or `tar`) is generated."
0.9999998622234002,0.5446182874482909,0.0,ChatDev_ProgramDev2_GPT4o_56_scored.json,1,c3,18,18,CodeReviewModification,0,2.3,2.3,Programmer,2.3\ChatDev_ProgramDev2_GPT4o_56_scored.json,2.3\ChatDev_ProgramDev2_GPT4o_56_scored.json,2,"Write a CLI script creator for simple backups. User specifies source directories and a target backup location. The script (e.g., shell script using `rsync` or `tar`) is generated."
1.0,0.5621885572895534,0.0,ChatDev_ProgramDev2_GPT4o_56_scored.json,2,c3,16,16,CodeReviewModification,0,2.3,2.3,Programmer,2.3\ChatDev_ProgramDev2_GPT4o_56_scored.json,2.3\ChatDev_ProgramDev2_GPT4o_56_scored.json,3,"Write a CLI script creator for simple backups. User specifies source directories and a target backup location. The script (e.g., shell script using `rsync` or `tar`) is generated."
0.999999598057851,0.5719967125283199,0.0,ChatDev_ProgramDev2_GPT4o_56_scored.json,3,c3,22,22,CodeReviewModification,0,2.3,2.3,Programmer,2.3\ChatDev_ProgramDev2_GPT4o_56_scored.json,2.3\ChatDev_ProgramDev2_GPT4o_56_scored.json,4,"Write a CLI script creator for simple backups. User specifies source directories and a target backup location. The script (e.g., shell script using `rsync` or `tar`) is generated."
1.0,0.6857980399371256,8.764248219443636e-08,ChatDev_ProgramDev2_GPT4o_56_scored.json,0,c3,24,24,Coding,0,2.3,2.3,Programmer,2.3\ChatDev_ProgramDev2_GPT4o_56_scored.json,2.3\ChatDev_ProgramDev2_GPT4o_56_scored.json,1,"Write a CLI script creator for simple backups. User specifies source directories and a target backup location. The script (e.g., shell script using `rsync` or `tar`) is generated."
0.9999988821606952,0.5961322088071707,1.522997974471263e-08,ChatDev_ProgramDev2_GPT4o_56_scored.json,6,c3,5,5,EnvironmentDoc,0,2.3,2.3,Programmer,2.3\ChatDev_ProgramDev2_GPT4o_56_scored.json,2.3\ChatDev_ProgramDev2_GPT4o_56_scored.json,7,"Write a CLI script creator for simple backups. User specifies source directories and a target backup location. The script (e.g., shell script using `rsync` or `tar`) is generated."
0.9999951879205653,0.6810043380058671,1.522997974471263e-08,ChatDev_ProgramDev2_GPT4o_56_scored.json,4,c3,6,6,TestErrorSummary,0,2.3,2.3,Programmer,2.3\ChatDev_ProgramDev2_GPT4o_56_scored.json,2.3\ChatDev_ProgramDev2_GPT4o_56_scored.json,5,"Write a CLI script creator for simple backups. User specifies source directories and a target backup location. The script (e.g., shell script using `rsync` or `tar`) is generated."
1.0,0.8611953320411244,2.902312105056987e-06,ChatDev_ProgramDev2_GPT4o_56_scored.json,5,c3,15,15,TestModification,0,2.3,2.3,Programmer,2.3\ChatDev_ProgramDev2_GPT4o_56_scored.json,2.3\ChatDev_ProgramDev2_GPT4o_56_scored.json,6,"Write a CLI script creator for simple backups. User specifies source directories and a target backup location. The script (e.g., shell script using `rsync` or `tar`) is generated."
0.9999998855722716,0.7493818509682026,2.382369667501818e-07,ChatDev_ProgramDev2_GPT4o_57_scored.json,0,c3,4,4,Reflection,0,2.2,2.2;2.3,Chief Executive Officer,2.2\ChatDev_ProgramDev2_GPT4o_57_scored.json,2.2\ChatDev_ProgramDev2_GPT4o_57_scored.json;2.3\ChatDev_ProgramDev2_GPT4o_57_scored.json,1,"Create a CLI engine for a simple text-based adventure game. Load game data (rooms, user_demands, items, choices) from a JSON or YAML file. Player navigates by typing commands."
1.0,0.6827642175050432,6.47594599989589e-07,ChatDev_ProgramDev2_GPT4o_57_scored.json,0,c3,4,4,DemandAnalysis,0,2.2,2.2;2.3,Chief Product Officer,2.2\ChatDev_ProgramDev2_GPT4o_57_scored.json,2.2\ChatDev_ProgramDev2_GPT4o_57_scored.json;2.3\ChatDev_ProgramDev2_GPT4o_57_scored.json,1,"Create a CLI engine for a simple text-based adventure game. Load game data (rooms, user_demands, items, choices) from a JSON or YAML file. Player navigates by typing commands."
0.5000000680753832,0.12522778047235122,5.905303998944039e-10,ChatDev_ProgramDev2_GPT4o_57_scored.json,1,c3,4,4,DemandAnalysis,0,2.2,2.2;2.3,Chief Product Officer,2.2\ChatDev_ProgramDev2_GPT4o_57_scored.json,2.2\ChatDev_ProgramDev2_GPT4o_57_scored.json;2.3\ChatDev_ProgramDev2_GPT4o_57_scored.json,2,"Create a CLI engine for a simple text-based adventure game. Load game data (rooms, user_demands, items, choices) from a JSON or YAML file. Player navigates by typing commands."
0.9999998446322499,0.6182806421763547,1.1253517471925912e-07,ChatDev_ProgramDev2_GPT4o_57_scored.json,2,c3,11,11,Manual,0,2.2,2.2;2.3,Chief Product Officer,2.2\ChatDev_ProgramDev2_GPT4o_57_scored.json,2.2\ChatDev_ProgramDev2_GPT4o_57_scored.json;2.3\ChatDev_ProgramDev2_GPT4o_57_scored.json,3,"Create a CLI engine for a simple text-based adventure game. Load game data (rooms, user_demands, items, choices) from a JSON or YAML file. Player navigates by typing commands."
0.999999855494768,0.999999855494768,0.999999855494768,ChatDev_ProgramDev2_GPT4o_57_scored.json,0,c3,1,1,LanguageChoose,0,2.2,2.2;2.3,Chief Technology Officer,2.2\ChatDev_ProgramDev2_GPT4o_57_scored.json,2.2\ChatDev_ProgramDev2_GPT4o_57_scored.json;2.3\ChatDev_ProgramDev2_GPT4o_57_scored.json,1,"Create a CLI engine for a simple text-based adventure game. Load game data (rooms, user_demands, items, choices) from a JSON or YAML file. Player navigates by typing commands."
0.9984987499964991,0.9984987499964991,0.9984987499964991,ChatDev_ProgramDev2_GPT4o_57_scored.json,0,c3,1,1,CodeReviewComment,0,2.2,2.2;2.3,Code Reviewer,2.2\ChatDev_ProgramDev2_GPT4o_57_scored.json,2.2\ChatDev_ProgramDev2_GPT4o_57_scored.json;2.3\ChatDev_ProgramDev2_GPT4o_57_scored.json,1,"Create a CLI engine for a simple text-based adventure game. Load game data (rooms, user_demands, items, choices) from a JSON or YAML file. Player navigates by typing commands."
0.998073288787288,0.998073288787288,0.998073288787288,ChatDev_ProgramDev2_GPT4o_57_scored.json,1,c3,1,1,CodeReviewComment,0,2.2,2.2;2.3,Code Reviewer,2.2\ChatDev_ProgramDev2_GPT4o_57_scored.json,2.2\ChatDev_ProgramDev2_GPT4o_57_scored.json;2.3\ChatDev_ProgramDev2_GPT4o_57_scored.json,2,"Create a CLI engine for a simple text-based adventure game. Load game data (rooms, user_demands, items, choices) from a JSON or YAML file. Player navigates by typing commands."
0.9990888841514003,0.9990888841514003,0.9990888841514003,ChatDev_ProgramDev2_GPT4o_57_scored.json,2,c3,1,1,CodeReviewComment,0,2.2,2.2;2.3,Code Reviewer,2.2\ChatDev_ProgramDev2_GPT4o_57_scored.json,2.2\ChatDev_ProgramDev2_GPT4o_57_scored.json;2.3\ChatDev_ProgramDev2_GPT4o_57_scored.json,3,"Create a CLI engine for a simple text-based adventure game. Load game data (rooms, user_demands, items, choices) from a JSON or YAML file. Player navigates by typing commands."
0.9999962574802354,0.4174221202686156,2.7535687796947383e-05,ChatDev_ProgramDev2_GPT4o_57_scored.json,1,c3,25,25,CodeReviewModification,0,2.2,2.2;2.3,Programmer,2.2\ChatDev_ProgramDev2_GPT4o_57_scored.json,2.2\ChatDev_ProgramDev2_GPT4o_57_scored.json;2.3\ChatDev_ProgramDev2_GPT4o_57_scored.json,2,"Create a CLI engine for a simple text-based adventure game. Load game data (rooms, user_demands, items, choices) from a JSON or YAML file. Player navigates by typing commands."
0.9999545374927135,0.44167176929053287,0.0001584362410990077,ChatDev_ProgramDev2_GPT4o_57_scored.json,2,c3,20,20,CodeReviewModification,0,2.2,2.2;2.3,Programmer,2.2\ChatDev_ProgramDev2_GPT4o_57_scored.json,2.2\ChatDev_ProgramDev2_GPT4o_57_scored.json;2.3\ChatDev_ProgramDev2_GPT4o_57_scored.json,3,"Create a CLI engine for a simple text-based adventure game. Load game data (rooms, user_demands, items, choices) from a JSON or YAML file. Player navigates by typing commands."
0.9999724472373337,0.30312993819780276,3.927863545481039e-07,ChatDev_ProgramDev2_GPT4o_57_scored.json,3,c3,29,29,CodeReviewModification,0,2.2,2.2;2.3,Programmer,2.2\ChatDev_ProgramDev2_GPT4o_57_scored.json,2.2\ChatDev_ProgramDev2_GPT4o_57_scored.json;2.3\ChatDev_ProgramDev2_GPT4o_57_scored.json,4,"Create a CLI engine for a simple text-based adventure game. Load game data (rooms, user_demands, items, choices) from a JSON or YAML file. Player navigates by typing commands."
0.99999984046992,0.8566319587382362,0.0019267342527389902,ChatDev_ProgramDev2_GPT4o_57_scored.json,0,c3,16,16,Coding,0,2.2,2.2;2.3,Programmer,2.2\ChatDev_ProgramDev2_GPT4o_57_scored.json,2.2\ChatDev_ProgramDev2_GPT4o_57_scored.json;2.3\ChatDev_ProgramDev2_GPT4o_57_scored.json,1,"Create a CLI engine for a simple text-based adventure game. Load game data (rooms, user_demands, items, choices) from a JSON or YAML file. Player navigates by typing commands."
0.999999862253706,0.6415675519906284,2.335593038799337e-09,ChatDev_ProgramDev2_GPT4o_57_scored.json,4,c3,6,6,EnvironmentDoc,0,2.2,2.2;2.3,Programmer,2.2\ChatDev_ProgramDev2_GPT4o_57_scored.json,2.2\ChatDev_ProgramDev2_GPT4o_57_scored.json;2.3\ChatDev_ProgramDev2_GPT4o_57_scored.json,5,"Create a CLI engine for a simple text-based adventure game. Load game data (rooms, user_demands, items, choices) from a JSON or YAML file. Player navigates by typing commands."
0.999999884590805,0.9761625265531175,0.9046504983204661,ChatDev_ProgramDev2_GPT4o_67_scored.json,0,c3,4,4,Reflection,0,2.2,2.2;2.3,Chief Executive Officer,2.2\ChatDev_ProgramDev2_GPT4o_67_scored.json,2.2\ChatDev_ProgramDev2_GPT4o_67_scored.json;2.3\ChatDev_ProgramDev2_GPT4o_67_scored.json,1,"Build a CLI audio file tag editor for MP3 files (basic ID3 tags). Allow viewing and modifying tags like title, artist, album, year. Requires a library for MP3 tag manipulation."
1.0,0.682474524331936,0.04742587780607772,ChatDev_ProgramDev2_GPT4o_67_scored.json,0,c3,3,3,DemandAnalysis,0,2.2,2.2;2.3,Chief Product Officer,2.2\ChatDev_ProgramDev2_GPT4o_67_scored.json,2.2\ChatDev_ProgramDev2_GPT4o_67_scored.json;2.3\ChatDev_ProgramDev2_GPT4o_67_scored.json,1,"Build a CLI audio file tag editor for MP3 files (basic ID3 tags). Allow viewing and modifying tags like title, artist, album, year. Requires a library for MP3 tag manipulation."
0.0,0.0,0.0,ChatDev_ProgramDev2_GPT4o_67_scored.json,1,c3,2,2,DemandAnalysis,0,2.2,2.2;2.3,Chief Product Officer,2.2\ChatDev_ProgramDev2_GPT4o_67_scored.json,2.2\ChatDev_ProgramDev2_GPT4o_67_scored.json;2.3\ChatDev_ProgramDev2_GPT4o_67_scored.json,2,"Build a CLI audio file tag editor for MP3 files (basic ID3 tags). Allow viewing and modifying tags like title, artist, album, year. Requires a library for MP3 tag manipulation."
0.9999999229857265,0.7995691115441802,1.6701414089010932e-05,ChatDev_ProgramDev2_GPT4o_67_scored.json,2,c3,10,10,Manual,0,2.2,2.2;2.3,Chief Product Officer,2.2\ChatDev_ProgramDev2_GPT4o_67_scored.json,2.2\ChatDev_ProgramDev2_GPT4o_67_scored.json;2.3\ChatDev_ProgramDev2_GPT4o_67_scored.json,3,"Build a CLI audio file tag editor for MP3 files (basic ID3 tags). Allow viewing and modifying tags like title, artist, album, year. Requires a library for MP3 tag manipulation."
0.9999998443557171,0.9999998443557171,0.9999998443557171,ChatDev_ProgramDev2_GPT4o_67_scored.json,0,c3,1,1,LanguageChoose,0,2.2,2.2;2.3,Chief Technology Officer,2.2\ChatDev_ProgramDev2_GPT4o_67_scored.json,2.2\ChatDev_ProgramDev2_GPT4o_67_scored.json;2.3\ChatDev_ProgramDev2_GPT4o_67_scored.json,1,"Build a CLI audio file tag editor for MP3 files (basic ID3 tags). Allow viewing and modifying tags like title, artist, album, year. Requires a library for MP3 tag manipulation."
0.9999988763678898,0.9559323284785933,0.7310586459949625,ChatDev_ProgramDev2_GPT4o_67_scored.json,0,c3,7,7,CodeReviewComment,0,2.2,2.2;2.3,Code Reviewer,2.2\ChatDev_ProgramDev2_GPT4o_67_scored.json,2.2\ChatDev_ProgramDev2_GPT4o_67_scored.json;2.3\ChatDev_ProgramDev2_GPT4o_67_scored.json,1,"Build a CLI audio file tag editor for MP3 files (basic ID3 tags). Allow viewing and modifying tags like title, artist, album, year. Requires a library for MP3 tag manipulation."
0.9999937515566676,0.9999937515566676,0.9999937515566676,ChatDev_ProgramDev2_GPT4o_67_scored.json,1,c3,1,1,CodeReviewComment,0,2.2,2.2;2.3,Code Reviewer,2.2\ChatDev_ProgramDev2_GPT4o_67_scored.json,2.2\ChatDev_ProgramDev2_GPT4o_67_scored.json;2.3\ChatDev_ProgramDev2_GPT4o_67_scored.json,2,"Build a CLI audio file tag editor for MP3 files (basic ID3 tags). Allow viewing and modifying tags like title, artist, album, year. Requires a library for MP3 tag manipulation."
0.9999998490661437,0.9875520091823247,0.9626730096569802,ChatDev_ProgramDev2_GPT4o_67_scored.json,2,c3,3,3,CodeReviewComment,0,2.2,2.2;2.3,Code Reviewer,2.2\ChatDev_ProgramDev2_GPT4o_67_scored.json,2.2\ChatDev_ProgramDev2_GPT4o_67_scored.json;2.3\ChatDev_ProgramDev2_GPT4o_67_scored.json,3,"Build a CLI audio file tag editor for MP3 files (basic ID3 tags). Allow viewing and modifying tags like title, artist, album, year. Requires a library for MP3 tag manipulation."
0.9890130285162415,0.10504187120677354,8.315279260963632e-07,ChatDev_ProgramDev2_GPT4o_67_scored.json,1,c3,21,21,CodeReviewModification,0,2.2,2.2;2.3,Programmer,2.2\ChatDev_ProgramDev2_GPT4o_67_scored.json,2.2\ChatDev_ProgramDev2_GPT4o_67_scored.json;2.3\ChatDev_ProgramDev2_GPT4o_67_scored.json,2,"Build a CLI audio file tag editor for MP3 files (basic ID3 tags). Allow viewing and modifying tags like title, artist, album, year. Requires a library for MP3 tag manipulation."
1.0,0.9380369762623844,0.01798621270515612,ChatDev_ProgramDev2_GPT4o_67_scored.json,2,c3,16,16,CodeReviewModification,0,2.2,2.2;2.3,Programmer,2.2\ChatDev_ProgramDev2_GPT4o_67_scored.json,2.2\ChatDev_ProgramDev2_GPT4o_67_scored.json;2.3\ChatDev_ProgramDev2_GPT4o_67_scored.json,3,"Build a CLI audio file tag editor for MP3 files (basic ID3 tags). Allow viewing and modifying tags like title, artist, album, year. Requires a library for MP3 tag manipulation."
0.6791787516568523,0.08819520055726165,8.315279260963632e-07,ChatDev_ProgramDev2_GPT4o_67_scored.json,3,c3,17,17,CodeReviewModification,0,2.2,2.2;2.3,Programmer,2.2\ChatDev_ProgramDev2_GPT4o_67_scored.json,2.2\ChatDev_ProgramDev2_GPT4o_67_scored.json;2.3\ChatDev_ProgramDev2_GPT4o_67_scored.json,4,"Build a CLI audio file tag editor for MP3 files (basic ID3 tags). Allow viewing and modifying tags like title, artist, album, year. Requires a library for MP3 tag manipulation."
0.9999998684420693,0.8297020965737355,1.4449802461092448e-07,ChatDev_ProgramDev2_GPT4o_67_scored.json,0,c3,20,20,Coding,0,2.2,2.2;2.3,Programmer,2.2\ChatDev_ProgramDev2_GPT4o_67_scored.json,2.2\ChatDev_ProgramDev2_GPT4o_67_scored.json;2.3\ChatDev_ProgramDev2_GPT4o_67_scored.json,1,"Build a CLI audio file tag editor for MP3 files (basic ID3 tags). Allow viewing and modifying tags like title, artist, album, year. Requires a library for MP3 tag manipulation."
0.9999999012239845,0.9999989127265555,0.9999969689159656,ChatDev_ProgramDev2_GPT4o_67_scored.json,5,c3,3,3,EnvironmentDoc,0,2.2,2.2;2.3,Programmer,2.2\ChatDev_ProgramDev2_GPT4o_67_scored.json,2.2\ChatDev_ProgramDev2_GPT4o_67_scored.json;2.3\ChatDev_ProgramDev2_GPT4o_67_scored.json,6,"Build a CLI audio file tag editor for MP3 files (basic ID3 tags). Allow viewing and modifying tags like title, artist, album, year. Requires a library for MP3 tag manipulation."
0.9999998611504499,0.6666665333999371,3.850741922767617e-09,ChatDev_ProgramDev2_GPT4o_67_scored.json,4,c3,3,3,TestModification,0,2.2,2.2;2.3,Programmer,2.2\ChatDev_ProgramDev2_GPT4o_67_scored.json,2.2\ChatDev_ProgramDev2_GPT4o_67_scored.json;2.3\ChatDev_ProgramDev2_GPT4o_67_scored.json,5,"Build a CLI audio file tag editor for MP3 files (basic ID3 tags). Allow viewing and modifying tags like title, artist, album, year. Requires a library for MP3 tag manipulation."
0.9999998678732606,0.2527468648163148,1.4449802461092448e-07,ChatDev_ProgramDev2_GPT4o_68_scored.json,0,c3,4,4,Reflection,0,2.2,2.2;2.3,Chief Executive Officer,2.2\ChatDev_ProgramDev2_GPT4o_68_scored.json,2.2\ChatDev_ProgramDev2_GPT4o_68_scored.json;2.3\ChatDev_ProgramDev2_GPT4o_68_scored.json,1,"Write a CLI tool to convert a short video file segment (e.g., first 5 seconds) into an animated GIF. Requires `ffmpeg` to be installed."
0.9999998767045566,0.49994913470571223,1.0467401794744658e-08,ChatDev_ProgramDev2_GPT4o_68_scored.json,0,c3,4,4,DemandAnalysis,0,2.2,2.2;2.3,Chief Product Officer,2.2\ChatDev_ProgramDev2_GPT4o_68_scored.json,2.2\ChatDev_ProgramDev2_GPT4o_68_scored.json;2.3\ChatDev_ProgramDev2_GPT4o_68_scored.json,1,"Write a CLI tool to convert a short video file segment (e.g., first 5 seconds) into an animated GIF. Requires `ffmpeg` to be installed."
0.2689414431936799,0.08964715472198992,1.4166087866431961e-09,ChatDev_ProgramDev2_GPT4o_68_scored.json,1,c3,3,3,DemandAnalysis,0,2.2,2.2;2.3,Chief Product Officer,2.2\ChatDev_ProgramDev2_GPT4o_68_scored.json,2.2\ChatDev_ProgramDev2_GPT4o_68_scored.json;2.3\ChatDev_ProgramDev2_GPT4o_68_scored.json,2,"Write a CLI tool to convert a short video file segment (e.g., first 5 seconds) into an animated GIF. Requires `ffmpeg` to be installed."
1.0,0.6666652198324727,4.5990553786523166e-10,ChatDev_ProgramDev2_GPT4o_68_scored.json,2,c3,12,12,Manual,0,2.2,2.2;2.3,Chief Product Officer,2.2\ChatDev_ProgramDev2_GPT4o_68_scored.json,2.2\ChatDev_ProgramDev2_GPT4o_68_scored.json;2.3\ChatDev_ProgramDev2_GPT4o_68_scored.json,3,"Write a CLI tool to convert a short video file segment (e.g., first 5 seconds) into an animated GIF. Requires `ffmpeg` to be installed."
0.9999985328119436,0.9999985328119436,0.9999985328119436,ChatDev_ProgramDev2_GPT4o_68_scored.json,0,c3,1,1,LanguageChoose,0,2.2,2.2;2.3,Chief Technology Officer,2.2\ChatDev_ProgramDev2_GPT4o_68_scored.json,2.2\ChatDev_ProgramDev2_GPT4o_68_scored.json;2.3\ChatDev_ProgramDev2_GPT4o_68_scored.json,1,"Write a CLI tool to convert a short video file segment (e.g., first 5 seconds) into an animated GIF. Requires `ffmpeg` to be installed."
0.006692851264215723,0.0014168106951969552,4.539785156619626e-05,ChatDev_ProgramDev2_GPT4o_68_scored.json,0,c3,7,7,CodeReviewComment,0,2.2,2.2;2.3,Code Reviewer,2.2\ChatDev_ProgramDev2_GPT4o_68_scored.json,2.2\ChatDev_ProgramDev2_GPT4o_68_scored.json;2.3\ChatDev_ProgramDev2_GPT4o_68_scored.json,1,"Write a CLI tool to convert a short video file segment (e.g., first 5 seconds) into an animated GIF. Requires `ffmpeg` to be installed."
0.9995693480725759,0.6032063460200529,0.0373268869815644,ChatDev_ProgramDev2_GPT4o_68_scored.json,1,c3,6,6,CodeReviewComment,0,2.2,2.2;2.3,Code Reviewer,2.2\ChatDev_ProgramDev2_GPT4o_68_scored.json,2.2\ChatDev_ProgramDev2_GPT4o_68_scored.json;2.3\ChatDev_ProgramDev2_GPT4o_68_scored.json,2,"Write a CLI tool to convert a short video file segment (e.g., first 5 seconds) into an animated GIF. Requires `ffmpeg` to be installed."
0.9999037669664167,0.49382978909928477,0.0019267342527389902,ChatDev_ProgramDev2_GPT4o_68_scored.json,2,c3,8,8,CodeReviewComment,0,2.2,2.2;2.3,Code Reviewer,2.2\ChatDev_ProgramDev2_GPT4o_68_scored.json,2.2\ChatDev_ProgramDev2_GPT4o_68_scored.json;2.3\ChatDev_ProgramDev2_GPT4o_68_scored.json,3,"Write a CLI tool to convert a short video file segment (e.g., first 5 seconds) into an animated GIF. Requires `ffmpeg` to be installed."
0.8807970494033868,0.20656666204224686,3.7266389560521204e-06,ChatDev_ProgramDev2_GPT4o_68_scored.json,1,c3,14,14,CodeReviewModification,0,2.2,2.2;2.3,Programmer,2.2\ChatDev_ProgramDev2_GPT4o_68_scored.json,2.2\ChatDev_ProgramDev2_GPT4o_68_scored.json;2.3\ChatDev_ProgramDev2_GPT4o_68_scored.json,2,"Write a CLI tool to convert a short video file segment (e.g., first 5 seconds) into an animated GIF. Requires `ffmpeg` to be installed."
0.904650490665289,0.2078657272106542,2.510999155743982e-08,ChatDev_ProgramDev2_GPT4o_68_scored.json,2,c3,20,20,CodeReviewModification,0,2.2,2.2;2.3,Programmer,2.2\ChatDev_ProgramDev2_GPT4o_68_scored.json,2.2\ChatDev_ProgramDev2_GPT4o_68_scored.json;2.3\ChatDev_ProgramDev2_GPT4o_68_scored.json,3,"Write a CLI tool to convert a short video file segment (e.g., first 5 seconds) into an animated GIF. Requires `ffmpeg` to be installed."
0.9975273239283621,0.21616380855559297,2.2603250957489616e-06,ChatDev_ProgramDev2_GPT4o_68_scored.json,3,c3,20,20,CodeReviewModification,0,2.2,2.2;2.3,Programmer,2.2\ChatDev_ProgramDev2_GPT4o_68_scored.json,2.2\ChatDev_ProgramDev2_GPT4o_68_scored.json;2.3\ChatDev_ProgramDev2_GPT4o_68_scored.json,4,"Write a CLI tool to convert a short video file segment (e.g., first 5 seconds) into an animated GIF. Requires `ffmpeg` to be installed."
0.9999998697875173,0.8593722681042353,1.370956471489639e-06,ChatDev_ProgramDev2_GPT4o_68_scored.json,0,c3,20,20,Coding,0,2.2,2.2;2.3,Programmer,2.2\ChatDev_ProgramDev2_GPT4o_68_scored.json,2.2\ChatDev_ProgramDev2_GPT4o_68_scored.json;2.3\ChatDev_ProgramDev2_GPT4o_68_scored.json,1,"Write a CLI tool to convert a short video file segment (e.g., first 5 seconds) into an animated GIF. Requires `ffmpeg` to be installed."
0.9999998778078126,0.6400796133603911,0.017986213100272055,ChatDev_ProgramDev2_GPT4o_68_scored.json,4,c3,5,5,EnvironmentDoc,0,2.2,2.2;2.3,Programmer,2.2\ChatDev_ProgramDev2_GPT4o_68_scored.json,2.2\ChatDev_ProgramDev2_GPT4o_68_scored.json;2.3\ChatDev_ProgramDev2_GPT4o_68_scored.json,5,"Write a CLI tool to convert a short video file segment (e.g., first 5 seconds) into an animated GIF. Requires `ffmpeg` to be installed."
0.9999998857927419,0.600812625568347,8.315279260963632e-07,ChatDev_ProgramDev2_GPT4o_81_scored.json,0,c3,5,5,DemandAnalysis,0,2.2,2.2;2.3,Chief Product Officer,2.2\ChatDev_ProgramDev2_GPT4o_81_scored.json,2.2\ChatDev_ProgramDev2_GPT4o_81_scored.json;2.3\ChatDev_ProgramDev2_GPT4o_81_scored.json,1,"Create a CLI flashcard study tool. Users can create decks of flashcards (front: question/term, back: answer/definition). The tool presents cards for review."
4.78509457496562e-06,2.3927772402517426e-06,4.5990553786523166e-10,ChatDev_ProgramDev2_GPT4o_81_scored.json,1,c3,2,2,DemandAnalysis,0,2.2,2.2;2.3,Chief Product Officer,2.2\ChatDev_ProgramDev2_GPT4o_81_scored.json,2.2\ChatDev_ProgramDev2_GPT4o_81_scored.json;2.3\ChatDev_ProgramDev2_GPT4o_81_scored.json,2,"Create a CLI flashcard study tool. Users can create decks of flashcards (front: question/term, back: answer/definition). The tool presents cards for review."
0.9999998946990101,0.9999998946990101,0.9999998946990101,ChatDev_ProgramDev2_GPT4o_81_scored.json,2,c3,1,1,DemandAnalysis,0,2.2,2.2;2.3,Chief Product Officer,2.2\ChatDev_ProgramDev2_GPT4o_81_scored.json,2.2\ChatDev_ProgramDev2_GPT4o_81_scored.json;2.3\ChatDev_ProgramDev2_GPT4o_81_scored.json,3,"Create a CLI flashcard study tool. Users can create decks of flashcards (front: question/term, back: answer/definition). The tool presents cards for review."
0.9999998692003254,0.853364452914143,3.927863545481039e-07,ChatDev_ProgramDev2_GPT4o_81_scored.json,3,c3,17,17,Manual,0,2.2,2.2;2.3,Chief Product Officer,2.2\ChatDev_ProgramDev2_GPT4o_81_scored.json,2.2\ChatDev_ProgramDev2_GPT4o_81_scored.json;2.3\ChatDev_ProgramDev2_GPT4o_81_scored.json,4,"Create a CLI flashcard study tool. Users can create decks of flashcards (front: question/term, back: answer/definition). The tool presents cards for review."
0.9988304265259755,0.9988304265259755,0.9988304265259755,ChatDev_ProgramDev2_GPT4o_81_scored.json,0,c3,1,1,LanguageChoose,0,2.2,2.2;2.3,Chief Technology Officer,2.2\ChatDev_ProgramDev2_GPT4o_81_scored.json,2.2\ChatDev_ProgramDev2_GPT4o_81_scored.json;2.3\ChatDev_ProgramDev2_GPT4o_81_scored.json,1,"Create a CLI flashcard study tool. Users can create decks of flashcards (front: question/term, back: answer/definition). The tool presents cards for review."
1.0,0.7139431179532568,8.152020714470167e-09,ChatDev_ProgramDev2_GPT4o_81_scored.json,0,c3,7,7,CodeReviewComment,0,2.2,2.2;2.3,Code Reviewer,2.2\ChatDev_ProgramDev2_GPT4o_81_scored.json,2.2\ChatDev_ProgramDev2_GPT4o_81_scored.json;2.3\ChatDev_ProgramDev2_GPT4o_81_scored.json,1,"Create a CLI flashcard study tool. Users can create decks of flashcards (front: question/term, back: answer/definition). The tool presents cards for review."
0.9999919878518712,0.6089231300068529,0.060086658671942565,ChatDev_ProgramDev2_GPT4o_81_scored.json,1,c3,4,4,CodeReviewComment,0,2.2,2.2;2.3,Code Reviewer,2.2\ChatDev_ProgramDev2_GPT4o_81_scored.json,2.2\ChatDev_ProgramDev2_GPT4o_81_scored.json;2.3\ChatDev_ProgramDev2_GPT4o_81_scored.json,2,"Create a CLI flashcard study tool. Users can create decks of flashcards (front: question/term, back: answer/definition). The tool presents cards for review."
0.9999251334006606,0.5153200967728467,0.0031726831078774057,ChatDev_ProgramDev2_GPT4o_81_scored.json,2,c3,5,5,CodeReviewComment,0,2.2,2.2;2.3,Code Reviewer,2.2\ChatDev_ProgramDev2_GPT4o_81_scored.json,2.2\ChatDev_ProgramDev2_GPT4o_81_scored.json;2.3\ChatDev_ProgramDev2_GPT4o_81_scored.json,3,"Create a CLI flashcard study tool. Users can create decks of flashcards (front: question/term, back: answer/definition). The tool presents cards for review."
0.9999994754496552,0.2596398660397911,0.0,ChatDev_ProgramDev2_GPT4o_81_scored.json,1,c3,24,24,CodeComplete,0,2.2,2.2;2.3,Programmer,2.2\ChatDev_ProgramDev2_GPT4o_81_scored.json,2.2\ChatDev_ProgramDev2_GPT4o_81_scored.json;2.3\ChatDev_ProgramDev2_GPT4o_81_scored.json,2,"Create a CLI flashcard study tool. Users can create decks of flashcards (front: question/term, back: answer/definition). The tool presents cards for review."
1.0,0.9218065895609705,0.029312229146562493,ChatDev_ProgramDev2_GPT4o_81_scored.json,2,c3,20,20,CodeReviewModification,0,2.2,2.2;2.3,Programmer,2.2\ChatDev_ProgramDev2_GPT4o_81_scored.json,2.2\ChatDev_ProgramDev2_GPT4o_81_scored.json;2.3\ChatDev_ProgramDev2_GPT4o_81_scored.json,3,"Create a CLI flashcard study tool. Users can create decks of flashcards (front: question/term, back: answer/definition). The tool presents cards for review."
0.9241417979280979,0.06039228155476408,3.927863545481039e-07,ChatDev_ProgramDev2_GPT4o_81_scored.json,3,c3,20,20,CodeReviewModification,0,2.2,2.2;2.3,Programmer,2.2\ChatDev_ProgramDev2_GPT4o_81_scored.json,2.2\ChatDev_ProgramDev2_GPT4o_81_scored.json;2.3\ChatDev_ProgramDev2_GPT4o_81_scored.json,4,"Create a CLI flashcard study tool. Users can create decks of flashcards (front: question/term, back: answer/definition). The tool presents cards for review."
0.37754068970957244,0.01866625208501488,2.1024338523818466e-07,ChatDev_ProgramDev2_GPT4o_81_scored.json,4,c3,24,24,CodeReviewModification,0,2.2,2.2;2.3,Programmer,2.2\ChatDev_ProgramDev2_GPT4o_81_scored.json,2.2\ChatDev_ProgramDev2_GPT4o_81_scored.json;2.3\ChatDev_ProgramDev2_GPT4o_81_scored.json,5,"Create a CLI flashcard study tool. Users can create decks of flashcards (front: question/term, back: answer/definition). The tool presents cards for review."
1.0,0.7588515964468008,2.382369667501818e-07,ChatDev_ProgramDev2_GPT4o_81_scored.json,0,c3,24,24,Coding,0,2.2,2.2;2.3,Programmer,2.2\ChatDev_ProgramDev2_GPT4o_81_scored.json,2.2\ChatDev_ProgramDev2_GPT4o_81_scored.json;2.3\ChatDev_ProgramDev2_GPT4o_81_scored.json,1,"Create a CLI flashcard study tool. Users can create decks of flashcards (front: question/term, back: answer/definition). The tool presents cards for review."
0.9999998551179712,0.6764372290207968,0.029312230647422503,ChatDev_ProgramDev2_GPT4o_81_scored.json,5,c3,3,3,EnvironmentDoc,0,2.2,2.2;2.3,Programmer,2.2\ChatDev_ProgramDev2_GPT4o_81_scored.json,2.2\ChatDev_ProgramDev2_GPT4o_81_scored.json;2.3\ChatDev_ProgramDev2_GPT4o_81_scored.json,6,"Create a CLI flashcard study tool. Users can create decks of flashcards (front: question/term, back: answer/definition). The tool presents cards for review."
0.9999998760228883,0.6791088765843872,0.03732688524565363,ChatDev_ProgramDev2_GPT4o_81_scored.json,6,c3,3,3,EnvironmentDoc,0,2.2,2.2;2.3,Programmer,2.2\ChatDev_ProgramDev2_GPT4o_81_scored.json,2.2\ChatDev_ProgramDev2_GPT4o_81_scored.json;2.3\ChatDev_ProgramDev2_GPT4o_81_scored.json,7,"Create a CLI flashcard study tool. Users can create decks of flashcards (front: question/term, back: answer/definition). The tool presents cards for review."
1.0,0.6658456749175362,0.00070967033651176,ChatDev_ProgramDev2_GPT4o_8_scored.json,0,c3,3,3,Reflection,0,2.2,2.2;2.3,Chief Executive Officer,2.2\ChatDev_ProgramDev2_GPT4o_8_scored.json,2.2\ChatDev_ProgramDev2_GPT4o_8_scored.json;2.3\ChatDev_ProgramDev2_GPT4o_8_scored.json,1,"Write a CLI program to analyze a log file (e.g., Apache access log, system log). The user specifies the log file and a pattern (e.g., ERROR, 404). The tool should count and display lines containing the pattern."
0.9999998618196085,0.39684627280790563,8.764248219443636e-08,ChatDev_ProgramDev2_GPT4o_8_scored.json,0,c3,5,5,DemandAnalysis,0,2.2,2.2;2.3,Chief Product Officer,2.2\ChatDev_ProgramDev2_GPT4o_8_scored.json,2.2\ChatDev_ProgramDev2_GPT4o_8_scored.json;2.3\ChatDev_ProgramDev2_GPT4o_8_scored.json,1,"Write a CLI program to analyze a log file (e.g., Apache access log, system log). The user specifies the log file and a pattern (e.g., ERROR, 404). The tool should count and display lines containing the pattern."
0.9999545346892369,0.3982754130229765,0.0,ChatDev_ProgramDev2_GPT4o_8_scored.json,1,c3,5,5,DemandAnalysis,0,2.2,2.2;2.3,Chief Product Officer,2.2\ChatDev_ProgramDev2_GPT4o_8_scored.json,2.2\ChatDev_ProgramDev2_GPT4o_8_scored.json;2.3\ChatDev_ProgramDev2_GPT4o_8_scored.json,2,"Write a CLI program to analyze a log file (e.g., Apache access log, system log). The user specifies the log file and a pattern (e.g., ERROR, 404). The tool should count and display lines containing the pattern."
1.0,0.541334435570736,1.2501528663867426e-09,ChatDev_ProgramDev2_GPT4o_8_scored.json,2,c3,13,13,Manual,0,2.2,2.2;2.3,Chief Product Officer,2.2\ChatDev_ProgramDev2_GPT4o_8_scored.json,2.2\ChatDev_ProgramDev2_GPT4o_8_scored.json;2.3\ChatDev_ProgramDev2_GPT4o_8_scored.json,3,"Write a CLI program to analyze a log file (e.g., Apache access log, system log). The user specifies the log file and a pattern (e.g., ERROR, 404). The tool should count and display lines containing the pattern."
0.9999998762608757,0.9999998762608757,0.9999998762608757,ChatDev_ProgramDev2_GPT4o_8_scored.json,0,c3,1,1,LanguageChoose,0,2.2,2.2;2.3,Chief Technology Officer,2.2\ChatDev_ProgramDev2_GPT4o_8_scored.json,2.2\ChatDev_ProgramDev2_GPT4o_8_scored.json;2.3\ChatDev_ProgramDev2_GPT4o_8_scored.json,1,"Write a CLI program to analyze a log file (e.g., Apache access log, system log). The user specifies the log file and a pattern (e.g., ERROR, 404). The tool should count and display lines containing the pattern."
0.22270015742823943,0.03219605294025453,1.3440409951135022e-08,ChatDev_ProgramDev2_GPT4o_8_scored.json,0,c3,7,7,CodeReviewComment,0,2.2,2.2;2.3,Code Reviewer,2.2\ChatDev_ProgramDev2_GPT4o_8_scored.json,2.2\ChatDev_ProgramDev2_GPT4o_8_scored.json;2.3\ChatDev_ProgramDev2_GPT4o_8_scored.json,1,"Write a CLI program to analyze a log file (e.g., Apache access log, system log). The user specifies the log file and a pattern (e.g., ERROR, 404). The tool should count and display lines containing the pattern."
0.00070967033651176,0.00070967033651176,0.00070967033651176,ChatDev_ProgramDev2_GPT4o_8_scored.json,1,c3,1,1,CodeReviewComment,0,2.2,2.2;2.3,Code Reviewer,2.2\ChatDev_ProgramDev2_GPT4o_8_scored.json,2.2\ChatDev_ProgramDev2_GPT4o_8_scored.json;2.3\ChatDev_ProgramDev2_GPT4o_8_scored.json,2,"Write a CLI program to analyze a log file (e.g., Apache access log, system log). The user specifies the log file and a pattern (e.g., ERROR, 404). The tool should count and display lines containing the pattern."
0.004070137939983506,0.004070137939983506,0.004070137939983506,ChatDev_ProgramDev2_GPT4o_8_scored.json,2,c3,1,1,CodeReviewComment,0,2.2,2.2;2.3,Code Reviewer,2.2\ChatDev_ProgramDev2_GPT4o_8_scored.json,2.2\ChatDev_ProgramDev2_GPT4o_8_scored.json;2.3\ChatDev_ProgramDev2_GPT4o_8_scored.json,3,"Write a CLI program to analyze a log file (e.g., Apache access log, system log). The user specifies the log file and a pattern (e.g., ERROR, 404). The tool should count and display lines containing the pattern."
0.2689414395711808,0.02150100290770465,1.0467401794744658e-08,ChatDev_ProgramDev2_GPT4o_8_scored.json,1,c3,17,17,CodeReviewModification,0,2.2,2.2;2.3,Programmer,2.2\ChatDev_ProgramDev2_GPT4o_8_scored.json,2.2\ChatDev_ProgramDev2_GPT4o_8_scored.json;2.3\ChatDev_ProgramDev2_GPT4o_8_scored.json,2,"Write a CLI program to analyze a log file (e.g., Apache access log, system log). The user specifies the log file and a pattern (e.g., ERROR, 404). The tool should count and display lines containing the pattern."
0.9998414409961658,0.43552028599235904,2.9989608248573072e-09,ChatDev_ProgramDev2_GPT4o_8_scored.json,2,c3,17,17,CodeReviewModification,0,2.2,2.2;2.3,Programmer,2.2\ChatDev_ProgramDev2_GPT4o_8_scored.json,2.2\ChatDev_ProgramDev2_GPT4o_8_scored.json;2.3\ChatDev_ProgramDev2_GPT4o_8_scored.json,3,"Write a CLI program to analyze a log file (e.g., Apache access log, system log). The user specifies the log file and a pattern (e.g., ERROR, 404). The tool should count and display lines containing the pattern."
0.9997387313567133,0.39429264471856434,1.6052280551856116e-09,ChatDev_ProgramDev2_GPT4o_8_scored.json,3,c3,17,17,CodeReviewModification,0,2.2,2.2;2.3,Programmer,2.2\ChatDev_ProgramDev2_GPT4o_8_scored.json,2.2\ChatDev_ProgramDev2_GPT4o_8_scored.json;2.3\ChatDev_ProgramDev2_GPT4o_8_scored.json,4,"Write a CLI program to analyze a log file (e.g., Apache access log, system log). The user specifies the log file and a pattern (e.g., ERROR, 404). The tool should count and display lines containing the pattern."
0.9999981678676065,0.4358792746987203,2.510999155743982e-08,ChatDev_ProgramDev2_GPT4o_8_scored.json,0,c3,12,12,Coding,0,2.2,2.2;2.3,Programmer,2.2\ChatDev_ProgramDev2_GPT4o_8_scored.json,2.2\ChatDev_ProgramDev2_GPT4o_8_scored.json;2.3\ChatDev_ProgramDev2_GPT4o_8_scored.json,1,"Write a CLI program to analyze a log file (e.g., Apache access log, system log). The user specifies the log file and a pattern (e.g., ERROR, 404). The tool should count and display lines containing the pattern."
0.9999998675967278,0.4965349755407611,3.059023205018258e-07,ChatDev_ProgramDev2_GPT4o_8_scored.json,4,c3,4,4,EnvironmentDoc,0,2.2,2.2;2.3,Programmer,2.2\ChatDev_ProgramDev2_GPT4o_8_scored.json,2.2\ChatDev_ProgramDev2_GPT4o_8_scored.json;2.3\ChatDev_ProgramDev2_GPT4o_8_scored.json,5,"Write a CLI program to analyze a log file (e.g., Apache access log, system log). The user specifies the log file and a pattern (e.g., ERROR, 404). The tool should count and display lines containing the pattern."
0.9999997419468039,0.6412719317397727,0.0031726831078774057,ChatDev_ProgramDev2_GPT4o_91_scored.json,0,c3,4,4,Reflection,0,2.3,2.3,Chief Executive Officer,2.3\ChatDev_ProgramDev2_GPT4o_91_scored.json,2.3\ChatDev_ProgramDev2_GPT4o_91_scored.json,1,"Build a CLI cronjob generator. Provides a user-friendly way to create common cron job schedules (e.g., daily at 3 AM, every 15 minutes) and outputs the crontab line."
1.0,0.799816949251719,2.7535687796947383e-05,ChatDev_ProgramDev2_GPT4o_91_scored.json,0,c3,5,5,DemandAnalysis,0,2.3,2.3,Chief Product Officer,2.3\ChatDev_ProgramDev2_GPT4o_91_scored.json,2.3\ChatDev_ProgramDev2_GPT4o_91_scored.json,1,"Build a CLI cronjob generator. Provides a user-friendly way to create common cron job schedules (e.g., daily at 3 AM, every 15 minutes) and outputs the crontab line."
3.2241867372567335e-08,1.0747289124189112e-08,0.0,ChatDev_ProgramDev2_GPT4o_91_scored.json,1,c3,3,3,DemandAnalysis,0,2.3,2.3,Chief Product Officer,2.3\ChatDev_ProgramDev2_GPT4o_91_scored.json,2.3\ChatDev_ProgramDev2_GPT4o_91_scored.json,2,"Build a CLI cronjob generator. Provides a user-friendly way to create common cron job schedules (e.g., daily at 3 AM, every 15 minutes) and outputs the crontab line."
1.0,0.6666535117402151,5.602796437537268e-09,ChatDev_ProgramDev2_GPT4o_91_scored.json,2,c3,9,9,Manual,0,2.3,2.3,Chief Product Officer,2.3\ChatDev_ProgramDev2_GPT4o_91_scored.json,2.3\ChatDev_ProgramDev2_GPT4o_91_scored.json,3,"Build a CLI cronjob generator. Provides a user-friendly way to create common cron job schedules (e.g., daily at 3 AM, every 15 minutes) and outputs the crontab line."
0.9999998959770916,0.9999998959770916,0.9999998959770916,ChatDev_ProgramDev2_GPT4o_91_scored.json,0,c3,1,1,LanguageChoose,0,2.3,2.3,Chief Technology Officer,2.3\ChatDev_ProgramDev2_GPT4o_91_scored.json,2.3\ChatDev_ProgramDev2_GPT4o_91_scored.json,1,"Build a CLI cronjob generator. Provides a user-friendly way to create common cron job schedules (e.g., daily at 3 AM, every 15 minutes) and outputs the crontab line."
0.9999998978805934,0.7483594815343698,0.0001584362410990077,ChatDev_ProgramDev2_GPT4o_91_scored.json,0,c3,4,4,CodeReviewComment,0,2.3,2.3,Code Reviewer,2.3\ChatDev_ProgramDev2_GPT4o_91_scored.json,2.3\ChatDev_ProgramDev2_GPT4o_91_scored.json,1,"Build a CLI cronjob generator. Provides a user-friendly way to create common cron job schedules (e.g., daily at 3 AM, every 15 minutes) and outputs the crontab line."
0.8807969932215204,0.2630571074941148,0.0009110514045295695,ChatDev_ProgramDev2_GPT4o_91_scored.json,1,c3,8,8,CodeReviewComment,0,2.3,2.3,Code Reviewer,2.3\ChatDev_ProgramDev2_GPT4o_91_scored.json,2.3\ChatDev_ProgramDev2_GPT4o_91_scored.json,2,"Build a CLI cronjob generator. Provides a user-friendly way to create common cron job schedules (e.g., daily at 3 AM, every 15 minutes) and outputs the crontab line."
0.004070137939983506,0.0014359194091672835,4.78509457496562e-06,ChatDev_ProgramDev2_GPT4o_91_scored.json,2,c3,7,7,CodeReviewComment,0,2.3,2.3,Code Reviewer,2.3\ChatDev_ProgramDev2_GPT4o_91_scored.json,2.3\ChatDev_ProgramDev2_GPT4o_91_scored.json,3,"Build a CLI cronjob generator. Provides a user-friendly way to create common cron job schedules (e.g., daily at 3 AM, every 15 minutes) and outputs the crontab line."
0.9999998772899766,0.5320821060865686,1.522997974471263e-08,ChatDev_ProgramDev2_GPT4o_91_scored.json,1,c3,21,21,CodeReviewModification,0,2.3,2.3,Programmer,2.3\ChatDev_ProgramDev2_GPT4o_91_scored.json,2.3\ChatDev_ProgramDev2_GPT4o_91_scored.json,2,"Build a CLI cronjob generator. Provides a user-friendly way to create common cron job schedules (e.g., daily at 3 AM, every 15 minutes) and outputs the crontab line."
0.9984987945132215,0.29783122200405304,1.7603429545652396e-06,ChatDev_ProgramDev2_GPT4o_91_scored.json,2,c3,14,14,CodeReviewModification,0,2.3,2.3,Programmer,2.3\ChatDev_ProgramDev2_GPT4o_91_scored.json,2.3\ChatDev_ProgramDev2_GPT4o_91_scored.json,3,"Build a CLI cronjob generator. Provides a user-friendly way to create common cron job schedules (e.g., daily at 3 AM, every 15 minutes) and outputs the crontab line."
0.9859363710391911,0.14859080815176598,4.539785156619626e-05,ChatDev_ProgramDev2_GPT4o_91_scored.json,3,c3,19,19,CodeReviewModification,0,2.3,2.3,Programmer,2.3\ChatDev_ProgramDev2_GPT4o_91_scored.json,2.3\ChatDev_ProgramDev2_GPT4o_91_scored.json,4,"Build a CLI cronjob generator. Provides a user-friendly way to create common cron job schedules (e.g., daily at 3 AM, every 15 minutes) and outputs the crontab line."
0.95257415531961,0.1689868967404574,3.7266389560521204e-06,ChatDev_ProgramDev2_GPT4o_91_scored.json,0,c3,18,18,Coding,0,2.3,2.3,Programmer,2.3\ChatDev_ProgramDev2_GPT4o_91_scored.json,2.3\ChatDev_ProgramDev2_GPT4o_91_scored.json,1,"Build a CLI cronjob generator. Provides a user-friendly way to create common cron job schedules (e.g., daily at 3 AM, every 15 minutes) and outputs the crontab line."
0.9999998409036234,0.9999316370275111,0.9996645361891097,ChatDev_ProgramDev2_GPT4o_91_scored.json,4,c3,5,5,EnvironmentDoc,0,2.3,2.3,Programmer,2.3\ChatDev_ProgramDev2_GPT4o_91_scored.json,2.3\ChatDev_ProgramDev2_GPT4o_91_scored.json,5,"Build a CLI cronjob generator. Provides a user-friendly way to create common cron job schedules (e.g., daily at 3 AM, every 15 minutes) and outputs the crontab line."
1.0,0.99725154575539,0.9890129394384499,ChatDev_ProgramDev2_GPT4o_92_scored.json,0,c3,4,4,Reflection,0,2.2,2.2;2.3,Chief Executive Officer,2.2\ChatDev_ProgramDev2_GPT4o_92_scored.json,2.2\ChatDev_ProgramDev2_GPT4o_92_scored.json;2.3\ChatDev_ProgramDev2_GPT4o_92_scored.json,1,Write a CLI utility to add line numbers to a text file. The output can be to a new file or standard output.
0.99999988555055,0.6619794859745359,2.2603250957489616e-06,ChatDev_ProgramDev2_GPT4o_92_scored.json,0,c3,3,3,DemandAnalysis,0,2.2,2.2;2.3,Chief Product Officer,2.2\ChatDev_ProgramDev2_GPT4o_92_scored.json,2.2\ChatDev_ProgramDev2_GPT4o_92_scored.json;2.3\ChatDev_ProgramDev2_GPT4o_92_scored.json,1,Write a CLI utility to add line numbers to a text file. The output can be to a new file or standard output.
0.9995693613520321,0.666022724976007,0.0,ChatDev_ProgramDev2_GPT4o_92_scored.json,1,c3,3,3,DemandAnalysis,0,2.2,2.2;2.3,Chief Product Officer,2.2\ChatDev_ProgramDev2_GPT4o_92_scored.json,2.2\ChatDev_ProgramDev2_GPT4o_92_scored.json;2.3\ChatDev_ProgramDev2_GPT4o_92_scored.json,2,Write a CLI utility to add line numbers to a text file. The output can be to a new file or standard output.
0.9999998545491624,0.9999998545491624,0.9999998545491624,ChatDev_ProgramDev2_GPT4o_92_scored.json,2,c3,1,1,DemandAnalysis,0,2.2,2.2;2.3,Chief Product Officer,2.2\ChatDev_ProgramDev2_GPT4o_92_scored.json,2.2\ChatDev_ProgramDev2_GPT4o_92_scored.json;2.3\ChatDev_ProgramDev2_GPT4o_92_scored.json,3,Write a CLI utility to add line numbers to a text file. The output can be to a new file or standard output.
1.0,0.809611301333808,8.764248219443636e-08,ChatDev_ProgramDev2_GPT4o_92_scored.json,3,c3,12,12,Manual,0,2.2,2.2;2.3,Chief Product Officer,2.2\ChatDev_ProgramDev2_GPT4o_92_scored.json,2.2\ChatDev_ProgramDev2_GPT4o_92_scored.json;2.3\ChatDev_ProgramDev2_GPT4o_92_scored.json,4,Write a CLI utility to add line numbers to a text file. The output can be to a new file or standard output.
0.9968273218837016,0.9968273218837016,0.9968273218837016,ChatDev_ProgramDev2_GPT4o_92_scored.json,0,c3,1,1,LanguageChoose,0,2.2,2.2;2.3,Chief Technology Officer,2.2\ChatDev_ProgramDev2_GPT4o_92_scored.json,2.2\ChatDev_ProgramDev2_GPT4o_92_scored.json;2.3\ChatDev_ProgramDev2_GPT4o_92_scored.json,1,Write a CLI utility to add line numbers to a text file. The output can be to a new file or standard output.
0.962673043405458,0.3735862370878179,4.539785156619626e-05,ChatDev_ProgramDev2_GPT4o_92_scored.json,0,c3,8,8,CodeReviewComment,0,2.2,2.2;2.3,Code Reviewer,2.2\ChatDev_ProgramDev2_GPT4o_92_scored.json,2.2\ChatDev_ProgramDev2_GPT4o_92_scored.json;2.3\ChatDev_ProgramDev2_GPT4o_92_scored.json,1,Write a CLI utility to add line numbers to a text file. The output can be to a new file or standard output.
0.18242555362587268,0.18242555362587268,0.18242555362587268,ChatDev_ProgramDev2_GPT4o_92_scored.json,1,c3,1,1,CodeReviewComment,0,2.2,2.2;2.3,Code Reviewer,2.2\ChatDev_ProgramDev2_GPT4o_92_scored.json,2.2\ChatDev_ProgramDev2_GPT4o_92_scored.json;2.3\ChatDev_ProgramDev2_GPT4o_92_scored.json,2,Write a CLI utility to add line numbers to a text file. The output can be to a new file or standard output.
0.18242555362587268,0.18242555362587268,0.18242555362587268,ChatDev_ProgramDev2_GPT4o_92_scored.json,2,c3,1,1,CodeReviewComment,0,2.2,2.2;2.3,Code Reviewer,2.2\ChatDev_ProgramDev2_GPT4o_92_scored.json,2.2\ChatDev_ProgramDev2_GPT4o_92_scored.json;2.3\ChatDev_ProgramDev2_GPT4o_92_scored.json,3,Write a CLI utility to add line numbers to a text file. The output can be to a new file or standard output.
1.0,0.9663267777932987,0.6791787370791151,ChatDev_ProgramDev2_GPT4o_92_scored.json,1,c3,14,14,CodeReviewModification,0,2.2,2.2;2.3,Programmer,2.2\ChatDev_ProgramDev2_GPT4o_92_scored.json,2.2\ChatDev_ProgramDev2_GPT4o_92_scored.json;2.3\ChatDev_ProgramDev2_GPT4o_92_scored.json,2,Write a CLI utility to add line numbers to a text file. The output can be to a new file or standard output.
0.9999998860671814,0.7159125291912508,1.186112015134383e-08,ChatDev_ProgramDev2_GPT4o_92_scored.json,2,c3,12,12,CodeReviewModification,0,2.2,2.2;2.3,Programmer,2.2\ChatDev_ProgramDev2_GPT4o_92_scored.json,2.2\ChatDev_ProgramDev2_GPT4o_92_scored.json;2.3\ChatDev_ProgramDev2_GPT4o_92_scored.json,3,Write a CLI utility to add line numbers to a text file. The output can be to a new file or standard output.
1.0,0.7206300510042772,6.34880011604368e-09,ChatDev_ProgramDev2_GPT4o_92_scored.json,3,c3,10,10,CodeReviewModification,0,2.2,2.2;2.3,Programmer,2.2\ChatDev_ProgramDev2_GPT4o_92_scored.json,2.2\ChatDev_ProgramDev2_GPT4o_92_scored.json;2.3\ChatDev_ProgramDev2_GPT4o_92_scored.json,4,Write a CLI utility to add line numbers to a text file. The output can be to a new file or standard output.
0.9999998700279373,0.6512530086512223,1.8553913626159784e-07,ChatDev_ProgramDev2_GPT4o_92_scored.json,0,c3,10,10,Coding,0,2.2,2.2;2.3,Programmer,2.2\ChatDev_ProgramDev2_GPT4o_92_scored.json,2.2\ChatDev_ProgramDev2_GPT4o_92_scored.json;2.3\ChatDev_ProgramDev2_GPT4o_92_scored.json,1,Write a CLI utility to add line numbers to a text file. The output can be to a new file or standard output.
0.9999998437402718,0.9327633721243537,0.731058609991648,ChatDev_ProgramDev2_GPT4o_92_scored.json,4,c3,4,4,EnvironmentDoc,0,2.2,2.2;2.3,Programmer,2.2\ChatDev_ProgramDev2_GPT4o_92_scored.json,2.2\ChatDev_ProgramDev2_GPT4o_92_scored.json;2.3\ChatDev_ProgramDev2_GPT4o_92_scored.json,5,Write a CLI utility to add line numbers to a text file. The output can be to a new file or standard output.
0.999999875401659,0.8613471884174067,0.3208213362911397,ChatDev_ProgramDev2_GPT4o_94_scored.json,0,c3,5,5,Reflection,0,2.2,2.2;2.3,Chief Executive Officer,2.2\ChatDev_ProgramDev2_GPT4o_94_scored.json,2.2\ChatDev_ProgramDev2_GPT4o_94_scored.json;2.3\ChatDev_ProgramDev2_GPT4o_94_scored.json,1,Develop a CLI program to extract specific columns from a CSV or space-delimited text file. User specifies column numbers or headers.
1.0,0.6658445001186784,6.144171336422507e-06,ChatDev_ProgramDev2_GPT4o_94_scored.json,0,c3,3,3,DemandAnalysis,0,2.2,2.2;2.3,Chief Product Officer,2.2\ChatDev_ProgramDev2_GPT4o_94_scored.json,2.2\ChatDev_ProgramDev2_GPT4o_94_scored.json;2.3\ChatDev_ProgramDev2_GPT4o_94_scored.json,1,Develop a CLI program to extract specific columns from a CSV or space-delimited text file. User specifies column numbers or headers.
1.8553913626159784e-07,1.0254740867472417e-07,1.9555681087850496e-08,ChatDev_ProgramDev2_GPT4o_94_scored.json,1,c3,2,2,DemandAnalysis,0,2.2,2.2;2.3,Chief Product Officer,2.2\ChatDev_ProgramDev2_GPT4o_94_scored.json,2.2\ChatDev_ProgramDev2_GPT4o_94_scored.json;2.3\ChatDev_ProgramDev2_GPT4o_94_scored.json,2,Develop a CLI program to extract specific columns from a CSV or space-delimited text file. User specifies column numbers or headers.
1.0,0.7334756498512889,1.103256032343554e-09,ChatDev_ProgramDev2_GPT4o_94_scored.json,2,c3,15,15,Manual,0,2.2,2.2;2.3,Chief Product Officer,2.2\ChatDev_ProgramDev2_GPT4o_94_scored.json,2.2\ChatDev_ProgramDev2_GPT4o_94_scored.json;2.3\ChatDev_ProgramDev2_GPT4o_94_scored.json,3,Develop a CLI program to extract specific columns from a CSV or space-delimited text file. User specifies column numbers or headers.
0.99999988484326,0.99999988484326,0.99999988484326,ChatDev_ProgramDev2_GPT4o_94_scored.json,0,c3,1,1,LanguageChoose,0,2.2,2.2;2.3,Chief Technology Officer,2.2\ChatDev_ProgramDev2_GPT4o_94_scored.json,2.2\ChatDev_ProgramDev2_GPT4o_94_scored.json;2.3\ChatDev_ProgramDev2_GPT4o_94_scored.json,1,Develop a CLI program to extract specific columns from a CSV or space-delimited text file. User specifies column numbers or headers.
0.9975273972025447,0.9975273972025447,0.9975273972025447,ChatDev_ProgramDev2_GPT4o_94_scored.json,1,c3,1,1,LanguageChoose,0,2.2,2.2;2.3,Chief Technology Officer,2.2\ChatDev_ProgramDev2_GPT4o_94_scored.json,2.2\ChatDev_ProgramDev2_GPT4o_94_scored.json;2.3\ChatDev_ProgramDev2_GPT4o_94_scored.json,2,Develop a CLI program to extract specific columns from a CSV or space-delimited text file. User specifies column numbers or headers.
0.9999998769789961,0.7991859397767087,0.4378235256130837,ChatDev_ProgramDev2_GPT4o_94_scored.json,0,c3,5,5,CodeReviewComment,0,2.2,2.2;2.3,Code Reviewer,2.2\ChatDev_ProgramDev2_GPT4o_94_scored.json,2.2\ChatDev_ProgramDev2_GPT4o_94_scored.json;2.3\ChatDev_ProgramDev2_GPT4o_94_scored.json,1,Develop a CLI program to extract specific columns from a CSV or space-delimited text file. User specifies column numbers or headers.
0.9999998497938857,0.9937774317555021,0.9626730247069031,ChatDev_ProgramDev2_GPT4o_94_scored.json,1,c3,6,6,CodeReviewComment,0,2.2,2.2;2.3,Code Reviewer,2.2\ChatDev_ProgramDev2_GPT4o_94_scored.json,2.2\ChatDev_ProgramDev2_GPT4o_94_scored.json;2.3\ChatDev_ProgramDev2_GPT4o_94_scored.json,2,Develop a CLI program to extract specific columns from a CSV or space-delimited text file. User specifies column numbers or headers.
0.32082130526509023,0.10536264460400127,0.0001584362410990077,ChatDev_ProgramDev2_GPT4o_94_scored.json,2,c3,5,5,CodeReviewComment,0,2.2,2.2;2.3,Code Reviewer,2.2\ChatDev_ProgramDev2_GPT4o_94_scored.json,2.2\ChatDev_ProgramDev2_GPT4o_94_scored.json;2.3\ChatDev_ProgramDev2_GPT4o_94_scored.json,3,Develop a CLI program to extract specific columns from a CSV or space-delimited text file. User specifies column numbers or headers.
0.9975273142973302,0.14449396901876113,1.7257827987960214e-08,ChatDev_ProgramDev2_GPT4o_94_scored.json,1,c3,14,14,CodeReviewModification,0,2.2,2.2;2.3,Programmer,2.2\ChatDev_ProgramDev2_GPT4o_94_scored.json,2.2\ChatDev_ProgramDev2_GPT4o_94_scored.json;2.3\ChatDev_ProgramDev2_GPT4o_94_scored.json,2,Develop a CLI program to extract specific columns from a CSV or space-delimited text file. User specifies column numbers or headers.
0.9999998868993032,0.7509324946750165,0.0001233946226544279,ChatDev_ProgramDev2_GPT4o_94_scored.json,2,c3,19,19,CodeReviewModification,0,2.2,2.2;2.3,Programmer,2.2\ChatDev_ProgramDev2_GPT4o_94_scored.json,2.2\ChatDev_ProgramDev2_GPT4o_94_scored.json;2.3\ChatDev_ProgramDev2_GPT4o_94_scored.json,3,Develop a CLI program to extract specific columns from a CSV or space-delimited text file. User specifies column numbers or headers.
1.0,0.6946948328154021,3.398267819495071e-09,ChatDev_ProgramDev2_GPT4o_94_scored.json,3,c3,16,16,CodeReviewModification,0,2.2,2.2;2.3,Programmer,2.2\ChatDev_ProgramDev2_GPT4o_94_scored.json,2.2\ChatDev_ProgramDev2_GPT4o_94_scored.json;2.3\ChatDev_ProgramDev2_GPT4o_94_scored.json,4,Develop a CLI program to extract specific columns from a CSV or space-delimited text file. User specifies column numbers or headers.
0.9999998405669868,0.8367501883324561,0.1192029258996599,ChatDev_ProgramDev2_GPT4o_94_scored.json,0,c3,17,17,Coding,0,2.2,2.2;2.3,Programmer,2.2\ChatDev_ProgramDev2_GPT4o_94_scored.json,2.2\ChatDev_ProgramDev2_GPT4o_94_scored.json;2.3\ChatDev_ProgramDev2_GPT4o_94_scored.json,1,Develop a CLI program to extract specific columns from a CSV or space-delimited text file. User specifies column numbers or headers.
0.9999994968172065,0.999707702673831,0.9992902640572576,ChatDev_ProgramDev2_GPT4o_94_scored.json,4,c3,4,4,EnvironmentDoc,0,2.2,2.2;2.3,Programmer,2.2\ChatDev_ProgramDev2_GPT4o_94_scored.json,2.2\ChatDev_ProgramDev2_GPT4o_94_scored.json;2.3\ChatDev_ProgramDev2_GPT4o_94_scored.json,5,Develop a CLI program to extract specific columns from a CSV or space-delimited text file. User specifies column numbers or headers.
0.9999998775637733,0.4993818669857078,2.215948977336598e-08,ChatDev_ProgramDev2_GPT4o_98_scored.json,0,c3,4,4,DemandAnalysis,0,2.2,2.2;2.3,Chief Product Officer,2.2\ChatDev_ProgramDev2_GPT4o_98_scored.json,2.2\ChatDev_ProgramDev2_GPT4o_98_scored.json;2.3\ChatDev_ProgramDev2_GPT4o_98_scored.json,1,Develop a CLI tool that generates a Markdown table from a CSV file input. The first row of the CSV is treated as the header.
0.999999243727636,0.399765928397663,0.0,ChatDev_ProgramDev2_GPT4o_98_scored.json,1,c3,5,5,DemandAnalysis,0,2.2,2.2;2.3,Chief Product Officer,2.2\ChatDev_ProgramDev2_GPT4o_98_scored.json,2.2\ChatDev_ProgramDev2_GPT4o_98_scored.json;2.3\ChatDev_ProgramDev2_GPT4o_98_scored.json,2,Develop a CLI tool that generates a Markdown table from a CSV file input. The first row of the CSV is treated as the header.
1.0,0.5919301102172866,0.0,ChatDev_ProgramDev2_GPT4o_98_scored.json,2,c3,16,16,Manual,0,2.2,2.2;2.3,Chief Product Officer,2.2\ChatDev_ProgramDev2_GPT4o_98_scored.json,2.2\ChatDev_ProgramDev2_GPT4o_98_scored.json;2.3\ChatDev_ProgramDev2_GPT4o_98_scored.json,3,Develop a CLI tool that generates a Markdown table from a CSV file input. The first row of the CSV is treated as the header.
0.9999998689587007,0.9999998689587007,0.9999998689587007,ChatDev_ProgramDev2_GPT4o_98_scored.json,0,c3,1,1,LanguageChoose,0,2.2,2.2;2.3,Chief Technology Officer,2.2\ChatDev_ProgramDev2_GPT4o_98_scored.json,2.2\ChatDev_ProgramDev2_GPT4o_98_scored.json;2.3\ChatDev_ProgramDev2_GPT4o_98_scored.json,1,Develop a CLI tool that generates a Markdown table from a CSV file input. The first row of the CSV is treated as the header.
0.9999998611504499,0.5999997307107364,0.0,ChatDev_ProgramDev2_GPT4o_98_scored.json,0,c3,5,5,CodeReviewComment,0,2.2,2.2;2.3,Code Reviewer,2.2\ChatDev_ProgramDev2_GPT4o_98_scored.json,2.2\ChatDev_ProgramDev2_GPT4o_98_scored.json;2.3\ChatDev_ProgramDev2_GPT4o_98_scored.json,1,Develop a CLI tool that generates a Markdown table from a CSV file input. The first row of the CSV is treated as the header.
0.0031726831078774057,0.0031726831078774057,0.0031726831078774057,ChatDev_ProgramDev2_GPT4o_98_scored.json,1,c3,1,1,CodeReviewComment,0,2.2,2.2;2.3,Code Reviewer,2.2\ChatDev_ProgramDev2_GPT4o_98_scored.json,2.2\ChatDev_ProgramDev2_GPT4o_98_scored.json;2.3\ChatDev_ProgramDev2_GPT4o_98_scored.json,2,Develop a CLI tool that generates a Markdown table from a CSV file input. The first row of the CSV is treated as the header.
0.002472623024627213,0.002472623024627213,0.002472623024627213,ChatDev_ProgramDev2_GPT4o_98_scored.json,2,c3,1,1,CodeReviewComment,0,2.2,2.2;2.3,Code Reviewer,2.2\ChatDev_ProgramDev2_GPT4o_98_scored.json,2.2\ChatDev_ProgramDev2_GPT4o_98_scored.json;2.3\ChatDev_ProgramDev2_GPT4o_98_scored.json,3,Develop a CLI tool that generates a Markdown table from a CSV file input. The first row of the CSV is treated as the header.
1.0,0.6665115747639603,7.194133030325383e-09,ChatDev_ProgramDev2_GPT4o_98_scored.json,1,c3,12,12,CodeReviewModification,0,2.2,2.2;2.3,Programmer,2.2\ChatDev_ProgramDev2_GPT4o_98_scored.json,2.2\ChatDev_ProgramDev2_GPT4o_98_scored.json;2.3\ChatDev_ProgramDev2_GPT4o_98_scored.json,2,Develop a CLI tool that generates a Markdown table from a CSV file input. The first row of the CSV is treated as the header.
0.9999998769789961,0.9533773110648651,0.14804723268804668,ChatDev_ProgramDev2_GPT4o_98_scored.json,2,c3,20,20,CodeReviewModification,0,2.2,2.2;2.3,Programmer,2.2\ChatDev_ProgramDev2_GPT4o_98_scored.json,2.2\ChatDev_ProgramDev2_GPT4o_98_scored.json;2.3\ChatDev_ProgramDev2_GPT4o_98_scored.json,3,Develop a CLI tool that generates a Markdown table from a CSV file input. The first row of the CSV is treated as the header.
0.9999998860671814,0.9235614575704302,7.484619074298232e-05,ChatDev_ProgramDev2_GPT4o_98_scored.json,3,c3,20,20,CodeReviewModification,0,2.2,2.2;2.3,Programmer,2.2\ChatDev_ProgramDev2_GPT4o_98_scored.json,2.2\ChatDev_ProgramDev2_GPT4o_98_scored.json;2.3\ChatDev_ProgramDev2_GPT4o_98_scored.json,4,Develop a CLI tool that generates a Markdown table from a CSV file input. The first row of the CSV is treated as the header.
0.9999998615076946,0.7687200793642418,0.00857748616990274,ChatDev_ProgramDev2_GPT4o_98_scored.json,0,c3,10,10,Coding,0,2.2,2.2;2.3,Programmer,2.2\ChatDev_ProgramDev2_GPT4o_98_scored.json,2.2\ChatDev_ProgramDev2_GPT4o_98_scored.json;2.3\ChatDev_ProgramDev2_GPT4o_98_scored.json,1,Develop a CLI tool that generates a Markdown table from a CSV file input. The first row of the CSV is treated as the header.
0.9999998673813637,0.2256178989376977,0.001501181950907551,ChatDev_ProgramDev2_GPT4o_98_scored.json,4,c3,5,5,EnvironmentDoc,0,2.2,2.2;2.3,Programmer,2.2\ChatDev_ProgramDev2_GPT4o_98_scored.json,2.2\ChatDev_ProgramDev2_GPT4o_98_scored.json;2.3\ChatDev_ProgramDev2_GPT4o_98_scored.json,5,Develop a CLI tool that generates a Markdown table from a CSV file input. The first row of the CSV is treated as the header.
0.9999997305902396,0.6871357648410994,0.0019267342527389902,ChatDev_ProgramDev2_GPT4o_98_scored.json,5,c3,5,5,EnvironmentDoc,0,2.2,2.2;2.3,Programmer,2.2\ChatDev_ProgramDev2_GPT4o_98_scored.json,2.2\ChatDev_ProgramDev2_GPT4o_98_scored.json;2.3\ChatDev_ProgramDev2_GPT4o_98_scored.json,6,Develop a CLI tool that generates a Markdown table from a CSV file input. The first row of the CSV is treated as the header.
1.0,1.0,1.0,ChatDev_ProgramDev_GPT4o_3_scored.json,0,c3,2,2,Reflection,0,2.2,2.2,Chief Executive Officer,2.2\ChatDev_ProgramDev_GPT4o_3_scored.json,2.2\ChatDev_ProgramDev_GPT4o_3_scored.json,1,develop a program that detects palindromes in a given text file
0.9999998557085016,0.9993327246748328,0.9980731929974253,ChatDev_ProgramDev_GPT4o_3_scored.json,0,c3,3,3,DemandAnalysis,0,2.2,2.2,Chief Product Officer,2.2\ChatDev_ProgramDev_GPT4o_3_scored.json,2.2\ChatDev_ProgramDev_GPT4o_3_scored.json,1,develop a program that detects palindromes in a given text file
0.9999898285948392,0.33333257277312717,4.5990553786523166e-10,ChatDev_ProgramDev_GPT4o_3_scored.json,1,c3,3,3,DemandAnalysis,0,2.2,2.2,Chief Product Officer,2.2\ChatDev_ProgramDev_GPT4o_3_scored.json,2.2\ChatDev_ProgramDev_GPT4o_3_scored.json,2,develop a program that detects palindromes in a given text file
0.9999998774628126,0.3433352884406361,2.061153622438558e-09,ChatDev_ProgramDev_GPT4o_3_scored.json,2,c3,19,19,Manual,0,2.2,2.2,Chief Product Officer,2.2\ChatDev_ProgramDev_GPT4o_3_scored.json,2.2\ChatDev_ProgramDev_GPT4o_3_scored.json,3,develop a program that detects palindromes in a given text file
0.9999992529590148,0.9999992529590148,0.9999992529590148,ChatDev_ProgramDev_GPT4o_3_scored.json,0,c3,1,1,LanguageChoose,0,2.2,2.2,Chief Technology Officer,2.2\ChatDev_ProgramDev_GPT4o_3_scored.json,2.2\ChatDev_ProgramDev_GPT4o_3_scored.json,1,develop a program that detects palindromes in a given text file
0.0011695103074966034,0.0011695103074966034,0.0011695103074966034,ChatDev_ProgramDev_GPT4o_3_scored.json,0,c3,1,1,CodeReviewComment,0,2.2,2.2,Code Reviewer,2.2\ChatDev_ProgramDev_GPT4o_3_scored.json,2.2\ChatDev_ProgramDev_GPT4o_3_scored.json,1,develop a program that detects palindromes in a given text file
0.9933071530521675,0.2173502091412658,0.0011695103074966034,ChatDev_ProgramDev_GPT4o_3_scored.json,1,c3,7,7,CodeReviewComment,0,2.2,2.2,Code Reviewer,2.2\ChatDev_ProgramDev_GPT4o_3_scored.json,2.2\ChatDev_ProgramDev_GPT4o_3_scored.json,2,develop a program that detects palindromes in a given text file
0.6791787457724727,0.10112207221596874,3.4663274126619643e-07,ChatDev_ProgramDev_GPT4o_3_scored.json,2,c3,7,7,CodeReviewComment,0,2.2,2.2,Code Reviewer,2.2\ChatDev_ProgramDev_GPT4o_3_scored.json,2.2\ChatDev_ProgramDev_GPT4o_3_scored.json,3,develop a program that detects palindromes in a given text file
0.9933071085596625,0.31276850585330235,4.139937718785167e-08,ChatDev_ProgramDev_GPT4o_3_scored.json,1,c3,19,19,CodeReviewModification,0,2.2,2.2,Programmer,2.2\ChatDev_ProgramDev_GPT4o_3_scored.json,2.2\ChatDev_ProgramDev_GPT4o_3_scored.json,2,develop a program that detects palindromes in a given text file
0.9241417968410178,0.10084920203168733,1.7603429545652396e-06,ChatDev_ProgramDev_GPT4o_3_scored.json,2,c3,23,23,CodeReviewModification,0,2.2,2.2,Programmer,2.2\ChatDev_ProgramDev_GPT4o_3_scored.json,2.2\ChatDev_ProgramDev_GPT4o_3_scored.json,3,develop a program that detects palindromes in a given text file
0.9999998772899766,0.40822852499893436,5.211412487888539e-10,ChatDev_ProgramDev_GPT4o_3_scored.json,3,c3,28,28,CodeReviewModification,0,2.2,2.2,Programmer,2.2\ChatDev_ProgramDev_GPT4o_3_scored.json,2.2\ChatDev_ProgramDev_GPT4o_3_scored.json,4,develop a program that detects palindromes in a given text file
1.0,0.8636351984541161,0.09534947973734775,ChatDev_ProgramDev_GPT4o_3_scored.json,0,c3,20,20,Coding,0,2.2,2.2,Programmer,2.2\ChatDev_ProgramDev_GPT4o_3_scored.json,2.2\ChatDev_ProgramDev_GPT4o_3_scored.json,1,develop a program that detects palindromes in a given text file
1.0,0.9992494185630952,0.9984988371261905,ChatDev_ProgramDev_GPT4o_3_scored.json,4,c3,2,2,EnvironmentDoc,0,2.2,2.2,Programmer,2.2\ChatDev_ProgramDev_GPT4o_3_scored.json,2.2\ChatDev_ProgramDev_GPT4o_3_scored.json,5,develop a program that detects palindromes in a given text file
0.9999998958488131,0.8540587596251292,0.5621765385952616,ChatDev_ProgramDev_GPT4o_8_scored.json,0,c3,3,3,DemandAnalysis,0,2.2,2.2;2.3,Chief Product Officer,2.2\ChatDev_ProgramDev_GPT4o_8_scored.json,2.2\ChatDev_ProgramDev_GPT4o_8_scored.json;2.3\ChatDev_ProgramDev_GPT4o_8_scored.json,1,"Design a chess game, allowing two players to take turns and determining the winner. It should be playable from Linux Terminal, and does not require me to access a dedicated UX or GUI platform, i.e. print the results on terminal at each stage and let me play it there by entering inputs (formal chess notation such as Ke8). Include standard chess features like castling, en passant, and pawn promotion. Enforce check and checkmate rules."
0.9999998764623647,0.4999999944987697,1.1253517471925912e-07,ChatDev_ProgramDev_GPT4o_8_scored.json,1,c3,2,2,DemandAnalysis,0,2.2,2.2;2.3,Chief Product Officer,2.2\ChatDev_ProgramDev_GPT4o_8_scored.json,2.2\ChatDev_ProgramDev_GPT4o_8_scored.json;2.3\ChatDev_ProgramDev_GPT4o_8_scored.json,2,"Design a chess game, allowing two players to take turns and determining the winner. It should be playable from Linux Terminal, and does not require me to access a dedicated UX or GUI platform, i.e. print the results on terminal at each stage and let me play it there by entering inputs (formal chess notation such as Ke8). Include standard chess features like castling, en passant, and pawn promotion. Enforce check and checkmate rules."
1.0,0.6455684117898228,5.905303998944039e-10,ChatDev_ProgramDev_GPT4o_8_scored.json,2,c3,21,21,Manual,0,2.2,2.2;2.3,Chief Product Officer,2.2\ChatDev_ProgramDev_GPT4o_8_scored.json,2.2\ChatDev_ProgramDev_GPT4o_8_scored.json;2.3\ChatDev_ProgramDev_GPT4o_8_scored.json,3,"Design a chess game, allowing two players to take turns and determining the winner. It should be playable from Linux Terminal, and does not require me to access a dedicated UX or GUI platform, i.e. print the results on terminal at each stage and let me play it there by entering inputs (formal chess notation such as Ke8). Include standard chess features like castling, en passant, and pawn promotion. Enforce check and checkmate rules."
0.9999998621224395,0.9999998621224395,0.9999998621224395,ChatDev_ProgramDev_GPT4o_8_scored.json,0,c3,1,1,LanguageChoose,0,2.2,2.2;2.3,Chief Technology Officer,2.2\ChatDev_ProgramDev_GPT4o_8_scored.json,2.2\ChatDev_ProgramDev_GPT4o_8_scored.json;2.3\ChatDev_ProgramDev_GPT4o_8_scored.json,1,"Design a chess game, allowing two players to take turns and determining the winner. It should be playable from Linux Terminal, and does not require me to access a dedicated UX or GUI platform, i.e. print the results on terminal at each stage and let me play it there by entering inputs (formal chess notation such as Ke8). Include standard chess features like castling, en passant, and pawn promotion. Enforce check and checkmate rules."
0.9999989008884079,0.7249303645146032,9.237449661970594e-09,ChatDev_ProgramDev_GPT4o_8_scored.json,0,c3,9,9,CodeReviewComment,0,2.2,2.2;2.3,Code Reviewer,2.2\ChatDev_ProgramDev_GPT4o_8_scored.json,2.2\ChatDev_ProgramDev_GPT4o_8_scored.json;2.3\ChatDev_ProgramDev_GPT4o_8_scored.json,1,"Design a chess game, allowing two players to take turns and determining the winner. It should be playable from Linux Terminal, and does not require me to access a dedicated UX or GUI platform, i.e. print the results on terminal at each stage and let me play it there by entering inputs (formal chess notation such as Ke8). Include standard chess features like castling, en passant, and pawn promotion. Enforce check and checkmate rules."
0.9999976944943337,0.9095312837670265,6.023573837886479e-08,ChatDev_ProgramDev_GPT4o_8_scored.json,1,c3,12,12,CodeReviewComment,0,2.2,2.2;2.3,Code Reviewer,2.2\ChatDev_ProgramDev_GPT4o_8_scored.json,2.2\ChatDev_ProgramDev_GPT4o_8_scored.json;2.3\ChatDev_ProgramDev_GPT4o_8_scored.json,2,"Design a chess game, allowing two players to take turns and determining the winner. It should be playable from Linux Terminal, and does not require me to access a dedicated UX or GUI platform, i.e. print the results on terminal at each stage and let me play it there by entering inputs (formal chess notation such as Ke8). Include standard chess features like castling, en passant, and pawn promotion. Enforce check and checkmate rules."
0.999999861277098,0.8412506948127549,1.3007123989067183e-05,ChatDev_ProgramDev_GPT4o_8_scored.json,2,c3,12,12,CodeReviewComment,0,2.2,2.2;2.3,Code Reviewer,2.2\ChatDev_ProgramDev_GPT4o_8_scored.json,2.2\ChatDev_ProgramDev_GPT4o_8_scored.json;2.3\ChatDev_ProgramDev_GPT4o_8_scored.json,3,"Design a chess game, allowing two players to take turns and determining the winner. It should be playable from Linux Terminal, and does not require me to access a dedicated UX or GUI platform, i.e. print the results on terminal at each stage and let me play it there by entering inputs (formal chess notation such as Ke8). Include standard chess features like castling, en passant, and pawn promotion. Enforce check and checkmate rules."
0.06008665559535436,0.005673584687978537,3.6534822137210456e-08,ChatDev_ProgramDev_GPT4o_8_scored.json,1,c3,26,26,CodeReviewModification,0,2.2,2.2;2.3,Programmer,2.2\ChatDev_ProgramDev_GPT4o_8_scored.json,2.2\ChatDev_ProgramDev_GPT4o_8_scored.json;2.3\ChatDev_ProgramDev_GPT4o_8_scored.json,2,"Design a chess game, allowing two players to take turns and determining the winner. It should be playable from Linux Terminal, and does not require me to access a dedicated UX or GUI platform, i.e. print the results on terminal at each stage and let me play it there by entering inputs (formal chess notation such as Ke8). Include standard chess features like castling, en passant, and pawn promotion. Enforce check and checkmate rules."
0.0758581781348987,0.00885375448655817,3.398267819495071e-09,ChatDev_ProgramDev_GPT4o_8_scored.json,2,c3,23,23,CodeReviewModification,0,2.2,2.2;2.3,Programmer,2.2\ChatDev_ProgramDev_GPT4o_8_scored.json,2.2\ChatDev_ProgramDev_GPT4o_8_scored.json;2.3\ChatDev_ProgramDev_GPT4o_8_scored.json,3,"Design a chess game, allowing two players to take turns and determining the winner. It should be playable from Linux Terminal, and does not require me to access a dedicated UX or GUI platform, i.e. print the results on terminal at each stage and let me play it there by entering inputs (formal chess notation such as Ke8). Include standard chess features like castling, en passant, and pawn promotion. Enforce check and checkmate rules."
0.11920291624471122,0.005386692342232945,1.2501528663867426e-09,ChatDev_ProgramDev_GPT4o_8_scored.json,3,c3,24,24,CodeReviewModification,0,2.2,2.2;2.3,Programmer,2.2\ChatDev_ProgramDev_GPT4o_8_scored.json,2.2\ChatDev_ProgramDev_GPT4o_8_scored.json;2.3\ChatDev_ProgramDev_GPT4o_8_scored.json,4,"Design a chess game, allowing two players to take turns and determining the winner. It should be playable from Linux Terminal, and does not require me to access a dedicated UX or GUI platform, i.e. print the results on terminal at each stage and let me play it there by entering inputs (formal chess notation such as Ke8). Include standard chess features like castling, en passant, and pawn promotion. Enforce check and checkmate rules."
0.9999998782635967,0.8774125098714121,1.3007123989067183e-05,ChatDev_ProgramDev_GPT4o_8_scored.json,0,c3,30,30,Coding,0,2.2,2.2;2.3,Programmer,2.2\ChatDev_ProgramDev_GPT4o_8_scored.json,2.2\ChatDev_ProgramDev_GPT4o_8_scored.json;2.3\ChatDev_ProgramDev_GPT4o_8_scored.json,1,"Design a chess game, allowing two players to take turns and determining the winner. It should be playable from Linux Terminal, and does not require me to access a dedicated UX or GUI platform, i.e. print the results on terminal at each stage and let me play it there by entering inputs (formal chess notation such as Ke8). Include standard chess features like castling, en passant, and pawn promotion. Enforce check and checkmate rules."
0.9988305056431986,0.9939217444692755,0.9890129832953524,ChatDev_ProgramDev_GPT4o_8_scored.json,4,c3,2,2,EnvironmentDoc,0,2.2,2.2;2.3,Programmer,2.2\ChatDev_ProgramDev_GPT4o_8_scored.json,2.2\ChatDev_ProgramDev_GPT4o_8_scored.json;2.3\ChatDev_ProgramDev_GPT4o_8_scored.json,5,"Design a chess game, allowing two players to take turns and determining the winner. It should be playable from Linux Terminal, and does not require me to access a dedicated UX or GUI platform, i.e. print the results on terminal at each stage and let me play it there by entering inputs (formal chess notation such as Ke8). Include standard chess features like castling, en passant, and pawn promotion. Enforce check and checkmate rules."
1.0,0.5000001529511603,3.059023205018258e-07,ChatDev_ProgramDev_GPT4o_8_scored.json,5,c3,2,2,EnvironmentDoc,0,2.2,2.2;2.3,Programmer,2.2\ChatDev_ProgramDev_GPT4o_8_scored.json,2.2\ChatDev_ProgramDev_GPT4o_8_scored.json;2.3\ChatDev_ProgramDev_GPT4o_8_scored.json,6,"Design a chess game, allowing two players to take turns and determining the winner. It should be playable from Linux Terminal, and does not require me to access a dedicated UX or GUI platform, i.e. print the results on terminal at each stage and let me play it there by entering inputs (formal chess notation such as Ke8). Include standard chess features like castling, en passant, and pawn promotion. Enforce check and checkmate rules."
1.0,0.9999802921423946,0.9999251175159275,ChatDev_ProgramDev2_GPT4o_18_scored.json,0,c4,4,4,Reflection,0,2.6,2.6,Chief Executive Officer,2.6\ChatDev_ProgramDev2_GPT4o_18_scored.json,2.6\ChatDev_ProgramDev2_GPT4o_18_scored.json,1,"Develop a CLI client for a URL shortening service (e.g., TinyURL API or similar). The user provides a long URL, and the tool outputs the shortened URL."
1.0,0.7985942709105339,2.382369667501818e-07,ChatDev_ProgramDev2_GPT4o_18_scored.json,0,c4,5,5,DemandAnalysis,0,2.6,2.6,Chief Product Officer,2.6\ChatDev_ProgramDev2_GPT4o_18_scored.json,2.6\ChatDev_ProgramDev2_GPT4o_18_scored.json,1,"Develop a CLI client for a URL shortening service (e.g., TinyURL API or similar). The user provides a long URL, and the tool outputs the shortened URL."
0.9999784935289407,0.33332645940490646,5.3157852544244216e-08,ChatDev_ProgramDev2_GPT4o_18_scored.json,1,c4,3,3,DemandAnalysis,0,2.6,2.6,Chief Product Officer,2.6\ChatDev_ProgramDev2_GPT4o_18_scored.json,2.6\ChatDev_ProgramDev2_GPT4o_18_scored.json,2,"Develop a CLI client for a URL shortening service (e.g., TinyURL API or similar). The user provides a long URL, and the tool outputs the shortened URL."
0.9999998751645442,0.9999998751645442,0.9999998751645442,ChatDev_ProgramDev2_GPT4o_18_scored.json,2,c4,1,1,DemandAnalysis,0,2.6,2.6,Chief Product Officer,2.6\ChatDev_ProgramDev2_GPT4o_18_scored.json,2.6\ChatDev_ProgramDev2_GPT4o_18_scored.json,3,"Develop a CLI client for a URL shortening service (e.g., TinyURL API or similar). The user provides a long URL, and the tool outputs the shortened URL."
1.0,0.6818640276252007,1.9555681087850496e-08,ChatDev_ProgramDev2_GPT4o_18_scored.json,3,c4,17,17,Manual,0,2.6,2.6,Chief Product Officer,2.6\ChatDev_ProgramDev2_GPT4o_18_scored.json,2.6\ChatDev_ProgramDev2_GPT4o_18_scored.json,4,"Develop a CLI client for a URL shortening service (e.g., TinyURL API or similar). The user provides a long URL, and the tool outputs the shortened URL."
0.9990889307836879,0.9990889307836879,0.9990889307836879,ChatDev_ProgramDev2_GPT4o_18_scored.json,0,c4,1,1,LanguageChoose,0,2.6,2.6,Chief Technology Officer,2.6\ChatDev_ProgramDev2_GPT4o_18_scored.json,2.6\ChatDev_ProgramDev2_GPT4o_18_scored.json,1,"Develop a CLI client for a URL shortening service (e.g., TinyURL API or similar). The user provides a long URL, and the tool outputs the shortened URL."
0.9999998686842613,0.6669972920714432,5.829127258796956e-05,ChatDev_ProgramDev2_GPT4o_18_scored.json,0,c4,6,6,CodeReviewComment,0,2.6,2.6,Code Reviewer,2.6\ChatDev_ProgramDev2_GPT4o_18_scored.json,2.6\ChatDev_ProgramDev2_GPT4o_18_scored.json,1,"Develop a CLI client for a URL shortening service (e.g., TinyURL API or similar). The user provides a long URL, and the tool outputs the shortened URL."
0.9988304064904402,0.7027899511218552,0.0002611902975925828,ChatDev_ProgramDev2_GPT4o_18_scored.json,1,c4,8,8,CodeReviewComment,0,2.6,2.6,Code Reviewer,2.6\ChatDev_ProgramDev2_GPT4o_18_scored.json,2.6\ChatDev_ProgramDev2_GPT4o_18_scored.json,2,"Develop a CLI client for a URL shortening service (e.g., TinyURL API or similar). The user provides a long URL, and the tool outputs the shortened URL."
0.8807970126172724,0.386778121031454,0.004070137939983506,ChatDev_ProgramDev2_GPT4o_18_scored.json,2,c4,6,6,CodeReviewComment,0,2.6,2.6,Code Reviewer,2.6\ChatDev_ProgramDev2_GPT4o_18_scored.json,2.6\ChatDev_ProgramDev2_GPT4o_18_scored.json,3,"Develop a CLI client for a URL shortening service (e.g., TinyURL API or similar). The user provides a long URL, and the tool outputs the shortened URL."
1.0,0.533613096184102,1.4449802461092448e-07,ChatDev_ProgramDev2_GPT4o_18_scored.json,1,c4,21,21,CodeReviewModification,0,2.6,2.6,Programmer,2.6\ChatDev_ProgramDev2_GPT4o_18_scored.json,2.6\ChatDev_ProgramDev2_GPT4o_18_scored.json,2,"Develop a CLI client for a URL shortening service (e.g., TinyURL API or similar). The user provides a long URL, and the tool outputs the shortened URL."
0.9999998974687005,0.6265822085856467,1.2501528663867426e-09,ChatDev_ProgramDev2_GPT4o_18_scored.json,2,c4,23,23,CodeReviewModification,0,2.6,2.6,Programmer,2.6\ChatDev_ProgramDev2_GPT4o_18_scored.json,2.6\ChatDev_ProgramDev2_GPT4o_18_scored.json,3,"Develop a CLI client for a URL shortening service (e.g., TinyURL API or similar). The user provides a long URL, and the tool outputs the shortened URL."
0.9525740869250108,0.14685020360518697,3.535625324942473e-05,ChatDev_ProgramDev2_GPT4o_18_scored.json,3,c4,20,20,CodeReviewModification,0,2.6,2.6,Programmer,2.6\ChatDev_ProgramDev2_GPT4o_18_scored.json,2.6\ChatDev_ProgramDev2_GPT4o_18_scored.json,4,"Develop a CLI client for a URL shortening service (e.g., TinyURL API or similar). The user provides a long URL, and the tool outputs the shortened URL."
0.9999993627884003,0.49247928731444685,0.0,ChatDev_ProgramDev2_GPT4o_18_scored.json,0,c4,18,18,Coding,0,2.6,2.6,Programmer,2.6\ChatDev_ProgramDev2_GPT4o_18_scored.json,2.6\ChatDev_ProgramDev2_GPT4o_18_scored.json,1,"Develop a CLI client for a URL shortening service (e.g., TinyURL API or similar). The user provides a long URL, and the tool outputs the shortened URL."
0.9999998762486311,0.8510963210468402,0.2689414329406145,ChatDev_ProgramDev2_GPT4o_18_scored.json,4,c4,5,5,EnvironmentDoc,0,2.6,2.6,Programmer,2.6\ChatDev_ProgramDev2_GPT4o_18_scored.json,2.6\ChatDev_ProgramDev2_GPT4o_18_scored.json,5,"Develop a CLI client for a URL shortening service (e.g., TinyURL API or similar). The user provides a long URL, and the tool outputs the shortened URL."
0.9999998780416708,0.3999999501587836,0.0,ChatDev_ProgramDev2_GPT4o_27_scored.json,0,c4,5,5,Reflection,0,2.6,2.6,Chief Executive Officer,2.6\ChatDev_ProgramDev2_GPT4o_27_scored.json,2.6\ChatDev_ProgramDev2_GPT4o_27_scored.json,1,"Build a CLI program that counts the total lines of code in a directory, categorized by file extension (e.g., .py, .js, .c). Ignore comments and blank lines if possible."
0.9999998699323208,0.7478586951649963,1.3007123989067183e-05,ChatDev_ProgramDev2_GPT4o_27_scored.json,0,c4,4,4,DemandAnalysis,0,2.6,2.6,Chief Product Officer,2.6\ChatDev_ProgramDev2_GPT4o_27_scored.json,2.6\ChatDev_ProgramDev2_GPT4o_27_scored.json,1,"Build a CLI program that counts the total lines of code in a directory, categorized by file extension (e.g., .py, .js, .c). Ignore comments and blank lines if possible."
0.9995693713420312,0.33318979783384034,0.0,ChatDev_ProgramDev2_GPT4o_27_scored.json,1,c4,3,3,DemandAnalysis,0,2.6,2.6,Chief Product Officer,2.6\ChatDev_ProgramDev2_GPT4o_27_scored.json,2.6\ChatDev_ProgramDev2_GPT4o_27_scored.json,2,"Build a CLI program that counts the total lines of code in a directory, categorized by file extension (e.g., .py, .js, .c). Ignore comments and blank lines if possible."
0.9999998606484779,0.8251715363963551,4.944450501938644e-09,ChatDev_ProgramDev2_GPT4o_27_scored.json,2,c4,12,12,Manual,0,2.6,2.6,Chief Product Officer,2.6\ChatDev_ProgramDev2_GPT4o_27_scored.json,2.6\ChatDev_ProgramDev2_GPT4o_27_scored.json,3,"Build a CLI program that counts the total lines of code in a directory, categorized by file extension (e.g., .py, .js, .c). Ignore comments and blank lines if possible."
0.9997965080075177,0.9997965080075177,0.9997965080075177,ChatDev_ProgramDev2_GPT4o_27_scored.json,0,c4,1,1,LanguageChoose,0,2.6,2.6,Chief Technology Officer,2.6\ChatDev_ProgramDev2_GPT4o_27_scored.json,2.6\ChatDev_ProgramDev2_GPT4o_27_scored.json,1,"Build a CLI program that counts the total lines of code in a directory, categorized by file extension (e.g., .py, .js, .c). Ignore comments and blank lines if possible."
0.9999998497978397,0.6428570815456396,0.0,ChatDev_ProgramDev2_GPT4o_27_scored.json,0,c4,7,7,CodeReviewComment,0,2.6,2.6,Code Reviewer,2.6\ChatDev_ProgramDev2_GPT4o_27_scored.json,2.6\ChatDev_ProgramDev2_GPT4o_27_scored.json,1,"Build a CLI program that counts the total lines of code in a directory, categorized by file extension (e.g., .py, .js, .c). Ignore comments and blank lines if possible."
0.9890130127805729,0.3252780117224109,0.029312230083464542,ChatDev_ProgramDev2_GPT4o_27_scored.json,1,c4,4,4,CodeReviewComment,0,2.6,2.6,Code Reviewer,2.6\ChatDev_ProgramDev2_GPT4o_27_scored.json,2.6\ChatDev_ProgramDev2_GPT4o_27_scored.json,2,"Build a CLI program that counts the total lines of code in a directory, categorized by file extension (e.g., .py, .js, .c). Ignore comments and blank lines if possible."
0.9626729953954036,0.433596591563264,8.764248219443636e-08,ChatDev_ProgramDev2_GPT4o_27_scored.json,2,c4,6,6,CodeReviewComment,0,2.6,2.6,Code Reviewer,2.6\ChatDev_ProgramDev2_GPT4o_27_scored.json,2.6\ChatDev_ProgramDev2_GPT4o_27_scored.json,3,"Build a CLI program that counts the total lines of code in a directory, categorized by file extension (e.g., .py, .js, .c). Ignore comments and blank lines if possible."
1.0,0.9999986932536474,0.9999920922633004,ChatDev_ProgramDev2_GPT4o_27_scored.json,1,c4,8,8,CodeReviewModification,0,2.6,2.6,Programmer,2.6\ChatDev_ProgramDev2_GPT4o_27_scored.json,2.6\ChatDev_ProgramDev2_GPT4o_27_scored.json,2,"Build a CLI program that counts the total lines of code in a directory, categorized by file extension (e.g., .py, .js, .c). Ignore comments and blank lines if possible."
0.8519528005575979,0.10765439021999719,4.139937718785167e-08,ChatDev_ProgramDev2_GPT4o_27_scored.json,2,c4,34,34,CodeReviewModification,0,2.6,2.6,Programmer,2.6\ChatDev_ProgramDev2_GPT4o_27_scored.json,2.6\ChatDev_ProgramDev2_GPT4o_27_scored.json,3,"Build a CLI program that counts the total lines of code in a directory, categorized by file extension (e.g., .py, .js, .c). Ignore comments and blank lines if possible."
0.9980732721287753,0.06808441557657578,3.927863545481039e-07,ChatDev_ProgramDev2_GPT4o_27_scored.json,3,c4,24,24,CodeReviewModification,0,2.6,2.6,Programmer,2.6\ChatDev_ProgramDev2_GPT4o_27_scored.json,2.6\ChatDev_ProgramDev2_GPT4o_27_scored.json,4,"Build a CLI program that counts the total lines of code in a directory, categorized by file extension (e.g., .py, .js, .c). Ignore comments and blank lines if possible."
0.9999998775656207,0.8355644628201482,0.11920292293237916,ChatDev_ProgramDev2_GPT4o_27_scored.json,0,c4,17,17,Coding,0,2.6,2.6,Programmer,2.6\ChatDev_ProgramDev2_GPT4o_27_scored.json,2.6\ChatDev_ProgramDev2_GPT4o_27_scored.json,1,"Build a CLI program that counts the total lines of code in a directory, categorized by file extension (e.g., .py, .js, .c). Ignore comments and blank lines if possible."
0.9994471864057746,0.4742672877234346,1.7603429545652396e-06,ChatDev_ProgramDev2_GPT4o_27_scored.json,4,c4,7,7,EnvironmentDoc,0,2.6,2.6,Programmer,2.6\ChatDev_ProgramDev2_GPT4o_27_scored.json,2.6\ChatDev_ProgramDev2_GPT4o_27_scored.json,5,"Build a CLI program that counts the total lines of code in a directory, categorized by file extension (e.g., .py, .js, .c). Ignore comments and blank lines if possible."
1.0,0.6381397629525851,0.09534946916009217,ChatDev_ProgramDev2_GPT4o_46_scored.json,0,c4,5,5,Reflection,0,2.6,2.6,Chief Executive Officer,2.6\ChatDev_ProgramDev2_GPT4o_46_scored.json,2.6\ChatDev_ProgramDev2_GPT4o_46_scored.json,1,"Develop a CLI utility to split a large file into smaller parts of a specified size (e.g., 10MB chunks). Name the output parts sequentially."
0.9999998625441827,0.3491435091816038,4.78509457496562e-06,ChatDev_ProgramDev2_GPT4o_46_scored.json,0,c4,3,3,DemandAnalysis,0,2.6,2.6,Chief Product Officer,2.6\ChatDev_ProgramDev2_GPT4o_46_scored.json,2.6\ChatDev_ProgramDev2_GPT4o_46_scored.json,1,"Develop a CLI utility to split a large file into smaller parts of a specified size (e.g., 10MB chunks). Name the output parts sequentially."
0.9968272967882784,0.27911532198871447,5.043471815847051e-07,ChatDev_ProgramDev2_GPT4o_46_scored.json,1,c4,4,4,DemandAnalysis,0,2.6,2.6,Chief Product Officer,2.6\ChatDev_ProgramDev2_GPT4o_46_scored.json,2.6\ChatDev_ProgramDev2_GPT4o_46_scored.json,2,"Develop a CLI utility to split a large file into smaller parts of a specified size (e.g., 10MB chunks). Name the output parts sequentially."
1.0,0.873118797513408,0.00020342704214340812,ChatDev_ProgramDev2_GPT4o_46_scored.json,2,c4,10,10,Manual,0,2.6,2.6,Chief Product Officer,2.6\ChatDev_ProgramDev2_GPT4o_46_scored.json,2.6\ChatDev_ProgramDev2_GPT4o_46_scored.json,3,"Develop a CLI utility to split a large file into smaller parts of a specified size (e.g., 10MB chunks). Name the output parts sequentially."
0.9999998611504499,0.9999998611504499,0.9999998611504499,ChatDev_ProgramDev2_GPT4o_46_scored.json,0,c4,1,1,LanguageChoose,0,2.6,2.6,Chief Technology Officer,2.6\ChatDev_ProgramDev2_GPT4o_46_scored.json,2.6\ChatDev_ProgramDev2_GPT4o_46_scored.json,1,"Develop a CLI utility to split a large file into smaller parts of a specified size (e.g., 10MB chunks). Name the output parts sequentially."
0.9999998701008701,0.7142835910242021,2.382369667501818e-07,ChatDev_ProgramDev2_GPT4o_46_scored.json,0,c4,7,7,CodeReviewComment,0,2.6,2.6,Code Reviewer,2.6\ChatDev_ProgramDev2_GPT4o_46_scored.json,2.6\ChatDev_ProgramDev2_GPT4o_46_scored.json,1,"Develop a CLI utility to split a large file into smaller parts of a specified size (e.g., 10MB chunks). Name the output parts sequentially."
0.9999998550703036,0.8538611172154613,0.00070967033651176,ChatDev_ProgramDev2_GPT4o_46_scored.json,1,c4,15,15,CodeReviewComment,0,2.6,2.6,Code Reviewer,2.6\ChatDev_ProgramDev2_GPT4o_46_scored.json,2.6\ChatDev_ProgramDev2_GPT4o_46_scored.json,2,"Develop a CLI utility to split a large file into smaller parts of a specified size (e.g., 10MB chunks). Name the output parts sequentially."
0.9959298482741609,0.6324276319111001,0.022977370343097204,ChatDev_ProgramDev2_GPT4o_46_scored.json,2,c4,12,12,CodeReviewComment,0,2.6,2.6,Code Reviewer,2.6\ChatDev_ProgramDev2_GPT4o_46_scored.json,2.6\ChatDev_ProgramDev2_GPT4o_46_scored.json,3,"Develop a CLI utility to split a large file into smaller parts of a specified size (e.g., 10MB chunks). Name the output parts sequentially."
0.9999998769789961,0.7271238416987363,5.043471815847051e-07,ChatDev_ProgramDev2_GPT4o_46_scored.json,1,c4,23,23,CodeReviewModification,0,2.6,2.6,Programmer,2.6\ChatDev_ProgramDev2_GPT4o_46_scored.json,2.6\ChatDev_ProgramDev2_GPT4o_46_scored.json,2,"Develop a CLI utility to split a large file into smaller parts of a specified size (e.g., 10MB chunks). Name the output parts sequentially."
0.9999998764623647,0.568677731836518,2.9989608248573072e-09,ChatDev_ProgramDev2_GPT4o_46_scored.json,2,c4,17,17,CodeReviewModification,0,2.6,2.6,Programmer,2.6\ChatDev_ProgramDev2_GPT4o_46_scored.json,2.6\ChatDev_ProgramDev2_GPT4o_46_scored.json,3,"Develop a CLI utility to split a large file into smaller parts of a specified size (e.g., 10MB chunks). Name the output parts sequentially."
0.999796514566346,0.19487428522952938,6.144171336422507e-06,ChatDev_ProgramDev2_GPT4o_46_scored.json,3,c4,19,19,CodeReviewModification,0,2.6,2.6,Programmer,2.6\ChatDev_ProgramDev2_GPT4o_46_scored.json,2.6\ChatDev_ProgramDev2_GPT4o_46_scored.json,4,"Develop a CLI utility to split a large file into smaller parts of a specified size (e.g., 10MB chunks). Name the output parts sequentially."
1.0,0.7418208596687512,5.602796437537268e-09,ChatDev_ProgramDev2_GPT4o_46_scored.json,0,c4,16,16,Coding,0,2.6,2.6,Programmer,2.6\ChatDev_ProgramDev2_GPT4o_46_scored.json,2.6\ChatDev_ProgramDev2_GPT4o_46_scored.json,1,"Develop a CLI utility to split a large file into smaller parts of a specified size (e.g., 10MB chunks). Name the output parts sequentially."
0.9975273728452674,0.6563753941478215,0.0009110514045295695,ChatDev_ProgramDev2_GPT4o_46_scored.json,4,c4,3,3,EnvironmentDoc,0,2.6,2.6,Programmer,2.6\ChatDev_ProgramDev2_GPT4o_46_scored.json,2.6\ChatDev_ProgramDev2_GPT4o_46_scored.json,5,"Develop a CLI utility to split a large file into smaller parts of a specified size (e.g., 10MB chunks). Name the output parts sequentially."
0.9999998855722716,0.7493818509682026,2.382369667501818e-07,ChatDev_ProgramDev2_GPT4o_57_scored.json,0,c4,4,4,Reflection,0,2.6,2.6,Chief Executive Officer,2.6\ChatDev_ProgramDev2_GPT4o_57_scored.json,2.6\ChatDev_ProgramDev2_GPT4o_57_scored.json,1,"Create a CLI engine for a simple text-based adventure game. Load game data (rooms, user_demands, items, choices) from a JSON or YAML file. Player navigates by typing commands."
1.0,0.6827642175050432,6.47594599989589e-07,ChatDev_ProgramDev2_GPT4o_57_scored.json,0,c4,4,4,DemandAnalysis,0,2.6,2.6,Chief Product Officer,2.6\ChatDev_ProgramDev2_GPT4o_57_scored.json,2.6\ChatDev_ProgramDev2_GPT4o_57_scored.json,1,"Create a CLI engine for a simple text-based adventure game. Load game data (rooms, user_demands, items, choices) from a JSON or YAML file. Player navigates by typing commands."
0.5000000680753832,0.12522778047235122,5.905303998944039e-10,ChatDev_ProgramDev2_GPT4o_57_scored.json,1,c4,4,4,DemandAnalysis,0,2.6,2.6,Chief Product Officer,2.6\ChatDev_ProgramDev2_GPT4o_57_scored.json,2.6\ChatDev_ProgramDev2_GPT4o_57_scored.json,2,"Create a CLI engine for a simple text-based adventure game. Load game data (rooms, user_demands, items, choices) from a JSON or YAML file. Player navigates by typing commands."
0.9999998446322499,0.6182806421763547,1.1253517471925912e-07,ChatDev_ProgramDev2_GPT4o_57_scored.json,2,c4,11,11,Manual,0,2.6,2.6,Chief Product Officer,2.6\ChatDev_ProgramDev2_GPT4o_57_scored.json,2.6\ChatDev_ProgramDev2_GPT4o_57_scored.json,3,"Create a CLI engine for a simple text-based adventure game. Load game data (rooms, user_demands, items, choices) from a JSON or YAML file. Player navigates by typing commands."
0.999999855494768,0.999999855494768,0.999999855494768,ChatDev_ProgramDev2_GPT4o_57_scored.json,0,c4,1,1,LanguageChoose,0,2.6,2.6,Chief Technology Officer,2.6\ChatDev_ProgramDev2_GPT4o_57_scored.json,2.6\ChatDev_ProgramDev2_GPT4o_57_scored.json,1,"Create a CLI engine for a simple text-based adventure game. Load game data (rooms, user_demands, items, choices) from a JSON or YAML file. Player navigates by typing commands."
0.9984987499964991,0.9984987499964991,0.9984987499964991,ChatDev_ProgramDev2_GPT4o_57_scored.json,0,c4,1,1,CodeReviewComment,0,2.6,2.6,Code Reviewer,2.6\ChatDev_ProgramDev2_GPT4o_57_scored.json,2.6\ChatDev_ProgramDev2_GPT4o_57_scored.json,1,"Create a CLI engine for a simple text-based adventure game. Load game data (rooms, user_demands, items, choices) from a JSON or YAML file. Player navigates by typing commands."
0.998073288787288,0.998073288787288,0.998073288787288,ChatDev_ProgramDev2_GPT4o_57_scored.json,1,c4,1,1,CodeReviewComment,0,2.6,2.6,Code Reviewer,2.6\ChatDev_ProgramDev2_GPT4o_57_scored.json,2.6\ChatDev_ProgramDev2_GPT4o_57_scored.json,2,"Create a CLI engine for a simple text-based adventure game. Load game data (rooms, user_demands, items, choices) from a JSON or YAML file. Player navigates by typing commands."
0.9990888841514003,0.9990888841514003,0.9990888841514003,ChatDev_ProgramDev2_GPT4o_57_scored.json,2,c4,1,1,CodeReviewComment,0,2.6,2.6,Code Reviewer,2.6\ChatDev_ProgramDev2_GPT4o_57_scored.json,2.6\ChatDev_ProgramDev2_GPT4o_57_scored.json,3,"Create a CLI engine for a simple text-based adventure game. Load game data (rooms, user_demands, items, choices) from a JSON or YAML file. Player navigates by typing commands."
0.9999962574802354,0.4174221202686156,2.7535687796947383e-05,ChatDev_ProgramDev2_GPT4o_57_scored.json,1,c4,25,25,CodeReviewModification,0,2.6,2.6,Programmer,2.6\ChatDev_ProgramDev2_GPT4o_57_scored.json,2.6\ChatDev_ProgramDev2_GPT4o_57_scored.json,2,"Create a CLI engine for a simple text-based adventure game. Load game data (rooms, user_demands, items, choices) from a JSON or YAML file. Player navigates by typing commands."
0.9999545374927135,0.44167176929053287,0.0001584362410990077,ChatDev_ProgramDev2_GPT4o_57_scored.json,2,c4,20,20,CodeReviewModification,0,2.6,2.6,Programmer,2.6\ChatDev_ProgramDev2_GPT4o_57_scored.json,2.6\ChatDev_ProgramDev2_GPT4o_57_scored.json,3,"Create a CLI engine for a simple text-based adventure game. Load game data (rooms, user_demands, items, choices) from a JSON or YAML file. Player navigates by typing commands."
0.9999724472373337,0.30312993819780276,3.927863545481039e-07,ChatDev_ProgramDev2_GPT4o_57_scored.json,3,c4,29,29,CodeReviewModification,0,2.6,2.6,Programmer,2.6\ChatDev_ProgramDev2_GPT4o_57_scored.json,2.6\ChatDev_ProgramDev2_GPT4o_57_scored.json,4,"Create a CLI engine for a simple text-based adventure game. Load game data (rooms, user_demands, items, choices) from a JSON or YAML file. Player navigates by typing commands."
0.99999984046992,0.8566319587382362,0.0019267342527389902,ChatDev_ProgramDev2_GPT4o_57_scored.json,0,c4,16,16,Coding,0,2.6,2.6,Programmer,2.6\ChatDev_ProgramDev2_GPT4o_57_scored.json,2.6\ChatDev_ProgramDev2_GPT4o_57_scored.json,1,"Create a CLI engine for a simple text-based adventure game. Load game data (rooms, user_demands, items, choices) from a JSON or YAML file. Player navigates by typing commands."
0.999999862253706,0.6415675519906284,2.335593038799337e-09,ChatDev_ProgramDev2_GPT4o_57_scored.json,4,c4,6,6,EnvironmentDoc,0,2.6,2.6,Programmer,2.6\ChatDev_ProgramDev2_GPT4o_57_scored.json,2.6\ChatDev_ProgramDev2_GPT4o_57_scored.json,5,"Create a CLI engine for a simple text-based adventure game. Load game data (rooms, user_demands, items, choices) from a JSON or YAML file. Player navigates by typing commands."
0.9999998758935559,0.7999852505092815,2.902312105056987e-06,ChatDev_ProgramDev2_GPT4o_5_scored.json,0,c4,5,5,Reflection,0,2.6,2.6,Chief Executive Officer,2.6\ChatDev_ProgramDev2_GPT4o_5_scored.json,2.6\ChatDev_ProgramDev2_GPT4o_5_scored.json,1,"Create a CLI application to view the contents of a JSON file in a human-readable, indented format. The tool should take a file path as input and print the formatted JSON to the standard output."
0.999999869301286,0.3346900040619067,4.944450501938644e-09,ChatDev_ProgramDev2_GPT4o_5_scored.json,0,c4,3,3,DemandAnalysis,0,2.6,2.6,Chief Product Officer,2.6\ChatDev_ProgramDev2_GPT4o_5_scored.json,2.6\ChatDev_ProgramDev2_GPT4o_5_scored.json,1,"Create a CLI application to view the contents of a JSON file in a human-readable, indented format. The tool should take a file path as input and print the formatted JSON to the standard output."
0.002472623024627213,0.0008242079994157482,0.0,ChatDev_ProgramDev2_GPT4o_5_scored.json,1,c4,3,3,DemandAnalysis,0,2.6,2.6,Chief Product Officer,2.6\ChatDev_ProgramDev2_GPT4o_5_scored.json,2.6\ChatDev_ProgramDev2_GPT4o_5_scored.json,2,"Create a CLI application to view the contents of a JSON file in a human-readable, indented format. The tool should take a file path as input and print the formatted JSON to the standard output."
0.9999998691441668,0.5421653778349096,2.8453348089834e-08,ChatDev_ProgramDev2_GPT4o_5_scored.json,2,c4,12,12,Manual,0,2.6,2.6,Chief Product Officer,2.6\ChatDev_ProgramDev2_GPT4o_5_scored.json,2.6\ChatDev_ProgramDev2_GPT4o_5_scored.json,3,"Create a CLI application to view the contents of a JSON file in a human-readable, indented format. The tool should take a file path as input and print the formatted JSON to the standard output."
0.999999239580942,0.999999239580942,0.999999239580942,ChatDev_ProgramDev2_GPT4o_5_scored.json,0,c4,1,1,LanguageChoose,0,2.6,2.6,Chief Technology Officer,2.6\ChatDev_ProgramDev2_GPT4o_5_scored.json,2.6\ChatDev_ProgramDev2_GPT4o_5_scored.json,1,"Create a CLI application to view the contents of a JSON file in a human-readable, indented format. The tool should take a file path as input and print the formatted JSON to the standard output."
0.002472623024627213,0.002472623024627213,0.002472623024627213,ChatDev_ProgramDev2_GPT4o_5_scored.json,0,c4,1,1,CodeReviewComment,0,2.6,2.6,Code Reviewer,2.6\ChatDev_ProgramDev2_GPT4o_5_scored.json,2.6\ChatDev_ProgramDev2_GPT4o_5_scored.json,1,"Create a CLI application to view the contents of a JSON file in a human-readable, indented format. The tool should take a file path as input and print the formatted JSON to the standard output."
0.005220125868449866,0.005220125868449866,0.005220125868449866,ChatDev_ProgramDev2_GPT4o_5_scored.json,1,c4,1,1,CodeReviewComment,0,2.6,2.6,Code Reviewer,2.6\ChatDev_ProgramDev2_GPT4o_5_scored.json,2.6\ChatDev_ProgramDev2_GPT4o_5_scored.json,2,"Create a CLI application to view the contents of a JSON file in a human-readable, indented format. The tool should take a file path as input and print the formatted JSON to the standard output."
0.004070137939983506,0.004070137939983506,0.004070137939983506,ChatDev_ProgramDev2_GPT4o_5_scored.json,2,c4,1,1,CodeReviewComment,0,2.6,2.6,Code Reviewer,2.6\ChatDev_ProgramDev2_GPT4o_5_scored.json,2.6\ChatDev_ProgramDev2_GPT4o_5_scored.json,3,"Create a CLI application to view the contents of a JSON file in a human-readable, indented format. The tool should take a file path as input and print the formatted JSON to the standard output."
0.9999998684420693,0.9525888104388943,0.6224593288560561,ChatDev_ProgramDev2_GPT4o_5_scored.json,1,c4,9,9,CodeReviewModification,0,2.6,2.6,Programmer,2.6\ChatDev_ProgramDev2_GPT4o_5_scored.json,2.6\ChatDev_ProgramDev2_GPT4o_5_scored.json,2,"Create a CLI application to view the contents of a JSON file in a human-readable, indented format. The tool should take a file path as input and print the formatted JSON to the standard output."
0.9999998501223395,0.8994362512039044,0.09534946916009217,ChatDev_ProgramDev2_GPT4o_5_scored.json,2,c4,9,9,CodeReviewModification,0,2.6,2.6,Programmer,2.6\ChatDev_ProgramDev2_GPT4o_5_scored.json,2.6\ChatDev_ProgramDev2_GPT4o_5_scored.json,3,"Create a CLI application to view the contents of a JSON file in a human-readable, indented format. The tool should take a file path as input and print the formatted JSON to the standard output."
0.9999998451179499,0.8658212124635702,0.008577485515938836,ChatDev_ProgramDev2_GPT4o_5_scored.json,3,c4,15,15,CodeReviewModification,0,2.6,2.6,Programmer,2.6\ChatDev_ProgramDev2_GPT4o_5_scored.json,2.6\ChatDev_ProgramDev2_GPT4o_5_scored.json,4,"Create a CLI application to view the contents of a JSON file in a human-readable, indented format. The tool should take a file path as input and print the formatted JSON to the standard output."
0.9999998680397165,0.9999787750728708,0.9997965522036145,ChatDev_ProgramDev2_GPT4o_5_scored.json,0,c4,11,11,Coding,0,2.6,2.6,Programmer,2.6\ChatDev_ProgramDev2_GPT4o_5_scored.json,2.6\ChatDev_ProgramDev2_GPT4o_5_scored.json,1,"Create a CLI application to view the contents of a JSON file in a human-readable, indented format. The tool should take a file path as input and print the formatted JSON to the standard output."
0.9999997209203519,0.5998189457331214,1.8189616875530459e-09,ChatDev_ProgramDev2_GPT4o_5_scored.json,4,c4,5,5,EnvironmentDoc,0,2.6,2.6,Programmer,2.6\ChatDev_ProgramDev2_GPT4o_5_scored.json,2.6\ChatDev_ProgramDev2_GPT4o_5_scored.json,5,"Create a CLI application to view the contents of a JSON file in a human-readable, indented format. The tool should take a file path as input and print the formatted JSON to the standard output."
0.999999884590805,0.9761625265531175,0.9046504983204661,ChatDev_ProgramDev2_GPT4o_67_scored.json,0,c4,4,4,Reflection,0,2.6,2.6,Chief Executive Officer,2.6\ChatDev_ProgramDev2_GPT4o_67_scored.json,2.6\ChatDev_ProgramDev2_GPT4o_67_scored.json,1,"Build a CLI audio file tag editor for MP3 files (basic ID3 tags). Allow viewing and modifying tags like title, artist, album, year. Requires a library for MP3 tag manipulation."
1.0,0.682474524331936,0.04742587780607772,ChatDev_ProgramDev2_GPT4o_67_scored.json,0,c4,3,3,DemandAnalysis,0,2.6,2.6,Chief Product Officer,2.6\ChatDev_ProgramDev2_GPT4o_67_scored.json,2.6\ChatDev_ProgramDev2_GPT4o_67_scored.json,1,"Build a CLI audio file tag editor for MP3 files (basic ID3 tags). Allow viewing and modifying tags like title, artist, album, year. Requires a library for MP3 tag manipulation."
0.0,0.0,0.0,ChatDev_ProgramDev2_GPT4o_67_scored.json,1,c4,2,2,DemandAnalysis,0,2.6,2.6,Chief Product Officer,2.6\ChatDev_ProgramDev2_GPT4o_67_scored.json,2.6\ChatDev_ProgramDev2_GPT4o_67_scored.json,2,"Build a CLI audio file tag editor for MP3 files (basic ID3 tags). Allow viewing and modifying tags like title, artist, album, year. Requires a library for MP3 tag manipulation."
0.9999999229857265,0.7995691115441802,1.6701414089010932e-05,ChatDev_ProgramDev2_GPT4o_67_scored.json,2,c4,10,10,Manual,0,2.6,2.6,Chief Product Officer,2.6\ChatDev_ProgramDev2_GPT4o_67_scored.json,2.6\ChatDev_ProgramDev2_GPT4o_67_scored.json,3,"Build a CLI audio file tag editor for MP3 files (basic ID3 tags). Allow viewing and modifying tags like title, artist, album, year. Requires a library for MP3 tag manipulation."
0.9999998443557171,0.9999998443557171,0.9999998443557171,ChatDev_ProgramDev2_GPT4o_67_scored.json,0,c4,1,1,LanguageChoose,0,2.6,2.6,Chief Technology Officer,2.6\ChatDev_ProgramDev2_GPT4o_67_scored.json,2.6\ChatDev_ProgramDev2_GPT4o_67_scored.json,1,"Build a CLI audio file tag editor for MP3 files (basic ID3 tags). Allow viewing and modifying tags like title, artist, album, year. Requires a library for MP3 tag manipulation."
0.9999988763678898,0.9559323284785933,0.7310586459949625,ChatDev_ProgramDev2_GPT4o_67_scored.json,0,c4,7,7,CodeReviewComment,0,2.6,2.6,Code Reviewer,2.6\ChatDev_ProgramDev2_GPT4o_67_scored.json,2.6\ChatDev_ProgramDev2_GPT4o_67_scored.json,1,"Build a CLI audio file tag editor for MP3 files (basic ID3 tags). Allow viewing and modifying tags like title, artist, album, year. Requires a library for MP3 tag manipulation."
0.9999937515566676,0.9999937515566676,0.9999937515566676,ChatDev_ProgramDev2_GPT4o_67_scored.json,1,c4,1,1,CodeReviewComment,0,2.6,2.6,Code Reviewer,2.6\ChatDev_ProgramDev2_GPT4o_67_scored.json,2.6\ChatDev_ProgramDev2_GPT4o_67_scored.json,2,"Build a CLI audio file tag editor for MP3 files (basic ID3 tags). Allow viewing and modifying tags like title, artist, album, year. Requires a library for MP3 tag manipulation."
0.9999998490661437,0.9875520091823247,0.9626730096569802,ChatDev_ProgramDev2_GPT4o_67_scored.json,2,c4,3,3,CodeReviewComment,0,2.6,2.6,Code Reviewer,2.6\ChatDev_ProgramDev2_GPT4o_67_scored.json,2.6\ChatDev_ProgramDev2_GPT4o_67_scored.json,3,"Build a CLI audio file tag editor for MP3 files (basic ID3 tags). Allow viewing and modifying tags like title, artist, album, year. Requires a library for MP3 tag manipulation."
0.9890130285162415,0.10504187120677354,8.315279260963632e-07,ChatDev_ProgramDev2_GPT4o_67_scored.json,1,c4,21,21,CodeReviewModification,0,2.6,2.6,Programmer,2.6\ChatDev_ProgramDev2_GPT4o_67_scored.json,2.6\ChatDev_ProgramDev2_GPT4o_67_scored.json,2,"Build a CLI audio file tag editor for MP3 files (basic ID3 tags). Allow viewing and modifying tags like title, artist, album, year. Requires a library for MP3 tag manipulation."
1.0,0.9380369762623844,0.01798621270515612,ChatDev_ProgramDev2_GPT4o_67_scored.json,2,c4,16,16,CodeReviewModification,0,2.6,2.6,Programmer,2.6\ChatDev_ProgramDev2_GPT4o_67_scored.json,2.6\ChatDev_ProgramDev2_GPT4o_67_scored.json,3,"Build a CLI audio file tag editor for MP3 files (basic ID3 tags). Allow viewing and modifying tags like title, artist, album, year. Requires a library for MP3 tag manipulation."
0.6791787516568523,0.08819520055726165,8.315279260963632e-07,ChatDev_ProgramDev2_GPT4o_67_scored.json,3,c4,17,17,CodeReviewModification,0,2.6,2.6,Programmer,2.6\ChatDev_ProgramDev2_GPT4o_67_scored.json,2.6\ChatDev_ProgramDev2_GPT4o_67_scored.json,4,"Build a CLI audio file tag editor for MP3 files (basic ID3 tags). Allow viewing and modifying tags like title, artist, album, year. Requires a library for MP3 tag manipulation."
0.9999998684420693,0.8297020965737355,1.4449802461092448e-07,ChatDev_ProgramDev2_GPT4o_67_scored.json,0,c4,20,20,Coding,0,2.6,2.6,Programmer,2.6\ChatDev_ProgramDev2_GPT4o_67_scored.json,2.6\ChatDev_ProgramDev2_GPT4o_67_scored.json,1,"Build a CLI audio file tag editor for MP3 files (basic ID3 tags). Allow viewing and modifying tags like title, artist, album, year. Requires a library for MP3 tag manipulation."
0.9999999012239845,0.9999989127265555,0.9999969689159656,ChatDev_ProgramDev2_GPT4o_67_scored.json,5,c4,3,3,EnvironmentDoc,0,2.6,2.6,Programmer,2.6\ChatDev_ProgramDev2_GPT4o_67_scored.json,2.6\ChatDev_ProgramDev2_GPT4o_67_scored.json,6,"Build a CLI audio file tag editor for MP3 files (basic ID3 tags). Allow viewing and modifying tags like title, artist, album, year. Requires a library for MP3 tag manipulation."
0.9999998611504499,0.6666665333999371,3.850741922767617e-09,ChatDev_ProgramDev2_GPT4o_67_scored.json,4,c4,3,3,TestModification,0,2.6,2.6,Programmer,2.6\ChatDev_ProgramDev2_GPT4o_67_scored.json,2.6\ChatDev_ProgramDev2_GPT4o_67_scored.json,5,"Build a CLI audio file tag editor for MP3 files (basic ID3 tags). Allow viewing and modifying tags like title, artist, album, year. Requires a library for MP3 tag manipulation."
0.9999998678732606,0.2527468648163148,1.4449802461092448e-07,ChatDev_ProgramDev2_GPT4o_68_scored.json,0,c4,4,4,Reflection,0,2.6,2.6,Chief Executive Officer,2.6\ChatDev_ProgramDev2_GPT4o_68_scored.json,2.6\ChatDev_ProgramDev2_GPT4o_68_scored.json,1,"Write a CLI tool to convert a short video file segment (e.g., first 5 seconds) into an animated GIF. Requires `ffmpeg` to be installed."
0.9999998767045566,0.49994913470571223,1.0467401794744658e-08,ChatDev_ProgramDev2_GPT4o_68_scored.json,0,c4,4,4,DemandAnalysis,0,2.6,2.6,Chief Product Officer,2.6\ChatDev_ProgramDev2_GPT4o_68_scored.json,2.6\ChatDev_ProgramDev2_GPT4o_68_scored.json,1,"Write a CLI tool to convert a short video file segment (e.g., first 5 seconds) into an animated GIF. Requires `ffmpeg` to be installed."
0.2689414431936799,0.08964715472198992,1.4166087866431961e-09,ChatDev_ProgramDev2_GPT4o_68_scored.json,1,c4,3,3,DemandAnalysis,0,2.6,2.6,Chief Product Officer,2.6\ChatDev_ProgramDev2_GPT4o_68_scored.json,2.6\ChatDev_ProgramDev2_GPT4o_68_scored.json,2,"Write a CLI tool to convert a short video file segment (e.g., first 5 seconds) into an animated GIF. Requires `ffmpeg` to be installed."
1.0,0.6666652198324727,4.5990553786523166e-10,ChatDev_ProgramDev2_GPT4o_68_scored.json,2,c4,12,12,Manual,0,2.6,2.6,Chief Product Officer,2.6\ChatDev_ProgramDev2_GPT4o_68_scored.json,2.6\ChatDev_ProgramDev2_GPT4o_68_scored.json,3,"Write a CLI tool to convert a short video file segment (e.g., first 5 seconds) into an animated GIF. Requires `ffmpeg` to be installed."
0.9999985328119436,0.9999985328119436,0.9999985328119436,ChatDev_ProgramDev2_GPT4o_68_scored.json,0,c4,1,1,LanguageChoose,0,2.6,2.6,Chief Technology Officer,2.6\ChatDev_ProgramDev2_GPT4o_68_scored.json,2.6\ChatDev_ProgramDev2_GPT4o_68_scored.json,1,"Write a CLI tool to convert a short video file segment (e.g., first 5 seconds) into an animated GIF. Requires `ffmpeg` to be installed."
0.006692851264215723,0.0014168106951969552,4.539785156619626e-05,ChatDev_ProgramDev2_GPT4o_68_scored.json,0,c4,7,7,CodeReviewComment,0,2.6,2.6,Code Reviewer,2.6\ChatDev_ProgramDev2_GPT4o_68_scored.json,2.6\ChatDev_ProgramDev2_GPT4o_68_scored.json,1,"Write a CLI tool to convert a short video file segment (e.g., first 5 seconds) into an animated GIF. Requires `ffmpeg` to be installed."
0.9995693480725759,0.6032063460200529,0.0373268869815644,ChatDev_ProgramDev2_GPT4o_68_scored.json,1,c4,6,6,CodeReviewComment,0,2.6,2.6,Code Reviewer,2.6\ChatDev_ProgramDev2_GPT4o_68_scored.json,2.6\ChatDev_ProgramDev2_GPT4o_68_scored.json,2,"Write a CLI tool to convert a short video file segment (e.g., first 5 seconds) into an animated GIF. Requires `ffmpeg` to be installed."
0.9999037669664167,0.49382978909928477,0.0019267342527389902,ChatDev_ProgramDev2_GPT4o_68_scored.json,2,c4,8,8,CodeReviewComment,0,2.6,2.6,Code Reviewer,2.6\ChatDev_ProgramDev2_GPT4o_68_scored.json,2.6\ChatDev_ProgramDev2_GPT4o_68_scored.json,3,"Write a CLI tool to convert a short video file segment (e.g., first 5 seconds) into an animated GIF. Requires `ffmpeg` to be installed."
0.8807970494033868,0.20656666204224686,3.7266389560521204e-06,ChatDev_ProgramDev2_GPT4o_68_scored.json,1,c4,14,14,CodeReviewModification,0,2.6,2.6,Programmer,2.6\ChatDev_ProgramDev2_GPT4o_68_scored.json,2.6\ChatDev_ProgramDev2_GPT4o_68_scored.json,2,"Write a CLI tool to convert a short video file segment (e.g., first 5 seconds) into an animated GIF. Requires `ffmpeg` to be installed."
0.904650490665289,0.2078657272106542,2.510999155743982e-08,ChatDev_ProgramDev2_GPT4o_68_scored.json,2,c4,20,20,CodeReviewModification,0,2.6,2.6,Programmer,2.6\ChatDev_ProgramDev2_GPT4o_68_scored.json,2.6\ChatDev_ProgramDev2_GPT4o_68_scored.json,3,"Write a CLI tool to convert a short video file segment (e.g., first 5 seconds) into an animated GIF. Requires `ffmpeg` to be installed."
0.9975273239283621,0.21616380855559297,2.2603250957489616e-06,ChatDev_ProgramDev2_GPT4o_68_scored.json,3,c4,20,20,CodeReviewModification,0,2.6,2.6,Programmer,2.6\ChatDev_ProgramDev2_GPT4o_68_scored.json,2.6\ChatDev_ProgramDev2_GPT4o_68_scored.json,4,"Write a CLI tool to convert a short video file segment (e.g., first 5 seconds) into an animated GIF. Requires `ffmpeg` to be installed."
0.9999998697875173,0.8593722681042353,1.370956471489639e-06,ChatDev_ProgramDev2_GPT4o_68_scored.json,0,c4,20,20,Coding,0,2.6,2.6,Programmer,2.6\ChatDev_ProgramDev2_GPT4o_68_scored.json,2.6\ChatDev_ProgramDev2_GPT4o_68_scored.json,1,"Write a CLI tool to convert a short video file segment (e.g., first 5 seconds) into an animated GIF. Requires `ffmpeg` to be installed."
0.9999998778078126,0.6400796133603911,0.017986213100272055,ChatDev_ProgramDev2_GPT4o_68_scored.json,4,c4,5,5,EnvironmentDoc,0,2.6,2.6,Programmer,2.6\ChatDev_ProgramDev2_GPT4o_68_scored.json,2.6\ChatDev_ProgramDev2_GPT4o_68_scored.json,5,"Write a CLI tool to convert a short video file segment (e.g., first 5 seconds) into an animated GIF. Requires `ffmpeg` to be installed."
0.9999998853368164,0.4996258758982835,5.602796437537268e-09,ChatDev_ProgramDev2_GPT4o_79_scored.json,0,c4,4,4,DemandAnalysis,0,2.6,2.6,Chief Product Officer,2.6\ChatDev_ProgramDev2_GPT4o_79_scored.json,2.6\ChatDev_ProgramDev2_GPT4o_79_scored.json,1,"Build a CLI recipe manager. Allow users to add recipes (name, ingredients, instructions), search for recipes by name or ingredient, and view recipe details. Store data in text or JSON files."
0.9999993673251265,0.5999895622482543,0.0,ChatDev_ProgramDev2_GPT4o_79_scored.json,1,c4,5,5,DemandAnalysis,0,2.6,2.6,Chief Product Officer,2.6\ChatDev_ProgramDev2_GPT4o_79_scored.json,2.6\ChatDev_ProgramDev2_GPT4o_79_scored.json,2,"Build a CLI recipe manager. Allow users to add recipes (name, ingredients, instructions), search for recipes by name or ingredient, and view recipe details. Store data in text or JSON files."
0.9999996011955931,0.9999996011955931,0.9999996011955931,ChatDev_ProgramDev2_GPT4o_79_scored.json,2,c4,1,1,DemandAnalysis,0,2.6,2.6,Chief Product Officer,2.6\ChatDev_ProgramDev2_GPT4o_79_scored.json,2.6\ChatDev_ProgramDev2_GPT4o_79_scored.json,3,"Build a CLI recipe manager. Allow users to add recipes (name, ingredients, instructions), search for recipes by name or ingredient, and view recipe details. Store data in text or JSON files."
1.0,0.7140808870191646,1.3440409951135022e-08,ChatDev_ProgramDev2_GPT4o_79_scored.json,3,c4,14,14,Manual,0,2.6,2.6,Chief Product Officer,2.6\ChatDev_ProgramDev2_GPT4o_79_scored.json,2.6\ChatDev_ProgramDev2_GPT4o_79_scored.json,4,"Build a CLI recipe manager. Allow users to add recipes (name, ingredients, instructions), search for recipes by name or ingredient, and view recipe details. Store data in text or JSON files."
0.999664579144922,0.999664579144922,0.999664579144922,ChatDev_ProgramDev2_GPT4o_79_scored.json,0,c4,1,1,LanguageChoose,0,2.6,2.6,Chief Technology Officer,2.6\ChatDev_ProgramDev2_GPT4o_79_scored.json,2.6\ChatDev_ProgramDev2_GPT4o_79_scored.json,1,"Build a CLI recipe manager. Allow users to add recipes (name, ingredients, instructions), search for recipes by name or ingredient, and view recipe details. Store data in text or JSON files."
0.9999998675967278,0.6663376390676946,0.0,ChatDev_ProgramDev2_GPT4o_79_scored.json,0,c4,6,6,CodeReviewComment,0,2.6,2.6,Code Reviewer,2.6\ChatDev_ProgramDev2_GPT4o_79_scored.json,2.6\ChatDev_ProgramDev2_GPT4o_79_scored.json,1,"Build a CLI recipe manager. Allow users to add recipes (name, ingredients, instructions), search for recipes by name or ingredient, and view recipe details. Store data in text or JSON files."
0.9995693399699804,0.9995693399699804,0.9995693399699804,ChatDev_ProgramDev2_GPT4o_79_scored.json,1,c4,1,1,CodeReviewComment,0,2.6,2.6,Code Reviewer,2.6\ChatDev_ProgramDev2_GPT4o_79_scored.json,2.6\ChatDev_ProgramDev2_GPT4o_79_scored.json,2,"Build a CLI recipe manager. Allow users to add recipes (name, ingredients, instructions), search for recipes by name or ingredient, and view recipe details. Store data in text or JSON files."
0.9998414436290037,0.9998414436290037,0.9998414436290037,ChatDev_ProgramDev2_GPT4o_79_scored.json,2,c4,1,1,CodeReviewComment,0,2.6,2.6,Code Reviewer,2.6\ChatDev_ProgramDev2_GPT4o_79_scored.json,2.6\ChatDev_ProgramDev2_GPT4o_79_scored.json,3,"Build a CLI recipe manager. Allow users to add recipes (name, ingredients, instructions), search for recipes by name or ingredient, and view recipe details. Store data in text or JSON files."
1.0,0.7591656481444172,5.3157852544244216e-08,ChatDev_ProgramDev2_GPT4o_79_scored.json,1,c4,25,25,CodeReviewModification,0,2.6,2.6,Programmer,2.6\ChatDev_ProgramDev2_GPT4o_79_scored.json,2.6\ChatDev_ProgramDev2_GPT4o_79_scored.json,2,"Build a CLI recipe manager. Allow users to add recipes (name, ingredients, instructions), search for recipes by name or ingredient, and view recipe details. Store data in text or JSON files."
1.0,0.9278305313763247,0.008577485515938836,ChatDev_ProgramDev2_GPT4o_79_scored.json,2,c4,18,18,CodeReviewModification,0,2.6,2.6,Programmer,2.6\ChatDev_ProgramDev2_GPT4o_79_scored.json,2.6\ChatDev_ProgramDev2_GPT4o_79_scored.json,3,"Build a CLI recipe manager. Allow users to add recipes (name, ingredients, instructions), search for recipes by name or ingredient, and view recipe details. Store data in text or JSON files."
1.0,0.9005833508544876,0.00070967033651176,ChatDev_ProgramDev2_GPT4o_79_scored.json,3,c4,20,20,CodeReviewModification,0,2.6,2.6,Programmer,2.6\ChatDev_ProgramDev2_GPT4o_79_scored.json,2.6\ChatDev_ProgramDev2_GPT4o_79_scored.json,4,"Build a CLI recipe manager. Allow users to add recipes (name, ingredients, instructions), search for recipes by name or ingredient, and view recipe details. Store data in text or JSON files."
0.9999997206757435,0.44254128969544865,0.0,ChatDev_ProgramDev2_GPT4o_79_scored.json,0,c4,34,34,Coding,0,2.6,2.6,Programmer,2.6\ChatDev_ProgramDev2_GPT4o_79_scored.json,2.6\ChatDev_ProgramDev2_GPT4o_79_scored.json,1,"Build a CLI recipe manager. Allow users to add recipes (name, ingredients, instructions), search for recipes by name or ingredient, and view recipe details. Store data in text or JSON files."
0.9999998764658771,0.7499306479142607,5.829127258796956e-05,ChatDev_ProgramDev2_GPT4o_79_scored.json,4,c4,4,4,EnvironmentDoc,0,2.6,2.6,Programmer,2.6\ChatDev_ProgramDev2_GPT4o_79_scored.json,2.6\ChatDev_ProgramDev2_GPT4o_79_scored.json,5,"Build a CLI recipe manager. Allow users to add recipes (name, ingredients, instructions), search for recipes by name or ingredient, and view recipe details. Store data in text or JSON files."
0.9999998672922663,0.7499690641872439,5.3157852544244216e-08,ChatDev_ProgramDev2_GPT4o_79_scored.json,5,c4,4,4,EnvironmentDoc,0,2.6,2.6,Programmer,2.6\ChatDev_ProgramDev2_GPT4o_79_scored.json,2.6\ChatDev_ProgramDev2_GPT4o_79_scored.json,6,"Build a CLI recipe manager. Allow users to add recipes (name, ingredients, instructions), search for recipes by name or ingredient, and view recipe details. Store data in text or JSON files."
1.0,0.6658456749175362,0.00070967033651176,ChatDev_ProgramDev2_GPT4o_8_scored.json,0,c4,3,3,Reflection,0,2.6,2.6,Chief Executive Officer,2.6\ChatDev_ProgramDev2_GPT4o_8_scored.json,2.6\ChatDev_ProgramDev2_GPT4o_8_scored.json,1,"Write a CLI program to analyze a log file (e.g., Apache access log, system log). The user specifies the log file and a pattern (e.g., ERROR, 404). The tool should count and display lines containing the pattern."
0.9999998618196085,0.39684627280790563,8.764248219443636e-08,ChatDev_ProgramDev2_GPT4o_8_scored.json,0,c4,5,5,DemandAnalysis,0,2.6,2.6,Chief Product Officer,2.6\ChatDev_ProgramDev2_GPT4o_8_scored.json,2.6\ChatDev_ProgramDev2_GPT4o_8_scored.json,1,"Write a CLI program to analyze a log file (e.g., Apache access log, system log). The user specifies the log file and a pattern (e.g., ERROR, 404). The tool should count and display lines containing the pattern."
0.9999545346892369,0.3982754130229765,0.0,ChatDev_ProgramDev2_GPT4o_8_scored.json,1,c4,5,5,DemandAnalysis,0,2.6,2.6,Chief Product Officer,2.6\ChatDev_ProgramDev2_GPT4o_8_scored.json,2.6\ChatDev_ProgramDev2_GPT4o_8_scored.json,2,"Write a CLI program to analyze a log file (e.g., Apache access log, system log). The user specifies the log file and a pattern (e.g., ERROR, 404). The tool should count and display lines containing the pattern."
1.0,0.541334435570736,1.2501528663867426e-09,ChatDev_ProgramDev2_GPT4o_8_scored.json,2,c4,13,13,Manual,0,2.6,2.6,Chief Product Officer,2.6\ChatDev_ProgramDev2_GPT4o_8_scored.json,2.6\ChatDev_ProgramDev2_GPT4o_8_scored.json,3,"Write a CLI program to analyze a log file (e.g., Apache access log, system log). The user specifies the log file and a pattern (e.g., ERROR, 404). The tool should count and display lines containing the pattern."
0.9999998762608757,0.9999998762608757,0.9999998762608757,ChatDev_ProgramDev2_GPT4o_8_scored.json,0,c4,1,1,LanguageChoose,0,2.6,2.6,Chief Technology Officer,2.6\ChatDev_ProgramDev2_GPT4o_8_scored.json,2.6\ChatDev_ProgramDev2_GPT4o_8_scored.json,1,"Write a CLI program to analyze a log file (e.g., Apache access log, system log). The user specifies the log file and a pattern (e.g., ERROR, 404). The tool should count and display lines containing the pattern."
0.22270015742823943,0.03219605294025453,1.3440409951135022e-08,ChatDev_ProgramDev2_GPT4o_8_scored.json,0,c4,7,7,CodeReviewComment,0,2.6,2.6,Code Reviewer,2.6\ChatDev_ProgramDev2_GPT4o_8_scored.json,2.6\ChatDev_ProgramDev2_GPT4o_8_scored.json,1,"Write a CLI program to analyze a log file (e.g., Apache access log, system log). The user specifies the log file and a pattern (e.g., ERROR, 404). The tool should count and display lines containing the pattern."
0.00070967033651176,0.00070967033651176,0.00070967033651176,ChatDev_ProgramDev2_GPT4o_8_scored.json,1,c4,1,1,CodeReviewComment,0,2.6,2.6,Code Reviewer,2.6\ChatDev_ProgramDev2_GPT4o_8_scored.json,2.6\ChatDev_ProgramDev2_GPT4o_8_scored.json,2,"Write a CLI program to analyze a log file (e.g., Apache access log, system log). The user specifies the log file and a pattern (e.g., ERROR, 404). The tool should count and display lines containing the pattern."
0.004070137939983506,0.004070137939983506,0.004070137939983506,ChatDev_ProgramDev2_GPT4o_8_scored.json,2,c4,1,1,CodeReviewComment,0,2.6,2.6,Code Reviewer,2.6\ChatDev_ProgramDev2_GPT4o_8_scored.json,2.6\ChatDev_ProgramDev2_GPT4o_8_scored.json,3,"Write a CLI program to analyze a log file (e.g., Apache access log, system log). The user specifies the log file and a pattern (e.g., ERROR, 404). The tool should count and display lines containing the pattern."
0.2689414395711808,0.02150100290770465,1.0467401794744658e-08,ChatDev_ProgramDev2_GPT4o_8_scored.json,1,c4,17,17,CodeReviewModification,0,2.6,2.6,Programmer,2.6\ChatDev_ProgramDev2_GPT4o_8_scored.json,2.6\ChatDev_ProgramDev2_GPT4o_8_scored.json,2,"Write a CLI program to analyze a log file (e.g., Apache access log, system log). The user specifies the log file and a pattern (e.g., ERROR, 404). The tool should count and display lines containing the pattern."
0.9998414409961658,0.43552028599235904,2.9989608248573072e-09,ChatDev_ProgramDev2_GPT4o_8_scored.json,2,c4,17,17,CodeReviewModification,0,2.6,2.6,Programmer,2.6\ChatDev_ProgramDev2_GPT4o_8_scored.json,2.6\ChatDev_ProgramDev2_GPT4o_8_scored.json,3,"Write a CLI program to analyze a log file (e.g., Apache access log, system log). The user specifies the log file and a pattern (e.g., ERROR, 404). The tool should count and display lines containing the pattern."
0.9997387313567133,0.39429264471856434,1.6052280551856116e-09,ChatDev_ProgramDev2_GPT4o_8_scored.json,3,c4,17,17,CodeReviewModification,0,2.6,2.6,Programmer,2.6\ChatDev_ProgramDev2_GPT4o_8_scored.json,2.6\ChatDev_ProgramDev2_GPT4o_8_scored.json,4,"Write a CLI program to analyze a log file (e.g., Apache access log, system log). The user specifies the log file and a pattern (e.g., ERROR, 404). The tool should count and display lines containing the pattern."
0.9999981678676065,0.4358792746987203,2.510999155743982e-08,ChatDev_ProgramDev2_GPT4o_8_scored.json,0,c4,12,12,Coding,0,2.6,2.6,Programmer,2.6\ChatDev_ProgramDev2_GPT4o_8_scored.json,2.6\ChatDev_ProgramDev2_GPT4o_8_scored.json,1,"Write a CLI program to analyze a log file (e.g., Apache access log, system log). The user specifies the log file and a pattern (e.g., ERROR, 404). The tool should count and display lines containing the pattern."
0.9999998675967278,0.4965349755407611,3.059023205018258e-07,ChatDev_ProgramDev2_GPT4o_8_scored.json,4,c4,4,4,EnvironmentDoc,0,2.6,2.6,Programmer,2.6\ChatDev_ProgramDev2_GPT4o_8_scored.json,2.6\ChatDev_ProgramDev2_GPT4o_8_scored.json,5,"Write a CLI program to analyze a log file (e.g., Apache access log, system log). The user specifies the log file and a pattern (e.g., ERROR, 404). The tool should count and display lines containing the pattern."
0.9999997419468039,0.6412719317397727,0.0031726831078774057,ChatDev_ProgramDev2_GPT4o_91_scored.json,0,c4,4,4,Reflection,0,2.6,2.6,Chief Executive Officer,2.6\ChatDev_ProgramDev2_GPT4o_91_scored.json,2.6\ChatDev_ProgramDev2_GPT4o_91_scored.json,1,"Build a CLI cronjob generator. Provides a user-friendly way to create common cron job schedules (e.g., daily at 3 AM, every 15 minutes) and outputs the crontab line."
1.0,0.799816949251719,2.7535687796947383e-05,ChatDev_ProgramDev2_GPT4o_91_scored.json,0,c4,5,5,DemandAnalysis,0,2.6,2.6,Chief Product Officer,2.6\ChatDev_ProgramDev2_GPT4o_91_scored.json,2.6\ChatDev_ProgramDev2_GPT4o_91_scored.json,1,"Build a CLI cronjob generator. Provides a user-friendly way to create common cron job schedules (e.g., daily at 3 AM, every 15 minutes) and outputs the crontab line."
3.2241867372567335e-08,1.0747289124189112e-08,0.0,ChatDev_ProgramDev2_GPT4o_91_scored.json,1,c4,3,3,DemandAnalysis,0,2.6,2.6,Chief Product Officer,2.6\ChatDev_ProgramDev2_GPT4o_91_scored.json,2.6\ChatDev_ProgramDev2_GPT4o_91_scored.json,2,"Build a CLI cronjob generator. Provides a user-friendly way to create common cron job schedules (e.g., daily at 3 AM, every 15 minutes) and outputs the crontab line."
1.0,0.6666535117402151,5.602796437537268e-09,ChatDev_ProgramDev2_GPT4o_91_scored.json,2,c4,9,9,Manual,0,2.6,2.6,Chief Product Officer,2.6\ChatDev_ProgramDev2_GPT4o_91_scored.json,2.6\ChatDev_ProgramDev2_GPT4o_91_scored.json,3,"Build a CLI cronjob generator. Provides a user-friendly way to create common cron job schedules (e.g., daily at 3 AM, every 15 minutes) and outputs the crontab line."
0.9999998959770916,0.9999998959770916,0.9999998959770916,ChatDev_ProgramDev2_GPT4o_91_scored.json,0,c4,1,1,LanguageChoose,0,2.6,2.6,Chief Technology Officer,2.6\ChatDev_ProgramDev2_GPT4o_91_scored.json,2.6\ChatDev_ProgramDev2_GPT4o_91_scored.json,1,"Build a CLI cronjob generator. Provides a user-friendly way to create common cron job schedules (e.g., daily at 3 AM, every 15 minutes) and outputs the crontab line."
0.9999998978805934,0.7483594815343698,0.0001584362410990077,ChatDev_ProgramDev2_GPT4o_91_scored.json,0,c4,4,4,CodeReviewComment,0,2.6,2.6,Code Reviewer,2.6\ChatDev_ProgramDev2_GPT4o_91_scored.json,2.6\ChatDev_ProgramDev2_GPT4o_91_scored.json,1,"Build a CLI cronjob generator. Provides a user-friendly way to create common cron job schedules (e.g., daily at 3 AM, every 15 minutes) and outputs the crontab line."
0.8807969932215204,0.2630571074941148,0.0009110514045295695,ChatDev_ProgramDev2_GPT4o_91_scored.json,1,c4,8,8,CodeReviewComment,0,2.6,2.6,Code Reviewer,2.6\ChatDev_ProgramDev2_GPT4o_91_scored.json,2.6\ChatDev_ProgramDev2_GPT4o_91_scored.json,2,"Build a CLI cronjob generator. Provides a user-friendly way to create common cron job schedules (e.g., daily at 3 AM, every 15 minutes) and outputs the crontab line."
0.004070137939983506,0.0014359194091672835,4.78509457496562e-06,ChatDev_ProgramDev2_GPT4o_91_scored.json,2,c4,7,7,CodeReviewComment,0,2.6,2.6,Code Reviewer,2.6\ChatDev_ProgramDev2_GPT4o_91_scored.json,2.6\ChatDev_ProgramDev2_GPT4o_91_scored.json,3,"Build a CLI cronjob generator. Provides a user-friendly way to create common cron job schedules (e.g., daily at 3 AM, every 15 minutes) and outputs the crontab line."
0.9999998772899766,0.5320821060865686,1.522997974471263e-08,ChatDev_ProgramDev2_GPT4o_91_scored.json,1,c4,21,21,CodeReviewModification,0,2.6,2.6,Programmer,2.6\ChatDev_ProgramDev2_GPT4o_91_scored.json,2.6\ChatDev_ProgramDev2_GPT4o_91_scored.json,2,"Build a CLI cronjob generator. Provides a user-friendly way to create common cron job schedules (e.g., daily at 3 AM, every 15 minutes) and outputs the crontab line."
0.9984987945132215,0.29783122200405304,1.7603429545652396e-06,ChatDev_ProgramDev2_GPT4o_91_scored.json,2,c4,14,14,CodeReviewModification,0,2.6,2.6,Programmer,2.6\ChatDev_ProgramDev2_GPT4o_91_scored.json,2.6\ChatDev_ProgramDev2_GPT4o_91_scored.json,3,"Build a CLI cronjob generator. Provides a user-friendly way to create common cron job schedules (e.g., daily at 3 AM, every 15 minutes) and outputs the crontab line."
0.9859363710391911,0.14859080815176598,4.539785156619626e-05,ChatDev_ProgramDev2_GPT4o_91_scored.json,3,c4,19,19,CodeReviewModification,0,2.6,2.6,Programmer,2.6\ChatDev_ProgramDev2_GPT4o_91_scored.json,2.6\ChatDev_ProgramDev2_GPT4o_91_scored.json,4,"Build a CLI cronjob generator. Provides a user-friendly way to create common cron job schedules (e.g., daily at 3 AM, every 15 minutes) and outputs the crontab line."
0.95257415531961,0.1689868967404574,3.7266389560521204e-06,ChatDev_ProgramDev2_GPT4o_91_scored.json,0,c4,18,18,Coding,0,2.6,2.6,Programmer,2.6\ChatDev_ProgramDev2_GPT4o_91_scored.json,2.6\ChatDev_ProgramDev2_GPT4o_91_scored.json,1,"Build a CLI cronjob generator. Provides a user-friendly way to create common cron job schedules (e.g., daily at 3 AM, every 15 minutes) and outputs the crontab line."
0.9999998409036234,0.9999316370275111,0.9996645361891097,ChatDev_ProgramDev2_GPT4o_91_scored.json,4,c4,5,5,EnvironmentDoc,0,2.6,2.6,Programmer,2.6\ChatDev_ProgramDev2_GPT4o_91_scored.json,2.6\ChatDev_ProgramDev2_GPT4o_91_scored.json,5,"Build a CLI cronjob generator. Provides a user-friendly way to create common cron job schedules (e.g., daily at 3 AM, every 15 minutes) and outputs the crontab line."
0.999999875401659,0.8613471884174067,0.3208213362911397,ChatDev_ProgramDev2_GPT4o_94_scored.json,0,c4,5,5,Reflection,0,2.6,2.6,Chief Executive Officer,2.6\ChatDev_ProgramDev2_GPT4o_94_scored.json,2.6\ChatDev_ProgramDev2_GPT4o_94_scored.json,1,Develop a CLI program to extract specific columns from a CSV or space-delimited text file. User specifies column numbers or headers.
1.0,0.6658445001186784,6.144171336422507e-06,ChatDev_ProgramDev2_GPT4o_94_scored.json,0,c4,3,3,DemandAnalysis,0,2.6,2.6,Chief Product Officer,2.6\ChatDev_ProgramDev2_GPT4o_94_scored.json,2.6\ChatDev_ProgramDev2_GPT4o_94_scored.json,1,Develop a CLI program to extract specific columns from a CSV or space-delimited text file. User specifies column numbers or headers.
1.8553913626159784e-07,1.0254740867472417e-07,1.9555681087850496e-08,ChatDev_ProgramDev2_GPT4o_94_scored.json,1,c4,2,2,DemandAnalysis,0,2.6,2.6,Chief Product Officer,2.6\ChatDev_ProgramDev2_GPT4o_94_scored.json,2.6\ChatDev_ProgramDev2_GPT4o_94_scored.json,2,Develop a CLI program to extract specific columns from a CSV or space-delimited text file. User specifies column numbers or headers.
1.0,0.7334756498512889,1.103256032343554e-09,ChatDev_ProgramDev2_GPT4o_94_scored.json,2,c4,15,15,Manual,0,2.6,2.6,Chief Product Officer,2.6\ChatDev_ProgramDev2_GPT4o_94_scored.json,2.6\ChatDev_ProgramDev2_GPT4o_94_scored.json,3,Develop a CLI program to extract specific columns from a CSV or space-delimited text file. User specifies column numbers or headers.
0.99999988484326,0.99999988484326,0.99999988484326,ChatDev_ProgramDev2_GPT4o_94_scored.json,0,c4,1,1,LanguageChoose,0,2.6,2.6,Chief Technology Officer,2.6\ChatDev_ProgramDev2_GPT4o_94_scored.json,2.6\ChatDev_ProgramDev2_GPT4o_94_scored.json,1,Develop a CLI program to extract specific columns from a CSV or space-delimited text file. User specifies column numbers or headers.
0.9975273972025447,0.9975273972025447,0.9975273972025447,ChatDev_ProgramDev2_GPT4o_94_scored.json,1,c4,1,1,LanguageChoose,0,2.6,2.6,Chief Technology Officer,2.6\ChatDev_ProgramDev2_GPT4o_94_scored.json,2.6\ChatDev_ProgramDev2_GPT4o_94_scored.json,2,Develop a CLI program to extract specific columns from a CSV or space-delimited text file. User specifies column numbers or headers.
0.9999998769789961,0.7991859397767087,0.4378235256130837,ChatDev_ProgramDev2_GPT4o_94_scored.json,0,c4,5,5,CodeReviewComment,0,2.6,2.6,Code Reviewer,2.6\ChatDev_ProgramDev2_GPT4o_94_scored.json,2.6\ChatDev_ProgramDev2_GPT4o_94_scored.json,1,Develop a CLI program to extract specific columns from a CSV or space-delimited text file. User specifies column numbers or headers.
0.9999998497938857,0.9937774317555021,0.9626730247069031,ChatDev_ProgramDev2_GPT4o_94_scored.json,1,c4,6,6,CodeReviewComment,0,2.6,2.6,Code Reviewer,2.6\ChatDev_ProgramDev2_GPT4o_94_scored.json,2.6\ChatDev_ProgramDev2_GPT4o_94_scored.json,2,Develop a CLI program to extract specific columns from a CSV or space-delimited text file. User specifies column numbers or headers.
0.32082130526509023,0.10536264460400127,0.0001584362410990077,ChatDev_ProgramDev2_GPT4o_94_scored.json,2,c4,5,5,CodeReviewComment,0,2.6,2.6,Code Reviewer,2.6\ChatDev_ProgramDev2_GPT4o_94_scored.json,2.6\ChatDev_ProgramDev2_GPT4o_94_scored.json,3,Develop a CLI program to extract specific columns from a CSV or space-delimited text file. User specifies column numbers or headers.
0.9975273142973302,0.14449396901876113,1.7257827987960214e-08,ChatDev_ProgramDev2_GPT4o_94_scored.json,1,c4,14,14,CodeReviewModification,0,2.6,2.6,Programmer,2.6\ChatDev_ProgramDev2_GPT4o_94_scored.json,2.6\ChatDev_ProgramDev2_GPT4o_94_scored.json,2,Develop a CLI program to extract specific columns from a CSV or space-delimited text file. User specifies column numbers or headers.
0.9999998868993032,0.7509324946750165,0.0001233946226544279,ChatDev_ProgramDev2_GPT4o_94_scored.json,2,c4,19,19,CodeReviewModification,0,2.6,2.6,Programmer,2.6\ChatDev_ProgramDev2_GPT4o_94_scored.json,2.6\ChatDev_ProgramDev2_GPT4o_94_scored.json,3,Develop a CLI program to extract specific columns from a CSV or space-delimited text file. User specifies column numbers or headers.
1.0,0.6946948328154021,3.398267819495071e-09,ChatDev_ProgramDev2_GPT4o_94_scored.json,3,c4,16,16,CodeReviewModification,0,2.6,2.6,Programmer,2.6\ChatDev_ProgramDev2_GPT4o_94_scored.json,2.6\ChatDev_ProgramDev2_GPT4o_94_scored.json,4,Develop a CLI program to extract specific columns from a CSV or space-delimited text file. User specifies column numbers or headers.
0.9999998405669868,0.8367501883324561,0.1192029258996599,ChatDev_ProgramDev2_GPT4o_94_scored.json,0,c4,17,17,Coding,0,2.6,2.6,Programmer,2.6\ChatDev_ProgramDev2_GPT4o_94_scored.json,2.6\ChatDev_ProgramDev2_GPT4o_94_scored.json,1,Develop a CLI program to extract specific columns from a CSV or space-delimited text file. User specifies column numbers or headers.
0.9999994968172065,0.999707702673831,0.9992902640572576,ChatDev_ProgramDev2_GPT4o_94_scored.json,4,c4,4,4,EnvironmentDoc,0,2.6,2.6,Programmer,2.6\ChatDev_ProgramDev2_GPT4o_94_scored.json,2.6\ChatDev_ProgramDev2_GPT4o_94_scored.json,5,Develop a CLI program to extract specific columns from a CSV or space-delimited text file. User specifies column numbers or headers.
0.9999998794127305,0.820217287079775,0.0003353500342255387,ChatDev_ProgramDev2_GPT4o_95_scored.json,0,c4,6,6,Reflection,0,2.6,2.6,Chief Executive Officer,2.6\ChatDev_ProgramDev2_GPT4o_95_scored.json,2.6\ChatDev_ProgramDev2_GPT4o_95_scored.json,1,"Build a simple CLI spell checker that takes a text file or string input and checks words against a local dictionary file, highlighting potential misspellings."
0.9999998329139697,0.5022386565757194,0.0040701382967006676,ChatDev_ProgramDev2_GPT4o_95_scored.json,0,c4,4,4,DemandAnalysis,0,2.6,2.6,Chief Product Officer,2.6\ChatDev_ProgramDev2_GPT4o_95_scored.json,2.6\ChatDev_ProgramDev2_GPT4o_95_scored.json,1,"Build a simple CLI spell checker that takes a text file or string input and checks words against a local dictionary file, highlighting potential misspellings."
1.9555681087850496e-08,6.804965916589303e-09,0.0,ChatDev_ProgramDev2_GPT4o_95_scored.json,1,c4,3,3,DemandAnalysis,0,2.6,2.6,Chief Product Officer,2.6\ChatDev_ProgramDev2_GPT4o_95_scored.json,2.6\ChatDev_ProgramDev2_GPT4o_95_scored.json,2,"Build a simple CLI spell checker that takes a text file or string input and checks words against a local dictionary file, highlighting potential misspellings."
0.9999998616063754,0.9999998616063754,0.9999998616063754,ChatDev_ProgramDev2_GPT4o_95_scored.json,2,c4,1,1,DemandAnalysis,0,2.6,2.6,Chief Product Officer,2.6\ChatDev_ProgramDev2_GPT4o_95_scored.json,2.6\ChatDev_ProgramDev2_GPT4o_95_scored.json,3,"Build a simple CLI spell checker that takes a text file or string input and checks words against a local dictionary file, highlighting potential misspellings."
0.999999887980702,0.646810791860083,6.144171336422507e-06,ChatDev_ProgramDev2_GPT4o_95_scored.json,3,c4,14,14,Manual,0,2.6,2.6,Chief Product Officer,2.6\ChatDev_ProgramDev2_GPT4o_95_scored.json,2.6\ChatDev_ProgramDev2_GPT4o_95_scored.json,4,"Build a simple CLI spell checker that takes a text file or string input and checks words against a local dictionary file, highlighting potential misspellings."
0.9820138229068396,0.9820138229068396,0.9820138229068396,ChatDev_ProgramDev2_GPT4o_95_scored.json,0,c4,1,1,LanguageChoose,0,2.6,2.6,Chief Technology Officer,2.6\ChatDev_ProgramDev2_GPT4o_95_scored.json,2.6\ChatDev_ProgramDev2_GPT4o_95_scored.json,1,"Build a simple CLI spell checker that takes a text file or string input and checks words against a local dictionary file, highlighting potential misspellings."
1.0,0.8902429625172953,6.144171336422507e-06,ChatDev_ProgramDev2_GPT4o_95_scored.json,0,c4,10,10,CodeReviewComment,0,2.6,2.6,Code Reviewer,2.6\ChatDev_ProgramDev2_GPT4o_95_scored.json,2.6\ChatDev_ProgramDev2_GPT4o_95_scored.json,1,"Build a simple CLI spell checker that takes a text file or string input and checks words against a local dictionary file, highlighting potential misspellings."
0.9999997299997092,0.7555280435067064,0.09534947042092046,ChatDev_ProgramDev2_GPT4o_95_scored.json,1,c4,7,7,CodeReviewComment,0,2.6,2.6,Code Reviewer,2.6\ChatDev_ProgramDev2_GPT4o_95_scored.json,2.6\ChatDev_ProgramDev2_GPT4o_95_scored.json,2,"Build a simple CLI spell checker that takes a text file or string input and checks words against a local dictionary file, highlighting potential misspellings."
0.9998414600202549,0.9998414600202549,0.9998414600202549,ChatDev_ProgramDev2_GPT4o_95_scored.json,2,c4,1,1,CodeReviewComment,0,2.6,2.6,Code Reviewer,2.6\ChatDev_ProgramDev2_GPT4o_95_scored.json,2.6\ChatDev_ProgramDev2_GPT4o_95_scored.json,3,"Build a simple CLI spell checker that takes a text file or string input and checks words against a local dictionary file, highlighting potential misspellings."
0.9046504942128604,0.13515690044435538,6.82560337633487e-08,ChatDev_ProgramDev2_GPT4o_95_scored.json,1,c4,18,18,CodeReviewModification,0,2.6,2.6,Programmer,2.6\ChatDev_ProgramDev2_GPT4o_95_scored.json,2.6\ChatDev_ProgramDev2_GPT4o_95_scored.json,2,"Build a simple CLI spell checker that takes a text file or string input and checks words against a local dictionary file, highlighting potential misspellings."
0.9999998496057081,0.4631908179403421,1.8553913626159784e-07,ChatDev_ProgramDev2_GPT4o_95_scored.json,2,c4,18,18,CodeReviewModification,0,2.6,2.6,Programmer,2.6\ChatDev_ProgramDev2_GPT4o_95_scored.json,2.6\ChatDev_ProgramDev2_GPT4o_95_scored.json,3,"Build a simple CLI spell checker that takes a text file or string input and checks words against a local dictionary file, highlighting potential misspellings."
0.9999969794017545,0.8066050152307429,0.001501181950907551,ChatDev_ProgramDev2_GPT4o_95_scored.json,3,c4,18,18,CodeReviewModification,0,2.6,2.6,Programmer,2.6\ChatDev_ProgramDev2_GPT4o_95_scored.json,2.6\ChatDev_ProgramDev2_GPT4o_95_scored.json,4,"Build a simple CLI spell checker that takes a text file or string input and checks words against a local dictionary file, highlighting potential misspellings."
0.9994471870596267,0.6538557094775834,3.7266389560521204e-06,ChatDev_ProgramDev2_GPT4o_95_scored.json,0,c4,14,14,Coding,0,2.6,2.6,Programmer,2.6\ChatDev_ProgramDev2_GPT4o_95_scored.json,2.6\ChatDev_ProgramDev2_GPT4o_95_scored.json,1,"Build a simple CLI spell checker that takes a text file or string input and checks words against a local dictionary file, highlighting potential misspellings."
1.0,0.9999999151234401,0.9999998672136381,ChatDev_ProgramDev2_GPT4o_95_scored.json,4,c4,4,4,EnvironmentDoc,0,2.6,2.6,Programmer,2.6\ChatDev_ProgramDev2_GPT4o_95_scored.json,2.6\ChatDev_ProgramDev2_GPT4o_95_scored.json,5,"Build a simple CLI spell checker that takes a text file or string input and checks words against a local dictionary file, highlighting potential misspellings."
0.9999998775637733,0.4993818669857078,2.215948977336598e-08,ChatDev_ProgramDev2_GPT4o_98_scored.json,0,c4,4,4,DemandAnalysis,0,2.6,2.6,Chief Product Officer,2.6\ChatDev_ProgramDev2_GPT4o_98_scored.json,2.6\ChatDev_ProgramDev2_GPT4o_98_scored.json,1,Develop a CLI tool that generates a Markdown table from a CSV file input. The first row of the CSV is treated as the header.
0.999999243727636,0.399765928397663,0.0,ChatDev_ProgramDev2_GPT4o_98_scored.json,1,c4,5,5,DemandAnalysis,0,2.6,2.6,Chief Product Officer,2.6\ChatDev_ProgramDev2_GPT4o_98_scored.json,2.6\ChatDev_ProgramDev2_GPT4o_98_scored.json,2,Develop a CLI tool that generates a Markdown table from a CSV file input. The first row of the CSV is treated as the header.
1.0,0.5919301102172866,0.0,ChatDev_ProgramDev2_GPT4o_98_scored.json,2,c4,16,16,Manual,0,2.6,2.6,Chief Product Officer,2.6\ChatDev_ProgramDev2_GPT4o_98_scored.json,2.6\ChatDev_ProgramDev2_GPT4o_98_scored.json,3,Develop a CLI tool that generates a Markdown table from a CSV file input. The first row of the CSV is treated as the header.
0.9999998689587007,0.9999998689587007,0.9999998689587007,ChatDev_ProgramDev2_GPT4o_98_scored.json,0,c4,1,1,LanguageChoose,0,2.6,2.6,Chief Technology Officer,2.6\ChatDev_ProgramDev2_GPT4o_98_scored.json,2.6\ChatDev_ProgramDev2_GPT4o_98_scored.json,1,Develop a CLI tool that generates a Markdown table from a CSV file input. The first row of the CSV is treated as the header.
0.9999998611504499,0.5999997307107364,0.0,ChatDev_ProgramDev2_GPT4o_98_scored.json,0,c4,5,5,CodeReviewComment,0,2.6,2.6,Code Reviewer,2.6\ChatDev_ProgramDev2_GPT4o_98_scored.json,2.6\ChatDev_ProgramDev2_GPT4o_98_scored.json,1,Develop a CLI tool that generates a Markdown table from a CSV file input. The first row of the CSV is treated as the header.
0.0031726831078774057,0.0031726831078774057,0.0031726831078774057,ChatDev_ProgramDev2_GPT4o_98_scored.json,1,c4,1,1,CodeReviewComment,0,2.6,2.6,Code Reviewer,2.6\ChatDev_ProgramDev2_GPT4o_98_scored.json,2.6\ChatDev_ProgramDev2_GPT4o_98_scored.json,2,Develop a CLI tool that generates a Markdown table from a CSV file input. The first row of the CSV is treated as the header.
0.002472623024627213,0.002472623024627213,0.002472623024627213,ChatDev_ProgramDev2_GPT4o_98_scored.json,2,c4,1,1,CodeReviewComment,0,2.6,2.6,Code Reviewer,2.6\ChatDev_ProgramDev2_GPT4o_98_scored.json,2.6\ChatDev_ProgramDev2_GPT4o_98_scored.json,3,Develop a CLI tool that generates a Markdown table from a CSV file input. The first row of the CSV is treated as the header.
1.0,0.6665115747639603,7.194133030325383e-09,ChatDev_ProgramDev2_GPT4o_98_scored.json,1,c4,12,12,CodeReviewModification,0,2.6,2.6,Programmer,2.6\ChatDev_ProgramDev2_GPT4o_98_scored.json,2.6\ChatDev_ProgramDev2_GPT4o_98_scored.json,2,Develop a CLI tool that generates a Markdown table from a CSV file input. The first row of the CSV is treated as the header.
0.9999998769789961,0.9533773110648651,0.14804723268804668,ChatDev_ProgramDev2_GPT4o_98_scored.json,2,c4,20,20,CodeReviewModification,0,2.6,2.6,Programmer,2.6\ChatDev_ProgramDev2_GPT4o_98_scored.json,2.6\ChatDev_ProgramDev2_GPT4o_98_scored.json,3,Develop a CLI tool that generates a Markdown table from a CSV file input. The first row of the CSV is treated as the header.
0.9999998860671814,0.9235614575704302,7.484619074298232e-05,ChatDev_ProgramDev2_GPT4o_98_scored.json,3,c4,20,20,CodeReviewModification,0,2.6,2.6,Programmer,2.6\ChatDev_ProgramDev2_GPT4o_98_scored.json,2.6\ChatDev_ProgramDev2_GPT4o_98_scored.json,4,Develop a CLI tool that generates a Markdown table from a CSV file input. The first row of the CSV is treated as the header.
0.9999998615076946,0.7687200793642418,0.00857748616990274,ChatDev_ProgramDev2_GPT4o_98_scored.json,0,c4,10,10,Coding,0,2.6,2.6,Programmer,2.6\ChatDev_ProgramDev2_GPT4o_98_scored.json,2.6\ChatDev_ProgramDev2_GPT4o_98_scored.json,1,Develop a CLI tool that generates a Markdown table from a CSV file input. The first row of the CSV is treated as the header.
0.9999998673813637,0.2256178989376977,0.001501181950907551,ChatDev_ProgramDev2_GPT4o_98_scored.json,4,c4,5,5,EnvironmentDoc,0,2.6,2.6,Programmer,2.6\ChatDev_ProgramDev2_GPT4o_98_scored.json,2.6\ChatDev_ProgramDev2_GPT4o_98_scored.json,5,Develop a CLI tool that generates a Markdown table from a CSV file input. The first row of the CSV is treated as the header.
0.9999997305902396,0.6871357648410994,0.0019267342527389902,ChatDev_ProgramDev2_GPT4o_98_scored.json,5,c4,5,5,EnvironmentDoc,0,2.6,2.6,Programmer,2.6\ChatDev_ProgramDev2_GPT4o_98_scored.json,2.6\ChatDev_ProgramDev2_GPT4o_98_scored.json,6,Develop a CLI tool that generates a Markdown table from a CSV file input. The first row of the CSV is treated as the header.
0.9975273573522321,0.622515731158479,0.0011695103074966034,ChatDev_ProgramDev_GPT4o_18_scored.json,0,c4,5,5,DemandAnalysis,0,2.6,2.6,Chief Product Officer,2.6\ChatDev_ProgramDev_GPT4o_18_scored.json,2.6\ChatDev_ProgramDev_GPT4o_18_scored.json,1,"Implement Dou Dizhu (Chinese Poker) game for three players, one of whom is the 'landlord.' Cards must be played in valid combinations (singles, pairs, straights, etc.). The objective is to be the first to run out of cards or prevent the landlord from doing so, following standard Dou Dizhu rules. Include the bidding phase to determine the landlord, and enforce the pass-or-beat logic for played combinations."
0.9999981668503108,0.8829095294943698,0.4378235448813625,ChatDev_ProgramDev_GPT4o_18_scored.json,1,c4,5,5,DemandAnalysis,0,2.6,2.6,Chief Product Officer,2.6\ChatDev_ProgramDev_GPT4o_18_scored.json,2.6\ChatDev_ProgramDev_GPT4o_18_scored.json,2,"Implement Dou Dizhu (Chinese Poker) game for three players, one of whom is the 'landlord.' Cards must be played in valid combinations (singles, pairs, straights, etc.). The objective is to be the first to run out of cards or prevent the landlord from doing so, following standard Dou Dizhu rules. Include the bidding phase to determine the landlord, and enforce the pass-or-beat logic for played combinations."
1.0,0.7740843672476002,6.47594599989589e-07,ChatDev_ProgramDev_GPT4o_18_scored.json,2,c4,14,14,Manual,0,2.6,2.6,Chief Product Officer,2.6\ChatDev_ProgramDev_GPT4o_18_scored.json,2.6\ChatDev_ProgramDev_GPT4o_18_scored.json,3,"Implement Dou Dizhu (Chinese Poker) game for three players, one of whom is the 'landlord.' Cards must be played in valid combinations (singles, pairs, straights, etc.). The objective is to be the first to run out of cards or prevent the landlord from doing so, following standard Dou Dizhu rules. Include the bidding phase to determine the landlord, and enforce the pass-or-beat logic for played combinations."
1.0,1.0,1.0,ChatDev_ProgramDev_GPT4o_18_scored.json,0,c4,1,1,LanguageChoose,0,2.6,2.6,Chief Technology Officer,2.6\ChatDev_ProgramDev_GPT4o_18_scored.json,2.6\ChatDev_ProgramDev_GPT4o_18_scored.json,1,"Implement Dou Dizhu (Chinese Poker) game for three players, one of whom is the 'landlord.' Cards must be played in valid combinations (singles, pairs, straights, etc.). The objective is to be the first to run out of cards or prevent the landlord from doing so, following standard Dou Dizhu rules. Include the bidding phase to determine the landlord, and enforce the pass-or-beat logic for played combinations."
0.9999981713427665,0.7101055728233252,0.005220125868449866,ChatDev_ProgramDev_GPT4o_18_scored.json,0,c4,7,7,CodeReviewComment,0,2.6,2.6,Code Reviewer,2.6\ChatDev_ProgramDev_GPT4o_18_scored.json,2.6\ChatDev_ProgramDev_GPT4o_18_scored.json,1,"Implement Dou Dizhu (Chinese Poker) game for three players, one of whom is the 'landlord.' Cards must be played in valid combinations (singles, pairs, straights, etc.). The objective is to be the first to run out of cards or prevent the landlord from doing so, following standard Dou Dizhu rules. Include the bidding phase to determine the landlord, and enforce the pass-or-beat logic for played combinations."
1.0,0.8574917338539697,0.002472623024627213,ChatDev_ProgramDev_GPT4o_18_scored.json,1,c4,7,7,CodeReviewComment,0,2.6,2.6,Code Reviewer,2.6\ChatDev_ProgramDev_GPT4o_18_scored.json,2.6\ChatDev_ProgramDev_GPT4o_18_scored.json,2,"Implement Dou Dizhu (Chinese Poker) game for three players, one of whom is the 'landlord.' Cards must be played in valid combinations (singles, pairs, straights, etc.). The objective is to be the first to run out of cards or prevent the landlord from doing so, following standard Dou Dizhu rules. Include the bidding phase to determine the landlord, and enforce the pass-or-beat logic for played combinations."
0.9999998626143364,0.9901040798851019,0.9525741349489529,ChatDev_ProgramDev_GPT4o_18_scored.json,2,c4,8,8,CodeReviewComment,0,2.6,2.6,Code Reviewer,2.6\ChatDev_ProgramDev_GPT4o_18_scored.json,2.6\ChatDev_ProgramDev_GPT4o_18_scored.json,3,"Implement Dou Dizhu (Chinese Poker) game for three players, one of whom is the 'landlord.' Cards must be played in valid combinations (singles, pairs, straights, etc.). The objective is to be the first to run out of cards or prevent the landlord from doing so, following standard Dou Dizhu rules. Include the bidding phase to determine the landlord, and enforce the pass-or-beat logic for played combinations."
0.9525740705547181,0.04876332707074292,3.4663274126619643e-07,ChatDev_ProgramDev_GPT4o_18_scored.json,1,c4,43,43,CodeReviewModification,0,2.6,2.6,Programmer,2.6\ChatDev_ProgramDev_GPT4o_18_scored.json,2.6\ChatDev_ProgramDev_GPT4o_18_scored.json,2,"Implement Dou Dizhu (Chinese Poker) game for three players, one of whom is the 'landlord.' Cards must be played in valid combinations (singles, pairs, straights, etc.). The objective is to be the first to run out of cards or prevent the landlord from doing so, following standard Dou Dizhu rules. Include the bidding phase to determine the landlord, and enforce the pass-or-beat logic for played combinations."
0.9999997177634407,0.28522025230175785,0.0,ChatDev_ProgramDev_GPT4o_18_scored.json,2,c4,36,36,CodeReviewModification,0,2.6,2.6,Programmer,2.6\ChatDev_ProgramDev_GPT4o_18_scored.json,2.6\ChatDev_ProgramDev_GPT4o_18_scored.json,3,"Implement Dou Dizhu (Chinese Poker) game for three players, one of whom is the 'landlord.' Cards must be played in valid combinations (singles, pairs, straights, etc.). The objective is to be the first to run out of cards or prevent the landlord from doing so, following standard Dou Dizhu rules. Include the bidding phase to determine the landlord, and enforce the pass-or-beat logic for played combinations."
0.8807970461775756,0.07490064413368935,3.927863545481039e-07,ChatDev_ProgramDev_GPT4o_18_scored.json,3,c4,28,28,CodeReviewModification,0,2.6,2.6,Programmer,2.6\ChatDev_ProgramDev_GPT4o_18_scored.json,2.6\ChatDev_ProgramDev_GPT4o_18_scored.json,4,"Implement Dou Dizhu (Chinese Poker) game for three players, one of whom is the 'landlord.' Cards must be played in valid combinations (singles, pairs, straights, etc.). The objective is to be the first to run out of cards or prevent the landlord from doing so, following standard Dou Dizhu rules. Include the bidding phase to determine the landlord, and enforce the pass-or-beat logic for played combinations."
0.9999999237374206,0.8784016411258031,4.139937718785167e-08,ChatDev_ProgramDev_GPT4o_18_scored.json,0,c4,26,26,Coding,0,2.6,2.6,Programmer,2.6\ChatDev_ProgramDev_GPT4o_18_scored.json,2.6\ChatDev_ProgramDev_GPT4o_18_scored.json,1,"Implement Dou Dizhu (Chinese Poker) game for three players, one of whom is the 'landlord.' Cards must be played in valid combinations (singles, pairs, straights, etc.). The objective is to be the first to run out of cards or prevent the landlord from doing so, following standard Dou Dizhu rules. Include the bidding phase to determine the landlord, and enforce the pass-or-beat logic for played combinations."
0.9999998458425617,0.5033463487549631,0.006692851667364368,ChatDev_ProgramDev_GPT4o_18_scored.json,4,c4,2,2,EnvironmentDoc,0,2.6,2.6,Programmer,2.6\ChatDev_ProgramDev_GPT4o_18_scored.json,2.6\ChatDev_ProgramDev_GPT4o_18_scored.json,5,"Implement Dou Dizhu (Chinese Poker) game for three players, one of whom is the 'landlord.' Cards must be played in valid combinations (singles, pairs, straights, etc.). The objective is to be the first to run out of cards or prevent the landlord from doing so, following standard Dou Dizhu rules. Include the bidding phase to determine the landlord, and enforce the pass-or-beat logic for played combinations."
0.9999998885549561,0.49999996254488915,3.6534822137210456e-08,ChatDev_ProgramDev_GPT4o_18_scored.json,5,c4,2,2,EnvironmentDoc,0,2.6,2.6,Programmer,2.6\ChatDev_ProgramDev_GPT4o_18_scored.json,2.6\ChatDev_ProgramDev_GPT4o_18_scored.json,6,"Implement Dou Dizhu (Chinese Poker) game for three players, one of whom is the 'landlord.' Cards must be played in valid combinations (singles, pairs, straights, etc.). The objective is to be the first to run out of cards or prevent the landlord from doing so, following standard Dou Dizhu rules. Include the bidding phase to determine the landlord, and enforce the pass-or-beat logic for played combinations."
0.9999992373558437,0.5054930899513181,0.010986942546792536,ChatDev_ProgramDev_GPT4o_27_scored.json,0,c4,2,2,Reflection,0,2.6,2.6,Chief Executive Officer,2.6\ChatDev_ProgramDev_GPT4o_27_scored.json,2.6\ChatDev_ProgramDev_GPT4o_27_scored.json,1,"Design a Gold Miner game. A claw moves back and forth, and the player times a grab to collect gold or other objects. Each object has a value and takes time to reel in. The level ends when time runs out or the minimum gold value is met. Display the position of the claw and objects, updating after each grab. Introduce ascending difficulty with more obstacles or tighter time limits."
0.999993757191685,0.98388559423232,0.9525741344278463,ChatDev_ProgramDev_GPT4o_27_scored.json,0,c4,3,3,DemandAnalysis,0,2.6,2.6,Chief Product Officer,2.6\ChatDev_ProgramDev_GPT4o_27_scored.json,2.6\ChatDev_ProgramDev_GPT4o_27_scored.json,1,"Design a Gold Miner game. A claw moves back and forth, and the player times a grab to collect gold or other objects. Each object has a value and takes time to reel in. The level ends when time runs out or the minimum gold value is met. Display the position of the claw and objects, updating after each grab. Introduce ascending difficulty with more obstacles or tighter time limits."
0.9999998613641835,0.9999996907518739,0.999999366865991,ChatDev_ProgramDev_GPT4o_27_scored.json,1,c4,3,3,DemandAnalysis,0,2.6,2.6,Chief Product Officer,2.6\ChatDev_ProgramDev_GPT4o_27_scored.json,2.6\ChatDev_ProgramDev_GPT4o_27_scored.json,2,"Design a Gold Miner game. A claw moves back and forth, and the player times a grab to collect gold or other objects. Each object has a value and takes time to reel in. The level ends when time runs out or the minimum gold value is met. Display the position of the claw and objects, updating after each grab. Introduce ascending difficulty with more obstacles or tighter time limits."
0.9999998677263637,0.7258691299539822,8.592166619174109e-10,ChatDev_ProgramDev_GPT4o_27_scored.json,2,c4,11,11,Manual,0,2.6,2.6,Chief Product Officer,2.6\ChatDev_ProgramDev_GPT4o_27_scored.json,2.6\ChatDev_ProgramDev_GPT4o_27_scored.json,3,"Design a Gold Miner game. A claw moves back and forth, and the player times a grab to collect gold or other objects. Each object has a value and takes time to reel in. The level ends when time runs out or the minimum gold value is met. Display the position of the claw and objects, updating after each grab. Introduce ascending difficulty with more obstacles or tighter time limits."
1.0,1.0,1.0,ChatDev_ProgramDev_GPT4o_27_scored.json,0,c4,1,1,LanguageChoose,0,2.6,2.6,Chief Technology Officer,2.6\ChatDev_ProgramDev_GPT4o_27_scored.json,2.6\ChatDev_ProgramDev_GPT4o_27_scored.json,1,"Design a Gold Miner game. A claw moves back and forth, and the player times a grab to collect gold or other objects. Each object has a value and takes time to reel in. The level ends when time runs out or the minimum gold value is met. Display the position of the claw and objects, updating after each grab. Introduce ascending difficulty with more obstacles or tighter time limits."
0.9999976944943337,0.8572633099282929,0.1824255291806184,ChatDev_ProgramDev_GPT4o_27_scored.json,0,c4,8,8,CodeReviewComment,0,2.6,2.6,Code Reviewer,2.6\ChatDev_ProgramDev_GPT4o_27_scored.json,2.6\ChatDev_ProgramDev_GPT4o_27_scored.json,1,"Design a Gold Miner game. A claw moves back and forth, and the player times a grab to collect gold or other objects. Each object has a value and takes time to reel in. The level ends when time runs out or the minimum gold value is met. Display the position of the claw and objects, updating after each grab. Introduce ascending difficulty with more obstacles or tighter time limits."
0.9999985331443098,0.6791033588865396,0.0031726831078774057,ChatDev_ProgramDev_GPT4o_27_scored.json,1,c4,8,8,CodeReviewComment,0,2.6,2.6,Code Reviewer,2.6\ChatDev_ProgramDev_GPT4o_27_scored.json,2.6\ChatDev_ProgramDev_GPT4o_27_scored.json,2,"Design a Gold Miner game. A claw moves back and forth, and the player times a grab to collect gold or other objects. Each object has a value and takes time to reel in. The level ends when time runs out or the minimum gold value is met. Display the position of the claw and objects, updating after each grab. Introduce ascending difficulty with more obstacles or tighter time limits."
0.11920292768578214,0.0487655604449266,6.82560337633487e-08,ChatDev_ProgramDev_GPT4o_27_scored.json,2,c4,4,4,CodeReviewComment,0,2.6,2.6,Code Reviewer,2.6\ChatDev_ProgramDev_GPT4o_27_scored.json,2.6\ChatDev_ProgramDev_GPT4o_27_scored.json,3,"Design a Gold Miner game. A claw moves back and forth, and the player times a grab to collect gold or other objects. Each object has a value and takes time to reel in. The level ends when time runs out or the minimum gold value is met. Display the position of the claw and objects, updating after each grab. Introduce ascending difficulty with more obstacles or tighter time limits."
0.26894141789249276,0.008039014330201546,9.931194312156244e-08,ChatDev_ProgramDev_GPT4o_27_scored.json,1,c4,50,50,CodeReviewModification,0,2.6,2.6,Programmer,2.6\ChatDev_ProgramDev_GPT4o_27_scored.json,2.6\ChatDev_ProgramDev_GPT4o_27_scored.json,2,"Design a Gold Miner game. A claw moves back and forth, and the player times a grab to collect gold or other objects. Each object has a value and takes time to reel in. The level ends when time runs out or the minimum gold value is met. Display the position of the claw and objects, updating after each grab. Introduce ascending difficulty with more obstacles or tighter time limits."
0.9947798171482272,0.08630688796334805,7.734421907141565e-08,ChatDev_ProgramDev_GPT4o_27_scored.json,2,c4,51,51,CodeReviewModification,0,2.6,2.6,Programmer,2.6\ChatDev_ProgramDev_GPT4o_27_scored.json,2.6\ChatDev_ProgramDev_GPT4o_27_scored.json,3,"Design a Gold Miner game. A claw moves back and forth, and the player times a grab to collect gold or other objects. Each object has a value and takes time to reel in. The level ends when time runs out or the minimum gold value is met. Display the position of the claw and objects, updating after each grab. Introduce ascending difficulty with more obstacles or tighter time limits."
0.962673043844365,0.026058428290942296,3.927863545481039e-07,ChatDev_ProgramDev_GPT4o_27_scored.json,3,c4,44,44,CodeReviewModification,0,2.6,2.6,Programmer,2.6\ChatDev_ProgramDev_GPT4o_27_scored.json,2.6\ChatDev_ProgramDev_GPT4o_27_scored.json,4,"Design a Gold Miner game. A claw moves back and forth, and the player times a grab to collect gold or other objects. Each object has a value and takes time to reel in. The level ends when time runs out or the minimum gold value is met. Display the position of the claw and objects, updating after each grab. Introduce ascending difficulty with more obstacles or tighter time limits."
1.0,0.8517219880580569,0.0004305571096741222,ChatDev_ProgramDev_GPT4o_27_scored.json,0,c4,31,31,Coding,0,2.6,2.6,Programmer,2.6\ChatDev_ProgramDev_GPT4o_27_scored.json,2.6\ChatDev_ProgramDev_GPT4o_27_scored.json,1,"Design a Gold Miner game. A claw moves back and forth, and the player times a grab to collect gold or other objects. Each object has a value and takes time to reel in. The level ends when time runs out or the minimum gold value is met. Display the position of the claw and objects, updating after each grab. Introduce ascending difficulty with more obstacles or tighter time limits."
0.9999994832141279,0.5001303367558603,0.0002611902975925828,ChatDev_ProgramDev_GPT4o_27_scored.json,4,c4,2,2,EnvironmentDoc,0,2.6,2.6,Programmer,2.6\ChatDev_ProgramDev_GPT4o_27_scored.json,2.6\ChatDev_ProgramDev_GPT4o_27_scored.json,5,"Design a Gold Miner game. A claw moves back and forth, and the player times a grab to collect gold or other objects. Each object has a value and takes time to reel in. The level ends when time runs out or the minimum gold value is met. Display the position of the claw and objects, updating after each grab. Introduce ascending difficulty with more obstacles or tighter time limits."
0.9999998366631915,0.6668832089321732,0.0009110514045295695,ChatDev_ProgramDev_GPT4o_5_scored.json,0,c4,3,3,DemandAnalysis,0,2.6,2.6,Chief Product Officer,2.6\ChatDev_ProgramDev_GPT4o_5_scored.json,2.6\ChatDev_ProgramDev_GPT4o_5_scored.json,1,write a program that generates Fibonacci numbers up to a given number
0.9999545493561737,0.2537323088031337,6.34880011604368e-09,ChatDev_ProgramDev_GPT4o_5_scored.json,1,c4,4,4,DemandAnalysis,0,2.6,2.6,Chief Product Officer,2.6\ChatDev_ProgramDev_GPT4o_5_scored.json,2.6\ChatDev_ProgramDev_GPT4o_5_scored.json,2,write a program that generates Fibonacci numbers up to a given number
0.9999998491058687,0.3215078312782471,2.646573638909117e-09,ChatDev_ProgramDev_GPT4o_5_scored.json,2,c4,17,17,Manual,0,2.6,2.6,Chief Product Officer,2.6\ChatDev_ProgramDev_GPT4o_5_scored.json,2.6\ChatDev_ProgramDev_GPT4o_5_scored.json,3,write a program that generates Fibonacci numbers up to a given number
0.9999998951331075,0.9999998951331075,0.9999998951331075,ChatDev_ProgramDev_GPT4o_5_scored.json,0,c4,1,1,LanguageChoose,0,2.6,2.6,Chief Technology Officer,2.6\ChatDev_ProgramDev_GPT4o_5_scored.json,2.6\ChatDev_ProgramDev_GPT4o_5_scored.json,1,write a program that generates Fibonacci numbers up to a given number
0.9999645613923787,0.9999645613923787,0.9999645613923787,ChatDev_ProgramDev_GPT4o_5_scored.json,0,c4,1,1,CodeReviewComment,0,2.6,2.6,Code Reviewer,2.6\ChatDev_ProgramDev_GPT4o_5_scored.json,2.6\ChatDev_ProgramDev_GPT4o_5_scored.json,1,write a program that generates Fibonacci numbers up to a given number
7.484619074298232e-05,7.484619074298232e-05,7.484619074298232e-05,ChatDev_ProgramDev_GPT4o_5_scored.json,1,c4,1,1,CodeReviewComment,0,2.6,2.6,Code Reviewer,2.6\ChatDev_ProgramDev_GPT4o_5_scored.json,2.6\ChatDev_ProgramDev_GPT4o_5_scored.json,2,write a program that generates Fibonacci numbers up to a given number
9.610239492660866e-05,9.610239492660866e-05,9.610239492660866e-05,ChatDev_ProgramDev_GPT4o_5_scored.json,2,c4,1,1,CodeReviewComment,0,2.6,2.6,Code Reviewer,2.6\ChatDev_ProgramDev_GPT4o_5_scored.json,2.6\ChatDev_ProgramDev_GPT4o_5_scored.json,3,write a program that generates Fibonacci numbers up to a given number
0.9999998686842613,0.8780248089924504,1.3007123989067183e-05,ChatDev_ProgramDev_GPT4o_5_scored.json,1,c4,16,16,CodeReviewModification,0,2.6,2.6,Programmer,2.6\ChatDev_ProgramDev_GPT4o_5_scored.json,2.6\ChatDev_ProgramDev_GPT4o_5_scored.json,2,write a program that generates Fibonacci numbers up to a given number
0.9999998686842613,0.9644222438976474,0.4378235081074147,ChatDev_ProgramDev_GPT4o_5_scored.json,2,c4,16,16,CodeReviewModification,0,2.6,2.6,Programmer,2.6\ChatDev_ProgramDev_GPT4o_5_scored.json,2.6\ChatDev_ProgramDev_GPT4o_5_scored.json,3,write a program that generates Fibonacci numbers up to a given number
0.9999998954464603,0.984966296172068,0.8175744728925051,ChatDev_ProgramDev_GPT4o_5_scored.json,3,c4,16,16,CodeReviewModification,0,2.6,2.6,Programmer,2.6\ChatDev_ProgramDev_GPT4o_5_scored.json,2.6\ChatDev_ProgramDev_GPT4o_5_scored.json,4,write a program that generates Fibonacci numbers up to a given number
0.9999998611504499,0.6980167664433989,2.902312105056987e-06,ChatDev_ProgramDev_GPT4o_5_scored.json,0,c4,9,9,Coding,0,2.6,2.6,Programmer,2.6\ChatDev_ProgramDev_GPT4o_5_scored.json,2.6\ChatDev_ProgramDev_GPT4o_5_scored.json,1,write a program that generates Fibonacci numbers up to a given number
0.9999998686999838,0.5300432640765917,0.06008665945319974,ChatDev_ProgramDev_GPT4o_5_scored.json,4,c4,2,2,EnvironmentDoc,0,2.6,2.6,Programmer,2.6\ChatDev_ProgramDev_GPT4o_5_scored.json,2.6\ChatDev_ProgramDev_GPT4o_5_scored.json,5,write a program that generates Fibonacci numbers up to a given number
0.9999998555748351,0.9990365249869523,0.9980731943990695,ChatDev_ProgramDev_GPT4o_5_scored.json,5,c4,2,2,EnvironmentDoc,0,2.6,2.6,Programmer,2.6\ChatDev_ProgramDev_GPT4o_5_scored.json,2.6\ChatDev_ProgramDev_GPT4o_5_scored.json,6,write a program that generates Fibonacci numbers up to a given number
0.9999998958488131,0.8540587596251292,0.5621765385952616,ChatDev_ProgramDev_GPT4o_8_scored.json,0,c4,3,3,DemandAnalysis,0,2.6,2.6,Chief Product Officer,2.6\ChatDev_ProgramDev_GPT4o_8_scored.json,2.6\ChatDev_ProgramDev_GPT4o_8_scored.json,1,"Design a chess game, allowing two players to take turns and determining the winner. It should be playable from Linux Terminal, and does not require me to access a dedicated UX or GUI platform, i.e. print the results on terminal at each stage and let me play it there by entering inputs (formal chess notation such as Ke8). Include standard chess features like castling, en passant, and pawn promotion. Enforce check and checkmate rules."
0.9999998764623647,0.4999999944987697,1.1253517471925912e-07,ChatDev_ProgramDev_GPT4o_8_scored.json,1,c4,2,2,DemandAnalysis,0,2.6,2.6,Chief Product Officer,2.6\ChatDev_ProgramDev_GPT4o_8_scored.json,2.6\ChatDev_ProgramDev_GPT4o_8_scored.json,2,"Design a chess game, allowing two players to take turns and determining the winner. It should be playable from Linux Terminal, and does not require me to access a dedicated UX or GUI platform, i.e. print the results on terminal at each stage and let me play it there by entering inputs (formal chess notation such as Ke8). Include standard chess features like castling, en passant, and pawn promotion. Enforce check and checkmate rules."
1.0,0.6455684117898228,5.905303998944039e-10,ChatDev_ProgramDev_GPT4o_8_scored.json,2,c4,21,21,Manual,0,2.6,2.6,Chief Product Officer,2.6\ChatDev_ProgramDev_GPT4o_8_scored.json,2.6\ChatDev_ProgramDev_GPT4o_8_scored.json,3,"Design a chess game, allowing two players to take turns and determining the winner. It should be playable from Linux Terminal, and does not require me to access a dedicated UX or GUI platform, i.e. print the results on terminal at each stage and let me play it there by entering inputs (formal chess notation such as Ke8). Include standard chess features like castling, en passant, and pawn promotion. Enforce check and checkmate rules."
0.9999998621224395,0.9999998621224395,0.9999998621224395,ChatDev_ProgramDev_GPT4o_8_scored.json,0,c4,1,1,LanguageChoose,0,2.6,2.6,Chief Technology Officer,2.6\ChatDev_ProgramDev_GPT4o_8_scored.json,2.6\ChatDev_ProgramDev_GPT4o_8_scored.json,1,"Design a chess game, allowing two players to take turns and determining the winner. It should be playable from Linux Terminal, and does not require me to access a dedicated UX or GUI platform, i.e. print the results on terminal at each stage and let me play it there by entering inputs (formal chess notation such as Ke8). Include standard chess features like castling, en passant, and pawn promotion. Enforce check and checkmate rules."
0.9999989008884079,0.7249303645146032,9.237449661970594e-09,ChatDev_ProgramDev_GPT4o_8_scored.json,0,c4,9,9,CodeReviewComment,0,2.6,2.6,Code Reviewer,2.6\ChatDev_ProgramDev_GPT4o_8_scored.json,2.6\ChatDev_ProgramDev_GPT4o_8_scored.json,1,"Design a chess game, allowing two players to take turns and determining the winner. It should be playable from Linux Terminal, and does not require me to access a dedicated UX or GUI platform, i.e. print the results on terminal at each stage and let me play it there by entering inputs (formal chess notation such as Ke8). Include standard chess features like castling, en passant, and pawn promotion. Enforce check and checkmate rules."
0.9999976944943337,0.9095312837670265,6.023573837886479e-08,ChatDev_ProgramDev_GPT4o_8_scored.json,1,c4,12,12,CodeReviewComment,0,2.6,2.6,Code Reviewer,2.6\ChatDev_ProgramDev_GPT4o_8_scored.json,2.6\ChatDev_ProgramDev_GPT4o_8_scored.json,2,"Design a chess game, allowing two players to take turns and determining the winner. It should be playable from Linux Terminal, and does not require me to access a dedicated UX or GUI platform, i.e. print the results on terminal at each stage and let me play it there by entering inputs (formal chess notation such as Ke8). Include standard chess features like castling, en passant, and pawn promotion. Enforce check and checkmate rules."
0.999999861277098,0.8412506948127549,1.3007123989067183e-05,ChatDev_ProgramDev_GPT4o_8_scored.json,2,c4,12,12,CodeReviewComment,0,2.6,2.6,Code Reviewer,2.6\ChatDev_ProgramDev_GPT4o_8_scored.json,2.6\ChatDev_ProgramDev_GPT4o_8_scored.json,3,"Design a chess game, allowing two players to take turns and determining the winner. It should be playable from Linux Terminal, and does not require me to access a dedicated UX or GUI platform, i.e. print the results on terminal at each stage and let me play it there by entering inputs (formal chess notation such as Ke8). Include standard chess features like castling, en passant, and pawn promotion. Enforce check and checkmate rules."
0.06008665559535436,0.005673584687978537,3.6534822137210456e-08,ChatDev_ProgramDev_GPT4o_8_scored.json,1,c4,26,26,CodeReviewModification,0,2.6,2.6,Programmer,2.6\ChatDev_ProgramDev_GPT4o_8_scored.json,2.6\ChatDev_ProgramDev_GPT4o_8_scored.json,2,"Design a chess game, allowing two players to take turns and determining the winner. It should be playable from Linux Terminal, and does not require me to access a dedicated UX or GUI platform, i.e. print the results on terminal at each stage and let me play it there by entering inputs (formal chess notation such as Ke8). Include standard chess features like castling, en passant, and pawn promotion. Enforce check and checkmate rules."
0.0758581781348987,0.00885375448655817,3.398267819495071e-09,ChatDev_ProgramDev_GPT4o_8_scored.json,2,c4,23,23,CodeReviewModification,0,2.6,2.6,Programmer,2.6\ChatDev_ProgramDev_GPT4o_8_scored.json,2.6\ChatDev_ProgramDev_GPT4o_8_scored.json,3,"Design a chess game, allowing two players to take turns and determining the winner. It should be playable from Linux Terminal, and does not require me to access a dedicated UX or GUI platform, i.e. print the results on terminal at each stage and let me play it there by entering inputs (formal chess notation such as Ke8). Include standard chess features like castling, en passant, and pawn promotion. Enforce check and checkmate rules."
0.11920291624471122,0.005386692342232945,1.2501528663867426e-09,ChatDev_ProgramDev_GPT4o_8_scored.json,3,c4,24,24,CodeReviewModification,0,2.6,2.6,Programmer,2.6\ChatDev_ProgramDev_GPT4o_8_scored.json,2.6\ChatDev_ProgramDev_GPT4o_8_scored.json,4,"Design a chess game, allowing two players to take turns and determining the winner. It should be playable from Linux Terminal, and does not require me to access a dedicated UX or GUI platform, i.e. print the results on terminal at each stage and let me play it there by entering inputs (formal chess notation such as Ke8). Include standard chess features like castling, en passant, and pawn promotion. Enforce check and checkmate rules."
0.9999998782635967,0.8774125098714121,1.3007123989067183e-05,ChatDev_ProgramDev_GPT4o_8_scored.json,0,c4,30,30,Coding,0,2.6,2.6,Programmer,2.6\ChatDev_ProgramDev_GPT4o_8_scored.json,2.6\ChatDev_ProgramDev_GPT4o_8_scored.json,1,"Design a chess game, allowing two players to take turns and determining the winner. It should be playable from Linux Terminal, and does not require me to access a dedicated UX or GUI platform, i.e. print the results on terminal at each stage and let me play it there by entering inputs (formal chess notation such as Ke8). Include standard chess features like castling, en passant, and pawn promotion. Enforce check and checkmate rules."
0.9988305056431986,0.9939217444692755,0.9890129832953524,ChatDev_ProgramDev_GPT4o_8_scored.json,4,c4,2,2,EnvironmentDoc,0,2.6,2.6,Programmer,2.6\ChatDev_ProgramDev_GPT4o_8_scored.json,2.6\ChatDev_ProgramDev_GPT4o_8_scored.json,5,"Design a chess game, allowing two players to take turns and determining the winner. It should be playable from Linux Terminal, and does not require me to access a dedicated UX or GUI platform, i.e. print the results on terminal at each stage and let me play it there by entering inputs (formal chess notation such as Ke8). Include standard chess features like castling, en passant, and pawn promotion. Enforce check and checkmate rules."
1.0,0.5000001529511603,3.059023205018258e-07,ChatDev_ProgramDev_GPT4o_8_scored.json,5,c4,2,2,EnvironmentDoc,0,2.6,2.6,Programmer,2.6\ChatDev_ProgramDev_GPT4o_8_scored.json,2.6\ChatDev_ProgramDev_GPT4o_8_scored.json,6,"Design a chess game, allowing two players to take turns and determining the winner. It should be playable from Linux Terminal, and does not require me to access a dedicated UX or GUI platform, i.e. print the results on terminal at each stage and let me play it there by entering inputs (formal chess notation such as Ke8). Include standard chess features like castling, en passant, and pawn promotion. Enforce check and checkmate rules."
