file,sample,label,y,n_outputs,n_entries,alignment_score_high_rate_0_1,alignment_score_high_rate_0_2,alignment_score_high_rate_0_3,alignment_score_high_rate_0_4,alignment_score_high_rate_0_5,alignment_score_high_rate_0_6,alignment_score_high_rate_0_7,alignment_score_high_rate_0_8,alignment_score_high_rate_0_9,alignment_score_low_rate_0_1,alignment_score_low_rate_0_2,alignment_score_low_rate_0_3,alignment_score_low_rate_0_4,alignment_score_low_rate_0_5,alignment_score_low_rate_0_6,alignment_score_low_rate_0_7,alignment_score_low_rate_0_8,alignment_score_low_rate_0_9,alignment_score_max,alignment_score_mean,alignment_score_min,alignment_score_q10,alignment_score_q25,alignment_score_q50,alignment_score_q75,alignment_score_q90,alignment_score_std,entry_alignment_high_rate_0_1,entry_alignment_high_rate_0_2,entry_alignment_high_rate_0_3,entry_alignment_high_rate_0_4,entry_alignment_high_rate_0_5,entry_alignment_high_rate_0_6,entry_alignment_high_rate_0_7,entry_alignment_high_rate_0_8,entry_alignment_high_rate_0_9,entry_alignment_low_rate_0_1,entry_alignment_low_rate_0_2,entry_alignment_low_rate_0_3,entry_alignment_low_rate_0_4,entry_alignment_low_rate_0_5,entry_alignment_low_rate_0_6,entry_alignment_low_rate_0_7,entry_alignment_low_rate_0_8,entry_alignment_low_rate_0_9,entry_alignment_max,entry_alignment_mean,entry_alignment_min,entry_alignment_q10,entry_alignment_q25,entry_alignment_q50,entry_alignment_q75,entry_alignment_q90,entry_alignment_std,mismatch_score_high_rate_0_1,mismatch_score_high_rate_0_2,mismatch_score_high_rate_0_3,mismatch_score_high_rate_0_4,mismatch_score_high_rate_0_5,mismatch_score_high_rate_0_6,mismatch_score_high_rate_0_7,mismatch_score_high_rate_0_8,mismatch_score_high_rate_0_9,mismatch_score_low_rate_0_1,mismatch_score_low_rate_0_2,mismatch_score_low_rate_0_3,mismatch_score_low_rate_0_4,mismatch_score_low_rate_0_5,mismatch_score_low_rate_0_6,mismatch_score_low_rate_0_7,mismatch_score_low_rate_0_8,mismatch_score_low_rate_0_9,mismatch_score_max,mismatch_score_mean,mismatch_score_min,mismatch_score_q10,mismatch_score_q25,mismatch_score_q50,mismatch_score_q75,mismatch_score_q90,mismatch_score_std
ChatDev_ProgramDev2_GPT4o_0_scored.json,ChatDev_ProgramDev2_GPT4o_0,0.0,0,94,14,0.6808510638297872,0.648936170212766,0.6276595744680851,0.6170212765957447,0.6063829787234043,0.5957446808510638,0.574468085106383,0.5638297872340425,0.5425531914893617,0.3191489361702128,0.35106382978723405,0.3723404255319149,0.3829787234042553,0.39361702127659576,0.40425531914893614,0.425531914893617,0.43617021276595747,0.4574468085106383,1.0,0.6052642703627921,0.0,2.902312105056987e-06,0.01556826264987864,0.952574131151493,0.9990243476011063,0.9999766504960068,0.4525230908450591,0.9285714285714286,0.9285714285714286,0.9285714285714286,0.9285714285714286,0.8571428571428571,0.7857142857142857,0.5714285714285714,0.35714285714285715,0.2857142857142857,0.07142857142857142,0.07142857142857142,0.07142857142857142,0.07142857142857142,0.14285714285714285,0.21428571428571427,0.42857142857142855,0.6428571428571429,0.7142857142857143,1.0,0.7171698485628495,0.028768701656536732,0.4802411136107075,0.618109781980786,0.7412712557160601,0.9563518116151077,0.9999997804149374,0.25724807335028055,0.4574468085106383,0.43617021276595747,0.425531914893617,0.40425531914893614,0.40425531914893614,0.3829787234042553,0.3723404255319149,0.35106382978723405,0.3191489361702128,0.5425531914893617,0.5638297872340425,0.574468085106383,0.5957446808510638,0.5957446808510638,0.6170212765957447,0.6276595744680851,0.648936170212766,0.6808510638297872,0.999999970984299,0.3947356919354849,1.3440409951135022e-08,2.327216288815249e-05,0.000975666130271328,0.04742588035042488,0.9844316853749678,0.9999970335225543,0.45252308040403366
ChatDev_ProgramDev2_GPT4o_13_scored.json,ChatDev_ProgramDev2_GPT4o_13,0.0,0,106,13,0.7264150943396226,0.7075471698113207,0.6886792452830188,0.6886792452830188,0.6509433962264151,0.6415094339622641,0.6037735849056604,0.5943396226415094,0.5471698113207547,0.27358490566037735,0.29245283018867924,0.3113207547169811,0.3113207547169811,0.3490566037735849,0.3584905660377358,0.39622641509433965,0.4056603773584906,0.4528301886792453,1.0,0.644510373063807,2.061153622438558e-09,1.3415700709644038e-05,0.01923400033878119,0.976350758549952,0.9997387086016625,0.9999883751379692,0.4359094842441628,1.0,1.0,0.9230769230769231,0.7692307692307693,0.7692307692307693,0.7692307692307693,0.46153846153846156,0.3076923076923077,0.3076923076923077,0.0,0.0,0.07692307692307693,0.23076923076923078,0.23076923076923078,0.23076923076923078,0.5384615384615384,0.6923076923076923,0.6923076923076923,1.0,0.6829378281090334,0.2011859524597545,0.35506072547194034,0.604216287101285,0.6583380164250706,0.9855369935384072,0.999956488681429,0.2569514180831983,0.4528301886792453,0.4056603773584906,0.39622641509433965,0.3584905660377358,0.3490566037735849,0.3113207547169811,0.3113207547169811,0.29245283018867924,0.27358490566037735,0.5471698113207547,0.5943396226415094,0.6037735849056604,0.6415094339622641,0.6509433962264151,0.6886792452830188,0.6886792452830188,0.7075471698113207,0.7264150943396226,0.9999999519886499,0.35548958630444605,9.237449661970594e-09,1.1568555659672165e-05,0.0002611902975925828,0.023649221354528717,0.9807659652672206,0.9999864619732599,0.43590947722395024
ChatDev_ProgramDev2_GPT4o_14_scored.json,ChatDev_ProgramDev2_GPT4o_14,0.0,0,113,13,0.8761061946902655,0.8584070796460177,0.8230088495575221,0.8141592920353983,0.8053097345132744,0.7876106194690266,0.7699115044247787,0.7699115044247787,0.7699115044247787,0.12389380530973451,0.1415929203539823,0.17699115044247787,0.18584070796460178,0.19469026548672566,0.21238938053097345,0.23008849557522124,0.23008849557522124,0.23008849557522124,1.0,0.8045292161767245,1.370956471489639e-06,0.03732687913383872,0.9241418093463297,0.9988304769113288,0.9999545172243738,0.9999980459227287,0.3574323386868908,1.0,1.0,1.0,0.8461538461538461,0.8461538461538461,0.8461538461538461,0.6923076923076923,0.5384615384615384,0.38461538461538464,0.0,0.0,0.0,0.15384615384615385,0.15384615384615385,0.15384615384615385,0.3076923076923077,0.46153846153846156,0.6153846153846154,1.0,0.7943443273780082,0.33325415270580405,0.44276279759289255,0.6736682359440401,0.8809397007826101,0.9999259564276447,0.9999994853475693,0.2223911964712268,0.23008849557522124,0.23008849557522124,0.23008849557522124,0.21238938053097345,0.20353982300884957,0.18584070796460178,0.17699115044247787,0.1415929203539823,0.12389380530973451,0.7699115044247787,0.7699115044247787,0.7699115044247787,0.7876106194690266,0.7964601769911505,0.8141592920353983,0.8230088495575221,0.8584070796460177,0.8761061946902655,0.9999986091166121,0.195470744524452,3.2241867372567335e-08,1.8603393828019845e-06,4.539785156619626e-05,0.0011695103074966034,0.07585819714278708,0.962673070427456,0.35743233572280464
ChatDev_ProgramDev2_GPT4o_16_scored.json,ChatDev_ProgramDev2_GPT4o_16,0.0,0,100,13,0.87,0.83,0.78,0.76,0.76,0.73,0.72,0.72,0.7,0.13,0.17,0.22,0.24,0.24,0.27,0.28,0.28,0.3,1.0,0.7623978721143767,6.47594599989589e-07,0.04641596484897588,0.546632335986118,0.9959299214990776,0.9999545150354247,0.9999925694403535,0.3783120477191249,1.0,1.0,1.0,1.0,0.9230769230769231,0.8461538461538461,0.6923076923076923,0.5384615384615384,0.38461538461538464,0.0,0.0,0.0,0.0,0.07692307692307693,0.15384615384615385,0.3076923076923077,0.46153846153846156,0.6153846153846154,1.0,0.8067084004075787,0.45185301683449164,0.5636554268824913,0.6666524102442103,0.8243649667489695,0.9997330732484997,0.9999777838953148,0.1837861771972322,0.3,0.28,0.28,0.27,0.25,0.24,0.22,0.17,0.13,0.7,0.72,0.72,0.73,0.75,0.76,0.78,0.83,0.87,0.9999993241942207,0.2376020909165945,1.522997974471263e-08,7.390569383498026e-06,4.539785156619626e-05,0.004070137939983506,0.4533676413689768,0.9535839842383641,0.37831205037628163
ChatDev_ProgramDev2_GPT4o_1_scored.json,ChatDev_ProgramDev2_GPT4o_1,0.0,0,152,18,0.6973684210526315,0.6776315789473685,0.6578947368421053,0.625,0.618421052631579,0.5986842105263158,0.5789473684210527,0.5526315789473685,0.5131578947368421,0.3026315789473684,0.3223684210526316,0.34210526315789475,0.375,0.3815789473684211,0.40131578947368424,0.42105263157894735,0.4473684210526316,0.4868421052631579,1.0,0.6114553973375695,3.2241867372567335e-08,0.0001313977392926171,0.020748932189876997,0.9462437003067665,0.9998624236436033,0.9999970811801202,0.44341172529757666,1.0,1.0,1.0,0.8333333333333334,0.6666666666666666,0.5555555555555556,0.5555555555555556,0.3888888888888889,0.2777777777777778,0.0,0.0,0.0,0.16666666666666666,0.3333333333333333,0.4444444444444444,0.4444444444444444,0.6111111111111112,0.7222222222222222,1.0,0.6865596633545472,0.3162313941874889,0.3976939279853161,0.4300143606081165,0.7443407262026636,0.9471294753902699,0.9999919160665451,0.24281905081195232,0.4868421052631579,0.4473684210526316,0.42105263157894735,0.40131578947368424,0.3815789473684211,0.375,0.34210526315789475,0.3223684210526316,0.3026315789473684,0.5131578947368421,0.5526315789473685,0.5789473684210527,0.5986842105263158,0.618421052631579,0.625,0.6578947368421053,0.6776315789473685,0.6973684210526315,0.9999999356002148,0.3885445633711111,3.2241867372567335e-08,2.902312105056987e-06,0.00013753872851000136,0.05375626790761298,0.9792510167251596,0.9998685391762204,0.44341171929509915
ChatDev_ProgramDev2_GPT4o_20_scored.json,ChatDev_ProgramDev2_GPT4o_20,0.0,0,112,14,0.75,0.6964285714285714,0.6964285714285714,0.6785714285714286,0.6785714285714286,0.6696428571428571,0.6428571428571429,0.6339285714285714,0.625,0.25,0.30357142857142855,0.30357142857142855,0.32142857142857145,0.32142857142857145,0.33035714285714285,0.35714285714285715,0.36607142857142855,0.375,1.0,0.6743759459640462,2.1024318473456359e-07,0.00033320253301982424,0.11323952228813511,0.9902177329874415,0.999990366977394,0.9999995739066647,0.4349932714921949,1.0,0.9285714285714286,0.9285714285714286,0.9285714285714286,0.9285714285714286,0.7142857142857143,0.5714285714285714,0.5714285714285714,0.5,0.0,0.07142857142857142,0.07142857142857142,0.07142857142857142,0.07142857142857142,0.2857142857142857,0.42857142857142855,0.42857142857142855,0.5,1.0,0.7768296829204844,0.16122412765223323,0.5173542975444682,0.5688677507930541,0.9210056665172499,0.9999987656995992,0.9999995736184017,0.2606077108172577,0.375,0.36607142857142855,0.35714285714285715,0.33035714285714285,0.32142857142857145,0.32142857142857145,0.30357142857142855,0.30357142857142855,0.25,0.625,0.6339285714285714,0.6428571428571429,0.6696428571428571,0.6785714285714286,0.6785714285714286,0.6964285714285714,0.6964285714285714,0.75,0.9999997214122732,0.3256240141718363,3.2241867372567335e-08,4.039424372517642e-07,9.569806656872395e-06,0.009782214671109572,0.8867604251647616,0.9996667670321597,0.43499326803730154
ChatDev_ProgramDev2_GPT4o_22_scored.json,ChatDev_ProgramDev2_GPT4o_22,0.0,0,106,14,0.8773584905660378,0.8584905660377359,0.8584905660377359,0.8490566037735849,0.8490566037735849,0.8490566037735849,0.8490566037735849,0.8490566037735849,0.8490566037735849,0.12264150943396226,0.14150943396226415,0.14150943396226415,0.1509433962264151,0.1509433962264151,0.1509433962264151,0.1509433962264151,0.1509433962264151,0.1509433962264151,1.0,0.8552010055368514,7.734421907141565e-08,0.06008664167060858,0.9968273373953366,0.9999784779666228,0.9999985259092897,0.9999997289069544,0.3397329234633131,1.0,0.8571428571428571,0.8571428571428571,0.8571428571428571,0.7857142857142857,0.7857142857142857,0.7857142857142857,0.7857142857142857,0.6428571428571429,0.0,0.14285714285714285,0.14285714285714285,0.14285714285714285,0.21428571428571427,0.21428571428571427,0.21428571428571427,0.21428571428571427,0.35714285714285715,1.0,0.8223933481283763,0.19562103028477407,0.2868287690257809,0.8097681542253516,0.9997760457375657,0.9999921830758147,0.9999999120218213,0.289491068421325,0.1509433962264151,0.1509433962264151,0.1509433962264151,0.1509433962264151,0.1509433962264151,0.1509433962264151,0.14150943396226415,0.14150943396226415,0.12264150943396226,0.8490566037735849,0.8490566037735849,0.8490566037735849,0.8490566037735849,0.8490566037735849,0.8490566037735849,0.8584905660377359,0.8584905660377359,0.8773584905660378,0.999999833453042,0.1447989453585997,1.7257827987960214e-08,1.8553913626159784e-07,1.370956471489639e-06,2.1444937927240387e-05,0.0031726832512090877,0.9399132953033227,0.33973291935649513
ChatDev_ProgramDev2_GPT4o_23_scored.json,ChatDev_ProgramDev2_GPT4o_23,0.0,0,83,13,0.891566265060241,0.8795180722891566,0.8795180722891566,0.8795180722891566,0.8795180722891566,0.8433734939759037,0.8313253012048193,0.8192771084337349,0.7831325301204819,0.10843373493975904,0.12048192771084337,0.12048192771084337,0.12048192771084337,0.12048192771084337,0.1566265060240964,0.1686746987951807,0.18072289156626506,0.21686746987951808,1.0,0.8450093164256497,1.4449802461092448e-07,0.07767875788263605,0.9241417965792256,0.9975274142125298,0.9999144759883642,0.9999969041716712,0.31774818099330543,1.0,1.0,1.0,0.9230769230769231,0.9230769230769231,0.8461538461538461,0.7692307692307693,0.6153846153846154,0.46153846153846156,0.0,0.0,0.0,0.07692307692307693,0.07692307692307693,0.15384615384615385,0.23076923076923078,0.38461538461538464,0.5384615384615384,1.0,0.810565736771407,0.3684150256429452,0.5815388284173002,0.7426307364864252,0.8488620959538274,0.9706877234856695,0.9993300149766096,0.18414053152139873,0.21686746987951808,0.18072289156626506,0.1686746987951807,0.1566265060240964,0.13253012048192772,0.12048192771084337,0.12048192771084337,0.12048192771084337,0.10843373493975904,0.7831325301204819,0.8192771084337349,0.8313253012048193,0.8433734939759037,0.8674698795180723,0.8795180722891566,0.8795180722891566,0.8795180722891566,0.891566265060241,0.9999998334541624,0.15499064985689867,7.194133030325383e-09,3.0671774752560146e-06,8.547429283479549e-05,0.002472623024627213,0.07585818400450803,0.9223212342837246,0.3177481789499584
ChatDev_ProgramDev2_GPT4o_24_scored.json,ChatDev_ProgramDev2_GPT4o_24,0.0,0,113,13,0.8584070796460177,0.8230088495575221,0.7876106194690266,0.7522123893805309,0.7522123893805309,0.7345132743362832,0.6902654867256637,0.6460176991150443,0.584070796460177,0.1415929203539823,0.17699115044247787,0.21238938053097345,0.24778761061946902,0.24778761061946902,0.26548672566371684,0.30973451327433627,0.35398230088495575,0.415929203539823,0.9999997122937148,0.7311230021421341,6.47594599989589e-07,0.008167006315448483,0.5000000088255087,0.9770226403918598,0.9975274217133745,0.9999416477860377,0.3730568867595167,1.0,1.0,1.0,0.9230769230769231,0.9230769230769231,0.8461538461538461,0.6923076923076923,0.38461538461538464,0.38461538461538464,0.0,0.0,0.0,0.07692307692307693,0.07692307692307693,0.15384615384615385,0.3076923076923077,0.6153846153846154,0.6153846153846154,0.9999996045149278,0.7791168223550134,0.3231221676957725,0.5699665210725842,0.6807387668929131,0.7324095548993401,0.9999976635469174,0.9999995581745668,0.2041932128981764,0.415929203539823,0.35398230088495575,0.30973451327433627,0.26548672566371684,0.25663716814159293,0.24778761061946902,0.21238938053097345,0.17699115044247787,0.1415929203539823,0.584070796460177,0.6460176991150443,0.6902654867256637,0.7345132743362832,0.7433628318584071,0.7522123893805309,0.7876106194690266,0.8230088495575221,0.8584070796460177,0.999999311247522,0.2688769747638298,2.382369667501818e-07,5.829127258796956e-05,0.002472623024627213,0.022977371676246788,0.5000000664042367,0.991832931059702,0.37305687966476647
ChatDev_ProgramDev2_GPT4o_25_scored.json,ChatDev_ProgramDev2_GPT4o_25,0.0,0,115,13,0.8260869565217391,0.8173913043478261,0.808695652173913,0.808695652173913,0.808695652173913,0.7913043478260869,0.7739130434782608,0.7565217391304347,0.7043478260869566,0.17391304347826086,0.1826086956521739,0.19130434782608696,0.19130434782608696,0.19130434782608696,0.20869565217391303,0.22608695652173913,0.24347826086956523,0.2956521739130435,0.9999997067394043,0.783360131596843,0.0,0.0008936063249056975,0.817574448989867,0.9968273530876625,0.9999545163790796,0.9999886543908698,0.3793102339470024,1.0,1.0,1.0,0.9230769230769231,0.7692307692307693,0.7692307692307693,0.6153846153846154,0.6153846153846154,0.38461538461538464,0.0,0.0,0.0,0.07692307692307693,0.23076923076923078,0.23076923076923078,0.38461538461538464,0.38461538461538464,0.6153846153846154,0.9999997067394043,0.7743480172108513,0.3322764174395268,0.45898441724870276,0.642305754373259,0.8791766974909679,0.9999526502702918,0.9999994118126854,0.22552682036955068,0.2956521739130435,0.24347826086956523,0.22608695652173913,0.20869565217391303,0.19130434782608696,0.19130434782608696,0.19130434782608696,0.1826086956521739,0.17391304347826086,0.7043478260869566,0.7565217391304347,0.7739130434782608,0.7913043478260869,0.808695652173913,0.808695652173913,0.808695652173913,0.8173913043478261,0.8260869565217391,0.9999999715416912,0.21663982698473302,1.8553913626159784e-07,1.1280841993793163e-05,4.539785156619626e-05,0.0031726831078774057,0.18242552554702196,0.9991063388547843,0.37931022687610233
ChatDev_ProgramDev2_GPT4o_26_scored.json,ChatDev_ProgramDev2_GPT4o_26,0.0,0,123,14,0.9024390243902439,0.8861788617886179,0.8699186991869918,0.8536585365853658,0.8536585365853658,0.8455284552845529,0.8455284552845529,0.8455284552845529,0.8373983739837398,0.0975609756097561,0.11382113821138211,0.13008130081300814,0.14634146341463414,0.14634146341463414,0.15447154471544716,0.15447154471544716,0.15447154471544716,0.16260162601626016,1.0,0.8552482246124514,4.139937718785167e-08,0.1192028925549773,0.9666803829965748,0.999569444648389,0.9999684649835305,0.9999951610661859,0.32372776160899847,1.0,0.9285714285714286,0.9285714285714286,0.9285714285714286,0.7857142857142857,0.7142857142857143,0.7142857142857143,0.7142857142857143,0.6428571428571429,0.0,0.07142857142857142,0.07142857142857142,0.07142857142857142,0.21428571428571427,0.2857142857142857,0.2857142857142857,0.2857142857142857,0.35714285714285715,1.0,0.8103824583450716,0.18097178568071218,0.4477575092005156,0.6448837932031454,0.9424670631379204,0.9997375991570914,0.999997520994893,0.2627783630143742,0.16260162601626016,0.15447154471544716,0.15447154471544716,0.15447154471544716,0.14634146341463414,0.14634146341463414,0.13008130081300814,0.11382113821138211,0.0975609756097561,0.8373983739837398,0.8455284552845529,0.8455284552845529,0.8455284552845529,0.8536585365853658,0.8536585365853658,0.8699186991869918,0.8861788617886179,0.9024390243902439,0.9999999065585291,0.14475172756267257,1.522997974471263e-08,4.78509457496562e-06,3.1445970523186056e-05,0.0004305571096741222,0.033319556653663124,0.8807970523830143,0.3237277554895653
ChatDev_ProgramDev2_GPT4o_28_scored.json,ChatDev_ProgramDev2_GPT4o_28,0.0,0,92,13,0.9347826086956522,0.9347826086956522,0.9239130434782609,0.9239130434782609,0.9130434782608695,0.8913043478260869,0.8913043478260869,0.8913043478260869,0.8695652173913043,0.06521739130434782,0.06521739130434782,0.07608695652173914,0.07608695652173914,0.08695652173913043,0.10869565217391304,0.10869565217391304,0.10869565217391304,0.13043478260869565,0.9999998595452219,0.9045553591327873,2.6995759288455584e-07,0.587716257441424,0.9991753689170543,0.999980859448435,0.9999991689743783,0.9999997067394043,0.26346799017820305,1.0,1.0,0.9230769230769231,0.9230769230769231,0.9230769230769231,0.9230769230769231,0.9230769230769231,0.8461538461538461,0.6923076923076923,0.0,0.0,0.07692307692307693,0.07692307692307693,0.07692307692307693,0.07692307692307693,0.07692307692307693,0.15384615384615385,0.3076923076923077,0.9999997067394043,0.8975547505598429,0.2721107072903848,0.7786934096822481,0.8472759666495758,0.9999769547665942,0.9999937326228407,0.9999997067394043,0.19734165763168643,0.13043478260869565,0.10869565217391304,0.10869565217391304,0.10869565217391304,0.09782608695652174,0.07608695652173914,0.07608695652173914,0.06521739130434782,0.06521739130434782,0.8695652173913043,0.8913043478260869,0.8913043478260869,0.8913043478260869,0.9021739130434783,0.9239130434782609,0.9239130434782609,0.9347826086956522,0.9347826086956522,0.999999635748987,0.09544458572674226,8.764248219443636e-08,1.9080891931045623e-07,7.855445945696697e-07,1.907317600812566e-05,0.0008246303292579707,0.4122837532580842,0.263467997401805
ChatDev_ProgramDev2_GPT4o_29_scored.json,ChatDev_ProgramDev2_GPT4o_29,0.0,0,143,14,0.7692307692307693,0.7552447552447552,0.7482517482517482,0.7482517482517482,0.7482517482517482,0.7482517482517482,0.7272727272727273,0.7062937062937062,0.6923076923076923,0.23076923076923078,0.24475524475524477,0.2517482517482518,0.2517482517482518,0.2517482517482518,0.2517482517482518,0.2727272727272727,0.2937062937062937,0.3076923076923077,1.0,0.7354893110291519,1.8553913626159784e-07,0.0004102140946827833,0.45093936297548814,0.9988304667115685,0.9999920677085639,0.9999990991262202,0.4194635313289066,1.0,1.0,0.9285714285714286,0.7857142857142857,0.6428571428571429,0.42857142857142855,0.42857142857142855,0.42857142857142855,0.35714285714285715,0.0,0.0,0.07142857142857142,0.21428571428571427,0.35714285714285715,0.5714285714285714,0.5714285714285714,0.5714285714285714,0.6428571428571429,1.0,0.6649268803722939,0.25098393273196506,0.36231356157285416,0.4546506025576284,0.5390056194134734,0.9638119421881475,0.9999974823243054,0.2736300880843592,0.3076923076923077,0.2937062937062937,0.2727272727272727,0.2517482517482518,0.2517482517482518,0.2517482517482518,0.2517482517482518,0.24475524475524477,0.23076923076923078,0.6923076923076923,0.7062937062937062,0.7272727272727273,0.7482517482517482,0.7482517482517482,0.7482517482517482,0.7482517482517482,0.7552447552447552,0.7692307692307693,0.9999997756262935,0.264510645008706,5.3157852544244216e-08,8.315279260963632e-07,7.88926463665814e-06,0.0011695103074966034,0.5490606154291163,0.9995896833347276,0.41946352617558824
ChatDev_ProgramDev2_GPT4o_2_scored.json,ChatDev_ProgramDev2_GPT4o_2,0.0,0,123,14,0.7073170731707317,0.6829268292682927,0.6422764227642277,0.6341463414634146,0.6178861788617886,0.5853658536585366,0.5691056910569106,0.5284552845528455,0.4959349593495935,0.2926829268292683,0.3170731707317073,0.35772357723577236,0.36585365853658536,0.3821138211382114,0.4146341463414634,0.43089430894308944,0.4715447154471545,0.5040650406504065,1.0,0.6079741712675694,7.582560427911907e-10,4.7976535770550934e-05,0.042376371197803804,0.880797026563495,0.9993687371525057,0.9999756848370704,0.43698565491281877,1.0,1.0,0.8571428571428571,0.8571428571428571,0.7857142857142857,0.6428571428571429,0.5714285714285714,0.35714285714285715,0.21428571428571427,0.0,0.0,0.14285714285714285,0.14285714285714285,0.21428571428571427,0.35714285714285715,0.42857142857142855,0.6428571428571429,0.7857142857142857,1.0,0.6711093915319051,0.2029570731530459,0.33059116987140047,0.5036907056778045,0.7270980633826905,0.8396741242594545,0.9939911768493159,0.2469487171885255,0.5040650406504065,0.4715447154471545,0.43089430894308944,0.4146341463414634,0.3983739837398374,0.36585365853658536,0.35772357723577236,0.3170731707317073,0.2926829268292683,0.4959349593495935,0.5284552845528455,0.5691056910569106,0.5853658536585366,0.6016260162601627,0.6341463414634146,0.6422764227642277,0.6829268292682927,0.7073170731707317,1.0,0.39202579684172184,4.363462252943702e-09,2.422720099167727e-05,0.0006312244315425956,0.119202940938512,0.9576235439705088,0.9999519624468136,0.4369856462851108
ChatDev_ProgramDev2_GPT4o_34_scored.json,ChatDev_ProgramDev2_GPT4o_34,0.0,0,101,13,0.8316831683168316,0.8118811881188119,0.8118811881188119,0.8118811881188119,0.801980198019802,0.7920792079207921,0.7722772277227723,0.7722772277227723,0.7425742574257426,0.16831683168316833,0.18811881188118812,0.18811881188118812,0.18811881188118812,0.19801980198019803,0.2079207920792079,0.22772277227722773,0.22772277227722773,0.25742574257425743,1.0,0.7878808323793247,2.215948977336598e-08,0.0001584362410990077,0.8519528582264879,0.9984987751767004,0.9999545184611517,0.9999951679236402,0.37702980985261425,1.0,1.0,0.9230769230769231,0.8461538461538461,0.7692307692307693,0.7692307692307693,0.6923076923076923,0.6153846153846154,0.5384615384615384,0.0,0.0,0.07692307692307693,0.15384615384615385,0.23076923076923078,0.23076923076923078,0.3076923076923077,0.38461538461538464,0.46153846153846156,1.0,0.7906361227664128,0.23815685595162472,0.3529390542785139,0.6577420935638832,0.9920971587565118,0.9998368631921883,0.9999995782127542,0.26930812424709727,0.25742574257425743,0.22772277227722773,0.22772277227722773,0.2079207920792079,0.2079207920792079,0.18811881188118812,0.18811881188118812,0.18811881188118812,0.16831683168316833,0.7425742574257426,0.7722772277227723,0.7722772277227723,0.7920792079207921,0.7920792079207921,0.8118811881188119,0.8118811881188119,0.8118811881188119,0.8316831683168316,0.999999876904263,0.21211912622069537,4.139937718785167e-08,4.78509457496562e-06,4.539785156619626e-05,0.001501181950907551,0.1480472395730759,0.9998414978896515,0.377029800389808
ChatDev_ProgramDev2_GPT4o_4_scored.json,ChatDev_ProgramDev2_GPT4o_4,0.0,0,108,14,0.7314814814814815,0.6944444444444444,0.6851851851851852,0.6759259259259259,0.6574074074074074,0.5925925925925926,0.5833333333333334,0.5740740740740741,0.5462962962962963,0.26851851851851855,0.3055555555555556,0.3148148148148148,0.32407407407407407,0.3425925925925926,0.4074074074074074,0.4166666666666667,0.42592592592592593,0.4537037037037037,1.0,0.6369226761524647,1.522997974471263e-08,0.00040199498703954724,0.06875009443031742,0.9512931590233304,0.9990889647963693,0.9999723940829746,0.43091185711967767,1.0,1.0,0.8571428571428571,0.8571428571428571,0.6428571428571429,0.5714285714285714,0.5,0.2857142857142857,0.21428571428571427,0.0,0.0,0.14285714285714285,0.14285714285714285,0.35714285714285715,0.42857142857142855,0.5,0.7142857142857143,0.7857142857142857,1.0,0.6509311628249381,0.2244384838506452,0.3209775919067168,0.48884324049961225,0.6736133433534071,0.8151678479763026,0.9964159417955993,0.24794330087297503,0.4537037037037037,0.42592592592592593,0.4166666666666667,0.4074074074074074,0.35185185185185186,0.32407407407407407,0.3148148148148148,0.3055555555555556,0.26851851851851855,0.5462962962962963,0.5740740740740741,0.5833333333333334,0.5925925925925926,0.6481481481481481,0.6759259259259259,0.6851851851851852,0.6944444444444444,0.7314814814814815,0.9999999068634337,0.3630772825080128,3.2241867372567335e-08,2.7535687796947383e-05,0.0009110514045295695,0.04870676991505456,0.9312498912817759,0.9995979308034895,0.43091184826905016
ChatDev_ProgramDev2_GPT4o_50_scored.json,ChatDev_ProgramDev2_GPT4o_50,0.0,0,135,14,0.762962962962963,0.7407407407407407,0.725925925925926,0.7185185185185186,0.7037037037037037,0.7037037037037037,0.6814814814814815,0.6370370370370371,0.6296296296296297,0.23703703703703705,0.25925925925925924,0.2740740740740741,0.2814814814814815,0.2962962962962963,0.2962962962962963,0.31851851851851853,0.362962962962963,0.37037037037037035,1.0,0.6979574770607088,0.0,8.43325655432624e-05,0.11920288406495688,0.9933071420344536,0.9999784784007061,0.9999967541896715,0.42237737316464513,1.0,0.9285714285714286,0.7142857142857143,0.7142857142857143,0.6428571428571429,0.5,0.42857142857142855,0.42857142857142855,0.42857142857142855,0.0,0.07142857142857142,0.2857142857142857,0.2857142857142857,0.35714285714285715,0.5,0.5714285714285714,0.5714285714285714,0.5714285714285714,1.0,0.6572293752161175,0.1948889669435831,0.25560003424824224,0.34515845881905627,0.6034447930385745,0.9999244558470133,0.9999914935670198,0.30930535961570166,0.37037037037037035,0.362962962962963,0.31851851851851853,0.2962962962962963,0.2962962962962963,0.2814814814814815,0.2740740740740741,0.25925925925925924,0.23703703703703705,0.6296296296296297,0.6370370370370371,0.6814814814814815,0.7037037037037037,0.7037037037037037,0.7185185185185186,0.725925925925926,0.7407407407407407,0.762962962962963,0.9999999534626116,0.3020424717430922,3.2241867372567335e-08,3.2320428454550405e-06,2.1444937927240387e-05,0.00669285192889547,0.8807970104134211,0.9999155657485398,0.42237736408615156
ChatDev_ProgramDev2_GPT4o_74_scored.json,ChatDev_ProgramDev2_GPT4o_74,0.0,0,133,16,0.9323308270676691,0.9097744360902256,0.9097744360902256,0.9097744360902256,0.9097744360902256,0.9097744360902256,0.8796992481203008,0.8646616541353384,0.8421052631578947,0.06766917293233082,0.09022556390977443,0.09022556390977443,0.09022556390977443,0.09022556390977443,0.09022556390977443,0.12030075187969924,0.13533834586466165,0.15789473684210525,1.0,0.8942772314232105,1.0129987330277146e-05,0.6338031336255263,0.9968273365920352,0.9999723971203976,0.9999962437249389,0.9999993491285939,0.27467746886691713,0.9375,0.9375,0.875,0.875,0.8125,0.8125,0.6875,0.6875,0.625,0.0625,0.0625,0.125,0.125,0.1875,0.1875,0.3125,0.3125,0.375,1.0,0.7960369529097617,0.010986941583869245,0.33967470057926663,0.6512569636102203,0.9989440084596463,0.9999738016958513,0.9999988331634706,0.30556692780914047,0.15789473684210525,0.13533834586466165,0.12030075187969924,0.09022556390977443,0.09022556390977443,0.09022556390977443,0.09022556390977443,0.09022556390977443,0.06766917293233082,0.8421052631578947,0.8646616541353384,0.8796992481203008,0.9097744360902256,0.9097744360902256,0.9097744360902256,0.9097744360902256,0.9097744360902256,0.9323308270676691,0.9999898481825872,0.10572272454742926,8.152020714470167e-09,6.47594599989589e-07,3.7266389560521204e-06,2.7535687796947383e-05,0.003172683353266103,0.3661967978733428,0.2746774683275998
ChatDev_ProgramDev2_GPT4o_90_scored.json,ChatDev_ProgramDev2_GPT4o_90,0.0,0,117,13,0.8376068376068376,0.8034188034188035,0.7863247863247863,0.7777777777777778,0.7777777777777778,0.7777777777777778,0.7264957264957265,0.717948717948718,0.6837606837606838,0.1623931623931624,0.19658119658119658,0.21367521367521367,0.2222222222222222,0.2222222222222222,0.2222222222222222,0.27350427350427353,0.28205128205128205,0.3162393162393162,1.0,0.7614323428876442,2.646573638909117e-09,0.00043614323498109226,0.6791786348530122,0.9959299222882825,0.9999869417146555,0.9999976766106436,0.3865508882479135,1.0,1.0,1.0,0.6153846153846154,0.6153846153846154,0.6153846153846154,0.46153846153846156,0.38461538461538464,0.38461538461538464,0.0,0.0,0.0,0.38461538461538464,0.38461538461538464,0.38461538461538464,0.5384615384615384,0.6153846153846154,0.6153846153846154,1.0,0.6624380440387049,0.3015510704985352,0.3209233755268711,0.3334201775558116,0.6257277174292964,0.9971394619823216,0.9999851306772466,0.29604203701330384,0.3162393162393162,0.28205128205128205,0.27350427350427353,0.2222222222222222,0.2222222222222222,0.2222222222222222,0.21367521367521367,0.19658119658119658,0.1623931623931624,0.6837606837606838,0.717948717948718,0.7264957264957265,0.7777777777777778,0.7777777777777778,0.7777777777777778,0.7863247863247863,0.8034188034188035,0.8376068376068376,0.9999999364836462,0.23856761286385822,1.3440409951135022e-08,2.2603250957489616e-06,1.3007123989067183e-05,0.004070137939983506,0.3208213272094748,0.9995638004352123,0.38655088063628024
ChatDev_ProgramDev2_GPT4o_99_scored.json,ChatDev_ProgramDev2_GPT4o_99,0.0,0,194,20,0.9432989690721649,0.9329896907216495,0.9278350515463918,0.9226804123711341,0.9123711340206185,0.9020618556701031,0.8917525773195877,0.8917525773195877,0.8865979381443299,0.05670103092783505,0.06701030927835051,0.07216494845360824,0.07731958762886598,0.08762886597938144,0.0979381443298969,0.10824742268041238,0.10824742268041238,0.1134020618556701,1.0,0.9113435478786017,2.382369667501818e-07,0.6394750891110863,0.9992903294685131,0.9999808644026513,0.9999985124059243,0.9999995945452962,0.2580019072663253,1.0,1.0,1.0,1.0,1.0,1.0,0.85,0.7,0.55,0.0,0.0,0.0,0.0,0.0,0.0,0.15,0.3,0.45,1.0,0.8896162118998698,0.6081235994069357,0.6821778680946938,0.799681956839414,0.991367139987622,0.9999705934837398,0.9999866334429353,0.13196203154598485,0.1134020618556701,0.10824742268041238,0.10824742268041238,0.0979381443298969,0.08762886597938144,0.07731958762886598,0.07216494845360824,0.06701030927835051,0.05670103092783505,0.8865979381443299,0.8917525773195877,0.8917525773195877,0.9020618556701031,0.9123711340206185,0.9226804123711341,0.9278350515463918,0.9329896907216495,0.9432989690721649,0.9999996568876697,0.0886564033756201,1.9555681087850496e-08,3.059023205018258e-07,1.370956471489639e-06,1.907317600812566e-05,0.00070967033651176,0.3605249059737792,0.2580019111213455
ChatDev_ProgramDev2_GPT4o_9_scored.json,ChatDev_ProgramDev2_GPT4o_9,0.0,0,131,14,0.7633587786259542,0.7557251908396947,0.7480916030534351,0.7175572519083969,0.7022900763358778,0.6870229007633588,0.6717557251908397,0.6641221374045801,0.6412213740458015,0.2366412213740458,0.24427480916030533,0.25190839694656486,0.2824427480916031,0.29770992366412213,0.31297709923664124,0.3282442748091603,0.33587786259541985,0.35877862595419846,1.0,0.704319914937993,3.850741922767617e-09,0.005220125868449866,0.2717606851477405,0.993307140256862,0.9999684634883533,0.9999981527677527,0.41653412752042973,1.0,1.0,1.0,0.8571428571428571,0.7142857142857143,0.6428571428571429,0.5714285714285714,0.5714285714285714,0.5714285714285714,0.0,0.0,0.0,0.14285714285714285,0.2857142857142857,0.35714285714285715,0.42857142857142855,0.42857142857142855,0.42857142857142855,1.0,0.7707708682699761,0.37684813562962755,0.4114391460776229,0.4946380185109439,0.9407578705421744,0.9997394907852045,0.9999929664775459,0.25558121800187084,0.35877862595419846,0.33587786259541985,0.3282442748091603,0.31297709923664124,0.31297709923664124,0.2824427480916031,0.25190839694656486,0.24427480916030533,0.2366412213740458,0.6412213740458015,0.6641221374045801,0.6717557251908397,0.6870229007633588,0.6870229007633588,0.7175572519083969,0.7480916030534351,0.7557251908396947,0.7633587786259542,0.9999998951331075,0.29568004569099704,3.2241867372567335e-08,1.7603429545652396e-06,3.1445970523186056e-05,0.00669285201739655,0.7282393017320877,0.9947798666233298,0.41653412301694215
ChatDev_ProgramDev_GPT4o_0_scored.json,ChatDev_ProgramDev_GPT4o_0,0.0,0,149,13,0.8590604026845637,0.8523489932885906,0.8322147651006712,0.8322147651006712,0.8322147651006712,0.825503355704698,0.8120805369127517,0.8053691275167785,0.7583892617449665,0.14093959731543623,0.1476510067114094,0.16778523489932887,0.16778523489932887,0.16778523489932887,0.174496644295302,0.18791946308724833,0.19463087248322147,0.24161073825503357,0.9999998429221915,0.8210205013181722,3.059023205018258e-07,0.03572394847665235,0.9241418196182198,0.9997387046549548,0.9999962475423423,0.9999991570853645,0.3526135205319432,0.8461538461538461,0.8461538461538461,0.7692307692307693,0.7692307692307693,0.7692307692307693,0.6153846153846154,0.46153846153846156,0.46153846153846156,0.3076923076923077,0.15384615384615385,0.15384615384615385,0.23076923076923078,0.23076923076923078,0.23076923076923078,0.38461538461538464,0.5384615384615384,0.5384615384615384,0.6923076923076923,0.9999994569285228,0.647046678695737,0.030057092260645697,0.0848360338295182,0.5452621372472409,0.6478082402094084,0.9944155044335563,0.9999933592313024,0.3405557009178736,0.24161073825503357,0.19463087248322147,0.18791946308724833,0.174496644295302,0.16778523489932887,0.16778523489932887,0.16778523489932887,0.1476510067114094,0.14093959731543623,0.7583892617449665,0.8053691275167785,0.8120805369127517,0.825503355704698,0.8322147651006712,0.8322147651006712,0.8322147651006712,0.8523489932885906,0.8590604026845637,0.9999996565089904,0.1789794466158266,6.82560337633487e-08,7.947412608750085e-07,3.7266389560521204e-06,0.0002611902975925828,0.07585819196500916,0.9642759374563548,0.3526135193377555
ChatDev_ProgramDev_GPT4o_13_scored.json,ChatDev_ProgramDev_GPT4o_13,0.0,0,164,13,0.9573170731707317,0.9329268292682927,0.9207317073170732,0.9207317073170732,0.9207317073170732,0.9024390243902439,0.8963414634146342,0.8963414634146342,0.8841463414634146,0.042682926829268296,0.06707317073170732,0.07926829268292683,0.07926829268292683,0.07926829268292683,0.0975609756097561,0.10365853658536585,0.10365853658536585,0.11585365853658537,1.0,0.9122931116272092,1.8553913626159784e-07,0.7206974183112499,0.9979367884034391,0.9999808601235123,0.9999978003472219,0.9999995862380762,0.2519491890380264,1.0,1.0,1.0,1.0,0.9230769230769231,0.9230769230769231,0.8461538461538461,0.7692307692307693,0.6923076923076923,0.0,0.0,0.0,0.0,0.07692307692307693,0.07692307692307693,0.15384615384615385,0.23076923076923078,0.3076923076923077,1.0,0.8947944585861923,0.4981588845492091,0.6478201832875662,0.841592665791799,0.9999038570080891,0.9999744611913337,0.9999873859373167,0.16272447354400033,0.11585365853658537,0.10365853658536585,0.10365853658536585,0.0975609756097561,0.08536585365853659,0.07926829268292683,0.07926829268292683,0.06707317073170732,0.042682926829268296,0.8841463414634146,0.8963414634146342,0.8963414634146342,0.9024390243902439,0.9146341463414634,0.9207317073170732,0.9207317073170732,0.9329268292682927,0.9573170731707317,0.9999997656311983,0.08770684544126998,8.152020714470167e-09,3.927863545481039e-07,2.135329560453031e-06,1.907317600812566e-05,0.002063206445711046,0.27930257576473294,0.2519491948405077
ChatDev_ProgramDev_GPT4o_14_scored.json,ChatDev_ProgramDev_GPT4o_14,0.0,0,142,15,0.8591549295774648,0.8450704225352113,0.8169014084507042,0.8028169014084507,0.7887323943661971,0.7676056338028169,0.7112676056338029,0.6971830985915493,0.6619718309859155,0.14084507042253522,0.15492957746478872,0.18309859154929578,0.19718309859154928,0.2112676056338028,0.2323943661971831,0.2887323943661972,0.3028169014084507,0.3380281690140845,0.9999998429221915,0.7622151519070861,6.144171336422507e-06,0.03732687913383872,0.6366391149510302,0.9626730233079821,0.99929033145556,0.9999898023645032,0.35737104636872763,0.9333333333333333,0.9333333333333333,0.9333333333333333,0.8666666666666667,0.6666666666666666,0.6,0.6,0.4666666666666667,0.3333333333333333,0.06666666666666667,0.06666666666666667,0.06666666666666667,0.13333333333333333,0.3333333333333333,0.4,0.4,0.5333333333333333,0.6666666666666666,0.9999998107508316,0.7039053888582992,0.07447912187923707,0.37569803678995894,0.4868649548178544,0.7856032904490657,0.9536177157754417,0.9997132839455263,0.28273176646445136,0.3380281690140845,0.3028169014084507,0.2887323943661972,0.2323943661971831,0.21830985915492956,0.19718309859154928,0.18309859154929578,0.15492957746478872,0.14084507042253522,0.6619718309859155,0.6971830985915493,0.7112676056338029,0.7676056338028169,0.7816901408450704,0.8028169014084507,0.8169014084507042,0.8450704225352113,0.8591549295774648,0.9999938159938443,0.23778481656732828,6.82560337633487e-08,1.0129987330277146e-05,0.00070967033651176,0.03732688243084875,0.36336084996383167,0.9626730905675178,0.3573710434493101
ChatDev_ProgramDev_GPT4o_16_scored.json,ChatDev_ProgramDev_GPT4o_16,0.0,0,138,13,0.9202898550724637,0.9202898550724637,0.9057971014492754,0.8840579710144928,0.8768115942028986,0.8695652173913043,0.8405797101449275,0.8333333333333334,0.8115942028985508,0.07971014492753623,0.07971014492753623,0.09420289855072464,0.11594202898550725,0.12318840579710146,0.13043478260869565,0.15942028985507245,0.16666666666666666,0.18840579710144928,0.9999998595452219,0.8675671468856523,2.9989608248573072e-09,0.3605248171147879,0.9550988568054612,0.9980732477048968,0.9999250765119831,0.9999898005255358,0.2915146670610647,0.9230769230769231,0.8461538461538461,0.8461538461538461,0.8461538461538461,0.7692307692307693,0.7692307692307693,0.6923076923076923,0.5384615384615384,0.5384615384615384,0.07692307692307693,0.15384615384615385,0.15384615384615385,0.15384615384615385,0.23076923076923078,0.23076923076923078,0.3076923076923077,0.46153846153846156,0.46153846153846156,0.9999998595452219,0.7318822501708038,0.02611185986856748,0.19626175711187896,0.6161615875382224,0.9248672921800002,0.9706877288771686,0.9997184021142631,0.32235531631626496,0.18840579710144928,0.16666666666666666,0.15942028985507245,0.13043478260869565,0.12318840579710146,0.11594202898550725,0.09420289855072464,0.07971014492753623,0.07971014492753623,0.8115942028985508,0.8333333333333334,0.8405797101449275,0.8695652173913043,0.8768115942028986,0.8840579710144928,0.9057971014492754,0.9202898550724637,0.9202898550724637,0.999999875746659,0.13243281124312126,9.931194312156244e-08,1.0129987330277146e-05,7.484619074298232e-05,0.0019267342527389902,0.04490113146581724,0.6394751918399714,0.29151466880666177
ChatDev_ProgramDev_GPT4o_1_scored.json,ChatDev_ProgramDev_GPT4o_1,0.0,0,177,13,0.8813559322033898,0.8757062146892656,0.8700564971751412,0.8587570621468926,0.8587570621468926,0.8531073446327684,0.8531073446327684,0.8418079096045198,0.8192090395480226,0.11864406779661017,0.12429378531073447,0.12994350282485875,0.14124293785310735,0.14124293785310735,0.14689265536723164,0.14689265536723164,0.15819209039548024,0.1807909604519774,0.9999998429221915,0.8524978816287397,6.47594599989589e-07,0.009269305456007841,0.9859363409317722,0.999972398324423,0.9999970842630804,0.9999994669534713,0.3330689204153253,1.0,1.0,1.0,0.8461538461538461,0.6923076923076923,0.6153846153846154,0.5384615384615384,0.5384615384615384,0.46153846153846156,0.0,0.0,0.0,0.15384615384615385,0.3076923076923077,0.38461538461538464,0.46153846153846156,0.46153846153846156,0.5384615384615384,0.9999897981583191,0.7478107635893525,0.36049331102850013,0.3993069908371777,0.4988429233343006,0.8046017177421363,0.9999645308843136,0.9999842995017232,0.24914039500141177,0.1807909604519774,0.15819209039548024,0.14689265536723164,0.14689265536723164,0.14689265536723164,0.14124293785310735,0.12994350282485875,0.12429378531073447,0.11864406779661017,0.8192090395480226,0.8418079096045198,0.8531073446327684,0.8531073446327684,0.8531073446327684,0.8587570621468926,0.8700564971751412,0.8757062146892656,0.8813559322033898,0.999999311286509,0.14750206690953244,6.82560337633487e-08,5.043471815847051e-07,2.902312105056987e-06,2.7535687796947383e-05,0.014063627480306394,0.9907306053690885,0.33306891613429496
ChatDev_ProgramDev_GPT4o_20_scored.json,ChatDev_ProgramDev_GPT4o_20,0.0,0,139,13,0.7553956834532374,0.7410071942446043,0.7266187050359713,0.7050359712230215,0.6906474820143885,0.6762589928057554,0.6474820143884892,0.6258992805755396,0.6187050359712231,0.2446043165467626,0.2589928057553957,0.2733812949640288,0.2949640287769784,0.30935251798561153,0.3237410071942446,0.35251798561151076,0.37410071942446044,0.381294964028777,0.9999998348407174,0.6882020291516106,2.335593038799337e-09,0.0005092928281038528,0.1508142102481338,0.9933071409215417,0.9999645298014579,0.9999924030107473,0.42169910260779564,0.8461538461538461,0.6923076923076923,0.6923076923076923,0.6923076923076923,0.5384615384615384,0.5384615384615384,0.38461538461538464,0.23076923076923078,0.23076923076923078,0.15384615384615385,0.3076923076923077,0.3076923076923077,0.3076923076923077,0.46153846153846156,0.46153846153846156,0.6153846153846154,0.7692307692307693,0.7692307692307693,0.9999920631254227,0.5365770431806667,0.0003353500342255387,0.042591860614959384,0.10527079555762765,0.6055977255417645,0.7681553871273137,0.998755883938282,0.3589216437800255,0.381294964028777,0.37410071942446044,0.35251798561151076,0.3237410071942446,0.3237410071942446,0.2949640287769784,0.2733812949640288,0.2589928057553957,0.2446043165467626,0.6187050359712231,0.6258992805755396,0.6474820143884892,0.6762589928057554,0.6762589928057554,0.7050359712230215,0.7266187050359713,0.7410071942446043,0.7553956834532374,0.9999999365530021,0.3117979286037775,6.023573837886479e-08,7.540245976611014e-06,3.535625324942473e-05,0.006692852117681412,0.8491857717698519,0.999490678757532,0.4216990998838103
ChatDev_ProgramDev_GPT4o_22_scored.json,ChatDev_ProgramDev_GPT4o_22,0.0,0,158,14,0.9050632911392406,0.8987341772151899,0.8924050632911392,0.8860759493670886,0.8607594936708861,0.8417721518987342,0.8291139240506329,0.8227848101265823,0.810126582278481,0.0949367088607595,0.10126582278481013,0.10759493670886076,0.11392405063291139,0.13924050632911392,0.15822784810126583,0.17088607594936708,0.17721518987341772,0.189873417721519,1.0,0.8574517132672665,5.3157852544244216e-08,0.20030421766459605,0.978270426567874,0.9999832448911279,0.9999987785860065,0.9999997123679263,0.3119152213455744,0.9285714285714286,0.9285714285714286,0.7857142857142857,0.7857142857142857,0.7142857142857143,0.6428571428571429,0.5,0.5,0.5,0.07142857142857142,0.07142857142857142,0.21428571428571427,0.21428571428571427,0.2857142857142857,0.35714285714285715,0.5,0.5,0.5,0.9999959540575422,0.6924014376829755,0.034015338286947194,0.22358183323167036,0.4969100340643156,0.8006510610501469,0.9991056723646559,0.9999950065895372,0.33215163441286155,0.189873417721519,0.17721518987341772,0.17088607594936708,0.15822784810126583,0.1518987341772152,0.11392405063291139,0.10759493670886076,0.10126582278481013,0.0949367088607595,0.810126582278481,0.8227848101265823,0.8291139240506329,0.8417721518987342,0.8481012658227848,0.8860759493670886,0.8924050632911392,0.8987341772151899,0.9050632911392406,0.9999998966945451,0.14254823643702208,5.602796437537268e-09,2.382369667501818e-07,1.143516361717442e-06,1.6701414089010932e-05,0.021729581859729858,0.7996957774872564,0.31191522311210623
ChatDev_ProgramDev_GPT4o_23_scored.json,ChatDev_ProgramDev_GPT4o_23,0.0,0,152,14,0.8947368421052632,0.8881578947368421,0.8881578947368421,0.875,0.875,0.8618421052631579,0.8552631578947368,0.8421052631578947,0.8289473684210527,0.10526315789473684,0.1118421052631579,0.1118421052631579,0.125,0.125,0.13815789473684212,0.14473684210526316,0.15789473684210525,0.17105263157894737,1.0,0.8670056456593834,9.931194312156244e-08,0.06599825946344622,0.9979367780121822,0.999994454464098,0.9999993789294912,0.9999997190467387,0.3168699580163023,1.0,1.0,1.0,0.9285714285714286,0.7857142857142857,0.7142857142857143,0.5,0.5,0.5,0.0,0.0,0.0,0.07142857142857142,0.21428571428571427,0.2857142857142857,0.5,0.5,0.5,1.0,0.7650725626900532,0.3655301765478959,0.46447472840834114,0.5518767396364539,0.8214070697236895,0.9999908168726418,0.9999994062317226,0.24367462324819592,0.17105263157894737,0.15789473684210525,0.14473684210526316,0.13815789473684212,0.13157894736842105,0.125,0.1118421052631579,0.1118421052631579,0.10526315789473684,0.8289473684210527,0.8421052631578947,0.8552631578947368,0.8618421052631579,0.868421052631579,0.875,0.8881578947368421,0.8881578947368421,0.8947368421052632,0.9999998672747303,0.13299430293271391,3.2241867372567335e-08,1.8553913626159784e-07,6.11782745388368e-07,5.464632955694063e-06,0.002063206445711046,0.9340016311980777,0.3168699589661265
ChatDev_ProgramDev_GPT4o_24_scored.json,ChatDev_ProgramDev_GPT4o_24,0.0,0,137,13,0.8248175182481752,0.8029197080291971,0.7883211678832117,0.7664233576642335,0.7518248175182481,0.7372262773722628,0.7299270072992701,0.7153284671532847,0.6861313868613139,0.17518248175182483,0.19708029197080293,0.2116788321167883,0.23357664233576642,0.24817518248175183,0.26277372262773724,0.27007299270072993,0.2846715328467153,0.31386861313868614,0.9999998595452219,0.7531344922775208,1.522997974471263e-08,0.010023158922511266,0.5621764465457448,0.9975274124657663,0.9999832544757145,0.9999985028592329,0.39097037593974004,0.9230769230769231,0.9230769230769231,0.9230769230769231,0.9230769230769231,0.6923076923076923,0.46153846153846156,0.46153846153846156,0.38461538461538464,0.3076923076923077,0.07692307692307693,0.07692307692307693,0.07692307692307693,0.07692307692307693,0.3076923076923077,0.5384615384615384,0.5384615384615384,0.6153846153846154,0.6923076923076923,0.9999993743556177,0.6670468585454767,0.06854946385746587,0.4275745137223768,0.49100690578477757,0.5804128415744455,0.9572038349027698,0.9999865267554577,0.27572011184192063,0.31386861313868614,0.2846715328467153,0.27007299270072993,0.26277372262773724,0.24817518248175183,0.23357664233576642,0.2116788321167883,0.19708029197080293,0.17518248175182483,0.6861313868613139,0.7153284671532847,0.7299270072992701,0.7372262773722628,0.7518248175182481,0.7664233576642335,0.7883211678832117,0.8029197080291971,0.8248175182481752,0.9999999598083352,0.24686546598067738,6.023573837886479e-08,1.370956471489639e-06,1.6701414089010932e-05,0.002472623024627213,0.43782353613364516,0.9899767957741175,0.39097037183757916
ChatDev_ProgramDev_GPT4o_25_scored.json,ChatDev_ProgramDev_GPT4o_25,0.0,0,171,13,0.9064327485380117,0.9064327485380117,0.9005847953216374,0.8888888888888888,0.8830409356725146,0.8830409356725146,0.8830409356725146,0.8830409356725146,0.8713450292397661,0.0935672514619883,0.0935672514619883,0.09941520467836257,0.1111111111111111,0.11695906432748537,0.11695906432748537,0.11695906432748537,0.11695906432748537,0.1286549707602339,1.0,0.8856072039183368,6.47594599989589e-07,0.32082123262877393,0.9989597186181249,0.9999920635312848,0.9999986889649264,0.999999600221973,0.30043899414369873,1.0,1.0,0.9230769230769231,0.8461538461538461,0.7692307692307693,0.7692307692307693,0.6923076923076923,0.6923076923076923,0.5384615384615384,0.0,0.0,0.07692307692307693,0.15384615384615385,0.23076923076923078,0.23076923076923078,0.3076923076923077,0.3076923076923077,0.46153846153846156,0.9999951630590627,0.7976777709150643,0.2386671872622598,0.33189058919274944,0.6852536104109173,0.9991476311545521,0.9999545142017383,0.9999910786712414,0.2750143672555987,0.1286549707602339,0.11695906432748537,0.11695906432748537,0.11695906432748537,0.11695906432748537,0.1111111111111111,0.09941520467836257,0.0935672514619883,0.0935672514619883,0.8713450292397661,0.8830409356725146,0.8830409356725146,0.8830409356725146,0.8830409356725146,0.8888888888888888,0.9005847953216374,0.9064327485380117,0.9064327485380117,0.9999993108565858,0.11439274019344246,2.510999155743982e-08,3.059023205018258e-07,1.2193297316415077e-06,7.88926463665814e-06,0.0010402808560130866,0.6791787800222044,0.30043899366322463
ChatDev_ProgramDev_GPT4o_26_scored.json,ChatDev_ProgramDev_GPT4o_26,0.0,0,143,13,0.9230769230769231,0.916083916083916,0.916083916083916,0.9090909090909091,0.8951048951048951,0.8881118881118881,0.8741258741258742,0.8601398601398601,0.8461538461538461,0.07692307692307693,0.08391608391608392,0.08391608391608392,0.09090909090909091,0.1048951048951049,0.11188811188811189,0.1258741258741259,0.13986013986013987,0.15384615384615385,1.0,0.8903923329007528,3.9278597995802437e-07,0.499999952438717,0.9990603995440348,0.9999898015996955,0.9999983333532381,0.9999997143782997,0.282164908729327,1.0,1.0,1.0,0.9230769230769231,0.7692307692307693,0.6153846153846154,0.6153846153846154,0.6153846153846154,0.5384615384615384,0.0,0.0,0.0,0.07692307692307693,0.23076923076923078,0.38461538461538464,0.38461538461538464,0.38461538461538464,0.46153846153846156,0.9999996915471855,0.7876987189924669,0.3266528536646775,0.44948533505335025,0.5473641397727379,0.9967106851211447,0.9999874601375849,0.9999973911696844,0.2544204254183878,0.15384615384615385,0.13986013986013987,0.1258741258741259,0.11188811188811189,0.11188811188811189,0.09090909090909091,0.08391608391608392,0.08391608391608392,0.07692307692307693,0.8461538461538461,0.8601398601398601,0.8741258741258742,0.8881118881118881,0.8881118881118881,0.9090909090909091,0.916083916083916,0.916083916083916,0.9230769230769231,0.9999994754502849,0.10960761191311434,4.139937718785167e-08,2.3823696675018182e-07,1.5656497130274393e-06,1.0129987330277146e-05,0.0009395903220041817,0.5000000756784737,0.28216490937797944
ChatDev_ProgramDev_GPT4o_28_scored.json,ChatDev_ProgramDev_GPT4o_28,0.0,0,159,13,0.9308176100628931,0.9308176100628931,0.9119496855345912,0.9119496855345912,0.9119496855345912,0.9119496855345912,0.89937106918239,0.8867924528301887,0.8805031446540881,0.06918238993710692,0.06918238993710692,0.0880503144654088,0.0880503144654088,0.0880503144654088,0.0880503144654088,0.10062893081761007,0.11320754716981132,0.11949685534591195,1.0,0.9077132109385878,6.47594599989589e-07,0.7093387356942041,0.9998365323904796,0.9999951679236402,0.9999995240867044,0.9999997202841815,0.26854210464105527,0.9230769230769231,0.9230769230769231,0.8461538461538461,0.8461538461538461,0.7692307692307693,0.7692307692307693,0.6923076923076923,0.6923076923076923,0.6153846153846154,0.07692307692307693,0.07692307692307693,0.15384615384615385,0.15384615384615385,0.23076923076923078,0.23076923076923078,0.3076923076923077,0.3076923076923077,0.38461538461538464,0.9999974871954431,0.7731259734655196,0.0054937945892346175,0.28155523525060033,0.63243567001292,0.9873540635973088,0.9999908273660916,0.9999960717902909,0.32747035731958274,0.11949685534591195,0.11320754716981132,0.10062893081761007,0.0880503144654088,0.0880503144654088,0.0880503144654088,0.0880503144654088,0.06918238993710692,0.06918238993710692,0.8805031446540881,0.8867924528301887,0.89937106918239,0.9119496855345912,0.9119496855345912,0.9119496855345912,0.9119496855345912,0.9308176100628931,0.9308176100628931,0.9999992992316097,0.0922867354866511,5.3157852544244216e-08,1.8553913626159784e-07,4.485667680664045e-07,4.78509457496562e-06,0.000163410832398918,0.2906612942821983,0.2685421130120255
ChatDev_ProgramDev_GPT4o_29_scored.json,ChatDev_ProgramDev_GPT4o_29,0.0,0,114,13,0.8859649122807017,0.8859649122807017,0.8771929824561403,0.8421052631578947,0.8333333333333334,0.8333333333333334,0.8245614035087719,0.7894736842105263,0.7368421052631579,0.11403508771929824,0.11403508771929824,0.12280701754385964,0.15789473684210525,0.16666666666666666,0.16666666666666666,0.17543859649122806,0.21052631578947367,0.2631578947368421,1.0,0.823539387837902,2.510999155743982e-08,0.006227333587057196,0.8807970130104559,0.9902177379683763,0.9996645995203542,0.9999959151292572,0.33152670166254333,1.0,0.9230769230769231,0.9230769230769231,0.9230769230769231,0.7692307692307693,0.7692307692307693,0.6923076923076923,0.6923076923076923,0.46153846153846156,0.0,0.07692307692307693,0.07692307692307693,0.07692307692307693,0.23076923076923078,0.23076923076923078,0.3076923076923077,0.3076923076923077,0.5384615384615384,1.0,0.7858421519381911,0.10694326323880414,0.4505695442880325,0.6643128110082649,0.8759230400397093,0.9999922453777043,0.9999995816471181,0.27165363515018676,0.2631578947368421,0.21052631578947367,0.17543859649122806,0.16666666666666666,0.16666666666666666,0.15789473684210525,0.12280701754385964,0.11403508771929824,0.11403508771929824,0.7368421052631579,0.7894736842105263,0.8245614035087719,0.8333333333333334,0.8333333333333334,0.8421052631578947,0.8771929824561403,0.8859649122807017,0.8859649122807017,0.9999998857387276,0.17646057975443596,2.215948977336598e-08,4.044175641726171e-06,0.0003353500342255387,0.00978221368206018,0.11920293099157331,0.9937726484374051,0.33152669020575276
ChatDev_ProgramDev_GPT4o_2_scored.json,ChatDev_ProgramDev_GPT4o_2,0.0,0,140,14,0.9214285714285714,0.8857142857142857,0.8714285714285714,0.8571428571428571,0.8571428571428571,0.8571428571428571,0.85,0.8357142857142857,0.8357142857142857,0.07857142857142857,0.11428571428571428,0.12857142857142856,0.14285714285714285,0.14285714285714285,0.14285714285714285,0.15,0.16428571428571428,0.16428571428571428,1.0,0.8575363598658782,2.902312105056987e-06,0.14804719106297284,0.9626730238146972,0.9999333608161896,0.9999972236001671,0.9999995877961676,0.31796065759045544,0.9285714285714286,0.8571428571428571,0.8571428571428571,0.8571428571428571,0.7857142857142857,0.7857142857142857,0.7857142857142857,0.5714285714285714,0.5714285714285714,0.07142857142857142,0.14285714285714285,0.14285714285714285,0.14285714285714285,0.21428571428571427,0.21428571428571427,0.21428571428571427,0.42857142857142855,0.42857142857142855,1.0,0.7795215479468371,0.0004916678181237767,0.2726027756945214,0.7294365809729944,0.9982384096982798,0.9999501276600179,0.9999959407903173,0.32092907150385847,0.16428571428571428,0.16428571428571428,0.15,0.14285714285714285,0.14285714285714285,0.14285714285714285,0.12857142857142856,0.11428571428571428,0.07857142857142857,0.8357142857142857,0.8357142857142857,0.85,0.8571428571428571,0.8571428571428571,0.8571428571428571,0.8714285714285714,0.8857142857142857,0.9214285714285714,0.9999970344112232,0.14246359496514757,4.139937718785167e-08,3.927863545481039e-07,2.7418153527299806e-06,6.656873166547593e-05,0.03732688540224157,0.8519528153096617,0.31796065861718453
ChatDev_ProgramDev_GPT4o_4_scored.json,ChatDev_ProgramDev_GPT4o_4,0.0,0,178,16,0.8426966292134831,0.8258426966292135,0.797752808988764,0.7808988764044944,0.7640449438202247,0.7359550561797753,0.7134831460674157,0.6853932584269663,0.6741573033707865,0.15730337078651685,0.17415730337078653,0.20224719101123595,0.21910112359550563,0.23595505617977527,0.2640449438202247,0.28651685393258425,0.3146067415730337,0.3258426966292135,1.0,0.7555972667436909,1.186112015134383e-08,0.02030324514524382,0.5621764455768954,0.995354923081178,0.9999820503699524,0.9999985023635105,0.37791974478793156,1.0,1.0,0.9375,0.8125,0.75,0.75,0.5625,0.5,0.3125,0.0,0.0,0.0625,0.1875,0.25,0.25,0.4375,0.5,0.6875,1.0,0.7128374283285446,0.2809362596707357,0.33954645182414833,0.5673833621002213,0.7665143701407799,0.9719948246903607,0.9998882793546194,0.24913719183685473,0.3258426966292135,0.3146067415730337,0.28651685393258425,0.2640449438202247,0.24157303370786518,0.21910112359550563,0.20224719101123595,0.17415730337078653,0.15730337078651685,0.6741573033707865,0.6853932584269663,0.7134831460674157,0.7359550561797753,0.7584269662921348,0.7808988764044944,0.797752808988764,0.8258426966292135,0.8426966292134831,0.9999998982580742,0.24440269350536337,1.7257827987960214e-08,1.370956471489639e-06,1.7887295048568297e-05,0.004645131904216686,0.4378235195726808,0.9796967338319273,0.3779197413269154
ChatDev_ProgramDev_GPT4o_9_scored.json,ChatDev_ProgramDev_GPT4o_9,0.0,0,143,13,0.8671328671328671,0.8601398601398601,0.8531468531468531,0.8321678321678322,0.8251748251748252,0.8181818181818182,0.8041958041958042,0.7972027972027972,0.7902097902097902,0.13286713286713286,0.13986013986013987,0.14685314685314685,0.16783216783216784,0.17482517482517482,0.18181818181818182,0.1958041958041958,0.20279720279720279,0.2097902097902098,1.0,0.8201202011339873,3.4663274126619643e-07,0.008771574177368478,0.9462437175098053,0.9968273438415308,0.9997964884746856,0.9999645297574001,0.3496769897612875,1.0,1.0,1.0,0.8461538461538461,0.8461538461538461,0.7692307692307693,0.6923076923076923,0.6153846153846154,0.38461538461538464,0.0,0.0,0.0,0.15384615384615385,0.15384615384615385,0.23076923076923078,0.3076923076923077,0.38461538461538464,0.6153846153846154,0.9999994901758792,0.7818249269277271,0.3656969713935314,0.40195646082826497,0.6481503613368345,0.8293826466184293,0.9924081248504448,0.9998564456156451,0.2270433207657218,0.2097902097902098,0.20279720279720279,0.1958041958041958,0.18181818181818182,0.18181818181818182,0.16783216783216784,0.14685314685314685,0.13986013986013987,0.13286713286713286,0.7902097902097902,0.7972027972027972,0.8041958041958042,0.8181818181818182,0.8181818181818182,0.8321678321678322,0.8531468531468531,0.8601398601398601,0.8671328671328671,0.9999996164008671,0.17987975934257922,4.363462252943702e-09,3.535625324942473e-05,0.00020342704214340812,0.0031726831078774057,0.05375627190034479,0.9912284122126308,0.3496769841433516
ChatDev_ProgramDev2_GPT4o_18_scored.json,ChatDev_ProgramDev2_GPT4o_18,2.6,1,138,14,0.8405797101449275,0.8043478260869565,0.7898550724637681,0.782608695652174,0.7753623188405797,0.7536231884057971,0.7318840579710145,0.6956521739130435,0.6739130434782609,0.15942028985507245,0.1956521739130435,0.21014492753623187,0.21739130434782608,0.2246376811594203,0.2463768115942029,0.26811594202898553,0.30434782608695654,0.32608695652173914,1.0,0.7583427260375568,8.152020714470167e-09,0.004875129489909959,0.622459228361969,0.9984987779210932,0.9999820529883411,0.9999981465644191,0.3860519400935259,1.0,0.9285714285714286,0.9285714285714286,0.9285714285714286,0.9285714285714286,0.8571428571428571,0.5714285714285714,0.5714285714285714,0.42857142857142855,0.0,0.07142857142857142,0.07142857142857142,0.07142857142857142,0.07142857142857142,0.14285714285714285,0.42857142857142855,0.42857142857142855,0.5714285714285714,1.0,0.7839365984624884,0.18551221039864632,0.5455614837856709,0.6461710098888203,0.8409061576626189,0.999939291723006,0.999995777982682,0.2377263207885622,0.32608695652173914,0.30434782608695654,0.26811594202898553,0.2463768115942029,0.2391304347826087,0.21739130434782608,0.21014492753623187,0.1956521739130435,0.15942028985507245,0.6739130434782609,0.6956521739130435,0.7318840579710145,0.7536231884057971,0.7608695652173914,0.782608695652174,0.7898550724637681,0.8043478260869565,0.8405797101449275,0.9999998851481972,0.2416572309517123,3.2241867372567335e-08,1.7603429545652396e-06,1.7887295048568297e-05,0.001501181950907551,0.37754069804933976,0.9951248358680046,0.3860519388107781
ChatDev_ProgramDev2_GPT4o_27_scored.json,ChatDev_ProgramDev2_GPT4o_27,2.6,1,132,13,0.7575757575757576,0.7424242424242424,0.7272727272727273,0.7196969696969697,0.696969696969697,0.6818181818181818,0.6590909090909091,0.6590909090909091,0.6515151515151515,0.24242424242424243,0.25757575757575757,0.2727272727272727,0.2803030303030303,0.30303030303030304,0.3181818181818182,0.3409090909090909,0.3409090909090909,0.3484848484848485,0.9999998285468591,0.6995184821781157,6.34880011604368e-09,0.0015437371810906955,0.14083611477552357,0.9998190132620537,0.9999962348712688,0.9999995619635211,0.42358253195554824,1.0,0.9230769230769231,0.7692307692307693,0.6153846153846154,0.6153846153846154,0.5384615384615384,0.38461538461538464,0.3076923076923077,0.23076923076923078,0.0,0.07692307692307693,0.23076923076923078,0.38461538461538464,0.38461538461538464,0.46153846153846156,0.6153846153846154,0.6923076923076923,0.7692307692307693,0.9999995723435678,0.5926485362014915,0.13798104830188598,0.23400858298912317,0.30541962833223574,0.6438768606841838,0.861275106988084,0.9999938740708575,0.30601157288671393,0.3484848484848485,0.3409090909090909,0.3409090909090909,0.3181818181818182,0.30303030303030304,0.2803030303030303,0.2727272727272727,0.25757575757575757,0.24242424242424243,0.6515151515151515,0.6590909090909091,0.6590909090909091,0.6818181818181818,0.696969696969697,0.7196969696969697,0.7272727272727273,0.7424242424242424,0.7575757575757576,0.9999999717303104,0.30048147169385403,1.4449802461092448e-07,4.039424372517642e-07,3.7266389560521204e-06,0.0001809316416212079,0.8591638856268853,0.9984562236095437,0.42358252989595757
ChatDev_ProgramDev2_GPT4o_31_scored.json,ChatDev_ProgramDev2_GPT4o_31,2.6,1,76,13,0.8157894736842105,0.8157894736842105,0.8157894736842105,0.8157894736842105,0.8157894736842105,0.8157894736842105,0.8026315789473685,0.7763157894736842,0.7368421052631579,0.18421052631578946,0.18421052631578946,0.18421052631578946,0.18421052631578946,0.18421052631578946,0.18421052631578946,0.19736842105263158,0.2236842105263158,0.2631578947368421,0.9999998429221915,0.7916216509519887,3.2241867372567335e-08,0.0015911466805694865,0.8519528461657142,0.9940435453906178,0.9997531507866279,0.9999969494735528,0.3763309172205957,1.0,1.0,1.0,1.0,0.9230769230769231,0.8461538461538461,0.7692307692307693,0.6153846153846154,0.5384615384615384,0.0,0.0,0.0,0.0,0.07692307692307693,0.15384615384615385,0.23076923076923078,0.38461538461538464,0.46153846153846156,0.9999976663269413,0.8411586843205068,0.4604635863505216,0.5703109138753778,0.7353961363063458,0.9620690183220691,0.993307158932476,0.9997950475640291,0.18531794220223033,0.2631578947368421,0.2236842105263158,0.19736842105263158,0.18421052631578946,0.18421052631578946,0.18421052631578946,0.18421052631578946,0.18421052631578946,0.18421052631578946,0.7368421052631579,0.7763157894736842,0.8026315789473685,0.8157894736842105,0.8157894736842105,0.8157894736842105,0.8157894736842105,0.8157894736842105,0.8157894736842105,0.9999998848697519,0.20837831711785224,8.764248219443636e-08,2.993482025900541e-06,0.0002467494837302891,0.005956488943481732,0.14804722071080612,0.9984088043365311,0.37633091500443555
ChatDev_ProgramDev2_GPT4o_32_scored.json,ChatDev_ProgramDev2_GPT4o_32,2.6,1,111,14,0.7387387387387387,0.7297297297297297,0.7297297297297297,0.7207207207207207,0.7207207207207207,0.7027027027027027,0.6846846846846847,0.6666666666666666,0.6486486486486487,0.26126126126126126,0.2702702702702703,0.2702702702702703,0.27927927927927926,0.27927927927927926,0.2972972972972973,0.3153153153153153,0.3333333333333333,0.35135135135135137,1.0,0.7044085500804897,8.315279260963632e-07,0.0003353500342255387,0.07138765010971934,0.9980732390298288,0.9999416445805986,0.9999976725852531,0.4322741875098356,1.0,1.0,0.9285714285714286,0.8571428571428571,0.8571428571428571,0.6428571428571429,0.6428571428571429,0.5714285714285714,0.5,0.0,0.0,0.07142857142857142,0.14285714285714285,0.14285714285714285,0.35714285714285715,0.35714285714285715,0.42857142857142855,0.5,1.0,0.7768202686507112,0.2936019095302736,0.4233128572440593,0.5603204766595432,0.9163078076841293,0.9994159819847739,0.9999985978092436,0.25245328340806156,0.35135135135135137,0.3333333333333333,0.3153153153153153,0.2972972972972973,0.2882882882882883,0.27927927927927926,0.2702702702702703,0.2702702702702703,0.26126126126126126,0.6486486486486487,0.6666666666666666,0.6846846846846847,0.7027027027027027,0.7117117117117117,0.7207207207207207,0.7297297297297297,0.7297297297297297,0.7387387387387387,0.9999991179691787,0.2955914108130085,3.2241867372567335e-08,2.2603250957489616e-06,5.829127258796956e-05,0.0019267342527389902,0.9286122761121403,0.9996645264836314,0.4322741866097288
ChatDev_ProgramDev2_GPT4o_35_scored.json,ChatDev_ProgramDev2_GPT4o_35,2.6,1,86,15,0.9069767441860465,0.8837209302325582,0.872093023255814,0.8604651162790697,0.8604651162790697,0.8372093023255814,0.8372093023255814,0.813953488372093,0.7790697674418605,0.09302325581395349,0.11627906976744186,0.12790697674418605,0.13953488372093023,0.13953488372093023,0.16279069767441862,0.16279069767441862,0.18604651162790697,0.22093023255813954,1.0,0.8445844710006757,0.0,0.1652363468095333,0.9241418018689481,0.9995082824016547,0.9999832461010038,0.9999979110848618,0.31509389955781575,1.0,1.0,0.9333333333333333,0.8666666666666667,0.8666666666666667,0.7333333333333333,0.7333333333333333,0.6,0.5333333333333333,0.0,0.0,0.06666666666666667,0.13333333333333333,0.13333333333333333,0.26666666666666666,0.26666666666666666,0.4,0.4666666666666667,1.0,0.7907147774107467,0.26894137785703714,0.3997428544006165,0.6589314883019564,0.9017219375359876,0.9999098861441855,1.0,0.24596562843031594,0.22093023255813954,0.18604651162790697,0.16279069767441862,0.16279069767441862,0.13953488372093023,0.13953488372093023,0.12790697674418605,0.11627906976744186,0.09302325581395349,0.7790697674418605,0.813953488372093,0.8372093023255814,0.8372093023255814,0.8604651162790697,0.8604651162790697,0.872093023255814,0.8837209302325582,0.9069767441860465,0.9999999202416662,0.1554154940298125,1.9555681087850496e-08,2.0103340251571006e-06,1.6701414089010932e-05,0.0004916678181237767,0.07585818743517903,0.8347636686449205,0.3150939018613881
ChatDev_ProgramDev2_GPT4o_36_scored.json,ChatDev_ProgramDev2_GPT4o_36,2.6,1,104,14,0.8942307692307693,0.875,0.8653846153846154,0.8557692307692307,0.8461538461538461,0.8461538461538461,0.8173076923076923,0.8173076923076923,0.7884615384615384,0.10576923076923077,0.125,0.1346153846153846,0.14423076923076922,0.15384615384615385,0.15384615384615385,0.18269230769230768,0.18269230769230768,0.21153846153846154,0.9999998107508316,0.8384514467535857,5.602796437537268e-09,0.10250548830824877,0.93991328349678,0.9980732467514082,0.9997387132331705,0.9999416456721504,0.3296542055686101,1.0,1.0,1.0,0.9285714285714286,0.8571428571428571,0.7857142857142857,0.5714285714285714,0.5,0.42857142857142855,0.0,0.0,0.0,0.07142857142857142,0.14285714285714285,0.21428571428571427,0.42857142857142855,0.5,0.5714285714285714,0.9999998107508316,0.7529838817251028,0.31333651979824034,0.4444465614644816,0.612473906880954,0.8053369852833108,0.9686184315411943,0.9985740482606447,0.22586141908257948,0.21153846153846154,0.18269230769230768,0.18269230769230768,0.15384615384615385,0.15384615384615385,0.14423076923076922,0.1346153846153846,0.125,0.10576923076923077,0.7884615384615384,0.8173076923076923,0.8173076923076923,0.8461538461538461,0.8461538461538461,0.8557692307692307,0.8653846153846154,0.875,0.8942307692307693,0.9999999348800485,0.1615485154750477,6.82560337633487e-08,5.829127258796956e-05,0.0002611902975925828,0.0019267342527389902,0.060086655242712825,0.8974944844626311,0.3296541977000434
ChatDev_ProgramDev2_GPT4o_37_scored.json,ChatDev_ProgramDev2_GPT4o_37,2.6,1,134,14,0.7611940298507462,0.7611940298507462,0.753731343283582,0.746268656716418,0.7313432835820896,0.7238805970149254,0.7089552238805971,0.6791044776119403,0.6492537313432836,0.23880597014925373,0.23880597014925373,0.2462686567164179,0.2537313432835821,0.26865671641791045,0.27611940298507465,0.291044776119403,0.3208955223880597,0.35074626865671643,1.0,0.7183838177836268,4.139937718785167e-08,4.78509457496562e-06,0.392611337998056,0.9953549163812346,0.9999769595138892,0.9999981564040912,0.4191253924320495,1.0,1.0,0.9285714285714286,0.7857142857142857,0.7857142857142857,0.7857142857142857,0.7142857142857143,0.5,0.42857142857142855,0.0,0.0,0.07142857142857142,0.21428571428571427,0.21428571428571427,0.21428571428571427,0.2857142857142857,0.5,0.5714285714285714,1.0,0.7579619019758823,0.23506920119432015,0.36227395501780124,0.6951603382563095,0.8215850435223877,0.9835891428801624,0.9999979914802046,0.2512394458711092,0.35074626865671643,0.3208955223880597,0.291044776119403,0.27611940298507465,0.26865671641791045,0.2537313432835821,0.2462686567164179,0.23880597014925373,0.23880597014925373,0.6492537313432836,0.6791044776119403,0.7089552238805971,0.7238805970149254,0.7313432835820896,0.746268656716418,0.753731343283582,0.7611940298507462,0.7611940298507462,0.9999999204188665,0.28161613861482987,3.2241867372567335e-08,1.7603429545652396e-06,2.2967625394667136e-05,0.004645131904216686,0.6073886359089246,0.9999951522647716,0.41912538244830444
ChatDev_ProgramDev2_GPT4o_45_scored.json,ChatDev_ProgramDev2_GPT4o_45,2.6,1,119,14,0.8823529411764706,0.865546218487395,0.865546218487395,0.8403361344537815,0.8235294117647058,0.8067226890756303,0.7815126050420168,0.7815126050420168,0.7647058823529411,0.11764705882352941,0.13445378151260504,0.13445378151260504,0.15966386554621848,0.17647058823529413,0.19327731092436976,0.2184873949579832,0.2184873949579832,0.23529411764705882,1.0,0.8226263749104274,4.78509457496562e-06,0.021194619234510173,0.9763507686754975,0.9995694327300683,0.9999883779157612,0.9999977711628785,0.3442937084893113,1.0,1.0,1.0,1.0,0.9285714285714286,0.8571428571428571,0.7142857142857143,0.7142857142857143,0.5714285714285714,0.0,0.0,0.0,0.0,0.07142857142857142,0.14285714285714285,0.2857142857142857,0.2857142857142857,0.42857142857142855,1.0,0.8573787733932879,0.49977548334335675,0.6161903316887978,0.7211669361827733,0.9439221838149798,0.9999818076056018,0.9999970127370656,0.16895024484147786,0.23529411764705882,0.2184873949579832,0.2184873949579832,0.19327731092436976,0.18487394957983194,0.15966386554621848,0.13445378151260504,0.13445378151260504,0.11764705882352941,0.7647058823529411,0.7815126050420168,0.7815126050420168,0.8067226890756303,0.8151260504201681,0.8403361344537815,0.865546218487395,0.865546218487395,0.8823529411764706,0.9999951948773089,0.17737358073583753,1.186112015134383e-08,2.1603286675122176e-06,1.1568555659672165e-05,0.0004305571096741222,0.023649223219385947,0.9788053563990704,0.3442937095987613
ChatDev_ProgramDev2_GPT4o_46_scored.json,ChatDev_ProgramDev2_GPT4o_46,2.6,1,135,13,0.8592592592592593,0.837037037037037,0.8296296296296296,0.8148148148148148,0.8,0.8,0.762962962962963,0.7407407407407407,0.7333333333333333,0.14074074074074075,0.16296296296296298,0.17037037037037037,0.18518518518518517,0.2,0.2,0.23703703703703705,0.25925925925925924,0.26666666666666666,1.0,0.7941433150163394,3.2241867372567335e-08,0.01762912287744483,0.7541792324101793,0.9980732481203521,0.999978477858003,0.9999970849062219,0.3617814856889273,1.0,1.0,1.0,1.0,0.8461538461538461,0.7692307692307693,0.6923076923076923,0.5384615384615384,0.3076923076923077,0.0,0.0,0.0,0.0,0.15384615384615385,0.23076923076923078,0.3076923076923077,0.46153846153846156,0.6923076923076923,1.0,0.782123121159576,0.4494106841761523,0.48718881911238243,0.6588969726349424,0.831259362725673,0.9323815557651971,0.9999864789735213,0.1871890984375892,0.26666666666666666,0.25925925925925924,0.23703703703703705,0.2,0.2,0.18518518518518517,0.17037037037037037,0.16296296296296298,0.14074074074074075,0.7333333333333333,0.7407407407407407,0.762962962962963,0.8,0.8,0.8148148148148148,0.8296296296296296,0.837037037037037,0.8592592592592593,0.9999999069643943,0.2058566406227946,1.186112015134383e-08,2.902312105056987e-06,2.1444937927240387e-05,0.0019267342527389902,0.24582080069785728,0.9823708220674887,0.3617814843515228
ChatDev_ProgramDev2_GPT4o_55_scored.json,ChatDev_ProgramDev2_GPT4o_55,2.6,1,251,21,0.8446215139442231,0.8366533864541833,0.8286852589641435,0.8247011952191236,0.8167330677290837,0.8047808764940239,0.7928286852589641,0.7928286852589641,0.749003984063745,0.1553784860557769,0.16334661354581673,0.17131474103585656,0.1752988047808765,0.18326693227091634,0.1952191235059761,0.20717131474103587,0.20717131474103587,0.250996015936255,1.0,0.8056064208585665,3.059020287707785e-07,0.001501181950907551,0.892723739112233,0.9984987832004784,0.999964529309902,0.9999920637837636,0.3671544846410037,1.0,1.0,1.0,0.8571428571428571,0.7142857142857143,0.7142857142857143,0.6666666666666666,0.6666666666666666,0.5714285714285714,0.0,0.0,0.0,0.14285714285714285,0.2857142857142857,0.2857142857142857,0.3333333333333333,0.3333333333333333,0.42857142857142855,1.0,0.7926483994612252,0.31390869486907874,0.370613080528509,0.49878590551381785,0.9682753166696897,0.9914224472180299,0.9998047442653507,0.2601615873116153,0.250996015936255,0.20717131474103587,0.20717131474103587,0.1952191235059761,0.18725099601593626,0.1752988047808765,0.17131474103585656,0.16334661354581673,0.1553784860557769,0.749003984063745,0.7928286852589641,0.7928286852589641,0.8047808764940239,0.8127490039840638,0.8247011952191236,0.8286852589641435,0.8366533864541833,0.8446215139442231,0.9999996364248309,0.1943935357099376,3.2241867372567335e-08,7.88926463665814e-06,3.535625324942473e-05,0.001501181950907551,0.1072762050461517,0.9984988308014011,0.3671544839309622
ChatDev_ProgramDev2_GPT4o_57_scored.json,ChatDev_ProgramDev2_GPT4o_57,2.6,1,123,13,0.926829268292683,0.926829268292683,0.9105691056910569,0.9105691056910569,0.9105691056910569,0.9024390243902439,0.9024390243902439,0.8780487804878049,0.8373983739837398,0.07317073170731707,0.07317073170731707,0.08943089430894309,0.08943089430894309,0.08943089430894309,0.0975609756097561,0.0975609756097561,0.12195121951219512,0.16260162601626016,0.9999990993177977,0.8910474978109884,1.2501528663867426e-09,0.7772998234647431,0.9706877277926089,0.995929920154749,0.9994471332902306,0.9998984014715471,0.2715013685586117,1.0,1.0,0.9230769230769231,0.9230769230769231,0.8461538461538461,0.7692307692307693,0.7692307692307693,0.6923076923076923,0.46153846153846156,0.0,0.0,0.07692307692307693,0.07692307692307693,0.15384615384615385,0.23076923076923078,0.23076923076923078,0.3076923076923077,0.5384615384615384,0.9999951726861909,0.8034880838923855,0.22026494253650603,0.5003367718362105,0.7570050110215392,0.880797026563495,0.9782507743764137,0.9854392331597248,0.23519933479608174,0.16260162601626016,0.12195121951219512,0.0975609756097561,0.0975609756097561,0.0975609756097561,0.08943089430894309,0.08943089430894309,0.07317073170731707,0.07317073170731707,0.8373983739837398,0.8780487804878049,0.9024390243902439,0.9024390243902439,0.9024390243902439,0.9105691056910569,0.9105691056910569,0.926829268292683,0.926829268292683,0.9999999071607433,0.10895247713088924,8.315279260963632e-07,0.00010156084047217254,0.0005527785265734312,0.004070137939983506,0.02931223128647059,0.22270017767119815,0.2715013560073164
ChatDev_ProgramDev2_GPT4o_5_scored.json,ChatDev_ProgramDev2_GPT4o_5,2.6,1,76,13,0.75,0.7236842105263158,0.6973684210526315,0.6973684210526315,0.6973684210526315,0.6842105263157895,0.631578947368421,0.5921052631578947,0.4868421052631579,0.25,0.27631578947368424,0.3026315789473684,0.3026315789473684,0.3026315789473684,0.3157894736842105,0.3684210526315789,0.40789473684210525,0.5131578947368421,1.0,0.6614741730776736,6.82560337633487e-08,0.005252109591606642,0.11323952228813511,0.8807970194453586,0.9985817072106496,0.9999574371908975,0.4131912961504772,1.0,1.0,0.9230769230769231,0.9230769230769231,0.7692307692307693,0.6923076923076923,0.6153846153846154,0.5384615384615384,0.38461538461538464,0.0,0.0,0.07692307692307693,0.07692307692307693,0.23076923076923078,0.3076923076923077,0.38461538461538464,0.46153846153846156,0.6153846153846154,1.0,0.7535992325713833,0.22877094448421603,0.4287074153575891,0.5872097931566311,0.8335371330316539,0.99999946603433,0.999999808539163,0.25275807736726374,0.5131578947368421,0.40789473684210525,0.3684210526315789,0.3157894736842105,0.3026315789473684,0.3026315789473684,0.3026315789473684,0.27631578947368424,0.25,0.4868421052631579,0.5921052631578947,0.631578947368421,0.6842105263157895,0.6973684210526315,0.6973684210526315,0.6973684210526315,0.7236842105263158,0.75,0.9999998402913648,0.3385257930894189,1.9555681087850496e-08,4.248808903662973e-05,0.0014182640400548139,0.11920292709247196,0.8867604127663826,0.9947478971088871,0.4131912843146309
ChatDev_ProgramDev2_GPT4o_60_scored.json,ChatDev_ProgramDev2_GPT4o_60,2.6,1,159,14,0.8616352201257862,0.8616352201257862,0.8553459119496856,0.8490566037735849,0.8490566037735849,0.8490566037735849,0.8427672955974843,0.8427672955974843,0.8113207547169812,0.13836477987421383,0.13836477987421383,0.14465408805031446,0.1509433962264151,0.1509433962264151,0.1509433962264151,0.15723270440251572,0.15723270440251572,0.18867924528301888,0.9999998532990095,0.844555615995897,1.186112015134383e-08,0.01720169435529775,0.9795182252538487,0.9999250821296773,0.9999976781169528,0.9999995907296957,0.3434994944310848,1.0,1.0,0.9285714285714286,0.8571428571428571,0.8571428571428571,0.7857142857142857,0.5714285714285714,0.5,0.5,0.0,0.0,0.07142857142857142,0.14285714285714285,0.14285714285714285,0.21428571428571427,0.42857142857142855,0.5,0.5,0.9999914191278061,0.7715466884786977,0.23134726099311062,0.380452371795284,0.6674089663434276,0.8640617000168718,0.9998854705164205,0.9999781815983403,0.25995153065800775,0.18867924528301888,0.15723270440251572,0.15723270440251572,0.1509433962264151,0.1509433962264151,0.1509433962264151,0.14465408805031446,0.13836477987421383,0.13836477987421383,0.8113207547169812,0.8427672955974843,0.8427672955974843,0.8490566037735849,0.8490566037735849,0.8490566037735849,0.8553459119496856,0.8616352201257862,0.8616352201257862,0.9999998772256979,0.15544433103935115,1.1253517471925912e-07,3.7540954773884836e-07,2.2603250957489616e-06,7.484619074298232e-05,0.020481793400051573,0.9827983421154638,0.3434994932466811
ChatDev_ProgramDev2_GPT4o_61_scored.json,ChatDev_ProgramDev2_GPT4o_61,2.6,1,126,14,0.7063492063492064,0.6746031746031746,0.6587301587301587,0.6349206349206349,0.6349206349206349,0.626984126984127,0.5952380952380952,0.5634920634920635,0.5396825396825397,0.29365079365079366,0.3253968253968254,0.3412698412698413,0.36507936507936506,0.36507936507936506,0.373015873015873,0.40476190476190477,0.4365079365079365,0.4603174603174603,1.0,0.6229131695995231,2.646573638909117e-09,0.0004305571096741222,0.07585817148650026,0.924141801417615,0.9984987896725211,0.9999634593734972,0.43641017458789727,1.0,1.0,1.0,0.8571428571428571,0.7142857142857143,0.7142857142857143,0.5,0.42857142857142855,0.35714285714285715,0.0,0.0,0.0,0.14285714285714285,0.2857142857142857,0.2857142857142857,0.5,0.5714285714285714,0.6428571428571429,1.0,0.7256691096368042,0.3353585744763832,0.37967893577674927,0.5089959402293881,0.7185143668189271,0.9972279498689471,0.9999732261890804,0.2443526096976969,0.4603174603174603,0.4365079365079365,0.40476190476190477,0.373015873015873,0.36507936507936506,0.36507936507936506,0.3412698412698413,0.3253968253968254,0.29365079365079366,0.5396825396825397,0.5634920634920635,0.5952380952380952,0.626984126984127,0.6349206349206349,0.6349206349206349,0.6587301587301587,0.6746031746031746,0.7063492063492064,0.9999999076186239,0.37708679287680313,2.9989608248573072e-09,3.646676968157182e-05,0.001501181950907551,0.07585818244785619,0.924141782162036,0.9995693715587932,0.4364101647201522
ChatDev_ProgramDev2_GPT4o_62_scored.json,ChatDev_ProgramDev2_GPT4o_62,2.6,1,144,15,0.7916666666666666,0.7708333333333334,0.7638888888888888,0.7361111111111112,0.7222222222222222,0.7013888888888888,0.6944444444444444,0.6875,0.6875,0.20833333333333334,0.22916666666666666,0.2361111111111111,0.2638888888888889,0.2777777777777778,0.2986111111111111,0.3055555555555556,0.3125,0.3125,1.0,0.7231847495884387,5.3157852544244216e-08,0.0031726831078774057,0.3208212809136625,0.9947799318027712,0.9999570216290891,0.9999990403326346,0.41161367494888434,0.9333333333333333,0.9333333333333333,0.8666666666666667,0.8,0.8,0.6666666666666666,0.6,0.5333333333333333,0.4,0.06666666666666667,0.06666666666666667,0.13333333333333333,0.2,0.2,0.3333333333333333,0.4,0.4666666666666667,0.6,0.9999998107508316,0.7104205971970783,0.004070135999190959,0.2741131843758055,0.5319890496875745,0.8356564759837926,0.9692552405948054,0.9999884611285996,0.3072939323738226,0.3125,0.3125,0.3055555555555556,0.2986111111111111,0.2847222222222222,0.2638888888888889,0.2361111111111111,0.22916666666666666,0.20833333333333334,0.6875,0.6875,0.6944444444444444,0.7013888888888888,0.7152777777777778,0.7361111111111112,0.7638888888888888,0.7708333333333334,0.7916666666666666,0.9999998683186633,0.27681521191999947,3.6534822137210456e-08,9.023804458054673e-07,4.288745198700338e-05,0.005220125868449866,0.6791787210139384,0.996827281022943,0.41161367444237307
ChatDev_ProgramDev2_GPT4o_63_scored.json,ChatDev_ProgramDev2_GPT4o_63,2.6,1,166,13,0.8433734939759037,0.8132530120481928,0.8012048192771084,0.7710843373493976,0.7530120481927711,0.7409638554216867,0.7289156626506024,0.6987951807228916,0.6566265060240963,0.1566265060240964,0.18674698795180722,0.19879518072289157,0.2289156626506024,0.2469879518072289,0.25903614457831325,0.2710843373493976,0.30120481927710846,0.3433734939759036,0.9999995930900971,0.7519824849705732,1.7257827987960214e-08,0.006692851264215723,0.5155441215921912,0.9947799422643934,0.9999898037987733,0.9999985085885136,0.3823725459953839,1.0,1.0,1.0,0.8461538461538461,0.7692307692307693,0.7692307692307693,0.6153846153846154,0.38461538461538464,0.3076923076923077,0.0,0.0,0.0,0.15384615384615385,0.23076923076923078,0.23076923076923078,0.38461538461538464,0.6153846153846154,0.6923076923076923,0.9999951624007205,0.7308002945638561,0.30804944249544125,0.38533082681253217,0.6231928330599811,0.7447745646188217,0.9885081908869814,0.9999844926298527,0.2348307800492488,0.3433734939759036,0.30120481927710846,0.2710843373493976,0.25903614457831325,0.25301204819277107,0.2289156626506024,0.19879518072289157,0.18674698795180722,0.1566265060240964,0.6566265060240963,0.6987951807228916,0.7289156626506024,0.7409638554216867,0.7469879518072289,0.7710843373493976,0.8012048192771084,0.8132530120481928,0.8433734939759037,1.0,0.24801747602021262,3.059023205018258e-07,1.370956471489639e-06,1.0129987330277146e-05,0.005220125868449866,0.4844559395177497,0.9933070917829896,0.3823725466333389
ChatDev_ProgramDev2_GPT4o_64_scored.json,ChatDev_ProgramDev2_GPT4o_64,2.6,1,107,14,0.897196261682243,0.897196261682243,0.897196261682243,0.8878504672897196,0.8878504672897196,0.8785046728971962,0.8504672897196262,0.8037383177570093,0.7476635514018691,0.102803738317757,0.102803738317757,0.102803738317757,0.11214953271028037,0.11214953271028037,0.12149532710280374,0.14953271028037382,0.19626168224299065,0.2523364485981308,1.0,0.8528978082482152,1.0677029917933763e-06,0.2646641641136303,0.9024694029734118,0.9947799291124129,0.9997675988026236,0.9999645291927329,0.3007847196677222,1.0,1.0,1.0,0.9285714285714286,0.9285714285714286,0.9285714285714286,0.7857142857142857,0.7142857142857143,0.7142857142857143,0.0,0.0,0.0,0.07142857142857142,0.07142857142857142,0.07142857142857142,0.21428571428571427,0.2857142857142857,0.2857142857142857,0.9999997067394043,0.8699437262388089,0.338590836388585,0.6214908031881706,0.7995469487154961,0.9752190182990839,0.9999451079162436,0.9999995485607951,0.1960358618965825,0.2523364485981308,0.19626168224299065,0.14953271028037382,0.12149532710280374,0.11214953271028037,0.11214953271028037,0.102803738317757,0.102803738317757,0.102803738317757,0.7476635514018691,0.8037383177570093,0.8504672897196262,0.8785046728971962,0.8878504672897196,0.8878504672897196,0.897196261682243,0.897196261682243,0.897196261682243,0.9999988225796381,0.14710216487197184,4.139937718785167e-08,3.535625324942473e-05,0.00023230866986799546,0.005220125868449866,0.0975305555116364,0.7353358136446908,0.30078471477281177
ChatDev_ProgramDev2_GPT4o_65_scored.json,ChatDev_ProgramDev2_GPT4o_65,2.6,1,131,13,0.8091603053435115,0.7938931297709924,0.7633587786259542,0.7633587786259542,0.7557251908396947,0.7251908396946565,0.7099236641221374,0.6946564885496184,0.6564885496183206,0.19083969465648856,0.20610687022900764,0.2366412213740458,0.2366412213740458,0.24427480916030533,0.2748091603053435,0.2900763358778626,0.3053435114503817,0.3435114503816794,0.9999998107508316,0.7372626609136288,3.850741922767617e-09,0.0011695103074966034,0.5000000091326608,0.9933071440487289,0.9999480784456825,0.9999970799373956,0.39494860781301405,1.0,0.9230769230769231,0.9230769230769231,0.6923076923076923,0.6153846153846154,0.5384615384615384,0.46153846153846156,0.38461538461538464,0.23076923076923078,0.0,0.07692307692307693,0.07692307692307693,0.3076923076923077,0.38461538461538464,0.46153846153846156,0.5384615384615384,0.6153846153846154,0.7692307692307693,0.9999998107508316,0.644343537174179,0.10105618305196976,0.30632383792204865,0.3855775101289304,0.6848690225473706,0.8948435158346362,0.99957155243106,0.29620634968975673,0.3435114503816794,0.3053435114503817,0.2900763358778626,0.2748091603053435,0.26717557251908397,0.2366412213740458,0.2366412213740458,0.20610687022900764,0.19083969465648856,0.6564885496183206,0.6946564885496184,0.7099236641221374,0.7251908396946565,0.732824427480916,0.7633587786259542,0.7633587786259542,0.7938931297709924,0.8091603053435115,0.9999999067266458,0.26273729686026,1.1253517471925912e-07,2.902312105056987e-06,5.184456207708291e-05,0.006692851264215723,0.5000000824631072,0.9988304289011092,0.3949486013479945
ChatDev_ProgramDev2_GPT4o_67_scored.json,ChatDev_ProgramDev2_GPT4o_67,2.6,1,111,14,0.9099099099099099,0.9009009009009009,0.8918918918918919,0.8738738738738738,0.8648648648648649,0.8648648648648649,0.8468468468468469,0.8378378378378378,0.7927927927927928,0.09009009009009009,0.0990990990990991,0.10810810810810811,0.12612612612612611,0.13513513513513514,0.13513513513513514,0.15315315315315314,0.16216216216216217,0.2072072072072072,1.0,0.8599193180909783,1.4166087866431961e-09,0.22270010022171377,0.9525741363420897,0.9999545192675969,0.9999951686682905,0.9999988723143417,0.30988578246802545,0.9285714285714286,0.9285714285714286,0.9285714285714286,0.8571428571428571,0.8571428571428571,0.8571428571428571,0.7857142857142857,0.5714285714285714,0.5,0.07142857142857142,0.07142857142857142,0.07142857142857142,0.14285714285714285,0.14285714285714285,0.14285714285714285,0.21428571428571427,0.42857142857142855,0.5,0.9999998182484895,0.7767082729349872,2.91463445983781e-05,0.4040384793667887,0.7124848552130498,0.885280874748664,0.9994797385021832,0.999982919372356,0.2902854320065011,0.2072072072072072,0.16216216216216217,0.15315315315315314,0.13513513513513514,0.13513513513513514,0.12612612612612611,0.10810810810810811,0.0990990990990991,0.09009009009009009,0.7927927927927928,0.8378378378378378,0.8468468468468469,0.8648648648648649,0.8648648648648649,0.8738738738738738,0.8918918918918919,0.9009009009009009,0.9099099099099099,0.9999999355116564,0.14008063527908216,4.139937718785167e-08,1.0677029917933763e-06,4.78509457496562e-06,4.539785156619626e-05,0.04742587885606571,0.7772998258559479,0.3098857726603271
ChatDev_ProgramDev2_GPT4o_68_scored.json,ChatDev_ProgramDev2_GPT4o_68,2.6,1,124,13,0.9758064516129032,0.9758064516129032,0.9758064516129032,0.9596774193548387,0.9596774193548387,0.9516129032258065,0.9516129032258065,0.9516129032258065,0.9435483870967742,0.024193548387096774,0.024193548387096774,0.024193548387096774,0.04032258064516129,0.04032258064516129,0.04838709677419355,0.04838709677419355,0.04838709677419355,0.056451612903225805,0.9999998348407174,0.9567272685815046,3.9278597995802437e-07,0.9725882087235008,0.9992903377767786,0.9999850982879608,0.9999976816683743,0.9999994625378205,0.17533466976716366,1.0,1.0,1.0,1.0,1.0,1.0,0.9230769230769231,0.8461538461538461,0.7692307692307693,0.0,0.0,0.0,0.0,0.0,0.0,0.07692307692307693,0.15384615384615385,0.23076923076923078,0.999999815624819,0.9423959487626847,0.6848110124948966,0.7607191788760943,0.9761622617559272,0.9999574997812227,0.9999894127304325,0.9999941378352255,0.10592671344362406,0.056451612903225805,0.04838709677419355,0.04838709677419355,0.04838709677419355,0.04032258064516129,0.04032258064516129,0.024193548387096774,0.024193548387096774,0.024193548387096774,0.9435483870967742,0.9516129032258065,0.9516129032258065,0.9516129032258065,0.9596774193548387,0.9596774193548387,0.9758064516129032,0.9758064516129032,0.9758064516129032,0.9999995628779178,0.04327268778697512,1.4449802461092448e-07,5.043471815847051e-07,2.2603250957489616e-06,1.4854269039039057e-05,0.00070967033651176,0.02741177331932729,0.1753346689296795
ChatDev_ProgramDev2_GPT4o_71_scored.json,ChatDev_ProgramDev2_GPT4o_71,2.6,1,128,13,0.8125,0.7890625,0.78125,0.765625,0.75,0.75,0.7109375,0.6796875,0.671875,0.1875,0.2109375,0.21875,0.234375,0.25,0.25,0.2890625,0.3203125,0.328125,1.0,0.7400020486350242,9.931194312156244e-08,0.01026410458785076,0.5918444328600152,0.9902177262820813,0.9999292171853014,0.9999954917413663,0.391591868626857,1.0,1.0,0.9230769230769231,0.7692307692307693,0.7692307692307693,0.7692307692307693,0.5384615384615384,0.46153846153846156,0.3076923076923077,0.0,0.0,0.07692307692307693,0.23076923076923078,0.23076923076923078,0.23076923076923078,0.46153846153846156,0.5384615384615384,0.6923076923076923,0.9999998127361694,0.7095132597339674,0.26480846277589937,0.3300414712139901,0.6347862561399898,0.7256532834821315,0.9178559841884875,0.9994497404205991,0.24534592619973478,0.328125,0.3203125,0.2890625,0.25,0.25,0.234375,0.21875,0.2109375,0.1875,0.671875,0.6796875,0.7109375,0.75,0.75,0.765625,0.78125,0.7890625,0.8125,0.9999998677612711,0.25999790499634823,4.944450501938644e-09,4.467557889291572e-06,7.070746120422912e-05,0.009782214301774403,0.40815551470742484,0.98973580329395,0.39159185906801697
ChatDev_ProgramDev2_GPT4o_72_scored.json,ChatDev_ProgramDev2_GPT4o_72,2.6,1,99,13,0.9191919191919192,0.9191919191919192,0.9090909090909091,0.898989898989899,0.8888888888888888,0.8484848484848485,0.8282828282828283,0.8181818181818182,0.797979797979798,0.08080808080808081,0.08080808080808081,0.09090909090909091,0.10101010101010101,0.1111111111111111,0.15151515151515152,0.1717171717171717,0.18181818181818182,0.20202020202020202,0.9999998595452219,0.8633972100911741,9.931194312156244e-08,0.41442302433768063,0.9525741247728514,0.9997964884746856,0.9999909379898475,0.9999965326966327,0.29400134789100457,1.0,1.0,1.0,0.9230769230769231,0.9230769230769231,0.9230769230769231,0.9230769230769231,0.6153846153846154,0.6153846153846154,0.0,0.0,0.0,0.07692307692307693,0.07692307692307693,0.07692307692307693,0.07692307692307693,0.38461538461538464,0.38461538461538464,0.9999998595452219,0.8601843046823157,0.3175932686579053,0.7180368334469696,0.7485885509824196,0.9442243222063539,0.9999766909536819,0.999999654303771,0.19193991199979138,0.20202020202020202,0.18181818181818182,0.1717171717171717,0.15151515151515152,0.1111111111111111,0.10101010101010101,0.09090909090909091,0.08080808080808081,0.08080808080808081,0.797979797979798,0.8181818181818182,0.8282828282828283,0.8484848484848485,0.8888888888888888,0.898989898989899,0.9090909090909091,0.9191919191919192,0.9191919191919192,0.9999998013432952,0.13660274770876513,9.931194312156244e-08,3.4333761839914895e-06,9.009625983467642e-06,0.00020342704214340812,0.04742587942381373,0.5855769632895654,0.29400134587883886
ChatDev_ProgramDev2_GPT4o_73_scored.json,ChatDev_ProgramDev2_GPT4o_73,2.6,1,141,14,0.7163120567375887,0.7092198581560284,0.6950354609929078,0.6737588652482269,0.6737588652482269,0.6666666666666666,0.6453900709219859,0.6382978723404256,0.6170212765957447,0.28368794326241137,0.2907801418439716,0.3049645390070922,0.3262411347517731,0.3262411347517731,0.3333333333333333,0.3546099290780142,0.3617021276595745,0.3829787234042553,1.0,0.6672618240374733,0.0,3.535625324942473e-05,0.04742586326176889,0.9859363437716041,0.9999645319697033,0.9999951726861909,0.44187104071793415,1.0,1.0,0.8571428571428571,0.8571428571428571,0.8571428571428571,0.7142857142857143,0.5714285714285714,0.35714285714285715,0.2857142857142857,0.0,0.0,0.14285714285714285,0.14285714285714285,0.14285714285714285,0.2857142857142857,0.42857142857142855,0.6428571428571429,0.7142857142857143,1.0,0.7038605983594196,0.22529569225446883,0.3484823865031935,0.548882163186034,0.7395836754805927,0.9563612597331095,0.9999890818847968,0.24791849103023095,0.3829787234042553,0.3617021276595745,0.3546099290780142,0.3333333333333333,0.3333333333333333,0.3262411347517731,0.3049645390070922,0.2907801418439716,0.28368794326241137,0.6170212765957447,0.6382978723404256,0.6453900709219859,0.6666666666666666,0.6666666666666666,0.6737588652482269,0.6950354609929078,0.7092198581560284,0.7163120567375887,0.9999999739758243,0.33273813275527453,5.3157852544244216e-08,4.78509457496562e-06,3.535625324942473e-05,0.014063629129731359,0.9525740746883938,0.9999646236583465,0.44187103380459186
ChatDev_ProgramDev2_GPT4o_75_scored.json,ChatDev_ProgramDev2_GPT4o_75,2.6,1,111,15,0.6396396396396397,0.6216216216216216,0.6036036036036037,0.5855855855855856,0.5855855855855856,0.5585585585585585,0.5585585585585585,0.5495495495495496,0.5225225225225225,0.36036036036036034,0.3783783783783784,0.3963963963963964,0.4144144144144144,0.4144144144144144,0.44144144144144143,0.44144144144144143,0.45045045045045046,0.4774774774774775,1.0,0.5788294192830978,0.0,1.0467401794744658e-08,3.535625324942473e-05,0.9706877146637916,0.9997387089119174,0.9999898025688329,0.46682772901657926,1.0,1.0,1.0,0.8666666666666667,0.7333333333333333,0.5333333333333333,0.4,0.4,0.26666666666666666,0.0,0.0,0.0,0.13333333333333333,0.26666666666666666,0.4666666666666667,0.6,0.6,0.7333333333333333,1.0,0.6848427673448725,0.32374691047577725,0.40536060641612903,0.5100529664895828,0.6326292491711751,0.9194407270871688,0.9979116663475804,0.23171152883702847,0.4774774774774775,0.45045045045045046,0.44144144144144143,0.44144144144144143,0.42342342342342343,0.4144144144144144,0.3963963963963964,0.3783783783783784,0.36036036036036034,0.5225225225225225,0.5495495495495496,0.5585585585585585,0.5585585585585585,0.5765765765765766,0.5855855855855856,0.6036036036036037,0.6216216216216216,0.6396396396396397,0.9999999710987024,0.42117053661546294,6.34880011604368e-09,1.0129987330277146e-05,0.0002611902975925828,0.029312228416902442,0.9999645888848987,0.9999998749972462,0.4668277139898883
ChatDev_ProgramDev2_GPT4o_79_scored.json,ChatDev_ProgramDev2_GPT4o_79,2.6,1,138,14,0.8623188405797102,0.8623188405797102,0.8623188405797102,0.855072463768116,0.8478260869565217,0.8405797101449275,0.8333333333333334,0.8333333333333334,0.8115942028985508,0.13768115942028986,0.13768115942028986,0.13768115942028986,0.14492753623188406,0.15217391304347827,0.15942028985507245,0.16666666666666666,0.16666666666666666,0.18840579710144928,1.0,0.8414151824473908,0.0,0.0002822758962875796,0.9706877251488537,0.9997964895196529,0.9999898022974782,0.9999988624972169,0.34474646948627274,1.0,1.0,1.0,0.8571428571428571,0.7857142857142857,0.7857142857142857,0.6428571428571429,0.5714285714285714,0.5714285714285714,0.0,0.0,0.0,0.14285714285714285,0.21428571428571427,0.21428571428571427,0.35714285714285715,0.42857142857142855,0.42857142857142855,1.0,0.7853597468032388,0.3192083639253088,0.3890870350192025,0.6147496587503394,0.9399781001520179,0.9989706902527505,0.9999063837939475,0.2502097856198297,0.18840579710144928,0.16666666666666666,0.16666666666666666,0.15942028985507245,0.15217391304347827,0.14492753623188406,0.13768115942028986,0.13768115942028986,0.13768115942028986,0.8115942028985508,0.8333333333333334,0.8333333333333334,0.8405797101449275,0.8478260869565217,0.855072463768116,0.8623188405797102,0.8623188405797102,0.8623188405797102,0.9999999746266062,0.1585847703801198,2.9989608248573072e-09,1.0677029917933763e-06,1.0129987330277146e-05,0.00020342704214340812,0.029312229146562493,0.9997176100301335,0.34474646135592574
ChatDev_ProgramDev2_GPT4o_80_scored.json,ChatDev_ProgramDev2_GPT4o_80,2.6,1,150,14,0.9333333333333333,0.9266666666666666,0.9266666666666666,0.9266666666666666,0.9266666666666666,0.9266666666666666,0.92,0.92,0.9,0.06666666666666667,0.07333333333333333,0.07333333333333333,0.07333333333333333,0.07333333333333333,0.07333333333333333,0.08,0.08,0.1,1.0,0.9188890882502719,1.522997974471263e-08,0.9198073314965147,0.9968273568442271,0.9999832477672865,0.9999990411140898,0.999999697031541,0.25518862803140835,1.0,1.0,0.9285714285714286,0.9285714285714286,0.9285714285714286,0.8571428571428571,0.8571428571428571,0.8571428571428571,0.8571428571428571,0.0,0.0,0.07142857142857142,0.07142857142857142,0.07142857142857142,0.14285714285714285,0.14285714285714285,0.14285714285714285,0.14285714285714285,1.0,0.8968449178027973,0.2406929249590008,0.6906617145563777,0.9141069058822457,0.9974728460213218,0.9999990913232604,0.9999997154458797,0.20916401845038796,0.1,0.08,0.08,0.07333333333333333,0.07333333333333333,0.07333333333333333,0.07333333333333333,0.07333333333333333,0.06666666666666667,0.9,0.92,0.92,0.9266666666666666,0.9266666666666666,0.9266666666666666,0.9266666666666666,0.9266666666666666,0.9333333333333333,0.9999998963933356,0.08111086026305815,4.363462252943702e-09,1.8553913626159784e-07,8.905716925206165e-07,1.6701414089010932e-05,0.0031726831078774057,0.08019267216106497,0.25518861927124137
ChatDev_ProgramDev2_GPT4o_82_scored.json,ChatDev_ProgramDev2_GPT4o_82,2.6,1,114,13,0.8508771929824561,0.8508771929824561,0.8508771929824561,0.8508771929824561,0.8508771929824561,0.8421052631578947,0.8333333333333334,0.8070175438596491,0.7982456140350878,0.14912280701754385,0.14912280701754385,0.14912280701754385,0.14912280701754385,0.14912280701754385,0.15789473684210525,0.16666666666666666,0.19298245614035087,0.20175438596491227,1.0,0.8329734689302981,5.211412487888539e-10,0.0007700845265901853,0.9675082259255837,0.9999480799218599,0.9999980260393379,0.9999996935734479,0.352853460554838,1.0,1.0,0.9230769230769231,0.9230769230769231,0.8461538461538461,0.7692307692307693,0.6923076923076923,0.5384615384615384,0.5384615384615384,0.0,0.0,0.07692307692307693,0.07692307692307693,0.15384615384615385,0.23076923076923078,0.3076923076923077,0.46153846153846156,0.46153846153846156,0.9999988599528172,0.7876086437996979,0.23105336798583948,0.48835200999934114,0.6563623203526009,0.9131309920138433,0.999828813297257,0.9999684665153343,0.2413285031828361,0.20175438596491227,0.19298245614035087,0.16666666666666666,0.15789473684210525,0.14912280701754385,0.14912280701754385,0.14912280701754385,0.14912280701754385,0.14912280701754385,0.7982456140350878,0.8070175438596491,0.8333333333333334,0.8421052631578947,0.8508771929824561,0.8508771929824561,0.8508771929824561,0.8508771929824561,0.8508771929824561,1.0,0.1670264822480019,1.522997974471263e-08,1.8553913626159784e-07,1.88533848986117e-06,5.184456207708291e-05,0.032491715303602654,0.999229844430056,0.35285345562114173
ChatDev_ProgramDev2_GPT4o_84_scored.json,ChatDev_ProgramDev2_GPT4o_84,2.6,1,156,14,0.8461538461538461,0.8333333333333334,0.8205128205128205,0.8141025641025641,0.8076923076923077,0.7948717948717948,0.7948717948717948,0.7884615384615384,0.7756410256410257,0.15384615384615385,0.16666666666666666,0.1794871794871795,0.1858974358974359,0.19230769230769232,0.20512820512820512,0.20512820512820512,0.21153846153846154,0.22435897435897437,1.0,0.8055128841556927,0.0,0.0006864686748200057,0.9494089155953305,0.9999684640023556,0.999996242540476,0.9999995901395954,0.3721577265257723,1.0,1.0,1.0,0.9285714285714286,0.7857142857142857,0.7142857142857143,0.6428571428571429,0.5714285714285714,0.5714285714285714,0.0,0.0,0.0,0.07142857142857142,0.21428571428571427,0.2857142857142857,0.35714285714285715,0.42857142857142855,0.42857142857142855,1.0,0.7957834415786287,0.30160306154575955,0.4351646138110537,0.5556914730507945,0.9997824817667998,0.9999947738576447,0.9999999068557949,0.256264853486832,0.22435897435897437,0.21153846153846154,0.20512820512820512,0.20512820512820512,0.1987179487179487,0.1858974358974359,0.1794871794871795,0.16666666666666666,0.15384615384615385,0.7756410256410257,0.7884615384615384,0.7948717948717948,0.7948717948717948,0.8012820512820513,0.8141025641025641,0.8205128205128205,0.8333333333333334,0.8461538461538461,0.9999999599747912,0.19448707462496714,3.2241867372567335e-08,3.927863545481039e-07,3.7266389560521204e-06,3.1445970523186056e-05,0.05059107922917237,0.9993134754485162,0.37215772966448635
ChatDev_ProgramDev2_GPT4o_8_scored.json,ChatDev_ProgramDev2_GPT4o_8,2.6,1,103,13,0.7669902912621359,0.7475728155339806,0.7378640776699029,0.7378640776699029,0.7378640776699029,0.7281553398058253,0.7184466019417476,0.7184466019417476,0.7087378640776699,0.23300970873786409,0.2524271844660194,0.2621359223300971,0.2621359223300971,0.2621359223300971,0.27184466019417475,0.2815533980582524,0.2815533980582524,0.2912621359223301,0.9999998127361694,0.7294274817499391,5.905303998944039e-10,0.0013209550965450816,0.19407213297591278,0.9994471247145069,0.9999723982378848,0.9999992894197187,0.424639822074316,1.0,1.0,1.0,0.9230769230769231,0.8461538461538461,0.6923076923076923,0.5384615384615384,0.38461538461538464,0.38461538461538464,0.0,0.0,0.0,0.07692307692307693,0.15384615384615385,0.3076923076923077,0.46153846153846156,0.6153846153846154,0.6153846153846154,0.9999994901758792,0.7380460929930861,0.3296483201952593,0.4225135873509289,0.5486704121333305,0.7080527312711844,0.9999615272621271,0.9999994552842012,0.23605459758166658,0.2912621359223301,0.2815533980582524,0.2815533980582524,0.27184466019417475,0.27184466019417475,0.2621359223300971,0.2621359223300971,0.2524271844660194,0.23300970873786409,0.7087378640776699,0.7184466019417476,0.7184466019417476,0.7281553398058253,0.7281553398058253,0.7378640776699029,0.7378640776699029,0.7475728155339806,0.7669902912621359,0.9999999197817607,0.2705724655874067,6.82560337633487e-08,6.843812652109439e-07,2.7535687796947383e-05,0.0005527785265734312,0.8059277881865052,0.9986789945476505,0.4246398171690813
ChatDev_ProgramDev2_GPT4o_91_scored.json,ChatDev_ProgramDev2_GPT4o_91,2.6,1,118,13,0.7711864406779662,0.7627118644067796,0.7457627118644068,0.7203389830508474,0.7203389830508474,0.7033898305084746,0.6864406779661016,0.6864406779661016,0.6610169491525424,0.2288135593220339,0.23728813559322035,0.2542372881355932,0.2796610169491525,0.2796610169491525,0.2966101694915254,0.3135593220338983,0.3135593220338983,0.3389830508474576,0.9999998477867464,0.7135994736934993,5.3157852544244216e-08,3.3010083613681534e-05,0.2819113685066251,0.9987938679835596,0.9999959759652519,0.9999994738864936,0.42017373487034687,1.0,0.9230769230769231,0.9230769230769231,0.7692307692307693,0.7692307692307693,0.6153846153846154,0.5384615384615384,0.38461538461538464,0.38461538461538464,0.0,0.07692307692307693,0.07692307692307693,0.23076923076923078,0.23076923076923078,0.38461538461538464,0.46153846153846156,0.6153846153846154,0.6153846153846154,0.9999995761321263,0.6986335524799578,0.19081545599333724,0.32920903250983236,0.5224793998943082,0.7126766101902311,0.9999881136097348,0.9999957744189356,0.2800825558419698,0.3389830508474576,0.3135593220338983,0.3135593220338983,0.2966101694915254,0.288135593220339,0.2796610169491525,0.2542372881355932,0.23728813559322035,0.2288135593220339,0.6610169491525424,0.6864406779661016,0.6864406779661016,0.7033898305084746,0.711864406779661,0.7203389830508474,0.7457627118644068,0.7627118644067796,0.7711864406779662,0.9999998334541624,0.2864004761812162,1.1253517471925912e-07,5.043471815847051e-07,3.991252860780496e-06,0.0012061166777185602,0.7180886112858627,0.9999669016564645,0.42017372528806357
ChatDev_ProgramDev2_GPT4o_94_scored.json,ChatDev_ProgramDev2_GPT4o_94,2.6,1,113,14,0.7699115044247787,0.7345132743362832,0.7345132743362832,0.6991150442477876,0.672566371681416,0.6548672566371682,0.6460176991150443,0.6017699115044248,0.5663716814159292,0.23008849557522124,0.26548672566371684,0.26548672566371684,0.3008849557522124,0.3274336283185841,0.34513274336283184,0.35398230088495575,0.39823008849557523,0.4336283185840708,1.0,0.667794320350665,3.6534822137210456e-08,6.800552947275867e-05,0.14804719501098934,0.9706877343896532,0.9997387087724804,0.9999984408320132,0.4196281802857426,0.9285714285714286,0.9285714285714286,0.8571428571428571,0.7142857142857143,0.6428571428571429,0.6428571428571429,0.5,0.42857142857142855,0.35714285714285715,0.07142857142857142,0.07142857142857142,0.14285714285714285,0.2857142857142857,0.35714285714285715,0.35714285714285715,0.5,0.5714285714285714,0.6428571428571429,1.0,0.6777175378802348,0.024988554036855445,0.2981119278344734,0.40831491338428716,0.7461305726794587,0.9976806742062534,0.999997857470363,0.31255973908349644,0.4336283185840708,0.39823008849557523,0.35398230088495575,0.34513274336283184,0.34513274336283184,0.3008849557522124,0.26548672566371684,0.26548672566371684,0.23008849557522124,0.5663716814159292,0.6017699115044248,0.6460176991150443,0.6548672566371682,0.6548672566371682,0.6991150442477876,0.7345132743362832,0.7345132743362832,0.7699115044247787,0.9999999354011897,0.33220564194956975,0.0,1.4488337681047597e-06,0.0002611902975925828,0.0293122281150375,0.8519528483677711,0.999931864728574,0.4196281711105259
ChatDev_ProgramDev2_GPT4o_95_scored.json,ChatDev_ProgramDev2_GPT4o_95,2.6,1,119,14,0.8571428571428571,0.8403361344537815,0.8403361344537815,0.8319327731092437,0.8067226890756303,0.7815126050420168,0.773109243697479,0.7563025210084033,0.7394957983193278,0.14285714285714285,0.15966386554621848,0.15966386554621848,0.16806722689075632,0.19327731092436976,0.2184873949579832,0.226890756302521,0.24369747899159663,0.2605042016806723,1.0,0.801590117844444,1.7257827987960214e-08,0.0508820329102541,0.8663749283002465,0.9980732367662678,0.9999754378564079,0.9999991428332979,0.3580263089483557,1.0,1.0,0.9285714285714286,0.9285714285714286,0.8571428571428571,0.7857142857142857,0.6428571428571429,0.5714285714285714,0.35714285714285715,0.0,0.0,0.07142857142857142,0.07142857142857142,0.14285714285714285,0.21428571428571427,0.35714285714285715,0.42857142857142855,0.6428571428571429,1.0,0.7849090507791828,0.28886153691507527,0.5049956274883546,0.644509281956861,0.8488551051135923,0.9961816844394868,0.9999967776055751,0.2181366185704994,0.2605042016806723,0.24369747899159663,0.226890756302521,0.2184873949579832,0.20168067226890757,0.16806722689075632,0.15966386554621848,0.15966386554621848,0.14285714285714285,0.7394957983193278,0.7563025210084033,0.773109243697479,0.7815126050420168,0.7983193277310925,0.8319327731092437,0.8403361344537815,0.8403361344537815,0.8571428571428571,1.0,0.1984098443208795,3.2241867372567335e-08,7.947412608750085e-07,2.4490312862093885e-05,0.0019267342527389902,0.1336250832274855,0.9491179261663896,0.3580263052279238
ChatDev_ProgramDev2_GPT4o_98_scored.json,ChatDev_ProgramDev2_GPT4o_98,2.6,1,105,13,0.7333333333333333,0.6761904761904762,0.6761904761904762,0.6666666666666666,0.638095238095238,0.6285714285714286,0.6285714285714286,0.6285714285714286,0.5904761904761905,0.26666666666666666,0.3238095238095238,0.3238095238095238,0.3333333333333333,0.3619047619047619,0.37142857142857144,0.37142857142857144,0.37142857142857144,0.4095238095238095,0.9999997340953635,0.6513179445224679,9.237449661970594e-09,6.491323984997467e-05,0.07585817148650026,0.9914224484574583,0.9998415346822661,0.9999930651399156,0.4437142592516262,0.8461538461538461,0.8461538461538461,0.8461538461538461,0.8461538461538461,0.7692307692307693,0.6153846153846154,0.46153846153846156,0.38461538461538464,0.23076923076923078,0.15384615384615385,0.15384615384615385,0.15384615384615385,0.15384615384615385,0.23076923076923078,0.38461538461538464,0.5384615384615384,0.6153846153846154,0.7692307692307693,0.9999997340953635,0.6512176431307756,0.03650111936214766,0.17442835338450474,0.5852895848767046,0.6275824885223769,0.8736068101153958,0.9999996551721142,0.30245377574854443,0.4095238095238095,0.37142857142857144,0.37142857142857144,0.37142857142857144,0.3619047619047619,0.3333333333333333,0.3238095238095238,0.3238095238095238,0.26666666666666666,0.5904761904761905,0.6285714285714286,0.6285714285714286,0.6285714285714286,0.638095238095238,0.6666666666666666,0.6761904761904762,0.6761904761904762,0.7333333333333333,0.9999998849817412,0.3486820155096303,1.8553913626159784e-07,6.842208656516761e-06,0.0001584362410990077,0.008577486973946336,0.9241418247254046,0.9999350227179331,0.44371425901185874
ChatDev_ProgramDev_GPT4o_18_scored.json,ChatDev_ProgramDev_GPT4o_18,2.6,1,184,13,0.9021739130434783,0.9021739130434783,0.8967391304347826,0.8804347826086957,0.875,0.8586956521739131,0.8369565217391305,0.8260869565217391,0.8043478260869565,0.09782608695652174,0.09782608695652174,0.10326086956521739,0.11956521739130435,0.125,0.14130434782608695,0.16304347826086957,0.17391304347826086,0.1956521739130435,0.9999998595452219,0.8615304765325703,1.2751905914873347e-07,0.25213645049804745,0.9849557052170357,0.9999645312984229,0.9999977941070237,0.9999995937641535,0.3084203590183265,1.0,1.0,1.0,1.0,0.6923076923076923,0.6923076923076923,0.6153846153846154,0.38461538461538464,0.38461538461538464,0.0,0.0,0.0,0.0,0.3076923076923077,0.3076923076923077,0.38461538461538464,0.6153846153846154,0.6153846153846154,0.9999996927865197,0.7441774067938174,0.41160394180945853,0.43424456693674846,0.4984138930464954,0.785354024033097,0.999321954082149,0.9999943797237368,0.22444491401392014,0.1956521739130435,0.17391304347826086,0.16304347826086957,0.14130434782608695,0.125,0.11956521739130435,0.10326086956521739,0.09782608695652174,0.09782608695652174,0.8043478260869565,0.8260869565217391,0.8369565217391305,0.8586956521739131,0.875,0.8804347826086957,0.8967391304347826,0.9021739130434783,0.9021739130434783,0.9999997566150618,0.13846947496336223,6.82560337633487e-08,3.319675307157093e-07,2.135329560453031e-06,3.535625324942473e-05,0.015044274892411337,0.7478635490188599,0.3084203579031886
ChatDev_ProgramDev_GPT4o_27_scored.json,ChatDev_ProgramDev_GPT4o_27,2.6,1,218,13,0.9174311926605505,0.9128440366972477,0.9128440366972477,0.908256880733945,0.9036697247706422,0.9036697247706422,0.8944954128440367,0.8807339449541285,0.8807339449541285,0.08256880733944955,0.0871559633027523,0.0871559633027523,0.09174311926605505,0.0963302752293578,0.0963302752293578,0.10550458715596331,0.11926605504587157,0.11926605504587157,0.9999998386292367,0.9016426506505002,1.7257827987960214e-08,0.6224592762793567,0.9999448674241191,0.9999937404604095,0.999998413768327,0.9999995852379335,0.2813671215927767,0.9230769230769231,0.9230769230769231,0.8461538461538461,0.7692307692307693,0.6923076923076923,0.6153846153846154,0.5384615384615384,0.5384615384615384,0.5384615384615384,0.07692307692307693,0.07692307692307693,0.15384615384615385,0.23076923076923078,0.3076923076923077,0.38461538461538464,0.46153846153846156,0.46153846153846156,0.46153846153846156,0.9999990615494903,0.7159360313206434,0.09441623834665464,0.24100077671580072,0.4814671012133903,0.908209467208014,0.9999858281178847,0.9999901635761389,0.32536601691627753,0.11926605504587157,0.11926605504587157,0.10550458715596331,0.0963302752293578,0.0963302752293578,0.09174311926605505,0.0871559633027523,0.0871559633027523,0.08256880733944955,0.8807339449541285,0.8807339449541285,0.8944954128440367,0.9036697247706422,0.9036697247706422,0.908256880733945,0.9128440366972477,0.9128440366972477,0.9174311926605505,0.9999998852978293,0.09835729532759077,1.1253517471925912e-07,3.927863545481039e-07,1.4683030922585392e-06,6.144171336422507e-06,5.506791733252623e-05,0.37754069337775226,0.28136712463215036
ChatDev_ProgramDev_GPT4o_5_scored.json,ChatDev_ProgramDev_GPT4o_5,2.6,1,89,13,0.898876404494382,0.8876404494382022,0.8651685393258427,0.8426966292134831,0.8426966292134831,0.8314606741573034,0.8202247191011236,0.8089887640449438,0.7640449438202247,0.10112359550561797,0.11235955056179775,0.1348314606741573,0.15730337078651685,0.15730337078651685,0.16853932584269662,0.1797752808988764,0.19101123595505617,0.23595505617977527,1.0,0.8330094876079052,9.237449661970594e-09,0.1534057806017904,0.9241417973823641,0.9947799379327523,0.9996646047315672,0.999966101640801,0.32780597876014206,1.0,1.0,1.0,0.9230769230769231,0.8461538461538461,0.8461538461538461,0.7692307692307693,0.6923076923076923,0.6923076923076923,0.0,0.0,0.0,0.07692307692307693,0.15384615384615385,0.15384615384615385,0.23076923076923078,0.3076923076923077,0.3076923076923077,0.9999998119901657,0.851181675668614,0.32054236817819887,0.5125463124542322,0.7748812143199444,0.9820138039937913,0.9977972546810208,0.9999995827495707,0.2216300656586972,0.23595505617977527,0.19101123595505617,0.1797752808988764,0.16853932584269662,0.15730337078651685,0.15730337078651685,0.1348314606741573,0.11235955056179775,0.10112359550561797,0.7640449438202247,0.8089887640449438,0.8202247191011236,0.8314606741573034,0.8426966292134831,0.8426966292134831,0.8651685393258427,0.8876404494382022,0.898876404494382,0.9999999211969307,0.16699048716746415,5.3157852544244216e-08,3.379214015892927e-05,0.0003353500342255387,0.005220125868449866,0.07585818115986291,0.8465942023991363,0.3278059653331544
ChatDev_ProgramDev_GPT4o_8_scored.json,ChatDev_ProgramDev_GPT4o_8,2.6,1,167,13,0.874251497005988,0.874251497005988,0.874251497005988,0.874251497005988,0.8562874251497006,0.8562874251497006,0.844311377245509,0.844311377245509,0.8263473053892215,0.12574850299401197,0.12574850299401197,0.12574850299401197,0.12574850299401197,0.1437125748502994,0.1437125748502994,0.15568862275449102,0.15568862275449102,0.17365269461077845,0.9999998477867464,0.857476560324252,3.1608814543136926e-10,0.0009820799874018956,0.994043552014611,0.9999545172243738,0.9999920700420396,0.9999986520747661,0.3336425855789398,0.9230769230769231,0.9230769230769231,0.9230769230769231,0.9230769230769231,0.6923076923076923,0.6923076923076923,0.5384615384615384,0.46153846153846156,0.46153846153846156,0.07692307692307693,0.07692307692307693,0.07692307692307693,0.07692307692307693,0.3076923076923077,0.3076923076923077,0.46153846153846156,0.5384615384615384,0.5384615384615384,0.9999962374786857,0.7372050628893165,0.012943654465617108,0.49141638601746146,0.4994152329339175,0.767436792453993,0.9999568427858693,0.9999907068504472,0.29266846164840166,0.17365269461077845,0.15568862275449102,0.15568862275449102,0.1437125748502994,0.1437125748502994,0.12574850299401197,0.12574850299401197,0.12574850299401197,0.12574850299401197,0.8263473053892215,0.844311377245509,0.844311377245509,0.8562874251497006,0.8562874251497006,0.874251497005988,0.874251497005988,0.874251497005988,0.874251497005988,0.999999919896164,0.14252338266437864,1.1253517471925912e-07,1.2496550796111346e-06,7.88926463665814e-06,4.539785156619626e-05,0.005956488566332794,0.9990179199190687,0.3336425800715016
