score_key,direction,threshold,f1,precision,recall,specificity,accuracy,balanced_accuracy,tp,fp,tn,fn,n
entry_max,low_is_2.6,0.915552273197846,0.6666666666666667,0.5423728813559322,0.8648648648648649,0.2702702702702703,0.5675675675675675,0.5675675675675675,32,27,10,5,74
entry_max,low_is_2.6,0.9647417292368834,0.6666666666666666,0.532258064516129,0.8918918918918919,0.21621621621621623,0.5540540540540541,0.5540540540540541,33,29,8,4,74
entry_max,low_is_2.6,0.9977190387029387,0.6666666666666666,0.5070422535211268,0.972972972972973,0.05405405405405406,0.5135135135135135,0.5135135135135136,36,35,2,1,74
entry_max,high_is_2.6,0.315188977485587,0.6666666666666666,0.5,1.0,0.0,0.5,0.5,37,37,0,0,74
entry_max,low_is_2.6,0.9999707452188019,0.6666666666666666,0.5,1.0,0.0,0.5,0.5,37,37,0,0,74
entry_max,low_is_2.6,0.9880346333367462,0.6666666666666665,0.5147058823529411,0.9459459459459459,0.10810810810810811,0.527027027027027,0.527027027027027,35,33,4,2,74
entry_max,high_is_2.6,0.44605041489322367,0.6605504587155964,0.5,0.972972972972973,0.02702702702702703,0.5,0.5,36,36,1,1,74
entry_max,low_is_2.6,0.9995864076009553,0.6605504587155964,0.5,0.972972972972973,0.02702702702702703,0.5,0.5,36,36,1,1,74
entry_max,low_is_2.6,0.9917595422260335,0.660377358490566,0.5072463768115942,0.9459459459459459,0.08108108108108109,0.5135135135135135,0.5135135135135135,35,34,3,2,74
entry_max,low_is_2.6,0.9679637362251319,0.6599999999999999,0.5238095238095238,0.8918918918918919,0.1891891891891892,0.5405405405405406,0.5405405405405406,33,30,7,4,74
entry_max,low_is_2.6,0.9284856818923479,0.6597938144329898,0.5333333333333333,0.8648648648648649,0.24324324324324326,0.5540540540540541,0.5540540540540541,32,28,9,5,74
entry_max,high_is_2.6,0.35353266291854657,0.6545454545454545,0.4931506849315068,0.972972972972973,0.0,0.4864864864864865,0.4864864864864865,36,37,0,1,74
entry_max,low_is_2.6,0.9998176476661826,0.6545454545454545,0.4931506849315068,0.972972972972973,0.0,0.4864864864864865,0.4864864864864865,36,37,0,1,74
entry_max,high_is_2.6,0.5206887643160644,0.6542056074766355,0.5,0.9459459459459459,0.05405405405405406,0.5,0.5,35,35,2,2,74
entry_max,low_is_2.6,0.9952179793282976,0.6542056074766355,0.5,0.9459459459459459,0.05405405405405406,0.5,0.5,35,35,2,2,74
entry_max,low_is_2.6,0.9810338645652478,0.6538461538461539,0.5074626865671642,0.918918918918919,0.10810810810810811,0.5135135135135135,0.5135135135135136,34,33,4,3,74
entry_max,low_is_2.6,0.9705870529405882,0.6534653465346535,0.515625,0.8918918918918919,0.16216216216216217,0.527027027027027,0.527027027027027,33,31,6,4,74
entry_max,high_is_2.6,0.6504578694113707,0.6530612244897959,0.5245901639344263,0.8648648648648649,0.21621621621621623,0.5405405405405406,0.5405405405405406,32,29,8,5,74
entry_max,low_is_2.6,0.9474746764338862,0.6530612244897959,0.5245901639344263,0.8648648648648649,0.21621621621621623,0.5405405405405406,0.5405405405405406,32,29,8,5,74
entry_max,low_is_2.6,0.9022637378843169,0.6526315789473685,0.5344827586206896,0.8378378378378378,0.2702702702702703,0.5540540540540541,0.5540540540540541,31,27,10,6,74
entry_max,high_is_2.6,0.5010328037246647,0.6481481481481483,0.49295774647887325,0.9459459459459459,0.02702702702702703,0.4864864864864865,0.4864864864864865,35,36,1,2,74
entry_max,high_is_2.6,0.5493681104982873,0.6476190476190476,0.5,0.918918918918919,0.08108108108108109,0.5,0.5,34,34,3,3,74
entry_max,low_is_2.6,0.9725596792707791,0.6470588235294117,0.5076923076923077,0.8918918918918919,0.13513513513513514,0.5135135135135135,0.5135135135135135,33,32,5,4,74
entry_max,high_is_2.6,0.6369882285135529,0.6464646464646465,0.5161290322580645,0.8648648648648649,0.1891891891891892,0.527027027027027,0.5270270270270271,32,30,7,5,74
entry_max,low_is_2.6,0.8775377974189383,0.6451612903225806,0.5357142857142857,0.8108108108108109,0.2972972972972973,0.5540540540540541,0.5540540540540541,30,26,11,7,74
entry_max,low_is_2.6,0.8167579480751799,0.6444444444444444,0.5471698113207547,0.7837837837837838,0.35135135135135137,0.5675675675675675,0.5675675675675675,29,24,13,8,74
entry_max,low_is_2.6,0.788388923143772,0.6428571428571429,0.574468085106383,0.7297297297297297,0.4594594594594595,0.5945945945945946,0.5945945945945946,27,20,17,10,74
entry_max,high_is_2.6,0.5438416794785317,0.6415094339622641,0.4927536231884058,0.918918918918919,0.05405405405405406,0.4864864864864865,0.4864864864864865,34,35,2,3,74
entry_max,low_is_2.6,0.9744497579358,0.6407766990291263,0.5,0.8918918918918919,0.10810810810810811,0.5,0.5,33,33,4,4,74
entry_max,high_is_2.6,0.6343864012619769,0.64,0.5079365079365079,0.8648648648648649,0.16216216216216217,0.5135135135135135,0.5135135135135136,32,31,6,5,74
entry_max,high_is_2.6,0.6630252260924485,0.6391752577319588,0.5166666666666667,0.8378378378378378,0.21621621621621623,0.527027027027027,0.527027027027027,31,29,8,6,74
entry_max,high_is_2.6,0.6690375931909331,0.6382978723404256,0.5263157894736842,0.8108108108108109,0.2702702702702703,0.5405405405405406,0.5405405405405406,30,27,10,7,74
entry_max,low_is_2.6,0.8960002323850822,0.6382978723404256,0.5263157894736842,0.8108108108108109,0.2702702702702703,0.5405405405405406,0.5405405405405406,30,27,10,7,74
entry_max,low_is_2.6,0.8289019942723224,0.6373626373626374,0.5370370370370371,0.7837837837837838,0.32432432432432434,0.5540540540540541,0.5540540540540541,29,25,12,8,74
entry_max,low_is_2.6,0.7979284353095198,0.6352941176470588,0.5625,0.7297297297297297,0.43243243243243246,0.581081081081081,0.5810810810810811,27,21,16,10,74
entry_max,high_is_2.6,0.5694926452913666,0.6346153846153846,0.4925373134328358,0.8918918918918919,0.08108108108108109,0.4864864864864865,0.4864864864864865,33,34,3,4,74
entry_max,low_is_2.6,0.7751328656669415,0.6341463414634145,0.5777777777777777,0.7027027027027027,0.4864864864864865,0.5945945945945946,0.5945945945945946,26,19,18,11,74
entry_max,high_is_2.6,0.6329439597183818,0.6336633663366337,0.5,0.8648648648648649,0.13513513513513514,0.5,0.5,32,32,5,5,74
entry_max,high_is_2.6,0.6672346631517733,0.631578947368421,0.5172413793103449,0.8108108108108109,0.24324324324324326,0.527027027027027,0.5270270270270271,30,28,9,7,74
entry_max,high_is_2.6,0.6748000687718346,0.6304347826086956,0.5272727272727272,0.7837837837837838,0.2972972972972973,0.5405405405405406,0.5405405405405406,29,26,11,8,74
entry_max,low_is_2.6,0.850397378956113,0.6304347826086956,0.5272727272727272,0.7837837837837838,0.2972972972972973,0.5405405405405406,0.5405405405405406,29,26,11,8,74
entry_max,low_is_2.6,0.8118361208453126,0.6292134831460674,0.5384615384615384,0.7567567567567568,0.35135135135135137,0.5540540540540541,0.5540540540540541,28,24,13,9,74
entry_max,low_is_2.6,0.8015964697602642,0.6279069767441859,0.5510204081632653,0.7297297297297297,0.40540540540540543,0.5675675675675675,0.5675675675675675,27,22,15,10,74
entry_max,high_is_2.6,0.6273683792862055,0.6274509803921569,0.49230769230769234,0.8648648648648649,0.10810810810810811,0.4864864864864865,0.4864864864864865,32,33,4,5,74
entry_max,low_is_2.6,0.7776482288263644,0.6265060240963856,0.5652173913043478,0.7027027027027027,0.4594594594594595,0.581081081081081,0.5810810810810811,26,20,17,11,74
entry_max,high_is_2.6,0.6656935675783844,0.6249999999999999,0.5084745762711864,0.8108108108108109,0.21621621621621623,0.5135135135135135,0.5135135135135136,30,29,8,7,74
entry_max,high_is_2.6,0.6718493714547051,0.6236559139784947,0.5178571428571429,0.7837837837837838,0.2702702702702703,0.527027027027027,0.527027027027027,29,27,10,8,74
entry_max,high_is_2.6,0.6781676613688186,0.6222222222222221,0.5283018867924528,0.7567567567567568,0.32432432432432434,0.5405405405405406,0.5405405405405406,28,25,12,9,74
entry_max,high_is_2.6,0.6057739276177293,0.6213592233009709,0.48484848484848486,0.8648648648648649,0.08108108108108109,0.47297297297297297,0.472972972972973,32,34,3,5,74
entry_max,low_is_2.6,0.8047449379950699,0.6206896551724138,0.54,0.7297297297297297,0.3783783783783784,0.5540540540540541,0.5540540540540541,27,23,14,10,74
entry_max,low_is_2.6,0.7729666294816955,0.617283950617284,0.5681818181818182,0.6756756756756757,0.4864864864864865,0.581081081081081,0.5810810810810811,25,19,18,12,74
entry_max,high_is_2.6,0.67656539636229,0.6153846153846154,0.5185185185185185,0.7567567567567568,0.2972972972972973,0.527027027027027,0.5270270270270271,28,26,11,9,74
entry_max,low_is_2.6,0.8071477223425698,0.6136363636363636,0.5294117647058824,0.7297297297297297,0.35135135135135137,0.5405405405405406,0.5405405405405406,27,24,13,10,74
entry_max,high_is_2.6,0.6801245665254836,0.6067415730337079,0.5192307692307693,0.7297297297297297,0.32432432432432434,0.527027027027027,0.527027027027027,27,25,12,10,74
entry_max,low_is_2.6,0.7700877714494319,0.6,0.5581395348837209,0.6486486486486487,0.4864864864864865,0.5675675675675675,0.5675675675675675,24,19,18,13,74
entry_max,high_is_2.6,0.6815991247453266,0.5909090909090909,0.5098039215686274,0.7027027027027027,0.32432432432432434,0.5135135135135135,0.5135135135135136,26,25,12,11,74
entry_max,low_is_2.6,0.768799610895497,0.5822784810126581,0.5476190476190477,0.6216216216216216,0.4864864864864865,0.5540540540540541,0.5540540540540541,23,19,18,14,74
entry_max,high_is_2.6,0.6849298983033063,0.5813953488372092,0.5102040816326531,0.6756756756756757,0.35135135135135137,0.5135135135135135,0.5135135135135135,25,24,13,12,74
entry_max,high_is_2.6,0.6830876086763789,0.5747126436781609,0.5,0.6756756756756757,0.32432432432432434,0.5,0.5,25,25,12,12,74
entry_max,high_is_2.6,0.6863773212684363,0.5647058823529412,0.5,0.6486486486486487,0.35135135135135137,0.5,0.5,24,24,13,13,74
entry_max,low_is_2.6,0.76679170070303,0.5641025641025641,0.5365853658536586,0.5945945945945946,0.4864864864864865,0.5405405405405406,0.5405405405405406,22,19,18,15,74
entry_max,low_is_2.6,0.7603198713270412,0.5599999999999999,0.5526315789473685,0.5675675675675675,0.5405405405405406,0.5540540540540541,0.5540540540540541,21,17,20,16,74
entry_max,low_is_2.6,0.761587929139792,0.5526315789473685,0.5384615384615384,0.5675675675675675,0.5135135135135135,0.5405405405405406,0.5405405405405406,21,18,19,16,74
entry_max,low_is_2.6,0.742103770933382,0.547945205479452,0.5555555555555556,0.5405405405405406,0.5675675675675675,0.5540540540540541,0.5540540540540541,20,16,21,17,74
entry_max,high_is_2.6,0.6893069427167885,0.5476190476190476,0.48936170212765956,0.6216216216216216,0.35135135135135137,0.4864864864864865,0.4864864864864865,23,24,13,14,74
entry_max,low_is_2.6,0.763386905058293,0.5454545454545455,0.525,0.5675675675675675,0.4864864864864865,0.527027027027027,0.527027027027027,21,19,18,16,74
entry_max,low_is_2.6,0.7541615000589238,0.5405405405405406,0.5405405405405406,0.5405405405405406,0.5405405405405406,0.5405405405405406,0.5405405405405406,20,17,20,17,74
entry_max,high_is_2.6,0.6951736667895976,0.5301204819277109,0.4782608695652174,0.5945945945945946,0.35135135135135137,0.47297297297297297,0.472972972972973,22,24,13,15,74
entry_max,low_is_2.6,0.733125021756046,0.5277777777777778,0.5428571428571428,0.5135135135135135,0.5675675675675675,0.5405405405405406,0.5405405405405406,19,16,21,18,74
entry_max,low_is_2.6,0.7151010430073387,0.5217391304347827,0.5625,0.4864864864864865,0.6216216216216216,0.5540540540540541,0.5540540540540541,18,14,23,19,74
entry_max,high_is_2.6,0.702423446922537,0.5185185185185185,0.4772727272727273,0.5675675675675675,0.3783783783783784,0.47297297297297297,0.47297297297297297,21,23,14,16,74
entry_max,low_is_2.6,0.7234764737383639,0.5142857142857143,0.5454545454545454,0.4864864864864865,0.5945945945945946,0.5405405405405406,0.5405405405405406,18,15,22,19,74
entry_max,high_is_2.6,0.6984228495691385,0.5121951219512195,0.4666666666666667,0.5675675675675675,0.35135135135135137,0.4594594594594595,0.45945945945945943,21,24,13,16,74
entry_max,low_is_2.6,0.7294738947415234,0.5070422535211269,0.5294117647058824,0.4864864864864865,0.5675675675675675,0.527027027027027,0.527027027027027,18,16,21,19,74
entry_max,low_is_2.6,0.7087682113405687,0.5,0.5483870967741935,0.4594594594594595,0.6216216216216216,0.5405405405405406,0.5405405405405406,17,14,23,20,74
entry_max,high_is_2.6,0.7087682113405687,0.5,0.46511627906976744,0.5405405405405406,0.3783783783783784,0.4594594594594595,0.4594594594594595,20,23,14,17,74
entry_max,high_is_2.6,0.7294738947415234,0.4935064935064935,0.475,0.5135135135135135,0.43243243243243246,0.47297297297297297,0.47297297297297297,19,21,16,18,74
entry_max,high_is_2.6,0.7234764737383639,0.48717948717948717,0.4634146341463415,0.5135135135135135,0.40540540540540543,0.4594594594594595,0.45945945945945943,19,22,15,18,74
entry_max,low_is_2.6,0.6984228495691385,0.48484848484848486,0.5517241379310345,0.43243243243243246,0.6486486486486487,0.5405405405405406,0.5405405405405406,16,13,24,21,74
entry_max,high_is_2.6,0.7151010430073387,0.48101265822784806,0.4523809523809524,0.5135135135135135,0.3783783783783784,0.44594594594594594,0.44594594594594594,19,23,14,18,74
entry_max,low_is_2.6,0.702423446922537,0.47761194029850745,0.5333333333333333,0.43243243243243246,0.6216216216216216,0.527027027027027,0.527027027027027,16,14,23,21,74
entry_max,high_is_2.6,0.733125021756046,0.47368421052631576,0.46153846153846156,0.4864864864864865,0.43243243243243246,0.4594594594594595,0.4594594594594595,18,21,16,19,74
entry_max,low_is_2.6,0.6951736667895976,0.46153846153846156,0.5357142857142857,0.40540540540540543,0.6486486486486487,0.527027027027027,0.5270270270270271,15,13,24,22,74
entry_max,high_is_2.6,0.7541615000589238,0.4594594594594595,0.4594594594594595,0.4594594594594595,0.4594594594594595,0.4594594594594595,0.4594594594594595,17,20,17,20,74
entry_max,high_is_2.6,0.742103770933382,0.45333333333333337,0.4473684210526316,0.4594594594594595,0.43243243243243246,0.44594594594594594,0.44594594594594594,17,21,16,20,74
entry_max,high_is_2.6,0.763386905058293,0.4507042253521127,0.47058823529411764,0.43243243243243246,0.5135135135135135,0.47297297297297297,0.47297297297297297,16,18,19,21,74
entry_max,high_is_2.6,0.761587929139792,0.4444444444444445,0.45714285714285713,0.43243243243243246,0.4864864864864865,0.4594594594594595,0.4594594594594595,16,19,18,21,74
entry_max,high_is_2.6,0.7603198713270412,0.4383561643835616,0.4444444444444444,0.43243243243243246,0.4594594594594595,0.44594594594594594,0.44594594594594594,16,20,17,21,74
entry_max,low_is_2.6,0.6893069427167885,0.4375,0.5185185185185185,0.3783783783783784,0.6486486486486487,0.5135135135135135,0.5135135135135136,14,13,24,23,74
entry_max,high_is_2.6,0.76679170070303,0.42857142857142855,0.45454545454545453,0.40540540540540543,0.5135135135135135,0.4594594594594595,0.45945945945945943,15,18,19,22,74
entry_max,low_is_2.6,0.6863773212684363,0.41269841269841273,0.5,0.35135135135135137,0.6486486486486487,0.5,0.5,13,13,24,24,74
entry_max,high_is_2.6,0.768799610895497,0.40579710144927533,0.4375,0.3783783783783784,0.5135135135135135,0.44594594594594594,0.44594594594594594,14,18,19,23,74
entry_max,low_is_2.6,0.6830876086763789,0.39344262295081966,0.5,0.32432432432432434,0.6756756756756757,0.5,0.5,12,12,25,25,74
entry_max,low_is_2.6,0.6849298983033063,0.3870967741935484,0.48,0.32432432432432434,0.6486486486486487,0.4864864864864865,0.4864864864864865,12,13,24,25,74
entry_max,high_is_2.6,0.7700877714494319,0.38235294117647056,0.41935483870967744,0.35135135135135137,0.5135135135135135,0.43243243243243246,0.43243243243243246,13,18,19,24,74
entry_max,low_is_2.6,0.6815991247453266,0.3666666666666667,0.4782608695652174,0.2972972972972973,0.6756756756756757,0.4864864864864865,0.4864864864864865,11,12,25,26,74
entry_max,high_is_2.6,0.7729666294816955,0.3582089552238806,0.4,0.32432432432432434,0.5135135135135135,0.4189189189189189,0.4189189189189189,12,18,19,25,74
entry_max,low_is_2.6,0.6801245665254836,0.33898305084745767,0.45454545454545453,0.2702702702702703,0.6756756756756757,0.47297297297297297,0.47297297297297297,10,12,25,27,74
entry_max,high_is_2.6,0.7776482288263644,0.3384615384615385,0.39285714285714285,0.2972972972972973,0.5405405405405406,0.4189189189189189,0.41891891891891897,11,17,20,26,74
entry_max,high_is_2.6,0.7751328656669415,0.33333333333333337,0.3793103448275862,0.2972972972972973,0.5135135135135135,0.40540540540540543,0.4054054054054054,11,18,19,26,74
entry_max,high_is_2.6,0.8071477223425698,0.3333333333333333,0.43478260869565216,0.2702702702702703,0.6486486486486487,0.4594594594594595,0.4594594594594595,10,13,24,27,74
entry_max,high_is_2.6,0.8047449379950699,0.3278688524590164,0.4166666666666667,0.2702702702702703,0.6216216216216216,0.44594594594594594,0.44594594594594594,10,14,23,27,74
entry_max,high_is_2.6,0.8015964697602642,0.3225806451612903,0.4,0.2702702702702703,0.5945945945945946,0.43243243243243246,0.43243243243243246,10,15,22,27,74
entry_max,high_is_2.6,0.7979284353095198,0.31746031746031744,0.38461538461538464,0.2702702702702703,0.5675675675675675,0.4189189189189189,0.4189189189189189,10,16,21,27,74
entry_max,low_is_2.6,0.67656539636229,0.3157894736842105,0.45,0.24324324324324326,0.7027027027027027,0.47297297297297297,0.472972972972973,9,11,26,28,74
entry_max,high_is_2.6,0.788388923143772,0.3125,0.37037037037037035,0.2702702702702703,0.5405405405405406,0.40540540540540543,0.40540540540540543,10,17,20,27,74
entry_max,low_is_2.6,0.6781676613688186,0.3103448275862069,0.42857142857142855,0.24324324324324326,0.6756756756756757,0.4594594594594595,0.45945945945945943,9,12,25,28,74
entry_max,high_is_2.6,0.8118361208453126,0.3050847457627119,0.4090909090909091,0.24324324324324326,0.6486486486486487,0.44594594594594594,0.44594594594594594,9,13,24,28,74
entry_max,low_is_2.6,0.6718493714547051,0.2909090909090909,0.4444444444444444,0.21621621621621623,0.7297297297297297,0.47297297297297297,0.47297297297297297,8,10,27,29,74
entry_max,high_is_2.6,0.850397378956113,0.28571428571428575,0.42105263157894735,0.21621621621621623,0.7027027027027027,0.4594594594594595,0.4594594594594595,8,11,26,29,74
entry_max,low_is_2.6,0.6748000687718346,0.28571428571428575,0.42105263157894735,0.21621621621621623,0.7027027027027027,0.4594594594594595,0.4594594594594595,8,11,26,29,74
entry_max,high_is_2.6,0.8289019942723224,0.2807017543859649,0.4,0.21621621621621623,0.6756756756756757,0.44594594594594594,0.44594594594594594,8,12,25,29,74
entry_max,high_is_2.6,0.8167579480751799,0.27586206896551724,0.38095238095238093,0.21621621621621623,0.6486486486486487,0.43243243243243246,0.43243243243243246,8,13,24,29,74
entry_max,low_is_2.6,0.6656935675783844,0.2692307692307693,0.4666666666666667,0.1891891891891892,0.7837837837837838,0.4864864864864865,0.4864864864864865,7,8,29,30,74
entry_max,low_is_2.6,0.6672346631517733,0.2641509433962264,0.4375,0.1891891891891892,0.7567567567567568,0.47297297297297297,0.472972972972973,7,9,28,30,74
entry_max,high_is_2.6,0.8960002323850822,0.2592592592592593,0.4117647058823529,0.1891891891891892,0.7297297297297297,0.4594594594594595,0.45945945945945943,7,10,27,30,74
entry_max,low_is_2.6,0.6690375931909331,0.2592592592592593,0.4117647058823529,0.1891891891891892,0.7297297297297297,0.4594594594594595,0.45945945945945943,7,10,27,30,74
entry_max,high_is_2.6,0.8775377974189383,0.2545454545454546,0.3888888888888889,0.1891891891891892,0.7027027027027027,0.44594594594594594,0.44594594594594594,7,11,26,30,74
entry_max,low_is_2.6,0.6630252260924485,0.23529411764705885,0.42857142857142855,0.16216216216216217,0.7837837837837838,0.47297297297297297,0.47297297297297297,6,8,29,31,74
entry_max,high_is_2.6,0.9022637378843169,0.22641509433962265,0.375,0.16216216216216217,0.7297297297297297,0.44594594594594594,0.44594594594594594,6,10,27,31,74
entry_max,low_is_2.6,0.6057739276177293,0.22222222222222224,0.625,0.13513513513513514,0.918918918918919,0.527027027027027,0.5270270270270271,5,3,34,32,74
entry_max,low_is_2.6,0.6273683792862055,0.2173913043478261,0.5555555555555556,0.13513513513513514,0.8918918918918919,0.5135135135135135,0.5135135135135135,5,4,33,32,74
entry_max,low_is_2.6,0.6329439597183818,0.21276595744680854,0.5,0.13513513513513514,0.8648648648648649,0.5,0.5,5,5,32,32,74
entry_max,low_is_2.6,0.6343864012619769,0.20833333333333334,0.45454545454545453,0.13513513513513514,0.8378378378378378,0.4864864864864865,0.4864864864864865,5,6,31,32,74
entry_max,low_is_2.6,0.6369882285135529,0.20408163265306126,0.4166666666666667,0.13513513513513514,0.8108108108108109,0.47297297297297297,0.472972972972973,5,7,30,32,74
entry_max,high_is_2.6,0.9474746764338862,0.2,0.38461538461538464,0.13513513513513514,0.7837837837837838,0.4594594594594595,0.45945945945945943,5,8,29,32,74
entry_max,low_is_2.6,0.6504578694113707,0.2,0.38461538461538464,0.13513513513513514,0.7837837837837838,0.4594594594594595,0.45945945945945943,5,8,29,32,74
entry_max,high_is_2.6,0.9284856818923479,0.19607843137254902,0.35714285714285715,0.13513513513513514,0.7567567567567568,0.44594594594594594,0.44594594594594594,5,9,28,32,74
entry_max,high_is_2.6,0.915552273197846,0.1923076923076923,0.3333333333333333,0.13513513513513514,0.7297297297297297,0.43243243243243246,0.43243243243243246,5,10,27,32,74
entry_max,low_is_2.6,0.5694926452913666,0.18181818181818182,0.5714285714285714,0.10810810810810811,0.918918918918919,0.5135135135135135,0.5135135135135136,4,3,34,33,74
entry_max,high_is_2.6,0.9744497579358,0.17777777777777778,0.5,0.10810810810810811,0.8918918918918919,0.5,0.5,4,4,33,33,74
entry_max,high_is_2.6,0.9725596792707791,0.17391304347826086,0.4444444444444444,0.10810810810810811,0.8648648648648649,0.4864864864864865,0.4864864864864865,4,5,32,33,74
entry_max,high_is_2.6,0.9705870529405882,0.1702127659574468,0.4,0.10810810810810811,0.8378378378378378,0.47297297297297297,0.47297297297297297,4,6,31,33,74
entry_max,high_is_2.6,0.9679637362251319,0.16666666666666669,0.36363636363636365,0.10810810810810811,0.8108108108108109,0.4594594594594595,0.4594594594594595,4,7,30,33,74
entry_max,high_is_2.6,0.9647417292368834,0.163265306122449,0.3333333333333333,0.10810810810810811,0.7837837837837838,0.44594594594594594,0.44594594594594594,4,8,29,33,74
entry_max,low_is_2.6,0.5438416794785317,0.14285714285714288,0.6,0.08108108108108109,0.9459459459459459,0.5135135135135135,0.5135135135135135,3,2,35,34,74
entry_max,low_is_2.6,0.5493681104982873,0.13953488372093023,0.5,0.08108108108108109,0.918918918918919,0.5,0.5,3,3,34,34,74
entry_max,high_is_2.6,0.9810338645652478,0.13636363636363638,0.42857142857142855,0.08108108108108109,0.8918918918918919,0.4864864864864865,0.4864864864864865,3,4,33,34,74
entry_max,low_is_2.6,0.5010328037246647,0.1,0.6666666666666666,0.05405405405405406,0.972972972972973,0.5135135135135135,0.5135135135135136,2,1,36,35,74
entry_max,high_is_2.6,0.9952179793282976,0.0975609756097561,0.5,0.05405405405405406,0.9459459459459459,0.5,0.5,2,2,35,35,74
entry_max,low_is_2.6,0.5206887643160644,0.0975609756097561,0.5,0.05405405405405406,0.9459459459459459,0.5,0.5,2,2,35,35,74
entry_max,high_is_2.6,0.9917595422260335,0.09523809523809523,0.4,0.05405405405405406,0.918918918918919,0.4864864864864865,0.4864864864864865,2,3,34,35,74
entry_max,high_is_2.6,0.9880346333367462,0.09302325581395349,0.3333333333333333,0.05405405405405406,0.8918918918918919,0.47297297297297297,0.47297297297297297,2,4,33,35,74
entry_max,high_is_2.6,0.9998176476661826,0.052631578947368425,1.0,0.02702702702702703,1.0,0.5135135135135135,0.5135135135135135,1,0,37,36,74
entry_max,high_is_2.6,0.9999707452188019,0.052631578947368425,1.0,0.02702702702702703,1.0,0.5135135135135135,0.5135135135135135,1,0,37,36,74
entry_max,low_is_2.6,0.315188977485587,0.052631578947368425,1.0,0.02702702702702703,1.0,0.5135135135135135,0.5135135135135135,1,0,37,36,74
entry_max,low_is_2.6,0.35353266291854657,0.052631578947368425,1.0,0.02702702702702703,1.0,0.5135135135135135,0.5135135135135135,1,0,37,36,74
entry_max,high_is_2.6,0.9995864076009553,0.05128205128205129,0.5,0.02702702702702703,0.972972972972973,0.5,0.5,1,1,36,36,74
entry_max,low_is_2.6,0.44605041489322367,0.05128205128205129,0.5,0.02702702702702703,0.972972972972973,0.5,0.5,1,1,36,36,74
entry_max,high_is_2.6,0.9977190387029387,0.05,0.3333333333333333,0.02702702702702703,0.9459459459459459,0.4864864864864865,0.4864864864864865,1,2,35,36,74
entry_mean,low_is_2.6,0.3255864997387159,0.68,0.5396825396825397,0.918918918918919,0.21621621621621623,0.5675675675675675,0.5675675675675675,34,29,8,3,74
entry_mean,low_is_2.6,0.3044824500473146,0.6736842105263158,0.5517241379310345,0.8648648648648649,0.2972972972972973,0.581081081081081,0.5810810810810811,32,26,11,5,74
entry_mean,low_is_2.6,0.3161096705013736,0.673469387755102,0.5409836065573771,0.8918918918918919,0.24324324324324326,0.5675675675675675,0.5675675675675675,33,28,9,4,74
entry_mean,low_is_2.6,0.33092183407223075,0.6732673267326733,0.53125,0.918918918918919,0.1891891891891892,0.5540540540540541,0.5540540540540541,34,30,7,3,74
entry_mean,low_is_2.6,0.43538716468263466,0.6727272727272727,0.5068493150684932,1.0,0.02702702702702703,0.5135135135135135,0.5135135135135135,37,36,1,0,74
entry_mean,low_is_2.6,0.31051940101224385,0.6666666666666667,0.5423728813559322,0.8648648648648649,0.2702702702702703,0.5675675675675675,0.5675675675675675,32,27,10,5,74
entry_mean,low_is_2.6,0.3196722812283645,0.6666666666666666,0.532258064516129,0.8918918918918919,0.21621621621621623,0.5540540540540541,0.5540540540540541,33,29,8,4,74
entry_mean,low_is_2.6,0.334013087341858,0.6666666666666666,0.5230769230769231,0.918918918918919,0.16216216216216217,0.5405405405405406,0.5405405405405406,34,31,6,3,74
entry_mean,high_is_2.6,0.05760400797076374,0.6666666666666666,0.5,1.0,0.0,0.5,0.5,37,37,0,0,74
entry_mean,low_is_2.6,0.46342291001043356,0.6666666666666666,0.5,1.0,0.0,0.5,0.5,37,37,0,0,74
entry_mean,high_is_2.6,0.10280010535357004,0.6605504587155964,0.5,0.972972972972973,0.02702702702702703,0.5,0.5,36,36,1,1,74
entry_mean,low_is_2.6,0.38150392030819236,0.6605504587155964,0.5,0.972972972972973,0.02702702702702703,0.5,0.5,36,36,1,1,74
entry_mean,high_is_2.6,0.1202199910186556,0.660377358490566,0.5072463768115942,0.9459459459459459,0.08108108108108109,0.5135135135135135,0.5135135135135135,35,34,3,2,74
entry_mean,low_is_2.6,0.34892555643005807,0.660377358490566,0.5072463768115942,0.9459459459459459,0.08108108108108109,0.5135135135135135,0.5135135135135135,35,34,3,2,74
entry_mean,low_is_2.6,0.33631749654475707,0.6601941747572816,0.5151515151515151,0.918918918918919,0.13513513513513514,0.527027027027027,0.5270270270270271,34,32,5,3,74
entry_mean,low_is_2.6,0.31429875197695634,0.6597938144329898,0.5333333333333333,0.8648648648648649,0.24324324324324326,0.5540540540540541,0.5540540540540541,32,28,9,5,74
entry_mean,low_is_2.6,0.29875288064728794,0.6595744680851063,0.543859649122807,0.8378378378378378,0.2972972972972973,0.5675675675675675,0.5675675675675675,31,26,11,6,74
entry_mean,high_is_2.6,0.08002459408076312,0.6545454545454545,0.4931506849315068,0.972972972972973,0.0,0.4864864864864865,0.4864864864864865,36,37,0,1,74
entry_mean,high_is_2.6,0.10779463107536973,0.6542056074766355,0.5,0.9459459459459459,0.05405405405405406,0.5,0.5,35,35,2,2,74
entry_mean,low_is_2.6,0.3510110377439574,0.6542056074766355,0.5,0.9459459459459459,0.05405405405405406,0.5,0.5,35,35,2,2,74
entry_mean,low_is_2.6,0.3401662434797178,0.6538461538461539,0.5074626865671642,0.918918918918919,0.10810810810810811,0.5135135135135135,0.5135135135135136,34,33,4,3,74
entry_mean,low_is_2.6,0.29329062501650177,0.6521739130434782,0.5454545454545454,0.8108108108108109,0.32432432432432434,0.5675675675675675,0.5675675675675675,30,25,12,7,74
entry_mean,high_is_2.6,0.10418027213588266,0.6481481481481483,0.49295774647887325,0.9459459459459459,0.02702702702702703,0.4864864864864865,0.4864864864864865,35,36,1,2,74
entry_mean,low_is_2.6,0.3543048471062751,0.6481481481481483,0.49295774647887325,0.9459459459459459,0.02702702702702703,0.4864864864864865,0.4864864864864865,35,36,1,2,74
entry_mean,high_is_2.6,0.13493594052988778,0.6476190476190476,0.5,0.918918918918919,0.08108108108108109,0.5,0.5,34,34,3,3,74
entry_mean,low_is_2.6,0.34577644229574095,0.6476190476190476,0.5,0.918918918918919,0.08108108108108109,0.5,0.5,34,34,3,3,74
entry_mean,low_is_2.6,0.29611696441114044,0.6451612903225806,0.5357142857142857,0.8108108108108109,0.2972972972972973,0.5540540540540541,0.5540540540540541,30,26,11,7,74
entry_mean,low_is_2.6,0.29003302247508117,0.6373626373626374,0.5370370370370371,0.7837837837837838,0.32432432432432434,0.5540540540540541,0.5540540540540541,29,25,12,8,74
entry_mean,high_is_2.6,0.14121841932038565,0.6346153846153846,0.4925373134328358,0.8918918918918919,0.08108108108108109,0.4864864864864865,0.4864864864864865,33,34,3,4,74
entry_mean,low_is_2.6,0.2856132246758997,0.6292134831460674,0.5384615384615384,0.7567567567567568,0.35135135135135137,0.5540540540540541,0.5540540540540541,28,24,13,9,74
entry_mean,low_is_2.6,0.28837094917346245,0.6222222222222221,0.5283018867924528,0.7567567567567568,0.32432432432432434,0.5405405405405406,0.5405405405405406,28,25,12,9,74
entry_mean,high_is_2.6,0.14571974066611942,0.6213592233009709,0.48484848484848486,0.8648648648648649,0.08108108108108109,0.47297297297297297,0.472972972972973,32,34,3,5,74
entry_mean,low_is_2.6,0.27858048199360186,0.6206896551724138,0.54,0.7297297297297297,0.3783783783783784,0.5540540540540541,0.5540540540540541,27,23,14,10,74
entry_mean,high_is_2.6,0.19490172012215207,0.6185567010309277,0.5,0.8108108108108109,0.1891891891891892,0.5,0.5,30,30,7,7,74
entry_mean,high_is_2.6,0.20408976745715707,0.6170212765957447,0.5087719298245614,0.7837837837837838,0.24324324324324326,0.5135135135135135,0.5135135135135135,29,28,9,8,74
entry_mean,low_is_2.6,0.28344701096467717,0.6136363636363636,0.5294117647058824,0.7297297297297297,0.35135135135135137,0.5405405405405406,0.5405405405405406,27,24,13,10,74
entry_mean,high_is_2.6,0.1914545330917119,0.6122448979591837,0.4918032786885246,0.8108108108108109,0.16216216216216217,0.4864864864864865,0.4864864864864865,30,31,6,7,74
entry_mean,high_is_2.6,0.20314259349688807,0.6105263157894737,0.5,0.7837837837837838,0.21621621621621623,0.5,0.5,29,29,8,8,74
entry_mean,high_is_2.6,0.20650360006955448,0.608695652173913,0.509090909090909,0.7567567567567568,0.2702702702702703,0.5135135135135135,0.5135135135135136,28,27,10,9,74
entry_mean,high_is_2.6,0.1538297890450312,0.607843137254902,0.47692307692307695,0.8378378378378378,0.08108108108108109,0.4594594594594595,0.45945945945945943,31,34,3,6,74
entry_mean,high_is_2.6,0.18952587122409753,0.606060606060606,0.4838709677419355,0.8108108108108109,0.13513513513513514,0.47297297297297297,0.472972972972973,30,32,5,7,74
entry_mean,low_is_2.6,0.2717652601118515,0.6046511627906977,0.5306122448979592,0.7027027027027027,0.3783783783783784,0.5405405405405406,0.5405405405405406,26,23,14,11,74
entry_mean,high_is_2.6,0.1994170288795981,0.6041666666666666,0.4915254237288136,0.7837837837837838,0.1891891891891892,0.4864864864864865,0.4864864864864865,29,30,7,8,74
entry_mean,high_is_2.6,0.20493607980996406,0.6021505376344086,0.5,0.7567567567567568,0.24324324324324326,0.5,0.5,28,28,9,9,74
entry_mean,high_is_2.6,0.18352042277871233,0.6,0.47619047619047616,0.8108108108108109,0.10810810810810811,0.4594594594594595,0.4594594594594595,30,33,4,7,74
entry_mean,low_is_2.6,0.26545629947634986,0.5952380952380952,0.5319148936170213,0.6756756756756757,0.40540540540540543,0.5405405405405406,0.5405405405405406,25,22,15,12,74
entry_mean,high_is_2.6,0.16822394908099628,0.594059405940594,0.46875,0.8108108108108109,0.08108108108108109,0.44594594594594594,0.44594594594594594,30,34,3,7,74
entry_mean,high_is_2.6,0.2083183799755638,0.5934065934065933,0.5,0.7297297297297297,0.2702702702702703,0.5,0.5,27,27,10,10,74
entry_mean,high_is_2.6,0.21234626609157733,0.5909090909090909,0.5098039215686274,0.7027027027027027,0.32432432432432434,0.5135135135135135,0.5135135135135136,26,25,12,11,74
entry_mean,low_is_2.6,0.2686586893841554,0.5882352941176472,0.5208333333333334,0.6756756756756757,0.3783783783783784,0.527027027027027,0.527027027027027,25,23,14,12,74
entry_mean,high_is_2.6,0.2108325331758862,0.5842696629213484,0.5,0.7027027027027027,0.2972972972972973,0.5,0.5,26,26,11,11,74
entry_mean,high_is_2.6,0.21439901415645243,0.5813953488372092,0.5102040816326531,0.6756756756756757,0.35135135135135137,0.5135135135135135,0.5135135135135135,25,24,13,12,74
entry_mean,low_is_2.6,0.2623743745257655,0.5783132530120482,0.5217391304347826,0.6486486486486487,0.40540540540540543,0.527027027027027,0.5270270270270271,24,22,15,13,74
entry_mean,high_is_2.6,0.20932451653572035,0.5777777777777777,0.49056603773584906,0.7027027027027027,0.2702702702702703,0.4864864864864865,0.4864864864864865,26,27,10,11,74
entry_mean,high_is_2.6,0.21327456042957127,0.5747126436781609,0.5,0.6756756756756757,0.32432432432432434,0.5,0.5,25,25,12,12,74
entry_mean,high_is_2.6,0.21486556439530868,0.5647058823529412,0.5,0.6486486486486487,0.35135135135135137,0.5,0.5,24,24,13,13,74
entry_mean,low_is_2.6,0.2588882004370553,0.5609756097560976,0.5111111111111111,0.6216216216216216,0.40540540540540543,0.5135135135135135,0.5135135135135135,23,22,15,14,74
entry_mean,low_is_2.6,0.24960262553214219,0.55,0.5116279069767442,0.5945945945945946,0.43243243243243246,0.5135135135135135,0.5135135135135136,22,21,16,15,74
entry_mean,high_is_2.6,0.21557713718318777,0.5476190476190476,0.48936170212765956,0.6216216216216216,0.35135135135135137,0.4864864864864865,0.4864864864864865,23,24,13,14,74
entry_mean,low_is_2.6,0.254005861925374,0.5432098765432098,0.5,0.5945945945945946,0.40540540540540543,0.5,0.5,22,22,15,15,74
entry_mean,high_is_2.6,0.22317499189793355,0.5384615384615384,0.5121951219512195,0.5675675675675675,0.4594594594594595,0.5135135135135135,0.5135135135135135,21,20,17,16,74
entry_mean,high_is_2.6,0.22202671143290356,0.5316455696202531,0.5,0.5675675675675675,0.43243243243243246,0.5,0.5,21,21,16,16,74
entry_mean,low_is_2.6,0.24670839716409804,0.5316455696202531,0.5,0.5675675675675675,0.43243243243243246,0.5,0.5,21,21,16,16,74
entry_mean,high_is_2.6,0.21697009867671627,0.5301204819277109,0.4782608695652174,0.5945945945945946,0.35135135135135137,0.47297297297297297,0.472972972972973,22,24,13,15,74
entry_mean,high_is_2.6,0.2206807705649692,0.525,0.4883720930232558,0.5675675675675675,0.40540540540540543,0.4864864864864865,0.4864864864864865,21,22,15,16,74
entry_mean,high_is_2.6,0.22323568852195885,0.5194805194805195,0.5,0.5405405405405406,0.4594594594594595,0.5,0.5,20,20,17,17,74
entry_mean,high_is_2.6,0.2193267168026788,0.5185185185185185,0.4772727272727273,0.5675675675675675,0.3783783783783784,0.47297297297297297,0.47297297297297297,21,23,14,16,74
entry_mean,high_is_2.6,0.2276636234814498,0.5135135135135135,0.5135135135135135,0.5135135135135135,0.5135135135135135,0.5135135135135135,0.5135135135135135,19,18,19,18,74
entry_mean,low_is_2.6,0.24421939324171324,0.5128205128205128,0.4878048780487805,0.5405405405405406,0.43243243243243246,0.4864864864864865,0.4864864864864865,20,21,16,17,74
entry_mean,high_is_2.6,0.21802593433486775,0.5121951219512195,0.4666666666666667,0.5675675675675675,0.35135135135135137,0.4594594594594595,0.45945945945945943,21,24,13,16,74
entry_mean,high_is_2.6,0.23848273053175517,0.5070422535211269,0.5294117647058824,0.4864864864864865,0.5675675675675675,0.527027027027027,0.527027027027027,18,16,21,19,74
entry_mean,high_is_2.6,0.2262629616573743,0.5066666666666666,0.5,0.5135135135135135,0.4864864864864865,0.5,0.5,19,19,18,18,74
entry_mean,low_is_2.6,0.22884117715912114,0.5066666666666666,0.5,0.5135135135135135,0.4864864864864865,0.5,0.5,19,19,18,18,74
entry_mean,high_is_2.6,0.23207824951010295,0.5,0.5142857142857142,0.4864864864864865,0.5405405405405406,0.5135135135135135,0.5135135135135136,18,17,20,19,74
entry_mean,low_is_2.6,0.22447180735348027,0.5,0.5142857142857142,0.4864864864864865,0.5405405405405406,0.5135135135135135,0.5135135135135136,18,17,20,19,74
entry_mean,high_is_2.6,0.22447180735348027,0.5,0.48717948717948717,0.5135135135135135,0.4594594594594595,0.4864864864864865,0.4864864864864865,19,20,17,18,74
entry_mean,low_is_2.6,0.23207824951010295,0.5,0.48717948717948717,0.5135135135135135,0.4594594594594595,0.4864864864864865,0.4864864864864865,19,20,17,18,74
entry_mean,low_is_2.6,0.23848273053175517,0.4935064935064935,0.475,0.5135135135135135,0.43243243243243246,0.47297297297297297,0.47297297297297297,19,21,16,18,74
entry_mean,high_is_2.6,0.22884117715912114,0.4931506849315069,0.5,0.4864864864864865,0.5135135135135135,0.5,0.5,18,18,19,19,74
entry_mean,low_is_2.6,0.2262629616573743,0.4931506849315069,0.5,0.4864864864864865,0.5135135135135135,0.5,0.5,18,18,19,19,74
entry_mean,low_is_2.6,0.2276636234814498,0.4864864864864865,0.4864864864864865,0.4864864864864865,0.4864864864864865,0.4864864864864865,0.4864864864864865,18,19,18,19,74
entry_mean,high_is_2.6,0.24421939324171324,0.48571428571428577,0.5151515151515151,0.4594594594594595,0.5675675675675675,0.5135135135135135,0.5135135135135135,17,16,21,20,74
entry_mean,low_is_2.6,0.21802593433486775,0.48484848484848486,0.5517241379310345,0.43243243243243246,0.6486486486486487,0.5405405405405406,0.5405405405405406,16,13,24,21,74
entry_mean,low_is_2.6,0.22323568852195885,0.47887323943661975,0.5,0.4594594594594595,0.5405405405405406,0.5,0.5,17,17,20,20,74
entry_mean,low_is_2.6,0.2193267168026788,0.47761194029850745,0.5333333333333333,0.43243243243243246,0.6216216216216216,0.527027027027027,0.527027027027027,16,14,23,21,74
entry_mean,low_is_2.6,0.2206807705649692,0.47058823529411764,0.5161290322580645,0.43243243243243246,0.5945945945945946,0.5135135135135135,0.5135135135135136,16,15,22,21,74
entry_mean,high_is_2.6,0.24670839716409804,0.463768115942029,0.5,0.43243243243243246,0.5675675675675675,0.5,0.5,16,16,21,21,74
entry_mean,low_is_2.6,0.22202671143290356,0.463768115942029,0.5,0.43243243243243246,0.5675675675675675,0.5,0.5,16,16,21,21,74
entry_mean,low_is_2.6,0.21697009867671627,0.46153846153846156,0.5357142857142857,0.40540540540540543,0.6486486486486487,0.527027027027027,0.5270270270270271,15,13,24,22,74
entry_mean,low_is_2.6,0.22317499189793355,0.45714285714285713,0.48484848484848486,0.43243243243243246,0.5405405405405406,0.4864864864864865,0.4864864864864865,16,17,20,21,74
entry_mean,high_is_2.6,0.254005861925374,0.4477611940298507,0.5,0.40540540540540543,0.5945945945945946,0.5,0.5,15,15,22,22,74
entry_mean,high_is_2.6,0.24960262553214219,0.4411764705882353,0.4838709677419355,0.40540540540540543,0.5675675675675675,0.4864864864864865,0.4864864864864865,15,16,21,22,74
entry_mean,low_is_2.6,0.21557713718318777,0.4375,0.5185185185185185,0.3783783783783784,0.6486486486486487,0.5135135135135135,0.5135135135135136,14,13,24,23,74
entry_mean,high_is_2.6,0.2588882004370553,0.42424242424242425,0.4827586206896552,0.3783783783783784,0.5945945945945946,0.4864864864864865,0.4864864864864865,14,15,22,23,74
entry_mean,low_is_2.6,0.21486556439530868,0.41269841269841273,0.5,0.35135135135135137,0.6486486486486487,0.5,0.5,13,13,24,24,74
entry_mean,high_is_2.6,0.2623743745257655,0.39999999999999997,0.4642857142857143,0.35135135135135137,0.5945945945945946,0.47297297297297297,0.472972972972973,13,15,22,24,74
entry_mean,low_is_2.6,0.21327456042957127,0.39344262295081966,0.5,0.32432432432432434,0.6756756756756757,0.5,0.5,12,12,25,25,74
entry_mean,low_is_2.6,0.21439901415645243,0.3870967741935484,0.48,0.32432432432432434,0.6486486486486487,0.4864864864864865,0.4864864864864865,12,13,24,25,74
entry_mean,high_is_2.6,0.2686586893841554,0.38095238095238093,0.46153846153846156,0.32432432432432434,0.6216216216216216,0.47297297297297297,0.47297297297297297,12,14,23,25,74
entry_mean,low_is_2.6,0.20932451653572035,0.37931034482758624,0.5238095238095238,0.2972972972972973,0.7297297297297297,0.5135135135135135,0.5135135135135135,11,10,27,26,74
entry_mean,high_is_2.6,0.26545629947634986,0.375,0.4444444444444444,0.32432432432432434,0.5945945945945946,0.4594594594594595,0.4594594594594595,12,15,22,25,74
entry_mean,low_is_2.6,0.2108325331758862,0.3728813559322034,0.5,0.2972972972972973,0.7027027027027027,0.5,0.5,11,11,26,26,74
entry_mean,low_is_2.6,0.21234626609157733,0.3666666666666667,0.4782608695652174,0.2972972972972973,0.6756756756756757,0.4864864864864865,0.4864864864864865,11,12,25,26,74
entry_mean,high_is_2.6,0.2717652601118515,0.3548387096774193,0.44,0.2972972972972973,0.6216216216216216,0.4594594594594595,0.45945945945945943,11,14,23,26,74
entry_mean,low_is_2.6,0.2083183799755638,0.3508771929824562,0.5,0.2702702702702703,0.7297297297297297,0.5,0.5,10,10,27,27,74
entry_mean,high_is_2.6,0.28344701096467717,0.3333333333333333,0.43478260869565216,0.2702702702702703,0.6486486486486487,0.4594594594594595,0.4594594594594595,10,13,24,27,74
entry_mean,high_is_2.6,0.27858048199360186,0.3278688524590164,0.4166666666666667,0.2702702702702703,0.6216216216216216,0.44594594594594594,0.44594594594594594,10,14,23,27,74
entry_mean,low_is_2.6,0.20493607980996406,0.3272727272727273,0.5,0.24324324324324326,0.7567567567567568,0.5,0.5,9,9,28,28,74
entry_mean,low_is_2.6,0.20650360006955448,0.3214285714285714,0.47368421052631576,0.24324324324324326,0.7297297297297297,0.4864864864864865,0.4864864864864865,9,10,27,28,74
entry_mean,high_is_2.6,0.28837094917346245,0.3103448275862069,0.42857142857142855,0.24324324324324326,0.6756756756756757,0.4594594594594595,0.45945945945945943,9,12,25,28,74
entry_mean,low_is_2.6,0.1994170288795981,0.3076923076923077,0.5333333333333333,0.21621621621621623,0.8108108108108109,0.5135135135135135,0.5135135135135136,8,7,30,29,74
entry_mean,high_is_2.6,0.2856132246758997,0.3050847457627119,0.4090909090909091,0.24324324324324326,0.6486486486486487,0.44594594594594594,0.44594594594594594,9,13,24,28,74
entry_mean,low_is_2.6,0.20314259349688807,0.3018867924528302,0.5,0.21621621621621623,0.7837837837837838,0.5,0.5,8,8,29,29,74
entry_mean,low_is_2.6,0.16822394908099628,0.2978723404255319,0.7,0.1891891891891892,0.918918918918919,0.5540540540540541,0.5540540540540541,7,3,34,30,74
entry_mean,low_is_2.6,0.20408976745715707,0.29629629629629634,0.47058823529411764,0.21621621621621623,0.7567567567567568,0.4864864864864865,0.4864864864864865,8,9,28,29,74
entry_mean,low_is_2.6,0.18352042277871233,0.2916666666666667,0.6363636363636364,0.1891891891891892,0.8918918918918919,0.5405405405405406,0.5405405405405406,7,4,33,30,74
entry_mean,low_is_2.6,0.18952587122409753,0.28571428571428575,0.5833333333333334,0.1891891891891892,0.8648648648648649,0.527027027027027,0.5270270270270271,7,5,32,30,74
entry_mean,high_is_2.6,0.29003302247508117,0.2807017543859649,0.4,0.21621621621621623,0.6756756756756757,0.44594594594594594,0.44594594594594594,8,12,25,29,74
entry_mean,low_is_2.6,0.1914545330917119,0.28,0.5384615384615384,0.1891891891891892,0.8378378378378378,0.5135135135135135,0.5135135135135135,7,6,31,30,74
entry_mean,low_is_2.6,0.19490172012215207,0.2745098039215686,0.5,0.1891891891891892,0.8108108108108109,0.5,0.5,7,7,30,30,74
entry_mean,low_is_2.6,0.1538297890450312,0.26086956521739135,0.6666666666666666,0.16216216216216217,0.918918918918919,0.5405405405405406,0.5405405405405406,6,3,34,31,74
entry_mean,high_is_2.6,0.29611696441114044,0.2545454545454546,0.3888888888888889,0.1891891891891892,0.7027027027027027,0.44594594594594594,0.44594594594594594,7,11,26,30,74
entry_mean,high_is_2.6,0.29329062501650177,0.25,0.3684210526315789,0.1891891891891892,0.6756756756756757,0.43243243243243246,0.43243243243243246,7,12,25,30,74
entry_mean,high_is_2.6,0.29875288064728794,0.22222222222222227,0.35294117647058826,0.16216216216216217,0.7027027027027027,0.43243243243243246,0.43243243243243246,6,11,26,31,74
entry_mean,low_is_2.6,0.14571974066611942,0.22222222222222224,0.625,0.13513513513513514,0.918918918918919,0.527027027027027,0.5270270270270271,5,3,34,32,74
entry_mean,high_is_2.6,0.31429875197695634,0.19607843137254902,0.35714285714285715,0.13513513513513514,0.7567567567567568,0.44594594594594594,0.44594594594594594,5,9,28,32,74
entry_mean,high_is_2.6,0.31051940101224385,0.1923076923076923,0.3333333333333333,0.13513513513513514,0.7297297297297297,0.43243243243243246,0.43243243243243246,5,10,27,32,74
entry_mean,high_is_2.6,0.3044824500473146,0.18867924528301885,0.3125,0.13513513513513514,0.7027027027027027,0.4189189189189189,0.41891891891891897,5,11,26,32,74
entry_mean,low_is_2.6,0.14121841932038565,0.18181818181818182,0.5714285714285714,0.10810810810810811,0.918918918918919,0.5135135135135135,0.5135135135135136,4,3,34,33,74
entry_mean,high_is_2.6,0.3196722812283645,0.163265306122449,0.3333333333333333,0.10810810810810811,0.7837837837837838,0.44594594594594594,0.44594594594594594,4,8,29,33,74
entry_mean,high_is_2.6,0.3161096705013736,0.16,0.3076923076923077,0.10810810810810811,0.7567567567567568,0.43243243243243246,0.43243243243243246,4,9,28,33,74
entry_mean,high_is_2.6,0.34577644229574095,0.13953488372093023,0.5,0.08108108108108109,0.918918918918919,0.5,0.5,3,3,34,34,74
entry_mean,low_is_2.6,0.13493594052988778,0.13953488372093023,0.5,0.08108108108108109,0.918918918918919,0.5,0.5,3,3,34,34,74
entry_mean,high_is_2.6,0.3401662434797178,0.13636363636363638,0.42857142857142855,0.08108108108108109,0.8918918918918919,0.4864864864864865,0.4864864864864865,3,4,33,34,74
entry_mean,high_is_2.6,0.33631749654475707,0.13333333333333333,0.375,0.08108108108108109,0.8648648648648649,0.47297297297297297,0.472972972972973,3,5,32,34,74
entry_mean,high_is_2.6,0.334013087341858,0.13043478260869568,0.3333333333333333,0.08108108108108109,0.8378378378378378,0.4594594594594595,0.45945945945945943,3,6,31,34,74
entry_mean,high_is_2.6,0.33092183407223075,0.12765957446808512,0.3,0.08108108108108109,0.8108108108108109,0.44594594594594594,0.44594594594594594,3,7,30,34,74
entry_mean,high_is_2.6,0.3255864997387159,0.125,0.2727272727272727,0.08108108108108109,0.7837837837837838,0.43243243243243246,0.43243243243243246,3,8,29,34,74
entry_mean,high_is_2.6,0.3543048471062751,0.1,0.6666666666666666,0.05405405405405406,0.972972972972973,0.5135135135135135,0.5135135135135136,2,1,36,35,74
entry_mean,low_is_2.6,0.10418027213588266,0.1,0.6666666666666666,0.05405405405405406,0.972972972972973,0.5135135135135135,0.5135135135135136,2,1,36,35,74
entry_mean,high_is_2.6,0.3510110377439574,0.0975609756097561,0.5,0.05405405405405406,0.9459459459459459,0.5,0.5,2,2,35,35,74
entry_mean,low_is_2.6,0.10779463107536973,0.0975609756097561,0.5,0.05405405405405406,0.9459459459459459,0.5,0.5,2,2,35,35,74
entry_mean,high_is_2.6,0.34892555643005807,0.09523809523809523,0.4,0.05405405405405406,0.918918918918919,0.4864864864864865,0.4864864864864865,2,3,34,35,74
entry_mean,low_is_2.6,0.1202199910186556,0.09523809523809523,0.4,0.05405405405405406,0.918918918918919,0.4864864864864865,0.4864864864864865,2,3,34,35,74
entry_mean,low_is_2.6,0.05760400797076374,0.052631578947368425,1.0,0.02702702702702703,1.0,0.5135135135135135,0.5135135135135135,1,0,37,36,74
entry_mean,low_is_2.6,0.08002459408076312,0.052631578947368425,1.0,0.02702702702702703,1.0,0.5135135135135135,0.5135135135135135,1,0,37,36,74
entry_mean,high_is_2.6,0.38150392030819236,0.05128205128205129,0.5,0.02702702702702703,0.972972972972973,0.5,0.5,1,1,36,36,74
entry_mean,low_is_2.6,0.10280010535357004,0.05128205128205129,0.5,0.02702702702702703,0.972972972972973,0.5,0.5,1,1,36,36,74
entry_mean,high_is_2.6,0.43538716468263466,0.0,0.0,0.0,0.972972972972973,0.4864864864864865,0.4864864864864865,0,1,36,37,74
entry_mean,high_is_2.6,0.46342291001043356,0.0,0.0,0.0,0.972972972972973,0.4864864864864865,0.4864864864864865,0,1,36,37,74
entry_min,high_is_2.6,1.8406754537905356e-08,0.6804123711340206,0.55,0.8918918918918919,0.2702702702702703,0.581081081081081,0.5810810810810811,33,27,10,4,74
entry_min,high_is_2.6,1.624390386633642e-08,0.673469387755102,0.5409836065573771,0.8918918918918919,0.24324324324324326,0.5675675675675675,0.5675675675675675,33,28,9,4,74
entry_min,high_is_2.6,1.0549284906657213e-08,0.673076923076923,0.5223880597014925,0.9459459459459459,0.13513513513513514,0.5405405405405406,0.5405405405405406,35,32,5,2,74
entry_min,low_is_2.6,9.325027615463748e-06,0.6727272727272727,0.5068493150684932,1.0,0.02702702702702703,0.5135135135135135,0.5135135135135135,37,36,1,0,74
entry_min,low_is_2.6,6.33717960581188e-06,0.6666666666666666,0.5070422535211268,0.972972972972973,0.05405405405405406,0.5135135135135135,0.5135135135135136,36,35,2,1,74
entry_min,high_is_2.6,4.363462252943702e-09,0.6666666666666666,0.5,1.0,0.0,0.5,0.5,37,37,0,0,74
entry_min,low_is_2.6,1.0130507038284886e-05,0.6666666666666666,0.5,1.0,0.0,0.5,0.5,37,37,0,0,74
entry_min,high_is_2.6,8.69473518822038e-09,0.6666666666666665,0.5147058823529411,0.9459459459459459,0.10810810810810811,0.527027027027027,0.527027027027027,35,33,4,2,74
entry_min,high_is_2.6,5.356131184493691e-09,0.6605504587155964,0.5,0.972972972972973,0.02702702702702703,0.5,0.5,36,36,1,1,74
entry_min,low_is_2.6,8.204406414650375e-06,0.6605504587155964,0.5,0.972972972972973,0.02702702702702703,0.5,0.5,36,36,1,1,74
entry_min,high_is_2.6,1.2650765051239425e-08,0.6601941747572816,0.5151515151515151,0.918918918918919,0.13513513513513514,0.527027027027027,0.5270270270270271,34,32,5,3,74
entry_min,high_is_2.6,1.4335194847923825e-08,0.6599999999999999,0.5238095238095238,0.8918918918918919,0.1891891891891892,0.5405405405405406,0.5405405405405406,33,30,7,4,74
entry_min,high_is_2.6,7.673076872397775e-09,0.6542056074766355,0.5,0.9459459459459459,0.05405405405405406,0.5,0.5,35,35,2,2,74
entry_min,low_is_2.6,3.858018884806873e-06,0.6538461538461539,0.5074626865671642,0.918918918918919,0.10810810810810811,0.5135135135135135,0.5135135135135136,34,33,4,3,74
entry_min,high_is_2.6,2.233283632264516e-08,0.6526315789473685,0.5344827586206896,0.8378378378378378,0.2702702702702703,0.5540540540540541,0.5540540540540541,31,27,10,6,74
entry_min,high_is_2.6,6.7714665731845314e-09,0.6481481481481483,0.49295774647887325,0.9459459459459459,0.02702702702702703,0.4864864864864865,0.4864864864864865,35,36,1,2,74
entry_min,low_is_2.6,4.387246694263623e-06,0.6476190476190476,0.5,0.918918918918919,0.08108108108108109,0.5,0.5,34,34,3,3,74
entry_min,low_is_2.6,2.3545699852957006e-06,0.6470588235294117,0.5076923076923077,0.8918918918918919,0.13513513513513514,0.5135135135135135,0.5135135135135135,33,32,5,4,74
entry_min,low_is_2.6,3.08772691544728e-06,0.6407766990291263,0.5,0.8918918918918919,0.10810810810810811,0.5,0.5,33,33,4,4,74
entry_min,high_is_2.6,2.8675929465003577e-08,0.6382978723404256,0.5263157894736842,0.8108108108108109,0.2702702702702703,0.5405405405405406,0.5405405405405406,30,27,10,7,74
entry_min,low_is_2.6,1.664014043771169e-06,0.6336633663366337,0.5,0.8648648648648649,0.13513513513513514,0.5,0.5,32,32,5,5,74
entry_min,low_is_2.6,9.590506022304006e-07,0.62,0.49206349206349204,0.8378378378378378,0.13513513513513514,0.4864864864864865,0.4864864864864865,31,32,5,6,74
entry_min,high_is_2.6,4.727861486604794e-08,0.6133333333333333,0.6052631578947368,0.6216216216216216,0.5945945945945946,0.6081081081081081,0.6081081081081081,23,15,22,14,74
entry_min,low_is_2.6,5.107982041210604e-07,0.6122448979591837,0.4918032786885246,0.8108108108108109,0.16216216216216217,0.4864864864864865,0.4864864864864865,30,31,6,7,74
entry_min,low_is_2.6,4.485667680664045e-07,0.6105263157894737,0.5,0.7837837837837838,0.21621621621621623,0.5,0.5,29,29,8,8,74
entry_min,low_is_2.6,6.838237196624202e-07,0.606060606060606,0.4838709677419355,0.8108108108108109,0.13513513513513514,0.47297297297297297,0.472972972972973,30,32,5,7,74
entry_min,low_is_2.6,3.4934433752496485e-07,0.5957446808510638,0.49122807017543857,0.7567567567567568,0.21621621621621623,0.4864864864864865,0.4864864864864865,28,29,8,9,74
entry_min,high_is_2.6,3.68206222802095e-08,0.5897435897435899,0.5609756097560976,0.6216216216216216,0.5135135135135135,0.5675675675675675,0.5675675675675675,23,18,19,14,74
entry_min,low_is_2.6,2.457207283817118e-07,0.5869565217391305,0.4909090909090909,0.7297297297297297,0.24324324324324326,0.4864864864864865,0.4864864864864865,27,28,9,10,74
entry_min,high_is_2.6,6.070694315379645e-08,0.5833333333333333,0.6,0.5675675675675675,0.6216216216216216,0.5945945945945946,0.5945945945945945,21,14,23,16,74
entry_min,low_is_2.6,1.6501858043626116e-07,0.5581395348837208,0.4897959183673469,0.6486486486486487,0.32432432432432434,0.4864864864864865,0.4864864864864865,24,25,12,13,74
entry_min,high_is_2.6,7.794925797889254e-08,0.5507246376811593,0.59375,0.5135135135135135,0.6486486486486487,0.581081081081081,0.5810810810810811,19,13,24,18,74
entry_min,high_is_2.6,9.34772126579994e-08,0.5294117647058824,0.5806451612903226,0.4864864864864865,0.6486486486486487,0.5675675675675675,0.5675675675675675,18,13,24,19,74
entry_min,low_is_2.6,1.285165996650918e-07,0.5238095238095238,0.46808510638297873,0.5945945945945946,0.32432432432432434,0.4594594594594595,0.4594594594594595,22,25,12,15,74
entry_min,high_is_2.6,1.0592355892041078e-07,0.5151515151515151,0.5862068965517241,0.4594594594594595,0.6756756756756757,0.5675675675675675,0.5675675675675675,17,12,25,20,74
entry_min,low_is_2.6,1.0592355892041078e-07,0.4878048780487805,0.4444444444444444,0.5405405405405406,0.32432432432432434,0.43243243243243246,0.43243243243243246,20,25,12,17,74
entry_min,low_is_2.6,9.34772126579994e-08,0.47500000000000003,0.4418604651162791,0.5135135135135135,0.35135135135135137,0.43243243243243246,0.43243243243243246,19,24,13,18,74
entry_min,high_is_2.6,1.285165996650918e-07,0.46875,0.5555555555555556,0.40540540540540543,0.6756756756756757,0.5405405405405406,0.5405405405405406,15,12,25,22,74
entry_min,low_is_2.6,7.794925797889254e-08,0.4556962025316456,0.42857142857142855,0.4864864864864865,0.35135135135135137,0.4189189189189189,0.41891891891891897,18,24,13,19,74
entry_min,low_is_2.6,6.070694315379645e-08,0.42105263157894735,0.41025641025641024,0.43243243243243246,0.3783783783783784,0.40540540540540543,0.40540540540540543,16,23,14,21,74
entry_min,high_is_2.6,1.6501858043626116e-07,0.4193548387096775,0.52,0.35135135135135137,0.6756756756756757,0.5135135135135135,0.5135135135135135,13,12,25,24,74
entry_min,low_is_2.6,3.68206222802095e-08,0.4000000000000001,0.42424242424242425,0.3783783783783784,0.4864864864864865,0.43243243243243246,0.43243243243243246,14,19,18,23,74
entry_min,low_is_2.6,4.727861486604794e-08,0.3835616438356164,0.3888888888888889,0.3783783783783784,0.40540540540540543,0.3918918918918919,0.3918918918918919,14,22,15,23,74
entry_min,high_is_2.6,2.457207283817118e-07,0.35714285714285715,0.5263157894736842,0.2702702702702703,0.7567567567567568,0.5135135135135135,0.5135135135135136,10,9,28,27,74
entry_min,high_is_2.6,3.4934433752496485e-07,0.33333333333333337,0.5294117647058824,0.24324324324324326,0.7837837837837838,0.5135135135135135,0.5135135135135135,9,8,29,28,74
entry_min,high_is_2.6,4.485667680664045e-07,0.3018867924528302,0.5,0.21621621621621623,0.7837837837837838,0.5,0.5,8,8,29,29,74
entry_min,high_is_2.6,6.838237196624202e-07,0.28571428571428575,0.5833333333333334,0.1891891891891892,0.8648648648648649,0.527027027027027,0.5270270270270271,7,5,32,30,74
entry_min,high_is_2.6,5.107982041210604e-07,0.28,0.5384615384615384,0.1891891891891892,0.8378378378378378,0.5135135135135135,0.5135135135135135,7,6,31,30,74
entry_min,low_is_2.6,2.8675929465003577e-08,0.2592592592592593,0.4117647058823529,0.1891891891891892,0.7297297297297297,0.4594594594594595,0.45945945945945943,7,10,27,30,74
entry_min,high_is_2.6,9.590506022304006e-07,0.25,0.5454545454545454,0.16216216216216217,0.8648648648648649,0.5135135135135135,0.5135135135135136,6,5,32,31,74
entry_min,low_is_2.6,2.233283632264516e-08,0.22641509433962265,0.375,0.16216216216216217,0.7297297297297297,0.44594594594594594,0.44594594594594594,6,10,27,31,74
entry_min,high_is_2.6,1.664014043771169e-06,0.21276595744680854,0.5,0.13513513513513514,0.8648648648648649,0.5,0.5,5,5,32,32,74
entry_min,high_is_2.6,3.08772691544728e-06,0.17777777777777778,0.5,0.10810810810810811,0.8918918918918919,0.5,0.5,4,4,33,33,74
entry_min,high_is_2.6,2.3545699852957006e-06,0.17391304347826086,0.4444444444444444,0.10810810810810811,0.8648648648648649,0.4864864864864865,0.4864864864864865,4,5,32,33,74
entry_min,low_is_2.6,1.4335194847923825e-08,0.16666666666666669,0.36363636363636365,0.10810810810810811,0.8108108108108109,0.4594594594594595,0.4594594594594595,4,7,30,33,74
entry_min,low_is_2.6,1.624390386633642e-08,0.16,0.3076923076923077,0.10810810810810811,0.7567567567567568,0.43243243243243246,0.43243243243243246,4,9,28,33,74
entry_min,low_is_2.6,1.8406754537905356e-08,0.1568627450980392,0.2857142857142857,0.10810810810810811,0.7297297297297297,0.4189189189189189,0.4189189189189189,4,10,27,33,74
entry_min,high_is_2.6,4.387246694263623e-06,0.13953488372093023,0.5,0.08108108108108109,0.918918918918919,0.5,0.5,3,3,34,34,74
entry_min,high_is_2.6,3.858018884806873e-06,0.13636363636363638,0.42857142857142855,0.08108108108108109,0.8918918918918919,0.4864864864864865,0.4864864864864865,3,4,33,34,74
entry_min,low_is_2.6,1.2650765051239425e-08,0.13333333333333333,0.375,0.08108108108108109,0.8648648648648649,0.47297297297297297,0.472972972972973,3,5,32,34,74
entry_min,low_is_2.6,6.7714665731845314e-09,0.1,0.6666666666666666,0.05405405405405406,0.972972972972973,0.5135135135135135,0.5135135135135136,2,1,36,35,74
entry_min,low_is_2.6,7.673076872397775e-09,0.0975609756097561,0.5,0.05405405405405406,0.9459459459459459,0.5,0.5,2,2,35,35,74
entry_min,low_is_2.6,8.69473518822038e-09,0.09302325581395349,0.3333333333333333,0.05405405405405406,0.8918918918918919,0.47297297297297297,0.47297297297297297,2,4,33,35,74
entry_min,low_is_2.6,1.0549284906657213e-08,0.09090909090909091,0.2857142857142857,0.05405405405405406,0.8648648648648649,0.4594594594594595,0.4594594594594595,2,5,32,35,74
entry_min,high_is_2.6,8.204406414650375e-06,0.05128205128205129,0.5,0.02702702702702703,0.972972972972973,0.5,0.5,1,1,36,36,74
entry_min,low_is_2.6,4.363462252943702e-09,0.05128205128205129,0.5,0.02702702702702703,0.972972972972973,0.5,0.5,1,1,36,36,74
entry_min,low_is_2.6,5.356131184493691e-09,0.05128205128205129,0.5,0.02702702702702703,0.972972972972973,0.5,0.5,1,1,36,36,74
entry_min,high_is_2.6,6.33717960581188e-06,0.05,0.3333333333333333,0.02702702702702703,0.9459459459459459,0.4864864864864865,0.4864864864864865,1,2,35,36,74
entry_min,high_is_2.6,9.325027615463748e-06,0.0,0.0,0.0,0.972972972972973,0.4864864864864865,0.4864864864864865,0,1,36,37,74
entry_min,high_is_2.6,1.0130507038284886e-05,0.0,0.0,0.0,0.972972972972973,0.4864864864864865,0.4864864864864865,0,1,36,37,74
entry_q25,low_is_2.6,0.14952533511432892,0.6851851851851851,0.5211267605633803,1.0,0.08108108108108109,0.5405405405405406,0.5405405405405406,37,34,3,0,74
entry_q25,low_is_2.6,0.17257895977680715,0.6788990825688073,0.5138888888888888,1.0,0.05405405405405406,0.527027027027027,0.527027027027027,37,35,2,0,74
entry_q25,high_is_2.6,9.818732095973094e-06,0.6732673267326733,0.53125,0.918918918918919,0.1891891891891892,0.5540540540540541,0.5540540540540541,34,30,7,3,74
entry_q25,low_is_2.6,0.1325590069622093,0.6728971962616821,0.5142857142857142,0.972972972972973,0.08108108108108109,0.527027027027027,0.5270270270270271,36,34,3,1,74
entry_q25,low_is_2.6,0.20833834316583227,0.6727272727272727,0.5068493150684932,1.0,0.02702702702702703,0.5135135135135135,0.5135135135135135,37,36,1,0,74
entry_q25,high_is_2.6,9.112405809369822e-06,0.6666666666666666,0.5230769230769231,0.918918918918919,0.16216216216216217,0.5405405405405406,0.5405405405405406,34,31,6,3,74
entry_q25,high_is_2.6,5.043471815847051e-07,0.6666666666666666,0.5,1.0,0.0,0.5,0.5,37,37,0,0,74
entry_q25,low_is_2.6,0.23184457562440727,0.6666666666666666,0.5,1.0,0.0,0.5,0.5,37,37,0,0,74
entry_q25,low_is_2.6,0.11577479342984112,0.660377358490566,0.5072463768115942,0.9459459459459459,0.08108108108108109,0.5135135135135135,0.5135135135135135,35,34,3,2,74
entry_q25,high_is_2.6,8.433476034252035e-06,0.6601941747572816,0.5151515151515151,0.918918918918919,0.13513513513513514,0.527027027027027,0.5270270270270271,34,32,5,3,74
entry_q25,high_is_2.6,1.117421492644602e-05,0.6599999999999999,0.5238095238095238,0.8918918918918919,0.1891891891891892,0.5405405405405406,0.5405405405405406,33,30,7,4,74
entry_q25,high_is_2.6,6.976381043207905e-07,0.6545454545454545,0.4931506849315068,0.972972972972973,0.0,0.4864864864864865,0.4864864864864865,36,37,0,1,74
entry_q25,high_is_2.6,3.718045423099379e-06,0.6542056074766355,0.5,0.9459459459459459,0.05405405405405406,0.5,0.5,35,35,2,2,74
entry_q25,high_is_2.6,7.739367867419552e-06,0.6538461538461539,0.5074626865671642,0.918918918918919,0.10810810810810811,0.5135135135135135,0.5135135135135136,34,33,4,3,74
entry_q25,high_is_2.6,1.329753261640813e-05,0.6530612244897959,0.5245901639344263,0.8648648648648649,0.21621621621621623,0.5405405405405406,0.5405405405405406,32,29,8,5,74
entry_q25,high_is_2.6,1.7245915714883983e-06,0.6481481481481483,0.49295774647887325,0.9459459459459459,0.02702702702702703,0.4864864864864865,0.4864864864864865,35,36,1,2,74
entry_q25,high_is_2.6,6.9319641363975365e-06,0.6476190476190476,0.5,0.918918918918919,0.08108108108108109,0.5,0.5,34,34,3,3,74
entry_q25,low_is_2.6,0.09365020304784855,0.6476190476190476,0.5,0.918918918918919,0.08108108108108109,0.5,0.5,34,34,3,3,74
entry_q25,high_is_2.6,1.215500547234641e-05,0.6464646464646465,0.5161290322580645,0.8648648648648649,0.1891891891891892,0.527027027027027,0.5270270270270271,32,30,7,5,74
entry_q25,high_is_2.6,1.0398935371423555e-06,0.6422018348623854,0.4861111111111111,0.9459459459459459,0.0,0.47297297297297297,0.47297297297297297,35,37,0,2,74
entry_q25,high_is_2.6,5.659968543436152e-06,0.6415094339622641,0.4927536231884058,0.918918918918919,0.05405405405405406,0.4864864864864865,0.4864864864864865,34,35,2,3,74
entry_q25,high_is_2.6,1.611229753234361e-05,0.6391752577319588,0.5166666666666667,0.8378378378378378,0.21621621621621623,0.527027027027027,0.527027027027027,31,29,8,6,74
entry_q25,high_is_2.6,3.6881379140071255e-05,0.6373626373626374,0.5370370370370371,0.7837837837837838,0.32432432432432434,0.5540540540540541,0.5540540540540541,29,25,12,8,74
entry_q25,low_is_2.6,0.08135160979539673,0.6346153846153846,0.4925373134328358,0.8918918918918919,0.08108108108108109,0.4864864864864865,0.4864864864864865,33,34,3,4,74
entry_q25,high_is_2.6,3.235115855033811e-05,0.6304347826086956,0.5272727272727272,0.7837837837837838,0.2972972972972973,0.5405405405405406,0.5405405405405406,29,26,11,8,74
entry_q25,high_is_2.6,5.236234211366667e-05,0.6279069767441859,0.5510204081632653,0.7297297297297297,0.40540540540540543,0.5675675675675675,0.5675675675675675,27,22,15,10,74
entry_q25,low_is_2.6,0.043643427578849814,0.6262626262626263,0.5,0.8378378378378378,0.16216216216216217,0.5,0.5,31,31,6,6,74
entry_q25,high_is_2.6,2.068072582623526e-05,0.6249999999999999,0.5084745762711864,0.8108108108108109,0.21621621621621623,0.5135135135135135,0.5135135135135136,30,29,8,7,74
entry_q25,low_is_2.6,0.0337847723491034,0.6249999999999999,0.5084745762711864,0.8108108108108109,0.21621621621621623,0.5135135135135135,0.5135135135135136,30,29,8,7,74
entry_q25,high_is_2.6,2.774020952793106e-05,0.6236559139784947,0.5178571428571429,0.7837837837837838,0.2702702702702703,0.527027027027027,0.527027027027027,29,27,10,8,74
entry_q25,high_is_2.6,4.0744080817809654e-05,0.6222222222222221,0.5283018867924528,0.7567567567567568,0.32432432432432434,0.5405405405405406,0.5405405405405406,28,25,12,9,74
entry_q25,low_is_2.6,0.07408881260812653,0.6213592233009709,0.48484848484848486,0.8648648648648649,0.08108108108108109,0.47297297297297297,0.472972972972973,32,34,3,5,74
entry_q25,high_is_2.6,4.854853417441246e-05,0.6206896551724138,0.54,0.7297297297297297,0.3783783783783784,0.5540540540540541,0.5540540540540541,27,23,14,10,74
entry_q25,low_is_2.6,0.04501520853587397,0.62,0.49206349206349204,0.8378378378378378,0.13513513513513514,0.4864864864864865,0.4864864864864865,31,32,5,6,74
entry_q25,low_is_2.6,0.039492061604272405,0.6185567010309277,0.5,0.8108108108108109,0.1891891891891892,0.5,0.5,30,30,7,7,74
entry_q25,high_is_2.6,2.5803187487043784e-05,0.6170212765957447,0.5087719298245614,0.7837837837837838,0.24324324324324326,0.5135135135135135,0.5135135135135135,29,28,9,8,74
entry_q25,low_is_2.6,0.024877178292675543,0.6153846153846154,0.5185185185185185,0.7567567567567568,0.2972972972972973,0.527027027027027,0.5270270270270271,28,26,11,9,74
entry_q25,low_is_2.6,0.049626370477599865,0.6138613861386139,0.484375,0.8378378378378378,0.10810810810810811,0.47297297297297297,0.47297297297297297,31,33,4,6,74
entry_q25,high_is_2.6,4.633328391864926e-05,0.6136363636363636,0.5294117647058824,0.7297297297297297,0.35135135135135137,0.5405405405405406,0.5405405405405406,27,24,13,10,74
entry_q25,low_is_2.6,0.04321740565906376,0.6122448979591837,0.4918032786885246,0.8108108108108109,0.16216216216216217,0.4864864864864865,0.4864864864864865,30,31,6,7,74
entry_q25,high_is_2.6,5.777408873781291e-05,0.611764705882353,0.5416666666666666,0.7027027027027027,0.40540540540540543,0.5540540540540541,0.5540540540540541,26,22,15,11,74
entry_q25,high_is_2.6,2.436086732751582e-05,0.6105263157894737,0.5,0.7837837837837838,0.21621621621621623,0.5,0.5,29,29,8,8,74
entry_q25,low_is_2.6,0.031063151093400132,0.6105263157894737,0.5,0.7837837837837838,0.21621621621621623,0.5,0.5,29,29,8,8,74
entry_q25,high_is_2.6,8.277007657111091e-05,0.6097560975609757,0.5555555555555556,0.6756756756756757,0.4594594594594595,0.5675675675675675,0.5675675675675675,25,20,17,12,74
entry_q25,low_is_2.6,0.028658684602340116,0.608695652173913,0.509090909090909,0.7567567567567568,0.2702702702702703,0.5135135135135135,0.5135135135135136,28,27,10,9,74
entry_q25,low_is_2.6,0.06024443430684893,0.607843137254902,0.47692307692307695,0.8378378378378378,0.08108108108108109,0.4594594594594595,0.45945945945945943,31,34,3,6,74
entry_q25,high_is_2.6,4.4239754085548895e-05,0.6067415730337079,0.5192307692307693,0.7297297297297297,0.32432432432432434,0.527027027027027,0.527027027027027,27,25,12,10,74
entry_q25,high_is_2.6,7.472469683825889e-05,0.6024096385542168,0.5434782608695652,0.6756756756756757,0.43243243243243246,0.5540540540540541,0.5540540540540541,25,21,16,12,74
entry_q25,low_is_2.6,0.029312229896992496,0.6021505376344086,0.5,0.7567567567567568,0.24324324324324326,0.5,0.5,28,28,9,9,74
entry_q25,low_is_2.6,0.01908000863430878,0.6,0.5094339622641509,0.7297297297297297,0.2972972972972973,0.5135135135135135,0.5135135135135135,27,26,11,10,74
entry_q25,low_is_2.6,0.030028493928739512,0.5957446808510638,0.49122807017543857,0.7567567567567568,0.21621621621621623,0.4864864864864865,0.4864864864864865,28,29,8,9,74
entry_q25,high_is_2.6,6.730738919417161e-05,0.5952380952380952,0.5319148936170213,0.6756756756756757,0.40540540540540543,0.5405405405405406,0.5405405405405406,25,22,15,12,74
entry_q25,high_is_2.6,0.00010225927922951299,0.5925925925925926,0.5454545454545454,0.6486486486486487,0.4594594594594595,0.5540540540540541,0.5540540540540541,24,20,17,13,74
entry_q25,low_is_2.6,0.01297735597940431,0.5909090909090909,0.5098039215686274,0.7027027027027027,0.32432432432432434,0.5135135135135135,0.5135135135135136,26,25,12,11,74
entry_q25,high_is_2.6,0.0003935512881085409,0.5866666666666667,0.5789473684210527,0.5945945945945946,0.5675675675675675,0.581081081081081,0.5810810810810811,22,16,21,15,74
entry_q25,low_is_2.6,0.015436877388200612,0.5842696629213484,0.5,0.7027027027027027,0.2972972972972973,0.5,0.5,26,26,11,11,74
entry_q25,high_is_2.6,0.00016710810802483578,0.5822784810126581,0.5476190476190477,0.6216216216216216,0.4864864864864865,0.5540540540540541,0.5540540540540541,23,19,18,14,74
entry_q25,high_is_2.6,0.00026460693720009056,0.5789473684210528,0.5641025641025641,0.5945945945945946,0.5405405405405406,0.5675675675675675,0.5675675675675675,22,17,20,15,74
entry_q25,high_is_2.6,0.0001387721975069252,0.575,0.5348837209302325,0.6216216216216216,0.4594594594594595,0.5405405405405406,0.5405405405405406,23,20,17,14,74
entry_q25,low_is_2.6,0.010034621909766872,0.5747126436781609,0.5,0.6756756756756757,0.32432432432432434,0.5,0.5,25,25,12,12,74
entry_q25,high_is_2.6,0.00026139181841214364,0.5714285714285715,0.55,0.5945945945945946,0.5135135135135135,0.5540540540540541,0.5540540540540541,22,18,19,15,74
entry_q25,high_is_2.6,0.0005520881897095786,0.5675675675675675,0.5675675675675675,0.5675675675675675,0.5675675675675675,0.5675675675675675,0.5675675675675675,21,16,21,16,74
entry_q25,low_is_2.6,0.007142332966626469,0.5647058823529412,0.5,0.6486486486486487,0.35135135135135137,0.5,0.5,24,24,13,13,74
entry_q25,high_is_2.6,0.0002157948511525021,0.5641025641025641,0.5365853658536586,0.5945945945945946,0.4864864864864865,0.5405405405405406,0.5405405405405406,22,19,18,15,74
entry_q25,low_is_2.6,0.008084649661497053,0.5581395348837208,0.4897959183673469,0.6486486486486487,0.32432432432432434,0.4864864864864865,0.4864864864864865,24,25,12,13,74
entry_q25,low_is_2.6,0.004701354581257245,0.5542168674698795,0.5,0.6216216216216216,0.3783783783783784,0.5,0.5,23,23,14,14,74
entry_q25,high_is_2.6,0.0006309733017153031,0.547945205479452,0.5555555555555556,0.5405405405405406,0.5675675675675675,0.5540540540540541,0.5540540540540541,20,16,21,17,74
entry_q25,low_is_2.6,0.006138643070663656,0.5476190476190476,0.48936170212765956,0.6216216216216216,0.35135135135135137,0.4864864864864865,0.4864864864864865,23,24,13,14,74
entry_q25,low_is_2.6,0.002816226073237219,0.5432098765432098,0.5,0.5945945945945946,0.40540540540540543,0.5,0.5,22,22,15,15,74
entry_q25,low_is_2.6,0.003339370849097914,0.5365853658536586,0.4888888888888889,0.5945945945945946,0.3783783783783784,0.4864864864864865,0.4864864864864865,22,23,14,15,74
entry_q25,high_is_2.6,0.0009617476072603211,0.5352112676056339,0.5588235294117647,0.5135135135135135,0.5945945945945946,0.5540540540540541,0.5540540540540541,19,15,22,18,74
entry_q25,high_is_2.6,0.0007861105034899707,0.5277777777777778,0.5428571428571428,0.5135135135135135,0.5675675675675675,0.5405405405405406,0.5405405405405406,19,16,21,18,74
entry_q25,low_is_2.6,0.0025456363295100906,0.525,0.4883720930232558,0.5675675675675675,0.40540540540540543,0.4864864864864865,0.4864864864864865,21,22,15,16,74
entry_q25,high_is_2.6,0.0016160038709798353,0.5142857142857143,0.5454545454545454,0.4864864864864865,0.5945945945945946,0.5405405405405406,0.5405405405405406,18,15,22,19,74
entry_q25,low_is_2.6,0.002261015335328972,0.5063291139240507,0.47619047619047616,0.5405405405405406,0.40540540540540543,0.47297297297297297,0.472972972972973,20,22,15,17,74
entry_q25,high_is_2.6,0.002261015335328972,0.4927536231884059,0.53125,0.4594594594594595,0.5945945945945946,0.527027027027027,0.5270270270270271,17,15,22,20,74
entry_q25,low_is_2.6,0.0016160038709798353,0.48717948717948717,0.4634146341463415,0.5135135135135135,0.40540540540540543,0.4594594594594595,0.45945945945945943,19,22,15,18,74
entry_q25,low_is_2.6,0.0007861105034899707,0.47368421052631576,0.46153846153846156,0.4864864864864865,0.43243243243243246,0.4594594594594595,0.4594594594594595,18,21,16,19,74
entry_q25,high_is_2.6,0.0025456363295100906,0.47058823529411764,0.5161290322580645,0.43243243243243246,0.5945945945945946,0.5135135135135135,0.5135135135135136,16,15,22,21,74
entry_q25,low_is_2.6,0.0009617476072603211,0.4675324675324675,0.45,0.4864864864864865,0.40540540540540543,0.44594594594594594,0.44594594594594594,18,22,15,19,74
entry_q25,high_is_2.6,0.003339370849097914,0.4545454545454546,0.5172413793103449,0.40540540540540543,0.6216216216216216,0.5135135135135135,0.5135135135135135,15,14,23,22,74
entry_q25,low_is_2.6,0.0006309733017153031,0.45333333333333337,0.4473684210526316,0.4594594594594595,0.43243243243243246,0.44594594594594594,0.44594594594594594,17,21,16,20,74
entry_q25,high_is_2.6,0.002816226073237219,0.4477611940298507,0.5,0.40540540540540543,0.5945945945945946,0.5,0.5,15,15,22,22,74
entry_q25,high_is_2.6,0.006138643070663656,0.4375,0.5185185185185185,0.3783783783783784,0.6486486486486487,0.5135135135135135,0.5135135135135136,14,13,24,23,74
entry_q25,low_is_2.6,0.0005520881897095786,0.43243243243243246,0.43243243243243246,0.43243243243243246,0.43243243243243246,0.43243243243243246,0.43243243243243246,16,21,16,21,74
entry_q25,high_is_2.6,0.004701354581257245,0.4307692307692308,0.5,0.3783783783783784,0.6216216216216216,0.5,0.5,14,14,23,23,74
entry_q25,low_is_2.6,0.0002157948511525021,0.42857142857142855,0.45454545454545453,0.40540540540540543,0.5135135135135135,0.4594594594594595,0.45945945945945943,15,18,19,22,74
entry_q25,low_is_2.6,0.00026139181841214364,0.4225352112676056,0.4411764705882353,0.40540540540540543,0.4864864864864865,0.44594594594594594,0.44594594594594594,15,19,18,22,74
entry_q25,high_is_2.6,0.008084649661497053,0.4193548387096775,0.52,0.35135135135135137,0.6756756756756757,0.5135135135135135,0.5135135135135135,13,12,25,24,74
entry_q25,low_is_2.6,0.00026460693720009056,0.4166666666666667,0.42857142857142855,0.40540540540540543,0.4594594594594595,0.43243243243243246,0.43243243243243246,15,20,17,22,74
entry_q25,high_is_2.6,0.007142332966626469,0.41269841269841273,0.5,0.35135135135135137,0.6486486486486487,0.5,0.5,13,13,24,24,74
entry_q25,low_is_2.6,0.0001387721975069252,0.411764705882353,0.45161290322580644,0.3783783783783784,0.5405405405405406,0.4594594594594595,0.4594594594594595,14,17,20,23,74
entry_q25,low_is_2.6,0.0003935512881085409,0.4109589041095891,0.4166666666666667,0.40540540540540543,0.43243243243243246,0.4189189189189189,0.41891891891891897,15,21,16,22,74
entry_q25,low_is_2.6,0.00016710810802483578,0.40579710144927533,0.4375,0.3783783783783784,0.5135135135135135,0.44594594594594594,0.44594594594594594,14,18,19,23,74
entry_q25,high_is_2.6,0.010034621909766872,0.39344262295081966,0.5,0.32432432432432434,0.6756756756756757,0.5,0.5,12,12,25,25,74
entry_q25,low_is_2.6,0.00010225927922951299,0.3880597014925374,0.43333333333333335,0.35135135135135137,0.5405405405405406,0.44594594594594594,0.44594594594594594,13,17,20,24,74
entry_q25,low_is_2.6,6.730738919417161e-05,0.375,0.4444444444444444,0.32432432432432434,0.5945945945945946,0.4594594594594595,0.4594594594594595,12,15,22,25,74
entry_q25,high_is_2.6,0.015436877388200612,0.3728813559322034,0.5,0.2972972972972973,0.7027027027027027,0.5,0.5,11,11,26,26,74
entry_q25,low_is_2.6,7.472469683825889e-05,0.3692307692307692,0.42857142857142855,0.32432432432432434,0.5675675675675675,0.44594594594594594,0.44594594594594594,12,16,21,25,74
entry_q25,high_is_2.6,0.01297735597940431,0.3666666666666667,0.4782608695652174,0.2972972972972973,0.6756756756756757,0.4864864864864865,0.4864864864864865,11,12,25,26,74
entry_q25,low_is_2.6,8.277007657111091e-05,0.36363636363636365,0.41379310344827586,0.32432432432432434,0.5405405405405406,0.43243243243243246,0.43243243243243246,12,17,20,25,74
entry_q25,low_is_2.6,5.777408873781291e-05,0.34920634920634924,0.4230769230769231,0.2972972972972973,0.5945945945945946,0.44594594594594594,0.44594594594594594,11,15,22,26,74
entry_q25,high_is_2.6,0.01908000863430878,0.3448275862068966,0.47619047619047616,0.2702702702702703,0.7027027027027027,0.4864864864864865,0.4864864864864865,10,11,26,27,74
entry_q25,low_is_2.6,4.4239754085548895e-05,0.33898305084745767,0.45454545454545453,0.2702702702702703,0.6756756756756757,0.47297297297297297,0.47297297297297297,10,12,25,27,74
entry_q25,high_is_2.6,0.030028493928739512,0.33333333333333337,0.5294117647058824,0.24324324324324326,0.7837837837837838,0.5135135135135135,0.5135135135135135,9,8,29,28,74
entry_q25,low_is_2.6,4.633328391864926e-05,0.3333333333333333,0.43478260869565216,0.2702702702702703,0.6486486486486487,0.4594594594594595,0.4594594594594595,10,13,24,27,74
entry_q25,low_is_2.6,4.854853417441246e-05,0.3278688524590164,0.4166666666666667,0.2702702702702703,0.6216216216216216,0.44594594594594594,0.44594594594594594,10,14,23,27,74
entry_q25,high_is_2.6,0.029312229896992496,0.3272727272727273,0.5,0.24324324324324326,0.7567567567567568,0.5,0.5,9,9,28,28,74
entry_q25,low_is_2.6,5.236234211366667e-05,0.3225806451612903,0.4,0.2702702702702703,0.5945945945945946,0.43243243243243246,0.43243243243243246,10,15,22,27,74
entry_q25,high_is_2.6,0.028658684602340116,0.3214285714285714,0.47368421052631576,0.24324324324324326,0.7297297297297297,0.4864864864864865,0.4864864864864865,9,10,27,28,74
entry_q25,high_is_2.6,0.024877178292675543,0.3157894736842105,0.45,0.24324324324324326,0.7027027027027027,0.47297297297297297,0.472972972972973,9,11,26,28,74
entry_q25,low_is_2.6,4.0744080817809654e-05,0.3103448275862069,0.42857142857142855,0.24324324324324326,0.6756756756756757,0.4594594594594595,0.45945945945945943,9,12,25,28,74
entry_q25,high_is_2.6,0.031063151093400132,0.3018867924528302,0.5,0.21621621621621623,0.7837837837837838,0.5,0.5,8,8,29,29,74
entry_q25,low_is_2.6,2.436086732751582e-05,0.3018867924528302,0.5,0.21621621621621623,0.7837837837837838,0.5,0.5,8,8,29,29,74
entry_q25,low_is_2.6,2.5803187487043784e-05,0.29629629629629634,0.47058823529411764,0.21621621621621623,0.7567567567567568,0.4864864864864865,0.4864864864864865,8,9,28,29,74
entry_q25,low_is_2.6,2.774020952793106e-05,0.2909090909090909,0.4444444444444444,0.21621621621621623,0.7297297297297297,0.47297297297297297,0.47297297297297297,8,10,27,29,74
entry_q25,low_is_2.6,3.235115855033811e-05,0.28571428571428575,0.42105263157894735,0.21621621621621623,0.7027027027027027,0.4594594594594595,0.4594594594594595,8,11,26,29,74
entry_q25,low_is_2.6,3.6881379140071255e-05,0.2807017543859649,0.4,0.21621621621621623,0.6756756756756757,0.44594594594594594,0.44594594594594594,8,12,25,29,74
entry_q25,high_is_2.6,0.04321740565906376,0.28,0.5384615384615384,0.1891891891891892,0.8378378378378378,0.5135135135135135,0.5135135135135135,7,6,31,30,74
entry_q25,high_is_2.6,0.039492061604272405,0.2745098039215686,0.5,0.1891891891891892,0.8108108108108109,0.5,0.5,7,7,30,30,74
entry_q25,high_is_2.6,0.0337847723491034,0.2692307692307693,0.4666666666666667,0.1891891891891892,0.7837837837837838,0.4864864864864865,0.4864864864864865,7,8,29,30,74
entry_q25,low_is_2.6,2.068072582623526e-05,0.2692307692307693,0.4666666666666667,0.1891891891891892,0.7837837837837838,0.4864864864864865,0.4864864864864865,7,8,29,30,74
entry_q25,high_is_2.6,0.06024443430684893,0.26086956521739135,0.6666666666666666,0.16216216216216217,0.918918918918919,0.5405405405405406,0.5405405405405406,6,3,34,31,74
entry_q25,high_is_2.6,0.049626370477599865,0.25531914893617025,0.6,0.16216216216216217,0.8918918918918919,0.527027027027027,0.527027027027027,6,4,33,31,74
entry_q25,high_is_2.6,0.04501520853587397,0.25,0.5454545454545454,0.16216216216216217,0.8648648648648649,0.5135135135135135,0.5135135135135136,6,5,32,31,74
entry_q25,high_is_2.6,0.043643427578849814,0.2448979591836735,0.5,0.16216216216216217,0.8378378378378378,0.5,0.5,6,6,31,31,74
entry_q25,low_is_2.6,1.611229753234361e-05,0.23529411764705885,0.42857142857142855,0.16216216216216217,0.7837837837837838,0.47297297297297297,0.47297297297297297,6,8,29,31,74
entry_q25,high_is_2.6,0.07408881260812653,0.22222222222222224,0.625,0.13513513513513514,0.918918918918919,0.527027027027027,0.5270270270270271,5,3,34,32,74
entry_q25,low_is_2.6,1.215500547234641e-05,0.20408163265306126,0.4166666666666667,0.13513513513513514,0.8108108108108109,0.47297297297297297,0.472972972972973,5,7,30,32,74
entry_q25,low_is_2.6,1.329753261640813e-05,0.2,0.38461538461538464,0.13513513513513514,0.7837837837837838,0.4594594594594595,0.45945945945945943,5,8,29,32,74
entry_q25,high_is_2.6,0.08135160979539673,0.18181818181818182,0.5714285714285714,0.10810810810810811,0.918918918918919,0.5135135135135135,0.5135135135135136,4,3,34,33,74
entry_q25,low_is_2.6,1.117421492644602e-05,0.16666666666666669,0.36363636363636365,0.10810810810810811,0.8108108108108109,0.4594594594594595,0.4594594594594595,4,7,30,33,74
entry_q25,low_is_2.6,5.659968543436152e-06,0.14285714285714288,0.6,0.08108108108108109,0.9459459459459459,0.5135135135135135,0.5135135135135135,3,2,35,34,74
entry_q25,high_is_2.6,0.09365020304784855,0.13953488372093023,0.5,0.08108108108108109,0.918918918918919,0.5,0.5,3,3,34,34,74
entry_q25,low_is_2.6,6.9319641363975365e-06,0.13953488372093023,0.5,0.08108108108108109,0.918918918918919,0.5,0.5,3,3,34,34,74
entry_q25,low_is_2.6,7.739367867419552e-06,0.13636363636363638,0.42857142857142855,0.08108108108108109,0.8918918918918919,0.4864864864864865,0.4864864864864865,3,4,33,34,74
entry_q25,low_is_2.6,8.433476034252035e-06,0.13333333333333333,0.375,0.08108108108108109,0.8648648648648649,0.47297297297297297,0.472972972972973,3,5,32,34,74
entry_q25,low_is_2.6,9.112405809369822e-06,0.13043478260869568,0.3333333333333333,0.08108108108108109,0.8378378378378378,0.4594594594594595,0.45945945945945943,3,6,31,34,74
entry_q25,low_is_2.6,9.818732095973094e-06,0.12765957446808512,0.3,0.08108108108108109,0.8108108108108109,0.44594594594594594,0.44594594594594594,3,7,30,34,74
entry_q25,low_is_2.6,1.0398935371423555e-06,0.10256410256410257,1.0,0.05405405405405406,1.0,0.527027027027027,0.527027027027027,2,0,37,35,74
entry_q25,low_is_2.6,1.7245915714883983e-06,0.1,0.6666666666666666,0.05405405405405406,0.972972972972973,0.5135135135135135,0.5135135135135136,2,1,36,35,74
entry_q25,low_is_2.6,3.718045423099379e-06,0.0975609756097561,0.5,0.05405405405405406,0.9459459459459459,0.5,0.5,2,2,35,35,74
entry_q25,high_is_2.6,0.11577479342984112,0.09523809523809523,0.4,0.05405405405405406,0.918918918918919,0.4864864864864865,0.4864864864864865,2,3,34,35,74
entry_q25,low_is_2.6,5.043471815847051e-07,0.052631578947368425,1.0,0.02702702702702703,1.0,0.5135135135135135,0.5135135135135135,1,0,37,36,74
entry_q25,low_is_2.6,6.976381043207905e-07,0.052631578947368425,1.0,0.02702702702702703,1.0,0.5135135135135135,0.5135135135135135,1,0,37,36,74
entry_q25,high_is_2.6,0.1325590069622093,0.04878048780487805,0.25,0.02702702702702703,0.918918918918919,0.47297297297297297,0.472972972972973,1,3,34,36,74
entry_q25,high_is_2.6,0.20833834316583227,0.0,0.0,0.0,0.972972972972973,0.4864864864864865,0.4864864864864865,0,1,36,37,74
entry_q25,high_is_2.6,0.23184457562440727,0.0,0.0,0.0,0.972972972972973,0.4864864864864865,0.4864864864864865,0,1,36,37,74
entry_q25,high_is_2.6,0.17257895977680715,0.0,0.0,0.0,0.9459459459459459,0.47297297297297297,0.47297297297297297,0,2,35,37,74
entry_q25,high_is_2.6,0.14952533511432892,0.0,0.0,0.0,0.918918918918919,0.4594594594594595,0.4594594594594595,0,3,34,37,74
entry_q50,low_is_2.6,0.37334486052457266,0.6981132075471698,0.5362318840579711,1.0,0.13513513513513514,0.5675675675675675,0.5675675675675675,37,32,5,0,74
entry_q50,high_is_2.6,0.015316041574260296,0.6938775510204082,0.5573770491803278,0.918918918918919,0.2702702702702703,0.5945945945945946,0.5945945945945946,34,27,10,3,74
entry_q50,low_is_2.6,0.38433724904341215,0.691588785046729,0.5285714285714286,1.0,0.10810810810810811,0.5540540540540541,0.5540540540540541,37,33,4,0,74
entry_q50,high_is_2.6,0.010639355927097997,0.6868686868686869,0.5483870967741935,0.918918918918919,0.24324324324324326,0.581081081081081,0.5810810810810811,34,28,9,3,74
entry_q50,low_is_2.6,0.3698940994685118,0.6857142857142857,0.5294117647058824,0.972972972972973,0.13513513513513514,0.5540540540540541,0.5540540540540541,36,32,5,1,74
entry_q50,low_is_2.6,0.395478701267296,0.6851851851851851,0.5211267605633803,1.0,0.08108108108108109,0.5405405405405406,0.5405405405405406,37,34,3,0,74
entry_q50,high_is_2.6,0.021383586576715283,0.6804123711340206,0.55,0.8918918918918919,0.2702702702702703,0.581081081081081,0.5810810810810811,33,27,10,4,74
entry_q50,high_is_2.6,0.008267836175951886,0.68,0.5396825396825397,0.918918918918919,0.21621621621621623,0.5675675675675675,0.5675675675675675,34,29,8,3,74
entry_q50,low_is_2.6,0.32075877976265466,0.68,0.5396825396825397,0.918918918918919,0.21621621621621623,0.5675675675675675,0.5675675675675675,34,29,8,3,74
entry_q50,high_is_2.6,0.002144319409676263,0.6796116504854369,0.5303030303030303,0.9459459459459459,0.16216216216216217,0.5540540540540541,0.5540540540540541,35,31,6,2,74
entry_q50,low_is_2.6,0.40807112461222106,0.6788990825688073,0.5138888888888888,1.0,0.05405405405405406,0.527027027027027,0.527027027027027,37,35,2,0,74
entry_q50,high_is_2.6,0.005596052275027853,0.6732673267326733,0.53125,0.918918918918919,0.1891891891891892,0.5540540540540541,0.5540540540540541,34,30,7,3,74
entry_q50,low_is_2.6,0.3340242833527901,0.6732673267326733,0.53125,0.918918918918919,0.1891891891891892,0.5540540540540541,0.5540540540540541,34,30,7,3,74
entry_q50,high_is_2.6,0.0014087488469608635,0.673076923076923,0.5223880597014925,0.9459459459459459,0.13513513513513514,0.5405405405405406,0.5405405405405406,35,32,5,2,74
entry_q50,low_is_2.6,0.3617469375593182,0.673076923076923,0.5223880597014925,0.9459459459459459,0.13513513513513514,0.5405405405405406,0.5405405405405406,35,32,5,2,74
entry_q50,high_is_2.6,3.271826821767356e-05,0.6727272727272727,0.5068493150684932,1.0,0.02702702702702703,0.5135135135135135,0.5135135135135135,37,36,1,0,74
entry_q50,low_is_2.6,0.44029070161131734,0.6727272727272727,0.5068493150684932,1.0,0.02702702702702703,0.5135135135135135,0.5135135135135135,37,36,1,0,74
entry_q50,high_is_2.6,0.02825280239310752,0.6666666666666667,0.5423728813559322,0.8648648648648649,0.2702702702702703,0.5675675675675675,0.5675675675675675,32,27,10,5,74
entry_q50,low_is_2.6,0.30353908226213455,0.6666666666666666,0.532258064516129,0.8918918918918919,0.21621621621621623,0.5540540540540541,0.5540540540540541,33,29,8,4,74
entry_q50,high_is_2.6,0.0029081884203501834,0.6666666666666666,0.5230769230769231,0.918918918918919,0.16216216216216217,0.5405405405405406,0.5405405405405406,34,31,6,3,74
entry_q50,low_is_2.6,0.34692682937259955,0.6666666666666666,0.5230769230769231,0.918918918918919,0.16216216216216217,0.5405405405405406,0.5405405405405406,34,31,6,3,74
entry_q50,high_is_2.6,0.0001567862360876054,0.6666666666666666,0.5070422535211268,0.972972972972973,0.05405405405405406,0.5135135135135135,0.5135135135135136,36,35,2,1,74
entry_q50,high_is_2.6,2.2981657184921044e-05,0.6666666666666666,0.5,1.0,0.0,0.5,0.5,37,37,0,0,74
entry_q50,low_is_2.6,0.46099431221982334,0.6666666666666666,0.5,1.0,0.0,0.5,0.5,37,37,0,0,74
entry_q50,high_is_2.6,0.000954132524460348,0.6666666666666665,0.5147058823529411,0.9459459459459459,0.10810810810810811,0.527027027027027,0.527027027027027,35,33,4,2,74
entry_q50,high_is_2.6,6.927863708851737e-05,0.6605504587155964,0.5,0.972972972972973,0.02702702702702703,0.5,0.5,36,36,1,1,74
entry_q50,high_is_2.6,0.000538106182776289,0.660377358490566,0.5072463768115942,0.9459459459459459,0.08108108108108109,0.5135135135135135,0.5135135135135135,35,34,3,2,74
entry_q50,low_is_2.6,0.3541574259822382,0.6601941747572816,0.5151515151515151,0.918918918918919,0.13513513513513514,0.527027027027027,0.5270270270270271,34,32,5,3,74
entry_q50,high_is_2.6,0.00022068897313785036,0.6542056074766355,0.5,0.9459459459459459,0.05405405405405406,0.5,0.5,35,35,2,2,74
entry_q50,low_is_2.6,0.2896352923606459,0.6530612244897959,0.5245901639344263,0.8648648648648649,0.21621621621621623,0.5405405405405406,0.5405405405405406,32,29,8,5,74
entry_q50,high_is_2.6,0.03482780146444951,0.6526315789473685,0.5344827586206896,0.8378378378378378,0.2702702702702703,0.5540540540540541,0.5540540540540541,31,27,10,6,74
entry_q50,low_is_2.6,0.28440448695818166,0.6391752577319588,0.5166666666666667,0.8378378378378378,0.21621621621621623,0.527027027027027,0.527027027027027,31,29,8,6,74
entry_q50,high_is_2.6,0.04685330032803536,0.6382978723404256,0.5263157894736842,0.8108108108108109,0.2702702702702703,0.5405405405405406,0.5405405405405406,30,27,10,7,74
entry_q50,low_is_2.6,0.27791613868511233,0.6249999999999999,0.5084745762711864,0.8108108108108109,0.21621621621621623,0.5135135135135135,0.5135135135135136,30,29,8,7,74
entry_q50,high_is_2.6,0.05592672585889608,0.6236559139784947,0.5178571428571429,0.7837837837837838,0.2702702702702703,0.527027027027027,0.527027027027027,29,27,10,8,74
entry_q50,low_is_2.6,0.26400336154900944,0.6236559139784947,0.5178571428571429,0.7837837837837838,0.2702702702702703,0.527027027027027,0.527027027027027,29,27,10,8,74
entry_q50,high_is_2.6,0.05963198432730558,0.6222222222222221,0.5283018867924528,0.7567567567567568,0.32432432432432434,0.5405405405405406,0.5405405405405406,28,25,12,9,74
entry_q50,low_is_2.6,0.25544233096842583,0.6222222222222221,0.5283018867924528,0.7567567567567568,0.32432432432432434,0.5405405405405406,0.5405405405405406,28,25,12,9,74
entry_q50,high_is_2.6,0.0813432195912521,0.6206896551724138,0.54,0.7297297297297297,0.3783783783783784,0.5540540540540541,0.5540540540540541,27,23,14,10,74
entry_q50,low_is_2.6,0.27024616033867943,0.6170212765957447,0.5087719298245614,0.7837837837837838,0.24324324324324326,0.5135135135135135,0.5135135135135135,29,28,9,8,74
entry_q50,high_is_2.6,0.05838751250084338,0.6153846153846154,0.5185185185185185,0.7567567567567568,0.2972972972972973,0.527027027027027,0.5270270270270271,28,26,11,9,74
entry_q50,low_is_2.6,0.2571939689708985,0.6153846153846154,0.5185185185185185,0.7567567567567568,0.2972972972972973,0.527027027027027,0.5270270270270271,28,26,11,9,74
entry_q50,high_is_2.6,0.07706347887930143,0.6136363636363636,0.5294117647058824,0.7297297297297297,0.35135135135135137,0.5405405405405406,0.5405405405405406,27,24,13,10,74
entry_q50,low_is_2.6,0.2736242831668149,0.6105263157894737,0.5,0.7837837837837838,0.21621621621621623,0.5,0.5,29,29,8,8,74
entry_q50,high_is_2.6,0.05680536500191607,0.608695652173913,0.509090909090909,0.7567567567567568,0.2702702702702703,0.5135135135135135,0.5135135135135136,28,27,10,9,74
entry_q50,low_is_2.6,0.2595725046642283,0.608695652173913,0.509090909090909,0.7567567567567568,0.2702702702702703,0.5135135135135135,0.5135135135135136,28,27,10,9,74
entry_q50,high_is_2.6,0.06757726434591542,0.6067415730337079,0.5192307692307693,0.7297297297297297,0.32432432432432434,0.527027027027027,0.527027027027027,27,25,12,10,74
entry_q50,low_is_2.6,0.25454741153039756,0.6067415730337079,0.5192307692307693,0.7297297297297297,0.32432432432432434,0.527027027027027,0.527027027027027,27,25,12,10,74
entry_q50,high_is_2.6,0.08528055477888469,0.6046511627906977,0.5306122448979592,0.7027027027027027,0.3783783783783784,0.5405405405405406,0.5405405405405406,26,23,14,11,74
entry_q50,low_is_2.6,0.23302438723765442,0.5977011494252874,0.52,0.7027027027027027,0.35135135135135137,0.527027027027027,0.5270270270270271,26,24,13,11,74
entry_q50,low_is_2.6,0.24367749538286676,0.5909090909090909,0.5098039215686274,0.7027027027027027,0.32432432432432434,0.5135135135135135,0.5135135135135136,26,25,12,11,74
entry_q50,high_is_2.6,0.08932971633045639,0.5882352941176472,0.5208333333333334,0.6756756756756757,0.3783783783783784,0.527027027027027,0.527027027027027,25,23,14,12,74
entry_q50,low_is_2.6,0.19503061145552428,0.5853658536585367,0.5333333333333333,0.6486486486486487,0.43243243243243246,0.5405405405405406,0.5405405405405406,24,21,16,13,74
entry_q50,low_is_2.6,0.22360455391092854,0.5813953488372092,0.5102040816326531,0.6756756756756757,0.35135135135135137,0.5135135135135135,0.5135135135135135,25,24,13,12,74
entry_q50,low_is_2.6,0.19737358079816186,0.5783132530120482,0.5217391304347826,0.6486486486486487,0.40540540540540543,0.527027027027027,0.5270270270270271,24,22,15,13,74
entry_q50,low_is_2.6,0.1785038916311376,0.575,0.5348837209302325,0.6216216216216216,0.4594594594594595,0.5405405405405406,0.5405405405405406,23,20,17,14,74
entry_q50,low_is_2.6,0.16967898618012955,0.5714285714285715,0.55,0.5945945945945946,0.5135135135135135,0.5540540540540541,0.5540540540540541,22,18,19,15,74
entry_q50,high_is_2.6,0.09503425058477633,0.5714285714285715,0.5106382978723404,0.6486486486486487,0.3783783783783784,0.5135135135135135,0.5135135135135136,24,23,14,13,74
entry_q50,low_is_2.6,0.20687279233055594,0.5714285714285715,0.5106382978723404,0.6486486486486487,0.3783783783783784,0.5135135135135135,0.5135135135135136,24,23,14,13,74
entry_q50,low_is_2.6,0.18662792429586927,0.5679012345679012,0.5227272727272727,0.6216216216216216,0.43243243243243246,0.527027027027027,0.527027027027027,23,21,16,14,74
entry_q50,low_is_2.6,0.21452130353700152,0.5647058823529412,0.5,0.6486486486486487,0.35135135135135137,0.5,0.5,24,24,13,13,74
entry_q50,low_is_2.6,0.17312615691329192,0.5641025641025641,0.5365853658536586,0.5945945945945946,0.4864864864864865,0.5405405405405406,0.5405405405405406,22,19,18,15,74
entry_q50,low_is_2.6,0.1770249486600348,0.5569620253164557,0.5238095238095238,0.5945945945945946,0.4594594594594595,0.527027027027027,0.5270270270270271,22,20,17,15,74
entry_q50,high_is_2.6,0.10649857003032681,0.5542168674698795,0.5,0.6216216216216216,0.3783783783783784,0.5,0.5,23,23,14,14,74
entry_q50,low_is_2.6,0.1676017542944906,0.5526315789473685,0.5384615384615384,0.5675675675675675,0.5135135135135135,0.5405405405405406,0.5405405405405406,21,18,19,16,74
entry_q50,high_is_2.6,0.11913160398492635,0.5432098765432098,0.5,0.5945945945945946,0.40540540540540543,0.5,0.5,22,22,15,15,74
entry_q50,high_is_2.6,0.130007602774535,0.5384615384615384,0.5121951219512195,0.5675675675675675,0.4594594594594595,0.5135135135135135,0.5135135135135135,21,20,17,16,74
entry_q50,high_is_2.6,0.11688968848755066,0.5365853658536586,0.4888888888888889,0.5945945945945946,0.3783783783783784,0.4864864864864865,0.4864864864864865,22,23,14,15,74
entry_q50,low_is_2.6,0.165403175187196,0.5333333333333333,0.5263157894736842,0.5405405405405406,0.5135135135135135,0.527027027027027,0.527027027027027,20,18,19,17,74
entry_q50,high_is_2.6,0.12245011387179651,0.5316455696202531,0.5,0.5675675675675675,0.43243243243243246,0.5,0.5,21,21,16,16,74
entry_q50,high_is_2.6,0.15114138717208314,0.5263157894736842,0.5128205128205128,0.5405405405405406,0.4864864864864865,0.5135135135135135,0.5135135135135136,20,19,18,17,74
entry_q50,high_is_2.6,0.12001310912257568,0.525,0.4883720930232558,0.5675675675675675,0.40540540540540543,0.4864864864864865,0.4864864864864865,21,22,15,16,74
entry_q50,high_is_2.6,0.14353808241592592,0.5194805194805195,0.5,0.5405405405405406,0.4594594594594595,0.5,0.5,20,20,17,17,74
entry_q50,low_is_2.6,0.16171865104904423,0.5135135135135135,0.5135135135135135,0.5135135135135135,0.5135135135135135,0.5135135135135135,0.5135135135135135,19,18,19,18,74
entry_q50,high_is_2.6,0.15511933918821222,0.5066666666666666,0.5,0.5135135135135135,0.4864864864864865,0.5,0.5,19,19,18,18,74
entry_q50,low_is_2.6,0.15511933918821222,0.4931506849315069,0.5,0.4864864864864865,0.5135135135135135,0.5,0.5,18,18,19,19,74
entry_q50,high_is_2.6,0.16171865104904423,0.4864864864864865,0.4864864864864865,0.4864864864864865,0.4864864864864865,0.4864864864864865,0.4864864864864865,18,19,18,19,74
entry_q50,low_is_2.6,0.14353808241592592,0.47887323943661975,0.5,0.4594594594594595,0.5405405405405406,0.5,0.5,17,17,20,20,74
entry_q50,low_is_2.6,0.15114138717208314,0.47222222222222227,0.4857142857142857,0.4594594594594595,0.5135135135135135,0.4864864864864865,0.4864864864864865,17,18,19,20,74
entry_q50,low_is_2.6,0.12001310912257568,0.47058823529411764,0.5161290322580645,0.43243243243243246,0.5945945945945946,0.5135135135135135,0.5135135135135136,16,15,22,21,74
entry_q50,high_is_2.6,0.165403175187196,0.4657534246575342,0.4722222222222222,0.4594594594594595,0.4864864864864865,0.47297297297297297,0.472972972972973,17,19,18,20,74
entry_q50,low_is_2.6,0.12245011387179651,0.463768115942029,0.5,0.43243243243243246,0.5675675675675675,0.5,0.5,16,16,21,21,74
entry_q50,low_is_2.6,0.130007602774535,0.45714285714285713,0.48484848484848486,0.43243243243243246,0.5405405405405406,0.4864864864864865,0.4864864864864865,16,17,20,21,74
entry_q50,low_is_2.6,0.11688968848755066,0.4545454545454546,0.5172413793103449,0.40540540540540543,0.6216216216216216,0.5135135135135135,0.5135135135135135,15,14,23,22,74
entry_q50,low_is_2.6,0.11913160398492635,0.4477611940298507,0.5,0.40540540540540543,0.5945945945945946,0.5,0.5,15,15,22,22,74
entry_q50,high_is_2.6,0.1676017542944906,0.4444444444444445,0.45714285714285713,0.43243243243243246,0.4864864864864865,0.4594594594594595,0.4594594594594595,16,19,18,21,74
entry_q50,high_is_2.6,0.1770249486600348,0.43478260869565216,0.46875,0.40540540540540543,0.5405405405405406,0.47297297297297297,0.472972972972973,15,17,20,22,74
entry_q50,low_is_2.6,0.10649857003032681,0.4307692307692308,0.5,0.3783783783783784,0.6216216216216216,0.5,0.5,14,14,23,23,74
entry_q50,high_is_2.6,0.17312615691329192,0.42857142857142855,0.45454545454545453,0.40540540540540543,0.5135135135135135,0.4594594594594595,0.45945945945945943,15,18,19,22,74
entry_q50,high_is_2.6,0.16967898618012955,0.4225352112676056,0.4411764705882353,0.40540540540540543,0.4864864864864865,0.44594594594594594,0.44594594594594594,15,19,18,22,74
entry_q50,high_is_2.6,0.18662792429586927,0.417910447761194,0.4666666666666667,0.3783783783783784,0.5675675675675675,0.47297297297297297,0.47297297297297297,14,16,21,23,74
entry_q50,high_is_2.6,0.21452130353700152,0.41269841269841273,0.5,0.35135135135135137,0.6486486486486487,0.5,0.5,13,13,24,24,74
entry_q50,high_is_2.6,0.1785038916311376,0.411764705882353,0.45161290322580644,0.3783783783783784,0.5405405405405406,0.4594594594594595,0.4594594594594595,14,17,20,23,74
entry_q50,high_is_2.6,0.20687279233055594,0.40625,0.48148148148148145,0.35135135135135137,0.6216216216216216,0.4864864864864865,0.4864864864864865,13,14,23,24,74
entry_q50,low_is_2.6,0.09503425058477633,0.40625,0.48148148148148145,0.35135135135135137,0.6216216216216216,0.4864864864864865,0.4864864864864865,13,14,23,24,74
entry_q50,high_is_2.6,0.19737358079816186,0.39999999999999997,0.4642857142857143,0.35135135135135137,0.5945945945945946,0.47297297297297297,0.472972972972973,13,15,22,24,74
entry_q50,high_is_2.6,0.19503061145552428,0.393939393939394,0.4482758620689655,0.35135135135135137,0.5675675675675675,0.4594594594594595,0.45945945945945943,13,16,21,24,74
entry_q50,high_is_2.6,0.22360455391092854,0.3870967741935484,0.48,0.32432432432432434,0.6486486486486487,0.4864864864864865,0.4864864864864865,12,13,24,25,74
entry_q50,low_is_2.6,0.08932971633045639,0.38095238095238093,0.46153846153846156,0.32432432432432434,0.6216216216216216,0.47297297297297297,0.47297297297297297,12,14,23,25,74
entry_q50,high_is_2.6,0.24367749538286676,0.3666666666666667,0.4782608695652174,0.2972972972972973,0.6756756756756757,0.4864864864864865,0.4864864864864865,11,12,25,26,74
entry_q50,high_is_2.6,0.23302438723765442,0.36065573770491804,0.4583333333333333,0.2972972972972973,0.6486486486486487,0.47297297297297297,0.472972972972973,11,13,24,26,74
entry_q50,low_is_2.6,0.08528055477888469,0.3548387096774193,0.44,0.2972972972972973,0.6216216216216216,0.4594594594594595,0.45945945945945943,11,14,23,26,74
entry_q50,high_is_2.6,0.25454741153039756,0.33898305084745767,0.45454545454545453,0.2702702702702703,0.6756756756756757,0.47297297297297297,0.47297297297297297,10,12,25,27,74
entry_q50,low_is_2.6,0.06757726434591542,0.33898305084745767,0.45454545454545453,0.2702702702702703,0.6756756756756757,0.47297297297297297,0.47297297297297297,10,12,25,27,74
entry_q50,low_is_2.6,0.07706347887930143,0.3333333333333333,0.43478260869565216,0.2702702702702703,0.6486486486486487,0.4594594594594595,0.4594594594594595,10,13,24,27,74
entry_q50,low_is_2.6,0.0813432195912521,0.3278688524590164,0.4166666666666667,0.2702702702702703,0.6216216216216216,0.44594594594594594,0.44594594594594594,10,14,23,27,74
entry_q50,high_is_2.6,0.2595725046642283,0.3214285714285714,0.47368421052631576,0.24324324324324326,0.7297297297297297,0.4864864864864865,0.4864864864864865,9,10,27,28,74
entry_q50,low_is_2.6,0.05680536500191607,0.3214285714285714,0.47368421052631576,0.24324324324324326,0.7297297297297297,0.4864864864864865,0.4864864864864865,9,10,27,28,74
entry_q50,high_is_2.6,0.2571939689708985,0.3157894736842105,0.45,0.24324324324324326,0.7027027027027027,0.47297297297297297,0.472972972972973,9,11,26,28,74
entry_q50,low_is_2.6,0.05838751250084338,0.3157894736842105,0.45,0.24324324324324326,0.7027027027027027,0.47297297297297297,0.472972972972973,9,11,26,28,74
entry_q50,high_is_2.6,0.25544233096842583,0.3103448275862069,0.42857142857142855,0.24324324324324326,0.6756756756756757,0.4594594594594595,0.45945945945945943,9,12,25,28,74
entry_q50,low_is_2.6,0.05963198432730558,0.3103448275862069,0.42857142857142855,0.24324324324324326,0.6756756756756757,0.4594594594594595,0.45945945945945943,9,12,25,28,74
entry_q50,high_is_2.6,0.2736242831668149,0.3018867924528302,0.5,0.21621621621621623,0.7837837837837838,0.5,0.5,8,8,29,29,74
entry_q50,high_is_2.6,0.27024616033867943,0.29629629629629634,0.47058823529411764,0.21621621621621623,0.7567567567567568,0.4864864864864865,0.4864864864864865,8,9,28,29,74
entry_q50,high_is_2.6,0.26400336154900944,0.2909090909090909,0.4444444444444444,0.21621621621621623,0.7297297297297297,0.47297297297297297,0.47297297297297297,8,10,27,29,74
entry_q50,low_is_2.6,0.05592672585889608,0.2909090909090909,0.4444444444444444,0.21621621621621623,0.7297297297297297,0.47297297297297297,0.47297297297297297,8,10,27,29,74
entry_q50,high_is_2.6,0.27791613868511233,0.2692307692307693,0.4666666666666667,0.1891891891891892,0.7837837837837838,0.4864864864864865,0.4864864864864865,7,8,29,30,74
entry_q50,low_is_2.6,0.04685330032803536,0.2592592592592593,0.4117647058823529,0.1891891891891892,0.7297297297297297,0.4594594594594595,0.45945945945945943,7,10,27,30,74
entry_q50,high_is_2.6,0.28440448695818166,0.23529411764705885,0.42857142857142855,0.16216216216216217,0.7837837837837838,0.47297297297297297,0.47297297297297297,6,8,29,31,74
entry_q50,low_is_2.6,0.03482780146444951,0.22641509433962265,0.375,0.16216216216216217,0.7297297297297297,0.44594594594594594,0.44594594594594594,6,10,27,31,74
entry_q50,high_is_2.6,0.2896352923606459,0.2,0.38461538461538464,0.13513513513513514,0.7837837837837838,0.4594594594594595,0.45945945945945943,5,8,29,32,74
entry_q50,low_is_2.6,0.02825280239310752,0.1923076923076923,0.3333333333333333,0.13513513513513514,0.7297297297297297,0.43243243243243246,0.43243243243243246,5,10,27,32,74
entry_q50,high_is_2.6,0.30353908226213455,0.163265306122449,0.3333333333333333,0.10810810810810811,0.7837837837837838,0.44594594594594594,0.44594594594594594,4,8,29,33,74
entry_q50,low_is_2.6,0.021383586576715283,0.1568627450980392,0.2857142857142857,0.10810810810810811,0.7297297297297297,0.4189189189189189,0.4189189189189189,4,10,27,33,74
entry_q50,high_is_2.6,0.3541574259822382,0.13333333333333333,0.375,0.08108108108108109,0.8648648648648649,0.47297297297297297,0.472972972972973,3,5,32,34,74
entry_q50,high_is_2.6,0.34692682937259955,0.13043478260869568,0.3333333333333333,0.08108108108108109,0.8378378378378378,0.4594594594594595,0.45945945945945943,3,6,31,34,74
entry_q50,low_is_2.6,0.0029081884203501834,0.13043478260869568,0.3333333333333333,0.08108108108108109,0.8378378378378378,0.4594594594594595,0.45945945945945943,3,6,31,34,74
entry_q50,high_is_2.6,0.3340242833527901,0.12765957446808512,0.3,0.08108108108108109,0.8108108108108109,0.44594594594594594,0.44594594594594594,3,7,30,34,74
entry_q50,low_is_2.6,0.005596052275027853,0.12765957446808512,0.3,0.08108108108108109,0.8108108108108109,0.44594594594594594,0.44594594594594594,3,7,30,34,74
entry_q50,high_is_2.6,0.32075877976265466,0.125,0.2727272727272727,0.08108108108108109,0.7837837837837838,0.43243243243243246,0.43243243243243246,3,8,29,34,74
entry_q50,low_is_2.6,0.008267836175951886,0.125,0.2727272727272727,0.08108108108108109,0.7837837837837838,0.43243243243243246,0.43243243243243246,3,8,29,34,74
entry_q50,low_is_2.6,0.010639355927097997,0.12244897959183675,0.25,0.08108108108108109,0.7567567567567568,0.4189189189189189,0.41891891891891897,3,9,28,34,74
entry_q50,low_is_2.6,0.015316041574260296,0.12,0.23076923076923078,0.08108108108108109,0.7297297297297297,0.40540540540540543,0.4054054054054054,3,10,27,34,74
entry_q50,low_is_2.6,0.00022068897313785036,0.0975609756097561,0.5,0.05405405405405406,0.9459459459459459,0.5,0.5,2,2,35,35,74
entry_q50,low_is_2.6,0.000538106182776289,0.09523809523809523,0.4,0.05405405405405406,0.918918918918919,0.4864864864864865,0.4864864864864865,2,3,34,35,74
entry_q50,low_is_2.6,0.000954132524460348,0.09302325581395349,0.3333333333333333,0.05405405405405406,0.8918918918918919,0.47297297297297297,0.47297297297297297,2,4,33,35,74
entry_q50,high_is_2.6,0.3617469375593182,0.09090909090909091,0.2857142857142857,0.05405405405405406,0.8648648648648649,0.4594594594594595,0.4594594594594595,2,5,32,35,74
entry_q50,low_is_2.6,0.0014087488469608635,0.09090909090909091,0.2857142857142857,0.05405405405405406,0.8648648648648649,0.4594594594594595,0.4594594594594595,2,5,32,35,74
entry_q50,low_is_2.6,0.002144319409676263,0.08888888888888889,0.25,0.05405405405405406,0.8378378378378378,0.44594594594594594,0.44594594594594594,2,6,31,35,74
entry_q50,low_is_2.6,6.927863708851737e-05,0.05128205128205129,0.5,0.02702702702702703,0.972972972972973,0.5,0.5,1,1,36,36,74
entry_q50,low_is_2.6,0.0001567862360876054,0.05,0.3333333333333333,0.02702702702702703,0.9459459459459459,0.4864864864864865,0.4864864864864865,1,2,35,36,74
entry_q50,high_is_2.6,0.3698940994685118,0.046511627906976744,0.16666666666666666,0.02702702702702703,0.8648648648648649,0.44594594594594594,0.44594594594594594,1,5,32,36,74
entry_q50,high_is_2.6,0.44029070161131734,0.0,0.0,0.0,0.972972972972973,0.4864864864864865,0.4864864864864865,0,1,36,37,74
entry_q50,high_is_2.6,0.46099431221982334,0.0,0.0,0.0,0.972972972972973,0.4864864864864865,0.4864864864864865,0,1,36,37,74
entry_q50,low_is_2.6,2.2981657184921044e-05,0.0,0.0,0.0,0.972972972972973,0.4864864864864865,0.4864864864864865,0,1,36,37,74
entry_q50,low_is_2.6,3.271826821767356e-05,0.0,0.0,0.0,0.972972972972973,0.4864864864864865,0.4864864864864865,0,1,36,37,74
entry_q50,high_is_2.6,0.40807112461222106,0.0,0.0,0.0,0.9459459459459459,0.47297297297297297,0.47297297297297297,0,2,35,37,74
entry_q50,high_is_2.6,0.395478701267296,0.0,0.0,0.0,0.918918918918919,0.4594594594594595,0.4594594594594595,0,3,34,37,74
entry_q50,high_is_2.6,0.38433724904341215,0.0,0.0,0.0,0.8918918918918919,0.44594594594594594,0.44594594594594594,0,4,33,37,74
entry_q50,high_is_2.6,0.37334486052457266,0.0,0.0,0.0,0.8648648648648649,0.43243243243243246,0.43243243243243246,0,5,32,37,74
entry_q75,low_is_2.6,0.5023379656270112,0.6804123711340206,0.55,0.8918918918918919,0.2702702702702703,0.581081081081081,0.5810810810810811,33,27,10,4,74
entry_q75,low_is_2.6,0.5042259118547805,0.673469387755102,0.5409836065573771,0.8918918918918919,0.24324324324324326,0.5675675675675675,0.5675675675675675,33,28,9,4,74
entry_q75,low_is_2.6,0.634631964222401,0.6728971962616821,0.5142857142857142,0.972972972972973,0.08108108108108109,0.527027027027027,0.5270270270270271,36,34,3,1,74
entry_q75,low_is_2.6,0.7946547351063242,0.6727272727272727,0.5068493150684932,1.0,0.02702702702702703,0.5135135135135135,0.5135135135135135,37,36,1,0,74
entry_q75,low_is_2.6,0.5014000529225191,0.6666666666666667,0.5423728813559322,0.8648648648648649,0.2702702702702703,0.5675675675675675,0.5675675675675675,32,27,10,5,74
entry_q75,low_is_2.6,0.5071775162814577,0.6666666666666666,0.532258064516129,0.8918918918918919,0.21621621621621623,0.5540540540540541,0.5540540540540541,33,29,8,4,74
entry_q75,low_is_2.6,0.6607106363877724,0.6666666666666666,0.5070422535211268,0.972972972972973,0.05405405405405406,0.5135135135135135,0.5135135135135136,36,35,2,1,74
entry_q75,high_is_2.6,0.02383769107205508,0.6666666666666666,0.5,1.0,0.0,0.5,0.5,37,37,0,0,74
entry_q75,low_is_2.6,0.8947291434511537,0.6666666666666666,0.5,1.0,0.0,0.5,0.5,37,37,0,0,74
entry_q75,high_is_2.6,0.200385513111941,0.6666666666666665,0.5147058823529411,0.9459459459459459,0.10810810810810811,0.527027027027027,0.527027027027027,35,33,4,2,74
entry_q75,low_is_2.6,0.6805800504177104,0.6605504587155964,0.5,0.972972972972973,0.02702702702702703,0.5,0.5,36,36,1,1,74
entry_q75,high_is_2.6,0.19527491073500455,0.660377358490566,0.5072463768115942,0.9459459459459459,0.08108108108108109,0.5135135135135135,0.5135135135135135,35,34,3,2,74
entry_q75,low_is_2.6,0.6030537424014797,0.660377358490566,0.5072463768115942,0.9459459459459459,0.08108108108108109,0.5135135135135135,0.5135135135135135,35,34,3,2,74
entry_q75,low_is_2.6,0.5319410925994821,0.6601941747572816,0.5151515151515151,0.918918918918919,0.13513513513513514,0.527027027027027,0.5270270270270271,34,32,5,3,74
entry_q75,low_is_2.6,0.5100749012653139,0.6599999999999999,0.5238095238095238,0.8918918918918919,0.1891891891891892,0.5405405405405406,0.5405405405405406,33,30,7,4,74
entry_q75,low_is_2.6,0.500870872167186,0.6595744680851063,0.543859649122807,0.8378378378378378,0.2972972972972973,0.5675675675675675,0.5675675675675675,31,26,11,6,74
entry_q75,high_is_2.6,0.05486536660541312,0.6545454545454545,0.4931506849315068,0.972972972972973,0.0,0.4864864864864865,0.4864864864864865,36,37,0,1,74
entry_q75,high_is_2.6,0.17431956904056872,0.6542056074766355,0.5,0.9459459459459459,0.05405405405405406,0.5,0.5,35,35,2,2,74
entry_q75,high_is_2.6,0.21278588974822352,0.6538461538461539,0.5074626865671642,0.918918918918919,0.10810810810810811,0.5135135135135135,0.5135135135135136,34,33,4,3,74
entry_q75,low_is_2.6,0.5576674953995606,0.6538461538461539,0.5074626865671642,0.918918918918919,0.10810810810810811,0.5135135135135135,0.5135135135135136,34,33,4,3,74
entry_q75,low_is_2.6,0.5121458525514946,0.6534653465346535,0.515625,0.8918918918918919,0.16216216216216217,0.527027027027027,0.527027027027027,33,31,6,4,74
entry_q75,low_is_2.6,0.5011855537871125,0.6526315789473685,0.5344827586206896,0.8378378378378378,0.2702702702702703,0.5540540540540541,0.5540540540540541,31,27,10,6,74
entry_q75,low_is_2.6,0.4936566842717304,0.6521739130434782,0.5454545454545454,0.8108108108108109,0.32432432432432434,0.5675675675675675,0.5675675675675675,30,25,12,7,74
entry_q75,high_is_2.6,0.15556566019127174,0.6481481481481483,0.49295774647887325,0.9459459459459459,0.02702702702702703,0.4864864864864865,0.4864864864864865,35,36,1,2,74
entry_q75,low_is_2.6,0.5808353367426948,0.6476190476190476,0.5,0.918918918918919,0.08108108108108109,0.5,0.5,34,34,3,3,74
entry_q75,low_is_2.6,0.5158339009260606,0.6470588235294117,0.5076923076923077,0.8918918918918919,0.13513513513513514,0.5135135135135135,0.5135135135135135,33,32,5,4,74
entry_q75,low_is_2.6,0.4984470188005288,0.6451612903225806,0.5357142857142857,0.8108108108108109,0.2972972972972973,0.5540540540540541,0.5540540540540541,30,26,11,7,74
entry_q75,high_is_2.6,0.1193085173234526,0.6422018348623854,0.4861111111111111,0.9459459459459459,0.0,0.47297297297297297,0.47297297297297297,35,37,0,2,74
entry_q75,high_is_2.6,0.23405686179645507,0.6407766990291263,0.5,0.8918918918918919,0.10810810810810811,0.5,0.5,33,33,4,4,74
entry_q75,low_is_2.6,0.49047550060924716,0.6373626373626374,0.5370370370370371,0.7837837837837838,0.32432432432432434,0.5540540540540541,0.5540540540540541,29,25,12,8,74
entry_q75,high_is_2.6,0.247203198912332,0.6274509803921569,0.49230769230769234,0.8648648648648649,0.10810810810810811,0.4864864864864865,0.4864864864864865,32,33,4,5,74
entry_q75,low_is_2.6,0.48373375895229986,0.6222222222222221,0.5283018867924528,0.7567567567567568,0.32432432432432434,0.5405405405405406,0.5405405405405406,28,25,12,9,74
entry_q75,high_is_2.6,0.26098651700448205,0.62,0.49206349206349204,0.8378378378378378,0.13513513513513514,0.4864864864864865,0.4864864864864865,31,32,5,6,74
entry_q75,high_is_2.6,0.2543903292232961,0.6138613861386139,0.484375,0.8378378378378378,0.10810810810810811,0.47297297297297297,0.47297297297297297,31,33,4,6,74
entry_q75,high_is_2.6,0.27469820514201315,0.6122448979591837,0.4918032786885246,0.8108108108108109,0.16216216216216217,0.4864864864864865,0.4864864864864865,30,31,6,7,74
entry_q75,low_is_2.6,0.47276572385745164,0.6067415730337079,0.5192307692307693,0.7297297297297297,0.32432432432432434,0.527027027027027,0.527027027027027,27,25,12,10,74
entry_q75,high_is_2.6,0.26758360289932953,0.606060606060606,0.4838709677419355,0.8108108108108109,0.13513513513513514,0.47297297297297297,0.472972972972973,30,32,5,7,74
entry_q75,low_is_2.6,0.45198266885311156,0.6046511627906977,0.5306122448979592,0.7027027027027027,0.3783783783783784,0.5405405405405406,0.5405405405405406,26,23,14,11,74
entry_q75,high_is_2.6,0.2831740607586255,0.5979381443298969,0.48333333333333334,0.7837837837837838,0.16216216216216217,0.47297297297297297,0.47297297297297297,29,31,6,8,74
entry_q75,low_is_2.6,0.45368680490781277,0.5977011494252874,0.52,0.7027027027027027,0.35135135135135137,0.527027027027027,0.5270270270270271,26,24,13,11,74
entry_q75,low_is_2.6,0.4613743672023872,0.5909090909090909,0.5098039215686274,0.7027027027027027,0.32432432432432434,0.5135135135135135,0.5135135135135136,26,25,12,11,74
entry_q75,low_is_2.6,0.45122367123894536,0.5882352941176472,0.5208333333333334,0.6756756756756757,0.3783783783783784,0.527027027027027,0.527027027027027,25,23,14,12,74
entry_q75,high_is_2.6,0.32946135889269673,0.5869565217391305,0.4909090909090909,0.7297297297297297,0.24324324324324326,0.4864864864864865,0.4864864864864865,27,28,9,10,74
entry_q75,high_is_2.6,0.3383778054310884,0.5842696629213484,0.5,0.7027027027027027,0.2972972972972973,0.5,0.5,26,26,11,11,74
entry_q75,high_is_2.6,0.29617737750319806,0.5833333333333334,0.4745762711864407,0.7567567567567568,0.16216216216216217,0.4594594594594595,0.4594594594594595,28,31,6,9,74
entry_q75,high_is_2.6,0.32279647166008824,0.5806451612903226,0.48214285714285715,0.7297297297297297,0.21621621621621623,0.47297297297297297,0.47297297297297297,27,29,8,10,74
entry_q75,low_is_2.6,0.446215864557459,0.5783132530120482,0.5217391304347826,0.6486486486486487,0.40540540540540543,0.527027027027027,0.5270270270270271,24,22,15,13,74
entry_q75,high_is_2.6,0.33451732548591206,0.5777777777777777,0.49056603773584906,0.7027027027027027,0.2702702702702703,0.4864864864864865,0.4864864864864865,26,27,10,11,74
entry_q75,high_is_2.6,0.31700378096173676,0.5744680851063829,0.47368421052631576,0.7297297297297297,0.1891891891891892,0.4594594594594595,0.45945945945945943,27,30,7,10,74
entry_q75,low_is_2.6,0.44962051076068255,0.5714285714285715,0.5106382978723404,0.6486486486486487,0.3783783783783784,0.5135135135135135,0.5135135135135136,24,23,14,13,74
entry_q75,high_is_2.6,0.3329692454436526,0.5714285714285714,0.48148148148148145,0.7027027027027027,0.24324324324324326,0.47297297297297297,0.472972972972973,26,28,9,11,74
entry_q75,high_is_2.6,0.30979300410709076,0.5684210526315788,0.46551724137931033,0.7297297297297297,0.16216216216216217,0.44594594594594594,0.44594594594594594,27,31,6,10,74
entry_q75,high_is_2.6,0.3410857324521124,0.5681818181818181,0.49019607843137253,0.6756756756756757,0.2972972972972973,0.4864864864864865,0.4864864864864865,25,26,11,12,74
entry_q75,low_is_2.6,0.4419939989899146,0.5609756097560976,0.5111111111111111,0.6216216216216216,0.40540540540540543,0.5135135135135135,0.5135135135135135,23,22,15,14,74
entry_q75,high_is_2.6,0.34294775204158323,0.5581395348837208,0.4897959183673469,0.6486486486486487,0.32432432432432434,0.4864864864864865,0.4864864864864865,24,25,12,13,74
entry_q75,low_is_2.6,0.42292130349828483,0.5569620253164557,0.5238095238095238,0.5945945945945946,0.4594594594594595,0.527027027027027,0.5270270270270271,22,20,17,15,74
entry_q75,high_is_2.6,0.3528392696002104,0.5542168674698795,0.5,0.6216216216216216,0.3783783783783784,0.5,0.5,23,23,14,14,74
entry_q75,high_is_2.6,0.34168042548417893,0.5517241379310345,0.48,0.6486486486486487,0.2972972972972973,0.47297297297297297,0.472972972972973,24,26,11,13,74
entry_q75,low_is_2.6,0.43187441274139016,0.55,0.5116279069767442,0.5945945945945946,0.43243243243243246,0.5135135135135135,0.5135135135135136,22,21,16,15,74
entry_q75,high_is_2.6,0.35029631889041685,0.5476190476190476,0.48936170212765956,0.6216216216216216,0.35135135135135137,0.4864864864864865,0.4864864864864865,23,24,13,14,74
entry_q75,high_is_2.6,0.3553034221805776,0.5432098765432098,0.5,0.5945945945945946,0.40540540540540543,0.5,0.5,22,22,15,15,74
entry_q75,low_is_2.6,0.436148054568696,0.5432098765432098,0.5,0.5945945945945946,0.40540540540540543,0.5,0.5,22,22,15,15,74
entry_q75,high_is_2.6,0.34619033325859006,0.5411764705882353,0.4791666666666667,0.6216216216216216,0.32432432432432434,0.47297297297297297,0.47297297297297297,23,25,12,14,74
entry_q75,low_is_2.6,0.4137502673865827,0.5384615384615384,0.5121951219512195,0.5675675675675675,0.4594594594594595,0.5135135135135135,0.5135135135135135,21,20,17,16,74
entry_q75,high_is_2.6,0.35447253564818715,0.5365853658536586,0.4888888888888889,0.5945945945945946,0.3783783783783784,0.4864864864864865,0.4864864864864865,22,23,14,15,74
entry_q75,high_is_2.6,0.3614539336166068,0.5316455696202531,0.5,0.5675675675675675,0.43243243243243246,0.5,0.5,21,21,16,16,74
entry_q75,low_is_2.6,0.39165485229064156,0.5263157894736842,0.5128205128205128,0.5405405405405406,0.4864864864864865,0.5135135135135135,0.5135135135135136,20,19,18,17,74
entry_q75,high_is_2.6,0.3565924415261198,0.525,0.4883720930232558,0.5675675675675675,0.40540540540540543,0.4864864864864865,0.4864864864864865,21,22,15,16,74
entry_q75,high_is_2.6,0.37218575427095235,0.5194805194805195,0.5,0.5405405405405406,0.4594594594594595,0.5,0.5,20,20,17,17,74
entry_q75,low_is_2.6,0.40428690434839465,0.5194805194805195,0.5,0.5405405405405406,0.4594594594594595,0.5,0.5,20,20,17,17,74
entry_q75,high_is_2.6,0.3845443341881811,0.5135135135135135,0.5135135135135135,0.5135135135135135,0.5135135135135135,0.5135135135135135,0.5135135135135135,19,18,19,18,74
entry_q75,high_is_2.6,0.36638902018858877,0.5128205128205128,0.4878048780487805,0.5405405405405406,0.43243243243243246,0.4864864864864865,0.4864864864864865,20,21,16,17,74
entry_q75,high_is_2.6,0.38286427395245615,0.5066666666666666,0.5,0.5135135135135135,0.4864864864864865,0.5,0.5,19,19,18,18,74
entry_q75,low_is_2.6,0.3863881673440004,0.5066666666666666,0.5,0.5135135135135135,0.4864864864864865,0.5,0.5,19,19,18,18,74
entry_q75,low_is_2.6,0.37934866038373893,0.5,0.5142857142857142,0.4864864864864865,0.5405405405405406,0.5135135135135135,0.5135135135135136,18,17,20,19,74
entry_q75,high_is_2.6,0.37934866038373893,0.5,0.48717948717948717,0.5135135135135135,0.4594594594594595,0.4864864864864865,0.4864864864864865,19,20,17,18,74
entry_q75,high_is_2.6,0.3863881673440004,0.4931506849315069,0.5,0.4864864864864865,0.5135135135135135,0.5,0.5,18,18,19,19,74
entry_q75,low_is_2.6,0.38286427395245615,0.4931506849315069,0.5,0.4864864864864865,0.5135135135135135,0.5,0.5,18,18,19,19,74
entry_q75,low_is_2.6,0.3845443341881811,0.4864864864864865,0.4864864864864865,0.4864864864864865,0.4864864864864865,0.4864864864864865,0.4864864864864865,18,19,18,19,74
entry_q75,low_is_2.6,0.36638902018858877,0.48571428571428577,0.5151515151515151,0.4594594594594595,0.5675675675675675,0.5135135135135135,0.5135135135135135,17,16,21,20,74
entry_q75,high_is_2.6,0.40428690434839465,0.47887323943661975,0.5,0.4594594594594595,0.5405405405405406,0.5,0.5,17,17,20,20,74
entry_q75,low_is_2.6,0.37218575427095235,0.47887323943661975,0.5,0.4594594594594595,0.5405405405405406,0.5,0.5,17,17,20,20,74
entry_q75,high_is_2.6,0.39165485229064156,0.47222222222222227,0.4857142857142857,0.4594594594594595,0.5135135135135135,0.4864864864864865,0.4864864864864865,17,18,19,20,74
entry_q75,low_is_2.6,0.3565924415261198,0.47058823529411764,0.5161290322580645,0.43243243243243246,0.5945945945945946,0.5135135135135135,0.5135135135135136,16,15,22,21,74
entry_q75,low_is_2.6,0.3614539336166068,0.463768115942029,0.5,0.43243243243243246,0.5675675675675675,0.5,0.5,16,16,21,21,74
entry_q75,high_is_2.6,0.4137502673865827,0.45714285714285713,0.48484848484848486,0.43243243243243246,0.5405405405405406,0.4864864864864865,0.4864864864864865,16,17,20,21,74
entry_q75,low_is_2.6,0.35447253564818715,0.4545454545454546,0.5172413793103449,0.40540540540540543,0.6216216216216216,0.5135135135135135,0.5135135135135135,15,14,23,22,74
entry_q75,high_is_2.6,0.436148054568696,0.4477611940298507,0.5,0.40540540540540543,0.5945945945945946,0.5,0.5,15,15,22,22,74
entry_q75,low_is_2.6,0.3553034221805776,0.4477611940298507,0.5,0.40540540540540543,0.5945945945945946,0.5,0.5,15,15,22,22,74
entry_q75,low_is_2.6,0.34619033325859006,0.4444444444444445,0.5384615384615384,0.3783783783783784,0.6756756756756757,0.527027027027027,0.527027027027027,14,12,25,23,74
entry_q75,high_is_2.6,0.43187441274139016,0.4411764705882353,0.4838709677419355,0.40540540540540543,0.5675675675675675,0.4864864864864865,0.4864864864864865,15,16,21,22,74
entry_q75,low_is_2.6,0.35029631889041685,0.4375,0.5185185185185185,0.3783783783783784,0.6486486486486487,0.5135135135135135,0.5135135135135136,14,13,24,23,74
entry_q75,high_is_2.6,0.42292130349828483,0.43478260869565216,0.46875,0.40540540540540543,0.5405405405405406,0.47297297297297297,0.472972972972973,15,17,20,22,74
entry_q75,low_is_2.6,0.3528392696002104,0.4307692307692308,0.5,0.3783783783783784,0.6216216216216216,0.5,0.5,14,14,23,23,74
entry_q75,low_is_2.6,0.34168042548417893,0.4262295081967213,0.5416666666666666,0.35135135135135137,0.7027027027027027,0.527027027027027,0.5270270270270271,13,11,26,24,74
entry_q75,high_is_2.6,0.4419939989899146,0.42424242424242425,0.4827586206896552,0.3783783783783784,0.5945945945945946,0.4864864864864865,0.4864864864864865,14,15,22,23,74
entry_q75,low_is_2.6,0.34294775204158323,0.4193548387096775,0.52,0.35135135135135137,0.6756756756756757,0.5135135135135135,0.5135135135135135,13,12,25,24,74
entry_q75,high_is_2.6,0.44962051076068255,0.40625,0.48148148148148145,0.35135135135135137,0.6216216216216216,0.4864864864864865,0.4864864864864865,13,14,23,24,74
entry_q75,low_is_2.6,0.3410857324521124,0.4,0.5217391304347826,0.32432432432432434,0.7027027027027027,0.5135135135135135,0.5135135135135136,12,11,26,25,74
entry_q75,high_is_2.6,0.446215864557459,0.39999999999999997,0.4642857142857143,0.35135135135135137,0.5945945945945946,0.47297297297297297,0.472972972972973,13,15,22,24,74
entry_q75,low_is_2.6,0.3329692454436526,0.38596491228070173,0.55,0.2972972972972973,0.7567567567567568,0.527027027027027,0.5270270270270271,11,9,28,26,74
entry_q75,high_is_2.6,0.45122367123894536,0.38095238095238093,0.46153846153846156,0.32432432432432434,0.6216216216216216,0.47297297297297297,0.47297297297297297,12,14,23,25,74
entry_q75,low_is_2.6,0.33451732548591206,0.37931034482758624,0.5238095238095238,0.2972972972972973,0.7297297297297297,0.5135135135135135,0.5135135135135135,11,10,27,26,74
entry_q75,low_is_2.6,0.30979300410709076,0.3773584905660377,0.625,0.2702702702702703,0.8378378378378378,0.5540540540540541,0.5540540540540541,10,6,31,27,74
entry_q75,low_is_2.6,0.3383778054310884,0.3728813559322034,0.5,0.2972972972972973,0.7027027027027027,0.5,0.5,11,11,26,26,74
entry_q75,low_is_2.6,0.31700378096173676,0.37037037037037035,0.5882352941176471,0.2702702702702703,0.8108108108108109,0.5405405405405406,0.5405405405405406,10,7,30,27,74
entry_q75,high_is_2.6,0.4613743672023872,0.3666666666666667,0.4782608695652174,0.2972972972972973,0.6756756756756757,0.4864864864864865,0.4864864864864865,11,12,25,26,74
entry_q75,low_is_2.6,0.32279647166008824,0.36363636363636365,0.5555555555555556,0.2702702702702703,0.7837837837837838,0.527027027027027,0.527027027027027,10,8,29,27,74
entry_q75,high_is_2.6,0.45368680490781277,0.36065573770491804,0.4583333333333333,0.2972972972972973,0.6486486486486487,0.47297297297297297,0.472972972972973,11,13,24,26,74
entry_q75,low_is_2.6,0.32946135889269673,0.35714285714285715,0.5263157894736842,0.2702702702702703,0.7567567567567568,0.5135135135135135,0.5135135135135136,10,9,28,27,74
entry_q75,high_is_2.6,0.45198266885311156,0.3548387096774193,0.44,0.2972972972972973,0.6216216216216216,0.4594594594594595,0.45945945945945943,11,14,23,26,74
entry_q75,low_is_2.6,0.29617737750319806,0.34615384615384615,0.6,0.24324324324324326,0.8378378378378378,0.5405405405405406,0.5405405405405406,9,6,31,28,74
entry_q75,high_is_2.6,0.47276572385745164,0.33898305084745767,0.45454545454545453,0.2702702702702703,0.6756756756756757,0.47297297297297297,0.47297297297297297,10,12,25,27,74
entry_q75,low_is_2.6,0.2831740607586255,0.3137254901960784,0.5714285714285714,0.21621621621621623,0.8378378378378378,0.527027027027027,0.527027027027027,8,6,31,29,74
entry_q75,high_is_2.6,0.48373375895229986,0.3103448275862069,0.42857142857142855,0.24324324324324326,0.6756756756756757,0.4594594594594595,0.45945945945945943,9,12,25,28,74
entry_q75,low_is_2.6,0.26758360289932953,0.28571428571428575,0.5833333333333334,0.1891891891891892,0.8648648648648649,0.527027027027027,0.5270270270270271,7,5,32,30,74
entry_q75,high_is_2.6,0.49047550060924716,0.2807017543859649,0.4,0.21621621621621623,0.6756756756756757,0.44594594594594594,0.44594594594594594,8,12,25,29,74
entry_q75,low_is_2.6,0.27469820514201315,0.28,0.5384615384615384,0.1891891891891892,0.8378378378378378,0.5135135135135135,0.5135135135135135,7,6,31,30,74
entry_q75,low_is_2.6,0.2543903292232961,0.25531914893617025,0.6,0.16216216216216217,0.8918918918918919,0.527027027027027,0.527027027027027,6,4,33,31,74
entry_q75,high_is_2.6,0.4984470188005288,0.2545454545454546,0.3888888888888889,0.1891891891891892,0.7027027027027027,0.44594594594594594,0.44594594594594594,7,11,26,30,74
entry_q75,low_is_2.6,0.26098651700448205,0.25,0.5454545454545454,0.16216216216216217,0.8648648648648649,0.5135135135135135,0.5135135135135136,6,5,32,31,74
entry_q75,high_is_2.6,0.4936566842717304,0.25,0.3684210526315789,0.1891891891891892,0.6756756756756757,0.43243243243243246,0.43243243243243246,7,12,25,30,74
entry_q75,high_is_2.6,0.5011855537871125,0.22641509433962265,0.375,0.16216216216216217,0.7297297297297297,0.44594594594594594,0.44594594594594594,6,10,27,31,74
entry_q75,high_is_2.6,0.500870872167186,0.22222222222222227,0.35294117647058826,0.16216216216216217,0.7027027027027027,0.43243243243243246,0.43243243243243246,6,11,26,31,74
entry_q75,low_is_2.6,0.247203198912332,0.2173913043478261,0.5555555555555556,0.13513513513513514,0.8918918918918919,0.5135135135135135,0.5135135135135135,5,4,33,32,74
entry_q75,high_is_2.6,0.5014000529225191,0.1923076923076923,0.3333333333333333,0.13513513513513514,0.7297297297297297,0.43243243243243246,0.43243243243243246,5,10,27,32,74
entry_q75,low_is_2.6,0.23405686179645507,0.17777777777777778,0.5,0.10810810810810811,0.8918918918918919,0.5,0.5,4,4,33,33,74
entry_q75,high_is_2.6,0.5158339009260606,0.17391304347826086,0.4444444444444444,0.10810810810810811,0.8648648648648649,0.4864864864864865,0.4864864864864865,4,5,32,33,74
entry_q75,high_is_2.6,0.5121458525514946,0.1702127659574468,0.4,0.10810810810810811,0.8378378378378378,0.47297297297297297,0.47297297297297297,4,6,31,33,74
entry_q75,high_is_2.6,0.5100749012653139,0.16666666666666669,0.36363636363636365,0.10810810810810811,0.8108108108108109,0.4594594594594595,0.4594594594594595,4,7,30,33,74
entry_q75,high_is_2.6,0.5071775162814577,0.163265306122449,0.3333333333333333,0.10810810810810811,0.7837837837837838,0.44594594594594594,0.44594594594594594,4,8,29,33,74
entry_q75,high_is_2.6,0.5042259118547805,0.16,0.3076923076923077,0.10810810810810811,0.7567567567567568,0.43243243243243246,0.43243243243243246,4,9,28,33,74
entry_q75,high_is_2.6,0.5023379656270112,0.1568627450980392,0.2857142857142857,0.10810810810810811,0.7297297297297297,0.4189189189189189,0.4189189189189189,4,10,27,33,74
entry_q75,high_is_2.6,0.5808353367426948,0.13953488372093023,0.5,0.08108108108108109,0.918918918918919,0.5,0.5,3,3,34,34,74
entry_q75,high_is_2.6,0.5576674953995606,0.13636363636363638,0.42857142857142855,0.08108108108108109,0.8918918918918919,0.4864864864864865,0.4864864864864865,3,4,33,34,74
entry_q75,low_is_2.6,0.21278588974822352,0.13636363636363638,0.42857142857142855,0.08108108108108109,0.8918918918918919,0.4864864864864865,0.4864864864864865,3,4,33,34,74
entry_q75,high_is_2.6,0.5319410925994821,0.13333333333333333,0.375,0.08108108108108109,0.8648648648648649,0.47297297297297297,0.472972972972973,3,5,32,34,74
entry_q75,low_is_2.6,0.1193085173234526,0.10256410256410257,1.0,0.05405405405405406,1.0,0.527027027027027,0.527027027027027,2,0,37,35,74
entry_q75,low_is_2.6,0.15556566019127174,0.1,0.6666666666666666,0.05405405405405406,0.972972972972973,0.5135135135135135,0.5135135135135136,2,1,36,35,74
entry_q75,low_is_2.6,0.17431956904056872,0.0975609756097561,0.5,0.05405405405405406,0.9459459459459459,0.5,0.5,2,2,35,35,74
entry_q75,high_is_2.6,0.6030537424014797,0.09523809523809523,0.4,0.05405405405405406,0.918918918918919,0.4864864864864865,0.4864864864864865,2,3,34,35,74
entry_q75,low_is_2.6,0.19527491073500455,0.09523809523809523,0.4,0.05405405405405406,0.918918918918919,0.4864864864864865,0.4864864864864865,2,3,34,35,74
entry_q75,low_is_2.6,0.200385513111941,0.09302325581395349,0.3333333333333333,0.05405405405405406,0.8918918918918919,0.47297297297297297,0.47297297297297297,2,4,33,35,74
entry_q75,low_is_2.6,0.02383769107205508,0.052631578947368425,1.0,0.02702702702702703,1.0,0.5135135135135135,0.5135135135135135,1,0,37,36,74
entry_q75,low_is_2.6,0.05486536660541312,0.052631578947368425,1.0,0.02702702702702703,1.0,0.5135135135135135,0.5135135135135135,1,0,37,36,74
entry_q75,high_is_2.6,0.6805800504177104,0.05128205128205129,0.5,0.02702702702702703,0.972972972972973,0.5,0.5,1,1,36,36,74
entry_q75,high_is_2.6,0.6607106363877724,0.05,0.3333333333333333,0.02702702702702703,0.9459459459459459,0.4864864864864865,0.4864864864864865,1,2,35,36,74
entry_q75,high_is_2.6,0.634631964222401,0.04878048780487805,0.25,0.02702702702702703,0.918918918918919,0.47297297297297297,0.472972972972973,1,3,34,36,74
entry_q75,high_is_2.6,0.7946547351063242,0.0,0.0,0.0,0.972972972972973,0.4864864864864865,0.4864864864864865,0,1,36,37,74
entry_q75,high_is_2.6,0.8947291434511537,0.0,0.0,0.0,0.972972972972973,0.4864864864864865,0.4864864864864865,0,1,36,37,74
entry_std,low_is_2.6,0.3167443975088925,0.6923076923076924,0.5373134328358209,0.972972972972973,0.16216216216216217,0.5675675675675675,0.5675675675675675,36,31,6,1,74
entry_std,low_is_2.6,0.3264181926108978,0.691588785046729,0.5285714285714286,1.0,0.10810810810810811,0.5540540540540541,0.5540540540540541,37,33,4,0,74
entry_std,low_is_2.6,0.3082996434595771,0.6862745098039216,0.5384615384615384,0.9459459459459459,0.1891891891891892,0.5675675675675675,0.5675675675675675,35,30,7,2,74
entry_std,low_is_2.6,0.32164219709634845,0.6857142857142857,0.5294117647058824,0.972972972972973,0.13513513513513514,0.5540540540540541,0.5540540540540541,36,32,5,1,74
entry_std,low_is_2.6,0.3298110030986536,0.6851851851851851,0.5211267605633803,1.0,0.08108108108108109,0.5405405405405406,0.5405405405405406,37,34,3,0,74
entry_std,low_is_2.6,0.3109325394428269,0.6796116504854369,0.5303030303030303,0.9459459459459459,0.16216216216216217,0.5540540540540541,0.5540540540540541,35,31,6,2,74
entry_std,low_is_2.6,0.32386067259582385,0.6792452830188679,0.5217391304347826,0.972972972972973,0.10810810810810811,0.5405405405405406,0.5405405405405406,36,33,4,1,74
entry_std,low_is_2.6,0.33635367137208005,0.6788990825688073,0.5138888888888888,1.0,0.05405405405405406,0.527027027027027,0.527027027027027,37,35,2,0,74
entry_std,low_is_2.6,0.3066527585835914,0.6732673267326733,0.53125,0.918918918918919,0.1891891891891892,0.5540540540540541,0.5540540540540541,34,30,7,3,74
entry_std,low_is_2.6,0.34973866971065826,0.6727272727272727,0.5068493150684932,1.0,0.02702702702702703,0.5135135135135135,0.5135135135135135,37,36,1,0,74
entry_std,low_is_2.6,0.2603846437490149,0.6666666666666666,0.5957446808510638,0.7567567567567568,0.4864864864864865,0.6216216216216216,0.6216216216216217,28,19,18,9,74
entry_std,low_is_2.6,0.3040103489511635,0.6666666666666666,0.532258064516129,0.8918918918918919,0.21621621621621623,0.5540540540540541,0.5540540540540541,33,29,8,4,74
entry_std,high_is_2.6,0.16583736195716955,0.6666666666666666,0.5070422535211268,0.972972972972973,0.05405405405405406,0.5135135135135135,0.5135135135135136,36,35,2,1,74
entry_std,high_is_2.6,0.10592672674987352,0.6666666666666666,0.5,1.0,0.0,0.5,0.5,37,37,0,0,74
entry_std,low_is_2.6,0.3589216373382093,0.6666666666666666,0.5,1.0,0.0,0.5,0.5,37,37,0,0,74
entry_std,high_is_2.6,0.18472923658020057,0.6666666666666665,0.5147058823529411,0.9459459459459459,0.10810810810810811,0.527027027027027,0.527027027027027,35,33,4,2,74
entry_std,high_is_2.6,0.1473432569156824,0.6605504587155964,0.5,0.972972972972973,0.02702702702702703,0.5,0.5,36,36,1,1,74
entry_std,high_is_2.6,0.1839633567295365,0.660377358490566,0.5072463768115942,0.9459459459459459,0.08108108108108109,0.5135135135135135,0.5135135135135135,35,34,3,2,74
entry_std,low_is_2.6,0.3057892504830964,0.6599999999999999,0.5238095238095238,0.8918918918918919,0.1891891891891892,0.5405405405405406,0.5405405405405406,33,30,7,4,74
entry_std,low_is_2.6,0.26169302769970376,0.6588235294117648,0.5833333333333334,0.7567567567567568,0.4594594594594595,0.6081081081081081,0.6081081081081081,28,20,17,9,74
entry_std,high_is_2.6,0.11894437971518763,0.6545454545454545,0.4931506849315068,0.972972972972973,0.0,0.4864864864864865,0.4864864864864865,36,37,0,1,74
entry_std,high_is_2.6,0.17636821230257463,0.6542056074766355,0.5,0.9459459459459459,0.05405405405405406,0.5,0.5,35,35,2,2,74
entry_std,high_is_2.6,0.18625351907175,0.6538461538461539,0.5074626865671642,0.918918918918919,0.10810810810810811,0.5135135135135135,0.5135135135135136,34,33,4,3,74
entry_std,low_is_2.6,0.29933006413658136,0.6530612244897959,0.5245901639344263,0.8648648648648649,0.21621621621621623,0.5405405405405406,0.5405405405405406,32,29,8,5,74
entry_std,low_is_2.6,0.26604323199313995,0.6511627906976745,0.5714285714285714,0.7567567567567568,0.43243243243243246,0.5945945945945946,0.5945945945945946,28,21,16,9,74
entry_std,low_is_2.6,0.2600565583748473,0.6506024096385542,0.5869565217391305,0.7297297297297297,0.4864864864864865,0.6081081081081081,0.6081081081081081,27,19,18,10,74
entry_std,low_is_2.6,0.2566081283434125,0.6499999999999999,0.6046511627906976,0.7027027027027027,0.5405405405405406,0.6216216216216216,0.6216216216216217,26,17,20,11,74
entry_std,low_is_2.6,0.2535892518739655,0.6493506493506493,0.625,0.6756756756756757,0.5945945945945946,0.6351351351351351,0.6351351351351351,25,15,22,12,74
entry_std,low_is_2.6,0.2943552501550636,0.6458333333333334,0.5254237288135594,0.8378378378378378,0.24324324324324326,0.5405405405405406,0.5405405405405406,31,28,9,6,74
entry_std,low_is_2.6,0.27048086731912213,0.6436781609195402,0.56,0.7567567567567568,0.40540540540540543,0.581081081081081,0.5810810810810811,28,22,15,9,74
entry_std,low_is_2.6,0.2570997429187545,0.6419753086419754,0.5909090909090909,0.7027027027027027,0.5135135135135135,0.6081081081081081,0.6081081081081081,26,18,19,11,74
entry_std,low_is_2.6,0.25500082284689385,0.6410256410256411,0.6097560975609756,0.6756756756756757,0.5675675675675675,0.6216216216216216,0.6216216216216216,25,16,21,12,74
entry_std,high_is_2.6,0.18956450757303844,0.6407766990291263,0.5,0.8918918918918919,0.10810810810810811,0.5,0.5,33,33,4,4,74
entry_std,low_is_2.6,0.2961241898914303,0.6391752577319588,0.5166666666666667,0.8378378378378378,0.21621621621621623,0.527027027027027,0.527027027027027,31,29,8,6,74
entry_std,low_is_2.6,0.2726418517122419,0.6363636363636364,0.5490196078431373,0.7567567567567568,0.3783783783783784,0.5675675675675675,0.5675675675675675,28,23,14,9,74
entry_std,low_is_2.6,0.25859980454265685,0.6341463414634145,0.5777777777777777,0.7027027027027027,0.4864864864864865,0.5945945945945946,0.5945945945945946,26,19,18,11,74
entry_std,low_is_2.6,0.25592302963925956,0.6329113924050633,0.5952380952380952,0.6756756756756757,0.5405405405405406,0.6081081081081081,0.6081081081081081,25,17,20,12,74
entry_std,low_is_2.6,0.25260567654144184,0.631578947368421,0.6153846153846154,0.6486486486486487,0.5945945945945946,0.6216216216216216,0.6216216216216217,24,15,22,13,74
entry_std,low_is_2.6,0.291476944566317,0.631578947368421,0.5172413793103449,0.8108108108108109,0.24324324324324326,0.527027027027027,0.5270270270270271,30,28,9,7,74
entry_std,low_is_2.6,0.2814071587721986,0.6304347826086956,0.5272727272727272,0.7837837837837838,0.2972972972972973,0.5405405405405406,0.5405405405405406,29,26,11,8,74
entry_std,low_is_2.6,0.27432222888013236,0.6292134831460674,0.5384615384615384,0.7567567567567568,0.35135135135135137,0.5540540540540541,0.5540540540540541,28,24,13,9,74
entry_std,high_is_2.6,0.19398788859711413,0.6274509803921569,0.49230769230769234,0.8648648648648649,0.10810810810810811,0.4864864864864865,0.4864864864864865,32,33,4,5,74
entry_std,high_is_2.6,0.20667861331964796,0.6262626262626263,0.5,0.8378378378378378,0.16216216216216217,0.5,0.5,31,31,6,6,74
entry_std,low_is_2.6,0.28611141165409676,0.6236559139784947,0.5178571428571429,0.7837837837837838,0.2702702702702703,0.527027027027027,0.527027027027027,29,27,10,8,74
entry_std,low_is_2.6,0.2753672486731902,0.6222222222222221,0.5283018867924528,0.7567567567567568,0.32432432432432434,0.5405405405405406,0.5405405405405406,28,25,12,9,74
entry_std,high_is_2.6,0.20076744874558602,0.62,0.49206349206349204,0.8378378378378378,0.13513513513513514,0.4864864864864865,0.4864864864864865,31,32,5,6,74
entry_std,low_is_2.6,0.28988824024647997,0.6170212765957447,0.5087719298245614,0.7837837837837838,0.24324324324324326,0.5135135135135135,0.5135135135135135,29,28,9,8,74
entry_std,low_is_2.6,0.2779013385832045,0.6153846153846154,0.5185185185185185,0.7567567567567568,0.2972972972972973,0.527027027027027,0.5270270270270271,28,26,11,9,74
entry_std,high_is_2.6,0.1966887660281436,0.6138613861386139,0.484375,0.8378378378378378,0.10810810810810811,0.47297297297297297,0.47297297297297297,31,33,4,6,74
entry_std,low_is_2.6,0.2518463625808715,0.6133333333333333,0.6052631578947368,0.6216216216216216,0.5945945945945946,0.6081081081081081,0.6081081081081081,23,15,22,14,74
entry_std,high_is_2.6,0.2136503047519479,0.6122448979591837,0.4918032786885246,0.8108108108108109,0.16216216216216217,0.4864864864864865,0.4864864864864865,30,31,6,7,74
entry_std,low_is_2.6,0.24793089123680268,0.6000000000000001,0.6363636363636364,0.5675675675675675,0.6756756756756757,0.6216216216216216,0.6216216216216216,21,12,25,16,74
entry_std,high_is_2.6,0.2198833300044146,0.5979381443298969,0.48333333333333334,0.7837837837837838,0.16216216216216217,0.47297297297297297,0.47297297297297297,29,31,6,8,74
entry_std,low_is_2.6,0.2507246105024942,0.5945945945945946,0.5945945945945946,0.5945945945945946,0.5945945945945946,0.5945945945945946,0.5945945945945946,22,15,22,15,74
entry_std,low_is_2.6,0.24854023808620315,0.5915492957746479,0.6176470588235294,0.5675675675675675,0.6486486486486487,0.6081081081081081,0.6081081081081081,21,13,24,16,74
entry_std,high_is_2.6,0.22341805395618358,0.5894736842105263,0.4827586206896552,0.7567567567567568,0.1891891891891892,0.47297297297297297,0.472972972972973,28,30,7,9,74
entry_std,low_is_2.6,0.24645717258205194,0.588235294117647,0.6451612903225806,0.5405405405405406,0.7027027027027027,0.6216216216216216,0.6216216216216217,20,11,26,17,74
entry_std,high_is_2.6,0.22201061824756452,0.5833333333333334,0.4745762711864407,0.7567567567567568,0.16216216216216217,0.4594594594594595,0.4594594594594595,28,31,6,9,74
entry_std,low_is_2.6,0.2491387985723309,0.5833333333333333,0.6,0.5675675675675675,0.6216216216216216,0.5945945945945946,0.5945945945945945,21,14,23,16,74
entry_std,high_is_2.6,0.22569412498390584,0.5806451612903226,0.48214285714285715,0.7297297297297297,0.21621621621621623,0.47297297297297297,0.47297297297297297,27,29,8,10,74
entry_std,low_is_2.6,0.24743361184571783,0.5797101449275363,0.625,0.5405405405405406,0.6756756756756757,0.6081081081081081,0.6081081081081081,20,12,25,17,74
entry_std,low_is_2.6,0.24967509211654684,0.5753424657534246,0.5833333333333334,0.5675675675675675,0.5945945945945946,0.581081081081081,0.5810810810810811,21,15,22,16,74
entry_std,high_is_2.6,0.22498587750385401,0.5744680851063829,0.47368421052631576,0.7297297297297297,0.1891891891891892,0.4594594594594595,0.45945945945945943,27,30,7,10,74
entry_std,high_is_2.6,0.22937741545804297,0.5714285714285714,0.48148148148148145,0.7027027027027027,0.24324324324324326,0.47297297297297297,0.472972972972973,26,28,9,11,74
entry_std,low_is_2.6,0.245655770463166,0.5671641791044775,0.6333333333333333,0.5135135135135135,0.7027027027027027,0.6081081081081081,0.6081081081081081,19,11,26,18,74
entry_std,high_is_2.6,0.2264523721219705,0.5652173913043479,0.4727272727272727,0.7027027027027027,0.21621621621621623,0.4594594594594595,0.4594594594594595,26,29,8,11,74
entry_std,high_is_2.6,0.23327114429729304,0.5555555555555556,0.4716981132075472,0.6756756756756757,0.24324324324324326,0.4594594594594595,0.45945945945945943,25,28,9,12,74
entry_std,low_is_2.6,0.24484926498949777,0.5454545454545455,0.6206896551724138,0.4864864864864865,0.7027027027027027,0.5945945945945946,0.5945945945945946,18,11,26,19,74
entry_std,low_is_2.6,0.2420737717951505,0.5396825396825398,0.6538461538461539,0.4594594594594595,0.7567567567567568,0.6081081081081081,0.6081081081081081,17,9,28,20,74
entry_std,high_is_2.6,0.23501504879766277,0.5393258426966292,0.46153846153846156,0.6486486486486487,0.24324324324324326,0.44594594594594594,0.44594594594594594,24,28,9,13,74
entry_std,low_is_2.6,0.24324683255357243,0.53125,0.6296296296296297,0.4594594594594595,0.7297297297297297,0.5945945945945946,0.5945945945945946,17,10,27,20,74
entry_std,low_is_2.6,0.24401361258920234,0.5230769230769231,0.6071428571428571,0.4594594594594595,0.7027027027027027,0.581081081081081,0.5810810810810811,17,11,26,20,74
entry_std,high_is_2.6,0.23562695285712673,0.5227272727272727,0.45098039215686275,0.6216216216216216,0.24324324324324326,0.43243243243243246,0.43243243243243246,23,28,9,14,74
entry_std,low_is_2.6,0.23952740933054845,0.5161290322580645,0.64,0.43243243243243246,0.7567567567567568,0.5945945945945946,0.5945945945945946,16,9,28,21,74
entry_std,high_is_2.6,0.23689045603427744,0.5057471264367815,0.44,0.5945945945945946,0.24324324324324326,0.4189189189189189,0.41891891891891897,22,28,9,15,74
entry_std,low_is_2.6,0.23689045603427744,0.4918032786885246,0.625,0.40540540540540543,0.7567567567567568,0.581081081081081,0.5810810810810811,15,9,28,22,74
entry_std,high_is_2.6,0.23952740933054845,0.4883720930232558,0.42857142857142855,0.5675675675675675,0.24324324324324326,0.40540540540540543,0.4054054054054054,21,28,9,16,74
entry_std,high_is_2.6,0.24401361258920234,0.4819277108433735,0.43478260869565216,0.5405405405405406,0.2972972972972973,0.4189189189189189,0.41891891891891897,20,26,11,17,74
entry_std,high_is_2.6,0.24324683255357243,0.4761904761904763,0.425531914893617,0.5405405405405406,0.2702702702702703,0.40540540540540543,0.40540540540540543,20,27,10,17,74
entry_std,high_is_2.6,0.2420737717951505,0.47058823529411764,0.4166666666666667,0.5405405405405406,0.24324324324324326,0.3918918918918919,0.3918918918918919,20,28,9,17,74
entry_std,low_is_2.6,0.23562695285712673,0.4666666666666667,0.6086956521739131,0.3783783783783784,0.7567567567567568,0.5675675675675675,0.5675675675675675,14,9,28,23,74
entry_std,high_is_2.6,0.24484926498949777,0.4634146341463415,0.4222222222222222,0.5135135135135135,0.2972972972972973,0.40540540540540543,0.4054054054054054,19,26,11,18,74
entry_std,high_is_2.6,0.245655770463166,0.44444444444444453,0.4090909090909091,0.4864864864864865,0.2972972972972973,0.3918918918918919,0.3918918918918919,18,26,11,19,74
entry_std,low_is_2.6,0.23501504879766277,0.4406779661016949,0.5909090909090909,0.35135135135135137,0.7567567567567568,0.5540540540540541,0.5540540540540541,13,9,28,24,74
entry_std,high_is_2.6,0.24743361184571783,0.430379746835443,0.40476190476190477,0.4594594594594595,0.32432432432432434,0.3918918918918919,0.3918918918918919,17,25,12,20,74
entry_std,high_is_2.6,0.24967509211654684,0.4266666666666667,0.42105263157894735,0.43243243243243246,0.40540540540540543,0.4189189189189189,0.41891891891891897,16,22,15,21,74
entry_std,high_is_2.6,0.24645717258205194,0.425,0.3953488372093023,0.4594594594594595,0.2972972972972973,0.3783783783783784,0.3783783783783784,17,26,11,20,74
entry_std,high_is_2.6,0.2491387985723309,0.42105263157894735,0.41025641025641024,0.43243243243243246,0.3783783783783784,0.40540540540540543,0.40540540540540543,16,23,14,21,74
entry_std,high_is_2.6,0.24854023808620315,0.4155844155844156,0.4,0.43243243243243246,0.35135135135135137,0.3918918918918919,0.3918918918918919,16,24,13,21,74
entry_std,low_is_2.6,0.23327114429729304,0.41379310344827586,0.5714285714285714,0.32432432432432434,0.7567567567567568,0.5405405405405406,0.5405405405405406,12,9,28,25,74
entry_std,high_is_2.6,0.24793089123680268,0.4102564102564103,0.3902439024390244,0.43243243243243246,0.32432432432432434,0.3783783783783784,0.3783783783783784,16,25,12,21,74
entry_std,high_is_2.6,0.2507246105024942,0.40540540540540543,0.40540540540540543,0.40540540540540543,0.40540540540540543,0.40540540540540543,0.40540540540540543,15,22,15,22,74
entry_std,low_is_2.6,0.2264523721219705,0.39285714285714285,0.5789473684210527,0.2972972972972973,0.7837837837837838,0.5405405405405406,0.5405405405405406,11,8,29,26,74
entry_std,low_is_2.6,0.22937741545804297,0.38596491228070173,0.55,0.2972972972972973,0.7567567567567568,0.527027027027027,0.5270270270270271,11,9,28,26,74
entry_std,high_is_2.6,0.2518463625808715,0.3835616438356164,0.3888888888888889,0.3783783783783784,0.40540540540540543,0.3918918918918919,0.3918918918918919,14,22,15,23,74
entry_std,low_is_2.6,0.22498587750385401,0.37037037037037035,0.5882352941176471,0.2702702702702703,0.8108108108108109,0.5405405405405406,0.5405405405405406,10,7,30,27,74
entry_std,low_is_2.6,0.22569412498390584,0.36363636363636365,0.5555555555555556,0.2702702702702703,0.7837837837837838,0.527027027027027,0.527027027027027,10,8,29,27,74
entry_std,high_is_2.6,0.25260567654144184,0.36111111111111116,0.37142857142857144,0.35135135135135137,0.40540540540540543,0.3783783783783784,0.3783783783783784,13,22,15,24,74
entry_std,high_is_2.6,0.25592302963925956,0.34782608695652173,0.375,0.32432432432432434,0.4594594594594595,0.3918918918918919,0.3918918918918919,12,20,17,25,74
entry_std,low_is_2.6,0.22201061824756452,0.34615384615384615,0.6,0.24324324324324326,0.8378378378378378,0.5405405405405406,0.5405405405405406,9,6,31,28,74
entry_std,high_is_2.6,0.25500082284689385,0.34285714285714286,0.36363636363636365,0.32432432432432434,0.43243243243243246,0.3783783783783784,0.3783783783783784,12,21,16,25,74
entry_std,low_is_2.6,0.22341805395618358,0.339622641509434,0.5625,0.24324324324324326,0.8108108108108109,0.527027027027027,0.5270270270270271,9,7,30,28,74
entry_std,high_is_2.6,0.2535892518739655,0.3380281690140845,0.35294117647058826,0.32432432432432434,0.40540540540540543,0.36486486486486486,0.3648648648648649,12,22,15,25,74
entry_std,high_is_2.6,0.25859980454265685,0.33333333333333337,0.3793103448275862,0.2972972972972973,0.5135135135135135,0.40540540540540543,0.4054054054054054,11,18,19,26,74
entry_std,high_is_2.6,0.2570997429187545,0.3283582089552239,0.36666666666666664,0.2972972972972973,0.4864864864864865,0.3918918918918919,0.3918918918918919,11,19,18,26,74
entry_std,high_is_2.6,0.2566081283434125,0.3235294117647059,0.3548387096774194,0.2972972972972973,0.4594594594594595,0.3783783783783784,0.3783783783783784,11,20,17,26,74
entry_std,high_is_2.6,0.2779013385832045,0.3157894736842105,0.45,0.24324324324324326,0.7027027027027027,0.47297297297297297,0.472972972972973,9,11,26,28,74
entry_std,low_is_2.6,0.2198833300044146,0.3137254901960784,0.5714285714285714,0.21621621621621623,0.8378378378378378,0.527027027027027,0.527027027027027,8,6,31,29,74
entry_std,high_is_2.6,0.2753672486731902,0.3103448275862069,0.42857142857142855,0.24324324324324326,0.6756756756756757,0.4594594594594595,0.45945945945945943,9,12,25,28,74
entry_std,high_is_2.6,0.2600565583748473,0.3076923076923077,0.35714285714285715,0.2702702702702703,0.5135135135135135,0.3918918918918919,0.3918918918918919,10,18,19,27,74
entry_std,high_is_2.6,0.27432222888013236,0.3050847457627119,0.4090909090909091,0.24324324324324326,0.6486486486486487,0.44594594594594594,0.44594594594594594,9,13,24,28,74
entry_std,high_is_2.6,0.2726418517122419,0.30000000000000004,0.391304347826087,0.24324324324324326,0.6216216216216216,0.43243243243243246,0.43243243243243246,9,14,23,28,74
entry_std,high_is_2.6,0.28988824024647997,0.29629629629629634,0.47058823529411764,0.21621621621621623,0.7567567567567568,0.4864864864864865,0.4864864864864865,8,9,28,29,74
entry_std,high_is_2.6,0.27048086731912213,0.2950819672131148,0.375,0.24324324324324326,0.5945945945945946,0.4189189189189189,0.41891891891891897,9,15,22,28,74
entry_std,high_is_2.6,0.28611141165409676,0.2909090909090909,0.4444444444444444,0.21621621621621623,0.7297297297297297,0.47297297297297297,0.47297297297297297,8,10,27,29,74
entry_std,high_is_2.6,0.26604323199313995,0.2903225806451613,0.36,0.24324324324324326,0.5675675675675675,0.40540540540540543,0.4054054054054054,9,16,21,28,74
entry_std,high_is_2.6,0.2814071587721986,0.28571428571428575,0.42105263157894735,0.21621621621621623,0.7027027027027027,0.4594594594594595,0.4594594594594595,8,11,26,29,74
entry_std,high_is_2.6,0.26169302769970376,0.2857142857142857,0.34615384615384615,0.24324324324324326,0.5405405405405406,0.3918918918918919,0.3918918918918919,9,17,20,28,74
entry_std,high_is_2.6,0.2603846437490149,0.28125,0.3333333333333333,0.24324324324324326,0.5135135135135135,0.3783783783783784,0.3783783783783784,9,18,19,28,74
entry_std,low_is_2.6,0.2136503047519479,0.28,0.5384615384615384,0.1891891891891892,0.8378378378378378,0.5135135135135135,0.5135135135135135,7,6,31,30,74
entry_std,high_is_2.6,0.291476944566317,0.2641509433962264,0.4375,0.1891891891891892,0.7567567567567568,0.47297297297297297,0.472972972972973,7,9,28,30,74
entry_std,low_is_2.6,0.1966887660281436,0.25531914893617025,0.6,0.16216216216216217,0.8918918918918919,0.527027027027027,0.527027027027027,6,4,33,31,74
entry_std,low_is_2.6,0.20076744874558602,0.25,0.5454545454545454,0.16216216216216217,0.8648648648648649,0.5135135135135135,0.5135135135135136,6,5,32,31,74
entry_std,low_is_2.6,0.20667861331964796,0.2448979591836735,0.5,0.16216216216216217,0.8378378378378378,0.5,0.5,6,6,31,31,74
entry_std,high_is_2.6,0.2961241898914303,0.23529411764705885,0.42857142857142855,0.16216216216216217,0.7837837837837838,0.47297297297297297,0.47297297297297297,6,8,29,31,74
entry_std,high_is_2.6,0.2943552501550636,0.23076923076923078,0.4,0.16216216216216217,0.7567567567567568,0.4594594594594595,0.4594594594594595,6,9,28,31,74
entry_std,low_is_2.6,0.19398788859711413,0.2173913043478261,0.5555555555555556,0.13513513513513514,0.8918918918918919,0.5135135135135135,0.5135135135135135,5,4,33,32,74
entry_std,high_is_2.6,0.29933006413658136,0.2,0.38461538461538464,0.13513513513513514,0.7837837837837838,0.4594594594594595,0.45945945945945943,5,8,29,32,74
entry_std,low_is_2.6,0.18956450757303844,0.17777777777777778,0.5,0.10810810810810811,0.8918918918918919,0.5,0.5,4,4,33,33,74
entry_std,high_is_2.6,0.3057892504830964,0.16666666666666669,0.36363636363636365,0.10810810810810811,0.8108108108108109,0.4594594594594595,0.4594594594594595,4,7,30,33,74
entry_std,high_is_2.6,0.3040103489511635,0.163265306122449,0.3333333333333333,0.10810810810810811,0.7837837837837838,0.44594594594594594,0.44594594594594594,4,8,29,33,74
entry_std,low_is_2.6,0.18625351907175,0.13636363636363638,0.42857142857142855,0.08108108108108109,0.8918918918918919,0.4864864864864865,0.4864864864864865,3,4,33,34,74
entry_std,high_is_2.6,0.3066527585835914,0.12765957446808512,0.3,0.08108108108108109,0.8108108108108109,0.44594594594594594,0.44594594594594594,3,7,30,34,74
entry_std,low_is_2.6,0.17636821230257463,0.0975609756097561,0.5,0.05405405405405406,0.9459459459459459,0.5,0.5,2,2,35,35,74
entry_std,low_is_2.6,0.1839633567295365,0.09523809523809523,0.4,0.05405405405405406,0.918918918918919,0.4864864864864865,0.4864864864864865,2,3,34,35,74
entry_std,low_is_2.6,0.18472923658020057,0.09302325581395349,0.3333333333333333,0.05405405405405406,0.8918918918918919,0.47297297297297297,0.47297297297297297,2,4,33,35,74
entry_std,high_is_2.6,0.3109325394428269,0.08888888888888889,0.25,0.05405405405405406,0.8378378378378378,0.44594594594594594,0.44594594594594594,2,6,31,35,74
entry_std,high_is_2.6,0.3082996434595771,0.08695652173913043,0.2222222222222222,0.05405405405405406,0.8108108108108109,0.43243243243243246,0.43243243243243246,2,7,30,35,74
entry_std,low_is_2.6,0.10592672674987352,0.052631578947368425,1.0,0.02702702702702703,1.0,0.5135135135135135,0.5135135135135135,1,0,37,36,74
entry_std,low_is_2.6,0.11894437971518763,0.052631578947368425,1.0,0.02702702702702703,1.0,0.5135135135135135,0.5135135135135135,1,0,37,36,74
entry_std,low_is_2.6,0.1473432569156824,0.05128205128205129,0.5,0.02702702702702703,0.972972972972973,0.5,0.5,1,1,36,36,74
entry_std,low_is_2.6,0.16583736195716955,0.05,0.3333333333333333,0.02702702702702703,0.9459459459459459,0.4864864864864865,0.4864864864864865,1,2,35,36,74
entry_std,high_is_2.6,0.32386067259582385,0.047619047619047616,0.2,0.02702702702702703,0.8918918918918919,0.4594594594594595,0.45945945945945943,1,4,33,36,74
entry_std,high_is_2.6,0.32164219709634845,0.046511627906976744,0.16666666666666666,0.02702702702702703,0.8648648648648649,0.44594594594594594,0.44594594594594594,1,5,32,36,74
entry_std,high_is_2.6,0.3167443975088925,0.045454545454545456,0.14285714285714285,0.02702702702702703,0.8378378378378378,0.43243243243243246,0.43243243243243246,1,6,31,36,74
entry_std,high_is_2.6,0.34973866971065826,0.0,0.0,0.0,0.972972972972973,0.4864864864864865,0.4864864864864865,0,1,36,37,74
entry_std,high_is_2.6,0.3589216373382093,0.0,0.0,0.0,0.972972972972973,0.4864864864864865,0.4864864864864865,0,1,36,37,74
entry_std,high_is_2.6,0.33635367137208005,0.0,0.0,0.0,0.9459459459459459,0.47297297297297297,0.47297297297297297,0,2,35,37,74
entry_std,high_is_2.6,0.3298110030986536,0.0,0.0,0.0,0.918918918918919,0.4594594594594595,0.4594594594594595,0,3,34,37,74
entry_std,high_is_2.6,0.3264181926108978,0.0,0.0,0.0,0.8918918918918919,0.44594594594594594,0.44594594594594594,0,4,33,37,74
high_low_gap_0_7_0_3,low_is_2.6,-0.298607367475292,0.673076923076923,0.5223880597014925,0.9459459459459459,0.13513513513513514,0.5405405405405406,0.5405405405405406,35,32,5,2,74
high_low_gap_0_7_0_3,low_is_2.6,-0.24540517961570593,0.6728971962616821,0.5142857142857142,0.972972972972973,0.08108108108108109,0.527027027027027,0.5270270270270271,36,34,3,1,74
high_low_gap_0_7_0_3,low_is_2.6,-0.22411210954214805,0.6666666666666666,0.5070422535211268,0.972972972972973,0.05405405405405406,0.5135135135135135,0.5135135135135136,36,35,2,1,74
high_low_gap_0_7_0_3,high_is_2.6,-0.9274193548387097,0.6666666666666666,0.5,1.0,0.0,0.5,0.5,37,37,0,0,74
high_low_gap_0_7_0_3,low_is_2.6,-0.16216216216216212,0.6666666666666666,0.5,1.0,0.0,0.5,0.5,37,37,0,0,74
high_low_gap_0_7_0_3,low_is_2.6,-0.2804856743535989,0.6666666666666665,0.5147058823529411,0.9459459459459459,0.10810810810810811,0.527027027027027,0.527027027027027,35,33,4,2,74
high_low_gap_0_7_0_3,low_is_2.6,-0.20675488669780318,0.6605504587155964,0.5,0.972972972972973,0.02702702702702703,0.5,0.5,36,36,1,1,74
high_low_gap_0_7_0_3,high_is_2.6,-0.8141127606928242,0.660377358490566,0.5072463768115942,0.9459459459459459,0.08108108108108109,0.5135135135135135,0.5135135135135135,35,34,3,2,74
high_low_gap_0_7_0_3,low_is_2.6,-0.2612433862433863,0.660377358490566,0.5072463768115942,0.9459459459459459,0.08108108108108109,0.5135135135135135,0.5135135135135135,35,34,3,2,74
high_low_gap_0_7_0_3,low_is_2.6,-0.31685463659147867,0.6601941747572816,0.5151515151515151,0.918918918918919,0.13513513513513514,0.527027027027027,0.5270270270270271,34,32,5,3,74
high_low_gap_0_7_0_3,high_is_2.6,-0.7656446411980107,0.6599999999999999,0.5238095238095238,0.8918918918918919,0.1891891891891892,0.5405405405405406,0.5405405405405406,33,30,7,4,74
high_low_gap_0_7_0_3,high_is_2.6,-0.7410798956851589,0.6597938144329898,0.5333333333333333,0.8648648648648649,0.24324324324324326,0.5540540540540541,0.5540540540540541,32,28,9,5,74
high_low_gap_0_7_0_3,high_is_2.6,-0.8870430107526882,0.6545454545454545,0.4931506849315068,0.972972972972973,0.0,0.4864864864864865,0.4864864864864865,36,37,0,1,74
high_low_gap_0_7_0_3,low_is_2.6,-0.18214491086831514,0.6545454545454545,0.4931506849315068,0.972972972972973,0.0,0.4864864864864865,0.4864864864864865,36,37,0,1,74
high_low_gap_0_7_0_3,high_is_2.6,-0.8161452810180276,0.6542056074766355,0.5,0.9459459459459459,0.05405405405405406,0.5,0.5,35,35,2,2,74
high_low_gap_0_7_0_3,high_is_2.6,-0.8093301021291328,0.6538461538461539,0.5074626865671642,0.918918918918919,0.10810810810810811,0.5135135135135135,0.5135135135135136,34,33,4,3,74
high_low_gap_0_7_0_3,high_is_2.6,-0.7865497076023392,0.6534653465346535,0.515625,0.8918918918918919,0.16216216216216217,0.527027027027027,0.527027027027027,33,31,6,4,74
high_low_gap_0_7_0_3,low_is_2.6,-0.33985562310030404,0.6534653465346535,0.515625,0.8918918918918919,0.16216216216216217,0.527027027027027,0.527027027027027,33,31,6,4,74
high_low_gap_0_7_0_3,high_is_2.6,-0.7448989321128909,0.6530612244897959,0.5245901639344263,0.8648648648648649,0.21621621621621623,0.5405405405405406,0.5405405405405406,32,29,8,5,74
high_low_gap_0_7_0_3,high_is_2.6,-0.8183303997988434,0.6481481481481483,0.49295774647887325,0.9459459459459459,0.02702702702702703,0.4864864864864865,0.4864864864864865,35,36,1,2,74
high_low_gap_0_7_0_3,high_is_2.6,-0.812164442399141,0.6476190476190476,0.5,0.918918918918919,0.08108108108108109,0.5,0.5,34,34,3,3,74
high_low_gap_0_7_0_3,high_is_2.6,-0.7898417372101583,0.6470588235294117,0.5076923076923077,0.8918918918918919,0.13513513513513514,0.5135135135135135,0.5135135135135135,33,32,5,4,74
high_low_gap_0_7_0_3,low_is_2.6,-0.3341165413533835,0.6470588235294117,0.5076923076923077,0.8918918918918919,0.13513513513513514,0.5135135135135135,0.5135135135135135,33,32,5,4,74
high_low_gap_0_7_0_3,high_is_2.6,-0.747020181498036,0.6464646464646465,0.5161290322580645,0.8648648648648649,0.1891891891891892,0.527027027027027,0.5270270270270271,32,30,7,5,74
high_low_gap_0_7_0_3,low_is_2.6,-0.3773158464378939,0.6464646464646465,0.5161290322580645,0.8648648648648649,0.1891891891891892,0.527027027027027,0.5270270270270271,32,30,7,5,74
high_low_gap_0_7_0_3,high_is_2.6,-0.7380562380562381,0.6458333333333334,0.5254237288135594,0.8378378378378378,0.24324324324324326,0.5405405405405406,0.5405405405405406,31,28,9,6,74
high_low_gap_0_7_0_3,high_is_2.6,-0.8331271477663231,0.6422018348623854,0.4861111111111111,0.9459459459459459,0.0,0.47297297297297297,0.47297297297297297,35,37,0,2,74
high_low_gap_0_7_0_3,high_is_2.6,-0.7987746198755372,0.6407766990291263,0.5,0.8918918918918919,0.10810810810810811,0.5,0.5,33,33,4,4,74
high_low_gap_0_7_0_3,low_is_2.6,-0.357263125669677,0.64,0.5079365079365079,0.8648648648648649,0.16216216216216217,0.5135135135135135,0.5135135135135136,32,31,6,5,74
high_low_gap_0_7_0_3,high_is_2.6,-0.7199957228400342,0.6373626373626374,0.5370370370370371,0.7837837837837838,0.32432432432432434,0.5540540540540541,0.5540540540540541,29,25,12,8,74
high_low_gap_0_7_0_3,high_is_2.6,-0.7100728495376856,0.6363636363636364,0.5490196078431373,0.7567567567567568,0.3783783783783784,0.5675675675675675,0.5675675675675675,28,23,14,9,74
high_low_gap_0_7_0_3,high_is_2.6,-0.6999337967560411,0.6352941176470588,0.5625,0.7297297297297297,0.43243243243243246,0.581081081081081,0.5810810810810811,27,21,16,10,74
high_low_gap_0_7_0_3,low_is_2.6,-0.3834473049074819,0.6326530612244898,0.5081967213114754,0.8378378378378378,0.1891891891891892,0.5135135135135135,0.5135135135135135,31,30,7,6,74
high_low_gap_0_7_0_3,high_is_2.6,-0.7355346947738253,0.631578947368421,0.5172413793103449,0.8108108108108109,0.24324324324324326,0.527027027027027,0.5270270270270271,30,28,9,7,74
high_low_gap_0_7_0_3,high_is_2.6,-0.7214737793851718,0.6304347826086956,0.5272727272727272,0.7837837837837838,0.2972972972972973,0.5405405405405406,0.5405405405405406,29,26,11,8,74
high_low_gap_0_7_0_3,high_is_2.6,-0.7131452639827602,0.6292134831460674,0.5384615384615384,0.7567567567567568,0.35135135135135137,0.5540540540540541,0.5540540540540541,28,24,13,9,74
high_low_gap_0_7_0_3,high_is_2.6,-0.7046507778881166,0.6279069767441859,0.5510204081632653,0.7297297297297297,0.40540540540540543,0.5675675675675675,0.5675675675675675,27,22,15,10,74
high_low_gap_0_7_0_3,low_is_2.6,-0.4109109109109109,0.6249999999999999,0.5084745762711864,0.8108108108108109,0.21621621621621623,0.5135135135135135,0.5135135135135136,30,29,8,7,74
high_low_gap_0_7_0_3,high_is_2.6,-0.7223414145748408,0.6236559139784947,0.5178571428571429,0.7837837837837838,0.2702702702702703,0.527027027027027,0.527027027027027,29,27,10,8,74
high_low_gap_0_7_0_3,high_is_2.6,-0.7170050143615209,0.6222222222222221,0.5283018867924528,0.7567567567567568,0.32432432432432434,0.5405405405405406,0.5405405405405406,28,25,12,9,74
high_low_gap_0_7_0_3,high_is_2.6,-0.7084247476963581,0.6206896551724138,0.54,0.7297297297297297,0.3783783783783784,0.5540540540540541,0.5540540540540541,27,23,14,10,74
high_low_gap_0_7_0_3,high_is_2.6,-0.6968826907301067,0.6190476190476191,0.5531914893617021,0.7027027027027027,0.43243243243243246,0.5675675675675675,0.5675675675675675,26,21,16,11,74
high_low_gap_0_7_0_3,low_is_2.6,-0.39688552188552184,0.6185567010309277,0.5,0.8108108108108109,0.1891891891891892,0.5,0.5,30,30,7,7,74
high_low_gap_0_7_0_3,high_is_2.6,-0.7284297469909113,0.6170212765957447,0.5087719298245614,0.7837837837837838,0.24324324324324326,0.5135135135135135,0.5135135135135135,29,28,9,8,74
high_low_gap_0_7_0_3,low_is_2.6,-0.42602535903739164,0.6170212765957447,0.5087719298245614,0.7837837837837838,0.24324324324324326,0.5135135135135135,0.5135135135135135,29,28,9,8,74
high_low_gap_0_7_0_3,low_is_2.6,-0.4171308713293446,0.6105263157894737,0.5,0.7837837837837838,0.21621621621621623,0.5,0.5,29,29,8,8,74
high_low_gap_0_7_0_3,high_is_2.6,-0.6905227161700049,0.6024096385542168,0.5434782608695652,0.6756756756756757,0.43243243243243246,0.5540540540540541,0.5540540540540541,25,21,16,12,74
high_low_gap_0_7_0_3,low_is_2.6,-0.44425703472107947,0.6021505376344086,0.5,0.7567567567567568,0.24324324324324326,0.5,0.5,28,28,9,9,74
high_low_gap_0_7_0_3,low_is_2.6,-0.4573220064724919,0.5869565217391305,0.4909090909090909,0.7297297297297297,0.24324324324324326,0.4864864864864865,0.4864864864864865,27,28,9,10,74
high_low_gap_0_7_0_3,high_is_2.6,-0.6848018923713779,0.5853658536585367,0.5333333333333333,0.6486486486486487,0.43243243243243246,0.5405405405405406,0.5405405405405406,24,21,16,13,74
high_low_gap_0_7_0_3,low_is_2.6,-0.46050995024875624,0.5714285714285714,0.48148148148148145,0.7027027027027027,0.24324324324324326,0.47297297297297297,0.472972972972973,26,28,9,11,74
high_low_gap_0_7_0_3,high_is_2.6,-0.6834514170040487,0.5679012345679012,0.5227272727272727,0.6216216216216216,0.43243243243243246,0.527027027027027,0.527027027027027,23,21,16,14,74
high_low_gap_0_7_0_3,low_is_2.6,-0.5199936528086322,0.5609756097560976,0.5111111111111111,0.6216216216216216,0.40540540540540543,0.5135135135135135,0.5135135135135135,23,22,15,14,74
high_low_gap_0_7_0_3,high_is_2.6,-0.6522007404360346,0.5569620253164557,0.5238095238095238,0.5945945945945946,0.4594594594594595,0.527027027027027,0.5270270270270271,22,20,17,15,74
high_low_gap_0_7_0_3,low_is_2.6,-0.46798450495613536,0.5555555555555556,0.4716981132075472,0.6756756756756757,0.24324324324324326,0.4594594594594595,0.45945945945945943,25,28,9,12,74
high_low_gap_0_7_0_3,low_is_2.6,-0.5155343440014972,0.5542168674698795,0.5,0.6216216216216216,0.3783783783783784,0.5,0.5,23,23,14,14,74
high_low_gap_0_7_0_3,low_is_2.6,-0.4850318030973451,0.5517241379310345,0.48,0.6486486486486487,0.2972972972972973,0.47297297297297297,0.472972972972973,24,26,11,13,74
high_low_gap_0_7_0_3,high_is_2.6,-0.6700174825174825,0.55,0.5116279069767442,0.5945945945945946,0.43243243243243246,0.5135135135135135,0.5135135135135136,22,21,16,15,74
high_low_gap_0_7_0_3,low_is_2.6,-0.5291447480061089,0.55,0.5116279069767442,0.5945945945945946,0.43243243243243246,0.5135135135135135,0.5135135135135136,22,21,16,15,74
high_low_gap_0_7_0_3,low_is_2.6,-0.5120282339383463,0.5476190476190476,0.48936170212765956,0.6216216216216216,0.35135135135135137,0.4864864864864865,0.4864864864864865,23,24,13,14,74
high_low_gap_0_7_0_3,high_is_2.6,-0.6329046231182652,0.5454545454545455,0.525,0.5675675675675675,0.4864864864864865,0.527027027027027,0.527027027027027,21,19,18,16,74
high_low_gap_0_7_0_3,low_is_2.6,-0.5883755042170884,0.5454545454545455,0.525,0.5675675675675675,0.4864864864864865,0.527027027027027,0.527027027027027,21,19,18,16,74
high_low_gap_0_7_0_3,low_is_2.6,-0.4767002908595829,0.5454545454545454,0.47058823529411764,0.6486486486486487,0.2702702702702703,0.4594594594594595,0.4594594594594595,24,27,10,13,74
high_low_gap_0_7_0_3,low_is_2.6,-0.5249540722596449,0.5432098765432098,0.5,0.5945945945945946,0.40540540540540543,0.5,0.5,22,22,15,15,74
high_low_gap_0_7_0_3,low_is_2.6,-0.5056179775280899,0.5411764705882353,0.4791666666666667,0.6216216216216216,0.32432432432432434,0.47297297297297297,0.47297297297297297,23,25,12,14,74
high_low_gap_0_7_0_3,low_is_2.6,-0.47440345913628357,0.5393258426966292,0.46153846153846156,0.6486486486486487,0.24324324324324326,0.44594594594594594,0.44594594594594594,24,28,9,13,74
high_low_gap_0_7_0_3,high_is_2.6,-0.6456770627714173,0.5384615384615384,0.5121951219512195,0.5675675675675675,0.4594594594594595,0.5135135135135135,0.5135135135135135,21,20,17,16,74
high_low_gap_0_7_0_3,low_is_2.6,-0.5833835557468791,0.5384615384615384,0.5121951219512195,0.5675675675675675,0.4594594594594595,0.5135135135135135,0.5135135135135135,21,20,17,16,74
high_low_gap_0_7_0_3,low_is_2.6,-0.49609375,0.5348837209302325,0.46938775510204084,0.6216216216216216,0.2972972972972973,0.4594594594594595,0.45945945945945943,23,26,11,14,74
high_low_gap_0_7_0_3,low_is_2.6,-0.6031828660667807,0.5333333333333333,0.5263157894736842,0.5405405405405406,0.5135135135135135,0.527027027027027,0.527027027027027,20,18,19,17,74
high_low_gap_0_7_0_3,low_is_2.6,-0.5563645887899423,0.5316455696202531,0.5,0.5675675675675675,0.43243243243243246,0.5,0.5,21,21,16,16,74
high_low_gap_0_7_0_3,high_is_2.6,-0.6199674984273433,0.5263157894736842,0.5128205128205128,0.5405405405405406,0.4864864864864865,0.5135135135135135,0.5135135135135136,20,19,18,17,74
high_low_gap_0_7_0_3,low_is_2.6,-0.5927564732874467,0.5263157894736842,0.5128205128205128,0.5405405405405406,0.4864864864864865,0.5135135135135135,0.5135135135135136,20,19,18,17,74
high_low_gap_0_7_0_3,low_is_2.6,-0.614414996767938,0.5135135135135135,0.5135135135135135,0.5135135135135135,0.5135135135135135,0.5135135135135135,0.5135135135135135,19,18,19,18,74
high_low_gap_0_7_0_3,high_is_2.6,-0.6169028340080971,0.5066666666666666,0.5,0.5135135135135135,0.4864864864864865,0.5,0.5,19,19,18,18,74
high_low_gap_0_7_0_3,low_is_2.6,-0.6169028340080971,0.4931506849315069,0.5,0.4864864864864865,0.5135135135135135,0.5,0.5,18,18,19,19,74
high_low_gap_0_7_0_3,high_is_2.6,-0.614414996767938,0.4864864864864865,0.4864864864864865,0.4864864864864865,0.4864864864864865,0.4864864864864865,0.4864864864864865,18,19,18,19,74
high_low_gap_0_7_0_3,high_is_2.6,-0.5927564732874467,0.47222222222222227,0.4857142857142857,0.4594594594594595,0.5135135135135135,0.4864864864864865,0.4864864864864865,17,18,19,20,74
high_low_gap_0_7_0_3,low_is_2.6,-0.6199674984273433,0.47222222222222227,0.4857142857142857,0.4594594594594595,0.5135135135135135,0.4864864864864865,0.4864864864864865,17,18,19,20,74
high_low_gap_0_7_0_3,high_is_2.6,-0.6031828660667807,0.4657534246575342,0.4722222222222222,0.4594594594594595,0.4864864864864865,0.47297297297297297,0.472972972972973,17,19,18,20,74
high_low_gap_0_7_0_3,high_is_2.6,-0.5563645887899423,0.463768115942029,0.5,0.43243243243243246,0.5675675675675675,0.5,0.5,16,16,21,21,74
high_low_gap_0_7_0_3,high_is_2.6,-0.5833835557468791,0.45714285714285713,0.48484848484848486,0.43243243243243246,0.5405405405405406,0.4864864864864865,0.4864864864864865,16,17,20,21,74
high_low_gap_0_7_0_3,low_is_2.6,-0.6456770627714173,0.45714285714285713,0.48484848484848486,0.43243243243243246,0.5405405405405406,0.4864864864864865,0.4864864864864865,16,17,20,21,74
high_low_gap_0_7_0_3,high_is_2.6,-0.49609375,0.4516129032258065,0.56,0.3783783783783784,0.7027027027027027,0.5405405405405406,0.5405405405405406,14,11,26,23,74
high_low_gap_0_7_0_3,high_is_2.6,-0.5883755042170884,0.4507042253521127,0.47058823529411764,0.43243243243243246,0.5135135135135135,0.47297297297297297,0.47297297297297297,16,18,19,21,74
high_low_gap_0_7_0_3,low_is_2.6,-0.6329046231182652,0.4507042253521127,0.47058823529411764,0.43243243243243246,0.5135135135135135,0.47297297297297297,0.47297297297297297,16,18,19,21,74
high_low_gap_0_7_0_3,high_is_2.6,-0.5249540722596449,0.4477611940298507,0.5,0.40540540540540543,0.5945945945945946,0.5,0.5,15,15,22,22,74
high_low_gap_0_7_0_3,high_is_2.6,-0.5056179775280899,0.4444444444444445,0.5384615384615384,0.3783783783783784,0.6756756756756757,0.527027027027027,0.527027027027027,14,12,25,23,74
high_low_gap_0_7_0_3,high_is_2.6,-0.5291447480061089,0.4411764705882353,0.4838709677419355,0.40540540540540543,0.5675675675675675,0.4864864864864865,0.4864864864864865,15,16,21,22,74
high_low_gap_0_7_0_3,low_is_2.6,-0.6700174825174825,0.4411764705882353,0.4838709677419355,0.40540540540540543,0.5675675675675675,0.4864864864864865,0.4864864864864865,15,16,21,22,74
high_low_gap_0_7_0_3,high_is_2.6,-0.47440345913628357,0.4406779661016949,0.5909090909090909,0.35135135135135137,0.7567567567567568,0.5540540540540541,0.5540540540540541,13,9,28,24,74
high_low_gap_0_7_0_3,high_is_2.6,-0.5120282339383463,0.4375,0.5185185185185185,0.3783783783783784,0.6486486486486487,0.5135135135135135,0.5135135135135136,14,13,24,23,74
high_low_gap_0_7_0_3,low_is_2.6,-0.6522007404360346,0.43478260869565216,0.46875,0.40540540540540543,0.5405405405405406,0.47297297297297297,0.472972972972973,15,17,20,22,74
high_low_gap_0_7_0_3,high_is_2.6,-0.4767002908595829,0.43333333333333335,0.5652173913043478,0.35135135135135137,0.7297297297297297,0.5405405405405406,0.5405405405405406,13,10,27,24,74
high_low_gap_0_7_0_3,high_is_2.6,-0.5155343440014972,0.4307692307692308,0.5,0.3783783783783784,0.6216216216216216,0.5,0.5,14,14,23,23,74
high_low_gap_0_7_0_3,high_is_2.6,-0.4850318030973451,0.4262295081967213,0.5416666666666666,0.35135135135135137,0.7027027027027027,0.527027027027027,0.5270270270270271,13,11,26,24,74
high_low_gap_0_7_0_3,high_is_2.6,-0.5199936528086322,0.42424242424242425,0.4827586206896552,0.3783783783783784,0.5945945945945946,0.4864864864864865,0.4864864864864865,14,15,22,23,74
high_low_gap_0_7_0_3,low_is_2.6,-0.6834514170040487,0.417910447761194,0.4666666666666667,0.3783783783783784,0.5675675675675675,0.47297297297297297,0.47297297297297297,14,16,21,23,74
high_low_gap_0_7_0_3,high_is_2.6,-0.46798450495613536,0.41379310344827586,0.5714285714285714,0.32432432432432434,0.7567567567567568,0.5405405405405406,0.5405405405405406,12,9,28,25,74
high_low_gap_0_7_0_3,low_is_2.6,-0.6848018923713779,0.393939393939394,0.4482758620689655,0.35135135135135137,0.5675675675675675,0.4594594594594595,0.45945945945945943,13,16,21,24,74
high_low_gap_0_7_0_3,high_is_2.6,-0.46050995024875624,0.38596491228070173,0.55,0.2972972972972973,0.7567567567567568,0.527027027027027,0.5270270270270271,11,9,28,26,74
high_low_gap_0_7_0_3,low_is_2.6,-0.6905227161700049,0.3692307692307692,0.42857142857142855,0.32432432432432434,0.5675675675675675,0.44594594594594594,0.44594594594594594,12,16,21,25,74
high_low_gap_0_7_0_3,high_is_2.6,-0.4573220064724919,0.35714285714285715,0.5263157894736842,0.2702702702702703,0.7567567567567568,0.5135135135135135,0.5135135135135136,10,9,28,27,74
high_low_gap_0_7_0_3,low_is_2.6,-0.6968826907301067,0.34375,0.4074074074074074,0.2972972972972973,0.5675675675675675,0.43243243243243246,0.43243243243243246,11,16,21,26,74
high_low_gap_0_7_0_3,low_is_2.6,-0.7084247476963581,0.3278688524590164,0.4166666666666667,0.2702702702702703,0.6216216216216216,0.44594594594594594,0.44594594594594594,10,14,23,27,74
high_low_gap_0_7_0_3,high_is_2.6,-0.44425703472107947,0.3272727272727273,0.5,0.24324324324324326,0.7567567567567568,0.5,0.5,9,9,28,28,74
high_low_gap_0_7_0_3,low_is_2.6,-0.7046507778881166,0.3225806451612903,0.4,0.2702702702702703,0.5945945945945946,0.43243243243243246,0.43243243243243246,10,15,22,27,74
high_low_gap_0_7_0_3,low_is_2.6,-0.6999337967560411,0.31746031746031744,0.38461538461538464,0.2702702702702703,0.5675675675675675,0.4189189189189189,0.4189189189189189,10,16,21,27,74
high_low_gap_0_7_0_3,low_is_2.6,-0.7170050143615209,0.3103448275862069,0.42857142857142855,0.24324324324324326,0.6756756756756757,0.4594594594594595,0.45945945945945943,9,12,25,28,74
high_low_gap_0_7_0_3,low_is_2.6,-0.7131452639827602,0.3050847457627119,0.4090909090909091,0.24324324324324326,0.6486486486486487,0.44594594594594594,0.44594594594594594,9,13,24,28,74
high_low_gap_0_7_0_3,high_is_2.6,-0.4171308713293446,0.3018867924528302,0.5,0.21621621621621623,0.7837837837837838,0.5,0.5,8,8,29,29,74
high_low_gap_0_7_0_3,low_is_2.6,-0.7100728495376856,0.30000000000000004,0.391304347826087,0.24324324324324326,0.6216216216216216,0.43243243243243246,0.43243243243243246,9,14,23,28,74
high_low_gap_0_7_0_3,high_is_2.6,-0.42602535903739164,0.29629629629629634,0.47058823529411764,0.21621621621621623,0.7567567567567568,0.4864864864864865,0.4864864864864865,8,9,28,29,74
high_low_gap_0_7_0_3,low_is_2.6,-0.7284297469909113,0.29629629629629634,0.47058823529411764,0.21621621621621623,0.7567567567567568,0.4864864864864865,0.4864864864864865,8,9,28,29,74
high_low_gap_0_7_0_3,low_is_2.6,-0.7223414145748408,0.2909090909090909,0.4444444444444444,0.21621621621621623,0.7297297297297297,0.47297297297297297,0.47297297297297297,8,10,27,29,74
high_low_gap_0_7_0_3,low_is_2.6,-0.7214737793851718,0.28571428571428575,0.42105263157894735,0.21621621621621623,0.7027027027027027,0.4594594594594595,0.4594594594594595,8,11,26,29,74
high_low_gap_0_7_0_3,low_is_2.6,-0.7199957228400342,0.2807017543859649,0.4,0.21621621621621623,0.6756756756756757,0.44594594594594594,0.44594594594594594,8,12,25,29,74
high_low_gap_0_7_0_3,high_is_2.6,-0.39688552188552184,0.2745098039215686,0.5,0.1891891891891892,0.8108108108108109,0.5,0.5,7,7,30,30,74
high_low_gap_0_7_0_3,high_is_2.6,-0.4109109109109109,0.2692307692307693,0.4666666666666667,0.1891891891891892,0.7837837837837838,0.4864864864864865,0.4864864864864865,7,8,29,30,74
high_low_gap_0_7_0_3,low_is_2.6,-0.7355346947738253,0.2641509433962264,0.4375,0.1891891891891892,0.7567567567567568,0.47297297297297297,0.472972972972973,7,9,28,30,74
high_low_gap_0_7_0_3,high_is_2.6,-0.3834473049074819,0.24,0.46153846153846156,0.16216216216216217,0.8108108108108109,0.4864864864864865,0.4864864864864865,6,7,30,31,74
high_low_gap_0_7_0_3,low_is_2.6,-0.7380562380562381,0.23076923076923078,0.4,0.16216216216216217,0.7567567567567568,0.4594594594594595,0.4594594594594595,6,9,28,31,74
high_low_gap_0_7_0_3,high_is_2.6,-0.357263125669677,0.20833333333333334,0.45454545454545453,0.13513513513513514,0.8378378378378378,0.4864864864864865,0.4864864864864865,5,6,31,32,74
high_low_gap_0_7_0_3,high_is_2.6,-0.3773158464378939,0.20408163265306126,0.4166666666666667,0.13513513513513514,0.8108108108108109,0.47297297297297297,0.472972972972973,5,7,30,32,74
high_low_gap_0_7_0_3,low_is_2.6,-0.747020181498036,0.20408163265306126,0.4166666666666667,0.13513513513513514,0.8108108108108109,0.47297297297297297,0.472972972972973,5,7,30,32,74
high_low_gap_0_7_0_3,low_is_2.6,-0.7448989321128909,0.2,0.38461538461538464,0.13513513513513514,0.7837837837837838,0.4594594594594595,0.45945945945945943,5,8,29,32,74
high_low_gap_0_7_0_3,low_is_2.6,-0.7410798956851589,0.19607843137254902,0.35714285714285715,0.13513513513513514,0.7567567567567568,0.44594594594594594,0.44594594594594594,5,9,28,32,74
high_low_gap_0_7_0_3,low_is_2.6,-0.7987746198755372,0.17777777777777778,0.5,0.10810810810810811,0.8918918918918919,0.5,0.5,4,4,33,33,74
high_low_gap_0_7_0_3,high_is_2.6,-0.3341165413533835,0.17391304347826086,0.4444444444444444,0.10810810810810811,0.8648648648648649,0.4864864864864865,0.4864864864864865,4,5,32,33,74
high_low_gap_0_7_0_3,low_is_2.6,-0.7898417372101583,0.17391304347826086,0.4444444444444444,0.10810810810810811,0.8648648648648649,0.4864864864864865,0.4864864864864865,4,5,32,33,74
high_low_gap_0_7_0_3,high_is_2.6,-0.33985562310030404,0.1702127659574468,0.4,0.10810810810810811,0.8378378378378378,0.47297297297297297,0.47297297297297297,4,6,31,33,74
high_low_gap_0_7_0_3,low_is_2.6,-0.7865497076023392,0.1702127659574468,0.4,0.10810810810810811,0.8378378378378378,0.47297297297297297,0.47297297297297297,4,6,31,33,74
high_low_gap_0_7_0_3,low_is_2.6,-0.7656446411980107,0.16666666666666669,0.36363636363636365,0.10810810810810811,0.8108108108108109,0.4594594594594595,0.4594594594594595,4,7,30,33,74
high_low_gap_0_7_0_3,low_is_2.6,-0.812164442399141,0.13953488372093023,0.5,0.08108108108108109,0.918918918918919,0.5,0.5,3,3,34,34,74
high_low_gap_0_7_0_3,low_is_2.6,-0.8093301021291328,0.13636363636363638,0.42857142857142855,0.08108108108108109,0.8918918918918919,0.4864864864864865,0.4864864864864865,3,4,33,34,74
high_low_gap_0_7_0_3,high_is_2.6,-0.31685463659147867,0.13333333333333333,0.375,0.08108108108108109,0.8648648648648649,0.47297297297297297,0.472972972972973,3,5,32,34,74
high_low_gap_0_7_0_3,low_is_2.6,-0.8331271477663231,0.10256410256410257,1.0,0.05405405405405406,1.0,0.527027027027027,0.527027027027027,2,0,37,35,74
high_low_gap_0_7_0_3,low_is_2.6,-0.8183303997988434,0.1,0.6666666666666666,0.05405405405405406,0.972972972972973,0.5135135135135135,0.5135135135135136,2,1,36,35,74
high_low_gap_0_7_0_3,low_is_2.6,-0.8161452810180276,0.0975609756097561,0.5,0.05405405405405406,0.9459459459459459,0.5,0.5,2,2,35,35,74
high_low_gap_0_7_0_3,high_is_2.6,-0.2612433862433863,0.09523809523809523,0.4,0.05405405405405406,0.918918918918919,0.4864864864864865,0.4864864864864865,2,3,34,35,74
high_low_gap_0_7_0_3,low_is_2.6,-0.8141127606928242,0.09523809523809523,0.4,0.05405405405405406,0.918918918918919,0.4864864864864865,0.4864864864864865,2,3,34,35,74
high_low_gap_0_7_0_3,high_is_2.6,-0.2804856743535989,0.09302325581395349,0.3333333333333333,0.05405405405405406,0.8918918918918919,0.47297297297297297,0.47297297297297297,2,4,33,35,74
high_low_gap_0_7_0_3,high_is_2.6,-0.298607367475292,0.09090909090909091,0.2857142857142857,0.05405405405405406,0.8648648648648649,0.4594594594594595,0.4594594594594595,2,5,32,35,74
high_low_gap_0_7_0_3,high_is_2.6,-0.18214491086831514,0.052631578947368425,1.0,0.02702702702702703,1.0,0.5135135135135135,0.5135135135135135,1,0,37,36,74
high_low_gap_0_7_0_3,high_is_2.6,-0.16216216216216212,0.052631578947368425,1.0,0.02702702702702703,1.0,0.5135135135135135,0.5135135135135135,1,0,37,36,74
high_low_gap_0_7_0_3,low_is_2.6,-0.9274193548387097,0.052631578947368425,1.0,0.02702702702702703,1.0,0.5135135135135135,0.5135135135135135,1,0,37,36,74
high_low_gap_0_7_0_3,low_is_2.6,-0.8870430107526882,0.052631578947368425,1.0,0.02702702702702703,1.0,0.5135135135135135,0.5135135135135135,1,0,37,36,74
high_low_gap_0_7_0_3,high_is_2.6,-0.20675488669780318,0.05128205128205129,0.5,0.02702702702702703,0.972972972972973,0.5,0.5,1,1,36,36,74
high_low_gap_0_7_0_3,high_is_2.6,-0.22411210954214805,0.05,0.3333333333333333,0.02702702702702703,0.9459459459459459,0.4864864864864865,0.4864864864864865,1,2,35,36,74
high_low_gap_0_7_0_3,high_is_2.6,-0.24540517961570593,0.04878048780487805,0.25,0.02702702702702703,0.918918918918919,0.47297297297297297,0.472972972972973,1,3,34,36,74
high_low_gap_0_8_0_2,low_is_2.6,-0.30332434860736746,0.673076923076923,0.5223880597014925,0.9459459459459459,0.13513513513513514,0.5405405405405406,0.5405405405405406,35,32,5,2,74
high_low_gap_0_8_0_2,low_is_2.6,-0.2341791979949875,0.6728971962616821,0.5142857142857142,0.972972972972973,0.08108108108108109,0.527027027027027,0.5270270270270271,36,34,3,1,74
high_low_gap_0_8_0_2,high_is_2.6,-0.7461809635722679,0.6666666666666666,0.532258064516129,0.8918918918918919,0.21621621621621623,0.5540540540540541,0.5540540540540541,33,29,8,4,74
high_low_gap_0_8_0_2,low_is_2.6,-0.2215145576707727,0.6666666666666666,0.5070422535211268,0.972972972972973,0.05405405405405406,0.5135135135135135,0.5135135135135136,36,35,2,1,74
high_low_gap_0_8_0_2,high_is_2.6,-0.9274193548387097,0.6666666666666666,0.5,1.0,0.0,0.5,0.5,37,37,0,0,74
high_low_gap_0_8_0_2,low_is_2.6,-0.1711711711711712,0.6666666666666666,0.5,1.0,0.0,0.5,0.5,37,37,0,0,74
high_low_gap_0_8_0_2,high_is_2.6,-0.8112440558367848,0.6666666666666665,0.5147058823529411,0.9459459459459459,0.10810810810810811,0.527027027027027,0.527027027027027,35,33,4,2,74
high_low_gap_0_8_0_2,low_is_2.6,-0.28520265548567436,0.6666666666666665,0.5147058823529411,0.9459459459459459,0.10810810810810811,0.527027027027027,0.527027027027027,35,33,4,2,74
high_low_gap_0_8_0_2,low_is_2.6,-0.21207403563397334,0.6605504587155964,0.5,0.972972972972973,0.02702702702702703,0.5,0.5,36,36,1,1,74
high_low_gap_0_8_0_2,high_is_2.6,-0.8211761654671594,0.660377358490566,0.5072463768115942,0.9459459459459459,0.08108108108108109,0.5135135135135135,0.5135135135135135,35,34,3,2,74
high_low_gap_0_8_0_2,low_is_2.6,-0.25330687830687826,0.660377358490566,0.5072463768115942,0.9459459459459459,0.08108108108108109,0.5135135135135135,0.5135135135135135,35,34,3,2,74
high_low_gap_0_8_0_2,low_is_2.6,-0.3102756892230576,0.6601941747572816,0.5151515151515151,0.918918918918919,0.13513513513513514,0.527027027027027,0.5270270270270271,34,32,5,3,74
high_low_gap_0_8_0_2,high_is_2.6,-0.7640296393156805,0.6599999999999999,0.5238095238095238,0.8918918918918919,0.1891891891891892,0.5405405405405406,0.5405405405405406,33,30,7,4,74
high_low_gap_0_8_0_2,high_is_2.6,-0.8870430107526882,0.6545454545454545,0.4931506849315068,0.972972972972973,0.0,0.4864864864864865,0.4864864864864865,36,37,0,1,74
high_low_gap_0_8_0_2,low_is_2.6,-0.1912766424961547,0.6545454545454545,0.4931506849315068,0.972972972972973,0.0,0.4864864864864865,0.4864864864864865,36,37,0,1,74
high_low_gap_0_8_0_2,high_is_2.6,-0.8254146122814882,0.6542056074766355,0.5,0.9459459459459459,0.05405405405405406,0.5,0.5,35,35,2,2,74
high_low_gap_0_8_0_2,high_is_2.6,-0.799228015215932,0.6538461538461539,0.5074626865671642,0.918918918918919,0.10810810810810811,0.5135135135135135,0.5135135135135136,34,33,4,3,74
high_low_gap_0_8_0_2,high_is_2.6,-0.77532993322467,0.6534653465346535,0.515625,0.8918918918918919,0.16216216216216217,0.527027027027027,0.527027027027027,33,31,6,4,74
high_low_gap_0_8_0_2,low_is_2.6,-0.3333201643489254,0.6534653465346535,0.515625,0.8918918918918919,0.16216216216216217,0.527027027027027,0.527027027027027,33,31,6,4,74
high_low_gap_0_8_0_2,high_is_2.6,-0.7380562380562381,0.6530612244897959,0.5245901639344263,0.8648648648648649,0.21621621621621623,0.5405405405405406,0.5405405405405406,32,29,8,5,74
high_low_gap_0_8_0_2,high_is_2.6,-0.7292620137299771,0.6526315789473685,0.5344827586206896,0.8378378378378378,0.2702702702702703,0.5540540540540541,0.5540540540540541,31,27,10,6,74
high_low_gap_0_8_0_2,high_is_2.6,-0.7199957228400342,0.6521739130434782,0.5454545454545454,0.8108108108108109,0.32432432432432434,0.5675675675675675,0.5675675675675675,30,25,12,7,74
high_low_gap_0_8_0_2,high_is_2.6,-0.7059748427672956,0.651685393258427,0.5576923076923077,0.7837837837837838,0.3783783783783784,0.581081081081081,0.5810810810810811,29,23,14,8,74
high_low_gap_0_8_0_2,high_is_2.6,-0.827677624602333,0.6481481481481483,0.49295774647887325,0.9459459459459459,0.02702702702702703,0.4864864864864865,0.4864864864864865,35,36,1,2,74
high_low_gap_0_8_0_2,high_is_2.6,-0.7828487302171512,0.6470588235294117,0.5076923076923077,0.8918918918918919,0.13513513513513514,0.5135135135135135,0.5135135135135135,33,32,5,4,74
high_low_gap_0_8_0_2,low_is_2.6,-0.32307330827067665,0.6470588235294117,0.5076923076923077,0.8918918918918919,0.13513513513513514,0.5135135135135135,0.5135135135135135,33,32,5,4,74
high_low_gap_0_8_0_2,high_is_2.6,-0.7309852374839538,0.6458333333333334,0.5254237288135594,0.8378378378378378,0.24324324324324326,0.5405405405405406,0.5405405405405406,31,28,9,6,74
high_low_gap_0_8_0_2,high_is_2.6,-0.7214737793851718,0.6451612903225806,0.5357142857142857,0.8108108108108109,0.2972972972972973,0.5540540540540541,0.5540540540540541,30,26,11,7,74
high_low_gap_0_8_0_2,high_is_2.6,-0.7125306470525531,0.6444444444444444,0.5471698113207547,0.7837837837837838,0.35135135135135137,0.5675675675675675,0.5675675675675675,29,24,13,8,74
high_low_gap_0_8_0_2,high_is_2.6,-0.8379674796747968,0.6422018348623854,0.4861111111111111,0.9459459459459459,0.0,0.47297297297297297,0.47297297297297297,35,37,0,2,74
high_low_gap_0_8_0_2,high_is_2.6,-0.7915258329309512,0.6407766990291263,0.5,0.8918918918918919,0.10810810810810811,0.5,0.5,33,33,4,4,74
high_low_gap_0_8_0_2,low_is_2.6,-0.34190045816858095,0.64,0.5079365079365079,0.8648648648648649,0.16216216216216217,0.5135135135135135,0.5135135135135136,32,31,6,5,74
high_low_gap_0_8_0_2,high_is_2.6,-0.7345405272234542,0.6391752577319588,0.5166666666666667,0.8378378378378378,0.21621621621621623,0.527027027027027,0.527027027027027,31,29,8,6,74
high_low_gap_0_8_0_2,low_is_2.6,-0.38708708708708706,0.6391752577319588,0.5166666666666667,0.8378378378378378,0.21621621621621623,0.527027027027027,0.527027027027027,31,29,8,6,74
high_low_gap_0_8_0_2,high_is_2.6,-0.7248899284534949,0.6382978723404256,0.5263157894736842,0.8108108108108109,0.2702702702702703,0.5405405405405406,0.5405405405405406,30,27,10,7,74
high_low_gap_0_8_0_2,high_is_2.6,-0.7180384992726412,0.6373626373626374,0.5370370370370371,0.7837837837837838,0.32432432432432434,0.5540540540540541,0.5540540540540541,29,25,12,8,74
high_low_gap_0_8_0_2,high_is_2.6,-0.7026685475812614,0.6363636363636364,0.5490196078431373,0.7567567567567568,0.3783783783783784,0.5675675675675675,0.5675675675675675,28,23,14,9,74
high_low_gap_0_8_0_2,low_is_2.6,-0.37234212629896085,0.6326530612244898,0.5081967213114754,0.8378378378378378,0.1891891891891892,0.5135135135135135,0.5135135135135135,31,30,7,6,74
high_low_gap_0_8_0_2,high_is_2.6,-0.6982347996637714,0.6279069767441859,0.5510204081632653,0.7297297297297297,0.40540540540540543,0.5675675675675675,0.5675675675675675,27,22,15,10,74
high_low_gap_0_8_0_2,low_is_2.6,-0.35721210265829895,0.6262626262626263,0.5,0.8378378378378378,0.16216216216216217,0.5,0.5,31,31,6,6,74
high_low_gap_0_8_0_2,low_is_2.6,-0.3989557739557739,0.6249999999999999,0.5084745762711864,0.8108108108108109,0.21621621621621623,0.5135135135135135,0.5135135135135136,30,29,8,7,74
high_low_gap_0_8_0_2,high_is_2.6,-0.699864880081072,0.6206896551724138,0.54,0.7297297297297297,0.3783783783783784,0.5540540540540541,0.5540540540540541,27,23,14,10,74
high_low_gap_0_8_0_2,low_is_2.6,-0.4300729178534807,0.6170212765957447,0.5087719298245614,0.7837837837837838,0.24324324324324326,0.5135135135135135,0.5135135135135135,29,28,9,8,74
high_low_gap_0_8_0_2,high_is_2.6,-0.6971518160438985,0.611764705882353,0.5416666666666666,0.7027027027027027,0.40540540540540543,0.5540540540540541,0.5540540540540541,26,22,15,11,74
high_low_gap_0_8_0_2,low_is_2.6,-0.41068123987971317,0.6105263157894737,0.5,0.7837837837837838,0.21621621621621623,0.5,0.5,29,29,8,8,74
high_low_gap_0_8_0_2,low_is_2.6,-0.4447255249177839,0.6021505376344086,0.5,0.7567567567567568,0.24324324324324326,0.5,0.5,28,28,9,9,74
high_low_gap_0_8_0_2,high_is_2.6,-0.6961406936980947,0.5952380952380952,0.5319148936170213,0.6756756756756757,0.40540540540540543,0.5405405405405406,0.5405405405405406,25,22,15,12,74
high_low_gap_0_8_0_2,low_is_2.6,-0.4537429378531073,0.5869565217391305,0.4909090909090909,0.7297297297297297,0.24324324324324326,0.4864864864864865,0.4864864864864865,27,28,9,10,74
high_low_gap_0_8_0_2,high_is_2.6,-0.6939799331103679,0.5783132530120482,0.5217391304347826,0.6486486486486487,0.40540540540540543,0.527027027027027,0.5270270270270271,24,22,15,13,74
high_low_gap_0_8_0_2,low_is_2.6,-0.4637789395070948,0.5777777777777777,0.49056603773584906,0.7027027027027027,0.2702702702702703,0.4864864864864865,0.4864864864864865,26,27,10,11,74
high_low_gap_0_8_0_2,low_is_2.6,-0.4599358974358974,0.5714285714285714,0.48148148148148145,0.7027027027027027,0.24324324324324326,0.47297297297297297,0.472972972972973,26,28,9,11,74
high_low_gap_0_8_0_2,high_is_2.6,-0.6666666666666666,0.5679012345679012,0.5227272727272727,0.6216216216216216,0.43243243243243246,0.527027027027027,0.527027027027027,23,21,16,14,74
high_low_gap_0_8_0_2,high_is_2.6,-0.6522007404360346,0.5641025641025641,0.5365853658536586,0.5945945945945946,0.4864864864864865,0.5405405405405406,0.5405405405405406,22,19,18,15,74
high_low_gap_0_8_0_2,low_is_2.6,-0.4673847087378641,0.5617977528089887,0.4807692307692308,0.6756756756756757,0.2702702702702703,0.47297297297297297,0.47297297297297297,25,27,10,12,74
high_low_gap_0_8_0_2,high_is_2.6,-0.6838731443994601,0.5609756097560976,0.5111111111111111,0.6216216216216216,0.40540540540540543,0.5135135135135135,0.5135135135135135,23,22,15,14,74
high_low_gap_0_8_0_2,high_is_2.6,-0.6575303890740132,0.5569620253164557,0.5238095238095238,0.5945945945945946,0.4594594594594595,0.527027027027027,0.5270270270270271,22,20,17,15,74
high_low_gap_0_8_0_2,low_is_2.6,-0.4787880834965885,0.5517241379310345,0.48,0.6486486486486487,0.2972972972972973,0.47297297297297297,0.472972972972973,24,26,11,13,74
high_low_gap_0_8_0_2,high_is_2.6,-0.6578064288237371,0.55,0.5116279069767442,0.5945945945945946,0.43243243243243246,0.5135135135135135,0.5135135135135136,22,21,16,15,74
high_low_gap_0_8_0_2,high_is_2.6,-0.6382704476212796,0.5454545454545455,0.525,0.5675675675675675,0.4864864864864865,0.527027027027027,0.527027027027027,21,19,18,16,74
high_low_gap_0_8_0_2,low_is_2.6,-0.4688882743362832,0.5454545454545454,0.47058823529411764,0.6486486486486487,0.2702702702702703,0.4594594594594595,0.4594594594594595,24,27,10,13,74
high_low_gap_0_8_0_2,low_is_2.6,-0.5758454106280193,0.5384615384615384,0.5121951219512195,0.5675675675675675,0.4594594594594595,0.5135135135135135,0.5135135135135135,21,20,17,16,74
high_low_gap_0_8_0_2,low_is_2.6,-0.49427480916030536,0.5348837209302325,0.46938775510204084,0.6216216216216216,0.2972972972972973,0.4594594594594595,0.45945945945945943,23,26,11,14,74
high_low_gap_0_8_0_2,high_is_2.6,-0.6250567279328341,0.5333333333333333,0.5263157894736842,0.5405405405405406,0.5135135135135135,0.527027027027027,0.527027027027027,20,18,19,17,74
high_low_gap_0_8_0_2,low_is_2.6,-0.5619565217391305,0.5316455696202531,0.5,0.5675675675675675,0.43243243243243246,0.5,0.5,21,21,16,16,74
high_low_gap_0_8_0_2,high_is_2.6,-0.6289003278919719,0.5263157894736842,0.5128205128205128,0.5405405405405406,0.4864864864864865,0.5135135135135135,0.5135135135135136,20,19,18,17,74
high_low_gap_0_8_0_2,low_is_2.6,-0.5881318394997395,0.5263157894736842,0.5128205128205128,0.5405405405405406,0.4864864864864865,0.5135135135135135,0.5135135135135136,20,19,18,17,74
high_low_gap_0_8_0_2,low_is_2.6,-0.5461267605633802,0.525,0.4883720930232558,0.5675675675675675,0.40540540540540543,0.4864864864864865,0.4864864864864865,21,22,15,16,74
high_low_gap_0_8_0_2,low_is_2.6,-0.511642073913632,0.5238095238095238,0.46808510638297873,0.5945945945945946,0.32432432432432434,0.4594594594594595,0.4594594594594595,22,25,12,15,74
high_low_gap_0_8_0_2,low_is_2.6,-0.580968096809681,0.5194805194805195,0.5,0.5405405405405406,0.4594594594594595,0.5,0.5,20,20,17,17,74
high_low_gap_0_8_0_2,low_is_2.6,-0.5318105212471409,0.5185185185185185,0.4772727272727273,0.5675675675675675,0.3783783783783784,0.47297297297297297,0.47297297297297297,21,23,14,16,74
high_low_gap_0_8_0_2,low_is_2.6,-0.5056179775280899,0.5176470588235293,0.4583333333333333,0.5945945945945946,0.2972972972972973,0.44594594594594594,0.44594594594594594,22,26,11,15,74
high_low_gap_0_8_0_2,high_is_2.6,-0.6092167636285284,0.5135135135135135,0.5135135135135135,0.5135135135135135,0.5135135135135135,0.5135135135135135,0.5135135135135135,19,18,19,18,74
high_low_gap_0_8_0_2,low_is_2.6,-0.5198078482750016,0.5121951219512195,0.4666666666666667,0.5675675675675675,0.35135135135135137,0.4594594594594595,0.45945945945945943,21,24,13,16,74
high_low_gap_0_8_0_2,low_is_2.6,-0.5943719593100398,0.5066666666666666,0.5,0.5135135135135135,0.4864864864864865,0.5,0.5,19,19,18,18,74
high_low_gap_0_8_0_2,low_is_2.6,-0.5151481839767831,0.506024096385542,0.45652173913043476,0.5675675675675675,0.32432432432432434,0.44594594594594594,0.44594594594594594,21,25,12,16,74
high_low_gap_0_8_0_2,high_is_2.6,-0.5943719593100398,0.4931506849315069,0.5,0.4864864864864865,0.5135135135135135,0.5,0.5,18,18,19,19,74
high_low_gap_0_8_0_2,high_is_2.6,-0.5151481839767831,0.49230769230769234,0.5714285714285714,0.43243243243243246,0.6756756756756757,0.5540540540540541,0.5540540540540541,16,12,25,21,74
high_low_gap_0_8_0_2,low_is_2.6,-0.6092167636285284,0.4864864864864865,0.4864864864864865,0.4864864864864865,0.4864864864864865,0.4864864864864865,0.4864864864864865,18,19,18,19,74
high_low_gap_0_8_0_2,high_is_2.6,-0.5198078482750016,0.48484848484848486,0.5517241379310345,0.43243243243243246,0.6486486486486487,0.5405405405405406,0.5405405405405406,16,13,24,21,74
high_low_gap_0_8_0_2,high_is_2.6,-0.580968096809681,0.47887323943661975,0.5,0.4594594594594595,0.5405405405405406,0.5,0.5,17,17,20,20,74
high_low_gap_0_8_0_2,high_is_2.6,-0.5318105212471409,0.47761194029850745,0.5333333333333333,0.43243243243243246,0.6216216216216216,0.527027027027027,0.527027027027027,16,14,23,21,74
high_low_gap_0_8_0_2,high_is_2.6,-0.5056179775280899,0.47619047619047616,0.5769230769230769,0.40540540540540543,0.7027027027027027,0.5540540540540541,0.5540540540540541,15,11,26,22,74
high_low_gap_0_8_0_2,high_is_2.6,-0.5881318394997395,0.47222222222222227,0.4857142857142857,0.4594594594594595,0.5135135135135135,0.4864864864864865,0.4864864864864865,17,18,19,20,74
high_low_gap_0_8_0_2,low_is_2.6,-0.6289003278919719,0.47222222222222227,0.4857142857142857,0.4594594594594595,0.5135135135135135,0.4864864864864865,0.4864864864864865,17,18,19,20,74
high_low_gap_0_8_0_2,high_is_2.6,-0.5461267605633802,0.47058823529411764,0.5161290322580645,0.43243243243243246,0.5945945945945946,0.5135135135135135,0.5135135135135136,16,15,22,21,74
high_low_gap_0_8_0_2,high_is_2.6,-0.511642073913632,0.46875,0.5555555555555556,0.40540540540540543,0.6756756756756757,0.5405405405405406,0.5405405405405406,15,12,25,22,74
high_low_gap_0_8_0_2,low_is_2.6,-0.6250567279328341,0.4657534246575342,0.4722222222222222,0.4594594594594595,0.4864864864864865,0.47297297297297297,0.472972972972973,17,19,18,20,74
high_low_gap_0_8_0_2,high_is_2.6,-0.5619565217391305,0.463768115942029,0.5,0.43243243243243246,0.5675675675675675,0.5,0.5,16,16,21,21,74
high_low_gap_0_8_0_2,high_is_2.6,-0.5758454106280193,0.45714285714285713,0.48484848484848486,0.43243243243243246,0.5405405405405406,0.4864864864864865,0.4864864864864865,16,17,20,21,74
high_low_gap_0_8_0_2,high_is_2.6,-0.49427480916030536,0.4516129032258065,0.56,0.3783783783783784,0.7027027027027027,0.5405405405405406,0.5405405405405406,14,11,26,23,74
high_low_gap_0_8_0_2,low_is_2.6,-0.6382704476212796,0.4507042253521127,0.47058823529411764,0.43243243243243246,0.5135135135135135,0.47297297297297297,0.47297297297297297,16,18,19,21,74
high_low_gap_0_8_0_2,low_is_2.6,-0.6578064288237371,0.4411764705882353,0.4838709677419355,0.40540540540540543,0.5675675675675675,0.4864864864864865,0.4864864864864865,15,16,21,22,74
high_low_gap_0_8_0_2,low_is_2.6,-0.6575303890740132,0.43478260869565216,0.46875,0.40540540540540543,0.5405405405405406,0.47297297297297297,0.472972972972973,15,17,20,22,74
high_low_gap_0_8_0_2,high_is_2.6,-0.4688882743362832,0.43333333333333335,0.5652173913043478,0.35135135135135137,0.7297297297297297,0.5405405405405406,0.5405405405405406,13,10,27,24,74
high_low_gap_0_8_0_2,low_is_2.6,-0.6522007404360346,0.42857142857142855,0.45454545454545453,0.40540540540540543,0.5135135135135135,0.4594594594594595,0.45945945945945943,15,18,19,22,74
high_low_gap_0_8_0_2,high_is_2.6,-0.4787880834965885,0.4262295081967213,0.5416666666666666,0.35135135135135137,0.7027027027027027,0.527027027027027,0.5270270270270271,13,11,26,24,74
high_low_gap_0_8_0_2,low_is_2.6,-0.6838731443994601,0.42424242424242425,0.4827586206896552,0.3783783783783784,0.5945945945945946,0.4864864864864865,0.4864864864864865,14,15,22,23,74
high_low_gap_0_8_0_2,low_is_2.6,-0.6666666666666666,0.417910447761194,0.4666666666666667,0.3783783783783784,0.5675675675675675,0.47297297297297297,0.47297297297297297,14,16,21,23,74
high_low_gap_0_8_0_2,high_is_2.6,-0.4673847087378641,0.4067796610169491,0.5454545454545454,0.32432432432432434,0.7297297297297297,0.527027027027027,0.527027027027027,12,10,27,25,74
high_low_gap_0_8_0_2,low_is_2.6,-0.6939799331103679,0.39999999999999997,0.4642857142857143,0.35135135135135137,0.5945945945945946,0.47297297297297297,0.472972972972973,13,15,22,24,74
high_low_gap_0_8_0_2,high_is_2.6,-0.4599358974358974,0.38596491228070173,0.55,0.2972972972972973,0.7567567567567568,0.527027027027027,0.5270270270270271,11,9,28,26,74
high_low_gap_0_8_0_2,high_is_2.6,-0.4637789395070948,0.37931034482758624,0.5238095238095238,0.2972972972972973,0.7297297297297297,0.5135135135135135,0.5135135135135135,11,10,27,26,74
high_low_gap_0_8_0_2,low_is_2.6,-0.6961406936980947,0.375,0.4444444444444444,0.32432432432432434,0.5945945945945946,0.4594594594594595,0.4594594594594595,12,15,22,25,74
high_low_gap_0_8_0_2,high_is_2.6,-0.4537429378531073,0.35714285714285715,0.5263157894736842,0.2702702702702703,0.7567567567567568,0.5135135135135135,0.5135135135135136,10,9,28,27,74
high_low_gap_0_8_0_2,low_is_2.6,-0.6971518160438985,0.34920634920634924,0.4230769230769231,0.2972972972972973,0.5945945945945946,0.44594594594594594,0.44594594594594594,11,15,22,26,74
high_low_gap_0_8_0_2,low_is_2.6,-0.699864880081072,0.3278688524590164,0.4166666666666667,0.2702702702702703,0.6216216216216216,0.44594594594594594,0.44594594594594594,10,14,23,27,74
high_low_gap_0_8_0_2,high_is_2.6,-0.4447255249177839,0.3272727272727273,0.5,0.24324324324324326,0.7567567567567568,0.5,0.5,9,9,28,28,74
high_low_gap_0_8_0_2,low_is_2.6,-0.6982347996637714,0.3225806451612903,0.4,0.2702702702702703,0.5945945945945946,0.43243243243243246,0.43243243243243246,10,15,22,27,74
high_low_gap_0_8_0_2,high_is_2.6,-0.41068123987971317,0.3018867924528302,0.5,0.21621621621621623,0.7837837837837838,0.5,0.5,8,8,29,29,74
high_low_gap_0_8_0_2,low_is_2.6,-0.7026685475812614,0.30000000000000004,0.391304347826087,0.24324324324324326,0.6216216216216216,0.43243243243243246,0.43243243243243246,9,14,23,28,74
high_low_gap_0_8_0_2,high_is_2.6,-0.4300729178534807,0.29629629629629634,0.47058823529411764,0.21621621621621623,0.7567567567567568,0.4864864864864865,0.4864864864864865,8,9,28,29,74
high_low_gap_0_8_0_2,low_is_2.6,-0.7180384992726412,0.2807017543859649,0.4,0.21621621621621623,0.6756756756756757,0.44594594594594594,0.44594594594594594,8,12,25,29,74
high_low_gap_0_8_0_2,low_is_2.6,-0.7125306470525531,0.27586206896551724,0.38095238095238093,0.21621621621621623,0.6486486486486487,0.43243243243243246,0.43243243243243246,8,13,24,29,74
high_low_gap_0_8_0_2,low_is_2.6,-0.7059748427672956,0.27118644067796616,0.36363636363636365,0.21621621621621623,0.6216216216216216,0.4189189189189189,0.4189189189189189,8,14,23,29,74
high_low_gap_0_8_0_2,high_is_2.6,-0.3989557739557739,0.2692307692307693,0.4666666666666667,0.1891891891891892,0.7837837837837838,0.4864864864864865,0.4864864864864865,7,8,29,30,74
high_low_gap_0_8_0_2,low_is_2.6,-0.7248899284534949,0.2592592592592593,0.4117647058823529,0.1891891891891892,0.7297297297297297,0.4594594594594595,0.45945945945945943,7,10,27,30,74
high_low_gap_0_8_0_2,low_is_2.6,-0.7214737793851718,0.2545454545454546,0.3888888888888889,0.1891891891891892,0.7027027027027027,0.44594594594594594,0.44594594594594594,7,11,26,30,74
high_low_gap_0_8_0_2,low_is_2.6,-0.7199957228400342,0.25,0.3684210526315789,0.1891891891891892,0.6756756756756757,0.43243243243243246,0.43243243243243246,7,12,25,30,74
high_low_gap_0_8_0_2,high_is_2.6,-0.35721210265829895,0.2448979591836735,0.5,0.16216216216216217,0.8378378378378378,0.5,0.5,6,6,31,31,74
high_low_gap_0_8_0_2,high_is_2.6,-0.37234212629896085,0.24,0.46153846153846156,0.16216216216216217,0.8108108108108109,0.4864864864864865,0.4864864864864865,6,7,30,31,74
high_low_gap_0_8_0_2,high_is_2.6,-0.38708708708708706,0.23529411764705885,0.42857142857142855,0.16216216216216217,0.7837837837837838,0.47297297297297297,0.47297297297297297,6,8,29,31,74
high_low_gap_0_8_0_2,low_is_2.6,-0.7345405272234542,0.23529411764705885,0.42857142857142855,0.16216216216216217,0.7837837837837838,0.47297297297297297,0.47297297297297297,6,8,29,31,74
high_low_gap_0_8_0_2,low_is_2.6,-0.7309852374839538,0.23076923076923078,0.4,0.16216216216216217,0.7567567567567568,0.4594594594594595,0.4594594594594595,6,9,28,31,74
high_low_gap_0_8_0_2,low_is_2.6,-0.7292620137299771,0.22641509433962265,0.375,0.16216216216216217,0.7297297297297297,0.44594594594594594,0.44594594594594594,6,10,27,31,74
high_low_gap_0_8_0_2,high_is_2.6,-0.34190045816858095,0.20833333333333334,0.45454545454545453,0.13513513513513514,0.8378378378378378,0.4864864864864865,0.4864864864864865,5,6,31,32,74
high_low_gap_0_8_0_2,low_is_2.6,-0.7380562380562381,0.2,0.38461538461538464,0.13513513513513514,0.7837837837837838,0.4594594594594595,0.45945945945945943,5,8,29,32,74
high_low_gap_0_8_0_2,low_is_2.6,-0.7915258329309512,0.17777777777777778,0.5,0.10810810810810811,0.8918918918918919,0.5,0.5,4,4,33,33,74
high_low_gap_0_8_0_2,high_is_2.6,-0.32307330827067665,0.17391304347826086,0.4444444444444444,0.10810810810810811,0.8648648648648649,0.4864864864864865,0.4864864864864865,4,5,32,33,74
high_low_gap_0_8_0_2,low_is_2.6,-0.7828487302171512,0.17391304347826086,0.4444444444444444,0.10810810810810811,0.8648648648648649,0.4864864864864865,0.4864864864864865,4,5,32,33,74
high_low_gap_0_8_0_2,high_is_2.6,-0.3333201643489254,0.1702127659574468,0.4,0.10810810810810811,0.8378378378378378,0.47297297297297297,0.47297297297297297,4,6,31,33,74
high_low_gap_0_8_0_2,low_is_2.6,-0.77532993322467,0.1702127659574468,0.4,0.10810810810810811,0.8378378378378378,0.47297297297297297,0.47297297297297297,4,6,31,33,74
high_low_gap_0_8_0_2,low_is_2.6,-0.7640296393156805,0.16666666666666669,0.36363636363636365,0.10810810810810811,0.8108108108108109,0.4594594594594595,0.4594594594594595,4,7,30,33,74
high_low_gap_0_8_0_2,low_is_2.6,-0.7461809635722679,0.163265306122449,0.3333333333333333,0.10810810810810811,0.7837837837837838,0.44594594594594594,0.44594594594594594,4,8,29,33,74
high_low_gap_0_8_0_2,low_is_2.6,-0.799228015215932,0.13636363636363638,0.42857142857142855,0.08108108108108109,0.8918918918918919,0.4864864864864865,0.4864864864864865,3,4,33,34,74
high_low_gap_0_8_0_2,high_is_2.6,-0.3102756892230576,0.13333333333333333,0.375,0.08108108108108109,0.8648648648648649,0.47297297297297297,0.472972972972973,3,5,32,34,74
high_low_gap_0_8_0_2,low_is_2.6,-0.8379674796747968,0.10256410256410257,1.0,0.05405405405405406,1.0,0.527027027027027,0.527027027027027,2,0,37,35,74
high_low_gap_0_8_0_2,low_is_2.6,-0.827677624602333,0.1,0.6666666666666666,0.05405405405405406,0.972972972972973,0.5135135135135135,0.5135135135135136,2,1,36,35,74
high_low_gap_0_8_0_2,low_is_2.6,-0.8254146122814882,0.0975609756097561,0.5,0.05405405405405406,0.9459459459459459,0.5,0.5,2,2,35,35,74
high_low_gap_0_8_0_2,high_is_2.6,-0.25330687830687826,0.09523809523809523,0.4,0.05405405405405406,0.918918918918919,0.4864864864864865,0.4864864864864865,2,3,34,35,74
high_low_gap_0_8_0_2,low_is_2.6,-0.8211761654671594,0.09523809523809523,0.4,0.05405405405405406,0.918918918918919,0.4864864864864865,0.4864864864864865,2,3,34,35,74
high_low_gap_0_8_0_2,high_is_2.6,-0.28520265548567436,0.09302325581395349,0.3333333333333333,0.05405405405405406,0.8918918918918919,0.47297297297297297,0.47297297297297297,2,4,33,35,74
high_low_gap_0_8_0_2,low_is_2.6,-0.8112440558367848,0.09302325581395349,0.3333333333333333,0.05405405405405406,0.8918918918918919,0.47297297297297297,0.47297297297297297,2,4,33,35,74
high_low_gap_0_8_0_2,high_is_2.6,-0.30332434860736746,0.09090909090909091,0.2857142857142857,0.05405405405405406,0.8648648648648649,0.4594594594594595,0.4594594594594595,2,5,32,35,74
high_low_gap_0_8_0_2,high_is_2.6,-0.1912766424961547,0.052631578947368425,1.0,0.02702702702702703,1.0,0.5135135135135135,0.5135135135135135,1,0,37,36,74
high_low_gap_0_8_0_2,high_is_2.6,-0.1711711711711712,0.052631578947368425,1.0,0.02702702702702703,1.0,0.5135135135135135,0.5135135135135135,1,0,37,36,74
high_low_gap_0_8_0_2,low_is_2.6,-0.9274193548387097,0.052631578947368425,1.0,0.02702702702702703,1.0,0.5135135135135135,0.5135135135135135,1,0,37,36,74
high_low_gap_0_8_0_2,low_is_2.6,-0.8870430107526882,0.052631578947368425,1.0,0.02702702702702703,1.0,0.5135135135135135,0.5135135135135135,1,0,37,36,74
high_low_gap_0_8_0_2,high_is_2.6,-0.21207403563397334,0.05128205128205129,0.5,0.02702702702702703,0.972972972972973,0.5,0.5,1,1,36,36,74
high_low_gap_0_8_0_2,high_is_2.6,-0.2215145576707727,0.05,0.3333333333333333,0.02702702702702703,0.9459459459459459,0.4864864864864865,0.4864864864864865,1,2,35,36,74
high_low_gap_0_8_0_2,high_is_2.6,-0.2341791979949875,0.04878048780487805,0.25,0.02702702702702703,0.918918918918919,0.47297297297297297,0.472972972972973,1,3,34,36,74
high_low_gap_0_9_0_5,high_is_2.6,-0.8331124072110287,0.673076923076923,0.5223880597014925,0.9459459459459459,0.13513513513513514,0.5405405405405406,0.5405405405405406,35,32,5,2,74
high_low_gap_0_9_0_5,low_is_2.6,-0.3285296574770259,0.6728971962616821,0.5142857142857142,0.972972972972973,0.08108108108108109,0.527027027027027,0.5270270270270271,36,34,3,1,74
high_low_gap_0_9_0_5,low_is_2.6,-0.31236628155755247,0.6666666666666666,0.5070422535211268,0.972972972972973,0.05405405405405406,0.5135135135135135,0.5135135135135136,36,35,2,1,74
high_low_gap_0_9_0_5,high_is_2.6,-0.935483870967742,0.6666666666666666,0.5,1.0,0.0,0.5,0.5,37,37,0,0,74
high_low_gap_0_9_0_5,low_is_2.6,-0.21621621621621623,0.6666666666666666,0.5,1.0,0.0,0.5,0.5,37,37,0,0,74
high_low_gap_0_9_0_5,high_is_2.6,-0.8395308924485125,0.6666666666666665,0.5147058823529411,0.9459459459459459,0.10810810810810811,0.527027027027027,0.527027027027027,35,33,4,2,74
high_low_gap_0_9_0_5,high_is_2.6,-0.8659756097560976,0.6605504587155964,0.5,0.972972972972973,0.02702702702702703,0.5,0.5,36,36,1,1,74
high_low_gap_0_9_0_5,low_is_2.6,-0.29276941705587267,0.6605504587155964,0.5,0.972972972972973,0.02702702702702703,0.5,0.5,36,36,1,1,74
high_low_gap_0_9_0_5,high_is_2.6,-0.8424362793776895,0.660377358490566,0.5072463768115942,0.9459459459459459,0.08108108108108109,0.5135135135135135,0.5135135135135135,35,34,3,2,74
high_low_gap_0_9_0_5,low_is_2.6,-0.3563492063492063,0.660377358490566,0.5072463768115942,0.9459459459459459,0.08108108108108109,0.5135135135135135,0.5135135135135135,35,34,3,2,74
high_low_gap_0_9_0_5,high_is_2.6,-0.8251846050570598,0.6601941747572816,0.5151515151515151,0.918918918918919,0.13513513513513514,0.527027027027027,0.5270270270270271,34,32,5,3,74
high_low_gap_0_9_0_5,low_is_2.6,-0.38130417651694243,0.6601941747572816,0.5151515151515151,0.918918918918919,0.13513513513513514,0.527027027027027,0.5270270270270271,34,32,5,3,74
high_low_gap_0_9_0_5,high_is_2.6,-0.9037175452399686,0.6545454545454545,0.4931506849315068,0.972972972972973,0.0,0.4864864864864865,0.4864864864864865,36,37,0,1,74
high_low_gap_0_9_0_5,low_is_2.6,-0.24640598044853362,0.6545454545454545,0.4931506849315068,0.972972972972973,0.0,0.4864864864864865,0.4864864864864865,36,37,0,1,74
high_low_gap_0_9_0_5,high_is_2.6,-0.8492186993451338,0.6542056074766355,0.5,0.9459459459459459,0.05405405405405406,0.5,0.5,35,35,2,2,74
high_low_gap_0_9_0_5,low_is_2.6,-0.37849406009783365,0.6538461538461539,0.5074626865671642,0.918918918918919,0.10810810810810811,0.5135135135135135,0.5135135135135136,34,33,4,3,74
high_low_gap_0_9_0_5,high_is_2.6,-0.8096348096348096,0.6534653465346535,0.515625,0.8918918918918919,0.16216216216216217,0.527027027027027,0.527027027027027,33,31,6,4,74
high_low_gap_0_9_0_5,high_is_2.6,-0.7872602065912444,0.6530612244897959,0.5245901639344263,0.8648648648648649,0.21621621621621623,0.5405405405405406,0.5405405405405406,32,29,8,5,74
high_low_gap_0_9_0_5,high_is_2.6,-0.8578350515463917,0.6481481481481483,0.49295774647887325,0.9459459459459459,0.02702702702702703,0.4864864864864865,0.4864864864864865,35,36,1,2,74
high_low_gap_0_9_0_5,low_is_2.6,-0.37439353099730455,0.6476190476190476,0.5,0.918918918918919,0.08108108108108109,0.5,0.5,34,34,3,3,74
high_low_gap_0_9_0_5,high_is_2.6,-0.816144864310002,0.6470588235294117,0.5076923076923077,0.8918918918918919,0.13513513513513514,0.5135135135135135,0.5135135135135135,33,32,5,4,74
high_low_gap_0_9_0_5,low_is_2.6,-0.40387874223310105,0.6470588235294117,0.5076923076923077,0.8918918918918919,0.13513513513513514,0.5135135135135135,0.5135135135135135,33,32,5,4,74
high_low_gap_0_9_0_5,high_is_2.6,-0.7932875667429443,0.6464646464646465,0.5161290322580645,0.8648648648648649,0.1891891891891892,0.527027027027027,0.5270270270270271,32,30,7,5,74
high_low_gap_0_9_0_5,low_is_2.6,-0.43951154865581216,0.6464646464646465,0.5161290322580645,0.8648648648648649,0.1891891891891892,0.527027027027027,0.5270270270270271,32,30,7,5,74
high_low_gap_0_9_0_5,high_is_2.6,-0.7778726708074534,0.6458333333333334,0.5254237288135594,0.8378378378378378,0.24324324324324326,0.5405405405405406,0.5405405405405406,31,28,9,6,74
high_low_gap_0_9_0_5,high_is_2.6,-0.8025911286780851,0.64,0.5079365079365079,0.8648648648648649,0.16216216216216217,0.5135135135135135,0.5135135135135136,32,31,6,5,74
high_low_gap_0_9_0_5,low_is_2.6,-0.4301130524152107,0.64,0.5079365079365079,0.8648648648648649,0.16216216216216217,0.5135135135135135,0.5135135135135136,32,31,6,5,74
high_low_gap_0_9_0_5,high_is_2.6,-0.7818090787716956,0.6391752577319588,0.5166666666666667,0.8378378378378378,0.21621621621621623,0.527027027027027,0.527027027027027,31,29,8,6,74
high_low_gap_0_9_0_5,low_is_2.6,-0.45041606491988173,0.6391752577319588,0.5166666666666667,0.8378378378378378,0.21621621621621623,0.527027027027027,0.527027027027027,31,29,8,6,74
high_low_gap_0_9_0_5,low_is_2.6,-0.42667509481668775,0.6336633663366337,0.5,0.8648648648648649,0.13513513513513514,0.5,0.5,32,32,5,5,74
high_low_gap_0_9_0_5,low_is_2.6,-0.4488750502209723,0.6326530612244898,0.5081967213114754,0.8378378378378378,0.1891891891891892,0.5135135135135135,0.5135135135135135,31,30,7,6,74
high_low_gap_0_9_0_5,high_is_2.6,-0.7759743439091266,0.631578947368421,0.5172413793103449,0.8108108108108109,0.24324324324324326,0.527027027027027,0.5270270270270271,30,28,9,7,74
high_low_gap_0_9_0_5,high_is_2.6,-0.7473687953349453,0.6292134831460674,0.5384615384615384,0.7567567567567568,0.35135135135135137,0.5540540540540541,0.5540540540540541,28,24,13,9,74
high_low_gap_0_9_0_5,low_is_2.6,-0.4524979524979525,0.6249999999999999,0.5084745762711864,0.8108108108108109,0.21621621621621623,0.5135135135135135,0.5135135135135136,30,29,8,7,74
high_low_gap_0_9_0_5,high_is_2.6,-0.7546310589688175,0.6222222222222221,0.5283018867924528,0.7567567567567568,0.32432432432432434,0.5405405405405406,0.5405405405405406,28,25,12,9,74
high_low_gap_0_9_0_5,high_is_2.6,-0.7711083176199456,0.6170212765957447,0.5087719298245614,0.7837837837837838,0.24324324324324326,0.5135135135135135,0.5135135135135135,29,28,9,8,74
high_low_gap_0_9_0_5,low_is_2.6,-0.47485875706214686,0.6170212765957447,0.5087719298245614,0.7837837837837838,0.24324324324324326,0.5135135135135135,0.5135135135135135,29,28,9,8,74
high_low_gap_0_9_0_5,high_is_2.6,-0.7575668527769615,0.6153846153846154,0.5185185185185185,0.7567567567567568,0.2972972972972973,0.527027027027027,0.5270270270270271,28,26,11,9,74
high_low_gap_0_9_0_5,high_is_2.6,-0.7409788245462403,0.6136363636363636,0.5294117647058824,0.7297297297297297,0.35135135135135137,0.5405405405405406,0.5405405405405406,27,24,13,10,74
high_low_gap_0_9_0_5,low_is_2.6,-0.46060606060606063,0.6105263157894737,0.5,0.7837837837837838,0.21621621621621623,0.5,0.5,29,29,8,8,74
high_low_gap_0_9_0_5,high_is_2.6,-0.7610970196575777,0.608695652173913,0.509090909090909,0.7567567567567568,0.2702702702702703,0.5135135135135135,0.5135135135135136,28,27,10,9,74
high_low_gap_0_9_0_5,high_is_2.6,-0.7325010994959233,0.6046511627906977,0.5306122448979592,0.7027027027027027,0.3783783783783784,0.5405405405405406,0.5405405405405406,26,23,14,11,74
high_low_gap_0_9_0_5,high_is_2.6,-0.7149950347567031,0.6024096385542168,0.5434782608695652,0.6756756756756757,0.43243243243243246,0.5540540540540541,0.5540540540540541,25,21,16,12,74
high_low_gap_0_9_0_5,high_is_2.6,-0.7652998776009792,0.6021505376344086,0.5,0.7567567567567568,0.24324324324324326,0.5,0.5,28,28,9,9,74
high_low_gap_0_9_0_5,low_is_2.6,-0.4877940804452314,0.6021505376344086,0.5,0.7567567567567568,0.24324324324324326,0.5,0.5,28,28,9,9,74
high_low_gap_0_9_0_5,high_is_2.6,-0.7374239461103869,0.5977011494252874,0.52,0.7027027027027027,0.35135135135135137,0.527027027027027,0.5270270270270271,26,24,13,11,74
high_low_gap_0_9_0_5,high_is_2.6,-0.7228566699768288,0.5952380952380952,0.5319148936170213,0.6756756756756757,0.40540540540540543,0.5405405405405406,0.5405405405405406,25,22,15,12,74
high_low_gap_0_9_0_5,high_is_2.6,-0.7284770082476557,0.5882352941176472,0.5208333333333334,0.6756756756756757,0.3783783783783784,0.527027027027027,0.527027027027027,25,23,14,12,74
high_low_gap_0_9_0_5,low_is_2.6,-0.4938414722503985,0.5869565217391305,0.4909090909090909,0.7297297297297297,0.24324324324324326,0.4864864864864865,0.4864864864864865,27,28,9,10,74
high_low_gap_0_9_0_5,high_is_2.6,-0.7104183757178015,0.5853658536585367,0.5333333333333333,0.6486486486486487,0.43243243243243246,0.5405405405405406,0.5405405405405406,24,21,16,13,74
high_low_gap_0_9_0_5,low_is_2.6,-0.5010450377562028,0.5714285714285714,0.48148148148148145,0.7027027027027027,0.24324324324324326,0.47297297297297297,0.472972972972973,26,28,9,11,74
high_low_gap_0_9_0_5,high_is_2.6,-0.7059496567505721,0.5679012345679012,0.5227272727272727,0.6216216216216216,0.43243243243243246,0.527027027027027,0.527027027027027,23,21,16,14,74
high_low_gap_0_9_0_5,low_is_2.6,-0.5297336251534726,0.5617977528089887,0.4807692307692308,0.6756756756756757,0.2702702702702703,0.47297297297297297,0.47297297297297297,25,27,10,12,74
high_low_gap_0_9_0_5,low_is_2.6,-0.512213480963481,0.5555555555555556,0.4716981132075472,0.6756756756756757,0.24324324324324326,0.4594594594594595,0.45945945945945943,25,28,9,12,74
high_low_gap_0_9_0_5,high_is_2.6,-0.6659128154703376,0.5526315789473685,0.5384615384615384,0.5675675675675675,0.5135135135135135,0.5405405405405406,0.5405405405405406,21,18,19,16,74
high_low_gap_0_9_0_5,high_is_2.6,-0.6996166887807754,0.55,0.5116279069767442,0.5945945945945946,0.43243243243243246,0.5135135135135135,0.5135135135135136,22,21,16,15,74
high_low_gap_0_9_0_5,high_is_2.6,-0.6789405284980508,0.5454545454545455,0.525,0.5675675675675675,0.4864864864864865,0.527027027027027,0.527027027027027,21,19,18,16,74
high_low_gap_0_9_0_5,low_is_2.6,-0.5522423664122138,0.5454545454545454,0.47058823529411764,0.6486486486486487,0.2702702702702703,0.4594594594594595,0.4594594594594595,24,27,10,13,74
high_low_gap_0_9_0_5,high_is_2.6,-0.6882949265499602,0.5384615384615384,0.5121951219512195,0.5675675675675675,0.4594594594594595,0.5135135135135135,0.5135135135135135,21,20,17,16,74
high_low_gap_0_9_0_5,low_is_2.6,-0.583501890774778,0.5348837209302325,0.46938775510204084,0.6216216216216216,0.2972972972972973,0.4594594594594595,0.45945945945945943,23,26,11,14,74
high_low_gap_0_9_0_5,high_is_2.6,-0.6583148885937731,0.5333333333333333,0.5263157894736842,0.5405405405405406,0.5135135135135135,0.527027027027027,0.527027027027027,20,18,19,17,74
high_low_gap_0_9_0_5,high_is_2.6,-0.6943770796909368,0.5316455696202531,0.5,0.5675675675675675,0.43243243243243246,0.5,0.5,21,21,16,16,74
high_low_gap_0_9_0_5,low_is_2.6,-0.6276706618030223,0.5316455696202531,0.5,0.5675675675675675,0.43243243243243246,0.5,0.5,21,21,16,16,74
high_low_gap_0_9_0_5,low_is_2.6,-0.5695711678832116,0.5287356321839081,0.46,0.6216216216216216,0.2702702702702703,0.44594594594594594,0.44594594594594594,23,27,10,14,74
high_low_gap_0_9_0_5,low_is_2.6,-0.6441404839292163,0.5263157894736842,0.5128205128205128,0.5405405405405406,0.4864864864864865,0.5135135135135135,0.5135135135135136,20,19,18,17,74
high_low_gap_0_9_0_5,low_is_2.6,-0.6218811881188119,0.525,0.4883720930232558,0.5675675675675675,0.40540540540540543,0.4864864864864865,0.4864864864864865,21,22,15,16,74
high_low_gap_0_9_0_5,low_is_2.6,-0.6012864354339684,0.5238095238095238,0.46808510638297873,0.5945945945945946,0.32432432432432434,0.4594594594594595,0.4594594594594595,22,25,12,15,74
high_low_gap_0_9_0_5,low_is_2.6,-0.6378138395590937,0.5194805194805195,0.5,0.5405405405405406,0.4594594594594595,0.5,0.5,20,20,17,17,74
high_low_gap_0_9_0_5,low_is_2.6,-0.6176923076923078,0.5185185185185185,0.4772727272727273,0.5675675675675675,0.3783783783783784,0.47297297297297297,0.47297297297297297,21,23,14,16,74
high_low_gap_0_9_0_5,low_is_2.6,-0.5957425206443753,0.5176470588235293,0.4583333333333333,0.5945945945945946,0.2972972972972973,0.44594594594594594,0.44594594594594594,22,26,11,15,74
high_low_gap_0_9_0_5,high_is_2.6,-0.6564163514011183,0.5135135135135135,0.5135135135135135,0.5135135135135135,0.5135135135135135,0.5135135135135135,0.5135135135135135,19,18,19,18,74
high_low_gap_0_9_0_5,low_is_2.6,-0.6331807780320367,0.5128205128205128,0.4878048780487805,0.5405405405405406,0.43243243243243246,0.4864864864864865,0.4864864864864865,20,21,16,17,74
high_low_gap_0_9_0_5,low_is_2.6,-0.6085772634445201,0.5121951219512195,0.4666666666666667,0.5675675675675675,0.35135135135135137,0.4594594594594595,0.45945945945945943,21,24,13,16,74
high_low_gap_0_9_0_5,low_is_2.6,-0.6514490411549236,0.5066666666666666,0.5,0.5135135135135135,0.4864864864864865,0.5,0.5,19,19,18,18,74
high_low_gap_0_9_0_5,low_is_2.6,-0.6016095934333718,0.506024096385542,0.45652173913043476,0.5675675675675675,0.32432432432432434,0.44594594594594594,0.44594594594594594,21,25,12,16,74
high_low_gap_0_9_0_5,high_is_2.6,-0.6514490411549236,0.4931506849315069,0.5,0.4864864864864865,0.5135135135135135,0.5,0.5,18,18,19,19,74
high_low_gap_0_9_0_5,high_is_2.6,-0.6016095934333718,0.49230769230769234,0.5714285714285714,0.43243243243243246,0.6756756756756757,0.5540540540540541,0.5540540540540541,16,12,25,21,74
high_low_gap_0_9_0_5,low_is_2.6,-0.6564163514011183,0.4864864864864865,0.4864864864864865,0.4864864864864865,0.4864864864864865,0.4864864864864865,0.4864864864864865,18,19,18,19,74
high_low_gap_0_9_0_5,high_is_2.6,-0.6331807780320367,0.48571428571428577,0.5151515151515151,0.4594594594594595,0.5675675675675675,0.5135135135135135,0.5135135135135135,17,16,21,20,74
high_low_gap_0_9_0_5,high_is_2.6,-0.6085772634445201,0.48484848484848486,0.5517241379310345,0.43243243243243246,0.6486486486486487,0.5405405405405406,0.5405405405405406,16,13,24,21,74
high_low_gap_0_9_0_5,high_is_2.6,-0.6378138395590937,0.47887323943661975,0.5,0.4594594594594595,0.5405405405405406,0.5,0.5,17,17,20,20,74
high_low_gap_0_9_0_5,high_is_2.6,-0.6176923076923078,0.47761194029850745,0.5333333333333333,0.43243243243243246,0.6216216216216216,0.527027027027027,0.527027027027027,16,14,23,21,74
high_low_gap_0_9_0_5,high_is_2.6,-0.5957425206443753,0.47619047619047616,0.5769230769230769,0.40540540540540543,0.7027027027027027,0.5540540540540541,0.5540540540540541,15,11,26,22,74
high_low_gap_0_9_0_5,high_is_2.6,-0.6441404839292163,0.47222222222222227,0.4857142857142857,0.4594594594594595,0.5135135135135135,0.4864864864864865,0.4864864864864865,17,18,19,20,74
high_low_gap_0_9_0_5,high_is_2.6,-0.6218811881188119,0.47058823529411764,0.5161290322580645,0.43243243243243246,0.5945945945945946,0.5135135135135135,0.5135135135135136,16,15,22,21,74
high_low_gap_0_9_0_5,high_is_2.6,-0.6012864354339684,0.46875,0.5555555555555556,0.40540540540540543,0.6756756756756757,0.5405405405405406,0.5405405405405406,15,12,25,22,74
high_low_gap_0_9_0_5,low_is_2.6,-0.6583148885937731,0.4657534246575342,0.4722222222222222,0.4594594594594595,0.4864864864864865,0.47297297297297297,0.472972972972973,17,19,18,20,74
high_low_gap_0_9_0_5,high_is_2.6,-0.6276706618030223,0.463768115942029,0.5,0.43243243243243246,0.5675675675675675,0.5,0.5,16,16,21,21,74
high_low_gap_0_9_0_5,low_is_2.6,-0.6943770796909368,0.463768115942029,0.5,0.43243243243243246,0.5675675675675675,0.5,0.5,16,16,21,21,74
high_low_gap_0_9_0_5,high_is_2.6,-0.5695711678832116,0.45901639344262296,0.5833333333333334,0.3783783783783784,0.7297297297297297,0.5540540540540541,0.5540540540540541,14,10,27,23,74
high_low_gap_0_9_0_5,low_is_2.6,-0.6882949265499602,0.45714285714285713,0.48484848484848486,0.43243243243243246,0.5405405405405406,0.4864864864864865,0.4864864864864865,16,17,20,21,74
high_low_gap_0_9_0_5,high_is_2.6,-0.583501890774778,0.4516129032258065,0.56,0.3783783783783784,0.7027027027027027,0.5405405405405406,0.5405405405405406,14,11,26,23,74
high_low_gap_0_9_0_5,low_is_2.6,-0.6789405284980508,0.4507042253521127,0.47058823529411764,0.43243243243243246,0.5135135135135135,0.47297297297297297,0.47297297297297297,16,18,19,21,74
high_low_gap_0_9_0_5,low_is_2.6,-0.6659128154703376,0.4444444444444445,0.45714285714285713,0.43243243243243246,0.4864864864864865,0.4594594594594595,0.4594594594594595,16,19,18,21,74
high_low_gap_0_9_0_5,low_is_2.6,-0.6996166887807754,0.4411764705882353,0.4838709677419355,0.40540540540540543,0.5675675675675675,0.4864864864864865,0.4864864864864865,15,16,21,22,74
high_low_gap_0_9_0_5,high_is_2.6,-0.5522423664122138,0.43333333333333335,0.5652173913043478,0.35135135135135137,0.7297297297297297,0.5405405405405406,0.5405405405405406,13,10,27,24,74
high_low_gap_0_9_0_5,low_is_2.6,-0.7059496567505721,0.417910447761194,0.4666666666666667,0.3783783783783784,0.5675675675675675,0.47297297297297297,0.47297297297297297,14,16,21,23,74
high_low_gap_0_9_0_5,high_is_2.6,-0.512213480963481,0.41379310344827586,0.5714285714285714,0.32432432432432434,0.7567567567567568,0.5405405405405406,0.5405405405405406,12,9,28,25,74
high_low_gap_0_9_0_5,high_is_2.6,-0.5297336251534726,0.4067796610169491,0.5454545454545454,0.32432432432432434,0.7297297297297297,0.527027027027027,0.527027027027027,12,10,27,25,74
high_low_gap_0_9_0_5,low_is_2.6,-0.7104183757178015,0.393939393939394,0.4482758620689655,0.35135135135135137,0.5675675675675675,0.4594594594594595,0.45945945945945943,13,16,21,24,74
high_low_gap_0_9_0_5,high_is_2.6,-0.5010450377562028,0.38596491228070173,0.55,0.2972972972972973,0.7567567567567568,0.527027027027027,0.5270270270270271,11,9,28,26,74
high_low_gap_0_9_0_5,low_is_2.6,-0.7284770082476557,0.38095238095238093,0.46153846153846156,0.32432432432432434,0.6216216216216216,0.47297297297297297,0.47297297297297297,12,14,23,25,74
high_low_gap_0_9_0_5,low_is_2.6,-0.7228566699768288,0.375,0.4444444444444444,0.32432432432432434,0.5945945945945946,0.4594594594594595,0.4594594594594595,12,15,22,25,74
high_low_gap_0_9_0_5,low_is_2.6,-0.7149950347567031,0.3692307692307692,0.42857142857142855,0.32432432432432434,0.5675675675675675,0.44594594594594594,0.44594594594594594,12,16,21,25,74
high_low_gap_0_9_0_5,low_is_2.6,-0.7374239461103869,0.36065573770491804,0.4583333333333333,0.2972972972972973,0.6486486486486487,0.47297297297297297,0.472972972972973,11,13,24,26,74
high_low_gap_0_9_0_5,high_is_2.6,-0.4938414722503985,0.35714285714285715,0.5263157894736842,0.2702702702702703,0.7567567567567568,0.5135135135135135,0.5135135135135136,10,9,28,27,74
high_low_gap_0_9_0_5,low_is_2.6,-0.7325010994959233,0.3548387096774193,0.44,0.2972972972972973,0.6216216216216216,0.4594594594594595,0.45945945945945943,11,14,23,26,74
high_low_gap_0_9_0_5,low_is_2.6,-0.7409788245462403,0.3333333333333333,0.43478260869565216,0.2702702702702703,0.6486486486486487,0.4594594594594595,0.4594594594594595,10,13,24,27,74
high_low_gap_0_9_0_5,high_is_2.6,-0.4877940804452314,0.3272727272727273,0.5,0.24324324324324326,0.7567567567567568,0.5,0.5,9,9,28,28,74
high_low_gap_0_9_0_5,low_is_2.6,-0.7652998776009792,0.3272727272727273,0.5,0.24324324324324326,0.7567567567567568,0.5,0.5,9,9,28,28,74
high_low_gap_0_9_0_5,low_is_2.6,-0.7610970196575777,0.3214285714285714,0.47368421052631576,0.24324324324324326,0.7297297297297297,0.4864864864864865,0.4864864864864865,9,10,27,28,74
high_low_gap_0_9_0_5,low_is_2.6,-0.7575668527769615,0.3157894736842105,0.45,0.24324324324324326,0.7027027027027027,0.47297297297297297,0.472972972972973,9,11,26,28,74
high_low_gap_0_9_0_5,low_is_2.6,-0.7546310589688175,0.3103448275862069,0.42857142857142855,0.24324324324324326,0.6756756756756757,0.4594594594594595,0.45945945945945943,9,12,25,28,74
high_low_gap_0_9_0_5,low_is_2.6,-0.7473687953349453,0.3050847457627119,0.4090909090909091,0.24324324324324326,0.6486486486486487,0.44594594594594594,0.44594594594594594,9,13,24,28,74
high_low_gap_0_9_0_5,high_is_2.6,-0.46060606060606063,0.3018867924528302,0.5,0.21621621621621623,0.7837837837837838,0.5,0.5,8,8,29,29,74
high_low_gap_0_9_0_5,high_is_2.6,-0.47485875706214686,0.29629629629629634,0.47058823529411764,0.21621621621621623,0.7567567567567568,0.4864864864864865,0.4864864864864865,8,9,28,29,74
high_low_gap_0_9_0_5,low_is_2.6,-0.7711083176199456,0.29629629629629634,0.47058823529411764,0.21621621621621623,0.7567567567567568,0.4864864864864865,0.4864864864864865,8,9,28,29,74
high_low_gap_0_9_0_5,high_is_2.6,-0.4524979524979525,0.2692307692307693,0.4666666666666667,0.1891891891891892,0.7837837837837838,0.4864864864864865,0.4864864864864865,7,8,29,30,74
high_low_gap_0_9_0_5,low_is_2.6,-0.7759743439091266,0.2641509433962264,0.4375,0.1891891891891892,0.7567567567567568,0.47297297297297297,0.472972972972973,7,9,28,30,74
high_low_gap_0_9_0_5,high_is_2.6,-0.4488750502209723,0.24,0.46153846153846156,0.16216216216216217,0.8108108108108109,0.4864864864864865,0.4864864864864865,6,7,30,31,74
high_low_gap_0_9_0_5,high_is_2.6,-0.45041606491988173,0.23529411764705885,0.42857142857142855,0.16216216216216217,0.7837837837837838,0.47297297297297297,0.47297297297297297,6,8,29,31,74
high_low_gap_0_9_0_5,low_is_2.6,-0.7818090787716956,0.23529411764705885,0.42857142857142855,0.16216216216216217,0.7837837837837838,0.47297297297297297,0.47297297297297297,6,8,29,31,74
high_low_gap_0_9_0_5,low_is_2.6,-0.7778726708074534,0.23076923076923078,0.4,0.16216216216216217,0.7567567567567568,0.4594594594594595,0.4594594594594595,6,9,28,31,74
high_low_gap_0_9_0_5,high_is_2.6,-0.42667509481668775,0.21276595744680854,0.5,0.13513513513513514,0.8648648648648649,0.5,0.5,5,5,32,32,74
high_low_gap_0_9_0_5,high_is_2.6,-0.4301130524152107,0.20833333333333334,0.45454545454545453,0.13513513513513514,0.8378378378378378,0.4864864864864865,0.4864864864864865,5,6,31,32,74
high_low_gap_0_9_0_5,low_is_2.6,-0.8025911286780851,0.20833333333333334,0.45454545454545453,0.13513513513513514,0.8378378378378378,0.4864864864864865,0.4864864864864865,5,6,31,32,74
high_low_gap_0_9_0_5,high_is_2.6,-0.43951154865581216,0.20408163265306126,0.4166666666666667,0.13513513513513514,0.8108108108108109,0.47297297297297297,0.472972972972973,5,7,30,32,74
high_low_gap_0_9_0_5,low_is_2.6,-0.7932875667429443,0.20408163265306126,0.4166666666666667,0.13513513513513514,0.8108108108108109,0.47297297297297297,0.472972972972973,5,7,30,32,74
high_low_gap_0_9_0_5,low_is_2.6,-0.7872602065912444,0.2,0.38461538461538464,0.13513513513513514,0.7837837837837838,0.4594594594594595,0.45945945945945943,5,8,29,32,74
high_low_gap_0_9_0_5,high_is_2.6,-0.40387874223310105,0.17391304347826086,0.4444444444444444,0.10810810810810811,0.8648648648648649,0.4864864864864865,0.4864864864864865,4,5,32,33,74
high_low_gap_0_9_0_5,low_is_2.6,-0.816144864310002,0.17391304347826086,0.4444444444444444,0.10810810810810811,0.8648648648648649,0.4864864864864865,0.4864864864864865,4,5,32,33,74
high_low_gap_0_9_0_5,low_is_2.6,-0.8096348096348096,0.1702127659574468,0.4,0.10810810810810811,0.8378378378378378,0.47297297297297297,0.47297297297297297,4,6,31,33,74
high_low_gap_0_9_0_5,high_is_2.6,-0.37439353099730455,0.13953488372093023,0.5,0.08108108108108109,0.918918918918919,0.5,0.5,3,3,34,34,74
high_low_gap_0_9_0_5,high_is_2.6,-0.37849406009783365,0.13636363636363638,0.42857142857142855,0.08108108108108109,0.8918918918918919,0.4864864864864865,0.4864864864864865,3,4,33,34,74
high_low_gap_0_9_0_5,high_is_2.6,-0.38130417651694243,0.13333333333333333,0.375,0.08108108108108109,0.8648648648648649,0.47297297297297297,0.472972972972973,3,5,32,34,74
high_low_gap_0_9_0_5,low_is_2.6,-0.8251846050570598,0.13333333333333333,0.375,0.08108108108108109,0.8648648648648649,0.47297297297297297,0.472972972972973,3,5,32,34,74
high_low_gap_0_9_0_5,low_is_2.6,-0.8578350515463917,0.1,0.6666666666666666,0.05405405405405406,0.972972972972973,0.5135135135135135,0.5135135135135136,2,1,36,35,74
high_low_gap_0_9_0_5,low_is_2.6,-0.8492186993451338,0.0975609756097561,0.5,0.05405405405405406,0.9459459459459459,0.5,0.5,2,2,35,35,74
high_low_gap_0_9_0_5,high_is_2.6,-0.3563492063492063,0.09523809523809523,0.4,0.05405405405405406,0.918918918918919,0.4864864864864865,0.4864864864864865,2,3,34,35,74
high_low_gap_0_9_0_5,low_is_2.6,-0.8424362793776895,0.09523809523809523,0.4,0.05405405405405406,0.918918918918919,0.4864864864864865,0.4864864864864865,2,3,34,35,74
high_low_gap_0_9_0_5,low_is_2.6,-0.8395308924485125,0.09302325581395349,0.3333333333333333,0.05405405405405406,0.8918918918918919,0.47297297297297297,0.47297297297297297,2,4,33,35,74
high_low_gap_0_9_0_5,low_is_2.6,-0.8331124072110287,0.09090909090909091,0.2857142857142857,0.05405405405405406,0.8648648648648649,0.4594594594594595,0.4594594594594595,2,5,32,35,74
high_low_gap_0_9_0_5,high_is_2.6,-0.24640598044853362,0.052631578947368425,1.0,0.02702702702702703,1.0,0.5135135135135135,0.5135135135135135,1,0,37,36,74
high_low_gap_0_9_0_5,high_is_2.6,-0.21621621621621623,0.052631578947368425,1.0,0.02702702702702703,1.0,0.5135135135135135,0.5135135135135135,1,0,37,36,74
high_low_gap_0_9_0_5,low_is_2.6,-0.935483870967742,0.052631578947368425,1.0,0.02702702702702703,1.0,0.5135135135135135,0.5135135135135135,1,0,37,36,74
high_low_gap_0_9_0_5,low_is_2.6,-0.9037175452399686,0.052631578947368425,1.0,0.02702702702702703,1.0,0.5135135135135135,0.5135135135135135,1,0,37,36,74
high_low_gap_0_9_0_5,high_is_2.6,-0.29276941705587267,0.05128205128205129,0.5,0.02702702702702703,0.972972972972973,0.5,0.5,1,1,36,36,74
high_low_gap_0_9_0_5,low_is_2.6,-0.8659756097560976,0.05128205128205129,0.5,0.02702702702702703,0.972972972972973,0.5,0.5,1,1,36,36,74
high_low_gap_0_9_0_5,high_is_2.6,-0.31236628155755247,0.05,0.3333333333333333,0.02702702702702703,0.9459459459459459,0.4864864864864865,0.4864864864864865,1,2,35,36,74
high_low_gap_0_9_0_5,high_is_2.6,-0.3285296574770259,0.04878048780487805,0.25,0.02702702702702703,0.918918918918919,0.47297297297297297,0.472972972972973,1,3,34,36,74
high_low_ratio_0_7_0_3,low_is_2.6,0.515388256738976,0.673076923076923,0.5223880597014925,0.9459459459459459,0.13513513513513514,0.5405405405405406,0.5405405405405406,35,32,5,2,74
high_low_ratio_0_7_0_3,low_is_2.6,0.5821212111292816,0.6728971962616821,0.5142857142857142,0.972972972972973,0.08108108108108109,0.527027027027027,0.5270270270270271,36,34,3,1,74
high_low_ratio_0_7_0_3,low_is_2.6,0.6097402586776843,0.6666666666666666,0.5070422535211268,0.972972972972973,0.05405405405405406,0.5135135135135135,0.5135135135135136,36,35,2,1,74
high_low_ratio_0_7_0_3,high_is_2.6,0.02542372878684286,0.6666666666666666,0.5,1.0,0.0,0.5,0.5,37,37,0,0,74
high_low_ratio_0_7_0_3,low_is_2.6,0.7096774180842873,0.6666666666666666,0.5,1.0,0.0,0.5,0.5,37,37,0,0,74
high_low_ratio_0_7_0_3,high_is_2.6,0.09671794860857255,0.6666666666666665,0.5147058823529411,0.9459459459459459,0.10810810810810811,0.527027027027027,0.527027027027027,35,33,4,2,74
high_low_ratio_0_7_0_3,low_is_2.6,0.5276537689516829,0.6666666666666665,0.5147058823529411,0.9459459459459459,0.10810810810810811,0.527027027027027,0.527027027027027,35,33,4,2,74
high_low_ratio_0_7_0_3,low_is_2.6,0.6383597872434146,0.6605504587155964,0.5,0.972972972972973,0.02702702702702703,0.5,0.5,36,36,1,1,74
high_low_ratio_0_7_0_3,high_is_2.6,0.09221768697058663,0.660377358490566,0.5072463768115942,0.9459459459459459,0.08108108108108109,0.5135135135135135,0.5135135135135135,35,34,3,2,74
high_low_ratio_0_7_0_3,low_is_2.6,0.5565079355637514,0.660377358490566,0.5072463768115942,0.9459459459459459,0.08108108108108109,0.5135135135135135,0.5135135135135135,35,34,3,2,74
high_low_ratio_0_7_0_3,high_is_2.6,0.09850059839126415,0.6601941747572816,0.5151515151515151,0.918918918918919,0.13513513513513514,0.527027027027027,0.5270270270270271,34,32,5,3,74
high_low_ratio_0_7_0_3,low_is_2.6,0.49715909011997106,0.6601941747572816,0.5151515151515151,0.918918918918919,0.13513513513513514,0.527027027027027,0.5270270270270271,34,32,5,3,74
high_low_ratio_0_7_0_3,high_is_2.6,0.052566936813868814,0.6545454545454545,0.4931506849315068,0.972972972972973,0.0,0.4864864864864865,0.4864864864864865,36,37,0,1,74
high_low_ratio_0_7_0_3,low_is_2.6,0.6789127825520888,0.6545454545454545,0.4931506849315068,0.972972972972973,0.0,0.4864864864864865,0.4864864864864865,36,37,0,1,74
high_low_ratio_0_7_0_3,high_is_2.6,0.08690061380687877,0.6542056074766355,0.5,0.9459459459459459,0.05405405405405406,0.5,0.5,35,35,2,2,74
high_low_ratio_0_7_0_3,high_is_2.6,0.09766899756010541,0.6538461538461539,0.5074626865671642,0.918918918918919,0.10810810810810811,0.5135135135135135,0.5135135135135136,34,33,4,3,74
high_low_ratio_0_7_0_3,high_is_2.6,0.1061600999379889,0.6534653465346535,0.515625,0.8918918918918919,0.16216216216216217,0.527027027027027,0.527027027027027,33,31,6,4,74
high_low_ratio_0_7_0_3,high_is_2.6,0.11673095103322376,0.6530612244897959,0.5245901639344263,0.8648648648648649,0.21621621621621623,0.5405405405405406,0.5405405405405406,32,29,8,5,74
high_low_ratio_0_7_0_3,high_is_2.6,0.08314535448167082,0.6481481481481483,0.49295774647887325,0.9459459459459459,0.02702702702702703,0.4864864864864865,0.4864864864864865,35,36,1,2,74
high_low_ratio_0_7_0_3,high_is_2.6,0.10083160071839958,0.6470588235294117,0.5076923076923077,0.8918918918918919,0.13513513513513514,0.5135135135135135,0.5135135135135135,33,32,5,4,74
high_low_ratio_0_7_0_3,low_is_2.6,0.4758470688516504,0.6470588235294117,0.5076923076923077,0.8918918918918919,0.13513513513513514,0.5135135135135135,0.5135135135135135,33,32,5,4,74
high_low_ratio_0_7_0_3,high_is_2.6,0.1123258733566886,0.6464646464646465,0.5161290322580645,0.8648648648648649,0.1891891891891892,0.527027027027027,0.5270270270270271,32,30,7,5,74
high_low_ratio_0_7_0_3,low_is_2.6,0.4180076621952877,0.6464646464646465,0.5161290322580645,0.8648648648648649,0.1891891891891892,0.527027027027027,0.5270270270270271,32,30,7,5,74
high_low_ratio_0_7_0_3,high_is_2.6,0.08031750012073807,0.6422018348623854,0.4861111111111111,0.9459459459459459,0.0,0.47297297297297297,0.47297297297297297,35,37,0,2,74
high_low_ratio_0_7_0_3,high_is_2.6,0.11091253140619159,0.64,0.5079365079365079,0.8648648648648649,0.16216216216216217,0.5135135135135135,0.5135135135135136,32,31,6,5,74
high_low_ratio_0_7_0_3,low_is_2.6,0.4472222215288889,0.64,0.5079365079365079,0.8648648648648649,0.16216216216216217,0.5135135135135135,0.5135135135135136,32,31,6,5,74
high_low_ratio_0_7_0_3,high_is_2.6,0.12212787198310032,0.6391752577319588,0.5166666666666667,0.8378378378378378,0.21621621621621623,0.527027027027027,0.527027027027027,31,29,8,6,74
high_low_ratio_0_7_0_3,high_is_2.6,0.1489361700342538,0.6373626373626374,0.5370370370370371,0.7837837837837838,0.32432432432432434,0.5540540540540541,0.5540540540540541,29,25,12,8,74
high_low_ratio_0_7_0_3,high_is_2.6,0.15254782910572517,0.6363636363636364,0.5490196078431373,0.7567567567567568,0.3783783783783784,0.5675675675675675,0.5675675675675675,28,23,14,9,74
high_low_ratio_0_7_0_3,low_is_2.6,0.47237484664148444,0.6336633663366337,0.5,0.8648648648648649,0.13513513513513514,0.5,0.5,32,32,5,5,74
high_low_ratio_0_7_0_3,low_is_2.6,0.41237600314694955,0.6326530612244898,0.5081967213114754,0.8378378378378378,0.1891891891891892,0.5135135135135135,0.5135135135135135,31,30,7,6,74
high_low_ratio_0_7_0_3,high_is_2.6,0.14693185304484607,0.6304347826086956,0.5272727272727272,0.7837837837837838,0.2972972972972973,0.5405405405405406,0.5405405405405406,29,26,11,8,74
high_low_ratio_0_7_0_3,high_is_2.6,0.15178919231994215,0.6292134831460674,0.5384615384615384,0.7567567567567568,0.35135135135135137,0.5540540540540541,0.5540540540540541,28,24,13,9,74
high_low_ratio_0_7_0_3,high_is_2.6,0.159114857553812,0.6279069767441859,0.5510204081632653,0.7297297297297297,0.40540540540540543,0.5675675675675675,0.5675675675675675,27,22,15,10,74
high_low_ratio_0_7_0_3,high_is_2.6,0.12551809877327527,0.6249999999999999,0.5084745762711864,0.8108108108108109,0.21621621621621623,0.5135135135135135,0.5135135135135136,30,29,8,7,74
high_low_ratio_0_7_0_3,low_is_2.6,0.3984553769910357,0.6249999999999999,0.5084745762711864,0.8108108108108109,0.21621621621621623,0.5135135135135135,0.5135135135135136,30,29,8,7,74
high_low_ratio_0_7_0_3,high_is_2.6,0.13784838333694116,0.6236559139784947,0.5178571428571429,0.7837837837837838,0.2702702702702703,0.527027027027027,0.527027027027027,29,27,10,8,74
high_low_ratio_0_7_0_3,high_is_2.6,0.15009833703004677,0.6222222222222221,0.5283018867924528,0.7567567567567568,0.32432432432432434,0.5405405405405406,0.5405405405405406,28,25,12,9,74
high_low_ratio_0_7_0_3,high_is_2.6,0.1533119656297472,0.6206896551724138,0.54,0.7297297297297297,0.3783783783783784,0.5540540540540541,0.5540540540540541,27,23,14,10,74
high_low_ratio_0_7_0_3,low_is_2.6,0.4065664079633895,0.6185567010309277,0.5,0.8108108108108109,0.1891891891891892,0.5,0.5,30,30,7,7,74
high_low_ratio_0_7_0_3,high_is_2.6,0.13027011141311295,0.6170212765957447,0.5087719298245614,0.7837837837837838,0.24324324324324326,0.5135135135135135,0.5135135135135135,29,28,9,8,74
high_low_ratio_0_7_0_3,low_is_2.6,0.3726851846362899,0.6170212765957447,0.5087719298245614,0.7837837837837838,0.24324324324324326,0.5135135135135135,0.5135135135135135,29,28,9,8,74
high_low_ratio_0_7_0_3,high_is_2.6,0.16454472179742075,0.611764705882353,0.5416666666666666,0.7027027027027027,0.40540540540540543,0.5540540540540541,0.5540540540540541,26,22,15,11,74
high_low_ratio_0_7_0_3,high_is_2.6,0.12871528326361636,0.6105263157894737,0.5,0.7837837837837838,0.21621621621621623,0.5,0.5,29,29,8,8,74
high_low_ratio_0_7_0_3,low_is_2.6,0.3848684204852505,0.6105263157894737,0.5,0.7837837837837838,0.21621621621621623,0.5,0.5,29,29,8,8,74
high_low_ratio_0_7_0_3,low_is_2.6,0.3676176170939155,0.6021505376344086,0.5,0.7567567567567568,0.24324324324324326,0.5,0.5,28,28,9,9,74
high_low_ratio_0_7_0_3,high_is_2.6,0.16496163662875282,0.5952380952380952,0.5319148936170213,0.6756756756756757,0.40540540540540543,0.5405405405405406,0.5405405405405406,25,22,15,12,74
high_low_ratio_0_7_0_3,low_is_2.6,0.3561166424598359,0.5869565217391305,0.4909090909090909,0.7297297297297297,0.24324324324324326,0.4864864864864865,0.4864864864864865,27,28,9,10,74
high_low_ratio_0_7_0_3,high_is_2.6,0.16915422865574098,0.5853658536585367,0.5333333333333333,0.6486486486486487,0.43243243243243246,0.5405405405405406,0.5405405405405406,24,21,16,13,74
high_low_ratio_0_7_0_3,high_is_2.6,0.16594202878822867,0.5783132530120482,0.5217391304347826,0.6486486486486487,0.40540540540540543,0.527027027027027,0.5270270270270271,24,22,15,13,74
high_low_ratio_0_7_0_3,low_is_2.6,0.34307692259414235,0.5777777777777777,0.49056603773584906,0.7027027027027027,0.2702702702702703,0.4864864864864865,0.4864864864864865,26,27,10,11,74
high_low_ratio_0_7_0_3,low_is_2.6,0.34676113312027196,0.5714285714285714,0.48148148148148145,0.7027027027027027,0.24324324324324326,0.47297297297297297,0.472972972972973,26,28,9,11,74
high_low_ratio_0_7_0_3,high_is_2.6,0.17184240068682938,0.5679012345679012,0.5227272727272727,0.6216216216216216,0.43243243243243246,0.527027027027027,0.527027027027027,23,21,16,14,74
high_low_ratio_0_7_0_3,low_is_2.6,0.3366666661870997,0.5617977528089887,0.4807692307692308,0.6756756756756757,0.2702702702702703,0.47297297297297297,0.47297297297297297,25,27,10,12,74
high_low_ratio_0_7_0_3,low_is_2.6,0.2885643560408363,0.5542168674698795,0.5,0.6216216216216216,0.3783783783783784,0.5,0.5,23,23,14,14,74
high_low_ratio_0_7_0_3,low_is_2.6,0.22969662680402242,0.5526315789473685,0.5384615384615384,0.5675675675675675,0.5135135135135135,0.5405405405405406,0.5405405405405406,21,18,19,16,74
high_low_ratio_0_7_0_3,high_is_2.6,0.17549518936943143,0.55,0.5116279069767442,0.5945945945945946,0.43243243243243246,0.5135135135135135,0.5135135135135136,22,21,16,15,74
high_low_ratio_0_7_0_3,low_is_2.6,0.29205882312833964,0.5476190476190476,0.48936170212765956,0.6216216216216216,0.35135135135135137,0.4864864864864865,0.4864864864864865,23,24,13,14,74
high_low_ratio_0_7_0_3,low_is_2.6,0.2367374002235021,0.5454545454545455,0.525,0.5675675675675675,0.4864864864864865,0.527027027027027,0.527027027027027,21,19,18,16,74
high_low_ratio_0_7_0_3,low_is_2.6,0.32051282006165455,0.5454545454545454,0.47058823529411764,0.6486486486486487,0.2702702702702703,0.4594594594594595,0.4594594594594595,24,27,10,13,74
high_low_ratio_0_7_0_3,low_is_2.6,0.2780959194424776,0.5432098765432098,0.5,0.5945945945945946,0.40540540540540543,0.5,0.5,22,22,15,15,74
high_low_ratio_0_7_0_3,low_is_2.6,0.2998366008925761,0.5411764705882353,0.4791666666666667,0.6216216216216216,0.32432432432432434,0.47297297297297297,0.47297297297297297,23,25,12,14,74
high_low_ratio_0_7_0_3,high_is_2.6,0.19456521714420366,0.5384615384615384,0.5121951219512195,0.5675675675675675,0.4594594594594595,0.5135135135135135,0.5135135135135135,21,20,17,16,74
high_low_ratio_0_7_0_3,low_is_2.6,0.24539037709543854,0.5384615384615384,0.5121951219512195,0.5675675675675675,0.4594594594594595,0.5135135135135135,0.5135135135135135,21,20,17,16,74
high_low_ratio_0_7_0_3,low_is_2.6,0.28529663950540485,0.5365853658536586,0.4888888888888889,0.5945945945945946,0.3783783783783784,0.4864864864864865,0.4864864864864865,22,23,14,15,74
high_low_ratio_0_7_0_3,low_is_2.6,0.3066239311888606,0.5348837209302325,0.46938775510204084,0.6216216216216216,0.2972972972972973,0.4594594594594595,0.45945945945945943,23,26,11,14,74
high_low_ratio_0_7_0_3,low_is_2.6,0.22765732388209547,0.5333333333333333,0.5263157894736842,0.5405405405405406,0.5135135135135135,0.527027027027027,0.527027027027027,20,18,19,17,74
high_low_ratio_0_7_0_3,high_is_2.6,0.18077803181570987,0.5316455696202531,0.5,0.5675675675675675,0.43243243243243246,0.5,0.5,21,21,16,16,74
high_low_ratio_0_7_0_3,low_is_2.6,0.25230837656444155,0.5316455696202531,0.5,0.5675675675675675,0.43243243243243246,0.5,0.5,21,21,16,16,74
high_low_ratio_0_7_0_3,low_is_2.6,0.30769230725302904,0.5287356321839081,0.46,0.6216216216216216,0.2702702702702703,0.44594594594594594,0.44594594594594594,23,27,10,14,74
high_low_ratio_0_7_0_3,high_is_2.6,0.211345985865509,0.5263157894736842,0.5128205128205128,0.5405405405405406,0.4864864864864865,0.5135135135135135,0.5135135135135136,20,19,18,17,74
high_low_ratio_0_7_0_3,low_is_2.6,0.265076507282725,0.525,0.4883720930232558,0.5675675675675675,0.40540540540540543,0.4864864864864865,0.4864864864864865,21,22,15,16,74
high_low_ratio_0_7_0_3,high_is_2.6,0.20656665442840738,0.5194805194805195,0.5,0.5405405405405406,0.4594594594594595,0.5,0.5,20,20,17,17,74
high_low_ratio_0_7_0_3,low_is_2.6,0.2245537109549673,0.5135135135135135,0.5135135135135135,0.5135135135135135,0.5135135135135135,0.5135135135135135,0.5135135135135135,19,18,19,18,74
high_low_ratio_0_7_0_3,high_is_2.6,0.2196906861593085,0.5066666666666666,0.5,0.5135135135135135,0.4864864864864865,0.5,0.5,19,19,18,18,74
high_low_ratio_0_7_0_3,low_is_2.6,0.2196906861593085,0.4931506849315069,0.5,0.4864864864864865,0.5135135135135135,0.5,0.5,18,18,19,19,74
high_low_ratio_0_7_0_3,high_is_2.6,0.2245537109549673,0.4864864864864865,0.4864864864864865,0.4864864864864865,0.4864864864864865,0.4864864864864865,0.4864864864864865,18,19,18,19,74
high_low_ratio_0_7_0_3,low_is_2.6,0.20656665442840738,0.47887323943661975,0.5,0.4594594594594595,0.5405405405405406,0.5,0.5,17,17,20,20,74
high_low_ratio_0_7_0_3,low_is_2.6,0.211345985865509,0.47222222222222227,0.4857142857142857,0.4594594594594595,0.5135135135135135,0.4864864864864865,0.4864864864864865,17,18,19,20,74
high_low_ratio_0_7_0_3,high_is_2.6,0.265076507282725,0.47058823529411764,0.5161290322580645,0.43243243243243246,0.5945945945945946,0.5135135135135135,0.5135135135135136,16,15,22,21,74
high_low_ratio_0_7_0_3,high_is_2.6,0.22765732388209547,0.4657534246575342,0.4722222222222222,0.4594594594594595,0.4864864864864865,0.47297297297297297,0.472972972972973,17,19,18,20,74
high_low_ratio_0_7_0_3,high_is_2.6,0.25230837656444155,0.463768115942029,0.5,0.43243243243243246,0.5675675675675675,0.5,0.5,16,16,21,21,74
high_low_ratio_0_7_0_3,low_is_2.6,0.18077803181570987,0.463768115942029,0.5,0.43243243243243246,0.5675675675675675,0.5,0.5,16,16,21,21,74
high_low_ratio_0_7_0_3,high_is_2.6,0.30769230725302904,0.45901639344262296,0.5833333333333334,0.3783783783783784,0.7297297297297297,0.5540540540540541,0.5540540540540541,14,10,27,23,74
high_low_ratio_0_7_0_3,high_is_2.6,0.24539037709543854,0.45714285714285713,0.48484848484848486,0.43243243243243246,0.5405405405405406,0.4864864864864865,0.4864864864864865,16,17,20,21,74
high_low_ratio_0_7_0_3,low_is_2.6,0.19456521714420366,0.45714285714285713,0.48484848484848486,0.43243243243243246,0.5405405405405406,0.4864864864864865,0.4864864864864865,16,17,20,21,74
high_low_ratio_0_7_0_3,high_is_2.6,0.28529663950540485,0.4545454545454546,0.5172413793103449,0.40540540540540543,0.6216216216216216,0.5135135135135135,0.5135135135135135,15,14,23,22,74
high_low_ratio_0_7_0_3,high_is_2.6,0.3066239311888606,0.4516129032258065,0.56,0.3783783783783784,0.7027027027027027,0.5405405405405406,0.5405405405405406,14,11,26,23,74
high_low_ratio_0_7_0_3,high_is_2.6,0.2367374002235021,0.4507042253521127,0.47058823529411764,0.43243243243243246,0.5135135135135135,0.47297297297297297,0.47297297297297297,16,18,19,21,74
high_low_ratio_0_7_0_3,high_is_2.6,0.2780959194424776,0.4477611940298507,0.5,0.40540540540540543,0.5945945945945946,0.5,0.5,15,15,22,22,74
high_low_ratio_0_7_0_3,high_is_2.6,0.2998366008925761,0.4444444444444445,0.5384615384615384,0.3783783783783784,0.6756756756756757,0.527027027027027,0.527027027027027,14,12,25,23,74
high_low_ratio_0_7_0_3,high_is_2.6,0.22969662680402242,0.4444444444444445,0.45714285714285713,0.43243243243243246,0.4864864864864865,0.4594594594594595,0.4594594594594595,16,19,18,21,74
high_low_ratio_0_7_0_3,low_is_2.6,0.17549518936943143,0.4411764705882353,0.4838709677419355,0.40540540540540543,0.5675675675675675,0.4864864864864865,0.4864864864864865,15,16,21,22,74
high_low_ratio_0_7_0_3,high_is_2.6,0.29205882312833964,0.4375,0.5185185185185185,0.3783783783783784,0.6486486486486487,0.5135135135135135,0.5135135135135136,14,13,24,23,74
high_low_ratio_0_7_0_3,high_is_2.6,0.32051282006165455,0.43333333333333335,0.5652173913043478,0.35135135135135137,0.7297297297297297,0.5405405405405406,0.5405405405405406,13,10,27,24,74
high_low_ratio_0_7_0_3,high_is_2.6,0.2885643560408363,0.4307692307692308,0.5,0.3783783783783784,0.6216216216216216,0.5,0.5,14,14,23,23,74
high_low_ratio_0_7_0_3,low_is_2.6,0.17184240068682938,0.417910447761194,0.4666666666666667,0.3783783783783784,0.5675675675675675,0.47297297297297297,0.47297297297297297,14,16,21,23,74
high_low_ratio_0_7_0_3,high_is_2.6,0.3366666661870997,0.4067796610169491,0.5454545454545454,0.32432432432432434,0.7297297297297297,0.527027027027027,0.527027027027027,12,10,27,25,74
high_low_ratio_0_7_0_3,low_is_2.6,0.16594202878822867,0.39999999999999997,0.4642857142857143,0.35135135135135137,0.5945945945945946,0.47297297297297297,0.472972972972973,13,15,22,24,74
high_low_ratio_0_7_0_3,low_is_2.6,0.16915422865574098,0.393939393939394,0.4482758620689655,0.35135135135135137,0.5675675675675675,0.4594594594594595,0.45945945945945943,13,16,21,24,74
high_low_ratio_0_7_0_3,high_is_2.6,0.34676113312027196,0.38596491228070173,0.55,0.2972972972972973,0.7567567567567568,0.527027027027027,0.5270270270270271,11,9,28,26,74
high_low_ratio_0_7_0_3,high_is_2.6,0.34307692259414235,0.37931034482758624,0.5238095238095238,0.2972972972972973,0.7297297297297297,0.5135135135135135,0.5135135135135135,11,10,27,26,74
high_low_ratio_0_7_0_3,low_is_2.6,0.16496163662875282,0.375,0.4444444444444444,0.32432432432432434,0.5945945945945946,0.4594594594594595,0.4594594594594595,12,15,22,25,74
high_low_ratio_0_7_0_3,high_is_2.6,0.3561166424598359,0.35714285714285715,0.5263157894736842,0.2702702702702703,0.7567567567567568,0.5135135135135135,0.5135135135135136,10,9,28,27,74
high_low_ratio_0_7_0_3,low_is_2.6,0.16454472179742075,0.34920634920634924,0.4230769230769231,0.2972972972972973,0.5945945945945946,0.44594594594594594,0.44594594594594594,11,15,22,26,74
high_low_ratio_0_7_0_3,low_is_2.6,0.1533119656297472,0.3278688524590164,0.4166666666666667,0.2702702702702703,0.6216216216216216,0.44594594594594594,0.44594594594594594,10,14,23,27,74
high_low_ratio_0_7_0_3,high_is_2.6,0.3676176170939155,0.3272727272727273,0.5,0.24324324324324326,0.7567567567567568,0.5,0.5,9,9,28,28,74
high_low_ratio_0_7_0_3,low_is_2.6,0.159114857553812,0.3225806451612903,0.4,0.2702702702702703,0.5945945945945946,0.43243243243243246,0.43243243243243246,10,15,22,27,74
high_low_ratio_0_7_0_3,low_is_2.6,0.15009833703004677,0.3103448275862069,0.42857142857142855,0.24324324324324326,0.6756756756756757,0.4594594594594595,0.45945945945945943,9,12,25,28,74
high_low_ratio_0_7_0_3,low_is_2.6,0.15178919231994215,0.3050847457627119,0.4090909090909091,0.24324324324324326,0.6486486486486487,0.44594594594594594,0.44594594594594594,9,13,24,28,74
high_low_ratio_0_7_0_3,high_is_2.6,0.3848684204852505,0.3018867924528302,0.5,0.21621621621621623,0.7837837837837838,0.5,0.5,8,8,29,29,74
high_low_ratio_0_7_0_3,low_is_2.6,0.12871528326361636,0.3018867924528302,0.5,0.21621621621621623,0.7837837837837838,0.5,0.5,8,8,29,29,74
high_low_ratio_0_7_0_3,low_is_2.6,0.15254782910572517,0.30000000000000004,0.391304347826087,0.24324324324324326,0.6216216216216216,0.43243243243243246,0.43243243243243246,9,14,23,28,74
high_low_ratio_0_7_0_3,high_is_2.6,0.3726851846362899,0.29629629629629634,0.47058823529411764,0.21621621621621623,0.7567567567567568,0.4864864864864865,0.4864864864864865,8,9,28,29,74
high_low_ratio_0_7_0_3,low_is_2.6,0.13027011141311295,0.29629629629629634,0.47058823529411764,0.21621621621621623,0.7567567567567568,0.4864864864864865,0.4864864864864865,8,9,28,29,74
high_low_ratio_0_7_0_3,low_is_2.6,0.13784838333694116,0.2909090909090909,0.4444444444444444,0.21621621621621623,0.7297297297297297,0.47297297297297297,0.47297297297297297,8,10,27,29,74
high_low_ratio_0_7_0_3,low_is_2.6,0.14693185304484607,0.28571428571428575,0.42105263157894735,0.21621621621621623,0.7027027027027027,0.4594594594594595,0.4594594594594595,8,11,26,29,74
high_low_ratio_0_7_0_3,low_is_2.6,0.1489361700342538,0.2807017543859649,0.4,0.21621621621621623,0.6756756756756757,0.44594594594594594,0.44594594594594594,8,12,25,29,74
high_low_ratio_0_7_0_3,high_is_2.6,0.4065664079633895,0.2745098039215686,0.5,0.1891891891891892,0.8108108108108109,0.5,0.5,7,7,30,30,74
high_low_ratio_0_7_0_3,high_is_2.6,0.3984553769910357,0.2692307692307693,0.4666666666666667,0.1891891891891892,0.7837837837837838,0.4864864864864865,0.4864864864864865,7,8,29,30,74
high_low_ratio_0_7_0_3,low_is_2.6,0.12551809877327527,0.2692307692307693,0.4666666666666667,0.1891891891891892,0.7837837837837838,0.4864864864864865,0.4864864864864865,7,8,29,30,74
high_low_ratio_0_7_0_3,high_is_2.6,0.41237600314694955,0.24,0.46153846153846156,0.16216216216216217,0.8108108108108109,0.4864864864864865,0.4864864864864865,6,7,30,31,74
high_low_ratio_0_7_0_3,low_is_2.6,0.12212787198310032,0.23529411764705885,0.42857142857142855,0.16216216216216217,0.7837837837837838,0.47297297297297297,0.47297297297297297,6,8,29,31,74
high_low_ratio_0_7_0_3,high_is_2.6,0.47237484664148444,0.21276595744680854,0.5,0.13513513513513514,0.8648648648648649,0.5,0.5,5,5,32,32,74
high_low_ratio_0_7_0_3,high_is_2.6,0.4472222215288889,0.20833333333333334,0.45454545454545453,0.13513513513513514,0.8378378378378378,0.4864864864864865,0.4864864864864865,5,6,31,32,74
high_low_ratio_0_7_0_3,low_is_2.6,0.11091253140619159,0.20833333333333334,0.45454545454545453,0.13513513513513514,0.8378378378378378,0.4864864864864865,0.4864864864864865,5,6,31,32,74
high_low_ratio_0_7_0_3,high_is_2.6,0.4180076621952877,0.20408163265306126,0.4166666666666667,0.13513513513513514,0.8108108108108109,0.47297297297297297,0.472972972972973,5,7,30,32,74
high_low_ratio_0_7_0_3,low_is_2.6,0.1123258733566886,0.20408163265306126,0.4166666666666667,0.13513513513513514,0.8108108108108109,0.47297297297297297,0.472972972972973,5,7,30,32,74
high_low_ratio_0_7_0_3,low_is_2.6,0.11673095103322376,0.2,0.38461538461538464,0.13513513513513514,0.7837837837837838,0.4594594594594595,0.45945945945945943,5,8,29,32,74
high_low_ratio_0_7_0_3,high_is_2.6,0.4758470688516504,0.17391304347826086,0.4444444444444444,0.10810810810810811,0.8648648648648649,0.4864864864864865,0.4864864864864865,4,5,32,33,74
high_low_ratio_0_7_0_3,low_is_2.6,0.10083160071839958,0.17391304347826086,0.4444444444444444,0.10810810810810811,0.8648648648648649,0.4864864864864865,0.4864864864864865,4,5,32,33,74
high_low_ratio_0_7_0_3,low_is_2.6,0.1061600999379889,0.1702127659574468,0.4,0.10810810810810811,0.8378378378378378,0.47297297297297297,0.47297297297297297,4,6,31,33,74
high_low_ratio_0_7_0_3,low_is_2.6,0.09766899756010541,0.13636363636363638,0.42857142857142855,0.08108108108108109,0.8918918918918919,0.4864864864864865,0.4864864864864865,3,4,33,34,74
high_low_ratio_0_7_0_3,high_is_2.6,0.49715909011997106,0.13333333333333333,0.375,0.08108108108108109,0.8648648648648649,0.47297297297297297,0.472972972972973,3,5,32,34,74
high_low_ratio_0_7_0_3,low_is_2.6,0.09850059839126415,0.13333333333333333,0.375,0.08108108108108109,0.8648648648648649,0.47297297297297297,0.472972972972973,3,5,32,34,74
high_low_ratio_0_7_0_3,low_is_2.6,0.08031750012073807,0.10256410256410257,1.0,0.05405405405405406,1.0,0.527027027027027,0.527027027027027,2,0,37,35,74
high_low_ratio_0_7_0_3,low_is_2.6,0.08314535448167082,0.1,0.6666666666666666,0.05405405405405406,0.972972972972973,0.5135135135135135,0.5135135135135136,2,1,36,35,74
high_low_ratio_0_7_0_3,low_is_2.6,0.08690061380687877,0.0975609756097561,0.5,0.05405405405405406,0.9459459459459459,0.5,0.5,2,2,35,35,74
high_low_ratio_0_7_0_3,high_is_2.6,0.5565079355637514,0.09523809523809523,0.4,0.05405405405405406,0.918918918918919,0.4864864864864865,0.4864864864864865,2,3,34,35,74
high_low_ratio_0_7_0_3,low_is_2.6,0.09221768697058663,0.09523809523809523,0.4,0.05405405405405406,0.918918918918919,0.4864864864864865,0.4864864864864865,2,3,34,35,74
high_low_ratio_0_7_0_3,high_is_2.6,0.5276537689516829,0.09302325581395349,0.3333333333333333,0.05405405405405406,0.8918918918918919,0.47297297297297297,0.47297297297297297,2,4,33,35,74
high_low_ratio_0_7_0_3,low_is_2.6,0.09671794860857255,0.09302325581395349,0.3333333333333333,0.05405405405405406,0.8918918918918919,0.47297297297297297,0.47297297297297297,2,4,33,35,74
high_low_ratio_0_7_0_3,high_is_2.6,0.515388256738976,0.09090909090909091,0.2857142857142857,0.05405405405405406,0.8648648648648649,0.4594594594594595,0.4594594594594595,2,5,32,35,74
high_low_ratio_0_7_0_3,high_is_2.6,0.6789127825520888,0.052631578947368425,1.0,0.02702702702702703,1.0,0.5135135135135135,0.5135135135135135,1,0,37,36,74
high_low_ratio_0_7_0_3,high_is_2.6,0.7096774180842873,0.052631578947368425,1.0,0.02702702702702703,1.0,0.5135135135135135,0.5135135135135135,1,0,37,36,74
high_low_ratio_0_7_0_3,low_is_2.6,0.02542372878684286,0.052631578947368425,1.0,0.02702702702702703,1.0,0.5135135135135135,0.5135135135135135,1,0,37,36,74
high_low_ratio_0_7_0_3,low_is_2.6,0.052566936813868814,0.052631578947368425,1.0,0.02702702702702703,1.0,0.5135135135135135,0.5135135135135135,1,0,37,36,74
high_low_ratio_0_7_0_3,high_is_2.6,0.6383597872434146,0.05128205128205129,0.5,0.02702702702702703,0.972972972972973,0.5,0.5,1,1,36,36,74
high_low_ratio_0_7_0_3,high_is_2.6,0.6097402586776843,0.05,0.3333333333333333,0.02702702702702703,0.9459459459459459,0.4864864864864865,0.4864864864864865,1,2,35,36,74
high_low_ratio_0_7_0_3,high_is_2.6,0.5821212111292816,0.04878048780487805,0.25,0.02702702702702703,0.918918918918919,0.47297297297297297,0.472972972972973,1,3,34,36,74
high_low_ratio_0_8_0_2,high_is_2.6,0.07886216457504222,0.6792452830188679,0.5217391304347826,0.972972972972973,0.10810810810810811,0.5405405405405406,0.5405405405405406,36,33,4,1,74
high_low_ratio_0_8_0_2,high_is_2.6,0.07657934644772191,0.6728971962616821,0.5142857142857142,0.972972972972973,0.08108108108108109,0.527027027027027,0.5270270270270271,36,34,3,1,74
high_low_ratio_0_8_0_2,low_is_2.6,0.5803990599926878,0.6728971962616821,0.5142857142857142,0.972972972972973,0.08108108108108109,0.527027027027027,0.5270270270270271,36,34,3,1,74
high_low_ratio_0_8_0_2,high_is_2.6,0.09816320373719184,0.6666666666666666,0.5230769230769231,0.918918918918919,0.16216216216216217,0.5405405405405406,0.5405405405405406,34,31,6,3,74
high_low_ratio_0_8_0_2,low_is_2.6,0.47276995227986635,0.6666666666666666,0.5230769230769231,0.918918918918919,0.16216216216216217,0.5405405405405406,0.5405405405405406,34,31,6,3,74
high_low_ratio_0_8_0_2,high_is_2.6,0.07498722023777976,0.6666666666666666,0.5070422535211268,0.972972972972973,0.05405405405405406,0.5135135135135135,0.5135135135135136,36,35,2,1,74
high_low_ratio_0_8_0_2,low_is_2.6,0.5916666655711966,0.6666666666666666,0.5070422535211268,0.972972972972973,0.05405405405405406,0.5135135135135135,0.5135135135135136,36,35,2,1,74
high_low_ratio_0_8_0_2,high_is_2.6,0.02542372878684286,0.6666666666666666,0.5,1.0,0.0,0.5,0.5,37,37,0,0,74
high_low_ratio_0_8_0_2,low_is_2.6,0.6885245889110454,0.6666666666666666,0.5,1.0,0.0,0.5,0.5,37,37,0,0,74
high_low_ratio_0_8_0_2,high_is_2.6,0.08152173903966034,0.6666666666666665,0.5147058823529411,0.9459459459459459,0.10810810810810811,0.527027027027027,0.527027027027027,35,33,4,2,74
high_low_ratio_0_8_0_2,low_is_2.6,0.5237047889604629,0.6666666666666665,0.5147058823529411,0.9459459459459459,0.10810810810810811,0.527027027027027,0.527027027027027,35,33,4,2,74
high_low_ratio_0_8_0_2,high_is_2.6,0.07400033175726423,0.6605504587155964,0.5,0.972972972972973,0.02702702702702703,0.5,0.5,36,36,1,1,74
high_low_ratio_0_8_0_2,low_is_2.6,0.611320753597135,0.6605504587155964,0.5,0.972972972972973,0.02702702702702703,0.5,0.5,36,36,1,1,74
high_low_ratio_0_8_0_2,low_is_2.6,0.5548614256482838,0.660377358490566,0.5072463768115942,0.9459459459459459,0.08108108108108109,0.5135135135135135,0.5135135135135135,35,34,3,2,74
high_low_ratio_0_8_0_2,high_is_2.6,0.09660657464729622,0.6601941747572816,0.5151515151515151,0.918918918918919,0.13513513513513514,0.527027027027027,0.5270270270270271,34,32,5,3,74
high_low_ratio_0_8_0_2,low_is_2.6,0.4854683649583949,0.6601941747572816,0.5151515151515151,0.918918918918919,0.13513513513513514,0.527027027027027,0.5270270270270271,34,32,5,3,74
high_low_ratio_0_8_0_2,high_is_2.6,0.04929723020603297,0.6545454545454545,0.4931506849315068,0.972972972972973,0.0,0.4864864864864865,0.4864864864864865,36,37,0,1,74
high_low_ratio_0_8_0_2,low_is_2.6,0.65558304862035,0.6545454545454545,0.4931506849315068,0.972972972972973,0.0,0.4864864864864865,0.4864864864864865,36,37,0,1,74
high_low_ratio_0_8_0_2,high_is_2.6,0.0894927535183434,0.6538461538461539,0.5074626865671642,0.918918918918919,0.10810810810810811,0.5135135135135135,0.5135135135135136,34,33,4,3,74
high_low_ratio_0_8_0_2,low_is_2.6,0.5036075027837659,0.6538461538461539,0.5074626865671642,0.918918918918919,0.10810810810810811,0.5135135135135135,0.5135135135135136,34,33,4,3,74
high_low_ratio_0_8_0_2,high_is_2.6,0.09886188259951326,0.6534653465346535,0.515625,0.8918918918918919,0.16216216216216217,0.527027027027027,0.527027027027027,33,31,6,4,74
high_low_ratio_0_8_0_2,low_is_2.6,0.4611111103601852,0.6534653465346535,0.515625,0.8918918918918919,0.16216216216216217,0.527027027027027,0.527027027027027,33,31,6,4,74
high_low_ratio_0_8_0_2,high_is_2.6,0.11211991726598412,0.6530612244897959,0.5245901639344263,0.8648648648648649,0.21621621621621623,0.5405405405405406,0.5405405405405406,32,29,8,5,74
high_low_ratio_0_8_0_2,high_is_2.6,0.10515404537347176,0.6464646464646465,0.5161290322580645,0.8648648648648649,0.1891891891891892,0.527027027027027,0.5270270270270271,32,30,7,5,74
high_low_ratio_0_8_0_2,high_is_2.6,0.1016530795936252,0.64,0.5079365079365079,0.8648648648648649,0.16216216216216217,0.5135135135135135,0.5135135135135136,32,31,6,5,74
high_low_ratio_0_8_0_2,low_is_2.6,0.44836601234847784,0.64,0.5079365079365079,0.8648648648648649,0.16216216216216217,0.5135135135135135,0.5135135135135136,32,31,6,5,74
high_low_ratio_0_8_0_2,high_is_2.6,0.11835031111976393,0.6391752577319588,0.5166666666666667,0.8378378378378378,0.21621621621621623,0.527027027027027,0.527027027027027,31,29,8,6,74
high_low_ratio_0_8_0_2,low_is_2.6,0.40619107417224254,0.6391752577319588,0.5166666666666667,0.8378378378378378,0.21621621621621623,0.527027027027027,0.527027027027027,31,29,8,6,74
high_low_ratio_0_8_0_2,high_is_2.6,0.13782051265285425,0.6373626373626374,0.5370370370370371,0.7837837837837838,0.32432432432432434,0.5540540540540541,0.5540540540540541,29,25,12,8,74
high_low_ratio_0_8_0_2,low_is_2.6,0.4103849231671729,0.6326530612244898,0.5081967213114754,0.8378378378378378,0.1891891891891892,0.5135135135135135,0.5135135135135135,31,30,7,6,74
high_low_ratio_0_8_0_2,high_is_2.6,0.12549194975619163,0.631578947368421,0.5172413793103449,0.8108108108108109,0.24324324324324326,0.527027027027027,0.5270270270270271,30,28,9,7,74
high_low_ratio_0_8_0_2,high_is_2.6,0.13568376052233888,0.6304347826086956,0.5272727272727272,0.7837837837837838,0.2972972972972973,0.5405405405405406,0.5405405405405406,29,26,11,8,74
high_low_ratio_0_8_0_2,high_is_2.6,0.14829358828618916,0.6279069767441859,0.5510204081632653,0.7297297297297297,0.40540540540540543,0.5675675675675675,0.5675675675675675,27,22,15,10,74
high_low_ratio_0_8_0_2,low_is_2.6,0.42748478632113096,0.6262626262626263,0.5,0.8378378378378378,0.16216216216216217,0.5,0.5,31,31,6,6,74
high_low_ratio_0_8_0_2,high_is_2.6,0.12074898770778221,0.6249999999999999,0.5084745762711864,0.8108108108108109,0.21621621621621623,0.5135135135135135,0.5135135135135136,30,29,8,7,74
high_low_ratio_0_8_0_2,low_is_2.6,0.3981050009527509,0.6249999999999999,0.5084745762711864,0.8108108108108109,0.21621621621621623,0.5135135135135135,0.5135135135135136,30,29,8,7,74
high_low_ratio_0_8_0_2,high_is_2.6,0.1337139421492306,0.6236559139784947,0.5178571428571429,0.7837837837837838,0.2702702702702703,0.527027027027027,0.527027027027027,29,27,10,8,74
high_low_ratio_0_8_0_2,high_is_2.6,0.14087301569941973,0.6222222222222221,0.5283018867924528,0.7567567567567568,0.32432432432432434,0.5405405405405406,0.5405405405405406,28,25,12,9,74
high_low_ratio_0_8_0_2,high_is_2.6,0.1473549149429627,0.6206896551724138,0.54,0.7297297297297297,0.3783783783783784,0.5540540540540541,0.5540540540540541,27,23,14,10,74
high_low_ratio_0_8_0_2,high_is_2.6,0.1303597382136656,0.6170212765957447,0.5087719298245614,0.7837837837837838,0.24324324324324326,0.5135135135135135,0.5135135135135135,29,28,9,8,74
high_low_ratio_0_8_0_2,low_is_2.6,0.3597322212653624,0.6170212765957447,0.5087719298245614,0.7837837837837838,0.24324324324324326,0.5135135135135135,0.5135135135135135,29,28,9,8,74
high_low_ratio_0_8_0_2,high_is_2.6,0.1457516338056975,0.6136363636363636,0.5294117647058824,0.7297297297297297,0.35135135135135137,0.5405405405405406,0.5405405405405406,27,24,13,10,74
high_low_ratio_0_8_0_2,high_is_2.6,0.1509386731599133,0.611764705882353,0.5416666666666666,0.7027027027027027,0.40540540540540543,0.5540540540540541,0.5540540540540541,26,22,15,11,74
high_low_ratio_0_8_0_2,low_is_2.6,0.37931034425419474,0.6105263157894737,0.5,0.7837837837837838,0.21621621621621623,0.5,0.5,29,29,8,8,74
high_low_ratio_0_8_0_2,high_is_2.6,0.14365079347155707,0.6067415730337079,0.5192307692307693,0.7297297297297297,0.32432432432432434,0.527027027027027,0.527027027027027,27,25,12,10,74
high_low_ratio_0_8_0_2,low_is_2.6,0.35149985099642406,0.6021505376344086,0.5,0.7567567567567568,0.24324324324324326,0.5,0.5,28,28,9,9,74
high_low_ratio_0_8_0_2,high_is_2.6,0.1585601402831313,0.5952380952380952,0.5319148936170213,0.6756756756756757,0.40540540540540543,0.5405405405405406,0.5405405405405406,25,22,15,12,74
high_low_ratio_0_8_0_2,low_is_2.6,0.3461068324084029,0.5934065934065933,0.5,0.7297297297297297,0.2702702702702703,0.5,0.5,27,27,10,10,74
high_low_ratio_0_8_0_2,low_is_2.6,0.34894300191850836,0.5869565217391305,0.4909090909090909,0.7297297297297297,0.24324324324324326,0.4864864864864865,0.4864864864864865,27,28,9,10,74
high_low_ratio_0_8_0_2,high_is_2.6,0.1646982476944447,0.5783132530120482,0.5217391304347826,0.6486486486486487,0.40540540540540543,0.527027027027027,0.5270270270270271,24,22,15,13,74
high_low_ratio_0_8_0_2,low_is_2.6,0.3395061723452911,0.5777777777777777,0.49056603773584906,0.7027027027027027,0.2702702702702703,0.4864864864864865,0.4864864864864865,26,27,10,11,74
high_low_ratio_0_8_0_2,high_is_2.6,0.18434532710241242,0.5714285714285715,0.55,0.5945945945945946,0.5135135135135135,0.5540540540540541,0.5540540540540541,22,18,19,15,74
high_low_ratio_0_8_0_2,high_is_2.6,0.16935483850145874,0.5679012345679012,0.5227272727272727,0.6216216216216216,0.43243243243243246,0.527027027027027,0.527027027027027,23,21,16,14,74
high_low_ratio_0_8_0_2,high_is_2.6,0.18362068942191845,0.5641025641025641,0.5365853658536586,0.5945945945945946,0.4864864864864865,0.5405405405405406,0.5405405405405406,22,19,18,15,74
high_low_ratio_0_8_0_2,low_is_2.6,0.32183907998904626,0.5617977528089887,0.4807692307692308,0.6756756756756757,0.2702702702702703,0.47297297297297297,0.47297297297297297,25,27,10,12,74
high_low_ratio_0_8_0_2,high_is_2.6,0.16594202878822867,0.5609756097560976,0.5111111111111111,0.6216216216216216,0.40540540540540543,0.5135135135135135,0.5135135135135135,23,22,15,14,74
high_low_ratio_0_8_0_2,high_is_2.6,0.17938596468842744,0.5569620253164557,0.5238095238095238,0.5945945945945946,0.4594594594594595,0.527027027027027,0.5270270270270271,22,20,17,15,74
high_low_ratio_0_8_0_2,high_is_2.6,0.19540637948029205,0.5526315789473685,0.5384615384615384,0.5675675675675675,0.5135135135135135,0.5405405405405406,0.5405405405405406,21,18,19,16,74
high_low_ratio_0_8_0_2,high_is_2.6,0.17374080340185374,0.55,0.5116279069767442,0.5945945945945946,0.43243243243243246,0.5135135135135135,0.5135135135135136,22,21,16,15,74
high_low_ratio_0_8_0_2,low_is_2.6,0.30352406170289103,0.5454545454545454,0.47058823529411764,0.6486486486486487,0.2702702702702703,0.4594594594594595,0.4594594594594595,24,27,10,13,74
high_low_ratio_0_8_0_2,high_is_2.6,0.20857063066293852,0.5333333333333333,0.5263157894736842,0.5405405405405406,0.5135135135135135,0.527027027027027,0.527027027027027,20,18,19,17,74
high_low_ratio_0_8_0_2,low_is_2.6,0.23933372265666203,0.5316455696202531,0.5,0.5675675675675675,0.43243243243243246,0.5,0.5,21,21,16,16,74
high_low_ratio_0_8_0_2,low_is_2.6,0.27052545117802973,0.5301204819277109,0.4782608695652174,0.5945945945945946,0.35135135135135137,0.47297297297297297,0.472972972972973,22,24,13,15,74
high_low_ratio_0_8_0_2,low_is_2.6,0.2889766479359388,0.5287356321839081,0.46,0.6216216216216216,0.2702702702702703,0.44594594594594594,0.44594594594594594,23,27,10,14,74
high_low_ratio_0_8_0_2,low_is_2.6,0.22111111080323964,0.5263157894736842,0.5128205128205128,0.5405405405405406,0.4864864864864865,0.5135135135135135,0.5135135135135136,20,19,18,17,74
high_low_ratio_0_8_0_2,low_is_2.6,0.24248452665004455,0.525,0.4883720930232558,0.5675675675675675,0.40540540540540543,0.4864864864864865,0.4864864864864865,21,22,15,16,74
high_low_ratio_0_8_0_2,low_is_2.6,0.27389106287188886,0.5238095238095238,0.46808510638297873,0.5945945945945946,0.32432432432432434,0.4594594594594595,0.4594594594594595,22,25,12,15,74
high_low_ratio_0_8_0_2,low_is_2.6,0.22916666634332913,0.5194805194805195,0.5,0.5405405405405406,0.4594594594594595,0.5,0.5,20,20,17,17,74
high_low_ratio_0_8_0_2,low_is_2.6,0.24884405177966507,0.5185185185185185,0.4772727272727273,0.5675675675675675,0.3783783783783784,0.47297297297297297,0.47297297297297297,21,23,14,16,74
high_low_ratio_0_8_0_2,low_is_2.6,0.2747414030060561,0.5176470588235293,0.4583333333333333,0.5945945945945946,0.2972972972972973,0.44594594594594594,0.44594594594594594,22,26,11,15,74
high_low_ratio_0_8_0_2,high_is_2.6,0.21124661219250956,0.5135135135135135,0.5135135135135135,0.5135135135135135,0.5135135135135135,0.5135135135135135,0.5135135135135135,19,18,19,18,74
high_low_ratio_0_8_0_2,low_is_2.6,0.23669962303537004,0.5128205128205128,0.4878048780487805,0.5405405405405406,0.43243243243243246,0.4864864864864865,0.4864864864864865,20,21,16,17,74
high_low_ratio_0_8_0_2,low_is_2.6,0.2606698696064586,0.5121951219512195,0.4666666666666667,0.5675675675675675,0.35135135135135137,0.4594594594594595,0.45945945945945943,21,24,13,16,74
high_low_ratio_0_8_0_2,low_is_2.6,0.27838010164609195,0.5116279069767442,0.4489795918367347,0.5945945945945946,0.2702702702702703,0.43243243243243246,0.43243243243243246,22,27,10,15,74
high_low_ratio_0_8_0_2,low_is_2.6,0.21569105662802193,0.5066666666666666,0.5,0.5135135135135135,0.4864864864864865,0.5,0.5,19,19,18,18,74
high_low_ratio_0_8_0_2,high_is_2.6,0.21569105662802193,0.4931506849315069,0.5,0.4864864864864865,0.5135135135135135,0.5,0.5,18,18,19,19,74
high_low_ratio_0_8_0_2,low_is_2.6,0.21124661219250956,0.4864864864864865,0.4864864864864865,0.4864864864864865,0.4864864864864865,0.4864864864864865,0.4864864864864865,18,19,18,19,74
high_low_ratio_0_8_0_2,high_is_2.6,0.23669962303537004,0.48571428571428577,0.5151515151515151,0.4594594594594595,0.5675675675675675,0.5135135135135135,0.5135135135135135,17,16,21,20,74
high_low_ratio_0_8_0_2,high_is_2.6,0.2606698696064586,0.48484848484848486,0.5517241379310345,0.43243243243243246,0.6486486486486487,0.5405405405405406,0.5405405405405406,16,13,24,21,74
high_low_ratio_0_8_0_2,high_is_2.6,0.27838010164609195,0.48387096774193555,0.6,0.40540540540540543,0.7297297297297297,0.5675675675675675,0.5675675675675675,15,10,27,22,74
high_low_ratio_0_8_0_2,high_is_2.6,0.22916666634332913,0.47887323943661975,0.5,0.4594594594594595,0.5405405405405406,0.5,0.5,17,17,20,20,74
high_low_ratio_0_8_0_2,high_is_2.6,0.24884405177966507,0.47761194029850745,0.5333333333333333,0.43243243243243246,0.6216216216216216,0.527027027027027,0.527027027027027,16,14,23,21,74
high_low_ratio_0_8_0_2,high_is_2.6,0.2747414030060561,0.47619047619047616,0.5769230769230769,0.40540540540540543,0.7027027027027027,0.5540540540540541,0.5540540540540541,15,11,26,22,74
high_low_ratio_0_8_0_2,high_is_2.6,0.22111111080323964,0.47222222222222227,0.4857142857142857,0.4594594594594595,0.5135135135135135,0.4864864864864865,0.4864864864864865,17,18,19,20,74
high_low_ratio_0_8_0_2,high_is_2.6,0.24248452665004455,0.47058823529411764,0.5161290322580645,0.43243243243243246,0.5945945945945946,0.5135135135135135,0.5135135135135136,16,15,22,21,74
high_low_ratio_0_8_0_2,high_is_2.6,0.27389106287188886,0.46875,0.5555555555555556,0.40540540540540543,0.6756756756756757,0.5405405405405406,0.5405405405405406,15,12,25,22,74
high_low_ratio_0_8_0_2,low_is_2.6,0.20857063066293852,0.4657534246575342,0.4722222222222222,0.4594594594594595,0.4864864864864865,0.47297297297297297,0.472972972972973,17,19,18,20,74
high_low_ratio_0_8_0_2,high_is_2.6,0.23933372265666203,0.463768115942029,0.5,0.43243243243243246,0.5675675675675675,0.5,0.5,16,16,21,21,74
high_low_ratio_0_8_0_2,high_is_2.6,0.27052545117802973,0.46153846153846156,0.5357142857142857,0.40540540540540543,0.6486486486486487,0.527027027027027,0.5270270270270271,15,13,24,22,74
high_low_ratio_0_8_0_2,high_is_2.6,0.2889766479359388,0.45901639344262296,0.5833333333333334,0.3783783783783784,0.7297297297297297,0.5540540540540541,0.5540540540540541,14,10,27,23,74
high_low_ratio_0_8_0_2,low_is_2.6,0.19540637948029205,0.4444444444444445,0.45714285714285713,0.43243243243243246,0.4864864864864865,0.4594594594594595,0.4594594594594595,16,19,18,21,74
high_low_ratio_0_8_0_2,low_is_2.6,0.17374080340185374,0.4411764705882353,0.4838709677419355,0.40540540540540543,0.5675675675675675,0.4864864864864865,0.4864864864864865,15,16,21,22,74
high_low_ratio_0_8_0_2,low_is_2.6,0.17938596468842744,0.43478260869565216,0.46875,0.40540540540540543,0.5405405405405406,0.47297297297297297,0.472972972972973,15,17,20,22,74
high_low_ratio_0_8_0_2,high_is_2.6,0.30352406170289103,0.43333333333333335,0.5652173913043478,0.35135135135135137,0.7297297297297297,0.5405405405405406,0.5405405405405406,13,10,27,24,74
high_low_ratio_0_8_0_2,low_is_2.6,0.18362068942191845,0.42857142857142855,0.45454545454545453,0.40540540540540543,0.5135135135135135,0.4594594594594595,0.45945945945945943,15,18,19,22,74
high_low_ratio_0_8_0_2,low_is_2.6,0.16594202878822867,0.42424242424242425,0.4827586206896552,0.3783783783783784,0.5945945945945946,0.4864864864864865,0.4864864864864865,14,15,22,23,74
high_low_ratio_0_8_0_2,low_is_2.6,0.18434532710241242,0.4225352112676056,0.4411764705882353,0.40540540540540543,0.4864864864864865,0.44594594594594594,0.44594594594594594,15,19,18,22,74
high_low_ratio_0_8_0_2,low_is_2.6,0.16935483850145874,0.417910447761194,0.4666666666666667,0.3783783783783784,0.5675675675675675,0.47297297297297297,0.47297297297297297,14,16,21,23,74
high_low_ratio_0_8_0_2,high_is_2.6,0.32183907998904626,0.4067796610169491,0.5454545454545454,0.32432432432432434,0.7297297297297297,0.527027027027027,0.527027027027027,12,10,27,25,74
high_low_ratio_0_8_0_2,low_is_2.6,0.1646982476944447,0.39999999999999997,0.4642857142857143,0.35135135135135137,0.5945945945945946,0.47297297297297297,0.472972972972973,13,15,22,24,74
high_low_ratio_0_8_0_2,high_is_2.6,0.3395061723452911,0.37931034482758624,0.5238095238095238,0.2972972972972973,0.7297297297297297,0.5135135135135135,0.5135135135135135,11,10,27,26,74
high_low_ratio_0_8_0_2,low_is_2.6,0.1585601402831313,0.375,0.4444444444444444,0.32432432432432434,0.5945945945945946,0.4594594594594595,0.4594594594594595,12,15,22,25,74
high_low_ratio_0_8_0_2,high_is_2.6,0.34894300191850836,0.35714285714285715,0.5263157894736842,0.2702702702702703,0.7567567567567568,0.5135135135135135,0.5135135135135136,10,9,28,27,74
high_low_ratio_0_8_0_2,high_is_2.6,0.3461068324084029,0.3508771929824562,0.5,0.2702702702702703,0.7297297297297297,0.5,0.5,10,10,27,27,74
high_low_ratio_0_8_0_2,low_is_2.6,0.1509386731599133,0.34920634920634924,0.4230769230769231,0.2972972972972973,0.5945945945945946,0.44594594594594594,0.44594594594594594,11,15,22,26,74
high_low_ratio_0_8_0_2,low_is_2.6,0.14365079347155707,0.33898305084745767,0.45454545454545453,0.2702702702702703,0.6756756756756757,0.47297297297297297,0.47297297297297297,10,12,25,27,74
high_low_ratio_0_8_0_2,low_is_2.6,0.1457516338056975,0.3333333333333333,0.43478260869565216,0.2702702702702703,0.6486486486486487,0.4594594594594595,0.4594594594594595,10,13,24,27,74
high_low_ratio_0_8_0_2,low_is_2.6,0.1473549149429627,0.3278688524590164,0.4166666666666667,0.2702702702702703,0.6216216216216216,0.44594594594594594,0.44594594594594594,10,14,23,27,74
high_low_ratio_0_8_0_2,high_is_2.6,0.35149985099642406,0.3272727272727273,0.5,0.24324324324324326,0.7567567567567568,0.5,0.5,9,9,28,28,74
high_low_ratio_0_8_0_2,low_is_2.6,0.14829358828618916,0.3225806451612903,0.4,0.2702702702702703,0.5945945945945946,0.43243243243243246,0.43243243243243246,10,15,22,27,74
high_low_ratio_0_8_0_2,low_is_2.6,0.14087301569941973,0.3103448275862069,0.42857142857142855,0.24324324324324326,0.6756756756756757,0.4594594594594595,0.45945945945945943,9,12,25,28,74
high_low_ratio_0_8_0_2,high_is_2.6,0.37931034425419474,0.3018867924528302,0.5,0.21621621621621623,0.7837837837837838,0.5,0.5,8,8,29,29,74
high_low_ratio_0_8_0_2,high_is_2.6,0.3597322212653624,0.29629629629629634,0.47058823529411764,0.21621621621621623,0.7567567567567568,0.4864864864864865,0.4864864864864865,8,9,28,29,74
high_low_ratio_0_8_0_2,low_is_2.6,0.1303597382136656,0.29629629629629634,0.47058823529411764,0.21621621621621623,0.7567567567567568,0.4864864864864865,0.4864864864864865,8,9,28,29,74
high_low_ratio_0_8_0_2,low_is_2.6,0.1337139421492306,0.2909090909090909,0.4444444444444444,0.21621621621621623,0.7297297297297297,0.47297297297297297,0.47297297297297297,8,10,27,29,74
high_low_ratio_0_8_0_2,low_is_2.6,0.13568376052233888,0.28571428571428575,0.42105263157894735,0.21621621621621623,0.7027027027027027,0.4594594594594595,0.4594594594594595,8,11,26,29,74
high_low_ratio_0_8_0_2,low_is_2.6,0.13782051265285425,0.2807017543859649,0.4,0.21621621621621623,0.6756756756756757,0.44594594594594594,0.44594594594594594,8,12,25,29,74
high_low_ratio_0_8_0_2,high_is_2.6,0.3981050009527509,0.2692307692307693,0.4666666666666667,0.1891891891891892,0.7837837837837838,0.4864864864864865,0.4864864864864865,7,8,29,30,74
high_low_ratio_0_8_0_2,low_is_2.6,0.12074898770778221,0.2692307692307693,0.4666666666666667,0.1891891891891892,0.7837837837837838,0.4864864864864865,0.4864864864864865,7,8,29,30,74
high_low_ratio_0_8_0_2,low_is_2.6,0.12549194975619163,0.2641509433962264,0.4375,0.1891891891891892,0.7567567567567568,0.47297297297297297,0.472972972972973,7,9,28,30,74
high_low_ratio_0_8_0_2,high_is_2.6,0.42748478632113096,0.2448979591836735,0.5,0.16216216216216217,0.8378378378378378,0.5,0.5,6,6,31,31,74
high_low_ratio_0_8_0_2,high_is_2.6,0.4103849231671729,0.24,0.46153846153846156,0.16216216216216217,0.8108108108108109,0.4864864864864865,0.4864864864864865,6,7,30,31,74
high_low_ratio_0_8_0_2,high_is_2.6,0.40619107417224254,0.23529411764705885,0.42857142857142855,0.16216216216216217,0.7837837837837838,0.47297297297297297,0.47297297297297297,6,8,29,31,74
high_low_ratio_0_8_0_2,low_is_2.6,0.11835031111976393,0.23529411764705885,0.42857142857142855,0.16216216216216217,0.7837837837837838,0.47297297297297297,0.47297297297297297,6,8,29,31,74
high_low_ratio_0_8_0_2,high_is_2.6,0.44836601234847784,0.20833333333333334,0.45454545454545453,0.13513513513513514,0.8378378378378378,0.4864864864864865,0.4864864864864865,5,6,31,32,74
high_low_ratio_0_8_0_2,low_is_2.6,0.1016530795936252,0.20833333333333334,0.45454545454545453,0.13513513513513514,0.8378378378378378,0.4864864864864865,0.4864864864864865,5,6,31,32,74
high_low_ratio_0_8_0_2,low_is_2.6,0.10515404537347176,0.20408163265306126,0.4166666666666667,0.13513513513513514,0.8108108108108109,0.47297297297297297,0.472972972972973,5,7,30,32,74
high_low_ratio_0_8_0_2,low_is_2.6,0.11211991726598412,0.2,0.38461538461538464,0.13513513513513514,0.7837837837837838,0.4594594594594595,0.45945945945945943,5,8,29,32,74
high_low_ratio_0_8_0_2,high_is_2.6,0.4611111103601852,0.1702127659574468,0.4,0.10810810810810811,0.8378378378378378,0.47297297297297297,0.47297297297297297,4,6,31,33,74
high_low_ratio_0_8_0_2,low_is_2.6,0.09886188259951326,0.1702127659574468,0.4,0.10810810810810811,0.8378378378378378,0.47297297297297297,0.47297297297297297,4,6,31,33,74
high_low_ratio_0_8_0_2,high_is_2.6,0.5036075027837659,0.13636363636363638,0.42857142857142855,0.08108108108108109,0.8918918918918919,0.4864864864864865,0.4864864864864865,3,4,33,34,74
high_low_ratio_0_8_0_2,low_is_2.6,0.0894927535183434,0.13636363636363638,0.42857142857142855,0.08108108108108109,0.8918918918918919,0.4864864864864865,0.4864864864864865,3,4,33,34,74
high_low_ratio_0_8_0_2,high_is_2.6,0.4854683649583949,0.13333333333333333,0.375,0.08108108108108109,0.8648648648648649,0.47297297297297297,0.472972972972973,3,5,32,34,74
high_low_ratio_0_8_0_2,low_is_2.6,0.09660657464729622,0.13333333333333333,0.375,0.08108108108108109,0.8648648648648649,0.47297297297297297,0.472972972972973,3,5,32,34,74
high_low_ratio_0_8_0_2,high_is_2.6,0.47276995227986635,0.13043478260869568,0.3333333333333333,0.08108108108108109,0.8378378378378378,0.4594594594594595,0.45945945945945943,3,6,31,34,74
high_low_ratio_0_8_0_2,low_is_2.6,0.09816320373719184,0.13043478260869568,0.3333333333333333,0.08108108108108109,0.8378378378378378,0.4594594594594595,0.45945945945945943,3,6,31,34,74
high_low_ratio_0_8_0_2,high_is_2.6,0.5548614256482838,0.09523809523809523,0.4,0.05405405405405406,0.918918918918919,0.4864864864864865,0.4864864864864865,2,3,34,35,74
high_low_ratio_0_8_0_2,high_is_2.6,0.5237047889604629,0.09302325581395349,0.3333333333333333,0.05405405405405406,0.8918918918918919,0.47297297297297297,0.47297297297297297,2,4,33,35,74
high_low_ratio_0_8_0_2,low_is_2.6,0.08152173903966034,0.09302325581395349,0.3333333333333333,0.05405405405405406,0.8918918918918919,0.47297297297297297,0.47297297297297297,2,4,33,35,74
high_low_ratio_0_8_0_2,high_is_2.6,0.65558304862035,0.052631578947368425,1.0,0.02702702702702703,1.0,0.5135135135135135,0.5135135135135135,1,0,37,36,74
high_low_ratio_0_8_0_2,high_is_2.6,0.6885245889110454,0.052631578947368425,1.0,0.02702702702702703,1.0,0.5135135135135135,0.5135135135135135,1,0,37,36,74
high_low_ratio_0_8_0_2,low_is_2.6,0.02542372878684286,0.052631578947368425,1.0,0.02702702702702703,1.0,0.5135135135135135,0.5135135135135135,1,0,37,36,74
high_low_ratio_0_8_0_2,low_is_2.6,0.04929723020603297,0.052631578947368425,1.0,0.02702702702702703,1.0,0.5135135135135135,0.5135135135135135,1,0,37,36,74
high_low_ratio_0_8_0_2,high_is_2.6,0.611320753597135,0.05128205128205129,0.5,0.02702702702702703,0.972972972972973,0.5,0.5,1,1,36,36,74
high_low_ratio_0_8_0_2,low_is_2.6,0.07400033175726423,0.05128205128205129,0.5,0.02702702702702703,0.972972972972973,0.5,0.5,1,1,36,36,74
high_low_ratio_0_8_0_2,high_is_2.6,0.5916666655711966,0.05,0.3333333333333333,0.02702702702702703,0.9459459459459459,0.4864864864864865,0.4864864864864865,1,2,35,36,74
high_low_ratio_0_8_0_2,low_is_2.6,0.07498722023777976,0.05,0.3333333333333333,0.02702702702702703,0.9459459459459459,0.4864864864864865,0.4864864864864865,1,2,35,36,74
high_low_ratio_0_8_0_2,high_is_2.6,0.5803990599926878,0.04878048780487805,0.25,0.02702702702702703,0.918918918918919,0.47297297297297297,0.472972972972973,1,3,34,36,74
high_low_ratio_0_8_0_2,low_is_2.6,0.07657934644772191,0.04878048780487805,0.25,0.02702702702702703,0.918918918918919,0.47297297297297297,0.472972972972973,1,3,34,36,74
high_low_ratio_0_8_0_2,low_is_2.6,0.07886216457504222,0.047619047619047616,0.2,0.02702702702702703,0.8918918918918919,0.4594594594594595,0.45945945945945943,1,4,33,36,74
high_low_ratio_0_9_0_5,high_is_2.6,0.09090909080611383,0.6732673267326733,0.53125,0.918918918918919,0.1891891891891892,0.5540540540540541,0.5540540540540541,34,30,7,3,74
high_low_ratio_0_9_0_5,high_is_2.6,0.07847157493678251,0.673076923076923,0.5223880597014925,0.9459459459459459,0.13513513513513514,0.5405405405405406,0.5405405405405406,35,32,5,2,74
high_low_ratio_0_9_0_5,low_is_2.6,0.4744932424747148,0.6728971962616821,0.5142857142857142,0.972972972972973,0.08108108108108109,0.527027027027027,0.5270270270270271,36,34,3,1,74
high_low_ratio_0_9_0_5,high_is_2.6,0.08876163196811487,0.6666666666666666,0.5230769230769231,0.918918918918919,0.16216216216216217,0.5405405405405406,0.5405405405405406,34,31,6,3,74
high_low_ratio_0_9_0_5,high_is_2.6,0.06704466927639058,0.6666666666666666,0.5070422535211268,0.972972972972973,0.05405405405405406,0.5135135135135135,0.5135135135135136,36,35,2,1,74
high_low_ratio_0_9_0_5,low_is_2.6,0.48792409350710914,0.6666666666666666,0.5070422535211268,0.972972972972973,0.05405405405405406,0.5135135135135135,0.5135135135135136,36,35,2,1,74
high_low_ratio_0_9_0_5,high_is_2.6,0.025210084007344112,0.6666666666666666,0.5,1.0,0.0,0.5,0.5,37,37,0,0,74
high_low_ratio_0_9_0_5,low_is_2.6,0.6249999989160157,0.6666666666666666,0.5,1.0,0.0,0.5,0.5,37,37,0,0,74
high_low_ratio_0_9_0_5,high_is_2.6,0.07512111704491503,0.6666666666666665,0.5147058823529411,0.9459459459459459,0.10810810810810811,0.527027027027027,0.527027027027027,35,33,4,2,74
high_low_ratio_0_9_0_5,high_is_2.6,0.054406779601447935,0.6605504587155964,0.5,0.972972972972973,0.02702702702702703,0.5,0.5,36,36,1,1,74
high_low_ratio_0_9_0_5,low_is_2.6,0.5125379930757012,0.6605504587155964,0.5,0.972972972972973,0.02702702702702703,0.5,0.5,36,36,1,1,74
high_low_ratio_0_9_0_5,high_is_2.6,0.07333466087693888,0.660377358490566,0.5072463768115942,0.9459459459459459,0.08108108108108109,0.5135135135135135,0.5135135135135135,35,34,3,2,74
high_low_ratio_0_9_0_5,low_is_2.6,0.44401595676344086,0.660377358490566,0.5072463768115942,0.9459459459459459,0.08108108108108109,0.5135135135135135,0.5135135135135135,35,34,3,2,74
high_low_ratio_0_9_0_5,high_is_2.6,0.08384762706102737,0.6601941747572816,0.5151515151515151,0.918918918918919,0.13513513513513514,0.527027027027027,0.5270270270270271,34,32,5,3,74
high_low_ratio_0_9_0_5,high_is_2.6,0.09113982454067107,0.6599999999999999,0.5238095238095238,0.8918918918918919,0.1891891891891892,0.5405405405405406,0.5405405405405406,33,30,7,4,74
high_low_ratio_0_9_0_5,high_is_2.6,0.03593837531149428,0.6545454545454545,0.4931506849315068,0.972972972972973,0.0,0.4864864864864865,0.4864864864864865,36,37,0,1,74
high_low_ratio_0_9_0_5,low_is_2.6,0.5803571418655333,0.6545454545454545,0.4931506849315068,0.972972972972973,0.0,0.4864864864864865,0.4864864864864865,36,37,0,1,74
high_low_ratio_0_9_0_5,high_is_2.6,0.07211580125595402,0.6542056074766355,0.5,0.9459459459459459,0.05405405405405406,0.5,0.5,35,35,2,2,74
high_low_ratio_0_9_0_5,low_is_2.6,0.41910015076653045,0.6538461538461539,0.5074626865671642,0.918918918918919,0.10810810810810811,0.5135135135135135,0.5135135135135136,34,33,4,3,74
high_low_ratio_0_9_0_5,low_is_2.6,0.3677548295838984,0.6534653465346535,0.515625,0.8918918918918919,0.16216216216216217,0.527027027027027,0.527027027027027,33,31,6,4,74
high_low_ratio_0_9_0_5,high_is_2.6,0.0979166665529731,0.6530612244897959,0.5245901639344263,0.8648648648648649,0.21621621621621623,0.5405405405405406,0.5405405405405406,32,29,8,5,74
high_low_ratio_0_9_0_5,low_is_2.6,0.42291088434106017,0.6476190476190476,0.5,0.918918918918919,0.08108108108108109,0.5,0.5,34,34,3,3,74
high_low_ratio_0_9_0_5,low_is_2.6,0.3913533828675867,0.6470588235294117,0.5076923076923077,0.8918918918918919,0.13513513513513514,0.5135135135135135,0.5135135135135135,33,32,5,4,74
high_low_ratio_0_9_0_5,high_is_2.6,0.09151861241712309,0.6464646464646465,0.5161290322580645,0.8648648648648649,0.1891891891891892,0.527027027027027,0.5270270270270271,32,30,7,5,74
high_low_ratio_0_9_0_5,low_is_2.6,0.3600963463241955,0.6464646464646465,0.5161290322580645,0.8648648648648649,0.1891891891891892,0.527027027027027,0.5270270270270271,32,30,7,5,74
high_low_ratio_0_9_0_5,high_is_2.6,0.10703418638156824,0.6458333333333334,0.5254237288135594,0.8378378378378378,0.24324324324324326,0.5405405405405406,0.5405405405405406,31,28,9,6,74
high_low_ratio_0_9_0_5,low_is_2.6,0.41609808037639523,0.6407766990291263,0.5,0.8918918918918919,0.10810810810810811,0.5,0.5,33,33,4,4,74
high_low_ratio_0_9_0_5,low_is_2.6,0.36439536710193554,0.64,0.5079365079365079,0.8648648648648649,0.16216216216216217,0.5135135135135135,0.5135135135135136,32,31,6,5,74
high_low_ratio_0_9_0_5,high_is_2.6,0.10506346566344574,0.6391752577319588,0.5166666666666667,0.8378378378378378,0.21621621621621623,0.527027027027027,0.527027027027027,31,29,8,6,74
high_low_ratio_0_9_0_5,low_is_2.6,0.3549209581692511,0.6326530612244898,0.5081967213114754,0.8378378378378378,0.1891891891891892,0.5135135135135135,0.5135135135135135,31,30,7,6,74
high_low_ratio_0_9_0_5,high_is_2.6,0.10995467504536048,0.631578947368421,0.5172413793103449,0.8108108108108109,0.24324324324324326,0.527027027027027,0.5270270270270271,30,28,9,7,74
high_low_ratio_0_9_0_5,high_is_2.6,0.11503759385281588,0.6304347826086956,0.5272727272727272,0.7837837837837838,0.2972972972972973,0.5405405405405406,0.5405405405405406,29,26,11,8,74
high_low_ratio_0_9_0_5,high_is_2.6,0.11311300626365507,0.6236559139784947,0.5178571428571429,0.7837837837837838,0.2702702702702703,0.527027027027027,0.527027027027027,29,27,10,8,74
high_low_ratio_0_9_0_5,low_is_2.6,0.3495887186361476,0.6185567010309277,0.5,0.8108108108108109,0.1891891891891892,0.5,0.5,30,30,7,7,74
high_low_ratio_0_9_0_5,high_is_2.6,0.1118707702418627,0.6170212765957447,0.5087719298245614,0.7837837837837838,0.24324324324324326,0.5135135135135135,0.5135135135135135,29,28,9,8,74
high_low_ratio_0_9_0_5,low_is_2.6,0.33168635829145243,0.6170212765957447,0.5087719298245614,0.7837837837837838,0.24324324324324326,0.5135135135135135,0.5135135135135135,29,28,9,8,74
high_low_ratio_0_9_0_5,high_is_2.6,0.11789473670569751,0.6153846153846154,0.5185185185185185,0.7567567567567568,0.2972972972972973,0.527027027027027,0.5270270270270271,28,26,11,9,74
high_low_ratio_0_9_0_5,high_is_2.6,0.14170137212462602,0.611764705882353,0.5416666666666666,0.7027027027027027,0.40540540540540543,0.5540540540540541,0.5540540540540541,26,22,15,11,74
high_low_ratio_0_9_0_5,low_is_2.6,0.340643274363787,0.6105263157894737,0.5,0.7837837837837838,0.21621621621621623,0.5,0.5,29,29,8,8,74
high_low_ratio_0_9_0_5,high_is_2.6,0.12310606046240817,0.6067415730337079,0.5192307692307693,0.7297297297297297,0.32432432432432434,0.527027027027027,0.527027027027027,27,25,12,10,74
high_low_ratio_0_9_0_5,high_is_2.6,0.13795747630902372,0.6046511627906977,0.5306122448979592,0.7027027027027027,0.3783783783783784,0.5405405405405406,0.5405405405405406,26,23,14,11,74
high_low_ratio_0_9_0_5,low_is_2.6,0.3461352652002767,0.6041666666666666,0.4915254237288136,0.7837837837837838,0.1891891891891892,0.4864864864864865,0.4864864864864865,29,30,7,8,74
high_low_ratio_0_9_0_5,high_is_2.6,0.145648795477984,0.6024096385542168,0.5434782608695652,0.6756756756756757,0.43243243243243246,0.5540540540540541,0.5540540540540541,25,21,16,12,74
high_low_ratio_0_9_0_5,low_is_2.6,0.32397959138772914,0.6021505376344086,0.5,0.7567567567567568,0.24324324324324326,0.5,0.5,28,28,9,9,74
high_low_ratio_0_9_0_5,high_is_2.6,0.1623931621981518,0.6,0.5581395348837209,0.6486486486486487,0.4864864864864865,0.5675675675675675,0.5675675675675675,24,19,18,13,74
high_low_ratio_0_9_0_5,high_is_2.6,0.12060606046507182,0.6,0.5094339622641509,0.7297297297297297,0.2972972972972973,0.5135135135135135,0.5135135135135135,27,26,11,10,74
high_low_ratio_0_9_0_5,high_is_2.6,0.13092105247742508,0.5977011494252874,0.52,0.7027027027027027,0.35135135135135137,0.527027027027027,0.5270270270270271,26,24,13,11,74
high_low_ratio_0_9_0_5,high_is_2.6,0.14438717050223648,0.5952380952380952,0.5319148936170213,0.6756756756756757,0.40540540540540543,0.5405405405405406,0.5405405405405406,25,22,15,12,74
high_low_ratio_0_9_0_5,high_is_2.6,0.1589743587774644,0.5925925925925926,0.5454545454545454,0.6486486486486487,0.4594594594594595,0.5540540540540541,0.5540540540540541,24,20,17,13,74
high_low_ratio_0_9_0_5,high_is_2.6,0.12499999985408775,0.5909090909090909,0.5098039215686274,0.7027027027027027,0.32432432432432434,0.5135135135135135,0.5135135135135136,26,25,12,11,74
high_low_ratio_0_9_0_5,low_is_2.6,0.3207142852687871,0.5869565217391305,0.4909090909090909,0.7297297297297297,0.24324324324324326,0.4864864864864865,0.4864864864864865,27,28,9,10,74
high_low_ratio_0_9_0_5,high_is_2.6,0.15120435102094698,0.5853658536585367,0.5333333333333333,0.6486486486486487,0.43243243243243246,0.5405405405405406,0.5405405405405406,24,21,16,13,74
high_low_ratio_0_9_0_5,high_is_2.6,0.16267806248632527,0.5822784810126581,0.5476190476190477,0.6216216216216216,0.4864864864864865,0.5540540540540541,0.5540540540540541,23,19,18,14,74
high_low_ratio_0_9_0_5,high_is_2.6,0.17429553242750606,0.5789473684210528,0.5641025641025641,0.5945945945945946,0.5405405405405406,0.5675675675675675,0.5675675675675675,22,17,20,15,74
high_low_ratio_0_9_0_5,low_is_2.6,0.299836675028112,0.5777777777777777,0.49056603773584906,0.7027027027027027,0.2702702702702703,0.4864864864864865,0.4864864864864865,26,27,10,11,74
high_low_ratio_0_9_0_5,high_is_2.6,0.17134408580420035,0.5714285714285715,0.55,0.5945945945945946,0.5135135135135135,0.5540540540540541,0.5540540540540541,22,18,19,15,74
high_low_ratio_0_9_0_5,low_is_2.6,0.31420560705081435,0.5714285714285714,0.48148148148148145,0.7027027027027027,0.24324324324324326,0.47297297297297297,0.472972972972973,26,28,9,11,74
high_low_ratio_0_9_0_5,high_is_2.6,0.1661589006386036,0.5641025641025641,0.5365853658536586,0.5945945945945946,0.4864864864864865,0.5405405405405406,0.5405405405405406,22,19,18,15,74
high_low_ratio_0_9_0_5,low_is_2.6,0.27583940091321757,0.5617977528089887,0.4807692307692308,0.6756756756756757,0.2702702702702703,0.47297297297297297,0.47297297297297297,25,27,10,12,74
high_low_ratio_0_9_0_5,high_is_2.6,0.1755918287294042,0.5599999999999999,0.5526315789473685,0.5675675675675675,0.5405405405405406,0.5540540540540541,0.5540540540540541,21,17,20,16,74
high_low_ratio_0_9_0_5,low_is_2.6,0.25520833298898654,0.5454545454545454,0.47058823529411764,0.6486486486486487,0.2702702702702703,0.4594594594594595,0.4594594594594595,24,27,10,13,74
high_low_ratio_0_9_0_5,high_is_2.6,0.177436646951458,0.5405405405405406,0.5405405405405406,0.5405405405405406,0.5405405405405406,0.5405405405405406,0.5405405405405406,20,17,20,17,74
high_low_ratio_0_9_0_5,high_is_2.6,0.19082633028648396,0.5352112676056339,0.5588235294117647,0.5135135135135135,0.5945945945945946,0.5540540540540541,0.5540540540540541,19,15,22,18,74
high_low_ratio_0_9_0_5,low_is_2.6,0.22940807988202339,0.5348837209302325,0.46938775510204084,0.6216216216216216,0.2972972972972973,0.4594594594594595,0.45945945945945943,23,26,11,14,74
high_low_ratio_0_9_0_5,low_is_2.6,0.21108870940293017,0.5301204819277109,0.4782608695652174,0.5945945945945946,0.35135135135135137,0.47297297297297297,0.472972972972973,22,24,13,15,74
high_low_ratio_0_9_0_5,low_is_2.6,0.24150485404730263,0.5287356321839081,0.46,0.6216216216216216,0.2702702702702703,0.44594594594594594,0.44594594594594594,23,27,10,14,74
high_low_ratio_0_9_0_5,high_is_2.6,0.18532818508481705,0.5277777777777778,0.5428571428571428,0.5135135135135135,0.5675675675675675,0.5405405405405406,0.5405405405405406,19,16,21,18,74
high_low_ratio_0_9_0_5,low_is_2.6,0.21377688145332613,0.5238095238095238,0.46808510638297873,0.5945945945945946,0.32432432432432434,0.4594594594594595,0.4594594594594595,22,25,12,15,74
high_low_ratio_0_9_0_5,high_is_2.6,0.17956377407328847,0.5205479452054794,0.5277777777777778,0.5135135135135135,0.5405405405405406,0.527027027027027,0.527027027027027,19,17,20,18,74
high_low_ratio_0_9_0_5,low_is_2.6,0.22043010725552087,0.5176470588235293,0.4583333333333333,0.5945945945945946,0.2972972972972973,0.44594594594594594,0.44594594594594594,22,26,11,15,74
high_low_ratio_0_9_0_5,high_is_2.6,0.19158823505669864,0.5142857142857143,0.5454545454545454,0.4864864864864865,0.5945945945945946,0.5405405405405406,0.5405405405405406,18,15,22,19,74
high_low_ratio_0_9_0_5,low_is_2.6,0.20960061416128845,0.5121951219512195,0.4666666666666667,0.5675675675675675,0.35135135135135137,0.4594594594594595,0.45945945945945943,21,24,13,16,74
high_low_ratio_0_9_0_5,high_is_2.6,0.20915750888559914,0.5074626865671642,0.5666666666666667,0.4594594594594595,0.6486486486486487,0.5540540540540541,0.5540540540540541,17,13,24,20,74
high_low_ratio_0_9_0_5,low_is_2.6,0.19970370344716046,0.5063291139240507,0.47619047619047616,0.5405405405405406,0.40540540540540543,0.47297297297297297,0.472972972972973,20,22,15,17,74
high_low_ratio_0_9_0_5,high_is_2.6,0.20809930782834993,0.5,0.5483870967741935,0.4594594594594595,0.6216216216216216,0.5405405405405406,0.5405405405405406,17,14,23,20,74
high_low_ratio_0_9_0_5,low_is_2.6,0.20809930782834993,0.5,0.46511627906976744,0.5405405405405406,0.3783783783783784,0.4594594594594595,0.4594594594594595,20,23,14,17,74
high_low_ratio_0_9_0_5,low_is_2.6,0.20915750888559914,0.49382716049382713,0.45454545454545453,0.5405405405405406,0.35135135135135137,0.44594594594594594,0.44594594594594594,20,24,13,17,74
high_low_ratio_0_9_0_5,high_is_2.6,0.19970370344716046,0.4927536231884059,0.53125,0.4594594594594595,0.5945945945945946,0.527027027027027,0.5270270270270271,17,15,22,20,74
high_low_ratio_0_9_0_5,low_is_2.6,0.19158823505669864,0.48717948717948717,0.4634146341463415,0.5135135135135135,0.40540540540540543,0.4594594594594595,0.45945945945945943,19,22,15,18,74
high_low_ratio_0_9_0_5,high_is_2.6,0.20960061416128845,0.48484848484848486,0.5517241379310345,0.43243243243243246,0.6486486486486487,0.5405405405405406,0.5405405405405406,16,13,24,21,74
high_low_ratio_0_9_0_5,low_is_2.6,0.17956377407328847,0.4799999999999999,0.47368421052631576,0.4864864864864865,0.4594594594594595,0.47297297297297297,0.472972972972973,18,20,17,19,74
high_low_ratio_0_9_0_5,high_is_2.6,0.22043010725552087,0.47619047619047616,0.5769230769230769,0.40540540540540543,0.7027027027027027,0.5540540540540541,0.5540540540540541,15,11,26,22,74
high_low_ratio_0_9_0_5,low_is_2.6,0.18532818508481705,0.47368421052631576,0.46153846153846156,0.4864864864864865,0.43243243243243246,0.4594594594594595,0.4594594594594595,18,21,16,19,74
high_low_ratio_0_9_0_5,high_is_2.6,0.21377688145332613,0.46875,0.5555555555555556,0.40540540540540543,0.6756756756756757,0.5405405405405406,0.5405405405405406,15,12,25,22,74
high_low_ratio_0_9_0_5,low_is_2.6,0.19082633028648396,0.4675324675324675,0.45,0.4864864864864865,0.40540540540540543,0.44594594594594594,0.44594594594594594,18,22,15,19,74
high_low_ratio_0_9_0_5,high_is_2.6,0.21108870940293017,0.46153846153846156,0.5357142857142857,0.40540540540540543,0.6486486486486487,0.527027027027027,0.5270270270270271,15,13,24,22,74
high_low_ratio_0_9_0_5,low_is_2.6,0.177436646951458,0.4594594594594595,0.4594594594594595,0.4594594594594595,0.4594594594594595,0.4594594594594595,0.4594594594594595,17,20,17,20,74
high_low_ratio_0_9_0_5,high_is_2.6,0.24150485404730263,0.45901639344262296,0.5833333333333334,0.3783783783783784,0.7297297297297297,0.5540540540540541,0.5540540540540541,14,10,27,23,74
high_low_ratio_0_9_0_5,high_is_2.6,0.22940807988202339,0.4516129032258065,0.56,0.3783783783783784,0.7027027027027027,0.5405405405405406,0.5405405405405406,14,11,26,23,74
high_low_ratio_0_9_0_5,low_is_2.6,0.1755918287294042,0.4383561643835616,0.4444444444444444,0.43243243243243246,0.4594594594594595,0.44594594594594594,0.44594594594594594,16,20,17,21,74
high_low_ratio_0_9_0_5,high_is_2.6,0.25520833298898654,0.43333333333333335,0.5652173913043478,0.35135135135135137,0.7297297297297297,0.5405405405405406,0.5405405405405406,13,10,27,24,74
high_low_ratio_0_9_0_5,low_is_2.6,0.1661589006386036,0.42857142857142855,0.45454545454545453,0.40540540540540543,0.5135135135135135,0.4594594594594595,0.45945945945945943,15,18,19,22,74
high_low_ratio_0_9_0_5,low_is_2.6,0.17134408580420035,0.4225352112676056,0.4411764705882353,0.40540540540540543,0.4864864864864865,0.44594594594594594,0.44594594594594594,15,19,18,22,74
high_low_ratio_0_9_0_5,low_is_2.6,0.17429553242750606,0.4166666666666667,0.42857142857142855,0.40540540540540543,0.4594594594594595,0.43243243243243246,0.43243243243243246,15,20,17,22,74
high_low_ratio_0_9_0_5,high_is_2.6,0.27583940091321757,0.4067796610169491,0.5454545454545454,0.32432432432432434,0.7297297297297297,0.527027027027027,0.527027027027027,12,10,27,25,74
high_low_ratio_0_9_0_5,low_is_2.6,0.16267806248632527,0.40579710144927533,0.4375,0.3783783783783784,0.5135135135135135,0.44594594594594594,0.44594594594594594,14,18,19,23,74
high_low_ratio_0_9_0_5,low_is_2.6,0.15120435102094698,0.393939393939394,0.4482758620689655,0.35135135135135137,0.5675675675675675,0.4594594594594595,0.45945945945945943,13,16,21,24,74
high_low_ratio_0_9_0_5,low_is_2.6,0.1589743587774644,0.3880597014925374,0.43333333333333335,0.35135135135135137,0.5405405405405406,0.44594594594594594,0.44594594594594594,13,17,20,24,74
high_low_ratio_0_9_0_5,high_is_2.6,0.31420560705081435,0.38596491228070173,0.55,0.2972972972972973,0.7567567567567568,0.527027027027027,0.5270270270270271,11,9,28,26,74
high_low_ratio_0_9_0_5,low_is_2.6,0.1623931621981518,0.38235294117647056,0.41935483870967744,0.35135135135135137,0.5135135135135135,0.43243243243243246,0.43243243243243246,13,18,19,24,74
high_low_ratio_0_9_0_5,high_is_2.6,0.299836675028112,0.37931034482758624,0.5238095238095238,0.2972972972972973,0.7297297297297297,0.5135135135135135,0.5135135135135135,11,10,27,26,74
high_low_ratio_0_9_0_5,low_is_2.6,0.14438717050223648,0.375,0.4444444444444444,0.32432432432432434,0.5945945945945946,0.4594594594594595,0.4594594594594595,12,15,22,25,74
high_low_ratio_0_9_0_5,low_is_2.6,0.145648795477984,0.3692307692307692,0.42857142857142855,0.32432432432432434,0.5675675675675675,0.44594594594594594,0.44594594594594594,12,16,21,25,74
high_low_ratio_0_9_0_5,low_is_2.6,0.12499999985408775,0.3666666666666667,0.4782608695652174,0.2972972972972973,0.6756756756756757,0.4864864864864865,0.4864864864864865,11,12,25,26,74
high_low_ratio_0_9_0_5,low_is_2.6,0.13092105247742508,0.36065573770491804,0.4583333333333333,0.2972972972972973,0.6486486486486487,0.47297297297297297,0.472972972972973,11,13,24,26,74
high_low_ratio_0_9_0_5,high_is_2.6,0.3207142852687871,0.35714285714285715,0.5263157894736842,0.2702702702702703,0.7567567567567568,0.5135135135135135,0.5135135135135136,10,9,28,27,74
high_low_ratio_0_9_0_5,low_is_2.6,0.13795747630902372,0.3548387096774193,0.44,0.2972972972972973,0.6216216216216216,0.4594594594594595,0.45945945945945943,11,14,23,26,74
high_low_ratio_0_9_0_5,low_is_2.6,0.14170137212462602,0.34920634920634924,0.4230769230769231,0.2972972972972973,0.5945945945945946,0.44594594594594594,0.44594594594594594,11,15,22,26,74
high_low_ratio_0_9_0_5,low_is_2.6,0.12060606046507182,0.3448275862068966,0.47619047619047616,0.2702702702702703,0.7027027027027027,0.4864864864864865,0.4864864864864865,10,11,26,27,74
high_low_ratio_0_9_0_5,low_is_2.6,0.12310606046240817,0.33898305084745767,0.45454545454545453,0.2702702702702703,0.6756756756756757,0.47297297297297297,0.47297297297297297,10,12,25,27,74
high_low_ratio_0_9_0_5,high_is_2.6,0.32397959138772914,0.3272727272727273,0.5,0.24324324324324326,0.7567567567567568,0.5,0.5,9,9,28,28,74
high_low_ratio_0_9_0_5,low_is_2.6,0.11789473670569751,0.3157894736842105,0.45,0.24324324324324326,0.7027027027027027,0.47297297297297297,0.472972972972973,9,11,26,28,74
high_low_ratio_0_9_0_5,high_is_2.6,0.3461352652002767,0.3076923076923077,0.5333333333333333,0.21621621621621623,0.8108108108108109,0.5135135135135135,0.5135135135135136,8,7,30,29,74
high_low_ratio_0_9_0_5,high_is_2.6,0.340643274363787,0.3018867924528302,0.5,0.21621621621621623,0.7837837837837838,0.5,0.5,8,8,29,29,74
high_low_ratio_0_9_0_5,high_is_2.6,0.33168635829145243,0.29629629629629634,0.47058823529411764,0.21621621621621623,0.7567567567567568,0.4864864864864865,0.4864864864864865,8,9,28,29,74
high_low_ratio_0_9_0_5,low_is_2.6,0.1118707702418627,0.29629629629629634,0.47058823529411764,0.21621621621621623,0.7567567567567568,0.4864864864864865,0.4864864864864865,8,9,28,29,74
high_low_ratio_0_9_0_5,low_is_2.6,0.11311300626365507,0.2909090909090909,0.4444444444444444,0.21621621621621623,0.7297297297297297,0.47297297297297297,0.47297297297297297,8,10,27,29,74
high_low_ratio_0_9_0_5,low_is_2.6,0.11503759385281588,0.28571428571428575,0.42105263157894735,0.21621621621621623,0.7027027027027027,0.4594594594594595,0.4594594594594595,8,11,26,29,74
high_low_ratio_0_9_0_5,high_is_2.6,0.3495887186361476,0.2745098039215686,0.5,0.1891891891891892,0.8108108108108109,0.5,0.5,7,7,30,30,74
high_low_ratio_0_9_0_5,low_is_2.6,0.10995467504536048,0.2641509433962264,0.4375,0.1891891891891892,0.7567567567567568,0.47297297297297297,0.472972972972973,7,9,28,30,74
high_low_ratio_0_9_0_5,high_is_2.6,0.3549209581692511,0.24,0.46153846153846156,0.16216216216216217,0.8108108108108109,0.4864864864864865,0.4864864864864865,6,7,30,31,74
high_low_ratio_0_9_0_5,low_is_2.6,0.10506346566344574,0.23529411764705885,0.42857142857142855,0.16216216216216217,0.7837837837837838,0.47297297297297297,0.47297297297297297,6,8,29,31,74
high_low_ratio_0_9_0_5,low_is_2.6,0.10703418638156824,0.23076923076923078,0.4,0.16216216216216217,0.7567567567567568,0.4594594594594595,0.4594594594594595,6,9,28,31,74
high_low_ratio_0_9_0_5,high_is_2.6,0.36439536710193554,0.20833333333333334,0.45454545454545453,0.13513513513513514,0.8378378378378378,0.4864864864864865,0.4864864864864865,5,6,31,32,74
high_low_ratio_0_9_0_5,high_is_2.6,0.3600963463241955,0.20408163265306126,0.4166666666666667,0.13513513513513514,0.8108108108108109,0.47297297297297297,0.472972972972973,5,7,30,32,74
high_low_ratio_0_9_0_5,low_is_2.6,0.09151861241712309,0.20408163265306126,0.4166666666666667,0.13513513513513514,0.8108108108108109,0.47297297297297297,0.472972972972973,5,7,30,32,74
high_low_ratio_0_9_0_5,low_is_2.6,0.0979166665529731,0.2,0.38461538461538464,0.13513513513513514,0.7837837837837838,0.4594594594594595,0.45945945945945943,5,8,29,32,74
high_low_ratio_0_9_0_5,high_is_2.6,0.41609808037639523,0.17777777777777778,0.5,0.10810810810810811,0.8918918918918919,0.5,0.5,4,4,33,33,74
high_low_ratio_0_9_0_5,high_is_2.6,0.3913533828675867,0.17391304347826086,0.4444444444444444,0.10810810810810811,0.8648648648648649,0.4864864864864865,0.4864864864864865,4,5,32,33,74
high_low_ratio_0_9_0_5,high_is_2.6,0.3677548295838984,0.1702127659574468,0.4,0.10810810810810811,0.8378378378378378,0.47297297297297297,0.47297297297297297,4,6,31,33,74
high_low_ratio_0_9_0_5,low_is_2.6,0.09113982454067107,0.16666666666666669,0.36363636363636365,0.10810810810810811,0.8108108108108109,0.4594594594594595,0.4594594594594595,4,7,30,33,74
high_low_ratio_0_9_0_5,high_is_2.6,0.42291088434106017,0.13953488372093023,0.5,0.08108108108108109,0.918918918918919,0.5,0.5,3,3,34,34,74
high_low_ratio_0_9_0_5,high_is_2.6,0.41910015076653045,0.13636363636363638,0.42857142857142855,0.08108108108108109,0.8918918918918919,0.4864864864864865,0.4864864864864865,3,4,33,34,74
high_low_ratio_0_9_0_5,low_is_2.6,0.08384762706102737,0.13333333333333333,0.375,0.08108108108108109,0.8648648648648649,0.47297297297297297,0.472972972972973,3,5,32,34,74
high_low_ratio_0_9_0_5,low_is_2.6,0.08876163196811487,0.13043478260869568,0.3333333333333333,0.08108108108108109,0.8378378378378378,0.4594594594594595,0.45945945945945943,3,6,31,34,74
high_low_ratio_0_9_0_5,low_is_2.6,0.09090909080611383,0.12765957446808512,0.3,0.08108108108108109,0.8108108108108109,0.44594594594594594,0.44594594594594594,3,7,30,34,74
high_low_ratio_0_9_0_5,low_is_2.6,0.07211580125595402,0.0975609756097561,0.5,0.05405405405405406,0.9459459459459459,0.5,0.5,2,2,35,35,74
high_low_ratio_0_9_0_5,high_is_2.6,0.44401595676344086,0.09523809523809523,0.4,0.05405405405405406,0.918918918918919,0.4864864864864865,0.4864864864864865,2,3,34,35,74
high_low_ratio_0_9_0_5,low_is_2.6,0.07333466087693888,0.09523809523809523,0.4,0.05405405405405406,0.918918918918919,0.4864864864864865,0.4864864864864865,2,3,34,35,74
high_low_ratio_0_9_0_5,low_is_2.6,0.07512111704491503,0.09302325581395349,0.3333333333333333,0.05405405405405406,0.8918918918918919,0.47297297297297297,0.47297297297297297,2,4,33,35,74
high_low_ratio_0_9_0_5,low_is_2.6,0.07847157493678251,0.09090909090909091,0.2857142857142857,0.05405405405405406,0.8648648648648649,0.4594594594594595,0.4594594594594595,2,5,32,35,74
high_low_ratio_0_9_0_5,high_is_2.6,0.5803571418655333,0.052631578947368425,1.0,0.02702702702702703,1.0,0.5135135135135135,0.5135135135135135,1,0,37,36,74
high_low_ratio_0_9_0_5,high_is_2.6,0.6249999989160157,0.052631578947368425,1.0,0.02702702702702703,1.0,0.5135135135135135,0.5135135135135135,1,0,37,36,74
high_low_ratio_0_9_0_5,low_is_2.6,0.025210084007344112,0.052631578947368425,1.0,0.02702702702702703,1.0,0.5135135135135135,0.5135135135135135,1,0,37,36,74
high_low_ratio_0_9_0_5,low_is_2.6,0.03593837531149428,0.052631578947368425,1.0,0.02702702702702703,1.0,0.5135135135135135,0.5135135135135135,1,0,37,36,74
high_low_ratio_0_9_0_5,high_is_2.6,0.5125379930757012,0.05128205128205129,0.5,0.02702702702702703,0.972972972972973,0.5,0.5,1,1,36,36,74
high_low_ratio_0_9_0_5,low_is_2.6,0.054406779601447935,0.05128205128205129,0.5,0.02702702702702703,0.972972972972973,0.5,0.5,1,1,36,36,74
high_low_ratio_0_9_0_5,high_is_2.6,0.48792409350710914,0.05,0.3333333333333333,0.02702702702702703,0.9459459459459459,0.4864864864864865,0.4864864864864865,1,2,35,36,74
high_low_ratio_0_9_0_5,low_is_2.6,0.06704466927639058,0.05,0.3333333333333333,0.02702702702702703,0.9459459459459459,0.4864864864864865,0.4864864864864865,1,2,35,36,74
high_low_ratio_0_9_0_5,high_is_2.6,0.4744932424747148,0.04878048780487805,0.25,0.02702702702702703,0.918918918918919,0.47297297297297297,0.472972972972973,1,3,34,36,74
high_score_rate_0_1,high_is_2.6,0.1723526630948629,0.6874999999999999,0.559322033898305,0.8918918918918919,0.2972972972972973,0.5945945945945946,0.5945945945945946,33,26,11,4,74
high_score_rate_0_1,high_is_2.6,0.18459837877671334,0.6808510638297872,0.5614035087719298,0.8648648648648649,0.32432432432432434,0.5945945945945946,0.5945945945945946,32,25,12,5,74
high_score_rate_0_1,high_is_2.6,0.16766917293233083,0.6804123711340206,0.55,0.8918918918918919,0.2702702702702703,0.581081081081081,0.5810810810810811,33,27,10,4,74
high_score_rate_0_1,high_is_2.6,0.1602481814291827,0.68,0.5396825396825397,0.918918918918919,0.21621621621621623,0.5675675675675675,0.5675675675675675,34,29,8,3,74
high_score_rate_0_1,high_is_2.6,0.18854252119223408,0.6739130434782609,0.5636363636363636,0.8378378378378378,0.35135135135135137,0.5945945945945946,0.5945945945945946,31,24,13,6,74
high_score_rate_0_1,high_is_2.6,0.17722182753137794,0.6736842105263158,0.5517241379310345,0.8648648648648649,0.2972972972972973,0.581081081081081,0.5810810810810811,32,26,11,5,74
high_score_rate_0_1,high_is_2.6,0.1634436701509872,0.673469387755102,0.5409836065573771,0.8918918918918919,0.24324324324324326,0.5675675675675675,0.5675675675675675,33,28,9,4,74
high_score_rate_0_1,high_is_2.6,0.15587044534412955,0.6732673267326733,0.53125,0.918918918918919,0.1891891891891892,0.5540540540540541,0.5540540540540541,34,30,7,3,74
high_score_rate_0_1,high_is_2.6,0.19276279581728123,0.6666666666666667,0.5660377358490566,0.8108108108108109,0.3783783783783784,0.5945945945945946,0.5945945945945946,30,23,14,7,74
high_score_rate_0_1,high_is_2.6,0.15239477503628446,0.6666666666666666,0.5230769230769231,0.918918918918919,0.16216216216216217,0.5405405405405406,0.5405405405405406,34,31,6,3,74
high_score_rate_0_1,low_is_2.6,0.4821597913703177,0.6666666666666666,0.5070422535211268,0.972972972972973,0.05405405405405406,0.5135135135135135,0.5135135135135136,36,35,2,1,74
high_score_rate_0_1,high_is_2.6,0.056451612903225805,0.6666666666666666,0.5,1.0,0.0,0.5,0.5,37,37,0,0,74
high_score_rate_0_1,low_is_2.6,0.5131578947368421,0.6666666666666666,0.5,1.0,0.0,0.5,0.5,37,37,0,0,74
high_score_rate_0_1,low_is_2.6,0.49545357295678216,0.6605504587155964,0.5,0.972972972972973,0.02702702702702703,0.5,0.5,36,36,1,1,74
high_score_rate_0_1,high_is_2.6,0.14068908941755537,0.6601941747572816,0.5151515151515151,0.918918918918919,0.13513513513513514,0.527027027027027,0.5270270270270271,34,32,5,3,74
high_score_rate_0_1,low_is_2.6,0.44322925363165805,0.6601941747572816,0.5151515151515151,0.918918918918919,0.13513513513513514,0.527027027027027,0.5270270270270271,34,32,5,3,74
high_score_rate_0_1,high_is_2.6,0.18927633150226894,0.6593406593406594,0.5555555555555556,0.8108108108108109,0.35135135135135137,0.581081081081081,0.5810810810810811,30,24,13,7,74
high_score_rate_0_1,high_is_2.6,0.07822580645161291,0.6545454545454545,0.4931506849315068,0.972972972972973,0.0,0.4864864864864865,0.4864864864864865,36,37,0,1,74
high_score_rate_0_1,low_is_2.6,0.5086114676936243,0.6545454545454545,0.4931506849315068,0.972972972972973,0.0,0.4864864864864865,0.4864864864864865,36,37,0,1,74
high_score_rate_0_1,high_is_2.6,0.11755985679122846,0.6542056074766355,0.5,0.9459459459459459,0.05405405405405406,0.5,0.5,35,35,2,2,74
high_score_rate_0_1,low_is_2.6,0.46889746889746886,0.6542056074766355,0.5,0.9459459459459459,0.05405405405405406,0.5,0.5,35,35,2,2,74
high_score_rate_0_1,high_is_2.6,0.1295448766844648,0.6538461538461539,0.5074626865671642,0.918918918918919,0.10810810810810811,0.5135135135135135,0.5135135135135136,34,33,4,3,74
high_score_rate_0_1,low_is_2.6,0.4532669461914745,0.6538461538461539,0.5074626865671642,0.918918918918919,0.10810810810810811,0.5135135135135135,0.5135135135135136,34,33,4,3,74
high_score_rate_0_1,low_is_2.6,0.41272650653181625,0.6534653465346535,0.515625,0.8918918918918919,0.16216216216216217,0.527027027027027,0.527027027027027,33,31,6,4,74
high_score_rate_0_1,low_is_2.6,0.3550649886527749,0.6526315789473685,0.5344827586206896,0.8378378378378378,0.2702702702702703,0.5540540540540541,0.5540540540540541,31,27,10,6,74
high_score_rate_0_1,high_is_2.6,0.19870327993897788,0.651685393258427,0.5576923076923077,0.7837837837837838,0.3783783783783784,0.581081081081081,0.5810810810810811,29,23,14,8,74
high_score_rate_0_1,high_is_2.6,0.11462786019612774,0.6481481481481483,0.49295774647887325,0.9459459459459459,0.02702702702702703,0.4864864864864865,0.4864864864864865,35,36,1,2,74
high_score_rate_0_1,high_is_2.6,0.12407591305307293,0.6476190476190476,0.5,0.918918918918919,0.08108108108108109,0.5,0.5,34,34,3,3,74
high_score_rate_0_1,low_is_2.6,0.455575256107171,0.6476190476190476,0.5,0.918918918918919,0.08108108108108109,0.5,0.5,34,34,3,3,74
high_score_rate_0_1,low_is_2.6,0.4247787610619469,0.6470588235294117,0.5076923076923077,0.8918918918918919,0.13513513513513514,0.5135135135135135,0.5135135135135135,33,32,5,4,74
high_score_rate_0_1,low_is_2.6,0.3645744981622844,0.6458333333333334,0.5254237288135594,0.8378378378378378,0.24324324324324326,0.5405405405405406,0.5405405405405406,31,28,9,6,74
high_score_rate_0_1,high_is_2.6,0.10670103092783506,0.6422018348623854,0.4861111111111111,0.9459459459459459,0.0,0.47297297297297297,0.47297297297297297,35,37,0,2,74
high_score_rate_0_1,high_is_2.6,0.11938145519589176,0.6415094339622641,0.4927536231884058,0.918918918918919,0.05405405405405406,0.4864864864864865,0.4864864864864865,34,35,2,3,74
high_score_rate_0_1,low_is_2.6,0.4588821344140493,0.6415094339622641,0.4927536231884058,0.918918918918919,0.05405405405405406,0.4864864864864865,0.4864864864864865,34,35,2,3,74
high_score_rate_0_1,low_is_2.6,0.3962512664640324,0.64,0.5079365079365079,0.8648648648648649,0.16216216216216217,0.5135135135135135,0.5135135135135136,32,31,6,5,74
high_score_rate_0_1,low_is_2.6,0.3726851851851852,0.6391752577319588,0.5166666666666667,0.8378378378378378,0.21621621621621623,0.527027027027027,0.527027027027027,31,29,8,6,74
high_score_rate_0_1,low_is_2.6,0.3510488100040339,0.6382978723404256,0.5263157894736842,0.8108108108108109,0.2702702702702703,0.5405405405405406,0.5405405405405406,30,27,10,7,74
high_score_rate_0_1,high_is_2.6,0.20188729399255714,0.6363636363636364,0.5490196078431373,0.7567567567567568,0.3783783783783784,0.5675675675675675,0.5675675675675675,28,23,14,9,74
high_score_rate_0_1,low_is_2.6,0.3781474820143885,0.6326530612244898,0.5081967213114754,0.8378378378378378,0.1891891891891892,0.5135135135135135,0.5135135135135135,31,30,7,6,74
high_score_rate_0_1,low_is_2.6,0.38213684371651613,0.6262626262626263,0.5,0.8378378378378378,0.16216216216216217,0.5,0.5,31,31,6,6,74
high_score_rate_0_1,low_is_2.6,0.34961555857078247,0.6236559139784947,0.5178571428571429,0.7837837837837838,0.2702702702702703,0.527027027027027,0.527027027027027,29,27,10,8,74
high_score_rate_0_1,high_is_2.6,0.2046137046137046,0.6206896551724138,0.54,0.7297297297297297,0.3783783783783784,0.5540540540540541,0.5540540540540541,27,23,14,10,74
high_score_rate_0_1,high_is_2.6,0.21066433566433568,0.611764705882353,0.5416666666666666,0.7027027027027027,0.40540540540540543,0.5540540540540541,0.5540540540540541,26,22,15,11,74
high_score_rate_0_1,low_is_2.6,0.34599814943326396,0.608695652173913,0.509090909090909,0.7567567567567568,0.2702702702702703,0.5135135135135135,0.5135135135135136,28,27,10,9,74
high_score_rate_0_1,high_is_2.6,0.2084987084987085,0.6046511627906977,0.5306122448979592,0.7027027027027027,0.3783783783783784,0.5405405405405406,0.5405405405405406,26,23,14,11,74
high_score_rate_0_1,high_is_2.6,0.2188988512188288,0.6024096385542168,0.5434782608695652,0.6756756756756757,0.43243243243243246,0.5540540540540541,0.5540540540540541,25,21,16,12,74
high_score_rate_0_1,high_is_2.6,0.2142029657089898,0.5952380952380952,0.5319148936170213,0.6756756756756757,0.40540540540540543,0.5405405405405406,0.5405405405405406,25,22,15,12,74
high_score_rate_0_1,low_is_2.6,0.34344247217879154,0.5934065934065933,0.5,0.7297297297297297,0.2702702702702703,0.5,0.5,27,27,10,10,74
high_score_rate_0_1,high_is_2.6,0.22264460345855697,0.5853658536585367,0.5333333333333333,0.6486486486486487,0.43243243243243246,0.5405405405405406,0.5405405405405406,24,21,16,13,74
high_score_rate_0_1,low_is_2.6,0.34117827241168064,0.5777777777777777,0.49056603773584906,0.7027027027027027,0.2702702702702703,0.4864864864864865,0.4864864864864865,26,27,10,11,74
high_score_rate_0_1,high_is_2.6,0.23269130661114001,0.575,0.5348837209302325,0.6216216216216216,0.4594594594594595,0.5405405405405406,0.5405405405405406,23,20,17,14,74
high_score_rate_0_1,low_is_2.6,0.33307658450704225,0.5681818181818181,0.49019607843137253,0.6756756756756757,0.2972972972972973,0.4864864864864865,0.4864864864864865,25,26,11,12,74
high_score_rate_0_1,high_is_2.6,0.2272237349670978,0.5679012345679012,0.5227272727272727,0.6216216216216216,0.43243243243243246,0.527027027027027,0.527027027027027,23,21,16,14,74
high_score_rate_0_1,low_is_2.6,0.33850560993077106,0.5617977528089887,0.4807692307692308,0.6756756756756757,0.2702702702702703,0.47297297297297297,0.47297297297297297,25,27,10,12,74
high_score_rate_0_1,high_is_2.6,0.23562458691341703,0.5569620253164557,0.5238095238095238,0.5945945945945946,0.4594594594594595,0.527027027027027,0.5270270270270271,22,20,17,15,74
high_score_rate_0_1,low_is_2.6,0.29345715491768676,0.5569620253164557,0.5238095238095238,0.5945945945945946,0.4594594594594595,0.527027027027027,0.5270270270270271,22,20,17,15,74
high_score_rate_0_1,low_is_2.6,0.31318430656934304,0.5542168674698795,0.5,0.6216216216216216,0.3783783783783784,0.5,0.5,23,23,14,14,74
high_score_rate_0_1,low_is_2.6,0.32710597826086957,0.5517241379310345,0.48,0.6486486486486487,0.2972972972972973,0.47297297297297297,0.472972972972973,24,26,11,13,74
high_score_rate_0_1,low_is_2.6,0.29782608695652174,0.55,0.5116279069767442,0.5945945945945946,0.43243243243243246,0.5135135135135135,0.5135135135135136,22,21,16,15,74
high_score_rate_0_1,low_is_2.6,0.31505396468900115,0.5476190476190476,0.48936170212765956,0.6216216216216216,0.35135135135135137,0.4864864864864865,0.4864864864864865,23,24,13,14,74
high_score_rate_0_1,high_is_2.6,0.24630337709564426,0.5454545454545455,0.525,0.5675675675675675,0.4864864864864865,0.527027027027027,0.527027027027027,21,19,18,16,74
high_score_rate_0_1,low_is_2.6,0.3038461538461539,0.5432098765432098,0.5,0.5945945945945946,0.40540540540540543,0.5,0.5,22,22,15,15,74
high_score_rate_0_1,low_is_2.6,0.32104100643426486,0.5411764705882353,0.4791666666666667,0.6216216216216216,0.32432432432432434,0.47297297297297297,0.47297297297297297,23,25,12,14,74
high_score_rate_0_1,high_is_2.6,0.23878289721740442,0.5384615384615384,0.5121951219512195,0.5675675675675675,0.4594594594594595,0.5135135135135135,0.5135135135135135,21,20,17,16,74
high_score_rate_0_1,low_is_2.6,0.2789644012944984,0.5384615384615384,0.5121951219512195,0.5675675675675675,0.4594594594594595,0.5135135135135135,0.5135135135135135,21,20,17,16,74
high_score_rate_0_1,low_is_2.6,0.31009615384615385,0.5365853658536586,0.4888888888888889,0.5945945945945946,0.3783783783783784,0.4864864864864865,0.4864864864864865,22,23,14,15,74
high_score_rate_0_1,low_is_2.6,0.3259648265754763,0.5348837209302325,0.46938775510204084,0.6216216216216216,0.2972972972972973,0.4594594594594595,0.45945945945945943,23,26,11,14,74
high_score_rate_0_1,high_is_2.6,0.25166623226719287,0.5263157894736842,0.5128205128205128,0.5405405405405406,0.4864864864864865,0.5135135135135135,0.5135135135135136,20,19,18,17,74
high_score_rate_0_1,low_is_2.6,0.2649122807017544,0.5194805194805195,0.5,0.5405405405405406,0.4594594594594595,0.5,0.5,20,20,17,17,74
high_score_rate_0_1,high_is_2.6,0.25896497212746483,0.5135135135135135,0.5135135135135135,0.5135135135135135,0.5135135135135135,0.5135135135135135,0.5135135135135135,19,18,19,18,74
high_score_rate_0_1,high_is_2.6,0.2548810955861941,0.5066666666666666,0.5,0.5135135135135135,0.4864864864864865,0.5,0.5,19,19,18,18,74
high_score_rate_0_1,low_is_2.6,0.2618310482087572,0.5066666666666666,0.5,0.5135135135135135,0.4864864864864865,0.5,0.5,19,19,18,18,74
high_score_rate_0_1,high_is_2.6,0.2618310482087572,0.4931506849315069,0.5,0.4864864864864865,0.5135135135135135,0.5,0.5,18,18,19,19,74
high_score_rate_0_1,low_is_2.6,0.2548810955861941,0.4931506849315069,0.5,0.4864864864864865,0.5135135135135135,0.5,0.5,18,18,19,19,74
high_score_rate_0_1,low_is_2.6,0.25896497212746483,0.4864864864864865,0.4864864864864865,0.4864864864864865,0.4864864864864865,0.4864864864864865,0.4864864864864865,18,19,18,19,74
high_score_rate_0_1,high_is_2.6,0.2649122807017544,0.47887323943661975,0.5,0.4594594594594595,0.5405405405405406,0.5,0.5,17,17,20,20,74
high_score_rate_0_1,low_is_2.6,0.25166623226719287,0.47222222222222227,0.4857142857142857,0.4594594594594595,0.5135135135135135,0.4864864864864865,0.4864864864864865,17,18,19,20,74
high_score_rate_0_1,high_is_2.6,0.2789644012944984,0.45714285714285713,0.48484848484848486,0.43243243243243246,0.5405405405405406,0.4864864864864865,0.4864864864864865,16,17,20,21,74
high_score_rate_0_1,low_is_2.6,0.23878289721740442,0.45714285714285713,0.48484848484848486,0.43243243243243246,0.5405405405405406,0.4864864864864865,0.4864864864864865,16,17,20,21,74
high_score_rate_0_1,high_is_2.6,0.31009615384615385,0.4545454545454546,0.5172413793103449,0.40540540540540543,0.6216216216216216,0.5135135135135135,0.5135135135135135,15,14,23,22,74
high_score_rate_0_1,high_is_2.6,0.3259648265754763,0.4516129032258065,0.56,0.3783783783783784,0.7027027027027027,0.5405405405405406,0.5405405405405406,14,11,26,23,74
high_score_rate_0_1,low_is_2.6,0.24630337709564426,0.4507042253521127,0.47058823529411764,0.43243243243243246,0.5135135135135135,0.47297297297297297,0.47297297297297297,16,18,19,21,74
high_score_rate_0_1,high_is_2.6,0.3038461538461539,0.4477611940298507,0.5,0.40540540540540543,0.5945945945945946,0.5,0.5,15,15,22,22,74
high_score_rate_0_1,high_is_2.6,0.32104100643426486,0.4444444444444445,0.5384615384615384,0.3783783783783784,0.6756756756756757,0.527027027027027,0.527027027027027,14,12,25,23,74
high_score_rate_0_1,high_is_2.6,0.29782608695652174,0.4411764705882353,0.4838709677419355,0.40540540540540543,0.5675675675675675,0.4864864864864865,0.4864864864864865,15,16,21,22,74
high_score_rate_0_1,high_is_2.6,0.31505396468900115,0.4375,0.5185185185185185,0.3783783783783784,0.6486486486486487,0.5135135135135135,0.5135135135135136,14,13,24,23,74
high_score_rate_0_1,high_is_2.6,0.29345715491768676,0.43478260869565216,0.46875,0.40540540540540543,0.5405405405405406,0.47297297297297297,0.472972972972973,15,17,20,22,74
high_score_rate_0_1,low_is_2.6,0.23562458691341703,0.43478260869565216,0.46875,0.40540540540540543,0.5405405405405406,0.47297297297297297,0.472972972972973,15,17,20,22,74
high_score_rate_0_1,high_is_2.6,0.31318430656934304,0.4307692307692308,0.5,0.3783783783783784,0.6216216216216216,0.5,0.5,14,14,23,23,74
high_score_rate_0_1,high_is_2.6,0.32710597826086957,0.4262295081967213,0.5416666666666666,0.35135135135135137,0.7027027027027027,0.527027027027027,0.5270270270270271,13,11,26,24,74
high_score_rate_0_1,low_is_2.6,0.2272237349670978,0.417910447761194,0.4666666666666667,0.3783783783783784,0.5675675675675675,0.47297297297297297,0.47297297297297297,14,16,21,23,74
high_score_rate_0_1,low_is_2.6,0.23269130661114001,0.411764705882353,0.45161290322580644,0.3783783783783784,0.5405405405405406,0.4594594594594595,0.4594594594594595,14,17,20,23,74
high_score_rate_0_1,high_is_2.6,0.33850560993077106,0.4067796610169491,0.5454545454545454,0.32432432432432434,0.7297297297297297,0.527027027027027,0.527027027027027,12,10,27,25,74
high_score_rate_0_1,high_is_2.6,0.33307658450704225,0.4,0.5217391304347826,0.32432432432432434,0.7027027027027027,0.5135135135135135,0.5135135135135136,12,11,26,25,74
high_score_rate_0_1,low_is_2.6,0.22264460345855697,0.393939393939394,0.4482758620689655,0.35135135135135137,0.5675675675675675,0.4594594594594595,0.45945945945945943,13,16,21,24,74
high_score_rate_0_1,high_is_2.6,0.34117827241168064,0.37931034482758624,0.5238095238095238,0.2972972972972973,0.7297297297297297,0.5135135135135135,0.5135135135135135,11,10,27,26,74
high_score_rate_0_1,low_is_2.6,0.2142029657089898,0.375,0.4444444444444444,0.32432432432432434,0.5945945945945946,0.4594594594594595,0.4594594594594595,12,15,22,25,74
high_score_rate_0_1,low_is_2.6,0.2188988512188288,0.3692307692307692,0.42857142857142855,0.32432432432432434,0.5675675675675675,0.44594594594594594,0.44594594594594594,12,16,21,25,74
high_score_rate_0_1,low_is_2.6,0.2084987084987085,0.3548387096774193,0.44,0.2972972972972973,0.6216216216216216,0.4594594594594595,0.45945945945945943,11,14,23,26,74
high_score_rate_0_1,high_is_2.6,0.34344247217879154,0.3508771929824562,0.5,0.2702702702702703,0.7297297297297297,0.5,0.5,10,10,27,27,74
high_score_rate_0_1,low_is_2.6,0.21066433566433568,0.34920634920634924,0.4230769230769231,0.2972972972972973,0.5945945945945946,0.44594594594594594,0.44594594594594594,11,15,22,26,74
high_score_rate_0_1,low_is_2.6,0.2046137046137046,0.3278688524590164,0.4166666666666667,0.2702702702702703,0.6216216216216216,0.44594594594594594,0.44594594594594594,10,14,23,27,74
high_score_rate_0_1,high_is_2.6,0.34599814943326396,0.3214285714285714,0.47368421052631576,0.24324324324324326,0.7297297297297297,0.4864864864864865,0.4864864864864865,9,10,27,28,74
high_score_rate_0_1,low_is_2.6,0.20188729399255714,0.30000000000000004,0.391304347826087,0.24324324324324326,0.6216216216216216,0.43243243243243246,0.43243243243243246,9,14,23,28,74
high_score_rate_0_1,high_is_2.6,0.34961555857078247,0.2909090909090909,0.4444444444444444,0.21621621621621623,0.7297297297297297,0.47297297297297297,0.47297297297297297,8,10,27,29,74
high_score_rate_0_1,low_is_2.6,0.19870327993897788,0.27118644067796616,0.36363636363636365,0.21621621621621623,0.6216216216216216,0.4189189189189189,0.4189189189189189,8,14,23,29,74
high_score_rate_0_1,high_is_2.6,0.3510488100040339,0.2592592592592593,0.4117647058823529,0.1891891891891892,0.7297297297297297,0.4594594594594595,0.45945945945945943,7,10,27,30,74
high_score_rate_0_1,low_is_2.6,0.18927633150226894,0.24561403508771934,0.35,0.1891891891891892,0.6486486486486487,0.4189189189189189,0.41891891891891897,7,13,24,30,74
high_score_rate_0_1,high_is_2.6,0.38213684371651613,0.2448979591836735,0.5,0.16216216216216217,0.8378378378378378,0.5,0.5,6,6,31,31,74
high_score_rate_0_1,low_is_2.6,0.19276279581728123,0.24137931034482757,0.3333333333333333,0.1891891891891892,0.6216216216216216,0.40540540540540543,0.4054054054054054,7,14,23,30,74
high_score_rate_0_1,high_is_2.6,0.3781474820143885,0.24,0.46153846153846156,0.16216216216216217,0.8108108108108109,0.4864864864864865,0.4864864864864865,6,7,30,31,74
high_score_rate_0_1,high_is_2.6,0.3726851851851852,0.23529411764705885,0.42857142857142855,0.16216216216216217,0.7837837837837838,0.47297297297297297,0.47297297297297297,6,8,29,31,74
high_score_rate_0_1,high_is_2.6,0.3645744981622844,0.23076923076923078,0.4,0.16216216216216217,0.7567567567567568,0.4594594594594595,0.4594594594594595,6,9,28,31,74
high_score_rate_0_1,high_is_2.6,0.3550649886527749,0.22641509433962265,0.375,0.16216216216216217,0.7297297297297297,0.44594594594594594,0.44594594594594594,6,10,27,31,74
high_score_rate_0_1,low_is_2.6,0.18854252119223408,0.21428571428571427,0.3157894736842105,0.16216216216216217,0.6486486486486487,0.40540540540540543,0.40540540540540543,6,13,24,31,74
high_score_rate_0_1,high_is_2.6,0.3962512664640324,0.20833333333333334,0.45454545454545453,0.13513513513513514,0.8378378378378378,0.4864864864864865,0.4864864864864865,5,6,31,32,74
high_score_rate_0_1,low_is_2.6,0.17722182753137794,0.18867924528301885,0.3125,0.13513513513513514,0.7027027027027027,0.4189189189189189,0.41891891891891897,5,11,26,32,74
high_score_rate_0_1,low_is_2.6,0.18459837877671334,0.18518518518518517,0.29411764705882354,0.13513513513513514,0.6756756756756757,0.40540540540540543,0.4054054054054054,5,12,25,32,74
high_score_rate_0_1,high_is_2.6,0.4247787610619469,0.17391304347826086,0.4444444444444444,0.10810810810810811,0.8648648648648649,0.4864864864864865,0.4864864864864865,4,5,32,33,74
high_score_rate_0_1,high_is_2.6,0.41272650653181625,0.1702127659574468,0.4,0.10810810810810811,0.8378378378378378,0.47297297297297297,0.47297297297297297,4,6,31,33,74
high_score_rate_0_1,low_is_2.6,0.1634436701509872,0.16,0.3076923076923077,0.10810810810810811,0.7567567567567568,0.43243243243243246,0.43243243243243246,4,9,28,33,74
high_score_rate_0_1,low_is_2.6,0.16766917293233083,0.1568627450980392,0.2857142857142857,0.10810810810810811,0.7297297297297297,0.4189189189189189,0.4189189189189189,4,10,27,33,74
high_score_rate_0_1,low_is_2.6,0.1723526630948629,0.15384615384615385,0.26666666666666666,0.10810810810810811,0.7027027027027027,0.40540540540540543,0.40540540540540543,4,11,26,33,74
high_score_rate_0_1,high_is_2.6,0.4588821344140493,0.14285714285714288,0.6,0.08108108108108109,0.9459459459459459,0.5135135135135135,0.5135135135135135,3,2,35,34,74
high_score_rate_0_1,low_is_2.6,0.11938145519589176,0.14285714285714288,0.6,0.08108108108108109,0.9459459459459459,0.5135135135135135,0.5135135135135135,3,2,35,34,74
high_score_rate_0_1,high_is_2.6,0.455575256107171,0.13953488372093023,0.5,0.08108108108108109,0.918918918918919,0.5,0.5,3,3,34,34,74
high_score_rate_0_1,low_is_2.6,0.12407591305307293,0.13953488372093023,0.5,0.08108108108108109,0.918918918918919,0.5,0.5,3,3,34,34,74
high_score_rate_0_1,high_is_2.6,0.4532669461914745,0.13636363636363638,0.42857142857142855,0.08108108108108109,0.8918918918918919,0.4864864864864865,0.4864864864864865,3,4,33,34,74
high_score_rate_0_1,low_is_2.6,0.1295448766844648,0.13636363636363638,0.42857142857142855,0.08108108108108109,0.8918918918918919,0.4864864864864865,0.4864864864864865,3,4,33,34,74
high_score_rate_0_1,high_is_2.6,0.44322925363165805,0.13333333333333333,0.375,0.08108108108108109,0.8648648648648649,0.47297297297297297,0.472972972972973,3,5,32,34,74
high_score_rate_0_1,low_is_2.6,0.14068908941755537,0.13333333333333333,0.375,0.08108108108108109,0.8648648648648649,0.47297297297297297,0.472972972972973,3,5,32,34,74
high_score_rate_0_1,low_is_2.6,0.15239477503628446,0.13043478260869568,0.3333333333333333,0.08108108108108109,0.8378378378378378,0.4594594594594595,0.45945945945945943,3,6,31,34,74
high_score_rate_0_1,low_is_2.6,0.15587044534412955,0.12765957446808512,0.3,0.08108108108108109,0.8108108108108109,0.44594594594594594,0.44594594594594594,3,7,30,34,74
high_score_rate_0_1,low_is_2.6,0.1602481814291827,0.125,0.2727272727272727,0.08108108108108109,0.7837837837837838,0.43243243243243246,0.43243243243243246,3,8,29,34,74
high_score_rate_0_1,low_is_2.6,0.10670103092783506,0.10256410256410257,1.0,0.05405405405405406,1.0,0.527027027027027,0.527027027027027,2,0,37,35,74
high_score_rate_0_1,low_is_2.6,0.11462786019612774,0.1,0.6666666666666666,0.05405405405405406,0.972972972972973,0.5135135135135135,0.5135135135135136,2,1,36,35,74
high_score_rate_0_1,high_is_2.6,0.46889746889746886,0.0975609756097561,0.5,0.05405405405405406,0.9459459459459459,0.5,0.5,2,2,35,35,74
high_score_rate_0_1,low_is_2.6,0.11755985679122846,0.0975609756097561,0.5,0.05405405405405406,0.9459459459459459,0.5,0.5,2,2,35,35,74
high_score_rate_0_1,high_is_2.6,0.5086114676936243,0.052631578947368425,1.0,0.02702702702702703,1.0,0.5135135135135135,0.5135135135135135,1,0,37,36,74
high_score_rate_0_1,high_is_2.6,0.5131578947368421,0.052631578947368425,1.0,0.02702702702702703,1.0,0.5135135135135135,0.5135135135135135,1,0,37,36,74
high_score_rate_0_1,low_is_2.6,0.056451612903225805,0.052631578947368425,1.0,0.02702702702702703,1.0,0.5135135135135135,0.5135135135135135,1,0,37,36,74
high_score_rate_0_1,low_is_2.6,0.07822580645161291,0.052631578947368425,1.0,0.02702702702702703,1.0,0.5135135135135135,0.5135135135135135,1,0,37,36,74
high_score_rate_0_1,high_is_2.6,0.49545357295678216,0.05128205128205129,0.5,0.02702702702702703,0.972972972972973,0.5,0.5,1,1,36,36,74
high_score_rate_0_1,high_is_2.6,0.4821597913703177,0.05,0.3333333333333333,0.02702702702702703,0.9459459459459459,0.4864864864864865,0.4864864864864865,1,2,35,36,74
high_score_rate_0_2,high_is_2.6,0.1550800837349691,0.673469387755102,0.5409836065573771,0.8918918918918919,0.24324324324324326,0.5675675675675675,0.5675675675675675,33,28,9,4,74
high_score_rate_0_2,high_is_2.6,0.11811255968667847,0.673076923076923,0.5223880597014925,0.9459459459459459,0.13513513513513514,0.5405405405405406,0.5405405405405406,35,32,5,2,74
high_score_rate_0_2,low_is_2.6,0.46099758294880244,0.6727272727272727,0.5068493150684932,1.0,0.02702702702702703,0.5135135135135135,0.5135135135135135,37,36,1,0,74
high_score_rate_0_2,high_is_2.6,0.15270747047093114,0.6666666666666666,0.532258064516129,0.8918918918918919,0.21621621621621623,0.5540540540540541,0.5540540540540541,33,29,8,4,74
high_score_rate_0_2,low_is_2.6,0.4419381787802841,0.6666666666666666,0.5070422535211268,0.972972972972973,0.05405405405405406,0.5135135135135135,0.5135135135135136,36,35,2,1,74
high_score_rate_0_2,high_is_2.6,0.04838709677419355,0.6666666666666666,0.5,1.0,0.0,0.5,0.5,37,37,0,0,74
high_score_rate_0_2,low_is_2.6,0.4715447154471545,0.6666666666666666,0.5,1.0,0.0,0.5,0.5,37,37,0,0,74
high_score_rate_0_2,high_is_2.6,0.11508330574864835,0.6666666666666665,0.5147058823529411,0.9459459459459459,0.10810810810810811,0.527027027027027,0.527027027027027,35,33,4,2,74
high_score_rate_0_2,low_is_2.6,0.41691033138401556,0.6666666666666665,0.5147058823529411,0.9459459459459459,0.10810810810810811,0.527027027027027,0.527027027027027,35,33,4,2,74
high_score_rate_0_2,low_is_2.6,0.448909435751541,0.6605504587155964,0.5,0.972972972972973,0.02702702702702703,0.5,0.5,36,36,1,1,74
high_score_rate_0_2,high_is_2.6,0.11095159967186219,0.660377358490566,0.5072463768115942,0.9459459459459459,0.08108108108108109,0.5135135135135135,0.5135135135135135,35,34,3,2,74
high_score_rate_0_2,low_is_2.6,0.4310480693459417,0.660377358490566,0.5072463768115942,0.9459459459459459,0.08108108108108109,0.5135135135135135,0.5135135135135135,35,34,3,2,74
high_score_rate_0_2,high_is_2.6,0.12060863727903334,0.6601941747572816,0.5151515151515151,0.918918918918919,0.13513513513513514,0.527027027027027,0.5270270270270271,34,32,5,3,74
high_score_rate_0_2,low_is_2.6,0.4019452329270329,0.6601941747572816,0.5151515151515151,0.918918918918919,0.13513513513513514,0.527027027027027,0.5270270270270271,34,32,5,3,74
high_score_rate_0_2,high_is_2.6,0.14540176804327748,0.6599999999999999,0.5238095238095238,0.8918918918918919,0.1891891891891892,0.5405405405405406,0.5405405405405406,33,30,7,4,74
high_score_rate_0_2,high_is_2.6,0.15646066357850336,0.6597938144329898,0.5333333333333333,0.8648648648648649,0.24324324324324326,0.5540540540540541,0.5540540540540541,32,28,9,5,74
high_score_rate_0_2,high_is_2.6,0.1601771262788212,0.6595744680851063,0.543859649122807,0.8378378378378378,0.2972972972972973,0.5675675675675675,0.5675675675675675,31,26,11,6,74
high_score_rate_0_2,high_is_2.6,0.06419354838709677,0.6545454545454545,0.4931506849315068,0.972972972972973,0.0,0.4864864864864865,0.4864864864864865,36,37,0,1,74
high_score_rate_0_2,high_is_2.6,0.1084715374271627,0.6542056074766355,0.5,0.9459459459459459,0.05405405405405406,0.5,0.5,35,35,2,2,74
high_score_rate_0_2,low_is_2.6,0.436339074636947,0.6542056074766355,0.5,0.9459459459459459,0.05405405405405406,0.5,0.5,35,35,2,2,74
high_score_rate_0_2,low_is_2.6,0.40677755710029795,0.6538461538461539,0.5074626865671642,0.918918918918919,0.10810810810810811,0.5135135135135135,0.5135135135135136,34,33,4,3,74
high_score_rate_0_2,high_is_2.6,0.13759924286240077,0.6534653465346535,0.515625,0.8918918918918919,0.16216216216216217,0.527027027027027,0.527027027027027,33,31,6,4,74
high_score_rate_0_2,low_is_2.6,0.37276464542651594,0.6534653465346535,0.515625,0.8918918918918919,0.16216216216216217,0.527027027027027,0.527027027027027,33,31,6,4,74
high_score_rate_0_2,low_is_2.6,0.36233254531126874,0.6530612244897959,0.5245901639344263,0.8648648648648649,0.21621621621621623,0.5405405405405406,0.5405405405405406,32,29,8,5,74
high_score_rate_0_2,high_is_2.6,0.15804341361879276,0.6526315789473685,0.5344827586206896,0.8378378378378378,0.2702702702702703,0.5540540540540541,0.5540540540540541,31,27,10,6,74
high_score_rate_0_2,high_is_2.6,0.16547619047619047,0.6521739130434782,0.5454545454545454,0.8108108108108109,0.32432432432432434,0.5675675675675675,0.5675675675675675,30,25,12,7,74
high_score_rate_0_2,high_is_2.6,0.1059529796328891,0.6481481481481483,0.49295774647887325,0.9459459459459459,0.02702702702702703,0.4864864864864865,0.4864864864864865,35,36,1,2,74
high_score_rate_0_2,high_is_2.6,0.12864478268842838,0.6470588235294117,0.5076923076923077,0.8918918918918919,0.13513513513513514,0.5135135135135135,0.5135135135135135,33,32,5,4,74
high_score_rate_0_2,low_is_2.6,0.38616540396001786,0.6470588235294117,0.5076923076923077,0.8918918918918919,0.13513513513513514,0.5135135135135135,0.5135135135135135,33,32,5,4,74
high_score_rate_0_2,low_is_2.6,0.36451719576719577,0.6464646464646465,0.5161290322580645,0.8648648648648649,0.1891891891891892,0.527027027027027,0.5270270270270271,32,30,7,5,74
high_score_rate_0_2,high_is_2.6,0.1575637206223105,0.6458333333333334,0.5254237288135594,0.8378378378378378,0.24324324324324326,0.5405405405405406,0.5405405405405406,31,28,9,6,74
high_score_rate_0_2,low_is_2.6,0.34744569589702334,0.6458333333333334,0.5254237288135594,0.8378378378378378,0.24324324324324326,0.5405405405405406,0.5405405405405406,31,28,9,6,74
high_score_rate_0_2,high_is_2.6,0.16322393822393821,0.6451612903225806,0.5357142857142857,0.8108108108108109,0.2972972972972973,0.5540540540540541,0.5540540540540541,30,26,11,7,74
high_score_rate_0_2,high_is_2.6,0.17028985507246375,0.6444444444444444,0.5471698113207547,0.7837837837837838,0.35135135135135137,0.5675675675675675,0.5675675675675675,29,24,13,8,74
high_score_rate_0_2,high_is_2.6,0.18127053669222343,0.6436781609195402,0.56,0.7567567567567568,0.40540540540540543,0.581081081081081,0.5810810810810811,28,22,15,9,74
high_score_rate_0_2,high_is_2.6,0.09182926829268293,0.6422018348623854,0.4861111111111111,0.9459459459459459,0.0,0.47297297297297297,0.47297297297297297,35,37,0,2,74
high_score_rate_0_2,low_is_2.6,0.36875,0.64,0.5079365079365079,0.8648648648648649,0.16216216216216217,0.5135135135135135,0.5135135135135136,32,31,6,5,74
high_score_rate_0_2,low_is_2.6,0.35784221427226515,0.6391752577319588,0.5166666666666667,0.8378378378378378,0.21621621621621623,0.527027027027027,0.527027027027027,31,29,8,6,74
high_score_rate_0_2,low_is_2.6,0.3346055979643766,0.6382978723404256,0.5263157894736842,0.8108108108108109,0.2702702702702703,0.5405405405405406,0.5405405405405406,30,27,10,7,74
high_score_rate_0_2,high_is_2.6,0.17896904071984138,0.6363636363636364,0.5490196078431373,0.7567567567567568,0.3783783783783784,0.5675675675675675,0.5675675675675675,28,23,14,9,74
high_score_rate_0_2,low_is_2.6,0.3383934767522554,0.631578947368421,0.5172413793103449,0.8108108108108109,0.24324324324324326,0.527027027027027,0.5270270270270271,30,28,9,7,74
high_score_rate_0_2,high_is_2.6,0.1755641166758393,0.6292134831460674,0.5384615384615384,0.7567567567567568,0.35135135135135137,0.5540540540540541,0.5540540540540541,28,24,13,9,74
high_score_rate_0_2,high_is_2.6,0.18225524475524474,0.6279069767441859,0.5510204081632653,0.7297297297297297,0.40540540540540543,0.5675675675675675,0.5675675675675675,27,22,15,10,74
high_score_rate_0_2,low_is_2.6,0.3271144278606965,0.6236559139784947,0.5178571428571429,0.7837837837837838,0.2702702702702703,0.527027027027027,0.527027027027027,29,27,10,8,74
high_score_rate_0_2,high_is_2.6,0.18436940966010734,0.611764705882353,0.5416666666666666,0.7027027027027027,0.40540540540540543,0.5540540540540541,0.5540540540540541,26,22,15,11,74
high_score_rate_0_2,low_is_2.6,0.3206040111940298,0.608695652173913,0.509090909090909,0.7567567567567568,0.2702702702702703,0.5135135135135135,0.5135135135135136,28,27,10,9,74
high_score_rate_0_2,low_is_2.6,0.314083031803466,0.6,0.5094339622641509,0.7297297297297297,0.2972972972972973,0.5135135135135135,0.5135135135135135,27,26,11,10,74
high_score_rate_0_2,high_is_2.6,0.1885288737914816,0.5952380952380952,0.5319148936170213,0.6756756756756757,0.40540540540540543,0.5405405405405406,0.5405405405405406,25,22,15,12,74
high_score_rate_0_2,low_is_2.6,0.31745962078651685,0.5934065934065933,0.5,0.7297297297297297,0.2702702702702703,0.5,0.5,27,27,10,10,74
high_score_rate_0_2,low_is_2.6,0.3130296610169492,0.5842696629213484,0.5,0.7027027027027027,0.2972972972972973,0.5,0.5,26,26,11,11,74
high_score_rate_0_2,high_is_2.6,0.1919968460477035,0.5783132530120482,0.5217391304347826,0.6486486486486487,0.40540540540540543,0.527027027027027,0.5270270270270271,24,22,15,13,74
high_score_rate_0_2,low_is_2.6,0.30892175572519087,0.5681818181818181,0.49019607843137253,0.6756756756756757,0.2972972972972973,0.4864864864864865,0.4864864864864865,25,26,11,12,74
high_score_rate_0_2,high_is_2.6,0.19544627736310605,0.5679012345679012,0.5227272727272727,0.6216216216216216,0.43243243243243246,0.527027027027027,0.527027027027027,23,21,16,14,74
high_score_rate_0_2,high_is_2.6,0.19380666431178617,0.5609756097560976,0.5111111111111111,0.6216216216216216,0.40540540540540543,0.5135135135135135,0.5135135135135135,23,22,15,14,74
high_score_rate_0_2,high_is_2.6,0.20498425876911933,0.5569620253164557,0.5238095238095238,0.5945945945945946,0.4594594594594595,0.527027027027027,0.5270270270270271,22,20,17,15,74
high_score_rate_0_2,low_is_2.6,0.30484566876866914,0.5517241379310345,0.48,0.6486486486486487,0.2972972972972973,0.47297297297297297,0.472972972972973,24,26,11,13,74
high_score_rate_0_2,high_is_2.6,0.19952944252009672,0.55,0.5116279069767442,0.5945945945945946,0.43243243243243246,0.5135135135135135,0.5135135135135136,22,21,16,15,74
high_score_rate_0_2,high_is_2.6,0.21103238866396762,0.5454545454545455,0.525,0.5675675675675675,0.4864864864864865,0.527027027027027,0.527027027027027,21,19,18,16,74
high_score_rate_0_2,low_is_2.6,0.28180234005476723,0.5432098765432098,0.5,0.5945945945945946,0.40540540540540543,0.5,0.5,22,22,15,15,74
high_score_rate_0_2,low_is_2.6,0.3020108603427796,0.5411764705882353,0.4791666666666667,0.6216216216216216,0.32432432432432434,0.47297297297297297,0.47297297297297297,23,25,12,14,74
high_score_rate_0_2,high_is_2.6,0.20884881526525478,0.5384615384615384,0.5121951219512195,0.5675675675675675,0.4594594594594595,0.5135135135135135,0.5135135135135135,21,20,17,16,74
high_score_rate_0_2,low_is_2.6,0.2833614074489987,0.5365853658536586,0.4888888888888889,0.5945945945945946,0.3783783783783784,0.4864864864864865,0.4864864864864865,22,23,14,15,74
high_score_rate_0_2,low_is_2.6,0.30358236374770364,0.5348837209302325,0.46938775510204084,0.6216216216216216,0.2972972972972973,0.4594594594594595,0.45945945945945943,23,26,11,14,74
high_score_rate_0_2,low_is_2.6,0.26962962962962966,0.5316455696202531,0.5,0.5675675675675675,0.43243243243243246,0.5,0.5,21,21,16,16,74
high_score_rate_0_2,low_is_2.6,0.28918891327650453,0.5301204819277109,0.4782608695652174,0.5945945945945946,0.35135135135135137,0.47297297297297297,0.472972972972973,22,24,13,15,74
high_score_rate_0_2,high_is_2.6,0.21501292824822238,0.5263157894736842,0.5128205128205128,0.5405405405405406,0.4864864864864865,0.5135135135135135,0.5135135135135136,20,19,18,17,74
high_score_rate_0_2,low_is_2.6,0.2807766990291262,0.525,0.4883720930232558,0.5675675675675675,0.40540540540540543,0.4864864864864865,0.4864864864864865,21,22,15,16,74
high_score_rate_0_2,low_is_2.6,0.2974555564917011,0.5238095238095238,0.46808510638297873,0.5945945945945946,0.32432432432432434,0.4594594594594595,0.4594594594594595,22,25,12,15,74
high_score_rate_0_2,low_is_2.6,0.22570349140177176,0.5135135135135135,0.5135135135135135,0.5135135135135135,0.5135135135135135,0.5135135135135135,0.5135135135135135,19,18,19,18,74
high_score_rate_0_2,low_is_2.6,0.2514783691254279,0.5128205128205128,0.4878048780487805,0.5405405405405406,0.43243243243243246,0.4864864864864865,0.4864864864864865,20,21,16,17,74
high_score_rate_0_2,high_is_2.6,0.24358786993058093,0.5070422535211269,0.5294117647058824,0.4864864864864865,0.5675675675675675,0.527027027027027,0.527027027027027,18,16,21,19,74
high_score_rate_0_2,high_is_2.6,0.2210858027421495,0.5066666666666666,0.5,0.5135135135135135,0.4864864864864865,0.5,0.5,19,19,18,18,74
high_score_rate_0_2,low_is_2.6,0.22890563392622448,0.5066666666666666,0.5,0.5135135135135135,0.4864864864864865,0.5,0.5,19,19,18,18,74
high_score_rate_0_2,high_is_2.6,0.23678337822239323,0.5,0.5142857142857142,0.4864864864864865,0.5405405405405406,0.5135135135135135,0.5135135135135136,18,17,20,19,74
high_score_rate_0_2,low_is_2.6,0.23678337822239323,0.5,0.48717948717948717,0.5135135135135135,0.4594594594594595,0.4864864864864865,0.4864864864864865,19,20,17,18,74
high_score_rate_0_2,low_is_2.6,0.24358786993058093,0.4935064935064935,0.475,0.5135135135135135,0.43243243243243246,0.47297297297297297,0.47297297297297297,19,21,16,18,74
high_score_rate_0_2,high_is_2.6,0.22890563392622448,0.4931506849315069,0.5,0.4864864864864865,0.5135135135135135,0.5,0.5,18,18,19,19,74
high_score_rate_0_2,low_is_2.6,0.2210858027421495,0.4931506849315069,0.5,0.4864864864864865,0.5135135135135135,0.5,0.5,18,18,19,19,74
high_score_rate_0_2,high_is_2.6,0.22570349140177176,0.4864864864864865,0.4864864864864865,0.4864864864864865,0.4864864864864865,0.4864864864864865,0.4864864864864865,18,19,18,19,74
high_score_rate_0_2,high_is_2.6,0.2514783691254279,0.48571428571428577,0.5151515151515151,0.4594594594594595,0.5675675675675675,0.5135135135135135,0.5135135135135135,17,16,21,20,74
high_score_rate_0_2,low_is_2.6,0.21501292824822238,0.47222222222222227,0.4857142857142857,0.4594594594594595,0.5135135135135135,0.4864864864864865,0.4864864864864865,17,18,19,20,74
high_score_rate_0_2,high_is_2.6,0.2807766990291262,0.47058823529411764,0.5161290322580645,0.43243243243243246,0.5945945945945946,0.5135135135135135,0.5135135135135136,16,15,22,21,74
high_score_rate_0_2,high_is_2.6,0.2974555564917011,0.46875,0.5555555555555556,0.40540540540540543,0.6756756756756757,0.5405405405405406,0.5405405405405406,15,12,25,22,74
high_score_rate_0_2,high_is_2.6,0.26962962962962966,0.463768115942029,0.5,0.43243243243243246,0.5675675675675675,0.5,0.5,16,16,21,21,74
high_score_rate_0_2,high_is_2.6,0.28918891327650453,0.46153846153846156,0.5357142857142857,0.40540540540540543,0.6486486486486487,0.527027027027027,0.5270270270270271,15,13,24,22,74
high_score_rate_0_2,low_is_2.6,0.20884881526525478,0.45714285714285713,0.48484848484848486,0.43243243243243246,0.5405405405405406,0.4864864864864865,0.4864864864864865,16,17,20,21,74
high_score_rate_0_2,high_is_2.6,0.2833614074489987,0.4545454545454546,0.5172413793103449,0.40540540540540543,0.6216216216216216,0.5135135135135135,0.5135135135135135,15,14,23,22,74
high_score_rate_0_2,high_is_2.6,0.30358236374770364,0.4516129032258065,0.56,0.3783783783783784,0.7027027027027027,0.5405405405405406,0.5405405405405406,14,11,26,23,74
high_score_rate_0_2,low_is_2.6,0.21103238866396762,0.4507042253521127,0.47058823529411764,0.43243243243243246,0.5135135135135135,0.47297297297297297,0.47297297297297297,16,18,19,21,74
high_score_rate_0_2,high_is_2.6,0.28180234005476723,0.4477611940298507,0.5,0.40540540540540543,0.5945945945945946,0.5,0.5,15,15,22,22,74
high_score_rate_0_2,high_is_2.6,0.3020108603427796,0.4444444444444445,0.5384615384615384,0.3783783783783784,0.6756756756756757,0.527027027027027,0.527027027027027,14,12,25,23,74
high_score_rate_0_2,low_is_2.6,0.19952944252009672,0.4411764705882353,0.4838709677419355,0.40540540540540543,0.5675675675675675,0.4864864864864865,0.4864864864864865,15,16,21,22,74
high_score_rate_0_2,low_is_2.6,0.20498425876911933,0.43478260869565216,0.46875,0.40540540540540543,0.5405405405405406,0.47297297297297297,0.472972972972973,15,17,20,22,74
high_score_rate_0_2,high_is_2.6,0.30484566876866914,0.4262295081967213,0.5416666666666666,0.35135135135135137,0.7027027027027027,0.527027027027027,0.5270270270270271,13,11,26,24,74
high_score_rate_0_2,low_is_2.6,0.19380666431178617,0.42424242424242425,0.4827586206896552,0.3783783783783784,0.5945945945945946,0.4864864864864865,0.4864864864864865,14,15,22,23,74
high_score_rate_0_2,low_is_2.6,0.19544627736310605,0.417910447761194,0.4666666666666667,0.3783783783783784,0.5675675675675675,0.47297297297297297,0.47297297297297297,14,16,21,23,74
high_score_rate_0_2,high_is_2.6,0.30892175572519087,0.4,0.5217391304347826,0.32432432432432434,0.7027027027027027,0.5135135135135135,0.5135135135135136,12,11,26,25,74
high_score_rate_0_2,low_is_2.6,0.1919968460477035,0.39999999999999997,0.4642857142857143,0.35135135135135137,0.5945945945945946,0.47297297297297297,0.472972972972973,13,15,22,24,74
high_score_rate_0_2,low_is_2.6,0.1885288737914816,0.375,0.4444444444444444,0.32432432432432434,0.5945945945945946,0.4594594594594595,0.4594594594594595,12,15,22,25,74
high_score_rate_0_2,high_is_2.6,0.3130296610169492,0.3728813559322034,0.5,0.2972972972972973,0.7027027027027027,0.5,0.5,11,11,26,26,74
high_score_rate_0_2,high_is_2.6,0.31745962078651685,0.3508771929824562,0.5,0.2702702702702703,0.7297297297297297,0.5,0.5,10,10,27,27,74
high_score_rate_0_2,low_is_2.6,0.18436940966010734,0.34920634920634924,0.4230769230769231,0.2972972972972973,0.5945945945945946,0.44594594594594594,0.44594594594594594,11,15,22,26,74
high_score_rate_0_2,high_is_2.6,0.314083031803466,0.3448275862068966,0.47619047619047616,0.2702702702702703,0.7027027027027027,0.4864864864864865,0.4864864864864865,10,11,26,27,74
high_score_rate_0_2,low_is_2.6,0.18225524475524474,0.3225806451612903,0.4,0.2702702702702703,0.5945945945945946,0.43243243243243246,0.43243243243243246,10,15,22,27,74
high_score_rate_0_2,high_is_2.6,0.3206040111940298,0.3214285714285714,0.47368421052631576,0.24324324324324326,0.7297297297297297,0.4864864864864865,0.4864864864864865,9,10,27,28,74
high_score_rate_0_2,low_is_2.6,0.1755641166758393,0.3050847457627119,0.4090909090909091,0.24324324324324326,0.6486486486486487,0.44594594594594594,0.44594594594594594,9,13,24,28,74
high_score_rate_0_2,low_is_2.6,0.17896904071984138,0.30000000000000004,0.391304347826087,0.24324324324324326,0.6216216216216216,0.43243243243243246,0.43243243243243246,9,14,23,28,74
high_score_rate_0_2,low_is_2.6,0.18127053669222343,0.2950819672131148,0.375,0.24324324324324326,0.5945945945945946,0.4189189189189189,0.41891891891891897,9,15,22,28,74
high_score_rate_0_2,high_is_2.6,0.3271144278606965,0.2909090909090909,0.4444444444444444,0.21621621621621623,0.7297297297297297,0.47297297297297297,0.47297297297297297,8,10,27,29,74
high_score_rate_0_2,low_is_2.6,0.17028985507246375,0.27586206896551724,0.38095238095238093,0.21621621621621623,0.6486486486486487,0.43243243243243246,0.43243243243243246,8,13,24,29,74
high_score_rate_0_2,high_is_2.6,0.3383934767522554,0.2641509433962264,0.4375,0.1891891891891892,0.7567567567567568,0.47297297297297297,0.472972972972973,7,9,28,30,74
high_score_rate_0_2,high_is_2.6,0.3346055979643766,0.2592592592592593,0.4117647058823529,0.1891891891891892,0.7297297297297297,0.4594594594594595,0.45945945945945943,7,10,27,30,74
high_score_rate_0_2,low_is_2.6,0.16322393822393821,0.2545454545454546,0.3888888888888889,0.1891891891891892,0.7027027027027027,0.44594594594594594,0.44594594594594594,7,11,26,30,74
high_score_rate_0_2,low_is_2.6,0.16547619047619047,0.25,0.3684210526315789,0.1891891891891892,0.6756756756756757,0.43243243243243246,0.43243243243243246,7,12,25,30,74
high_score_rate_0_2,high_is_2.6,0.35784221427226515,0.23529411764705885,0.42857142857142855,0.16216216216216217,0.7837837837837838,0.47297297297297297,0.47297297297297297,6,8,29,31,74
high_score_rate_0_2,high_is_2.6,0.34744569589702334,0.23076923076923078,0.4,0.16216216216216217,0.7567567567567568,0.4594594594594595,0.4594594594594595,6,9,28,31,74
high_score_rate_0_2,low_is_2.6,0.1575637206223105,0.23076923076923078,0.4,0.16216216216216217,0.7567567567567568,0.4594594594594595,0.4594594594594595,6,9,28,31,74
high_score_rate_0_2,low_is_2.6,0.15804341361879276,0.22641509433962265,0.375,0.16216216216216217,0.7297297297297297,0.44594594594594594,0.44594594594594594,6,10,27,31,74
high_score_rate_0_2,low_is_2.6,0.1601771262788212,0.22222222222222227,0.35294117647058826,0.16216216216216217,0.7027027027027027,0.43243243243243246,0.43243243243243246,6,11,26,31,74
high_score_rate_0_2,high_is_2.6,0.36875,0.20833333333333334,0.45454545454545453,0.13513513513513514,0.8378378378378378,0.4864864864864865,0.4864864864864865,5,6,31,32,74
high_score_rate_0_2,high_is_2.6,0.36451719576719577,0.20408163265306126,0.4166666666666667,0.13513513513513514,0.8108108108108109,0.47297297297297297,0.472972972972973,5,7,30,32,74
high_score_rate_0_2,high_is_2.6,0.36233254531126874,0.2,0.38461538461538464,0.13513513513513514,0.7837837837837838,0.4594594594594595,0.45945945945945943,5,8,29,32,74
high_score_rate_0_2,low_is_2.6,0.15646066357850336,0.19607843137254902,0.35714285714285715,0.13513513513513514,0.7567567567567568,0.44594594594594594,0.44594594594594594,5,9,28,32,74
high_score_rate_0_2,high_is_2.6,0.38616540396001786,0.17391304347826086,0.4444444444444444,0.10810810810810811,0.8648648648648649,0.4864864864864865,0.4864864864864865,4,5,32,33,74
high_score_rate_0_2,low_is_2.6,0.12864478268842838,0.17391304347826086,0.4444444444444444,0.10810810810810811,0.8648648648648649,0.4864864864864865,0.4864864864864865,4,5,32,33,74
high_score_rate_0_2,high_is_2.6,0.37276464542651594,0.1702127659574468,0.4,0.10810810810810811,0.8378378378378378,0.47297297297297297,0.47297297297297297,4,6,31,33,74
high_score_rate_0_2,low_is_2.6,0.13759924286240077,0.1702127659574468,0.4,0.10810810810810811,0.8378378378378378,0.47297297297297297,0.47297297297297297,4,6,31,33,74
high_score_rate_0_2,low_is_2.6,0.14540176804327748,0.16666666666666669,0.36363636363636365,0.10810810810810811,0.8108108108108109,0.4594594594594595,0.4594594594594595,4,7,30,33,74
high_score_rate_0_2,low_is_2.6,0.15270747047093114,0.163265306122449,0.3333333333333333,0.10810810810810811,0.7837837837837838,0.44594594594594594,0.44594594594594594,4,8,29,33,74
high_score_rate_0_2,low_is_2.6,0.1550800837349691,0.16,0.3076923076923077,0.10810810810810811,0.7567567567567568,0.43243243243243246,0.43243243243243246,4,9,28,33,74
high_score_rate_0_2,high_is_2.6,0.40677755710029795,0.13636363636363638,0.42857142857142855,0.08108108108108109,0.8918918918918919,0.4864864864864865,0.4864864864864865,3,4,33,34,74
high_score_rate_0_2,high_is_2.6,0.4019452329270329,0.13333333333333333,0.375,0.08108108108108109,0.8648648648648649,0.47297297297297297,0.472972972972973,3,5,32,34,74
high_score_rate_0_2,low_is_2.6,0.12060863727903334,0.13333333333333333,0.375,0.08108108108108109,0.8648648648648649,0.47297297297297297,0.472972972972973,3,5,32,34,74
high_score_rate_0_2,low_is_2.6,0.09182926829268293,0.10256410256410257,1.0,0.05405405405405406,1.0,0.527027027027027,0.527027027027027,2,0,37,35,74
high_score_rate_0_2,low_is_2.6,0.1059529796328891,0.1,0.6666666666666666,0.05405405405405406,0.972972972972973,0.5135135135135135,0.5135135135135136,2,1,36,35,74
high_score_rate_0_2,high_is_2.6,0.436339074636947,0.0975609756097561,0.5,0.05405405405405406,0.9459459459459459,0.5,0.5,2,2,35,35,74
high_score_rate_0_2,low_is_2.6,0.1084715374271627,0.0975609756097561,0.5,0.05405405405405406,0.9459459459459459,0.5,0.5,2,2,35,35,74
high_score_rate_0_2,high_is_2.6,0.4310480693459417,0.09523809523809523,0.4,0.05405405405405406,0.918918918918919,0.4864864864864865,0.4864864864864865,2,3,34,35,74
high_score_rate_0_2,low_is_2.6,0.11095159967186219,0.09523809523809523,0.4,0.05405405405405406,0.918918918918919,0.4864864864864865,0.4864864864864865,2,3,34,35,74
high_score_rate_0_2,high_is_2.6,0.41691033138401556,0.09302325581395349,0.3333333333333333,0.05405405405405406,0.8918918918918919,0.47297297297297297,0.47297297297297297,2,4,33,35,74
high_score_rate_0_2,low_is_2.6,0.11508330574864835,0.09302325581395349,0.3333333333333333,0.05405405405405406,0.8918918918918919,0.47297297297297297,0.47297297297297297,2,4,33,35,74
high_score_rate_0_2,low_is_2.6,0.11811255968667847,0.09090909090909091,0.2857142857142857,0.05405405405405406,0.8648648648648649,0.4594594594594595,0.4594594594594595,2,5,32,35,74
high_score_rate_0_2,low_is_2.6,0.04838709677419355,0.052631578947368425,1.0,0.02702702702702703,1.0,0.5135135135135135,0.5135135135135135,1,0,37,36,74
high_score_rate_0_2,low_is_2.6,0.06419354838709677,0.052631578947368425,1.0,0.02702702702702703,1.0,0.5135135135135135,0.5135135135135135,1,0,37,36,74
high_score_rate_0_2,high_is_2.6,0.448909435751541,0.05128205128205129,0.5,0.02702702702702703,0.972972972972973,0.5,0.5,1,1,36,36,74
high_score_rate_0_2,high_is_2.6,0.4419381787802841,0.05,0.3333333333333333,0.02702702702702703,0.9459459459459459,0.4864864864864865,0.4864864864864865,1,2,35,36,74
high_score_rate_0_2,high_is_2.6,0.46099758294880244,0.0,0.0,0.0,0.972972972972973,0.4864864864864865,0.4864864864864865,0,1,36,37,74
high_score_rate_0_2,high_is_2.6,0.4715447154471545,0.0,0.0,0.0,0.972972972972973,0.4864864864864865,0.4864864864864865,0,1,36,37,74
high_score_rate_0_3,low_is_2.6,0.4107142857142857,0.6792452830188679,0.5217391304347826,0.972972972972973,0.10810810810810811,0.5405405405405406,0.5405405405405406,36,33,4,1,74
high_score_rate_0_3,high_is_2.6,0.1520482746897841,0.6736842105263158,0.5517241379310345,0.8648648648648649,0.2972972972972973,0.581081081081081,0.5810810810810811,32,26,11,5,74
high_score_rate_0_3,high_is_2.6,0.14821268282380273,0.673469387755102,0.5409836065573771,0.8918918918918919,0.24324324324324326,0.5675675675675675,0.5675675675675675,33,28,9,4,74
high_score_rate_0_3,low_is_2.6,0.38382749326145554,0.673076923076923,0.5223880597014925,0.9459459459459459,0.13513513513513514,0.5405405405405406,0.5405405405405406,35,32,5,2,74
high_score_rate_0_3,low_is_2.6,0.41885964912280704,0.6728971962616821,0.5142857142857142,0.972972972972973,0.08108108108108109,0.527027027027027,0.5270270270270271,36,34,3,1,74
high_score_rate_0_3,high_is_2.6,0.15047169811320754,0.6666666666666667,0.5423728813559322,0.8648648648648649,0.2702702702702703,0.5675675675675675,0.5675675675675675,32,27,10,5,74
high_score_rate_0_3,high_is_2.6,0.1550800837349691,0.6666666666666666,0.5535714285714286,0.8378378378378378,0.32432432432432434,0.581081081081081,0.5810810810810811,31,25,12,6,74
high_score_rate_0_3,high_is_2.6,0.1458147487362474,0.6666666666666666,0.532258064516129,0.8918918918918919,0.21621621621621623,0.5540540540540541,0.5540540540540541,33,29,8,4,74
high_score_rate_0_3,low_is_2.6,0.42329227323628216,0.6666666666666666,0.5070422535211268,0.972972972972973,0.05405405405405406,0.5135135135135135,0.5135135135135136,36,35,2,1,74
high_score_rate_0_3,high_is_2.6,0.04838709677419355,0.6666666666666666,0.5,1.0,0.0,0.5,0.5,37,37,0,0,74
high_score_rate_0_3,low_is_2.6,0.44144144144144143,0.6666666666666666,0.5,1.0,0.0,0.5,0.5,37,37,0,0,74
high_score_rate_0_3,low_is_2.6,0.4004941599281222,0.6666666666666665,0.5147058823529411,0.9459459459459459,0.10810810810810811,0.527027027027027,0.527027027027027,35,33,4,2,74
high_score_rate_0_3,low_is_2.6,0.4282131119183532,0.6605504587155964,0.5,0.972972972972973,0.02702702702702703,0.5,0.5,36,36,1,1,74
high_score_rate_0_3,low_is_2.6,0.3699248120300752,0.6601941747572816,0.5151515151515151,0.918918918918919,0.13513513513513514,0.527027027027027,0.5270270270270271,34,32,5,3,74
high_score_rate_0_3,high_is_2.6,0.13530548398969452,0.6599999999999999,0.5238095238095238,0.8918918918918919,0.1891891891891892,0.5405405405405406,0.5405405405405406,33,30,7,4,74
high_score_rate_0_3,high_is_2.6,0.1497663551401869,0.6597938144329898,0.5333333333333333,0.8648648648648649,0.24324324324324326,0.5540540540540541,0.5540540540540541,32,28,9,5,74
high_score_rate_0_3,high_is_2.6,0.15381234893430015,0.6595744680851063,0.543859649122807,0.8378378378378378,0.2972972972972973,0.5675675675675675,0.5675675675675675,31,26,11,6,74
high_score_rate_0_3,high_is_2.6,0.06419354838709677,0.6545454545454545,0.4931506849315068,0.972972972972973,0.0,0.4864864864864865,0.4864864864864865,36,37,0,1,74
high_score_rate_0_3,low_is_2.6,0.4361678751922654,0.6545454545454545,0.4931506849315068,0.972972972972973,0.0,0.4864864864864865,0.4864864864864865,36,37,0,1,74
high_score_rate_0_3,high_is_2.6,0.12308743887691256,0.6534653465346535,0.515625,0.8918918918918919,0.16216216216216217,0.527027027027027,0.527027027027027,33,31,6,4,74
high_score_rate_0_3,low_is_2.6,0.3558763931104357,0.6534653465346535,0.515625,0.8918918918918919,0.16216216216216217,0.527027027027027,0.527027027027027,33,31,6,4,74
high_score_rate_0_3,high_is_2.6,0.15646066357850336,0.6521739130434782,0.5454545454545454,0.8108108108108109,0.32432432432432434,0.5675675675675675,0.5675675675675675,30,25,12,7,74
high_score_rate_0_3,high_is_2.6,0.11862990810359231,0.6470588235294117,0.5076923076923077,0.8918918918918919,0.13513513513513514,0.5135135135135135,0.5135135135135135,33,32,5,4,74
high_score_rate_0_3,low_is_2.6,0.36278195488721804,0.6470588235294117,0.5076923076923077,0.8918918918918919,0.13513513513513514,0.5135135135135135,0.5135135135135135,33,32,5,4,74
high_score_rate_0_3,high_is_2.6,0.16110549376474553,0.6444444444444444,0.5471698113207547,0.7837837837837838,0.35135135135135137,0.5675675675675675,0.5675675675675675,29,24,13,8,74
high_score_rate_0_3,high_is_2.6,0.08878048780487804,0.6422018348623854,0.4861111111111111,0.9459459459459459,0.0,0.47297297297297297,0.47297297297297297,35,37,0,2,74
high_score_rate_0_3,high_is_2.6,0.10458156187066459,0.6415094339622641,0.4927536231884058,0.918918918918919,0.05405405405405406,0.4864864864864865,0.4864864864864865,34,35,2,3,74
high_score_rate_0_3,high_is_2.6,0.1128273582506992,0.6407766990291263,0.5,0.8918918918918919,0.10810810810810811,0.5,0.5,33,33,4,4,74
high_score_rate_0_3,low_is_2.6,0.35429611498148494,0.64,0.5079365079365079,0.8648648648648649,0.16216216216216217,0.5135135135135135,0.5135135135135136,32,31,6,5,74
high_score_rate_0_3,high_is_2.6,0.1583264971287941,0.6373626373626374,0.5370370370370371,0.7837837837837838,0.32432432432432434,0.5540540540540541,0.5540540540540541,29,25,12,8,74
high_score_rate_0_3,high_is_2.6,0.10214373370148797,0.6355140186915889,0.4857142857142857,0.918918918918919,0.02702702702702703,0.47297297297297297,0.472972972972973,34,36,1,3,74
high_score_rate_0_3,high_is_2.6,0.1084715374271627,0.6346153846153846,0.4925373134328358,0.8918918918918919,0.08108108108108109,0.4864864864864865,0.4864864864864865,33,34,3,4,74
high_score_rate_0_3,low_is_2.6,0.3467135382603008,0.6326530612244898,0.5081967213114754,0.8378378378378378,0.1891891891891892,0.5135135135135135,0.5135135135135135,31,30,7,6,74
high_score_rate_0_3,low_is_2.6,0.3169169169169169,0.631578947368421,0.5172413793103449,0.8108108108108109,0.24324324324324326,0.527027027027027,0.5270270270270271,30,28,9,7,74
high_score_rate_0_3,high_is_2.6,0.09909495321368308,0.6296296296296297,0.4788732394366197,0.918918918918919,0.0,0.4594594594594595,0.4594594594594595,34,37,0,3,74
high_score_rate_0_3,high_is_2.6,0.1629170879676441,0.6292134831460674,0.5384615384615384,0.7567567567567568,0.35135135135135137,0.5540540540540541,0.5540540540540541,28,24,13,9,74
high_score_rate_0_3,high_is_2.6,0.10687600491818784,0.6285714285714286,0.4852941176470588,0.8918918918918919,0.05405405405405406,0.47297297297297297,0.47297297297297297,33,35,2,4,74
high_score_rate_0_3,low_is_2.6,0.35325014324823323,0.6262626262626263,0.5,0.8378378378378378,0.16216216216216217,0.5,0.5,31,31,6,6,74
high_score_rate_0_3,low_is_2.6,0.3233813966638394,0.6249999999999999,0.5084745762711864,0.8108108108108109,0.21621621621621623,0.5135135135135135,0.5135135135135136,30,29,8,7,74
high_score_rate_0_3,low_is_2.6,0.33457668285912556,0.6185567010309277,0.5,0.8108108108108109,0.1891891891891892,0.5,0.5,30,30,7,7,74
high_score_rate_0_3,low_is_2.6,0.3144373186746068,0.6170212765957447,0.5087719298245614,0.7837837837837838,0.24324324324324326,0.5135135135135135,0.5135135135135135,29,28,9,8,74
high_score_rate_0_3,high_is_2.6,0.16485507246376813,0.6136363636363636,0.5294117647058824,0.7297297297297297,0.35135135135135137,0.5405405405405406,0.5405405405405406,27,24,13,10,74
high_score_rate_0_3,low_is_2.6,0.30764503441494595,0.608695652173913,0.509090909090909,0.7567567567567568,0.2702702702702703,0.5135135135135135,0.5135135135135136,28,27,10,9,74
high_score_rate_0_3,low_is_2.6,0.3116469176541173,0.6021505376344086,0.5,0.7567567567567568,0.24324324324324326,0.5,0.5,28,28,9,9,74
high_score_rate_0_3,high_is_2.6,0.1713016238332694,0.5952380952380952,0.5319148936170213,0.6756756756756757,0.40540540540540543,0.5405405405405406,0.5405405405405406,25,22,15,12,74
high_score_rate_0_3,low_is_2.6,0.2983001658374793,0.5934065934065933,0.5,0.7297297297297297,0.2702702702702703,0.5,0.5,27,27,10,10,74
high_score_rate_0_3,high_is_2.6,0.1697803873722739,0.5882352941176472,0.5208333333333334,0.6756756756756757,0.3783783783783784,0.527027027027027,0.527027027027027,25,23,14,12,74
high_score_rate_0_3,high_is_2.6,0.17760693869505223,0.5853658536585367,0.5333333333333333,0.6486486486486487,0.43243243243243246,0.5405405405405406,0.5405405405405406,24,21,16,13,74
high_score_rate_0_3,high_is_2.6,0.16767068273092367,0.5813953488372092,0.5102040816326531,0.6756756756756757,0.35135135135135137,0.5135135135135135,0.5135135135135135,25,24,13,12,74
high_score_rate_0_3,high_is_2.6,0.1735778841041999,0.5783132530120482,0.5217391304347826,0.6486486486486487,0.40540540540540543,0.527027027027027,0.5270270270270271,24,22,15,13,74
high_score_rate_0_3,low_is_2.6,0.2905605559986328,0.5777777777777777,0.49056603773584906,0.7027027027027027,0.2702702702702703,0.4864864864864865,0.4864864864864865,26,27,10,11,74
high_score_rate_0_3,high_is_2.6,0.18123379429559205,0.5679012345679012,0.5227272727272727,0.6216216216216216,0.43243243243243246,0.527027027027027,0.527027027027027,23,21,16,14,74
high_score_rate_0_3,high_is_2.6,0.19658630842841368,0.5641025641025641,0.5365853658536586,0.5945945945945946,0.4864864864864865,0.5405405405405406,0.5405405405405406,22,19,18,15,74
high_score_rate_0_3,low_is_2.6,0.2895694179389313,0.5617977528089887,0.4807692307692308,0.6756756756756757,0.2702702702702703,0.47297297297297297,0.47297297297297297,25,27,10,12,74
high_score_rate_0_3,low_is_2.6,0.27190580503833517,0.5609756097560976,0.5111111111111111,0.6216216216216216,0.40540540540540543,0.5135135135135135,0.5135135135135135,23,22,15,14,74
high_score_rate_0_3,low_is_2.6,0.28403512599541836,0.5581395348837208,0.4897959183673469,0.6486486486486487,0.32432432432432434,0.4864864864864865,0.4864864864864865,24,25,12,13,74
high_score_rate_0_3,high_is_2.6,0.19186182944572205,0.5569620253164557,0.5238095238095238,0.5945945945945946,0.4594594594594595,0.527027027027027,0.5270270270270271,22,20,17,15,74
high_score_rate_0_3,low_is_2.6,0.2731157731157731,0.5542168674698795,0.5,0.6216216216216216,0.3783783783783784,0.5,0.5,23,23,14,14,74
high_score_rate_0_3,low_is_2.6,0.2876246241493907,0.5517241379310345,0.48,0.6486486486486487,0.2972972972972973,0.47297297297297297,0.472972972972973,24,26,11,13,74
high_score_rate_0_3,high_is_2.6,0.185305885389778,0.55,0.5116279069767442,0.5945945945945946,0.43243243243243246,0.5135135135135135,0.5135135135135136,22,21,16,15,74
high_score_rate_0_3,low_is_2.6,0.26909446736485776,0.55,0.5116279069767442,0.5945945945945946,0.43243243243243246,0.5135135135135135,0.5135135135135136,22,21,16,15,74
high_score_rate_0_3,low_is_2.6,0.2767521367521368,0.5476190476190476,0.48936170212765956,0.6216216216216216,0.35135135135135137,0.4864864864864865,0.4864864864864865,23,24,13,14,74
high_score_rate_0_3,high_is_2.6,0.20124831309041835,0.5454545454545455,0.525,0.5675675675675675,0.4864864864864865,0.527027027027027,0.527027027027027,21,19,18,16,74
high_score_rate_0_3,low_is_2.6,0.2888974471830986,0.5454545454545454,0.47058823529411764,0.6486486486486487,0.2702702702702703,0.4594594594594595,0.4594594594594595,24,27,10,13,74
high_score_rate_0_3,low_is_2.6,0.2705786650250638,0.5432098765432098,0.5,0.5945945945945946,0.40540540540540543,0.5,0.5,22,22,15,15,74
high_score_rate_0_3,low_is_2.6,0.2807766990291262,0.5411764705882353,0.4791666666666667,0.6216216216216216,0.32432432432432434,0.47297297297297297,0.47297297297297297,23,25,12,14,74
high_score_rate_0_3,low_is_2.6,0.25257648953301126,0.5316455696202531,0.5,0.5675675675675675,0.43243243243243246,0.5,0.5,21,21,16,16,74
high_score_rate_0_3,high_is_2.6,0.20614975993462048,0.5263157894736842,0.5128205128205128,0.5405405405405406,0.4864864864864865,0.5135135135135135,0.5135135135135136,20,19,18,17,74
high_score_rate_0_3,low_is_2.6,0.22730676428987437,0.5263157894736842,0.5128205128205128,0.5405405405405406,0.4864864864864865,0.5135135135135135,0.5135135135135136,20,19,18,17,74
high_score_rate_0_3,low_is_2.6,0.22890563392622448,0.5194805194805195,0.5,0.5405405405405406,0.4594594594594595,0.5,0.5,20,20,17,17,74
high_score_rate_0_3,low_is_2.6,0.22228717573986118,0.5135135135135135,0.5135135135135135,0.5135135135135135,0.5135135135135135,0.5135135135135135,0.5135135135135135,19,18,19,18,74
high_score_rate_0_3,low_is_2.6,0.23356276630612915,0.5128205128205128,0.4878048780487805,0.5405405405405406,0.43243243243243246,0.4864864864864865,0.4864864864864865,20,21,16,17,74
high_score_rate_0_3,high_is_2.6,0.21282935484950954,0.5066666666666666,0.5,0.5135135135135135,0.4864864864864865,0.5,0.5,19,19,18,18,74
high_score_rate_0_3,low_is_2.6,0.22648885641213007,0.5066666666666666,0.5,0.5135135135135135,0.4864864864864865,0.5,0.5,19,19,18,18,74
high_score_rate_0_3,high_is_2.6,0.22648885641213007,0.4931506849315069,0.5,0.4864864864864865,0.5135135135135135,0.5,0.5,18,18,19,19,74
high_score_rate_0_3,low_is_2.6,0.21282935484950954,0.4931506849315069,0.5,0.4864864864864865,0.5135135135135135,0.5,0.5,18,18,19,19,74
high_score_rate_0_3,high_is_2.6,0.22228717573986118,0.4864864864864865,0.4864864864864865,0.4864864864864865,0.4864864864864865,0.4864864864864865,0.4864864864864865,18,19,18,19,74
high_score_rate_0_3,high_is_2.6,0.23356276630612915,0.48571428571428577,0.5151515151515151,0.4594594594594595,0.5675675675675675,0.5135135135135135,0.5135135135135135,17,16,21,20,74
high_score_rate_0_3,high_is_2.6,0.22890563392622448,0.47887323943661975,0.5,0.4594594594594595,0.5405405405405406,0.5,0.5,17,17,20,20,74
high_score_rate_0_3,high_is_2.6,0.22730676428987437,0.47222222222222227,0.4857142857142857,0.4594594594594595,0.5135135135135135,0.4864864864864865,0.4864864864864865,17,18,19,20,74
high_score_rate_0_3,low_is_2.6,0.20614975993462048,0.47222222222222227,0.4857142857142857,0.4594594594594595,0.5135135135135135,0.4864864864864865,0.4864864864864865,17,18,19,20,74
high_score_rate_0_3,high_is_2.6,0.25257648953301126,0.463768115942029,0.5,0.43243243243243246,0.5675675675675675,0.5,0.5,16,16,21,21,74
high_score_rate_0_3,low_is_2.6,0.20124831309041835,0.4507042253521127,0.47058823529411764,0.43243243243243246,0.5135135135135135,0.47297297297297297,0.47297297297297297,16,18,19,21,74
high_score_rate_0_3,high_is_2.6,0.2705786650250638,0.4477611940298507,0.5,0.40540540540540543,0.5945945945945946,0.5,0.5,15,15,22,22,74
high_score_rate_0_3,high_is_2.6,0.2807766990291262,0.4444444444444445,0.5384615384615384,0.3783783783783784,0.6756756756756757,0.527027027027027,0.527027027027027,14,12,25,23,74
high_score_rate_0_3,high_is_2.6,0.26909446736485776,0.4411764705882353,0.4838709677419355,0.40540540540540543,0.5675675675675675,0.4864864864864865,0.4864864864864865,15,16,21,22,74
high_score_rate_0_3,low_is_2.6,0.185305885389778,0.4411764705882353,0.4838709677419355,0.40540540540540543,0.5675675675675675,0.4864864864864865,0.4864864864864865,15,16,21,22,74
high_score_rate_0_3,high_is_2.6,0.2767521367521368,0.4375,0.5185185185185185,0.3783783783783784,0.6486486486486487,0.5135135135135135,0.5135135135135136,14,13,24,23,74
high_score_rate_0_3,low_is_2.6,0.19186182944572205,0.43478260869565216,0.46875,0.40540540540540543,0.5405405405405406,0.47297297297297297,0.472972972972973,15,17,20,22,74
high_score_rate_0_3,high_is_2.6,0.2888974471830986,0.43333333333333335,0.5652173913043478,0.35135135135135137,0.7297297297297297,0.5405405405405406,0.5405405405405406,13,10,27,24,74
high_score_rate_0_3,high_is_2.6,0.2731157731157731,0.4307692307692308,0.5,0.3783783783783784,0.6216216216216216,0.5,0.5,14,14,23,23,74
high_score_rate_0_3,low_is_2.6,0.19658630842841368,0.42857142857142855,0.45454545454545453,0.40540540540540543,0.5135135135135135,0.4594594594594595,0.45945945945945943,15,18,19,22,74
high_score_rate_0_3,high_is_2.6,0.2876246241493907,0.4262295081967213,0.5416666666666666,0.35135135135135137,0.7027027027027027,0.527027027027027,0.5270270270270271,13,11,26,24,74
high_score_rate_0_3,high_is_2.6,0.27190580503833517,0.42424242424242425,0.4827586206896552,0.3783783783783784,0.5945945945945946,0.4864864864864865,0.4864864864864865,14,15,22,23,74
high_score_rate_0_3,high_is_2.6,0.28403512599541836,0.4193548387096775,0.52,0.35135135135135137,0.6756756756756757,0.5135135135135135,0.5135135135135135,13,12,25,24,74
high_score_rate_0_3,low_is_2.6,0.18123379429559205,0.417910447761194,0.4666666666666667,0.3783783783783784,0.5675675675675675,0.47297297297297297,0.47297297297297297,14,16,21,23,74
high_score_rate_0_3,high_is_2.6,0.2895694179389313,0.4067796610169491,0.5454545454545454,0.32432432432432434,0.7297297297297297,0.527027027027027,0.527027027027027,12,10,27,25,74
high_score_rate_0_3,low_is_2.6,0.1735778841041999,0.39999999999999997,0.4642857142857143,0.35135135135135137,0.5945945945945946,0.47297297297297297,0.472972972972973,13,15,22,24,74
high_score_rate_0_3,low_is_2.6,0.17760693869505223,0.393939393939394,0.4482758620689655,0.35135135135135137,0.5675675675675675,0.4594594594594595,0.45945945945945943,13,16,21,24,74
high_score_rate_0_3,low_is_2.6,0.16767068273092367,0.3870967741935484,0.48,0.32432432432432434,0.6486486486486487,0.4864864864864865,0.4864864864864865,12,13,24,25,74
high_score_rate_0_3,low_is_2.6,0.1697803873722739,0.38095238095238093,0.46153846153846156,0.32432432432432434,0.6216216216216216,0.47297297297297297,0.47297297297297297,12,14,23,25,74
high_score_rate_0_3,high_is_2.6,0.2905605559986328,0.37931034482758624,0.5238095238095238,0.2972972972972973,0.7297297297297297,0.5135135135135135,0.5135135135135135,11,10,27,26,74
high_score_rate_0_3,low_is_2.6,0.1713016238332694,0.375,0.4444444444444444,0.32432432432432434,0.5945945945945946,0.4594594594594595,0.4594594594594595,12,15,22,25,74
high_score_rate_0_3,high_is_2.6,0.2983001658374793,0.3508771929824562,0.5,0.2702702702702703,0.7297297297297297,0.5,0.5,10,10,27,27,74
high_score_rate_0_3,low_is_2.6,0.16485507246376813,0.3333333333333333,0.43478260869565216,0.2702702702702703,0.6486486486486487,0.4594594594594595,0.4594594594594595,10,13,24,27,74
high_score_rate_0_3,high_is_2.6,0.3116469176541173,0.3272727272727273,0.5,0.24324324324324326,0.7567567567567568,0.5,0.5,9,9,28,28,74
high_score_rate_0_3,high_is_2.6,0.30764503441494595,0.3214285714285714,0.47368421052631576,0.24324324324324326,0.7297297297297297,0.4864864864864865,0.4864864864864865,9,10,27,28,74
high_score_rate_0_3,low_is_2.6,0.1629170879676441,0.3050847457627119,0.4090909090909091,0.24324324324324326,0.6486486486486487,0.44594594594594594,0.44594594594594594,9,13,24,28,74
high_score_rate_0_3,high_is_2.6,0.3144373186746068,0.29629629629629634,0.47058823529411764,0.21621621621621623,0.7567567567567568,0.4864864864864865,0.4864864864864865,8,9,28,29,74
high_score_rate_0_3,low_is_2.6,0.1583264971287941,0.2807017543859649,0.4,0.21621621621621623,0.6756756756756757,0.44594594594594594,0.44594594594594594,8,12,25,29,74
high_score_rate_0_3,low_is_2.6,0.16110549376474553,0.27586206896551724,0.38095238095238093,0.21621621621621623,0.6486486486486487,0.43243243243243246,0.43243243243243246,8,13,24,29,74
high_score_rate_0_3,high_is_2.6,0.33457668285912556,0.2745098039215686,0.5,0.1891891891891892,0.8108108108108109,0.5,0.5,7,7,30,30,74
high_score_rate_0_3,high_is_2.6,0.3233813966638394,0.2692307692307693,0.4666666666666667,0.1891891891891892,0.7837837837837838,0.4864864864864865,0.4864864864864865,7,8,29,30,74
high_score_rate_0_3,high_is_2.6,0.3169169169169169,0.2641509433962264,0.4375,0.1891891891891892,0.7567567567567568,0.47297297297297297,0.472972972972973,7,9,28,30,74
high_score_rate_0_3,low_is_2.6,0.15646066357850336,0.25,0.3684210526315789,0.1891891891891892,0.6756756756756757,0.43243243243243246,0.43243243243243246,7,12,25,30,74
high_score_rate_0_3,high_is_2.6,0.35325014324823323,0.2448979591836735,0.5,0.16216216216216217,0.8378378378378378,0.5,0.5,6,6,31,31,74
high_score_rate_0_3,high_is_2.6,0.3467135382603008,0.24,0.46153846153846156,0.16216216216216217,0.8108108108108109,0.4864864864864865,0.4864864864864865,6,7,30,31,74
high_score_rate_0_3,low_is_2.6,0.15381234893430015,0.22222222222222227,0.35294117647058826,0.16216216216216217,0.7027027027027027,0.43243243243243246,0.43243243243243246,6,11,26,31,74
high_score_rate_0_3,low_is_2.6,0.1550800837349691,0.2181818181818182,0.3333333333333333,0.16216216216216217,0.6756756756756757,0.4189189189189189,0.4189189189189189,6,12,25,31,74
high_score_rate_0_3,high_is_2.6,0.35429611498148494,0.20833333333333334,0.45454545454545453,0.13513513513513514,0.8378378378378378,0.4864864864864865,0.4864864864864865,5,6,31,32,74
high_score_rate_0_3,low_is_2.6,0.1497663551401869,0.19607843137254902,0.35714285714285715,0.13513513513513514,0.7567567567567568,0.44594594594594594,0.44594594594594594,5,9,28,32,74
high_score_rate_0_3,low_is_2.6,0.15047169811320754,0.1923076923076923,0.3333333333333333,0.13513513513513514,0.7297297297297297,0.43243243243243246,0.43243243243243246,5,10,27,32,74
high_score_rate_0_3,low_is_2.6,0.1520482746897841,0.18867924528301885,0.3125,0.13513513513513514,0.7027027027027027,0.4189189189189189,0.41891891891891897,5,11,26,32,74
high_score_rate_0_3,low_is_2.6,0.10687600491818784,0.18604651162790697,0.6666666666666666,0.10810810810810811,0.9459459459459459,0.527027027027027,0.527027027027027,4,2,35,33,74
high_score_rate_0_3,low_is_2.6,0.1084715374271627,0.18181818181818182,0.5714285714285714,0.10810810810810811,0.918918918918919,0.5135135135135135,0.5135135135135136,4,3,34,33,74
high_score_rate_0_3,low_is_2.6,0.1128273582506992,0.17777777777777778,0.5,0.10810810810810811,0.8918918918918919,0.5,0.5,4,4,33,33,74
high_score_rate_0_3,high_is_2.6,0.36278195488721804,0.17391304347826086,0.4444444444444444,0.10810810810810811,0.8648648648648649,0.4864864864864865,0.4864864864864865,4,5,32,33,74
high_score_rate_0_3,low_is_2.6,0.11862990810359231,0.17391304347826086,0.4444444444444444,0.10810810810810811,0.8648648648648649,0.4864864864864865,0.4864864864864865,4,5,32,33,74
high_score_rate_0_3,high_is_2.6,0.3558763931104357,0.1702127659574468,0.4,0.10810810810810811,0.8378378378378378,0.47297297297297297,0.47297297297297297,4,6,31,33,74
high_score_rate_0_3,low_is_2.6,0.12308743887691256,0.1702127659574468,0.4,0.10810810810810811,0.8378378378378378,0.47297297297297297,0.47297297297297297,4,6,31,33,74
high_score_rate_0_3,low_is_2.6,0.13530548398969452,0.16666666666666669,0.36363636363636365,0.10810810810810811,0.8108108108108109,0.4594594594594595,0.4594594594594595,4,7,30,33,74
high_score_rate_0_3,low_is_2.6,0.1458147487362474,0.163265306122449,0.3333333333333333,0.10810810810810811,0.7837837837837838,0.44594594594594594,0.44594594594594594,4,8,29,33,74
high_score_rate_0_3,low_is_2.6,0.14821268282380273,0.16,0.3076923076923077,0.10810810810810811,0.7567567567567568,0.43243243243243246,0.43243243243243246,4,9,28,33,74
high_score_rate_0_3,low_is_2.6,0.09909495321368308,0.15,1.0,0.08108108108108109,1.0,0.5405405405405406,0.5405405405405406,3,0,37,34,74
high_score_rate_0_3,low_is_2.6,0.10214373370148797,0.14634146341463414,0.75,0.08108108108108109,0.972972972972973,0.527027027027027,0.5270270270270271,3,1,36,34,74
high_score_rate_0_3,low_is_2.6,0.10458156187066459,0.14285714285714288,0.6,0.08108108108108109,0.9459459459459459,0.5135135135135135,0.5135135135135135,3,2,35,34,74
high_score_rate_0_3,high_is_2.6,0.3699248120300752,0.13333333333333333,0.375,0.08108108108108109,0.8648648648648649,0.47297297297297297,0.472972972972973,3,5,32,34,74
high_score_rate_0_3,low_is_2.6,0.08878048780487804,0.10256410256410257,1.0,0.05405405405405406,1.0,0.527027027027027,0.527027027027027,2,0,37,35,74
high_score_rate_0_3,high_is_2.6,0.4004941599281222,0.09302325581395349,0.3333333333333333,0.05405405405405406,0.8918918918918919,0.47297297297297297,0.47297297297297297,2,4,33,35,74
high_score_rate_0_3,high_is_2.6,0.38382749326145554,0.09090909090909091,0.2857142857142857,0.05405405405405406,0.8648648648648649,0.4594594594594595,0.4594594594594595,2,5,32,35,74
high_score_rate_0_3,high_is_2.6,0.4361678751922654,0.052631578947368425,1.0,0.02702702702702703,1.0,0.5135135135135135,0.5135135135135135,1,0,37,36,74
high_score_rate_0_3,high_is_2.6,0.44144144144144143,0.052631578947368425,1.0,0.02702702702702703,1.0,0.5135135135135135,0.5135135135135135,1,0,37,36,74
high_score_rate_0_3,low_is_2.6,0.04838709677419355,0.052631578947368425,1.0,0.02702702702702703,1.0,0.5135135135135135,0.5135135135135135,1,0,37,36,74
high_score_rate_0_3,low_is_2.6,0.06419354838709677,0.052631578947368425,1.0,0.02702702702702703,1.0,0.5135135135135135,0.5135135135135135,1,0,37,36,74
high_score_rate_0_3,high_is_2.6,0.4282131119183532,0.05128205128205129,0.5,0.02702702702702703,0.972972972972973,0.5,0.5,1,1,36,36,74
high_score_rate_0_3,high_is_2.6,0.42329227323628216,0.05,0.3333333333333333,0.02702702702702703,0.9459459459459459,0.4864864864864865,0.4864864864864865,1,2,35,36,74
high_score_rate_0_3,high_is_2.6,0.41885964912280704,0.04878048780487805,0.25,0.02702702702702703,0.918918918918919,0.47297297297297297,0.472972972972973,1,3,34,36,74
high_score_rate_0_3,high_is_2.6,0.4107142857142857,0.047619047619047616,0.2,0.02702702702702703,0.8918918918918919,0.4594594594594595,0.45945945945945943,1,4,33,36,74
high_score_rate_0_4,low_is_2.6,0.38716583124477866,0.6792452830188679,0.5217391304347826,0.972972972972973,0.10810810810810811,0.5405405405405406,0.5405405405405406,36,33,4,1,74
high_score_rate_0_4,low_is_2.6,0.4027855543113102,0.6728971962616821,0.5142857142857142,0.972972972972973,0.08108108108108109,0.527027027027027,0.5270270270270271,36,34,3,1,74
high_score_rate_0_4,low_is_2.6,0.40583136327817176,0.6666666666666666,0.5070422535211268,0.972972972972973,0.05405405405405406,0.5135135135135135,0.5135135135135136,36,35,2,1,74
high_score_rate_0_4,high_is_2.6,0.04838709677419355,0.6666666666666666,0.5,1.0,0.0,0.5,0.5,37,37,0,0,74
high_score_rate_0_4,low_is_2.6,0.44144144144144143,0.6666666666666666,0.5,1.0,0.0,0.5,0.5,37,37,0,0,74
high_score_rate_0_4,low_is_2.6,0.37222222222222223,0.6666666666666665,0.5147058823529411,0.9459459459459459,0.10810810810810811,0.527027027027027,0.527027027027027,35,33,4,2,74
high_score_rate_0_4,low_is_2.6,0.4110207768744354,0.6605504587155964,0.5,0.972972972972973,0.02702702702702703,0.5,0.5,36,36,1,1,74
high_score_rate_0_4,low_is_2.6,0.35181165470028386,0.6601941747572816,0.5151515151515151,0.918918918918919,0.13513513513513514,0.527027027027027,0.5270270270270271,34,32,5,3,74
high_score_rate_0_4,high_is_2.6,0.11922719571514456,0.6599999999999999,0.5238095238095238,0.8918918918918919,0.1891891891891892,0.5405405405405406,0.5405405405405406,33,30,7,4,74
high_score_rate_0_4,high_is_2.6,0.06086021505376344,0.6545454545454545,0.4931506849315068,0.972972972972973,0.0,0.4864864864864865,0.4864864864864865,36,37,0,1,74
high_score_rate_0_4,low_is_2.6,0.4280377938914524,0.6545454545454545,0.4931506849315068,0.972972972972973,0.0,0.4864864864864865,0.4864864864864865,36,37,0,1,74
high_score_rate_0_4,high_is_2.6,0.09327791956956612,0.6542056074766355,0.5,0.9459459459459459,0.05405405405405406,0.5,0.5,35,35,2,2,74
high_score_rate_0_4,low_is_2.6,0.3649595687331536,0.6538461538461539,0.5074626865671642,0.918918918918919,0.10810810810810811,0.5135135135135135,0.5135135135135136,34,33,4,3,74
high_score_rate_0_4,high_is_2.6,0.11442358810779862,0.6534653465346535,0.515625,0.8918918918918919,0.16216216216216217,0.527027027027027,0.527027027027027,33,31,6,4,74
high_score_rate_0_4,high_is_2.6,0.13278495887191538,0.6530612244897959,0.5245901639344263,0.8648648648648649,0.21621621621621623,0.5405405405405406,0.5405405405405406,32,29,8,5,74
high_score_rate_0_4,high_is_2.6,0.08913793918759161,0.6481481481481483,0.49295774647887325,0.9459459459459459,0.02702702702702703,0.4864864864864865,0.4864864864864865,35,36,1,2,74
high_score_rate_0_4,high_is_2.6,0.11029188203101246,0.6470588235294117,0.5076923076923077,0.8918918918918919,0.13513513513513514,0.5135135135135135,0.5135135135135135,33,32,5,4,74
high_score_rate_0_4,low_is_2.6,0.3392330383480826,0.6470588235294117,0.5076923076923077,0.8918918918918919,0.13513513513513514,0.5135135135135135,0.5135135135135135,33,32,5,4,74
high_score_rate_0_4,high_is_2.6,0.1259650548557497,0.6464646464646465,0.5161290322580645,0.8648648648648649,0.1891891891891892,0.527027027027027,0.5270270270270271,32,30,7,5,74
high_score_rate_0_4,low_is_2.6,0.32096141268803136,0.6464646464646465,0.5161290322580645,0.8648648648648649,0.1891891891891892,0.527027027027027,0.5270270270270271,32,30,7,5,74
high_score_rate_0_4,high_is_2.6,0.13973112128146453,0.6458333333333334,0.5254237288135594,0.8378378378378378,0.24324324324324326,0.5405405405405406,0.5405405405405406,31,28,9,6,74
high_score_rate_0_4,high_is_2.6,0.08069182389937107,0.6422018348623854,0.4861111111111111,0.9459459459459459,0.0,0.47297297297297297,0.47297297297297297,35,37,0,2,74
high_score_rate_0_4,high_is_2.6,0.09694562541955695,0.6415094339622641,0.4927536231884058,0.918918918918919,0.05405405405405406,0.4864864864864865,0.4864864864864865,34,35,2,3,74
high_score_rate_0_4,high_is_2.6,0.10331689825190497,0.6407766990291263,0.5,0.8918918918918919,0.10810810810810811,0.5,0.5,33,33,4,4,74
high_score_rate_0_4,low_is_2.6,0.3270490750256937,0.64,0.5079365079365079,0.8648648648648649,0.16216216216216217,0.5135135135135135,0.5135135135135136,32,31,6,5,74
high_score_rate_0_4,high_is_2.6,0.13664651493598862,0.6391752577319588,0.5166666666666667,0.8378378378378378,0.21621621621621623,0.527027027027027,0.527027027027027,31,29,8,6,74
high_score_rate_0_4,high_is_2.6,0.1432848588537211,0.6382978723404256,0.5263157894736842,0.8108108108108109,0.2702702702702703,0.5405405405405406,0.5405405405405406,30,27,10,7,74
high_score_rate_0_4,high_is_2.6,0.09774955996982651,0.6346153846153846,0.4925373134328358,0.8918918918918919,0.08108108108108109,0.4864864864864865,0.4864864864864865,33,34,3,4,74
high_score_rate_0_4,low_is_2.6,0.3318452380952381,0.6336633663366337,0.5,0.8648648648648649,0.13513513513513514,0.5,0.5,32,32,5,5,74
high_score_rate_0_4,low_is_2.6,0.31698564593301437,0.6326530612244898,0.5081967213114754,0.8378378378378378,0.1891891891891892,0.5135135135135135,0.5135135135135135,31,30,7,6,74
high_score_rate_0_4,high_is_2.6,0.1420807453416149,0.631578947368421,0.5172413793103449,0.8108108108108109,0.24324324324324326,0.527027027027027,0.5270270270270271,30,28,9,7,74
high_score_rate_0_4,high_is_2.6,0.14891802579682337,0.6304347826086956,0.5272727272727272,0.7837837837837838,0.2972972972972973,0.5405405405405406,0.5405405405405406,29,26,11,8,74
high_score_rate_0_4,low_is_2.6,0.3057941051738762,0.6249999999999999,0.5084745762711864,0.8108108108108109,0.21621621621621623,0.5135135135135135,0.5135135135135136,30,29,8,7,74
high_score_rate_0_4,high_is_2.6,0.14530261510876552,0.6236559139784947,0.5178571428571429,0.7837837837837838,0.2702702702702703,0.527027027027027,0.527027027027027,29,27,10,8,74
high_score_rate_0_4,high_is_2.6,0.1512292738707833,0.6222222222222221,0.5283018867924528,0.7567567567567568,0.32432432432432434,0.5405405405405406,0.5405405405405406,28,25,12,9,74
high_score_rate_0_4,low_is_2.6,0.3143832864604259,0.6185567010309277,0.5,0.8108108108108109,0.1891891891891892,0.5,0.5,30,30,7,7,74
high_score_rate_0_4,low_is_2.6,0.2979542042042042,0.6105263157894737,0.5,0.7837837837837838,0.21621621621621623,0.5,0.5,29,29,8,8,74
high_score_rate_0_4,high_is_2.6,0.15268065268065267,0.6067415730337079,0.5192307692307693,0.7297297297297297,0.32432432432432434,0.527027027027027,0.527027027027027,27,25,12,10,74
high_score_rate_0_4,high_is_2.6,0.15726062143310082,0.6046511627906977,0.5306122448979592,0.7027027027027027,0.3783783783783784,0.5405405405405406,0.5405405405405406,26,23,14,11,74
high_score_rate_0_4,high_is_2.6,0.15554902536977178,0.5977011494252874,0.52,0.7027027027027027,0.35135135135135137,0.527027027027027,0.5270270270270271,26,24,13,11,74
high_score_rate_0_4,low_is_2.6,0.29695373339441133,0.5957446808510638,0.49122807017543857,0.7567567567567568,0.21621621621621623,0.4864864864864865,0.4864864864864865,28,29,8,9,74
high_score_rate_0_4,high_is_2.6,0.15882406897816914,0.5952380952380952,0.5319148936170213,0.6756756756756757,0.40540540540540543,0.5405405405405406,0.5405405405405406,25,22,15,12,74
high_score_rate_0_4,high_is_2.6,0.1541588492808005,0.5909090909090909,0.5098039215686274,0.7027027027027027,0.32432432432432434,0.5135135135135135,0.5135135135135136,26,25,12,11,74
high_score_rate_0_4,high_is_2.6,0.15806129247168554,0.5882352941176472,0.5208333333333334,0.6756756756756757,0.3783783783783784,0.527027027027027,0.527027027027027,25,23,14,12,74
high_score_rate_0_4,low_is_2.6,0.28620784964068546,0.5869565217391305,0.4909090909090909,0.7297297297297297,0.24324324324324326,0.4864864864864865,0.4864864864864865,27,28,9,10,74
high_score_rate_0_4,low_is_2.6,0.29645323289391085,0.5806451612903226,0.48214285714285715,0.7297297297297297,0.21621621621621623,0.47297297297297297,0.47297297297297297,27,29,8,10,74
high_score_rate_0_4,high_is_2.6,0.16110549376474553,0.5783132530120482,0.5217391304347826,0.6486486486486487,0.40540540540540543,0.527027027027027,0.5270270270270271,24,22,15,13,74
high_score_rate_0_4,low_is_2.6,0.2754642816452091,0.5714285714285714,0.48148148148148145,0.7027027027027027,0.24324324324324326,0.47297297297297297,0.472972972972973,26,28,9,11,74
high_score_rate_0_4,high_is_2.6,0.16760299625468164,0.5679012345679012,0.5227272727272727,0.6216216216216216,0.43243243243243246,0.527027027027027,0.527027027027027,23,21,16,14,74
high_score_rate_0_4,low_is_2.6,0.26090493360302525,0.5647058823529412,0.5,0.6486486486486487,0.35135135135135137,0.5,0.5,24,24,13,13,74
high_score_rate_0_4,high_is_2.6,0.18301435406698563,0.5641025641025641,0.5365853658536586,0.5945945945945946,0.4864864864864865,0.5405405405405406,0.5405405405405406,22,19,18,15,74
high_score_rate_0_4,high_is_2.6,0.16472868217054265,0.5609756097560976,0.5111111111111111,0.6216216216216216,0.40540540540540543,0.5135135135135135,0.5135135135135135,23,22,15,14,74
high_score_rate_0_4,low_is_2.6,0.26340933322398097,0.5581395348837208,0.4897959183673469,0.6486486486486487,0.32432432432432434,0.4864864864864865,0.4864864864864865,24,25,12,13,74
high_score_rate_0_4,high_is_2.6,0.17815741305674193,0.5569620253164557,0.5238095238095238,0.5945945945945946,0.4594594594594595,0.527027027027027,0.5270270270270271,22,20,17,15,74
high_score_rate_0_4,low_is_2.6,0.27332691024975914,0.5555555555555556,0.4716981132075472,0.6756756756756757,0.24324324324324326,0.4594594594594595,0.45945945945945943,25,28,9,12,74
high_score_rate_0_4,low_is_2.6,0.2508741258741259,0.5542168674698795,0.5,0.6216216216216216,0.3783783783783784,0.5,0.5,23,23,14,14,74
high_score_rate_0_4,low_is_2.6,0.2647658347419708,0.5517241379310345,0.48,0.6486486486486487,0.2972972972972973,0.47297297297297297,0.472972972972973,24,26,11,13,74
high_score_rate_0_4,high_is_2.6,0.17151798506899932,0.55,0.5116279069767442,0.5945945945945946,0.43243243243243246,0.5135135135135135,0.5135135135135136,22,21,16,15,74
high_score_rate_0_4,low_is_2.6,0.2553921981632825,0.5476190476190476,0.48936170212765956,0.6216216216216216,0.35135135135135137,0.4864864864864865,0.4864864864864865,23,24,13,14,74
high_score_rate_0_4,high_is_2.6,0.1887439186200796,0.5454545454545455,0.525,0.5675675675675675,0.4864864864864865,0.527027027027027,0.527027027027027,21,19,18,16,74
high_score_rate_0_4,low_is_2.6,0.2677433628318584,0.5454545454545454,0.47058823529411764,0.6486486486486487,0.2702702702702703,0.4594594594594595,0.4594594594594595,24,27,10,13,74
high_score_rate_0_4,low_is_2.6,0.2709223300970874,0.5393258426966292,0.46153846153846156,0.6486486486486487,0.24324324324324326,0.44594594594594594,0.44594594594594594,24,28,9,13,74
high_score_rate_0_4,low_is_2.6,0.24818840579710144,0.5365853658536586,0.4888888888888889,0.5945945945945946,0.3783783783783784,0.4864864864864865,0.4864864864864865,22,23,14,15,74
high_score_rate_0_4,low_is_2.6,0.20652449860370653,0.5333333333333333,0.5263157894736842,0.5405405405405406,0.5135135135135135,0.527027027027027,0.527027027027027,20,18,19,17,74
high_score_rate_0_4,low_is_2.6,0.2203548085901027,0.5316455696202531,0.5,0.5675675675675675,0.43243243243243246,0.5,0.5,21,21,16,16,74
high_score_rate_0_4,high_is_2.6,0.19424821721517294,0.5263157894736842,0.5128205128205128,0.5405405405405406,0.4864864864864865,0.5135135135135135,0.5135135135135136,20,19,18,17,74
high_score_rate_0_4,low_is_2.6,0.20830822212656047,0.5263157894736842,0.5128205128205128,0.5405405405405406,0.4864864864864865,0.5135135135135135,0.5135135135135136,20,19,18,17,74
high_score_rate_0_4,low_is_2.6,0.22730829420970267,0.525,0.4883720930232558,0.5675675675675675,0.40540540540540543,0.4864864864864865,0.4864864864864865,21,22,15,16,74
high_score_rate_0_4,low_is_2.6,0.21054251635244325,0.5194805194805195,0.5,0.5405405405405406,0.4594594594594595,0.5,0.5,20,20,17,17,74
high_score_rate_0_4,low_is_2.6,0.239385588895693,0.5185185185185185,0.4772727272727273,0.5675675675675675,0.3783783783783784,0.47297297297297297,0.47297297297297297,21,23,14,16,74
high_score_rate_0_4,low_is_2.6,0.20256410256410257,0.5135135135135135,0.5135135135135135,0.5135135135135135,0.5135135135135135,0.5135135135135135,0.5135135135135135,19,18,19,18,74
high_score_rate_0_4,low_is_2.6,0.21543838774447832,0.5128205128205128,0.4878048780487805,0.5405405405405406,0.43243243243243246,0.4864864864864865,0.4864864864864865,20,21,16,17,74
high_score_rate_0_4,high_is_2.6,0.19760956175298805,0.5066666666666666,0.5,0.5135135135135135,0.4864864864864865,0.5,0.5,19,19,18,18,74
high_score_rate_0_4,low_is_2.6,0.19760956175298805,0.4931506849315069,0.5,0.4864864864864865,0.5135135135135135,0.5,0.5,18,18,19,19,74
high_score_rate_0_4,high_is_2.6,0.20256410256410257,0.4864864864864865,0.4864864864864865,0.4864864864864865,0.4864864864864865,0.4864864864864865,0.4864864864864865,18,19,18,19,74
high_score_rate_0_4,high_is_2.6,0.21543838774447832,0.48571428571428577,0.5151515151515151,0.4594594594594595,0.5675675675675675,0.5135135135135135,0.5135135135135135,17,16,21,20,74
high_score_rate_0_4,high_is_2.6,0.21054251635244325,0.47887323943661975,0.5,0.4594594594594595,0.5405405405405406,0.5,0.5,17,17,20,20,74
high_score_rate_0_4,high_is_2.6,0.239385588895693,0.47761194029850745,0.5333333333333333,0.43243243243243246,0.6216216216216216,0.527027027027027,0.527027027027027,16,14,23,21,74
high_score_rate_0_4,high_is_2.6,0.20830822212656047,0.47222222222222227,0.4857142857142857,0.4594594594594595,0.5135135135135135,0.4864864864864865,0.4864864864864865,17,18,19,20,74
high_score_rate_0_4,low_is_2.6,0.19424821721517294,0.47222222222222227,0.4857142857142857,0.4594594594594595,0.5135135135135135,0.4864864864864865,0.4864864864864865,17,18,19,20,74
high_score_rate_0_4,high_is_2.6,0.22730829420970267,0.47058823529411764,0.5161290322580645,0.43243243243243246,0.5945945945945946,0.5135135135135135,0.5135135135135136,16,15,22,21,74
high_score_rate_0_4,high_is_2.6,0.20652449860370653,0.4657534246575342,0.4722222222222222,0.4594594594594595,0.4864864864864865,0.47297297297297297,0.472972972972973,17,19,18,20,74
high_score_rate_0_4,high_is_2.6,0.2203548085901027,0.463768115942029,0.5,0.43243243243243246,0.5675675675675675,0.5,0.5,16,16,21,21,74
high_score_rate_0_4,high_is_2.6,0.24818840579710144,0.4545454545454546,0.5172413793103449,0.40540540540540543,0.6216216216216216,0.5135135135135135,0.5135135135135135,15,14,23,22,74
high_score_rate_0_4,low_is_2.6,0.1887439186200796,0.4507042253521127,0.47058823529411764,0.43243243243243246,0.5135135135135135,0.47297297297297297,0.47297297297297297,16,18,19,21,74
high_score_rate_0_4,low_is_2.6,0.17151798506899932,0.4411764705882353,0.4838709677419355,0.40540540540540543,0.5675675675675675,0.4864864864864865,0.4864864864864865,15,16,21,22,74
high_score_rate_0_4,high_is_2.6,0.2709223300970874,0.4406779661016949,0.5909090909090909,0.35135135135135137,0.7567567567567568,0.5540540540540541,0.5540540540540541,13,9,28,24,74
high_score_rate_0_4,high_is_2.6,0.2553921981632825,0.4375,0.5185185185185185,0.3783783783783784,0.6486486486486487,0.5135135135135135,0.5135135135135136,14,13,24,23,74
high_score_rate_0_4,low_is_2.6,0.17815741305674193,0.43478260869565216,0.46875,0.40540540540540543,0.5405405405405406,0.47297297297297297,0.472972972972973,15,17,20,22,74
high_score_rate_0_4,high_is_2.6,0.2677433628318584,0.43333333333333335,0.5652173913043478,0.35135135135135137,0.7297297297297297,0.5405405405405406,0.5405405405405406,13,10,27,24,74
high_score_rate_0_4,high_is_2.6,0.2508741258741259,0.4307692307692308,0.5,0.3783783783783784,0.6216216216216216,0.5,0.5,14,14,23,23,74
high_score_rate_0_4,low_is_2.6,0.18301435406698563,0.42857142857142855,0.45454545454545453,0.40540540540540543,0.5135135135135135,0.4594594594594595,0.45945945945945943,15,18,19,22,74
high_score_rate_0_4,high_is_2.6,0.2647658347419708,0.4262295081967213,0.5416666666666666,0.35135135135135137,0.7027027027027027,0.527027027027027,0.5270270270270271,13,11,26,24,74
high_score_rate_0_4,low_is_2.6,0.16472868217054265,0.42424242424242425,0.4827586206896552,0.3783783783783784,0.5945945945945946,0.4864864864864865,0.4864864864864865,14,15,22,23,74
high_score_rate_0_4,high_is_2.6,0.26340933322398097,0.4193548387096775,0.52,0.35135135135135137,0.6756756756756757,0.5135135135135135,0.5135135135135135,13,12,25,24,74
high_score_rate_0_4,low_is_2.6,0.16760299625468164,0.417910447761194,0.4666666666666667,0.3783783783783784,0.5675675675675675,0.47297297297297297,0.47297297297297297,14,16,21,23,74
high_score_rate_0_4,high_is_2.6,0.27332691024975914,0.41379310344827586,0.5714285714285714,0.32432432432432434,0.7567567567567568,0.5405405405405406,0.5405405405405406,12,9,28,25,74
high_score_rate_0_4,high_is_2.6,0.26090493360302525,0.41269841269841273,0.5,0.35135135135135137,0.6486486486486487,0.5,0.5,13,13,24,24,74
high_score_rate_0_4,low_is_2.6,0.16110549376474553,0.39999999999999997,0.4642857142857143,0.35135135135135137,0.5945945945945946,0.47297297297297297,0.472972972972973,13,15,22,24,74
high_score_rate_0_4,high_is_2.6,0.2754642816452091,0.38596491228070173,0.55,0.2972972972972973,0.7567567567567568,0.527027027027027,0.5270270270270271,11,9,28,26,74
high_score_rate_0_4,low_is_2.6,0.15806129247168554,0.38095238095238093,0.46153846153846156,0.32432432432432434,0.6216216216216216,0.47297297297297297,0.47297297297297297,12,14,23,25,74
high_score_rate_0_4,low_is_2.6,0.15882406897816914,0.375,0.4444444444444444,0.32432432432432434,0.5945945945945946,0.4594594594594595,0.4594594594594595,12,15,22,25,74
high_score_rate_0_4,low_is_2.6,0.1541588492808005,0.3666666666666667,0.4782608695652174,0.2972972972972973,0.6756756756756757,0.4864864864864865,0.4864864864864865,11,12,25,26,74
high_score_rate_0_4,high_is_2.6,0.29645323289391085,0.36363636363636365,0.5555555555555556,0.2702702702702703,0.7837837837837838,0.527027027027027,0.527027027027027,10,8,29,27,74
high_score_rate_0_4,low_is_2.6,0.15554902536977178,0.36065573770491804,0.4583333333333333,0.2972972972972973,0.6486486486486487,0.47297297297297297,0.472972972972973,11,13,24,26,74
high_score_rate_0_4,high_is_2.6,0.28620784964068546,0.35714285714285715,0.5263157894736842,0.2702702702702703,0.7567567567567568,0.5135135135135135,0.5135135135135136,10,9,28,27,74
high_score_rate_0_4,low_is_2.6,0.15726062143310082,0.3548387096774193,0.44,0.2972972972972973,0.6216216216216216,0.4594594594594595,0.45945945945945943,11,14,23,26,74
high_score_rate_0_4,low_is_2.6,0.15268065268065267,0.33898305084745767,0.45454545454545453,0.2702702702702703,0.6756756756756757,0.47297297297297297,0.47297297297297297,10,12,25,27,74
high_score_rate_0_4,high_is_2.6,0.29695373339441133,0.33333333333333337,0.5294117647058824,0.24324324324324326,0.7837837837837838,0.5135135135135135,0.5135135135135135,9,8,29,28,74
high_score_rate_0_4,low_is_2.6,0.1512292738707833,0.3103448275862069,0.42857142857142855,0.24324324324324326,0.6756756756756757,0.4594594594594595,0.45945945945945943,9,12,25,28,74
high_score_rate_0_4,high_is_2.6,0.2979542042042042,0.3018867924528302,0.5,0.21621621621621623,0.7837837837837838,0.5,0.5,8,8,29,29,74
high_score_rate_0_4,low_is_2.6,0.14530261510876552,0.2909090909090909,0.4444444444444444,0.21621621621621623,0.7297297297297297,0.47297297297297297,0.47297297297297297,8,10,27,29,74
high_score_rate_0_4,low_is_2.6,0.14891802579682337,0.28571428571428575,0.42105263157894735,0.21621621621621623,0.7027027027027027,0.4594594594594595,0.4594594594594595,8,11,26,29,74
high_score_rate_0_4,high_is_2.6,0.3143832864604259,0.2745098039215686,0.5,0.1891891891891892,0.8108108108108109,0.5,0.5,7,7,30,30,74
high_score_rate_0_4,high_is_2.6,0.3057941051738762,0.2692307692307693,0.4666666666666667,0.1891891891891892,0.7837837837837838,0.4864864864864865,0.4864864864864865,7,8,29,30,74
high_score_rate_0_4,low_is_2.6,0.1420807453416149,0.2641509433962264,0.4375,0.1891891891891892,0.7567567567567568,0.47297297297297297,0.472972972972973,7,9,28,30,74
high_score_rate_0_4,low_is_2.6,0.1432848588537211,0.2592592592592593,0.4117647058823529,0.1891891891891892,0.7297297297297297,0.4594594594594595,0.45945945945945943,7,10,27,30,74
high_score_rate_0_4,high_is_2.6,0.31698564593301437,0.24,0.46153846153846156,0.16216216216216217,0.8108108108108109,0.4864864864864865,0.4864864864864865,6,7,30,31,74
high_score_rate_0_4,low_is_2.6,0.13664651493598862,0.23529411764705885,0.42857142857142855,0.16216216216216217,0.7837837837837838,0.47297297297297297,0.47297297297297297,6,8,29,31,74
high_score_rate_0_4,low_is_2.6,0.13973112128146453,0.23076923076923078,0.4,0.16216216216216217,0.7567567567567568,0.4594594594594595,0.4594594594594595,6,9,28,31,74
high_score_rate_0_4,high_is_2.6,0.3318452380952381,0.21276595744680854,0.5,0.13513513513513514,0.8648648648648649,0.5,0.5,5,5,32,32,74
high_score_rate_0_4,high_is_2.6,0.3270490750256937,0.20833333333333334,0.45454545454545453,0.13513513513513514,0.8378378378378378,0.4864864864864865,0.4864864864864865,5,6,31,32,74
high_score_rate_0_4,high_is_2.6,0.32096141268803136,0.20408163265306126,0.4166666666666667,0.13513513513513514,0.8108108108108109,0.47297297297297297,0.472972972972973,5,7,30,32,74
high_score_rate_0_4,low_is_2.6,0.1259650548557497,0.20408163265306126,0.4166666666666667,0.13513513513513514,0.8108108108108109,0.47297297297297297,0.472972972972973,5,7,30,32,74
high_score_rate_0_4,low_is_2.6,0.13278495887191538,0.2,0.38461538461538464,0.13513513513513514,0.7837837837837838,0.4594594594594595,0.45945945945945943,5,8,29,32,74
high_score_rate_0_4,low_is_2.6,0.09774955996982651,0.18181818181818182,0.5714285714285714,0.10810810810810811,0.918918918918919,0.5135135135135135,0.5135135135135136,4,3,34,33,74
high_score_rate_0_4,low_is_2.6,0.10331689825190497,0.17777777777777778,0.5,0.10810810810810811,0.8918918918918919,0.5,0.5,4,4,33,33,74
high_score_rate_0_4,high_is_2.6,0.3392330383480826,0.17391304347826086,0.4444444444444444,0.10810810810810811,0.8648648648648649,0.4864864864864865,0.4864864864864865,4,5,32,33,74
high_score_rate_0_4,low_is_2.6,0.11029188203101246,0.17391304347826086,0.4444444444444444,0.10810810810810811,0.8648648648648649,0.4864864864864865,0.4864864864864865,4,5,32,33,74
high_score_rate_0_4,low_is_2.6,0.11442358810779862,0.1702127659574468,0.4,0.10810810810810811,0.8378378378378378,0.47297297297297297,0.47297297297297297,4,6,31,33,74
high_score_rate_0_4,low_is_2.6,0.11922719571514456,0.16666666666666669,0.36363636363636365,0.10810810810810811,0.8108108108108109,0.4594594594594595,0.4594594594594595,4,7,30,33,74
high_score_rate_0_4,low_is_2.6,0.09694562541955695,0.14285714285714288,0.6,0.08108108108108109,0.9459459459459459,0.5135135135135135,0.5135135135135135,3,2,35,34,74
high_score_rate_0_4,high_is_2.6,0.3649595687331536,0.13636363636363638,0.42857142857142855,0.08108108108108109,0.8918918918918919,0.4864864864864865,0.4864864864864865,3,4,33,34,74
high_score_rate_0_4,high_is_2.6,0.35181165470028386,0.13333333333333333,0.375,0.08108108108108109,0.8648648648648649,0.47297297297297297,0.472972972972973,3,5,32,34,74
high_score_rate_0_4,low_is_2.6,0.08069182389937107,0.10256410256410257,1.0,0.05405405405405406,1.0,0.527027027027027,0.527027027027027,2,0,37,35,74
high_score_rate_0_4,low_is_2.6,0.08913793918759161,0.1,0.6666666666666666,0.05405405405405406,0.972972972972973,0.5135135135135135,0.5135135135135136,2,1,36,35,74
high_score_rate_0_4,low_is_2.6,0.09327791956956612,0.0975609756097561,0.5,0.05405405405405406,0.9459459459459459,0.5,0.5,2,2,35,35,74
high_score_rate_0_4,high_is_2.6,0.37222222222222223,0.09302325581395349,0.3333333333333333,0.05405405405405406,0.8918918918918919,0.47297297297297297,0.47297297297297297,2,4,33,35,74
high_score_rate_0_4,high_is_2.6,0.4280377938914524,0.052631578947368425,1.0,0.02702702702702703,1.0,0.5135135135135135,0.5135135135135135,1,0,37,36,74
high_score_rate_0_4,high_is_2.6,0.44144144144144143,0.052631578947368425,1.0,0.02702702702702703,1.0,0.5135135135135135,0.5135135135135135,1,0,37,36,74
high_score_rate_0_4,low_is_2.6,0.04838709677419355,0.052631578947368425,1.0,0.02702702702702703,1.0,0.5135135135135135,0.5135135135135135,1,0,37,36,74
high_score_rate_0_4,low_is_2.6,0.06086021505376344,0.052631578947368425,1.0,0.02702702702702703,1.0,0.5135135135135135,0.5135135135135135,1,0,37,36,74
high_score_rate_0_4,high_is_2.6,0.4110207768744354,0.05128205128205129,0.5,0.02702702702702703,0.972972972972973,0.5,0.5,1,1,36,36,74
high_score_rate_0_4,high_is_2.6,0.40583136327817176,0.05,0.3333333333333333,0.02702702702702703,0.9459459459459459,0.4864864864864865,0.4864864864864865,1,2,35,36,74
high_score_rate_0_4,high_is_2.6,0.4027855543113102,0.04878048780487805,0.25,0.02702702702702703,0.918918918918919,0.47297297297297297,0.472972972972973,1,3,34,36,74
high_score_rate_0_4,high_is_2.6,0.38716583124477866,0.047619047619047616,0.2,0.02702702702702703,0.8918918918918919,0.4594594594594595,0.45945945945945943,1,4,33,36,74
high_score_rate_0_5,low_is_2.6,0.37332915622389307,0.6728971962616821,0.5142857142857142,0.972972972972973,0.08108108108108109,0.527027027027027,0.5270270270270271,36,34,3,1,74
high_score_rate_0_5,low_is_2.6,0.38997646555412924,0.6666666666666666,0.5070422535211268,0.972972972972973,0.05405405405405406,0.5135135135135135,0.5135135135135136,36,35,2,1,74
high_score_rate_0_5,high_is_2.6,0.04032258064516129,0.6666666666666666,0.5,1.0,0.0,0.5,0.5,37,37,0,0,74
high_score_rate_0_5,low_is_2.6,0.42342342342342343,0.6666666666666666,0.5,1.0,0.0,0.5,0.5,37,37,0,0,74
high_score_rate_0_5,high_is_2.6,0.09327791956956612,0.6666666666666665,0.5147058823529411,0.9459459459459459,0.10810810810810811,0.527027027027027,0.527027027027027,35,33,4,2,74
high_score_rate_0_5,low_is_2.6,0.40131465144438677,0.6605504587155964,0.5,0.972972972972973,0.02702702702702703,0.5,0.5,36,36,1,1,74
high_score_rate_0_5,high_is_2.6,0.08913793918759161,0.660377358490566,0.5072463768115942,0.9459459459459459,0.08108108108108109,0.5135135135135135,0.5135135135135135,35,34,3,2,74
high_score_rate_0_5,low_is_2.6,0.3634920634920635,0.660377358490566,0.5072463768115942,0.9459459459459459,0.08108108108108109,0.5135135135135135,0.5135135135135135,35,34,3,2,74
high_score_rate_0_5,low_is_2.6,0.34709467356820833,0.6601941747572816,0.5151515151515151,0.918918918918919,0.13513513513513514,0.527027027027027,0.5270270270270271,34,32,5,3,74
high_score_rate_0_5,high_is_2.6,0.05682795698924731,0.6545454545454545,0.4931506849315068,0.972972972972973,0.0,0.4864864864864865,0.4864864864864865,36,37,0,1,74
high_score_rate_0_5,low_is_2.6,0.41383937128617976,0.6545454545454545,0.4931506849315068,0.972972972972973,0.0,0.4864864864864865,0.4864864864864865,36,37,0,1,74
high_score_rate_0_5,high_is_2.6,0.08783959022239513,0.6542056074766355,0.5,0.9459459459459459,0.05405405405405406,0.5,0.5,35,35,2,2,74
high_score_rate_0_5,high_is_2.6,0.09694562541955695,0.6538461538461539,0.5074626865671642,0.918918918918919,0.10810810810810811,0.5135135135135135,0.5135135135135136,34,33,4,3,74
high_score_rate_0_5,low_is_2.6,0.3504542278127184,0.6538461538461539,0.5074626865671642,0.918918918918919,0.10810810810810811,0.5135135135135135,0.5135135135135136,34,33,4,3,74
high_score_rate_0_5,low_is_2.6,0.30800370113347214,0.6530612244897959,0.5245901639344263,0.8648648648648649,0.21621621621621623,0.5405405405405406,0.5405405405405406,32,29,8,5,74
high_score_rate_0_5,high_is_2.6,0.08649735981895901,0.6481481481481483,0.49295774647887325,0.9459459459459459,0.02702702702702703,0.4864864864864865,0.4864864864864865,35,36,1,2,74
high_score_rate_0_5,low_is_2.6,0.3568783068783069,0.6476190476190476,0.5,0.918918918918919,0.08108108108108109,0.5,0.5,34,34,3,3,74
high_score_rate_0_5,high_is_2.6,0.10446859903381642,0.6470588235294117,0.5076923076923077,0.8918918918918919,0.13513513513513514,0.5135135135135135,0.5135135135135135,33,32,5,4,74
high_score_rate_0_5,low_is_2.6,0.3392330383480826,0.6470588235294117,0.5076923076923077,0.8918918918918919,0.13513513513513514,0.5135135135135135,0.5135135135135135,33,32,5,4,74
high_score_rate_0_5,low_is_2.6,0.31720283533260635,0.6464646464646465,0.5161290322580645,0.8648648648648649,0.1891891891891892,0.527027027027027,0.5270270270270271,32,30,7,5,74
high_score_rate_0_5,high_is_2.6,0.07934959349593496,0.6422018348623854,0.4861111111111111,0.9459459459459459,0.0,0.47297297297297297,0.47297297297297297,35,37,0,2,74
high_score_rate_0_5,high_is_2.6,0.09769353128313893,0.6407766990291263,0.5,0.8918918918918919,0.10810810810810811,0.5,0.5,33,33,4,4,74
high_score_rate_0_5,high_is_2.6,0.11201882229919613,0.64,0.5079365079365079,0.8648648648648649,0.16216216216216217,0.5135135135135135,0.5135135135135136,32,31,6,5,74
high_score_rate_0_5,low_is_2.6,0.322584789311408,0.64,0.5079365079365079,0.8648648648648649,0.16216216216216217,0.5135135135135135,0.5135135135135136,32,31,6,5,74
high_score_rate_0_5,high_is_2.6,0.12409420289855072,0.6391752577319588,0.5166666666666667,0.8378378378378378,0.21621621621621623,0.527027027027027,0.527027027027027,31,29,8,6,74
high_score_rate_0_5,low_is_2.6,0.30283094098883573,0.6391752577319588,0.5166666666666667,0.8378378378378378,0.21621621621621623,0.527027027027027,0.527027027027027,31,29,8,6,74
high_score_rate_0_5,high_is_2.6,0.13383262780853145,0.6382978723404256,0.5263157894736842,0.8108108108108109,0.2702702702702703,0.5405405405405406,0.5405405405405406,30,27,10,7,74
high_score_rate_0_5,high_is_2.6,0.11149961149961149,0.6336633663366337,0.5,0.8648648648648649,0.13513513513513514,0.5,0.5,32,32,5,5,74
high_score_rate_0_5,low_is_2.6,0.3285371702637889,0.6336633663366337,0.5,0.8648648648648649,0.13513513513513514,0.5,0.5,32,32,5,5,74
high_score_rate_0_5,high_is_2.6,0.12007373506229341,0.6326530612244898,0.5081967213114754,0.8378378378378378,0.1891891891891892,0.5135135135135135,0.5135135135135135,31,30,7,6,74
high_score_rate_0_5,high_is_2.6,0.13205453392517438,0.631578947368421,0.5172413793103449,0.8108108108108109,0.24324324324324326,0.527027027027027,0.5270270270270271,30,28,9,7,74
high_score_rate_0_5,low_is_2.6,0.29229229229229226,0.631578947368421,0.5172413793103449,0.8108108108108109,0.24324324324324326,0.527027027027027,0.5270270270270271,30,28,9,7,74
high_score_rate_0_5,high_is_2.6,0.11455429851888288,0.6262626262626263,0.5,0.8378378378378378,0.16216216216216217,0.5,0.5,31,31,6,6,74
high_score_rate_0_5,high_is_2.6,0.1282894736842105,0.6249999999999999,0.5084745762711864,0.8108108108108109,0.21621621621621623,0.5135135135135135,0.5135135135135136,30,29,8,7,74
high_score_rate_0_5,low_is_2.6,0.2994639376218323,0.6249999999999999,0.5084745762711864,0.8108108108108109,0.21621621621621623,0.5135135135135135,0.5135135135135136,30,29,8,7,74
high_score_rate_0_5,high_is_2.6,0.13733500942803267,0.6236559139784947,0.5178571428571429,0.7837837837837838,0.2702702702702703,0.527027027027027,0.527027027027027,29,27,10,8,74
high_score_rate_0_5,low_is_2.6,0.28821194075431367,0.6170212765957447,0.5087719298245614,0.7837837837837838,0.24324324324324326,0.5135135135135135,0.5135135135135135,29,28,9,8,74
high_score_rate_0_5,high_is_2.6,0.1432848588537211,0.6153846153846154,0.5185185185185185,0.7567567567567568,0.2972972972972973,0.527027027027027,0.5270270270270271,28,26,11,9,74
high_score_rate_0_5,high_is_2.6,0.14800773119238775,0.6136363636363636,0.5294117647058824,0.7297297297297297,0.35135135135135137,0.5405405405405406,0.5405405405405406,27,24,13,10,74
high_score_rate_0_5,high_is_2.6,0.14119601328903653,0.608695652173913,0.509090909090909,0.7567567567567568,0.2702702702702703,0.5135135135135135,0.5135135135135136,28,27,10,9,74
high_score_rate_0_5,high_is_2.6,0.1466170593909329,0.6067415730337079,0.5192307692307693,0.7297297297297297,0.32432432432432434,0.527027027027027,0.527027027027027,27,25,12,10,74
high_score_rate_0_5,low_is_2.6,0.2864289077212806,0.6021505376344086,0.5,0.7567567567567568,0.24324324324324326,0.5,0.5,28,28,9,9,74
high_score_rate_0_5,high_is_2.6,0.14502701913246677,0.6,0.5094339622641509,0.7297297297297297,0.2972972972972973,0.5135135135135135,0.5135135135135135,27,26,11,10,74
high_score_rate_0_5,high_is_2.6,0.15003310162197947,0.5977011494252874,0.52,0.7027027027027027,0.35135135135135137,0.527027027027027,0.5270270270270271,26,24,13,11,74
high_score_rate_0_5,high_is_2.6,0.15203632361034675,0.5952380952380952,0.5319148936170213,0.6756756756756757,0.40540540540540543,0.5405405405405406,0.5405405405405406,25,22,15,12,74
high_score_rate_0_5,high_is_2.6,0.15142106520181514,0.5882352941176472,0.5208333333333334,0.6756756756756757,0.3783783783783784,0.527027027027027,0.527027027027027,25,23,14,12,74
high_score_rate_0_5,low_is_2.6,0.2782834412081985,0.5869565217391305,0.4909090909090909,0.7297297297297297,0.24324324324324326,0.4864864864864865,0.4864864864864865,27,28,9,10,74
high_score_rate_0_5,high_is_2.6,0.15301003344481606,0.5783132530120482,0.5217391304347826,0.6486486486486487,0.40540540540540543,0.527027027027027,0.5270270270270271,24,22,15,13,74
high_score_rate_0_5,low_is_2.6,0.2702506883060426,0.5714285714285714,0.48148148148148145,0.7027027027027027,0.24324324324324326,0.47297297297297297,0.472972972972973,26,28,9,11,74
high_score_rate_0_5,high_is_2.6,0.18301435406698563,0.5641025641025641,0.5365853658536586,0.5945945945945946,0.4864864864864865,0.5405405405405406,0.5405405405405406,22,19,18,15,74
high_score_rate_0_5,high_is_2.6,0.15557476231633535,0.5609756097560976,0.5111111111111111,0.6216216216216216,0.40540540540540543,0.5135135135135135,0.5135135135135135,23,22,15,14,74
high_score_rate_0_5,high_is_2.6,0.17480170835875536,0.5569620253164557,0.5238095238095238,0.5945945945945946,0.4594594594594595,0.527027027027027,0.5270270270270271,22,20,17,15,74
high_score_rate_0_5,low_is_2.6,0.2679161444684972,0.5555555555555556,0.4716981132075472,0.6756756756756757,0.24324324324324326,0.4594594594594595,0.45945945945945943,25,28,9,12,74
high_score_rate_0_5,high_is_2.6,0.16722595078299776,0.55,0.5116279069767442,0.5945945945945946,0.43243243243243246,0.5135135135135135,0.5135135135135136,22,21,16,15,74
high_score_rate_0_5,high_is_2.6,0.18454223794781072,0.5454545454545455,0.525,0.5675675675675675,0.4864864864864865,0.527027027027027,0.527027027027027,21,19,18,16,74
high_score_rate_0_5,low_is_2.6,0.20261024763887858,0.5454545454545455,0.525,0.5675675675675675,0.4864864864864865,0.527027027027027,0.527027027027027,21,19,18,16,74
high_score_rate_0_5,low_is_2.6,0.254824608167182,0.5454545454545454,0.47058823529411764,0.6486486486486487,0.2702702702702703,0.4594594594594595,0.4594594594594595,24,27,10,13,74
high_score_rate_0_5,high_is_2.6,0.16198501872659177,0.5432098765432098,0.5,0.5945945945945946,0.40540540540540543,0.5,0.5,22,22,15,15,74
high_score_rate_0_5,low_is_2.6,0.2619063703303385,0.5393258426966292,0.46153846153846156,0.6486486486486487,0.24324324324324326,0.44594594594594594,0.44594594594594594,24,28,9,13,74
high_score_rate_0_5,low_is_2.6,0.20573030754402874,0.5384615384615384,0.5121951219512195,0.5675675675675675,0.4594594594594595,0.5135135135135135,0.5135135135135135,21,20,17,16,74
high_score_rate_0_5,low_is_2.6,0.24035173424523693,0.5365853658536586,0.4888888888888889,0.5945945945945946,0.3783783783783784,0.4864864864864865,0.4864864864864865,22,23,14,15,74
high_score_rate_0_5,low_is_2.6,0.2508741258741259,0.5348837209302325,0.46938775510204084,0.6216216216216216,0.2972972972972973,0.4594594594594595,0.45945945945945943,23,26,11,14,74
high_score_rate_0_5,low_is_2.6,0.21311532561706875,0.5316455696202531,0.5,0.5675675675675675,0.43243243243243246,0.5,0.5,21,21,16,16,74
high_score_rate_0_5,low_is_2.6,0.2448741080948085,0.5301204819277109,0.4782608695652174,0.5945945945945946,0.35135135135135137,0.47297297297297297,0.472972972972973,22,24,13,15,74
high_score_rate_0_5,low_is_2.6,0.2523801499705114,0.5287356321839081,0.46,0.6216216216216216,0.2702702702702703,0.44594594594594594,0.44594594594594594,23,27,10,14,74
high_score_rate_0_5,high_is_2.6,0.1860624727978841,0.5263157894736842,0.5128205128205128,0.5405405405405406,0.4864864864864865,0.5135135135135135,0.5135135135135136,20,19,18,17,74
high_score_rate_0_5,low_is_2.6,0.2008403361344538,0.5263157894736842,0.5128205128205128,0.5405405405405406,0.4864864864864865,0.5135135135135135,0.5135135135135136,20,19,18,17,74
high_score_rate_0_5,low_is_2.6,0.2202660406885759,0.525,0.4883720930232558,0.5675675675675675,0.40540540540540543,0.4864864864864865,0.4864864864864865,21,22,15,16,74
high_score_rate_0_5,low_is_2.6,0.24908759124087593,0.5238095238095238,0.46808510638297873,0.5945945945945946,0.32432432432432434,0.4594594594594595,0.4594594594594595,22,25,12,15,74
high_score_rate_0_5,low_is_2.6,0.23067632850241546,0.5185185185185185,0.4772727272727273,0.5675675675675675,0.3783783783783784,0.47297297297297297,0.47297297297297297,21,23,14,16,74
high_score_rate_0_5,high_is_2.6,0.19501114827201782,0.5135135135135135,0.5135135135135135,0.5135135135135135,0.5135135135135135,0.5135135135135135,0.5135135135135135,19,18,19,18,74
high_score_rate_0_5,high_is_2.6,0.1892776719210116,0.5066666666666666,0.5,0.5135135135135135,0.4864864864864865,0.5,0.5,19,19,18,18,74
high_score_rate_0_5,low_is_2.6,0.19935897435897437,0.5066666666666666,0.5,0.5135135135135135,0.4864864864864865,0.5,0.5,19,19,18,18,74
high_score_rate_0_5,high_is_2.6,0.19935897435897437,0.4931506849315069,0.5,0.4864864864864865,0.5135135135135135,0.5,0.5,18,18,19,19,74
high_score_rate_0_5,low_is_2.6,0.1892776719210116,0.4931506849315069,0.5,0.4864864864864865,0.5135135135135135,0.5,0.5,18,18,19,19,74
high_score_rate_0_5,low_is_2.6,0.19501114827201782,0.4864864864864865,0.4864864864864865,0.4864864864864865,0.4864864864864865,0.4864864864864865,0.4864864864864865,18,19,18,19,74
high_score_rate_0_5,high_is_2.6,0.23067632850241546,0.47761194029850745,0.5333333333333333,0.43243243243243246,0.6216216216216216,0.527027027027027,0.527027027027027,16,14,23,21,74
high_score_rate_0_5,high_is_2.6,0.2008403361344538,0.47222222222222227,0.4857142857142857,0.4594594594594595,0.5135135135135135,0.4864864864864865,0.4864864864864865,17,18,19,20,74
high_score_rate_0_5,low_is_2.6,0.1860624727978841,0.47222222222222227,0.4857142857142857,0.4594594594594595,0.5135135135135135,0.4864864864864865,0.4864864864864865,17,18,19,20,74
high_score_rate_0_5,high_is_2.6,0.2202660406885759,0.47058823529411764,0.5161290322580645,0.43243243243243246,0.5945945945945946,0.5135135135135135,0.5135135135135136,16,15,22,21,74
high_score_rate_0_5,high_is_2.6,0.24908759124087593,0.46875,0.5555555555555556,0.40540540540540543,0.6756756756756757,0.5405405405405406,0.5405405405405406,15,12,25,22,74
high_score_rate_0_5,high_is_2.6,0.21311532561706875,0.463768115942029,0.5,0.43243243243243246,0.5675675675675675,0.5,0.5,16,16,21,21,74
high_score_rate_0_5,high_is_2.6,0.2448741080948085,0.46153846153846156,0.5357142857142857,0.40540540540540543,0.6486486486486487,0.527027027027027,0.5270270270270271,15,13,24,22,74
high_score_rate_0_5,high_is_2.6,0.2523801499705114,0.45901639344262296,0.5833333333333334,0.3783783783783784,0.7297297297297297,0.5540540540540541,0.5540540540540541,14,10,27,23,74
high_score_rate_0_5,high_is_2.6,0.20573030754402874,0.45714285714285713,0.48484848484848486,0.43243243243243246,0.5405405405405406,0.4864864864864865,0.4864864864864865,16,17,20,21,74
high_score_rate_0_5,high_is_2.6,0.24035173424523693,0.4545454545454546,0.5172413793103449,0.40540540540540543,0.6216216216216216,0.5135135135135135,0.5135135135135135,15,14,23,22,74
high_score_rate_0_5,high_is_2.6,0.2508741258741259,0.4516129032258065,0.56,0.3783783783783784,0.7027027027027027,0.5405405405405406,0.5405405405405406,14,11,26,23,74
high_score_rate_0_5,high_is_2.6,0.20261024763887858,0.4507042253521127,0.47058823529411764,0.43243243243243246,0.5135135135135135,0.47297297297297297,0.47297297297297297,16,18,19,21,74
high_score_rate_0_5,low_is_2.6,0.18454223794781072,0.4507042253521127,0.47058823529411764,0.43243243243243246,0.5135135135135135,0.47297297297297297,0.47297297297297297,16,18,19,21,74
high_score_rate_0_5,low_is_2.6,0.16198501872659177,0.4477611940298507,0.5,0.40540540540540543,0.5945945945945946,0.5,0.5,15,15,22,22,74
high_score_rate_0_5,low_is_2.6,0.16722595078299776,0.4411764705882353,0.4838709677419355,0.40540540540540543,0.5675675675675675,0.4864864864864865,0.4864864864864865,15,16,21,22,74
high_score_rate_0_5,high_is_2.6,0.2619063703303385,0.4406779661016949,0.5909090909090909,0.35135135135135137,0.7567567567567568,0.5540540540540541,0.5540540540540541,13,9,28,24,74
high_score_rate_0_5,low_is_2.6,0.17480170835875536,0.43478260869565216,0.46875,0.40540540540540543,0.5405405405405406,0.47297297297297297,0.472972972972973,15,17,20,22,74
high_score_rate_0_5,high_is_2.6,0.254824608167182,0.43333333333333335,0.5652173913043478,0.35135135135135137,0.7297297297297297,0.5405405405405406,0.5405405405405406,13,10,27,24,74
high_score_rate_0_5,low_is_2.6,0.18301435406698563,0.42857142857142855,0.45454545454545453,0.40540540540540543,0.5135135135135135,0.4594594594594595,0.45945945945945943,15,18,19,22,74
high_score_rate_0_5,low_is_2.6,0.15557476231633535,0.42424242424242425,0.4827586206896552,0.3783783783783784,0.5945945945945946,0.4864864864864865,0.4864864864864865,14,15,22,23,74
high_score_rate_0_5,high_is_2.6,0.2679161444684972,0.41379310344827586,0.5714285714285714,0.32432432432432434,0.7567567567567568,0.5405405405405406,0.5405405405405406,12,9,28,25,74
high_score_rate_0_5,low_is_2.6,0.15301003344481606,0.39999999999999997,0.4642857142857143,0.35135135135135137,0.5945945945945946,0.47297297297297297,0.472972972972973,13,15,22,24,74
high_score_rate_0_5,high_is_2.6,0.2702506883060426,0.38596491228070173,0.55,0.2972972972972973,0.7567567567567568,0.527027027027027,0.5270270270270271,11,9,28,26,74
high_score_rate_0_5,low_is_2.6,0.15142106520181514,0.38095238095238093,0.46153846153846156,0.32432432432432434,0.6216216216216216,0.47297297297297297,0.47297297297297297,12,14,23,25,74
high_score_rate_0_5,low_is_2.6,0.15203632361034675,0.375,0.4444444444444444,0.32432432432432434,0.5945945945945946,0.4594594594594595,0.4594594594594595,12,15,22,25,74
high_score_rate_0_5,low_is_2.6,0.15003310162197947,0.36065573770491804,0.4583333333333333,0.2972972972972973,0.6486486486486487,0.47297297297297297,0.472972972972973,11,13,24,26,74
high_score_rate_0_5,high_is_2.6,0.2782834412081985,0.35714285714285715,0.5263157894736842,0.2702702702702703,0.7567567567567568,0.5135135135135135,0.5135135135135136,10,9,28,27,74
high_score_rate_0_5,low_is_2.6,0.14502701913246677,0.3448275862068966,0.47619047619047616,0.2702702702702703,0.7027027027027027,0.4864864864864865,0.4864864864864865,10,11,26,27,74
high_score_rate_0_5,low_is_2.6,0.1466170593909329,0.33898305084745767,0.45454545454545453,0.2702702702702703,0.6756756756756757,0.47297297297297297,0.47297297297297297,10,12,25,27,74
high_score_rate_0_5,low_is_2.6,0.14800773119238775,0.3333333333333333,0.43478260869565216,0.2702702702702703,0.6486486486486487,0.4594594594594595,0.4594594594594595,10,13,24,27,74
high_score_rate_0_5,high_is_2.6,0.2864289077212806,0.3272727272727273,0.5,0.24324324324324326,0.7567567567567568,0.5,0.5,9,9,28,28,74
high_score_rate_0_5,low_is_2.6,0.14119601328903653,0.3214285714285714,0.47368421052631576,0.24324324324324326,0.7297297297297297,0.4864864864864865,0.4864864864864865,9,10,27,28,74
high_score_rate_0_5,low_is_2.6,0.1432848588537211,0.3157894736842105,0.45,0.24324324324324326,0.7027027027027027,0.47297297297297297,0.472972972972973,9,11,26,28,74
high_score_rate_0_5,high_is_2.6,0.28821194075431367,0.29629629629629634,0.47058823529411764,0.21621621621621623,0.7567567567567568,0.4864864864864865,0.4864864864864865,8,9,28,29,74
high_score_rate_0_5,low_is_2.6,0.13733500942803267,0.2909090909090909,0.4444444444444444,0.21621621621621623,0.7297297297297297,0.47297297297297297,0.47297297297297297,8,10,27,29,74
high_score_rate_0_5,high_is_2.6,0.2994639376218323,0.2692307692307693,0.4666666666666667,0.1891891891891892,0.7837837837837838,0.4864864864864865,0.4864864864864865,7,8,29,30,74
high_score_rate_0_5,low_is_2.6,0.1282894736842105,0.2692307692307693,0.4666666666666667,0.1891891891891892,0.7837837837837838,0.4864864864864865,0.4864864864864865,7,8,29,30,74
high_score_rate_0_5,high_is_2.6,0.29229229229229226,0.2641509433962264,0.4375,0.1891891891891892,0.7567567567567568,0.47297297297297297,0.472972972972973,7,9,28,30,74
high_score_rate_0_5,low_is_2.6,0.13205453392517438,0.2641509433962264,0.4375,0.1891891891891892,0.7567567567567568,0.47297297297297297,0.472972972972973,7,9,28,30,74
high_score_rate_0_5,low_is_2.6,0.13383262780853145,0.2592592592592593,0.4117647058823529,0.1891891891891892,0.7297297297297297,0.4594594594594595,0.45945945945945943,7,10,27,30,74
high_score_rate_0_5,low_is_2.6,0.11455429851888288,0.2448979591836735,0.5,0.16216216216216217,0.8378378378378378,0.5,0.5,6,6,31,31,74
high_score_rate_0_5,low_is_2.6,0.12007373506229341,0.24,0.46153846153846156,0.16216216216216217,0.8108108108108109,0.4864864864864865,0.4864864864864865,6,7,30,31,74
high_score_rate_0_5,high_is_2.6,0.30283094098883573,0.23529411764705885,0.42857142857142855,0.16216216216216217,0.7837837837837838,0.47297297297297297,0.47297297297297297,6,8,29,31,74
high_score_rate_0_5,low_is_2.6,0.12409420289855072,0.23529411764705885,0.42857142857142855,0.16216216216216217,0.7837837837837838,0.47297297297297297,0.47297297297297297,6,8,29,31,74
high_score_rate_0_5,high_is_2.6,0.3285371702637889,0.21276595744680854,0.5,0.13513513513513514,0.8648648648648649,0.5,0.5,5,5,32,32,74
high_score_rate_0_5,low_is_2.6,0.11149961149961149,0.21276595744680854,0.5,0.13513513513513514,0.8648648648648649,0.5,0.5,5,5,32,32,74
high_score_rate_0_5,high_is_2.6,0.322584789311408,0.20833333333333334,0.45454545454545453,0.13513513513513514,0.8378378378378378,0.4864864864864865,0.4864864864864865,5,6,31,32,74
high_score_rate_0_5,low_is_2.6,0.11201882229919613,0.20833333333333334,0.45454545454545453,0.13513513513513514,0.8378378378378378,0.4864864864864865,0.4864864864864865,5,6,31,32,74
high_score_rate_0_5,high_is_2.6,0.31720283533260635,0.20408163265306126,0.4166666666666667,0.13513513513513514,0.8108108108108109,0.47297297297297297,0.472972972972973,5,7,30,32,74
high_score_rate_0_5,high_is_2.6,0.30800370113347214,0.2,0.38461538461538464,0.13513513513513514,0.7837837837837838,0.4594594594594595,0.45945945945945943,5,8,29,32,74
high_score_rate_0_5,low_is_2.6,0.09769353128313893,0.17777777777777778,0.5,0.10810810810810811,0.8918918918918919,0.5,0.5,4,4,33,33,74
high_score_rate_0_5,high_is_2.6,0.3392330383480826,0.17391304347826086,0.4444444444444444,0.10810810810810811,0.8648648648648649,0.4864864864864865,0.4864864864864865,4,5,32,33,74
high_score_rate_0_5,low_is_2.6,0.10446859903381642,0.17391304347826086,0.4444444444444444,0.10810810810810811,0.8648648648648649,0.4864864864864865,0.4864864864864865,4,5,32,33,74
high_score_rate_0_5,high_is_2.6,0.3568783068783069,0.13953488372093023,0.5,0.08108108108108109,0.918918918918919,0.5,0.5,3,3,34,34,74
high_score_rate_0_5,high_is_2.6,0.3504542278127184,0.13636363636363638,0.42857142857142855,0.08108108108108109,0.8918918918918919,0.4864864864864865,0.4864864864864865,3,4,33,34,74
high_score_rate_0_5,low_is_2.6,0.09694562541955695,0.13636363636363638,0.42857142857142855,0.08108108108108109,0.8918918918918919,0.4864864864864865,0.4864864864864865,3,4,33,34,74
high_score_rate_0_5,high_is_2.6,0.34709467356820833,0.13333333333333333,0.375,0.08108108108108109,0.8648648648648649,0.47297297297297297,0.472972972972973,3,5,32,34,74
high_score_rate_0_5,low_is_2.6,0.07934959349593496,0.10256410256410257,1.0,0.05405405405405406,1.0,0.527027027027027,0.527027027027027,2,0,37,35,74
high_score_rate_0_5,low_is_2.6,0.08649735981895901,0.1,0.6666666666666666,0.05405405405405406,0.972972972972973,0.5135135135135135,0.5135135135135136,2,1,36,35,74
high_score_rate_0_5,low_is_2.6,0.08783959022239513,0.0975609756097561,0.5,0.05405405405405406,0.9459459459459459,0.5,0.5,2,2,35,35,74
high_score_rate_0_5,high_is_2.6,0.3634920634920635,0.09523809523809523,0.4,0.05405405405405406,0.918918918918919,0.4864864864864865,0.4864864864864865,2,3,34,35,74
high_score_rate_0_5,low_is_2.6,0.08913793918759161,0.09523809523809523,0.4,0.05405405405405406,0.918918918918919,0.4864864864864865,0.4864864864864865,2,3,34,35,74
high_score_rate_0_5,low_is_2.6,0.09327791956956612,0.09302325581395349,0.3333333333333333,0.05405405405405406,0.8918918918918919,0.47297297297297297,0.47297297297297297,2,4,33,35,74
high_score_rate_0_5,high_is_2.6,0.41383937128617976,0.052631578947368425,1.0,0.02702702702702703,1.0,0.5135135135135135,0.5135135135135135,1,0,37,36,74
high_score_rate_0_5,high_is_2.6,0.42342342342342343,0.052631578947368425,1.0,0.02702702702702703,1.0,0.5135135135135135,0.5135135135135135,1,0,37,36,74
high_score_rate_0_5,low_is_2.6,0.04032258064516129,0.052631578947368425,1.0,0.02702702702702703,1.0,0.5135135135135135,0.5135135135135135,1,0,37,36,74
high_score_rate_0_5,low_is_2.6,0.05682795698924731,0.052631578947368425,1.0,0.02702702702702703,1.0,0.5135135135135135,0.5135135135135135,1,0,37,36,74
high_score_rate_0_5,high_is_2.6,0.40131465144438677,0.05128205128205129,0.5,0.02702702702702703,0.972972972972973,0.5,0.5,1,1,36,36,74
high_score_rate_0_5,high_is_2.6,0.38997646555412924,0.05,0.3333333333333333,0.02702702702702703,0.9459459459459459,0.4864864864864865,0.4864864864864865,1,2,35,36,74
high_score_rate_0_5,high_is_2.6,0.37332915622389307,0.04878048780487805,0.25,0.02702702702702703,0.918918918918919,0.47297297297297297,0.472972972972973,1,3,34,36,74
high_score_rate_0_6,low_is_2.6,0.3654665118079752,0.6728971962616821,0.5142857142857142,0.972972972972973,0.08108108108108109,0.527027027027027,0.5270270270270271,36,34,3,1,74
high_score_rate_0_6,high_is_2.6,0.09132610508757298,0.6666666666666666,0.5230769230769231,0.918918918918919,0.16216216216216217,0.5405405405405406,0.5405405405405406,34,31,6,3,74
high_score_rate_0_6,low_is_2.6,0.3704268292682927,0.6666666666666666,0.5070422535211268,0.972972972972973,0.05405405405405406,0.5135135135135135,0.5135135135135136,36,35,2,1,74
high_score_rate_0_6,high_is_2.6,0.04032258064516129,0.6666666666666666,0.5,1.0,0.0,0.5,0.5,37,37,0,0,74
high_score_rate_0_6,low_is_2.6,0.4144144144144144,0.6666666666666666,0.5,1.0,0.0,0.5,0.5,37,37,0,0,74
high_score_rate_0_6,high_is_2.6,0.08874060438717594,0.6666666666666665,0.5147058823529411,0.9459459459459459,0.10810810810810811,0.527027027027027,0.527027027027027,35,33,4,2,74
high_score_rate_0_6,low_is_2.6,0.37898936170212766,0.6605504587155964,0.5,0.972972972972973,0.02702702702702703,0.5,0.5,36,36,1,1,74
high_score_rate_0_6,high_is_2.6,0.08365930357416781,0.660377358490566,0.5072463768115942,0.9459459459459459,0.08108108108108109,0.5135135135135135,0.5135135135135135,35,34,3,2,74
high_score_rate_0_6,low_is_2.6,0.3492063492063492,0.660377358490566,0.5072463768115942,0.9459459459459459,0.08108108108108109,0.5135135135135135,0.5135135135135135,35,34,3,2,74
high_score_rate_0_6,high_is_2.6,0.09056732740943267,0.6601941747572816,0.5151515151515151,0.918918918918919,0.13513513513513514,0.527027027027027,0.5270270270270271,34,32,5,3,74
high_score_rate_0_6,high_is_2.6,0.05682795698924731,0.6545454545454545,0.4931506849315068,0.972972972972973,0.0,0.4864864864864865,0.4864864864864865,36,37,0,1,74
high_score_rate_0_6,low_is_2.6,0.39869656890933486,0.6545454545454545,0.4931506849315068,0.972972972972973,0.0,0.4864864864864865,0.4864864864864865,36,37,0,1,74
high_score_rate_0_6,high_is_2.6,0.07829394015589641,0.6542056074766355,0.5,0.9459459459459459,0.05405405405405406,0.5,0.5,35,35,2,2,74
high_score_rate_0_6,high_is_2.6,0.08982822910935875,0.6538461538461539,0.5074626865671642,0.918918918918919,0.10810810810810811,0.5135135135135135,0.5135135135135136,34,33,4,3,74
high_score_rate_0_6,high_is_2.6,0.09637661013807802,0.6534653465346535,0.515625,0.8918918918918919,0.16216216216216217,0.527027027027027,0.527027027027027,33,31,6,4,74
high_score_rate_0_6,low_is_2.6,0.30697616683217477,0.6534653465346535,0.515625,0.8918918918918919,0.16216216216216217,0.527027027027027,0.527027027027027,33,31,6,4,74
high_score_rate_0_6,high_is_2.6,0.07670327207530256,0.6481481481481483,0.49295774647887325,0.9459459459459459,0.02702702702702703,0.4864864864864865,0.4864864864864865,35,36,1,2,74
high_score_rate_0_6,low_is_2.6,0.32978723404255317,0.6476190476190476,0.5,0.918918918918919,0.08108108108108109,0.5,0.5,34,34,3,3,74
high_score_rate_0_6,low_is_2.6,0.3163746630727763,0.6470588235294117,0.5076923076923077,0.8918918918918919,0.13513513513513514,0.5135135135135135,0.5135135135135135,33,32,5,4,74
high_score_rate_0_6,high_is_2.6,0.11163032191069575,0.6464646464646465,0.5161290322580645,0.8648648648648649,0.1891891891891892,0.527027027027027,0.5270270270270271,32,30,7,5,74
high_score_rate_0_6,high_is_2.6,0.11775362318840579,0.6458333333333334,0.5254237288135594,0.8378378378378378,0.24324324324324326,0.5405405405405406,0.5405405405405406,31,28,9,6,74
high_score_rate_0_6,low_is_2.6,0.28089225589225586,0.6458333333333334,0.5254237288135594,0.8378378378378378,0.24324324324324326,0.5405405405405406,0.5405405405405406,31,28,9,6,74
high_score_rate_0_6,high_is_2.6,0.12537425149700598,0.6451612903225806,0.5357142857142857,0.8108108108108109,0.2972972972972973,0.5540540540540541,0.5540540540540541,30,26,11,7,74
high_score_rate_0_6,high_is_2.6,0.07471014492753623,0.6422018348623854,0.4861111111111111,0.9459459459459459,0.0,0.47297297297297297,0.47297297297297297,35,37,0,2,74
high_score_rate_0_6,low_is_2.6,0.3227513227513228,0.6407766990291263,0.5,0.8918918918918919,0.10810810810810811,0.5,0.5,33,33,4,4,74
high_score_rate_0_6,high_is_2.6,0.10606060606060605,0.64,0.5079365079365079,0.8648648648648649,0.16216216216216217,0.5135135135135135,0.5135135135135136,32,31,6,5,74
high_score_rate_0_6,low_is_2.6,0.3017582673497904,0.64,0.5079365079365079,0.8648648648648649,0.16216216216216217,0.5135135135135135,0.5135135135135136,32,31,6,5,74
high_score_rate_0_6,high_is_2.6,0.11493303980920933,0.6391752577319588,0.5166666666666667,0.8378378378378378,0.21621621621621623,0.527027027027027,0.527027027027027,31,29,8,6,74
high_score_rate_0_6,low_is_2.6,0.2819621147865423,0.6391752577319588,0.5166666666666667,0.8378378378378378,0.21621621621621623,0.527027027027027,0.527027027027027,31,29,8,6,74
high_score_rate_0_6,high_is_2.6,0.12274096385542169,0.6382978723404256,0.5263157894736842,0.8108108108108109,0.2702702702702703,0.5405405405405406,0.5405405405405406,30,27,10,7,74
high_score_rate_0_6,low_is_2.6,0.3251576044129236,0.6346153846153846,0.4925373134328358,0.8918918918918919,0.08108108108108109,0.4864864864864865,0.4864864864864865,33,34,3,4,74
high_score_rate_0_6,high_is_2.6,0.11303679167159589,0.6326530612244898,0.5081967213114754,0.8378378378378378,0.1891891891891892,0.5135135135135135,0.5135135135135135,31,30,7,6,74
high_score_rate_0_6,low_is_2.6,0.2887033884342908,0.6326530612244898,0.5081967213114754,0.8378378378378378,0.1891891891891892,0.5135135135135135,0.5135135135135135,31,30,7,6,74
high_score_rate_0_6,high_is_2.6,0.12002357255107386,0.631578947368421,0.5172413793103449,0.8108108108108109,0.24324324324324326,0.527027027027027,0.5270270270270271,30,28,9,7,74
high_score_rate_0_6,low_is_2.6,0.27998202362609137,0.631578947368421,0.5172413793103449,0.8108108108108109,0.24324324324324326,0.527027027027027,0.5270270270270271,30,28,9,7,74
high_score_rate_0_6,high_is_2.6,0.12593731456006904,0.6304347826086956,0.5272727272727272,0.7837837837837838,0.2972972972972973,0.5405405405405406,0.5405405405405406,29,26,11,8,74
high_score_rate_0_6,low_is_2.6,0.2979244922645954,0.6262626262626263,0.5,0.8378378378378378,0.16216216216216217,0.5,0.5,31,31,6,6,74
high_score_rate_0_6,low_is_2.6,0.2794701481142159,0.6170212765957447,0.5087719298245614,0.7837837837837838,0.24324324324324326,0.5135135135135135,0.5135135135135135,29,28,9,8,74
high_score_rate_0_6,high_is_2.6,0.13283050492352816,0.6153846153846154,0.5185185185185185,0.7567567567567568,0.2972972972972973,0.527027027027027,0.5270270270270271,28,26,11,9,74
high_score_rate_0_6,high_is_2.6,0.14354395604395603,0.6136363636363636,0.5294117647058824,0.7297297297297297,0.35135135135135137,0.5405405405405406,0.5405405405405406,27,24,13,10,74
high_score_rate_0_6,high_is_2.6,0.14205004035512508,0.6067415730337079,0.5192307692307693,0.7297297297297297,0.32432432432432434,0.527027027027027,0.527027027027027,27,25,12,10,74
high_score_rate_0_6,low_is_2.6,0.2715840840840841,0.6021505376344086,0.5,0.7567567567567568,0.24324324324324326,0.5,0.5,28,28,9,9,74
high_score_rate_0_6,high_is_2.6,0.1403889107870188,0.6,0.5094339622641509,0.7297297297297297,0.2972972972972973,0.5135135135135135,0.5135135135135135,27,26,11,10,74
high_score_rate_0_6,high_is_2.6,0.14457915273132665,0.5977011494252874,0.52,0.7027027027027027,0.35135135135135137,0.527027027027027,0.5270270270270271,26,24,13,11,74
high_score_rate_0_6,high_is_2.6,0.147732135216089,0.5882352941176472,0.5208333333333334,0.6756756756756757,0.3783783783783784,0.527027027027027,0.527027027027027,25,23,14,12,74
high_score_rate_0_6,low_is_2.6,0.263012405609493,0.5869565217391305,0.4909090909090909,0.7297297297297297,0.24324324324324326,0.4864864864864865,0.4864864864864865,27,28,9,10,74
high_score_rate_0_6,high_is_2.6,0.1456344998232591,0.5813953488372092,0.5102040816326531,0.6756756756756757,0.35135135135135137,0.5135135135135135,0.5135135135135135,25,24,13,12,74
high_score_rate_0_6,low_is_2.6,0.2383206106870229,0.5747126436781609,0.5,0.6756756756756757,0.32432432432432434,0.5,0.5,25,25,12,12,74
high_score_rate_0_6,high_is_2.6,0.15003310162197947,0.5714285714285715,0.5106382978723404,0.6486486486486487,0.3783783783783784,0.5135135135135135,0.5135135135135136,24,23,14,13,74
high_score_rate_0_6,low_is_2.6,0.25793363280683956,0.5714285714285714,0.48148148148148145,0.7027027027027027,0.24324324324324326,0.47297297297297297,0.472972972972973,26,28,9,11,74
high_score_rate_0_6,low_is_2.6,0.2438938053097345,0.5681818181818181,0.49019607843137253,0.6756756756756757,0.2972972972972973,0.4864864864864865,0.4864864864864865,25,26,11,12,74
high_score_rate_0_6,low_is_2.6,0.2497679311838604,0.5617977528089887,0.4807692307692308,0.6756756756756757,0.2702702702702703,0.47297297297297297,0.47297297297297297,25,27,10,12,74
high_score_rate_0_6,high_is_2.6,0.15412338350646598,0.5609756097560976,0.5111111111111111,0.6216216216216216,0.40540540540540543,0.5135135135135135,0.5135135135135135,23,22,15,14,74
high_score_rate_0_6,low_is_2.6,0.2355081106870229,0.5581395348837208,0.4897959183673469,0.6486486486486487,0.32432432432432434,0.4864864864864865,0.4864864864864865,24,25,12,13,74
high_score_rate_0_6,low_is_2.6,0.2527397975159169,0.5555555555555556,0.4716981132075472,0.6756756756756757,0.24324324324324326,0.4594594594594595,0.45945945945945943,25,28,9,12,74
high_score_rate_0_6,high_is_2.6,0.15877930119416186,0.55,0.5116279069767442,0.5945945945945946,0.43243243243243246,0.5135135135135135,0.5135135135135136,22,21,16,15,74
high_score_rate_0_6,low_is_2.6,0.23124615249318442,0.5476190476190476,0.48936170212765956,0.6216216216216216,0.35135135135135137,0.4864864864864865,0.4864864864864865,23,24,13,14,74
high_score_rate_0_6,high_is_2.6,0.1679496973614621,0.5454545454545455,0.525,0.5675675675675675,0.4864864864864865,0.527027027027027,0.527027027027027,21,19,18,16,74
high_score_rate_0_6,low_is_2.6,0.187008123889312,0.5454545454545455,0.525,0.5675675675675675,0.4864864864864865,0.527027027027027,0.527027027027027,21,19,18,16,74
high_score_rate_0_6,high_is_2.6,0.15759905381431105,0.5432098765432098,0.5,0.5945945945945946,0.40540540540540543,0.5,0.5,22,22,15,15,74
high_score_rate_0_6,low_is_2.6,0.21824621397166585,0.5432098765432098,0.5,0.5945945945945946,0.40540540540540543,0.5,0.5,22,22,15,15,74
high_score_rate_0_6,low_is_2.6,0.2339758211678832,0.5411764705882353,0.4791666666666667,0.6216216216216216,0.32432432432432434,0.47297297297297297,0.47297297297297297,23,25,12,14,74
high_score_rate_0_6,high_is_2.6,0.16780870136574835,0.5384615384615384,0.5121951219512195,0.5675675675675675,0.4594594594594595,0.5135135135135135,0.5135135135135135,21,20,17,16,74
high_score_rate_0_6,low_is_2.6,0.18971157985363754,0.5384615384615384,0.5121951219512195,0.5675675675675675,0.4594594594594595,0.5135135135135135,0.5135135135135135,21,20,17,16,74
high_score_rate_0_6,low_is_2.6,0.2206616729088639,0.5365853658536586,0.4888888888888889,0.5945945945945946,0.3783783783783784,0.4864864864864865,0.4864864864864865,22,23,14,15,74
high_score_rate_0_6,low_is_2.6,0.18551294657489348,0.5333333333333333,0.5263157894736842,0.5405405405405406,0.5135135135135135,0.527027027027027,0.527027027027027,20,18,19,17,74
high_score_rate_0_6,high_is_2.6,0.16372455022277366,0.5316455696202531,0.5,0.5675675675675675,0.43243243243243246,0.5,0.5,21,21,16,16,74
high_score_rate_0_6,low_is_2.6,0.1942437232088181,0.5316455696202531,0.5,0.5675675675675675,0.43243243243243246,0.5,0.5,21,21,16,16,74
high_score_rate_0_6,low_is_2.6,0.2255689424364123,0.5301204819277109,0.4782608695652174,0.5945945945945946,0.35135135135135137,0.47297297297297297,0.472972972972973,22,24,13,15,74
high_score_rate_0_6,high_is_2.6,0.1716830158358164,0.5263157894736842,0.5128205128205128,0.5405405405405406,0.4864864864864865,0.5135135135135135,0.5135135135135136,20,19,18,17,74
high_score_rate_0_6,low_is_2.6,0.18586907193101884,0.5263157894736842,0.5128205128205128,0.5405405405405406,0.4864864864864865,0.5135135135135135,0.5135135135135136,20,19,18,17,74
high_score_rate_0_6,low_is_2.6,0.20728720146968768,0.525,0.4883720930232558,0.5675675675675675,0.40540540540540543,0.4864864864864865,0.4864864864864865,21,22,15,16,74
high_score_rate_0_6,low_is_2.6,0.1846978557504873,0.5135135135135135,0.5135135135135135,0.5135135135135135,0.5135135135135135,0.5135135135135135,0.5135135135135135,19,18,19,18,74
high_score_rate_0_6,high_is_2.6,0.17975466554833297,0.5066666666666666,0.5,0.5135135135135135,0.4864864864864865,0.5,0.5,19,19,18,18,74
high_score_rate_0_6,low_is_2.6,0.17975466554833297,0.4931506849315069,0.5,0.4864864864864865,0.5135135135135135,0.5,0.5,18,18,19,19,74
high_score_rate_0_6,high_is_2.6,0.1846978557504873,0.4864864864864865,0.4864864864864865,0.4864864864864865,0.4864864864864865,0.4864864864864865,0.4864864864864865,18,19,18,19,74
high_score_rate_0_6,high_is_2.6,0.18586907193101884,0.47222222222222227,0.4857142857142857,0.4594594594594595,0.5135135135135135,0.4864864864864865,0.4864864864864865,17,18,19,20,74
high_score_rate_0_6,low_is_2.6,0.1716830158358164,0.47222222222222227,0.4857142857142857,0.4594594594594595,0.5135135135135135,0.4864864864864865,0.4864864864864865,17,18,19,20,74
high_score_rate_0_6,high_is_2.6,0.20728720146968768,0.47058823529411764,0.5161290322580645,0.43243243243243246,0.5945945945945946,0.5135135135135135,0.5135135135135136,16,15,22,21,74
high_score_rate_0_6,high_is_2.6,0.18551294657489348,0.4657534246575342,0.4722222222222222,0.4594594594594595,0.4864864864864865,0.47297297297297297,0.472972972972973,17,19,18,20,74
high_score_rate_0_6,high_is_2.6,0.1942437232088181,0.463768115942029,0.5,0.43243243243243246,0.5675675675675675,0.5,0.5,16,16,21,21,74
high_score_rate_0_6,low_is_2.6,0.16372455022277366,0.463768115942029,0.5,0.43243243243243246,0.5675675675675675,0.5,0.5,16,16,21,21,74
high_score_rate_0_6,high_is_2.6,0.2255689424364123,0.46153846153846156,0.5357142857142857,0.40540540540540543,0.6486486486486487,0.527027027027027,0.5270270270270271,15,13,24,22,74
high_score_rate_0_6,high_is_2.6,0.18971157985363754,0.45714285714285713,0.48484848484848486,0.43243243243243246,0.5405405405405406,0.4864864864864865,0.4864864864864865,16,17,20,21,74
high_score_rate_0_6,low_is_2.6,0.16780870136574835,0.45714285714285713,0.48484848484848486,0.43243243243243246,0.5405405405405406,0.4864864864864865,0.4864864864864865,16,17,20,21,74
high_score_rate_0_6,high_is_2.6,0.2206616729088639,0.4545454545454546,0.5172413793103449,0.40540540540540543,0.6216216216216216,0.5135135135135135,0.5135135135135135,15,14,23,22,74
high_score_rate_0_6,high_is_2.6,0.187008123889312,0.4507042253521127,0.47058823529411764,0.43243243243243246,0.5135135135135135,0.47297297297297297,0.47297297297297297,16,18,19,21,74
high_score_rate_0_6,low_is_2.6,0.1679496973614621,0.4507042253521127,0.47058823529411764,0.43243243243243246,0.5135135135135135,0.47297297297297297,0.47297297297297297,16,18,19,21,74
high_score_rate_0_6,high_is_2.6,0.21824621397166585,0.4477611940298507,0.5,0.40540540540540543,0.5945945945945946,0.5,0.5,15,15,22,22,74
high_score_rate_0_6,low_is_2.6,0.15759905381431105,0.4477611940298507,0.5,0.40540540540540543,0.5945945945945946,0.5,0.5,15,15,22,22,74
high_score_rate_0_6,high_is_2.6,0.2339758211678832,0.4444444444444445,0.5384615384615384,0.3783783783783784,0.6756756756756757,0.527027027027027,0.527027027027027,14,12,25,23,74
high_score_rate_0_6,low_is_2.6,0.15877930119416186,0.4411764705882353,0.4838709677419355,0.40540540540540543,0.5675675675675675,0.4864864864864865,0.4864864864864865,15,16,21,22,74
high_score_rate_0_6,high_is_2.6,0.23124615249318442,0.4375,0.5185185185185185,0.3783783783783784,0.6486486486486487,0.5135135135135135,0.5135135135135136,14,13,24,23,74
high_score_rate_0_6,low_is_2.6,0.15412338350646598,0.42424242424242425,0.4827586206896552,0.3783783783783784,0.5945945945945946,0.4864864864864865,0.4864864864864865,14,15,22,23,74
high_score_rate_0_6,high_is_2.6,0.2355081106870229,0.4193548387096775,0.52,0.35135135135135137,0.6756756756756757,0.5135135135135135,0.5135135135135135,13,12,25,24,74
high_score_rate_0_6,high_is_2.6,0.2527397975159169,0.41379310344827586,0.5714285714285714,0.32432432432432434,0.7567567567567568,0.5405405405405406,0.5405405405405406,12,9,28,25,74
high_score_rate_0_6,high_is_2.6,0.2497679311838604,0.4067796610169491,0.5454545454545454,0.32432432432432434,0.7297297297297297,0.527027027027027,0.527027027027027,12,10,27,25,74
high_score_rate_0_6,low_is_2.6,0.15003310162197947,0.40625,0.48148148148148145,0.35135135135135137,0.6216216216216216,0.4864864864864865,0.4864864864864865,13,14,23,24,74
high_score_rate_0_6,high_is_2.6,0.2438938053097345,0.4,0.5217391304347826,0.32432432432432434,0.7027027027027027,0.5135135135135135,0.5135135135135136,12,11,26,25,74
high_score_rate_0_6,high_is_2.6,0.2383206106870229,0.39344262295081966,0.5,0.32432432432432434,0.6756756756756757,0.5,0.5,12,12,25,25,74
high_score_rate_0_6,low_is_2.6,0.1456344998232591,0.3870967741935484,0.48,0.32432432432432434,0.6486486486486487,0.4864864864864865,0.4864864864864865,12,13,24,25,74
high_score_rate_0_6,high_is_2.6,0.25793363280683956,0.38596491228070173,0.55,0.2972972972972973,0.7567567567567568,0.527027027027027,0.5270270270270271,11,9,28,26,74
high_score_rate_0_6,low_is_2.6,0.147732135216089,0.38095238095238093,0.46153846153846156,0.32432432432432434,0.6216216216216216,0.47297297297297297,0.47297297297297297,12,14,23,25,74
high_score_rate_0_6,low_is_2.6,0.14457915273132665,0.36065573770491804,0.4583333333333333,0.2972972972972973,0.6486486486486487,0.47297297297297297,0.472972972972973,11,13,24,26,74
high_score_rate_0_6,high_is_2.6,0.263012405609493,0.35714285714285715,0.5263157894736842,0.2702702702702703,0.7567567567567568,0.5135135135135135,0.5135135135135136,10,9,28,27,74
high_score_rate_0_6,low_is_2.6,0.1403889107870188,0.3448275862068966,0.47619047619047616,0.2702702702702703,0.7027027027027027,0.4864864864864865,0.4864864864864865,10,11,26,27,74
high_score_rate_0_6,low_is_2.6,0.14205004035512508,0.33898305084745767,0.45454545454545453,0.2702702702702703,0.6756756756756757,0.47297297297297297,0.47297297297297297,10,12,25,27,74
high_score_rate_0_6,low_is_2.6,0.14354395604395603,0.3333333333333333,0.43478260869565216,0.2702702702702703,0.6486486486486487,0.4594594594594595,0.4594594594594595,10,13,24,27,74
high_score_rate_0_6,high_is_2.6,0.2715840840840841,0.3272727272727273,0.5,0.24324324324324326,0.7567567567567568,0.5,0.5,9,9,28,28,74
high_score_rate_0_6,low_is_2.6,0.13283050492352816,0.3157894736842105,0.45,0.24324324324324326,0.7027027027027027,0.47297297297297297,0.472972972972973,9,11,26,28,74
high_score_rate_0_6,high_is_2.6,0.2794701481142159,0.29629629629629634,0.47058823529411764,0.21621621621621623,0.7567567567567568,0.4864864864864865,0.4864864864864865,8,9,28,29,74
high_score_rate_0_6,low_is_2.6,0.12593731456006904,0.28571428571428575,0.42105263157894735,0.21621621621621623,0.7027027027027027,0.4594594594594595,0.4594594594594595,8,11,26,29,74
high_score_rate_0_6,high_is_2.6,0.27998202362609137,0.2641509433962264,0.4375,0.1891891891891892,0.7567567567567568,0.47297297297297297,0.472972972972973,7,9,28,30,74
high_score_rate_0_6,low_is_2.6,0.12002357255107386,0.2641509433962264,0.4375,0.1891891891891892,0.7567567567567568,0.47297297297297297,0.472972972972973,7,9,28,30,74
high_score_rate_0_6,low_is_2.6,0.12274096385542169,0.2592592592592593,0.4117647058823529,0.1891891891891892,0.7297297297297297,0.4594594594594595,0.45945945945945943,7,10,27,30,74
high_score_rate_0_6,low_is_2.6,0.12537425149700598,0.2545454545454546,0.3888888888888889,0.1891891891891892,0.7027027027027027,0.44594594594594594,0.44594594594594594,7,11,26,30,74
high_score_rate_0_6,high_is_2.6,0.2979244922645954,0.2448979591836735,0.5,0.16216216216216217,0.8378378378378378,0.5,0.5,6,6,31,31,74
high_score_rate_0_6,high_is_2.6,0.2887033884342908,0.24,0.46153846153846156,0.16216216216216217,0.8108108108108109,0.4864864864864865,0.4864864864864865,6,7,30,31,74
high_score_rate_0_6,low_is_2.6,0.11303679167159589,0.24,0.46153846153846156,0.16216216216216217,0.8108108108108109,0.4864864864864865,0.4864864864864865,6,7,30,31,74
high_score_rate_0_6,high_is_2.6,0.2819621147865423,0.23529411764705885,0.42857142857142855,0.16216216216216217,0.7837837837837838,0.47297297297297297,0.47297297297297297,6,8,29,31,74
high_score_rate_0_6,low_is_2.6,0.11493303980920933,0.23529411764705885,0.42857142857142855,0.16216216216216217,0.7837837837837838,0.47297297297297297,0.47297297297297297,6,8,29,31,74
high_score_rate_0_6,high_is_2.6,0.28089225589225586,0.23076923076923078,0.4,0.16216216216216217,0.7567567567567568,0.4594594594594595,0.4594594594594595,6,9,28,31,74
high_score_rate_0_6,low_is_2.6,0.11775362318840579,0.23076923076923078,0.4,0.16216216216216217,0.7567567567567568,0.4594594594594595,0.4594594594594595,6,9,28,31,74
high_score_rate_0_6,high_is_2.6,0.3017582673497904,0.20833333333333334,0.45454545454545453,0.13513513513513514,0.8378378378378378,0.4864864864864865,0.4864864864864865,5,6,31,32,74
high_score_rate_0_6,low_is_2.6,0.10606060606060605,0.20833333333333334,0.45454545454545453,0.13513513513513514,0.8378378378378378,0.4864864864864865,0.4864864864864865,5,6,31,32,74
high_score_rate_0_6,low_is_2.6,0.11163032191069575,0.20408163265306126,0.4166666666666667,0.13513513513513514,0.8108108108108109,0.47297297297297297,0.472972972972973,5,7,30,32,74
high_score_rate_0_6,high_is_2.6,0.3251576044129236,0.18181818181818182,0.5714285714285714,0.10810810810810811,0.918918918918919,0.5135135135135135,0.5135135135135136,4,3,34,33,74
high_score_rate_0_6,high_is_2.6,0.3227513227513228,0.17777777777777778,0.5,0.10810810810810811,0.8918918918918919,0.5,0.5,4,4,33,33,74
high_score_rate_0_6,high_is_2.6,0.3163746630727763,0.17391304347826086,0.4444444444444444,0.10810810810810811,0.8648648648648649,0.4864864864864865,0.4864864864864865,4,5,32,33,74
high_score_rate_0_6,high_is_2.6,0.30697616683217477,0.1702127659574468,0.4,0.10810810810810811,0.8378378378378378,0.47297297297297297,0.47297297297297297,4,6,31,33,74
high_score_rate_0_6,low_is_2.6,0.09637661013807802,0.1702127659574468,0.4,0.10810810810810811,0.8378378378378378,0.47297297297297297,0.47297297297297297,4,6,31,33,74
high_score_rate_0_6,high_is_2.6,0.32978723404255317,0.13953488372093023,0.5,0.08108108108108109,0.918918918918919,0.5,0.5,3,3,34,34,74
high_score_rate_0_6,low_is_2.6,0.08982822910935875,0.13636363636363638,0.42857142857142855,0.08108108108108109,0.8918918918918919,0.4864864864864865,0.4864864864864865,3,4,33,34,74
high_score_rate_0_6,low_is_2.6,0.09056732740943267,0.13333333333333333,0.375,0.08108108108108109,0.8648648648648649,0.47297297297297297,0.472972972972973,3,5,32,34,74
high_score_rate_0_6,low_is_2.6,0.09132610508757298,0.13043478260869568,0.3333333333333333,0.08108108108108109,0.8378378378378378,0.4594594594594595,0.45945945945945943,3,6,31,34,74
high_score_rate_0_6,low_is_2.6,0.07471014492753623,0.10256410256410257,1.0,0.05405405405405406,1.0,0.527027027027027,0.527027027027027,2,0,37,35,74
high_score_rate_0_6,low_is_2.6,0.07670327207530256,0.1,0.6666666666666666,0.05405405405405406,0.972972972972973,0.5135135135135135,0.5135135135135136,2,1,36,35,74
high_score_rate_0_6,low_is_2.6,0.07829394015589641,0.0975609756097561,0.5,0.05405405405405406,0.9459459459459459,0.5,0.5,2,2,35,35,74
high_score_rate_0_6,high_is_2.6,0.3492063492063492,0.09523809523809523,0.4,0.05405405405405406,0.918918918918919,0.4864864864864865,0.4864864864864865,2,3,34,35,74
high_score_rate_0_6,low_is_2.6,0.08365930357416781,0.09523809523809523,0.4,0.05405405405405406,0.918918918918919,0.4864864864864865,0.4864864864864865,2,3,34,35,74
high_score_rate_0_6,low_is_2.6,0.08874060438717594,0.09302325581395349,0.3333333333333333,0.05405405405405406,0.8918918918918919,0.47297297297297297,0.47297297297297297,2,4,33,35,74
high_score_rate_0_6,high_is_2.6,0.39869656890933486,0.052631578947368425,1.0,0.02702702702702703,1.0,0.5135135135135135,0.5135135135135135,1,0,37,36,74
high_score_rate_0_6,high_is_2.6,0.4144144144144144,0.052631578947368425,1.0,0.02702702702702703,1.0,0.5135135135135135,0.5135135135135135,1,0,37,36,74
high_score_rate_0_6,low_is_2.6,0.04032258064516129,0.052631578947368425,1.0,0.02702702702702703,1.0,0.5135135135135135,0.5135135135135135,1,0,37,36,74
high_score_rate_0_6,low_is_2.6,0.05682795698924731,0.052631578947368425,1.0,0.02702702702702703,1.0,0.5135135135135135,0.5135135135135135,1,0,37,36,74
high_score_rate_0_6,high_is_2.6,0.37898936170212766,0.05128205128205129,0.5,0.02702702702702703,0.972972972972973,0.5,0.5,1,1,36,36,74
high_score_rate_0_6,high_is_2.6,0.3704268292682927,0.05,0.3333333333333333,0.02702702702702703,0.9459459459459459,0.4864864864864865,0.4864864864864865,1,2,35,36,74
high_score_rate_0_6,high_is_2.6,0.3654665118079752,0.04878048780487805,0.25,0.02702702702702703,0.918918918918919,0.47297297297297297,0.472972972972973,1,3,34,36,74
high_score_rate_0_7,low_is_2.6,0.34168755221386804,0.6728971962616821,0.5142857142857142,0.972972972972973,0.08108108108108109,0.527027027027027,0.5270270270270271,36,34,3,1,74
high_score_rate_0_7,low_is_2.6,0.34991442019683355,0.6666666666666666,0.5070422535211268,0.972972972972973,0.05405405405405406,0.5135135135135135,0.5135135135135136,36,35,2,1,74
high_score_rate_0_7,high_is_2.6,0.024193548387096774,0.6666666666666666,0.5,1.0,0.0,0.5,0.5,37,37,0,0,74
high_score_rate_0_7,low_is_2.6,0.3963963963963964,0.6666666666666666,0.5,1.0,0.0,0.5,0.5,37,37,0,0,74
high_score_rate_0_7,high_is_2.6,0.08553602360941812,0.6666666666666665,0.5147058823529411,0.9459459459459459,0.10810810810810811,0.527027027027027,0.527027027027027,35,33,4,2,74
high_score_rate_0_7,high_is_2.6,0.07274914089347079,0.6605504587155964,0.5,0.972972972972973,0.02702702702702703,0.5,0.5,36,36,1,1,74
high_score_rate_0_7,low_is_2.6,0.3650320013838436,0.6605504587155964,0.5,0.972972972972973,0.02702702702702703,0.5,0.5,36,36,1,1,74
high_score_rate_0_7,high_is_2.6,0.08159218829950537,0.660377358490566,0.5072463768115942,0.9459459459459459,0.08108108108108109,0.5135135135135135,0.5135135135135135,35,34,3,2,74
high_score_rate_0_7,low_is_2.6,0.3325396825396826,0.660377358490566,0.5072463768115942,0.9459459459459459,0.08108108108108109,0.5135135135135135,0.5135135135135135,35,34,3,2,74
high_score_rate_0_7,high_is_2.6,0.08874060438717594,0.6601941747572816,0.5151515151515151,0.918918918918919,0.13513513513513514,0.527027027027027,0.5270270270270271,34,32,5,3,74
high_score_rate_0_7,low_is_2.6,0.30814264686203663,0.6601941747572816,0.5151515151515151,0.918918918918919,0.13513513513513514,0.527027027027027,0.5270270270270271,34,32,5,3,74
high_score_rate_0_7,high_is_2.6,0.04817924842035251,0.6545454545454545,0.4931506849315068,0.972972972972973,0.0,0.4864864864864865,0.4864864864864865,36,37,0,1,74
high_score_rate_0_7,low_is_2.6,0.38436841096415564,0.6545454545454545,0.4931506849315068,0.972972972972973,0.0,0.4864864864864865,0.4864864864864865,36,37,0,1,74
high_score_rate_0_7,high_is_2.6,0.07767762460233299,0.6542056074766355,0.5,0.9459459459459459,0.05405405405405406,0.5,0.5,35,35,2,2,74
high_score_rate_0_7,high_is_2.6,0.08760313888408056,0.6538461538461539,0.5074626865671642,0.918918918918919,0.10810810810810811,0.5135135135135135,0.5135135135135136,34,33,4,3,74
high_score_rate_0_7,low_is_2.6,0.31306778476589797,0.6538461538461539,0.5074626865671642,0.918918918918919,0.10810810810810811,0.5135135135135135,0.5135135135135136,34,33,4,3,74
high_score_rate_0_7,high_is_2.6,0.09056732740943267,0.6534653465346535,0.515625,0.8918918918918919,0.16216216216216217,0.527027027027027,0.527027027027027,33,31,6,4,74
high_score_rate_0_7,low_is_2.6,0.3031015037593985,0.6534653465346535,0.515625,0.8918918918918919,0.16216216216216217,0.527027027027027,0.527027027027027,33,31,6,4,74
high_score_rate_0_7,high_is_2.6,0.1011094714980598,0.6530612244897959,0.5245901639344263,0.8648648648648649,0.21621621621621623,0.5405405405405406,0.5405405405405406,32,29,8,5,74
high_score_rate_0_7,low_is_2.6,0.2730542838456508,0.6530612244897959,0.5245901639344263,0.8648648648648649,0.21621621621621623,0.5405405405405406,0.5405405405405406,32,29,8,5,74
high_score_rate_0_7,high_is_2.6,0.07471014492753623,0.6481481481481483,0.49295774647887325,0.9459459459459459,0.02702702702702703,0.4864864864864865,0.4864864864864865,35,36,1,2,74
high_score_rate_0_7,low_is_2.6,0.3193121693121693,0.6476190476190476,0.5,0.918918918918919,0.08108108108108109,0.5,0.5,34,34,3,3,74
high_score_rate_0_7,high_is_2.6,0.08982822910935875,0.6470588235294117,0.5076923076923077,0.8918918918918919,0.13513513513513514,0.5135135135135135,0.5135135135135135,33,32,5,4,74
high_score_rate_0_7,low_is_2.6,0.30426798378926034,0.6470588235294117,0.5076923076923077,0.8918918918918919,0.13513513513513514,0.5135135135135135,0.5135135135135135,33,32,5,4,74
high_score_rate_0_7,high_is_2.6,0.0968090516145436,0.6464646464646465,0.5161290322580645,0.8648648648648649,0.1891891891891892,0.527027027027027,0.5270270270270271,32,30,7,5,74
high_score_rate_0_7,low_is_2.6,0.27372768451905144,0.6464646464646465,0.5161290322580645,0.8648648648648649,0.1891891891891892,0.527027027027027,0.5270270270270271,32,30,7,5,74
high_score_rate_0_7,high_is_2.6,0.09255599472990778,0.64,0.5079365079365079,0.8648648648648649,0.16216216216216217,0.5135135135135135,0.5135135135135136,32,31,6,5,74
high_score_rate_0_7,low_is_2.6,0.28835282651072125,0.64,0.5079365079365079,0.8648648648648649,0.16216216216216217,0.5135135135135135,0.5135135135135136,32,31,6,5,74
high_score_rate_0_7,high_is_2.6,0.1030323039414872,0.6391752577319588,0.5166666666666667,0.8378378378378378,0.21621621621621623,0.527027027027027,0.527027027027027,31,29,8,6,74
high_score_rate_0_7,low_is_2.6,0.2714987714987715,0.6391752577319588,0.5166666666666667,0.8378378378378378,0.21621621621621623,0.527027027027027,0.527027027027027,31,29,8,6,74
high_score_rate_0_7,high_is_2.6,0.1242777602689358,0.6373626373626374,0.5370370370370371,0.7837837837837838,0.32432432432432434,0.5540540540540541,0.5540540540540541,29,25,12,8,74
high_score_rate_0_7,high_is_2.6,0.10785152240848445,0.631578947368421,0.5172413793103449,0.8108108108108109,0.24324324324324326,0.527027027027027,0.5270270270270271,30,28,9,7,74
high_score_rate_0_7,high_is_2.6,0.12164447262735151,0.6304347826086956,0.5272727272727272,0.7837837837837838,0.2972972972972973,0.5405405405405406,0.5405405405405406,29,26,11,8,74
high_score_rate_0_7,high_is_2.6,0.1322675411628066,0.6279069767441859,0.5510204081632653,0.7297297297297297,0.40540540540540543,0.5675675675675675,0.5675675675675675,27,22,15,10,74
high_score_rate_0_7,high_is_2.6,0.10542790313703908,0.6249999999999999,0.5084745762711864,0.8108108108108109,0.21621621621621623,0.5135135135135135,0.5135135135135136,30,29,8,7,74
high_score_rate_0_7,low_is_2.6,0.2678784979669936,0.6249999999999999,0.5084745762711864,0.8108108108108109,0.21621621621621623,0.5135135135135135,0.5135135135135136,30,29,8,7,74
high_score_rate_0_7,high_is_2.6,0.11616201648700064,0.6236559139784947,0.5178571428571429,0.7837837837837838,0.2702702702702703,0.527027027027027,0.527027027027027,29,27,10,8,74
high_score_rate_0_7,high_is_2.6,0.126827739869099,0.6222222222222221,0.5283018867924528,0.7567567567567568,0.32432432432432434,0.5405405405405406,0.5405405405405406,28,25,12,9,74
high_score_rate_0_7,high_is_2.6,0.13001240181893345,0.6206896551724138,0.54,0.7297297297297297,0.3783783783783784,0.5540540540540541,0.5540540540540541,27,23,14,10,74
high_score_rate_0_7,high_is_2.6,0.10997510668563301,0.6170212765957447,0.5087719298245614,0.7837837837837838,0.24324324324324326,0.5135135135135135,0.5135135135135135,29,28,9,8,74
high_score_rate_0_7,high_is_2.6,0.12925746569814367,0.6136363636363636,0.5294117647058824,0.7297297297297297,0.35135135135135137,0.5405405405405406,0.5405405405405406,27,24,13,10,74
high_score_rate_0_7,high_is_2.6,0.13453458306399482,0.611764705882353,0.5416666666666666,0.7027027027027027,0.40540540540540543,0.5540540540540541,0.5540540540540541,26,22,15,11,74
high_score_rate_0_7,low_is_2.6,0.263811323996907,0.6105263157894737,0.5,0.7837837837837838,0.21621621621621623,0.5,0.5,29,29,8,8,74
high_score_rate_0_7,high_is_2.6,0.1282392026578073,0.6067415730337079,0.5192307692307693,0.7297297297297297,0.32432432432432434,0.527027027027027,0.527027027027027,27,25,12,10,74
high_score_rate_0_7,low_is_2.6,0.25818660523284515,0.5957446808510638,0.49122807017543857,0.7567567567567568,0.21621621621621623,0.4864864864864865,0.4864864864864865,28,29,8,9,74
high_score_rate_0_7,high_is_2.6,0.13472342264477094,0.5952380952380952,0.5319148936170213,0.6756756756756757,0.40540540540540543,0.5405405405405406,0.5405405405405406,25,22,15,12,74
high_score_rate_0_7,low_is_2.6,0.24900845423233484,0.5934065934065933,0.5,0.7297297297297297,0.2702702702702703,0.5,0.5,27,27,10,10,74
high_score_rate_0_7,low_is_2.6,0.2518283243474083,0.5869565217391305,0.4909090909090909,0.7297297297297297,0.24324324324324326,0.4864864864864865,0.4864864864864865,27,28,9,10,74
high_score_rate_0_7,low_is_2.6,0.25307284254107903,0.5806451612903226,0.48214285714285715,0.7297297297297297,0.21621621621621623,0.47297297297297297,0.47297297297297297,27,29,8,10,74
high_score_rate_0_7,high_is_2.6,0.13625631004722358,0.5783132530120482,0.5217391304347826,0.6486486486486487,0.40540540540540543,0.527027027027027,0.5270270270270271,24,22,15,13,74
high_score_rate_0_7,low_is_2.6,0.24145493904523185,0.5777777777777777,0.49056603773584906,0.7027027027027027,0.2702702702702703,0.4864864864864865,0.4864864864864865,26,27,10,11,74
high_score_rate_0_7,high_is_2.6,0.1430817610062893,0.5679012345679012,0.5227272727272727,0.6216216216216216,0.43243243243243246,0.527027027027027,0.527027027027027,23,21,16,14,74
high_score_rate_0_7,low_is_2.6,0.23637616624257846,0.5617977528089887,0.4807692307692308,0.6756756756756757,0.2702702702702703,0.47297297297297297,0.47297297297297297,25,27,10,12,74
high_score_rate_0_7,high_is_2.6,0.13959529669127702,0.5609756097560976,0.5111111111111111,0.6216216216216216,0.40540540540540543,0.5135135135135135,0.5135135135135135,23,22,15,14,74
high_score_rate_0_7,high_is_2.6,0.14798797693534535,0.5569620253164557,0.5238095238095238,0.5945945945945946,0.4594594594594595,0.527027027027027,0.5270270270270271,22,20,17,15,74
high_score_rate_0_7,low_is_2.6,0.2109118798265101,0.5542168674698795,0.5,0.6216216216216216,0.3783783783783784,0.5,0.5,23,23,14,14,74
high_score_rate_0_7,low_is_2.6,0.219375,0.5517241379310345,0.48,0.6486486486486487,0.2972972972972973,0.47297297297297297,0.472972972972973,24,26,11,13,74
high_score_rate_0_7,high_is_2.6,0.14575361745173065,0.55,0.5116279069767442,0.5945945945945946,0.43243243243243246,0.5135135135135135,0.5135135135135136,22,21,16,15,74
high_score_rate_0_7,low_is_2.6,0.21203410632388087,0.5476190476190476,0.48936170212765956,0.6216216216216216,0.35135135135135137,0.4864864864864865,0.4864864864864865,23,24,13,14,74
high_score_rate_0_7,low_is_2.6,0.22805555555555557,0.5454545454545454,0.47058823529411764,0.6486486486486487,0.2702702702702703,0.4594594594594595,0.4594594594594595,24,27,10,13,74
high_score_rate_0_7,low_is_2.6,0.20052118586706374,0.5432098765432098,0.5,0.5945945945945946,0.40540540540540543,0.5,0.5,22,22,15,15,74
high_score_rate_0_7,low_is_2.6,0.21303229710309357,0.5411764705882353,0.4791666666666667,0.6216216216216216,0.32432432432432434,0.47297297297297297,0.47297297297297297,23,25,12,14,74
high_score_rate_0_7,high_is_2.6,0.15439333628188118,0.5384615384615384,0.5121951219512195,0.5675675675675675,0.4594594594594595,0.5135135135135135,0.5135135135135135,21,20,17,16,74
high_score_rate_0_7,low_is_2.6,0.18616466909848878,0.5384615384615384,0.5121951219512195,0.5675675675675675,0.4594594594594595,0.5135135135135135,0.5135135135135135,21,20,17,16,74
high_score_rate_0_7,low_is_2.6,0.2061960592737339,0.5365853658536586,0.4888888888888889,0.5945945945945946,0.3783783783783784,0.4864864864864865,0.4864864864864865,22,23,14,15,74
high_score_rate_0_7,low_is_2.6,0.21621260683760685,0.5348837209302325,0.46938775510204084,0.6216216216216216,0.2972972972972973,0.4594594594594595,0.45945945945945943,23,26,11,14,74
high_score_rate_0_7,low_is_2.6,0.18971157985363754,0.5316455696202531,0.5,0.5675675675675675,0.43243243243243246,0.5,0.5,21,21,16,16,74
high_score_rate_0_7,high_is_2.6,0.16907780263484962,0.5263157894736842,0.5128205128205128,0.5405405405405406,0.4864864864864865,0.5135135135135135,0.5135135135135136,20,19,18,17,74
high_score_rate_0_7,low_is_2.6,0.18129288551823763,0.5263157894736842,0.5128205128205128,0.5405405405405406,0.4864864864864865,0.5135135135135135,0.5135135135135136,20,19,18,17,74
high_score_rate_0_7,low_is_2.6,0.19504976427448928,0.525,0.4883720930232558,0.5675675675675675,0.40540540540540543,0.4864864864864865,0.4864864864864865,21,22,15,16,74
high_score_rate_0_7,high_is_2.6,0.16372455022277366,0.5194805194805195,0.5,0.5405405405405406,0.4594594594594595,0.5,0.5,20,20,17,17,74
high_score_rate_0_7,low_is_2.6,0.18365455893254262,0.5194805194805195,0.5,0.5405405405405406,0.4594594594594595,0.5,0.5,20,20,17,17,74
high_score_rate_0_7,low_is_2.6,0.17415294573916723,0.5135135135135135,0.5135135135135135,0.5135135135135135,0.5135135135135135,0.5135135135135135,0.5135135135135135,19,18,19,18,74
high_score_rate_0_7,high_is_2.6,0.17084255570311346,0.5066666666666666,0.5,0.5135135135135135,0.4864864864864865,0.5,0.5,19,19,18,18,74
high_score_rate_0_7,low_is_2.6,0.17823916496482867,0.5066666666666666,0.5,0.5135135135135135,0.4864864864864865,0.5,0.5,19,19,18,18,74
high_score_rate_0_7,high_is_2.6,0.17823916496482867,0.4931506849315069,0.5,0.4864864864864865,0.5135135135135135,0.5,0.5,18,18,19,19,74
high_score_rate_0_7,low_is_2.6,0.17084255570311346,0.4931506849315069,0.5,0.4864864864864865,0.5135135135135135,0.5,0.5,18,18,19,19,74
high_score_rate_0_7,high_is_2.6,0.17415294573916723,0.4864864864864865,0.4864864864864865,0.4864864864864865,0.4864864864864865,0.4864864864864865,0.4864864864864865,18,19,18,19,74
high_score_rate_0_7,high_is_2.6,0.18365455893254262,0.47887323943661975,0.5,0.4594594594594595,0.5405405405405406,0.5,0.5,17,17,20,20,74
high_score_rate_0_7,low_is_2.6,0.16372455022277366,0.47887323943661975,0.5,0.4594594594594595,0.5405405405405406,0.5,0.5,17,17,20,20,74
high_score_rate_0_7,high_is_2.6,0.18129288551823763,0.47222222222222227,0.4857142857142857,0.4594594594594595,0.5135135135135135,0.4864864864864865,0.4864864864864865,17,18,19,20,74
high_score_rate_0_7,low_is_2.6,0.16907780263484962,0.47222222222222227,0.4857142857142857,0.4594594594594595,0.5135135135135135,0.4864864864864865,0.4864864864864865,17,18,19,20,74
high_score_rate_0_7,high_is_2.6,0.19504976427448928,0.47058823529411764,0.5161290322580645,0.43243243243243246,0.5945945945945946,0.5135135135135135,0.5135135135135136,16,15,22,21,74
high_score_rate_0_7,high_is_2.6,0.18971157985363754,0.463768115942029,0.5,0.43243243243243246,0.5675675675675675,0.5,0.5,16,16,21,21,74
high_score_rate_0_7,high_is_2.6,0.18616466909848878,0.45714285714285713,0.48484848484848486,0.43243243243243246,0.5405405405405406,0.4864864864864865,0.4864864864864865,16,17,20,21,74
high_score_rate_0_7,low_is_2.6,0.15439333628188118,0.45714285714285713,0.48484848484848486,0.43243243243243246,0.5405405405405406,0.4864864864864865,0.4864864864864865,16,17,20,21,74
high_score_rate_0_7,high_is_2.6,0.2061960592737339,0.4545454545454546,0.5172413793103449,0.40540540540540543,0.6216216216216216,0.5135135135135135,0.5135135135135135,15,14,23,22,74
high_score_rate_0_7,high_is_2.6,0.21621260683760685,0.4516129032258065,0.56,0.3783783783783784,0.7027027027027027,0.5405405405405406,0.5405405405405406,14,11,26,23,74
high_score_rate_0_7,high_is_2.6,0.20052118586706374,0.4477611940298507,0.5,0.40540540540540543,0.5945945945945946,0.5,0.5,15,15,22,22,74
high_score_rate_0_7,high_is_2.6,0.21303229710309357,0.4444444444444445,0.5384615384615384,0.3783783783783784,0.6756756756756757,0.527027027027027,0.527027027027027,14,12,25,23,74
high_score_rate_0_7,low_is_2.6,0.14575361745173065,0.4411764705882353,0.4838709677419355,0.40540540540540543,0.5675675675675675,0.4864864864864865,0.4864864864864865,15,16,21,22,74
high_score_rate_0_7,high_is_2.6,0.21203410632388087,0.4375,0.5185185185185185,0.3783783783783784,0.6486486486486487,0.5135135135135135,0.5135135135135136,14,13,24,23,74
high_score_rate_0_7,low_is_2.6,0.14798797693534535,0.43478260869565216,0.46875,0.40540540540540543,0.5405405405405406,0.47297297297297297,0.472972972972973,15,17,20,22,74
high_score_rate_0_7,high_is_2.6,0.22805555555555557,0.43333333333333335,0.5652173913043478,0.35135135135135137,0.7297297297297297,0.5405405405405406,0.5405405405405406,13,10,27,24,74
high_score_rate_0_7,high_is_2.6,0.2109118798265101,0.4307692307692308,0.5,0.3783783783783784,0.6216216216216216,0.5,0.5,14,14,23,23,74
high_score_rate_0_7,high_is_2.6,0.219375,0.4262295081967213,0.5416666666666666,0.35135135135135137,0.7027027027027027,0.527027027027027,0.5270270270270271,13,11,26,24,74
high_score_rate_0_7,low_is_2.6,0.13959529669127702,0.42424242424242425,0.4827586206896552,0.3783783783783784,0.5945945945945946,0.4864864864864865,0.4864864864864865,14,15,22,23,74
high_score_rate_0_7,low_is_2.6,0.1430817610062893,0.417910447761194,0.4666666666666667,0.3783783783783784,0.5675675675675675,0.47297297297297297,0.47297297297297297,14,16,21,23,74
high_score_rate_0_7,high_is_2.6,0.23637616624257846,0.4067796610169491,0.5454545454545454,0.32432432432432434,0.7297297297297297,0.527027027027027,0.527027027027027,12,10,27,25,74
high_score_rate_0_7,low_is_2.6,0.13625631004722358,0.39999999999999997,0.4642857142857143,0.35135135135135137,0.5945945945945946,0.47297297297297297,0.472972972972973,13,15,22,24,74
high_score_rate_0_7,high_is_2.6,0.24145493904523185,0.37931034482758624,0.5238095238095238,0.2972972972972973,0.7297297297297297,0.5135135135135135,0.5135135135135135,11,10,27,26,74
high_score_rate_0_7,low_is_2.6,0.13472342264477094,0.375,0.4444444444444444,0.32432432432432434,0.5945945945945946,0.4594594594594595,0.4594594594594595,12,15,22,25,74
high_score_rate_0_7,high_is_2.6,0.25307284254107903,0.36363636363636365,0.5555555555555556,0.2702702702702703,0.7837837837837838,0.527027027027027,0.527027027027027,10,8,29,27,74
high_score_rate_0_7,high_is_2.6,0.2518283243474083,0.35714285714285715,0.5263157894736842,0.2702702702702703,0.7567567567567568,0.5135135135135135,0.5135135135135136,10,9,28,27,74
high_score_rate_0_7,high_is_2.6,0.24900845423233484,0.3508771929824562,0.5,0.2702702702702703,0.7297297297297297,0.5,0.5,10,10,27,27,74
high_score_rate_0_7,low_is_2.6,0.13453458306399482,0.34920634920634924,0.4230769230769231,0.2972972972972973,0.5945945945945946,0.44594594594594594,0.44594594594594594,11,15,22,26,74
high_score_rate_0_7,low_is_2.6,0.1282392026578073,0.33898305084745767,0.45454545454545453,0.2702702702702703,0.6756756756756757,0.47297297297297297,0.47297297297297297,10,12,25,27,74
high_score_rate_0_7,high_is_2.6,0.25818660523284515,0.33333333333333337,0.5294117647058824,0.24324324324324326,0.7837837837837838,0.5135135135135135,0.5135135135135135,9,8,29,28,74
high_score_rate_0_7,low_is_2.6,0.12925746569814367,0.3333333333333333,0.43478260869565216,0.2702702702702703,0.6486486486486487,0.4594594594594595,0.4594594594594595,10,13,24,27,74
high_score_rate_0_7,low_is_2.6,0.13001240181893345,0.3278688524590164,0.4166666666666667,0.2702702702702703,0.6216216216216216,0.44594594594594594,0.44594594594594594,10,14,23,27,74
high_score_rate_0_7,low_is_2.6,0.1322675411628066,0.3225806451612903,0.4,0.2702702702702703,0.5945945945945946,0.43243243243243246,0.43243243243243246,10,15,22,27,74
high_score_rate_0_7,low_is_2.6,0.126827739869099,0.3103448275862069,0.42857142857142855,0.24324324324324326,0.6756756756756757,0.4594594594594595,0.45945945945945943,9,12,25,28,74
high_score_rate_0_7,high_is_2.6,0.263811323996907,0.3018867924528302,0.5,0.21621621621621623,0.7837837837837838,0.5,0.5,8,8,29,29,74
high_score_rate_0_7,low_is_2.6,0.10997510668563301,0.29629629629629634,0.47058823529411764,0.21621621621621623,0.7567567567567568,0.4864864864864865,0.4864864864864865,8,9,28,29,74
high_score_rate_0_7,low_is_2.6,0.11616201648700064,0.2909090909090909,0.4444444444444444,0.21621621621621623,0.7297297297297297,0.47297297297297297,0.47297297297297297,8,10,27,29,74
high_score_rate_0_7,low_is_2.6,0.12164447262735151,0.28571428571428575,0.42105263157894735,0.21621621621621623,0.7027027027027027,0.4594594594594595,0.4594594594594595,8,11,26,29,74
high_score_rate_0_7,low_is_2.6,0.1242777602689358,0.2807017543859649,0.4,0.21621621621621623,0.6756756756756757,0.44594594594594594,0.44594594594594594,8,12,25,29,74
high_score_rate_0_7,high_is_2.6,0.2678784979669936,0.2692307692307693,0.4666666666666667,0.1891891891891892,0.7837837837837838,0.4864864864864865,0.4864864864864865,7,8,29,30,74
high_score_rate_0_7,low_is_2.6,0.10542790313703908,0.2692307692307693,0.4666666666666667,0.1891891891891892,0.7837837837837838,0.4864864864864865,0.4864864864864865,7,8,29,30,74
high_score_rate_0_7,low_is_2.6,0.10785152240848445,0.2641509433962264,0.4375,0.1891891891891892,0.7567567567567568,0.47297297297297297,0.472972972972973,7,9,28,30,74
high_score_rate_0_7,high_is_2.6,0.2714987714987715,0.23529411764705885,0.42857142857142855,0.16216216216216217,0.7837837837837838,0.47297297297297297,0.47297297297297297,6,8,29,31,74
high_score_rate_0_7,low_is_2.6,0.1030323039414872,0.23529411764705885,0.42857142857142855,0.16216216216216217,0.7837837837837838,0.47297297297297297,0.47297297297297297,6,8,29,31,74
high_score_rate_0_7,high_is_2.6,0.28835282651072125,0.20833333333333334,0.45454545454545453,0.13513513513513514,0.8378378378378378,0.4864864864864865,0.4864864864864865,5,6,31,32,74
high_score_rate_0_7,low_is_2.6,0.09255599472990778,0.20833333333333334,0.45454545454545453,0.13513513513513514,0.8378378378378378,0.4864864864864865,0.4864864864864865,5,6,31,32,74
high_score_rate_0_7,high_is_2.6,0.27372768451905144,0.20408163265306126,0.4166666666666667,0.13513513513513514,0.8108108108108109,0.47297297297297297,0.472972972972973,5,7,30,32,74
high_score_rate_0_7,low_is_2.6,0.0968090516145436,0.20408163265306126,0.4166666666666667,0.13513513513513514,0.8108108108108109,0.47297297297297297,0.472972972972973,5,7,30,32,74
high_score_rate_0_7,high_is_2.6,0.2730542838456508,0.2,0.38461538461538464,0.13513513513513514,0.7837837837837838,0.4594594594594595,0.45945945945945943,5,8,29,32,74
high_score_rate_0_7,low_is_2.6,0.1011094714980598,0.2,0.38461538461538464,0.13513513513513514,0.7837837837837838,0.4594594594594595,0.45945945945945943,5,8,29,32,74
high_score_rate_0_7,high_is_2.6,0.30426798378926034,0.17391304347826086,0.4444444444444444,0.10810810810810811,0.8648648648648649,0.4864864864864865,0.4864864864864865,4,5,32,33,74
high_score_rate_0_7,low_is_2.6,0.08982822910935875,0.17391304347826086,0.4444444444444444,0.10810810810810811,0.8648648648648649,0.4864864864864865,0.4864864864864865,4,5,32,33,74
high_score_rate_0_7,high_is_2.6,0.3031015037593985,0.1702127659574468,0.4,0.10810810810810811,0.8378378378378378,0.47297297297297297,0.47297297297297297,4,6,31,33,74
high_score_rate_0_7,low_is_2.6,0.09056732740943267,0.1702127659574468,0.4,0.10810810810810811,0.8378378378378378,0.47297297297297297,0.47297297297297297,4,6,31,33,74
high_score_rate_0_7,high_is_2.6,0.3193121693121693,0.13953488372093023,0.5,0.08108108108108109,0.918918918918919,0.5,0.5,3,3,34,34,74
high_score_rate_0_7,high_is_2.6,0.31306778476589797,0.13636363636363638,0.42857142857142855,0.08108108108108109,0.8918918918918919,0.4864864864864865,0.4864864864864865,3,4,33,34,74
high_score_rate_0_7,low_is_2.6,0.08760313888408056,0.13636363636363638,0.42857142857142855,0.08108108108108109,0.8918918918918919,0.4864864864864865,0.4864864864864865,3,4,33,34,74
high_score_rate_0_7,high_is_2.6,0.30814264686203663,0.13333333333333333,0.375,0.08108108108108109,0.8648648648648649,0.47297297297297297,0.472972972972973,3,5,32,34,74
high_score_rate_0_7,low_is_2.6,0.08874060438717594,0.13333333333333333,0.375,0.08108108108108109,0.8648648648648649,0.47297297297297297,0.472972972972973,3,5,32,34,74
high_score_rate_0_7,low_is_2.6,0.07471014492753623,0.1,0.6666666666666666,0.05405405405405406,0.972972972972973,0.5135135135135135,0.5135135135135136,2,1,36,35,74
high_score_rate_0_7,low_is_2.6,0.07767762460233299,0.0975609756097561,0.5,0.05405405405405406,0.9459459459459459,0.5,0.5,2,2,35,35,74
high_score_rate_0_7,high_is_2.6,0.3325396825396826,0.09523809523809523,0.4,0.05405405405405406,0.918918918918919,0.4864864864864865,0.4864864864864865,2,3,34,35,74
high_score_rate_0_7,low_is_2.6,0.08159218829950537,0.09523809523809523,0.4,0.05405405405405406,0.918918918918919,0.4864864864864865,0.4864864864864865,2,3,34,35,74
high_score_rate_0_7,low_is_2.6,0.08553602360941812,0.09302325581395349,0.3333333333333333,0.05405405405405406,0.8918918918918919,0.47297297297297297,0.47297297297297297,2,4,33,35,74
high_score_rate_0_7,high_is_2.6,0.38436841096415564,0.052631578947368425,1.0,0.02702702702702703,1.0,0.5135135135135135,0.5135135135135135,1,0,37,36,74
high_score_rate_0_7,high_is_2.6,0.3963963963963964,0.052631578947368425,1.0,0.02702702702702703,1.0,0.5135135135135135,0.5135135135135135,1,0,37,36,74
high_score_rate_0_7,low_is_2.6,0.024193548387096774,0.052631578947368425,1.0,0.02702702702702703,1.0,0.5135135135135135,0.5135135135135135,1,0,37,36,74
high_score_rate_0_7,low_is_2.6,0.04817924842035251,0.052631578947368425,1.0,0.02702702702702703,1.0,0.5135135135135135,0.5135135135135135,1,0,37,36,74
high_score_rate_0_7,high_is_2.6,0.3650320013838436,0.05128205128205129,0.5,0.02702702702702703,0.972972972972973,0.5,0.5,1,1,36,36,74
high_score_rate_0_7,low_is_2.6,0.07274914089347079,0.05128205128205129,0.5,0.02702702702702703,0.972972972972973,0.5,0.5,1,1,36,36,74
high_score_rate_0_7,high_is_2.6,0.34991442019683355,0.05,0.3333333333333333,0.02702702702702703,0.9459459459459459,0.4864864864864865,0.4864864864864865,1,2,35,36,74
high_score_rate_0_7,high_is_2.6,0.34168755221386804,0.04878048780487805,0.25,0.02702702702702703,0.918918918918919,0.47297297297297297,0.472972972972973,1,3,34,36,74
high_score_rate_0_8,high_is_2.6,0.07117656082221199,0.6792452830188679,0.5217391304347826,0.972972972972973,0.10810810810810811,0.5405405405405406,0.5405405405405406,36,33,4,1,74
high_score_rate_0_8,high_is_2.6,0.06812778033440711,0.6728971962616821,0.5142857142857142,0.972972972972973,0.08108108108108109,0.527027027027027,0.5270270270270271,36,34,3,1,74
high_score_rate_0_8,low_is_2.6,0.2916164860163254,0.6666666666666666,0.5230769230769231,0.918918918918919,0.16216216216216217,0.5405405405405406,0.5405405405405406,34,31,6,3,74
high_score_rate_0_8,high_is_2.6,0.06704174000502891,0.6666666666666666,0.5070422535211268,0.972972972972973,0.05405405405405406,0.5135135135135135,0.5135135135135136,36,35,2,1,74
high_score_rate_0_8,high_is_2.6,0.024193548387096774,0.6666666666666666,0.5,1.0,0.0,0.5,0.5,37,37,0,0,74
high_score_rate_0_8,low_is_2.6,0.3783783783783784,0.6666666666666666,0.5,1.0,0.0,0.5,0.5,37,37,0,0,74
high_score_rate_0_8,high_is_2.6,0.0732520325203252,0.6666666666666665,0.5147058823529411,0.9459459459459459,0.10810810810810811,0.527027027027027,0.527027027027027,35,33,4,2,74
high_score_rate_0_8,high_is_2.6,0.06611385029134917,0.6605504587155964,0.5,0.972972972972973,0.02702702702702703,0.5,0.5,36,36,1,1,74
high_score_rate_0_8,low_is_2.6,0.33823032759202976,0.6605504587155964,0.5,0.972972972972973,0.02702702702702703,0.5,0.5,36,36,1,1,74
high_score_rate_0_8,high_is_2.6,0.08025911286780851,0.6601941747572816,0.5151515151515151,0.918918918918919,0.13513513513513514,0.527027027027027,0.5270270270270271,34,32,5,3,74
high_score_rate_0_8,low_is_2.6,0.2980121293800539,0.6601941747572816,0.5151515151515151,0.918918918918919,0.13513513513513514,0.527027027027027,0.5270270270270271,34,32,5,3,74
high_score_rate_0_8,high_is_2.6,0.044705469845722295,0.6545454545454545,0.4931506849315068,0.972972972972973,0.0,0.4864864864864865,0.4864864864864865,36,37,0,1,74
high_score_rate_0_8,low_is_2.6,0.3647211040828062,0.6545454545454545,0.4931506849315068,0.972972972972973,0.0,0.4864864864864865,0.4864864864864865,36,37,0,1,74
high_score_rate_0_8,high_is_2.6,0.07652173913043478,0.6538461538461539,0.5074626865671642,0.918918918918919,0.10810810810810811,0.5135135135135135,0.5135135135135136,34,33,4,3,74
high_score_rate_0_8,low_is_2.6,0.3045634920634921,0.6538461538461539,0.5074626865671642,0.918918918918919,0.10810810810810811,0.5135135135135135,0.5135135135135136,34,33,4,3,74
high_score_rate_0_8,high_is_2.6,0.08553602360941812,0.6534653465346535,0.515625,0.8918918918918919,0.16216216216216217,0.527027027027027,0.527027027027027,33,31,6,4,74
high_score_rate_0_8,low_is_2.6,0.2835479656588279,0.6534653465346535,0.515625,0.8918918918918919,0.16216216216216217,0.527027027027027,0.527027027027027,33,31,6,4,74
high_score_rate_0_8,high_is_2.6,0.09569666920925501,0.6530612244897959,0.5245901639344263,0.8648648648648649,0.21621621621621623,0.5405405405405406,0.5405405405405406,32,29,8,5,74
high_score_rate_0_8,low_is_2.6,0.3246031746031746,0.6481481481481483,0.49295774647887325,0.9459459459459459,0.02702702702702703,0.4864864864864865,0.4864864864864865,35,36,1,2,74
high_score_rate_0_8,low_is_2.6,0.3113143631436315,0.6476190476190476,0.5,0.918918918918919,0.08108108108108109,0.5,0.5,34,34,3,3,74
high_score_rate_0_8,high_is_2.6,0.08236208236208237,0.6470588235294117,0.5076923076923077,0.8918918918918919,0.13513513513513514,0.5135135135135135,0.5135135135135135,33,32,5,4,74
high_score_rate_0_8,high_is_2.6,0.09189640768588136,0.6464646464646465,0.5161290322580645,0.8648648648648649,0.1891891891891892,0.527027027027027,0.5270270270270271,32,30,7,5,74
high_score_rate_0_8,low_is_2.6,0.31972079589216945,0.6415094339622641,0.4927536231884058,0.918918918918919,0.05405405405405406,0.4864864864864865,0.4864864864864865,34,35,2,3,74
high_score_rate_0_8,high_is_2.6,0.08869076360626336,0.64,0.5079365079365079,0.8648648648648649,0.16216216216216217,0.5135135135135135,0.5135135135135136,32,31,6,5,74
high_score_rate_0_8,low_is_2.6,0.27329302987197723,0.64,0.5079365079365079,0.8648648648648649,0.16216216216216217,0.5135135135135135,0.5135135135135136,32,31,6,5,74
high_score_rate_0_8,high_is_2.6,0.09846259302781042,0.6391752577319588,0.5166666666666667,0.8378378378378378,0.21621621621621623,0.527027027027027,0.527027027027027,31,29,8,6,74
high_score_rate_0_8,low_is_2.6,0.3230889724310777,0.6355140186915889,0.4857142857142857,0.918918918918919,0.02702702702702703,0.47297297297297297,0.472972972972973,34,36,1,3,74
high_score_rate_0_8,high_is_2.6,0.10203478055128357,0.631578947368421,0.5172413793103449,0.8108108108108109,0.24324324324324326,0.527027027027027,0.5270270270270271,30,28,9,7,74
high_score_rate_0_8,high_is_2.6,0.11528239202657807,0.6292134831460674,0.5384615384615384,0.7567567567567568,0.35135135135135137,0.5540540540540541,0.5540540540540541,28,24,13,9,74
high_score_rate_0_8,high_is_2.6,0.12464689265536724,0.6279069767441859,0.5510204081632653,0.7297297297297297,0.40540540540540543,0.5675675675675675,0.5675675675675675,27,22,15,10,74
high_score_rate_0_8,low_is_2.6,0.2678784979669936,0.6262626262626263,0.5,0.8378378378378378,0.16216216216216217,0.5,0.5,31,31,6,6,74
high_score_rate_0_8,high_is_2.6,0.10018246094195461,0.6249999999999999,0.5084745762711864,0.8108108108108109,0.21621621621621623,0.5135135135135135,0.5135135135135136,30,29,8,7,74
high_score_rate_0_8,low_is_2.6,0.2582842816655766,0.6249999999999999,0.5084745762711864,0.8108108108108109,0.21621621621621623,0.5135135135135135,0.5135135135135136,30,29,8,7,74
high_score_rate_0_8,high_is_2.6,0.11210082791247783,0.6236559139784947,0.5178571428571429,0.7837837837837838,0.2702702702702703,0.527027027027027,0.527027027027027,29,27,10,8,74
high_score_rate_0_8,high_is_2.6,0.11416040100250627,0.6222222222222221,0.5283018867924528,0.7567567567567568,0.32432432432432434,0.5405405405405406,0.5405405405405406,28,25,12,9,74
high_score_rate_0_8,high_is_2.6,0.12238785651078893,0.6206896551724138,0.54,0.7297297297297297,0.3783783783783784,0.5540540540540541,0.5540540540540541,27,23,14,10,74
high_score_rate_0_8,low_is_2.6,0.25912603250732746,0.6185567010309277,0.5,0.8108108108108109,0.1891891891891892,0.5,0.5,30,30,7,7,74
high_score_rate_0_8,high_is_2.6,0.10732292179045745,0.6170212765957447,0.5087719298245614,0.7837837837837838,0.24324324324324326,0.5135135135135135,0.5135135135135135,29,28,9,8,74
high_score_rate_0_8,high_is_2.6,0.11392811296534017,0.6153846153846154,0.5185185185185185,0.7567567567567568,0.2972972972972973,0.527027027027027,0.5270270270270271,28,26,11,9,74
high_score_rate_0_8,high_is_2.6,0.11838049873914261,0.6136363636363636,0.5294117647058824,0.7297297297297297,0.35135135135135137,0.5405405405405406,0.5405405405405406,27,24,13,10,74
high_score_rate_0_8,low_is_2.6,0.26237299246148804,0.6122448979591837,0.4918032786885246,0.8108108108108109,0.16216216216216217,0.4864864864864865,0.4864864864864865,30,31,6,7,74
high_score_rate_0_8,high_is_2.6,0.12537425149700598,0.611764705882353,0.5416666666666666,0.7027027027027027,0.40540540540540543,0.5540540540540541,0.5540540540540541,26,22,15,11,74
high_score_rate_0_8,low_is_2.6,0.2550014710208885,0.6105263157894737,0.5,0.7837837837837838,0.21621621621621623,0.5,0.5,29,29,8,8,74
high_score_rate_0_8,high_is_2.6,0.11309034438658994,0.608695652173913,0.509090909090909,0.7567567567567568,0.2702702702702703,0.5135135135135135,0.5135135135135136,28,27,10,9,74
high_score_rate_0_8,low_is_2.6,0.24154038965477953,0.608695652173913,0.509090909090909,0.7567567567567568,0.2702702702702703,0.5135135135135135,0.5135135135135136,28,27,10,9,74
high_score_rate_0_8,low_is_2.6,0.24451502695777505,0.6021505376344086,0.5,0.7567567567567568,0.24324324324324326,0.5,0.5,28,28,9,9,74
high_score_rate_0_8,low_is_2.6,0.2485912146106321,0.5957446808510638,0.49122807017543857,0.7567567567567568,0.21621621621621623,0.4864864864864865,0.4864864864864865,28,29,8,9,74
high_score_rate_0_8,high_is_2.6,0.1301011422533085,0.5952380952380952,0.5319148936170213,0.6756756756756757,0.40540540540540543,0.5405405405405406,0.5405405405405406,25,22,15,12,74
high_score_rate_0_8,low_is_2.6,0.23804705287123704,0.5934065934065933,0.5,0.7297297297297297,0.2702702702702703,0.5,0.5,27,27,10,10,74
high_score_rate_0_8,high_is_2.6,0.13606747046644746,0.5783132530120482,0.5217391304347826,0.6486486486486487,0.40540540540540543,0.527027027027027,0.5270270270270271,24,22,15,13,74
high_score_rate_0_8,low_is_2.6,0.2332274011299435,0.5777777777777777,0.49056603773584906,0.7027027027027027,0.2702702702702703,0.4864864864864865,0.4864864864864865,26,27,10,11,74
high_score_rate_0_8,high_is_2.6,0.14838690686447664,0.5714285714285715,0.55,0.5945945945945946,0.5135135135135135,0.5540540540540541,0.5540540540540541,22,18,19,15,74
high_score_rate_0_8,high_is_2.6,0.14462196353269585,0.5641025641025641,0.5365853658536586,0.5945945945945946,0.4864864864864865,0.5405405405405406,0.5405405405405406,22,19,18,15,74
high_score_rate_0_8,low_is_2.6,0.22005208333333331,0.5617977528089887,0.4807692307692308,0.6756756756756757,0.2702702702702703,0.47297297297297297,0.47297297297297297,25,27,10,12,74
high_score_rate_0_8,high_is_2.6,0.13802296964725186,0.5609756097560976,0.5111111111111111,0.6216216216216216,0.40540540540540543,0.5135135135135135,0.5135135135135135,23,22,15,14,74
high_score_rate_0_8,high_is_2.6,0.1572967215055036,0.5599999999999999,0.5526315789473685,0.5675675675675675,0.5405405405405406,0.5540540540540541,0.5540540540540541,21,17,20,16,74
high_score_rate_0_8,high_is_2.6,0.1415511771581232,0.5569620253164557,0.5238095238095238,0.5945945945945946,0.4594594594594595,0.527027027027027,0.5270270270270271,22,20,17,15,74
high_score_rate_0_8,high_is_2.6,0.15202619224116629,0.5526315789473685,0.5384615384615384,0.5675675675675675,0.5135135135135135,0.5405405405405406,0.5405405405405406,21,18,19,16,74
high_score_rate_0_8,high_is_2.6,0.140684786911202,0.55,0.5116279069767442,0.5945945945945946,0.43243243243243246,0.5135135135135135,0.5135135135135136,22,21,16,15,74
high_score_rate_0_8,low_is_2.6,0.20852218511450382,0.5454545454545454,0.47058823529411764,0.6486486486486487,0.2702702702702703,0.4594594594594595,0.4594594594594595,24,27,10,13,74
high_score_rate_0_8,high_is_2.6,0.13911245986717685,0.5432098765432098,0.5,0.5945945945945946,0.40540540540540543,0.5,0.5,22,22,15,15,74
high_score_rate_0_8,low_is_2.6,0.19611668524712003,0.5411764705882353,0.4791666666666667,0.6216216216216216,0.32432432432432434,0.47297297297297297,0.47297297297297297,23,25,12,14,74
high_score_rate_0_8,high_is_2.6,0.16131341425459073,0.5405405405405406,0.5405405405405406,0.5405405405405406,0.5405405405405406,0.5405405405405406,0.5405405405405406,20,17,20,17,74
high_score_rate_0_8,low_is_2.6,0.19683074427599975,0.5348837209302325,0.46938775510204084,0.6216216216216216,0.2972972972972973,0.4594594594594595,0.45945945945945943,23,26,11,14,74
high_score_rate_0_8,low_is_2.6,0.18743289991649767,0.5301204819277109,0.4782608695652174,0.5945945945945946,0.35135135135135137,0.47297297297297297,0.472972972972973,22,24,13,15,74
high_score_rate_0_8,low_is_2.6,0.20159358109990527,0.5287356321839081,0.46,0.6216216216216216,0.2702702702702703,0.44594594594594594,0.44594594594594594,23,27,10,14,74
high_score_rate_0_8,low_is_2.6,0.19188549289711582,0.5238095238095238,0.46808510638297873,0.5945945945945946,0.32432432432432434,0.4594594594594595,0.4594594594594595,22,25,12,15,74
high_score_rate_0_8,high_is_2.6,0.16315478825438984,0.5205479452054794,0.5277777777777778,0.5135135135135135,0.5405405405405406,0.527027027027027,0.527027027027027,19,17,20,18,74
high_score_rate_0_8,low_is_2.6,0.16833333333333333,0.5194805194805195,0.5,0.5405405405405406,0.4594594594594595,0.5,0.5,20,20,17,17,74
high_score_rate_0_8,low_is_2.6,0.17207865168539327,0.5128205128205128,0.4878048780487805,0.5405405405405406,0.43243243243243246,0.4864864864864865,0.4864864864864865,20,21,16,17,74
high_score_rate_0_8,low_is_2.6,0.18547875713379836,0.5121951219512195,0.4666666666666667,0.5675675675675675,0.35135135135135137,0.4594594594594595,0.45945945945945943,21,24,13,16,74
high_score_rate_0_8,high_is_2.6,0.18340961098398167,0.5074626865671642,0.5666666666666667,0.4594594594594595,0.6486486486486487,0.5540540540540541,0.5540540540540541,17,13,24,20,74
high_score_rate_0_8,low_is_2.6,0.1755742269066322,0.5063291139240507,0.47619047619047616,0.5405405405405406,0.40540540540540543,0.47297297297297297,0.472972972972973,20,22,15,17,74
high_score_rate_0_8,high_is_2.6,0.1797999230473259,0.5,0.5483870967741935,0.4594594594594595,0.6216216216216216,0.5405405405405406,0.5405405405405406,17,14,23,20,74
high_score_rate_0_8,high_is_2.6,0.1650066401062417,0.5,0.5142857142857142,0.4864864864864865,0.5405405405405406,0.5135135135135135,0.5135135135135136,18,17,20,19,74
high_score_rate_0_8,low_is_2.6,0.1650066401062417,0.5,0.48717948717948717,0.5135135135135135,0.4594594594594595,0.4864864864864865,0.4864864864864865,19,20,17,18,74
high_score_rate_0_8,low_is_2.6,0.1797999230473259,0.5,0.46511627906976744,0.5405405405405406,0.3783783783783784,0.4594594594594595,0.4594594594594595,20,23,14,17,74
high_score_rate_0_8,low_is_2.6,0.18340961098398167,0.49382716049382713,0.45454545454545453,0.5405405405405406,0.35135135135135137,0.44594594594594594,0.44594594594594594,20,24,13,17,74
high_score_rate_0_8,high_is_2.6,0.1755742269066322,0.4927536231884059,0.53125,0.4594594594594595,0.5945945945945946,0.527027027027027,0.5270270270270271,17,15,22,20,74
high_score_rate_0_8,high_is_2.6,0.17207865168539327,0.48571428571428577,0.5151515151515151,0.4594594594594595,0.5675675675675675,0.5135135135135135,0.5135135135135135,17,16,21,20,74
high_score_rate_0_8,high_is_2.6,0.18547875713379836,0.48484848484848486,0.5517241379310345,0.43243243243243246,0.6486486486486487,0.5405405405405406,0.5405405405405406,16,13,24,21,74
high_score_rate_0_8,low_is_2.6,0.16315478825438984,0.4799999999999999,0.47368421052631576,0.4864864864864865,0.4594594594594595,0.47297297297297297,0.472972972972973,18,20,17,19,74
high_score_rate_0_8,high_is_2.6,0.16833333333333333,0.47887323943661975,0.5,0.4594594594594595,0.5405405405405406,0.5,0.5,17,17,20,20,74
high_score_rate_0_8,high_is_2.6,0.19188549289711582,0.46875,0.5555555555555556,0.40540540540540543,0.6756756756756757,0.5405405405405406,0.5405405405405406,15,12,25,22,74
high_score_rate_0_8,high_is_2.6,0.18743289991649767,0.46153846153846156,0.5357142857142857,0.40540540540540543,0.6486486486486487,0.527027027027027,0.5270270270270271,15,13,24,22,74
high_score_rate_0_8,low_is_2.6,0.16131341425459073,0.4594594594594595,0.4594594594594595,0.4594594594594595,0.4594594594594595,0.4594594594594595,0.4594594594594595,17,20,17,20,74
high_score_rate_0_8,high_is_2.6,0.20159358109990527,0.45901639344262296,0.5833333333333334,0.3783783783783784,0.7297297297297297,0.5540540540540541,0.5540540540540541,14,10,27,23,74
high_score_rate_0_8,high_is_2.6,0.19683074427599975,0.4516129032258065,0.56,0.3783783783783784,0.7027027027027027,0.5405405405405406,0.5405405405405406,14,11,26,23,74
high_score_rate_0_8,low_is_2.6,0.13911245986717685,0.4477611940298507,0.5,0.40540540540540543,0.5945945945945946,0.5,0.5,15,15,22,22,74
high_score_rate_0_8,high_is_2.6,0.19611668524712003,0.4444444444444445,0.5384615384615384,0.3783783783783784,0.6756756756756757,0.527027027027027,0.527027027027027,14,12,25,23,74
high_score_rate_0_8,low_is_2.6,0.15202619224116629,0.4444444444444445,0.45714285714285713,0.43243243243243246,0.4864864864864865,0.4594594594594595,0.4594594594594595,16,19,18,21,74
high_score_rate_0_8,low_is_2.6,0.140684786911202,0.4411764705882353,0.4838709677419355,0.40540540540540543,0.5675675675675675,0.4864864864864865,0.4864864864864865,15,16,21,22,74
high_score_rate_0_8,low_is_2.6,0.1572967215055036,0.4383561643835616,0.4444444444444444,0.43243243243243246,0.4594594594594595,0.44594594594594594,0.44594594594594594,16,20,17,21,74
high_score_rate_0_8,low_is_2.6,0.1415511771581232,0.43478260869565216,0.46875,0.40540540540540543,0.5405405405405406,0.47297297297297297,0.472972972972973,15,17,20,22,74
high_score_rate_0_8,high_is_2.6,0.20852218511450382,0.43333333333333335,0.5652173913043478,0.35135135135135137,0.7297297297297297,0.5405405405405406,0.5405405405405406,13,10,27,24,74
high_score_rate_0_8,low_is_2.6,0.14462196353269585,0.42857142857142855,0.45454545454545453,0.40540540540540543,0.5135135135135135,0.4594594594594595,0.45945945945945943,15,18,19,22,74
high_score_rate_0_8,low_is_2.6,0.13802296964725186,0.42424242424242425,0.4827586206896552,0.3783783783783784,0.5945945945945946,0.4864864864864865,0.4864864864864865,14,15,22,23,74
high_score_rate_0_8,low_is_2.6,0.14838690686447664,0.4225352112676056,0.4411764705882353,0.40540540540540543,0.4864864864864865,0.44594594594594594,0.44594594594594594,15,19,18,22,74
high_score_rate_0_8,high_is_2.6,0.22005208333333331,0.4067796610169491,0.5454545454545454,0.32432432432432434,0.7297297297297297,0.527027027027027,0.527027027027027,12,10,27,25,74
high_score_rate_0_8,low_is_2.6,0.13606747046644746,0.39999999999999997,0.4642857142857143,0.35135135135135137,0.5945945945945946,0.47297297297297297,0.472972972972973,13,15,22,24,74
high_score_rate_0_8,high_is_2.6,0.2332274011299435,0.37931034482758624,0.5238095238095238,0.2972972972972973,0.7297297297297297,0.5135135135135135,0.5135135135135135,11,10,27,26,74
high_score_rate_0_8,low_is_2.6,0.1301011422533085,0.375,0.4444444444444444,0.32432432432432434,0.5945945945945946,0.4594594594594595,0.4594594594594595,12,15,22,25,74
high_score_rate_0_8,high_is_2.6,0.23804705287123704,0.3508771929824562,0.5,0.2702702702702703,0.7297297297297297,0.5,0.5,10,10,27,27,74
high_score_rate_0_8,low_is_2.6,0.12537425149700598,0.34920634920634924,0.4230769230769231,0.2972972972972973,0.5945945945945946,0.44594594594594594,0.44594594594594594,11,15,22,26,74
high_score_rate_0_8,high_is_2.6,0.2485912146106321,0.33333333333333337,0.5294117647058824,0.24324324324324326,0.7837837837837838,0.5135135135135135,0.5135135135135135,9,8,29,28,74
high_score_rate_0_8,low_is_2.6,0.11838049873914261,0.3333333333333333,0.43478260869565216,0.2702702702702703,0.6486486486486487,0.4594594594594595,0.4594594594594595,10,13,24,27,74
high_score_rate_0_8,low_is_2.6,0.12238785651078893,0.3278688524590164,0.4166666666666667,0.2702702702702703,0.6216216216216216,0.44594594594594594,0.44594594594594594,10,14,23,27,74
high_score_rate_0_8,high_is_2.6,0.24451502695777505,0.3272727272727273,0.5,0.24324324324324326,0.7567567567567568,0.5,0.5,9,9,28,28,74
high_score_rate_0_8,low_is_2.6,0.12464689265536724,0.3225806451612903,0.4,0.2702702702702703,0.5945945945945946,0.43243243243243246,0.43243243243243246,10,15,22,27,74
high_score_rate_0_8,high_is_2.6,0.24154038965477953,0.3214285714285714,0.47368421052631576,0.24324324324324326,0.7297297297297297,0.4864864864864865,0.4864864864864865,9,10,27,28,74
high_score_rate_0_8,low_is_2.6,0.11309034438658994,0.3214285714285714,0.47368421052631576,0.24324324324324326,0.7297297297297297,0.4864864864864865,0.4864864864864865,9,10,27,28,74
high_score_rate_0_8,low_is_2.6,0.11392811296534017,0.3157894736842105,0.45,0.24324324324324326,0.7027027027027027,0.47297297297297297,0.472972972972973,9,11,26,28,74
high_score_rate_0_8,low_is_2.6,0.11416040100250627,0.3103448275862069,0.42857142857142855,0.24324324324324326,0.6756756756756757,0.4594594594594595,0.45945945945945943,9,12,25,28,74
high_score_rate_0_8,low_is_2.6,0.11528239202657807,0.3050847457627119,0.4090909090909091,0.24324324324324326,0.6486486486486487,0.44594594594594594,0.44594594594594594,9,13,24,28,74
high_score_rate_0_8,high_is_2.6,0.2550014710208885,0.3018867924528302,0.5,0.21621621621621623,0.7837837837837838,0.5,0.5,8,8,29,29,74
high_score_rate_0_8,low_is_2.6,0.10732292179045745,0.29629629629629634,0.47058823529411764,0.21621621621621623,0.7567567567567568,0.4864864864864865,0.4864864864864865,8,9,28,29,74
high_score_rate_0_8,low_is_2.6,0.11210082791247783,0.2909090909090909,0.4444444444444444,0.21621621621621623,0.7297297297297297,0.47297297297297297,0.47297297297297297,8,10,27,29,74
high_score_rate_0_8,high_is_2.6,0.26237299246148804,0.28,0.5384615384615384,0.1891891891891892,0.8378378378378378,0.5135135135135135,0.5135135135135135,7,6,31,30,74
high_score_rate_0_8,high_is_2.6,0.25912603250732746,0.2745098039215686,0.5,0.1891891891891892,0.8108108108108109,0.5,0.5,7,7,30,30,74
high_score_rate_0_8,high_is_2.6,0.2582842816655766,0.2692307692307693,0.4666666666666667,0.1891891891891892,0.7837837837837838,0.4864864864864865,0.4864864864864865,7,8,29,30,74
high_score_rate_0_8,low_is_2.6,0.10018246094195461,0.2692307692307693,0.4666666666666667,0.1891891891891892,0.7837837837837838,0.4864864864864865,0.4864864864864865,7,8,29,30,74
high_score_rate_0_8,low_is_2.6,0.10203478055128357,0.2641509433962264,0.4375,0.1891891891891892,0.7567567567567568,0.47297297297297297,0.472972972972973,7,9,28,30,74
high_score_rate_0_8,high_is_2.6,0.2678784979669936,0.2448979591836735,0.5,0.16216216216216217,0.8378378378378378,0.5,0.5,6,6,31,31,74
high_score_rate_0_8,low_is_2.6,0.09846259302781042,0.23529411764705885,0.42857142857142855,0.16216216216216217,0.7837837837837838,0.47297297297297297,0.47297297297297297,6,8,29,31,74
high_score_rate_0_8,high_is_2.6,0.27329302987197723,0.20833333333333334,0.45454545454545453,0.13513513513513514,0.8378378378378378,0.4864864864864865,0.4864864864864865,5,6,31,32,74
high_score_rate_0_8,low_is_2.6,0.08869076360626336,0.20833333333333334,0.45454545454545453,0.13513513513513514,0.8378378378378378,0.4864864864864865,0.4864864864864865,5,6,31,32,74
high_score_rate_0_8,low_is_2.6,0.09189640768588136,0.20408163265306126,0.4166666666666667,0.13513513513513514,0.8108108108108109,0.47297297297297297,0.472972972972973,5,7,30,32,74
high_score_rate_0_8,low_is_2.6,0.09569666920925501,0.2,0.38461538461538464,0.13513513513513514,0.7837837837837838,0.4594594594594595,0.45945945945945943,5,8,29,32,74
high_score_rate_0_8,low_is_2.6,0.08236208236208237,0.17391304347826086,0.4444444444444444,0.10810810810810811,0.8648648648648649,0.4864864864864865,0.4864864864864865,4,5,32,33,74
high_score_rate_0_8,high_is_2.6,0.2835479656588279,0.1702127659574468,0.4,0.10810810810810811,0.8378378378378378,0.47297297297297297,0.47297297297297297,4,6,31,33,74
high_score_rate_0_8,low_is_2.6,0.08553602360941812,0.1702127659574468,0.4,0.10810810810810811,0.8378378378378378,0.47297297297297297,0.47297297297297297,4,6,31,33,74
high_score_rate_0_8,high_is_2.6,0.3230889724310777,0.14634146341463414,0.75,0.08108108108108109,0.972972972972973,0.527027027027027,0.5270270270270271,3,1,36,34,74
high_score_rate_0_8,high_is_2.6,0.31972079589216945,0.14285714285714288,0.6,0.08108108108108109,0.9459459459459459,0.5135135135135135,0.5135135135135135,3,2,35,34,74
high_score_rate_0_8,high_is_2.6,0.3113143631436315,0.13953488372093023,0.5,0.08108108108108109,0.918918918918919,0.5,0.5,3,3,34,34,74
high_score_rate_0_8,high_is_2.6,0.3045634920634921,0.13636363636363638,0.42857142857142855,0.08108108108108109,0.8918918918918919,0.4864864864864865,0.4864864864864865,3,4,33,34,74
high_score_rate_0_8,low_is_2.6,0.07652173913043478,0.13636363636363638,0.42857142857142855,0.08108108108108109,0.8918918918918919,0.4864864864864865,0.4864864864864865,3,4,33,34,74
high_score_rate_0_8,high_is_2.6,0.2980121293800539,0.13333333333333333,0.375,0.08108108108108109,0.8648648648648649,0.47297297297297297,0.472972972972973,3,5,32,34,74
high_score_rate_0_8,low_is_2.6,0.08025911286780851,0.13333333333333333,0.375,0.08108108108108109,0.8648648648648649,0.47297297297297297,0.472972972972973,3,5,32,34,74
high_score_rate_0_8,high_is_2.6,0.2916164860163254,0.13043478260869568,0.3333333333333333,0.08108108108108109,0.8378378378378378,0.4594594594594595,0.45945945945945943,3,6,31,34,74
high_score_rate_0_8,high_is_2.6,0.3246031746031746,0.1,0.6666666666666666,0.05405405405405406,0.972972972972973,0.5135135135135135,0.5135135135135136,2,1,36,35,74
high_score_rate_0_8,low_is_2.6,0.0732520325203252,0.09302325581395349,0.3333333333333333,0.05405405405405406,0.8918918918918919,0.47297297297297297,0.47297297297297297,2,4,33,35,74
high_score_rate_0_8,high_is_2.6,0.3647211040828062,0.052631578947368425,1.0,0.02702702702702703,1.0,0.5135135135135135,0.5135135135135135,1,0,37,36,74
high_score_rate_0_8,high_is_2.6,0.3783783783783784,0.052631578947368425,1.0,0.02702702702702703,1.0,0.5135135135135135,0.5135135135135135,1,0,37,36,74
high_score_rate_0_8,low_is_2.6,0.024193548387096774,0.052631578947368425,1.0,0.02702702702702703,1.0,0.5135135135135135,0.5135135135135135,1,0,37,36,74
high_score_rate_0_8,low_is_2.6,0.044705469845722295,0.052631578947368425,1.0,0.02702702702702703,1.0,0.5135135135135135,0.5135135135135135,1,0,37,36,74
high_score_rate_0_8,high_is_2.6,0.33823032759202976,0.05128205128205129,0.5,0.02702702702702703,0.972972972972973,0.5,0.5,1,1,36,36,74
high_score_rate_0_8,low_is_2.6,0.06611385029134917,0.05128205128205129,0.5,0.02702702702702703,0.972972972972973,0.5,0.5,1,1,36,36,74
high_score_rate_0_8,low_is_2.6,0.06704174000502891,0.05,0.3333333333333333,0.02702702702702703,0.9459459459459459,0.4864864864864865,0.4864864864864865,1,2,35,36,74
high_score_rate_0_8,low_is_2.6,0.06812778033440711,0.04878048780487805,0.25,0.02702702702702703,0.918918918918919,0.47297297297297297,0.472972972972973,1,3,34,36,74
high_score_rate_0_8,low_is_2.6,0.07117656082221199,0.047619047619047616,0.2,0.02702702702702703,0.8918918918918919,0.4594594594594595,0.45945945945945943,1,4,33,36,74
high_score_rate_0_9,high_is_2.6,0.08025911286780851,0.68,0.5396825396825397,0.918918918918919,0.21621621621621623,0.5675675675675675,0.5675675675675675,34,29,8,3,74
high_score_rate_0_9,high_is_2.6,0.0791407867494824,0.6732673267326733,0.53125,0.918918918918919,0.1891891891891892,0.5540540540540541,0.5540540540540541,34,30,7,3,74
high_score_rate_0_9,high_is_2.6,0.07117656082221199,0.673076923076923,0.5223880597014925,0.9459459459459459,0.13513513513513514,0.5405405405405406,0.5405405405405406,35,32,5,2,74
high_score_rate_0_9,high_is_2.6,0.06594202898550725,0.6728971962616821,0.5142857142857142,0.972972972972973,0.08108108108108109,0.527027027027027,0.5270270270270271,36,34,3,1,74
high_score_rate_0_9,high_is_2.6,0.08168844407376519,0.6666666666666666,0.532258064516129,0.8918918918918919,0.21621621621621623,0.5540540540540541,0.5540540540540541,33,29,8,4,74
high_score_rate_0_9,high_is_2.6,0.07774725274725275,0.6666666666666666,0.5230769230769231,0.918918918918919,0.16216216216216217,0.5405405405405406,0.5405405405405406,34,31,6,3,74
high_score_rate_0_9,high_is_2.6,0.06095921111609144,0.6666666666666666,0.5070422535211268,0.972972972972973,0.05405405405405406,0.5135135135135135,0.5135135135135136,36,35,2,1,74
high_score_rate_0_9,low_is_2.6,0.29814118629908104,0.6666666666666666,0.5070422535211268,0.972972972972973,0.05405405405405406,0.5135135135135135,0.5135135135135136,36,35,2,1,74
high_score_rate_0_9,high_is_2.6,0.024193548387096774,0.6666666666666666,0.5,1.0,0.0,0.5,0.5,37,37,0,0,74
high_score_rate_0_9,low_is_2.6,0.36036036036036034,0.6666666666666666,0.5,1.0,0.0,0.5,0.5,37,37,0,0,74
high_score_rate_0_9,high_is_2.6,0.06842578143471886,0.6666666666666665,0.5147058823529411,0.9459459459459459,0.10810810810810811,0.527027027027027,0.527027027027027,35,33,4,2,74
high_score_rate_0_9,high_is_2.6,0.049691978878551674,0.6605504587155964,0.5,0.972972972972973,0.02702702702702703,0.5,0.5,36,36,1,1,74
high_score_rate_0_9,low_is_2.6,0.31089025755879063,0.6605504587155964,0.5,0.972972972972973,0.02702702702702703,0.5,0.5,36,36,1,1,74
high_score_rate_0_9,high_is_2.6,0.06716791979949874,0.660377358490566,0.5072463768115942,0.9459459459459459,0.08108108108108109,0.5135135135135135,0.5135135135135135,35,34,3,2,74
high_score_rate_0_9,low_is_2.6,0.2881854350458398,0.660377358490566,0.5072463768115942,0.9459459459459459,0.08108108108108109,0.5135135135135135,0.5135135135135135,35,34,3,2,74
high_score_rate_0_9,high_is_2.6,0.075046904315197,0.6601941747572816,0.5151515151515151,0.918918918918919,0.13513513513513514,0.527027027027027,0.5270270270270271,34,32,5,3,74
high_score_rate_0_9,low_is_2.6,0.2675925925925926,0.6601941747572816,0.5151515151515151,0.918918918918919,0.13513513513513514,0.527027027027027,0.5270270270270271,34,32,5,3,74
high_score_rate_0_9,high_is_2.6,0.033438237608182535,0.6545454545454545,0.4931506849315068,0.972972972972973,0.0,0.4864864864864865,0.4864864864864865,36,37,0,1,74
high_score_rate_0_9,low_is_2.6,0.33975464826528656,0.6545454545454545,0.4931506849315068,0.972972972972973,0.0,0.4864864864864865,0.4864864864864865,36,37,0,1,74
high_score_rate_0_9,low_is_2.6,0.29316686024003097,0.6542056074766355,0.5,0.9459459459459459,0.05405405405405406,0.5,0.5,35,35,2,2,74
high_score_rate_0_9,low_is_2.6,0.27105171208944795,0.6538461538461539,0.5074626865671642,0.918918918918919,0.10810810810810811,0.5135135135135135,0.5135135135135136,34,33,4,3,74
high_score_rate_0_9,high_is_2.6,0.08632944871476982,0.6530612244897959,0.5245901639344263,0.8648648648648649,0.21621621621621623,0.5405405405405406,0.5405405405405406,32,29,8,5,74
high_score_rate_0_9,low_is_2.6,0.27863642446139436,0.6476190476190476,0.5,0.918918918918919,0.08108108108108109,0.5,0.5,34,34,3,3,74
high_score_rate_0_9,low_is_2.6,0.26396396396396393,0.6470588235294117,0.5076923076923077,0.8918918918918919,0.13513513513513514,0.5135135135135135,0.5135135135135135,33,32,5,4,74
high_score_rate_0_9,high_is_2.6,0.09769353128313893,0.6451612903225806,0.5357142857142857,0.8108108108108109,0.2972972972972973,0.5540540540540541,0.5540540540540541,30,26,11,7,74
high_score_rate_0_9,high_is_2.6,0.09155667295202179,0.6391752577319588,0.5166666666666667,0.8378378378378378,0.21621621621621623,0.527027027027027,0.527027027027027,31,29,8,6,74
high_score_rate_0_9,high_is_2.6,0.0962488422352578,0.6382978723404256,0.5263157894736842,0.8108108108108109,0.2702702702702703,0.5405405405405406,0.5405405405405406,30,27,10,7,74
high_score_rate_0_9,low_is_2.6,0.25563063063063063,0.6336633663366337,0.5,0.8648648648648649,0.13513513513513514,0.5,0.5,32,32,5,5,74
high_score_rate_0_9,low_is_2.6,0.24351427948550253,0.6326530612244898,0.5081967213114754,0.8378378378378378,0.1891891891891892,0.5135135135135135,0.5135135135135135,31,30,7,6,74
high_score_rate_0_9,high_is_2.6,0.0942519801613739,0.631578947368421,0.5172413793103449,0.8108108108108109,0.24324324324324326,0.527027027027027,0.5270270270270271,30,28,9,7,74
high_score_rate_0_9,high_is_2.6,0.09947484123106987,0.6304347826086956,0.5272727272727272,0.7837837837837838,0.2972972972972973,0.5405405405405406,0.5405405405405406,29,26,11,8,74
high_score_rate_0_9,low_is_2.6,0.2473021582733813,0.6262626262626263,0.5,0.8378378378378378,0.16216216216216217,0.5,0.5,31,31,6,6,74
high_score_rate_0_9,high_is_2.6,0.09329525363797089,0.6249999999999999,0.5084745762711864,0.8108108108108109,0.21621621621621623,0.5135135135135135,0.5135135135135136,30,29,8,7,74
high_score_rate_0_9,low_is_2.6,0.2406151062867481,0.6185567010309277,0.5,0.8108108108108109,0.1891891891891892,0.5,0.5,30,30,7,7,74
high_score_rate_0_9,low_is_2.6,0.23482546505595495,0.6170212765957447,0.5087719298245614,0.7837837837837838,0.24324324324324326,0.5135135135135135,0.5135135135135135,29,28,9,8,74
high_score_rate_0_9,high_is_2.6,0.10196366691168748,0.6153846153846154,0.5185185185185185,0.7567567567567568,0.2972972972972973,0.527027027027027,0.5270270270270271,28,26,11,9,74
high_score_rate_0_9,low_is_2.6,0.23683912920554143,0.6105263157894737,0.5,0.7837837837837838,0.21621621621621623,0.5,0.5,29,29,8,8,74
high_score_rate_0_9,high_is_2.6,0.12482115415187324,0.6097560975609757,0.5555555555555556,0.6756756756756757,0.4594594594594595,0.5675675675675675,0.5675675675675675,25,20,17,12,74
high_score_rate_0_9,low_is_2.6,0.230428863172226,0.608695652173913,0.509090909090909,0.7567567567567568,0.2702702702702703,0.5135135135135135,0.5135135135135136,28,27,10,9,74
high_score_rate_0_9,high_is_2.6,0.13527414614371136,0.6075949367088608,0.5714285714285714,0.6486486486486487,0.5135135135135135,0.581081081081081,0.5810810810810811,24,18,19,13,74
high_score_rate_0_9,high_is_2.6,0.10551619433198381,0.6067415730337079,0.5192307692307693,0.7297297297297297,0.32432432432432434,0.527027027027027,0.527027027027027,27,25,12,10,74
high_score_rate_0_9,high_is_2.6,0.11584107327141382,0.6046511627906977,0.5306122448979592,0.7027027027027027,0.3783783783783784,0.5405405405405406,0.5405405405405406,26,23,14,11,74
high_score_rate_0_9,low_is_2.6,0.2379215035931454,0.6041666666666666,0.4915254237288136,0.7837837837837838,0.1891891891891892,0.4864864864864865,0.4864864864864865,29,30,7,8,74
high_score_rate_0_9,high_is_2.6,0.12326765737184839,0.6024096385542168,0.5434782608695652,0.6756756756756757,0.43243243243243246,0.5540540540540541,0.5540540540540541,25,21,16,12,74
high_score_rate_0_9,low_is_2.6,0.23188946975354743,0.6021505376344086,0.5,0.7567567567567568,0.24324324324324326,0.5,0.5,28,28,9,9,74
high_score_rate_0_9,high_is_2.6,0.13143356643356643,0.6,0.5581395348837209,0.6486486486486487,0.4864864864864865,0.5675675675675675,0.5675675675675675,24,19,18,13,74
high_score_rate_0_9,high_is_2.6,0.10403344810624693,0.6,0.5094339622641509,0.7297297297297297,0.2972972972972973,0.5135135135135135,0.5135135135135135,27,26,11,10,74
high_score_rate_0_9,high_is_2.6,0.11123441132952863,0.5977011494252874,0.52,0.7027027027027027,0.35135135135135137,0.527027027027027,0.5270270270270271,26,24,13,11,74
high_score_rate_0_9,high_is_2.6,0.12064278861528621,0.5952380952380952,0.5319148936170213,0.6756756756756757,0.40540540540540543,0.5405405405405406,0.5405405405405406,25,22,15,12,74
high_score_rate_0_9,low_is_2.6,0.22945102744862755,0.5934065934065933,0.5,0.7297297297297297,0.2702702702702703,0.5,0.5,27,27,10,10,74
high_score_rate_0_9,high_is_2.6,0.127874251497006,0.5925925925925926,0.5454545454545454,0.6486486486486487,0.4594594594594595,0.5540540540540541,0.5540540540540541,24,20,17,13,74
high_score_rate_0_9,high_is_2.6,0.1071014828544949,0.5909090909090909,0.5098039215686274,0.7027027027027027,0.32432432432432434,0.5135135135135135,0.5135135135135136,26,25,12,11,74
high_score_rate_0_9,high_is_2.6,0.13802296964725186,0.5897435897435899,0.5609756097560976,0.6216216216216216,0.5135135135135135,0.5675675675675675,0.5675675675675675,23,18,19,14,74
high_score_rate_0_9,high_is_2.6,0.11814556331006978,0.5882352941176472,0.5208333333333334,0.6756756756756757,0.3783783783783784,0.527027027027027,0.527027027027027,25,23,14,12,74
high_score_rate_0_9,low_is_2.6,0.2185734463276836,0.5777777777777777,0.49056603773584906,0.7027027027027027,0.2702702702702703,0.4864864864864865,0.4864864864864865,26,27,10,11,74
high_score_rate_0_9,high_is_2.6,0.14222503160556257,0.5753424657534246,0.5833333333333334,0.5675675675675675,0.5945945945945946,0.581081081081081,0.5810810810810811,21,15,22,16,74
high_score_rate_0_9,high_is_2.6,0.1395527603074773,0.5714285714285715,0.55,0.5945945945945946,0.5135135135135135,0.5540540540540541,0.5540540540540541,22,18,19,15,74
high_score_rate_0_9,high_is_2.6,0.14126625883470928,0.5675675675675675,0.5675675675675675,0.5675675675675675,0.5675675675675675,0.5675675675675675,0.5675675675675675,21,16,21,16,74
high_score_rate_0_9,low_is_2.6,0.19958651399491095,0.5617977528089887,0.4807692307692308,0.6756756756756757,0.2702702702702703,0.47297297297297297,0.47297297297297297,25,27,10,12,74
high_score_rate_0_9,high_is_2.6,0.14089233386898573,0.5599999999999999,0.5526315789473685,0.5675675675675675,0.5405405405405406,0.5540540540540541,0.5540540540540541,21,17,20,16,74
high_score_rate_0_9,high_is_2.6,0.14598997493734334,0.5555555555555556,0.5714285714285714,0.5405405405405406,0.5945945945945946,0.5675675675675675,0.5675675675675675,20,15,22,17,74
high_score_rate_0_9,high_is_2.6,0.14079290558163798,0.5526315789473685,0.5384615384615384,0.5675675675675675,0.5135135135135135,0.5405405405405406,0.5405405405405406,21,18,19,16,74
high_score_rate_0_9,low_is_2.6,0.18916984732824427,0.5454545454545454,0.47058823529411764,0.6486486486486487,0.2702702702702703,0.4594594594594595,0.4594594594594595,24,27,10,13,74
high_score_rate_0_9,low_is_2.6,0.16090672612411744,0.5365853658536586,0.4888888888888889,0.5945945945945946,0.3783783783783784,0.4864864864864865,0.4864864864864865,22,23,14,15,74
high_score_rate_0_9,high_is_2.6,0.15148448043184887,0.5352112676056339,0.5588235294117647,0.5135135135135135,0.5945945945945946,0.5540540540540541,0.5540540540540541,19,15,22,18,74
high_score_rate_0_9,low_is_2.6,0.16535499703816536,0.5301204819277109,0.4782608695652174,0.5945945945945946,0.35135135135135137,0.47297297297297297,0.472972972972973,22,24,13,15,74
high_score_rate_0_9,low_is_2.6,0.18585526315789475,0.5287356321839081,0.46,0.6216216216216216,0.2702702702702703,0.44594594594594594,0.44594594594594594,23,27,10,14,74
high_score_rate_0_9,low_is_2.6,0.15696493840530662,0.525,0.4883720930232558,0.5675675675675675,0.40540540540540543,0.4864864864864865,0.4864864864864865,21,22,15,16,74
high_score_rate_0_9,low_is_2.6,0.1711149375807146,0.5238095238095238,0.46808510638297873,0.5945945945945946,0.32432432432432434,0.4594594594594595,0.4594594594594595,22,25,12,15,74
high_score_rate_0_9,low_is_2.6,0.15836183032079465,0.5185185185185185,0.4772727272727273,0.5675675675675675,0.3783783783783784,0.47297297297297297,0.47297297297297297,21,23,14,16,74
high_score_rate_0_9,low_is_2.6,0.17454776261504285,0.5176470588235293,0.4583333333333333,0.5945945945945946,0.2972972972972973,0.44594594594594594,0.44594594594594594,22,26,11,15,74
high_score_rate_0_9,high_is_2.6,0.15461231995096536,0.5142857142857143,0.5454545454545454,0.4864864864864865,0.5945945945945946,0.5405405405405406,0.5405405405405406,18,15,22,19,74
high_score_rate_0_9,low_is_2.6,0.17969650403380716,0.5116279069767442,0.4489795918367347,0.5945945945945946,0.2702702702702703,0.43243243243243246,0.43243243243243246,22,27,10,15,74
high_score_rate_0_9,low_is_2.6,0.15600249603993666,0.5063291139240507,0.47619047619047616,0.5405405405405406,0.40540540540540543,0.47297297297297297,0.472972972972973,20,22,15,17,74
high_score_rate_0_9,high_is_2.6,0.15600249603993666,0.4927536231884059,0.53125,0.4594594594594595,0.5945945945945946,0.527027027027027,0.5270270270270271,17,15,22,20,74
high_score_rate_0_9,low_is_2.6,0.15461231995096536,0.48717948717948717,0.4634146341463415,0.5135135135135135,0.40540540540540543,0.4594594594594595,0.45945945945945943,19,22,15,18,74
high_score_rate_0_9,high_is_2.6,0.17969650403380716,0.48387096774193555,0.6,0.40540540540540543,0.7297297297297297,0.5675675675675675,0.5675675675675675,15,10,27,22,74
high_score_rate_0_9,high_is_2.6,0.15836183032079465,0.47761194029850745,0.5333333333333333,0.43243243243243246,0.6216216216216216,0.527027027027027,0.527027027027027,16,14,23,21,74
high_score_rate_0_9,high_is_2.6,0.17454776261504285,0.47619047619047616,0.5769230769230769,0.40540540540540543,0.7027027027027027,0.5540540540540541,0.5540540540540541,15,11,26,22,74
high_score_rate_0_9,high_is_2.6,0.15696493840530662,0.47058823529411764,0.5161290322580645,0.43243243243243246,0.5945945945945946,0.5135135135135135,0.5135135135135136,16,15,22,21,74
high_score_rate_0_9,high_is_2.6,0.1711149375807146,0.46875,0.5555555555555556,0.40540540540540543,0.6756756756756757,0.5405405405405406,0.5405405405405406,15,12,25,22,74
high_score_rate_0_9,low_is_2.6,0.15148448043184887,0.4675324675324675,0.45,0.4864864864864865,0.40540540540540543,0.44594594594594594,0.44594594594594594,18,22,15,19,74
high_score_rate_0_9,high_is_2.6,0.16535499703816536,0.46153846153846156,0.5357142857142857,0.40540540540540543,0.6486486486486487,0.527027027027027,0.5270270270270271,15,13,24,22,74
high_score_rate_0_9,high_is_2.6,0.18585526315789475,0.45901639344262296,0.5833333333333334,0.3783783783783784,0.7297297297297297,0.5540540540540541,0.5540540540540541,14,10,27,23,74
high_score_rate_0_9,high_is_2.6,0.16090672612411744,0.4545454545454546,0.5172413793103449,0.40540540540540543,0.6216216216216216,0.5135135135135135,0.5135135135135135,15,14,23,22,74
high_score_rate_0_9,low_is_2.6,0.14598997493734334,0.4473684210526316,0.4358974358974359,0.4594594594594595,0.40540540540540543,0.43243243243243246,0.43243243243243246,17,22,15,20,74
high_score_rate_0_9,low_is_2.6,0.14079290558163798,0.4444444444444445,0.45714285714285713,0.43243243243243246,0.4864864864864865,0.4594594594594595,0.4594594594594595,16,19,18,21,74
high_score_rate_0_9,low_is_2.6,0.14089233386898573,0.4383561643835616,0.4444444444444444,0.43243243243243246,0.4594594594594595,0.44594594594594594,0.44594594594594594,16,20,17,21,74
high_score_rate_0_9,high_is_2.6,0.18916984732824427,0.43333333333333335,0.5652173913043478,0.35135135135135137,0.7297297297297297,0.5405405405405406,0.5405405405405406,13,10,27,24,74
high_score_rate_0_9,low_is_2.6,0.14126625883470928,0.43243243243243246,0.43243243243243246,0.43243243243243246,0.43243243243243246,0.43243243243243246,0.43243243243243246,16,21,16,21,74
high_score_rate_0_9,low_is_2.6,0.14222503160556257,0.4266666666666667,0.42105263157894735,0.43243243243243246,0.40540540540540543,0.4189189189189189,0.41891891891891897,16,22,15,21,74
high_score_rate_0_9,low_is_2.6,0.1395527603074773,0.4225352112676056,0.4411764705882353,0.40540540540540543,0.4864864864864865,0.44594594594594594,0.44594594594594594,15,19,18,22,74
high_score_rate_0_9,high_is_2.6,0.19958651399491095,0.4067796610169491,0.5454545454545454,0.32432432432432434,0.7297297297297297,0.527027027027027,0.527027027027027,12,10,27,25,74
high_score_rate_0_9,low_is_2.6,0.13802296964725186,0.4000000000000001,0.42424242424242425,0.3783783783783784,0.4864864864864865,0.43243243243243246,0.43243243243243246,14,19,18,23,74
high_score_rate_0_9,low_is_2.6,0.127874251497006,0.3880597014925374,0.43333333333333335,0.35135135135135137,0.5405405405405406,0.44594594594594594,0.44594594594594594,13,17,20,24,74
high_score_rate_0_9,low_is_2.6,0.13143356643356643,0.38235294117647056,0.41935483870967744,0.35135135135135137,0.5135135135135135,0.43243243243243246,0.43243243243243246,13,18,19,24,74
high_score_rate_0_9,low_is_2.6,0.11814556331006978,0.38095238095238093,0.46153846153846156,0.32432432432432434,0.6216216216216216,0.47297297297297297,0.47297297297297297,12,14,23,25,74
high_score_rate_0_9,high_is_2.6,0.2185734463276836,0.37931034482758624,0.5238095238095238,0.2972972972972973,0.7297297297297297,0.5135135135135135,0.5135135135135135,11,10,27,26,74
high_score_rate_0_9,low_is_2.6,0.13527414614371136,0.37681159420289856,0.40625,0.35135135135135137,0.4864864864864865,0.4189189189189189,0.41891891891891897,13,19,18,24,74
high_score_rate_0_9,low_is_2.6,0.12064278861528621,0.375,0.4444444444444444,0.32432432432432434,0.5945945945945946,0.4594594594594595,0.4594594594594595,12,15,22,25,74
high_score_rate_0_9,low_is_2.6,0.12326765737184839,0.3692307692307692,0.42857142857142855,0.32432432432432434,0.5675675675675675,0.44594594594594594,0.44594594594594594,12,16,21,25,74
high_score_rate_0_9,low_is_2.6,0.1071014828544949,0.3666666666666667,0.4782608695652174,0.2972972972972973,0.6756756756756757,0.4864864864864865,0.4864864864864865,11,12,25,26,74
high_score_rate_0_9,low_is_2.6,0.12482115415187324,0.36363636363636365,0.41379310344827586,0.32432432432432434,0.5405405405405406,0.43243243243243246,0.43243243243243246,12,17,20,25,74
high_score_rate_0_9,low_is_2.6,0.11123441132952863,0.36065573770491804,0.4583333333333333,0.2972972972972973,0.6486486486486487,0.47297297297297297,0.472972972972973,11,13,24,26,74
high_score_rate_0_9,low_is_2.6,0.11584107327141382,0.3548387096774193,0.44,0.2972972972972973,0.6216216216216216,0.4594594594594595,0.45945945945945943,11,14,23,26,74
high_score_rate_0_9,high_is_2.6,0.22945102744862755,0.3508771929824562,0.5,0.2702702702702703,0.7297297297297297,0.5,0.5,10,10,27,27,74
high_score_rate_0_9,low_is_2.6,0.10403344810624693,0.3448275862068966,0.47619047619047616,0.2702702702702703,0.7027027027027027,0.4864864864864865,0.4864864864864865,10,11,26,27,74
high_score_rate_0_9,low_is_2.6,0.10551619433198381,0.33898305084745767,0.45454545454545453,0.2702702702702703,0.6756756756756757,0.47297297297297297,0.47297297297297297,10,12,25,27,74
high_score_rate_0_9,high_is_2.6,0.23188946975354743,0.3272727272727273,0.5,0.24324324324324326,0.7567567567567568,0.5,0.5,9,9,28,28,74
high_score_rate_0_9,high_is_2.6,0.230428863172226,0.3214285714285714,0.47368421052631576,0.24324324324324326,0.7297297297297297,0.4864864864864865,0.4864864864864865,9,10,27,28,74
high_score_rate_0_9,low_is_2.6,0.10196366691168748,0.3157894736842105,0.45,0.24324324324324326,0.7027027027027027,0.47297297297297297,0.472972972972973,9,11,26,28,74
high_score_rate_0_9,high_is_2.6,0.2379215035931454,0.3076923076923077,0.5333333333333333,0.21621621621621623,0.8108108108108109,0.5135135135135135,0.5135135135135136,8,7,30,29,74
high_score_rate_0_9,high_is_2.6,0.23683912920554143,0.3018867924528302,0.5,0.21621621621621623,0.7837837837837838,0.5,0.5,8,8,29,29,74
high_score_rate_0_9,high_is_2.6,0.23482546505595495,0.29629629629629634,0.47058823529411764,0.21621621621621623,0.7567567567567568,0.4864864864864865,0.4864864864864865,8,9,28,29,74
high_score_rate_0_9,low_is_2.6,0.09947484123106987,0.28571428571428575,0.42105263157894735,0.21621621621621623,0.7027027027027027,0.4594594594594595,0.4594594594594595,8,11,26,29,74
high_score_rate_0_9,high_is_2.6,0.2406151062867481,0.2745098039215686,0.5,0.1891891891891892,0.8108108108108109,0.5,0.5,7,7,30,30,74
high_score_rate_0_9,low_is_2.6,0.09329525363797089,0.2692307692307693,0.4666666666666667,0.1891891891891892,0.7837837837837838,0.4864864864864865,0.4864864864864865,7,8,29,30,74
high_score_rate_0_9,low_is_2.6,0.0942519801613739,0.2641509433962264,0.4375,0.1891891891891892,0.7567567567567568,0.47297297297297297,0.472972972972973,7,9,28,30,74
high_score_rate_0_9,low_is_2.6,0.0962488422352578,0.2592592592592593,0.4117647058823529,0.1891891891891892,0.7297297297297297,0.4594594594594595,0.45945945945945943,7,10,27,30,74
high_score_rate_0_9,low_is_2.6,0.09769353128313893,0.2545454545454546,0.3888888888888889,0.1891891891891892,0.7027027027027027,0.44594594594594594,0.44594594594594594,7,11,26,30,74
high_score_rate_0_9,high_is_2.6,0.2473021582733813,0.2448979591836735,0.5,0.16216216216216217,0.8378378378378378,0.5,0.5,6,6,31,31,74
high_score_rate_0_9,high_is_2.6,0.24351427948550253,0.24,0.46153846153846156,0.16216216216216217,0.8108108108108109,0.4864864864864865,0.4864864864864865,6,7,30,31,74
high_score_rate_0_9,low_is_2.6,0.09155667295202179,0.23529411764705885,0.42857142857142855,0.16216216216216217,0.7837837837837838,0.47297297297297297,0.47297297297297297,6,8,29,31,74
high_score_rate_0_9,high_is_2.6,0.25563063063063063,0.21276595744680854,0.5,0.13513513513513514,0.8648648648648649,0.5,0.5,5,5,32,32,74
high_score_rate_0_9,low_is_2.6,0.08632944871476982,0.2,0.38461538461538464,0.13513513513513514,0.7837837837837838,0.4594594594594595,0.45945945945945943,5,8,29,32,74
high_score_rate_0_9,high_is_2.6,0.26396396396396393,0.17391304347826086,0.4444444444444444,0.10810810810810811,0.8648648648648649,0.4864864864864865,0.4864864864864865,4,5,32,33,74
high_score_rate_0_9,low_is_2.6,0.08168844407376519,0.163265306122449,0.3333333333333333,0.10810810810810811,0.7837837837837838,0.44594594594594594,0.44594594594594594,4,8,29,33,74
high_score_rate_0_9,high_is_2.6,0.27863642446139436,0.13953488372093023,0.5,0.08108108108108109,0.918918918918919,0.5,0.5,3,3,34,34,74
high_score_rate_0_9,high_is_2.6,0.27105171208944795,0.13636363636363638,0.42857142857142855,0.08108108108108109,0.8918918918918919,0.4864864864864865,0.4864864864864865,3,4,33,34,74
high_score_rate_0_9,high_is_2.6,0.2675925925925926,0.13333333333333333,0.375,0.08108108108108109,0.8648648648648649,0.47297297297297297,0.472972972972973,3,5,32,34,74
high_score_rate_0_9,low_is_2.6,0.075046904315197,0.13333333333333333,0.375,0.08108108108108109,0.8648648648648649,0.47297297297297297,0.472972972972973,3,5,32,34,74
high_score_rate_0_9,low_is_2.6,0.07774725274725275,0.13043478260869568,0.3333333333333333,0.08108108108108109,0.8378378378378378,0.4594594594594595,0.45945945945945943,3,6,31,34,74
high_score_rate_0_9,low_is_2.6,0.0791407867494824,0.12765957446808512,0.3,0.08108108108108109,0.8108108108108109,0.44594594594594594,0.44594594594594594,3,7,30,34,74
high_score_rate_0_9,low_is_2.6,0.08025911286780851,0.125,0.2727272727272727,0.08108108108108109,0.7837837837837838,0.43243243243243246,0.43243243243243246,3,8,29,34,74
high_score_rate_0_9,high_is_2.6,0.29316686024003097,0.0975609756097561,0.5,0.05405405405405406,0.9459459459459459,0.5,0.5,2,2,35,35,74
high_score_rate_0_9,high_is_2.6,0.2881854350458398,0.09523809523809523,0.4,0.05405405405405406,0.918918918918919,0.4864864864864865,0.4864864864864865,2,3,34,35,74
high_score_rate_0_9,low_is_2.6,0.06716791979949874,0.09523809523809523,0.4,0.05405405405405406,0.918918918918919,0.4864864864864865,0.4864864864864865,2,3,34,35,74
high_score_rate_0_9,low_is_2.6,0.06842578143471886,0.09302325581395349,0.3333333333333333,0.05405405405405406,0.8918918918918919,0.47297297297297297,0.47297297297297297,2,4,33,35,74
high_score_rate_0_9,low_is_2.6,0.07117656082221199,0.09090909090909091,0.2857142857142857,0.05405405405405406,0.8648648648648649,0.4594594594594595,0.4594594594594595,2,5,32,35,74
high_score_rate_0_9,high_is_2.6,0.33975464826528656,0.052631578947368425,1.0,0.02702702702702703,1.0,0.5135135135135135,0.5135135135135135,1,0,37,36,74
high_score_rate_0_9,high_is_2.6,0.36036036036036034,0.052631578947368425,1.0,0.02702702702702703,1.0,0.5135135135135135,0.5135135135135135,1,0,37,36,74
high_score_rate_0_9,low_is_2.6,0.024193548387096774,0.052631578947368425,1.0,0.02702702702702703,1.0,0.5135135135135135,0.5135135135135135,1,0,37,36,74
high_score_rate_0_9,low_is_2.6,0.033438237608182535,0.052631578947368425,1.0,0.02702702702702703,1.0,0.5135135135135135,0.5135135135135135,1,0,37,36,74
high_score_rate_0_9,high_is_2.6,0.31089025755879063,0.05128205128205129,0.5,0.02702702702702703,0.972972972972973,0.5,0.5,1,1,36,36,74
high_score_rate_0_9,low_is_2.6,0.049691978878551674,0.05128205128205129,0.5,0.02702702702702703,0.972972972972973,0.5,0.5,1,1,36,36,74
high_score_rate_0_9,high_is_2.6,0.29814118629908104,0.05,0.3333333333333333,0.02702702702702703,0.9459459459459459,0.4864864864864865,0.4864864864864865,1,2,35,36,74
high_score_rate_0_9,low_is_2.6,0.06095921111609144,0.05,0.3333333333333333,0.02702702702702703,0.9459459459459459,0.4864864864864865,0.4864864864864865,1,2,35,36,74
high_score_rate_0_9,low_is_2.6,0.06594202898550725,0.04878048780487805,0.25,0.02702702702702703,0.918918918918919,0.47297297297297297,0.472972972972973,1,3,34,36,74
low_score_rate_0_1,low_is_2.6,0.8276473369051371,0.6874999999999999,0.559322033898305,0.8918918918918919,0.2972972972972973,0.5945945945945946,0.5945945945945946,33,26,11,4,74
low_score_rate_0_1,low_is_2.6,0.8154016212232866,0.6808510638297872,0.5614035087719298,0.8648648648648649,0.32432432432432434,0.5945945945945946,0.5945945945945946,32,25,12,5,74
low_score_rate_0_1,low_is_2.6,0.8323308270676693,0.6804123711340206,0.55,0.8918918918918919,0.2702702702702703,0.581081081081081,0.5810810810810811,33,27,10,4,74
low_score_rate_0_1,low_is_2.6,0.8397518185708173,0.68,0.5396825396825397,0.918918918918919,0.21621621621621623,0.5675675675675675,0.5675675675675675,34,29,8,3,74
low_score_rate_0_1,low_is_2.6,0.811457478807766,0.6739130434782609,0.5636363636363636,0.8378378378378378,0.35135135135135137,0.5945945945945946,0.5945945945945946,31,24,13,6,74
low_score_rate_0_1,low_is_2.6,0.8227781724686221,0.6736842105263158,0.5517241379310345,0.8648648648648649,0.2972972972972973,0.581081081081081,0.5810810810810811,32,26,11,5,74
low_score_rate_0_1,low_is_2.6,0.8365563298490128,0.673469387755102,0.5409836065573771,0.8918918918918919,0.24324324324324326,0.5675675675675675,0.5675675675675675,33,28,9,4,74
low_score_rate_0_1,low_is_2.6,0.8441295546558705,0.6732673267326733,0.53125,0.918918918918919,0.1891891891891892,0.5540540540540541,0.5540540540540541,34,30,7,3,74
low_score_rate_0_1,low_is_2.6,0.8072372041827187,0.6666666666666667,0.5660377358490566,0.8108108108108109,0.3783783783783784,0.5945945945945946,0.5945945945945946,30,23,14,7,74
low_score_rate_0_1,low_is_2.6,0.8476052249637156,0.6666666666666666,0.5230769230769231,0.918918918918919,0.16216216216216217,0.5405405405405406,0.5405405405405406,34,31,6,3,74
low_score_rate_0_1,high_is_2.6,0.5178402086296823,0.6666666666666666,0.5070422535211268,0.972972972972973,0.05405405405405406,0.5135135135135135,0.5135135135135136,36,35,2,1,74
low_score_rate_0_1,high_is_2.6,0.4868421052631579,0.6666666666666666,0.5,1.0,0.0,0.5,0.5,37,37,0,0,74
low_score_rate_0_1,low_is_2.6,0.9435483870967742,0.6666666666666666,0.5,1.0,0.0,0.5,0.5,37,37,0,0,74
low_score_rate_0_1,high_is_2.6,0.5045464270432178,0.6605504587155964,0.5,0.972972972972973,0.02702702702702703,0.5,0.5,36,36,1,1,74
low_score_rate_0_1,high_is_2.6,0.556770746368342,0.6601941747572816,0.5151515151515151,0.918918918918919,0.13513513513513514,0.527027027027027,0.5270270270270271,34,32,5,3,74
low_score_rate_0_1,low_is_2.6,0.8593109105824446,0.6601941747572816,0.5151515151515151,0.918918918918919,0.13513513513513514,0.527027027027027,0.5270270270270271,34,32,5,3,74
low_score_rate_0_1,low_is_2.6,0.810723668497731,0.6593406593406594,0.5555555555555556,0.8108108108108109,0.35135135135135137,0.581081081081081,0.5810810810810811,30,24,13,7,74
low_score_rate_0_1,high_is_2.6,0.4913885323063757,0.6545454545454545,0.4931506849315068,0.972972972972973,0.0,0.4864864864864865,0.4864864864864865,36,37,0,1,74
low_score_rate_0_1,low_is_2.6,0.9217741935483872,0.6545454545454545,0.4931506849315068,0.972972972972973,0.0,0.4864864864864865,0.4864864864864865,36,37,0,1,74
low_score_rate_0_1,high_is_2.6,0.531102531102531,0.6542056074766355,0.5,0.9459459459459459,0.05405405405405406,0.5,0.5,35,35,2,2,74
low_score_rate_0_1,low_is_2.6,0.8824401432087716,0.6542056074766355,0.5,0.9459459459459459,0.05405405405405406,0.5,0.5,35,35,2,2,74
low_score_rate_0_1,high_is_2.6,0.5467330538085255,0.6538461538461539,0.5074626865671642,0.918918918918919,0.10810810810810811,0.5135135135135135,0.5135135135135136,34,33,4,3,74
low_score_rate_0_1,low_is_2.6,0.8704551233155352,0.6538461538461539,0.5074626865671642,0.918918918918919,0.10810810810810811,0.5135135135135135,0.5135135135135136,34,33,4,3,74
low_score_rate_0_1,high_is_2.6,0.5872734934681838,0.6534653465346535,0.515625,0.8918918918918919,0.16216216216216217,0.527027027027027,0.527027027027027,33,31,6,4,74
low_score_rate_0_1,high_is_2.6,0.6449350113472251,0.6526315789473685,0.5344827586206896,0.8378378378378378,0.2702702702702703,0.5540540540540541,0.5540540540540541,31,27,10,6,74
low_score_rate_0_1,low_is_2.6,0.8012967200610221,0.651685393258427,0.5576923076923077,0.7837837837837838,0.3783783783783784,0.581081081081081,0.5810810810810811,29,23,14,8,74
low_score_rate_0_1,low_is_2.6,0.8853721398038723,0.6481481481481483,0.49295774647887325,0.9459459459459459,0.02702702702702703,0.4864864864864865,0.4864864864864865,35,36,1,2,74
low_score_rate_0_1,high_is_2.6,0.5444247438928289,0.6476190476190476,0.5,0.918918918918919,0.08108108108108109,0.5,0.5,34,34,3,3,74
low_score_rate_0_1,low_is_2.6,0.8759240869469271,0.6476190476190476,0.5,0.918918918918919,0.08108108108108109,0.5,0.5,34,34,3,3,74
low_score_rate_0_1,high_is_2.6,0.5752212389380531,0.6470588235294117,0.5076923076923077,0.8918918918918919,0.13513513513513514,0.5135135135135135,0.5135135135135135,33,32,5,4,74
low_score_rate_0_1,high_is_2.6,0.6354255018377155,0.6458333333333334,0.5254237288135594,0.8378378378378378,0.24324324324324326,0.5405405405405406,0.5405405405405406,31,28,9,6,74
low_score_rate_0_1,low_is_2.6,0.8932989690721649,0.6422018348623854,0.4861111111111111,0.9459459459459459,0.0,0.47297297297297297,0.47297297297297297,35,37,0,2,74
low_score_rate_0_1,high_is_2.6,0.5411178655859507,0.6415094339622641,0.4927536231884058,0.918918918918919,0.05405405405405406,0.4864864864864865,0.4864864864864865,34,35,2,3,74
low_score_rate_0_1,low_is_2.6,0.8806185448041083,0.6415094339622641,0.4927536231884058,0.918918918918919,0.05405405405405406,0.4864864864864865,0.4864864864864865,34,35,2,3,74
low_score_rate_0_1,high_is_2.6,0.6037487335359676,0.64,0.5079365079365079,0.8648648648648649,0.16216216216216217,0.5135135135135135,0.5135135135135136,32,31,6,5,74
low_score_rate_0_1,high_is_2.6,0.6273148148148149,0.6391752577319588,0.5166666666666667,0.8378378378378378,0.21621621621621623,0.527027027027027,0.527027027027027,31,29,8,6,74
low_score_rate_0_1,high_is_2.6,0.6489511899959661,0.6382978723404256,0.5263157894736842,0.8108108108108109,0.2702702702702703,0.5405405405405406,0.5405405405405406,30,27,10,7,74
low_score_rate_0_1,low_is_2.6,0.7981127060074429,0.6363636363636364,0.5490196078431373,0.7567567567567568,0.3783783783783784,0.5675675675675675,0.5675675675675675,28,23,14,9,74
low_score_rate_0_1,high_is_2.6,0.6218525179856116,0.6326530612244898,0.5081967213114754,0.8378378378378378,0.1891891891891892,0.5135135135135135,0.5135135135135135,31,30,7,6,74
low_score_rate_0_1,high_is_2.6,0.6178631562834839,0.6262626262626263,0.5,0.8378378378378378,0.16216216216216217,0.5,0.5,31,31,6,6,74
low_score_rate_0_1,high_is_2.6,0.6503844414292175,0.6236559139784947,0.5178571428571429,0.7837837837837838,0.2702702702702703,0.527027027027027,0.527027027027027,29,27,10,8,74
low_score_rate_0_1,low_is_2.6,0.7953862953862953,0.6206896551724138,0.54,0.7297297297297297,0.3783783783783784,0.5540540540540541,0.5540540540540541,27,23,14,10,74
low_score_rate_0_1,low_is_2.6,0.7893356643356644,0.611764705882353,0.5416666666666666,0.7027027027027027,0.40540540540540543,0.5540540540540541,0.5540540540540541,26,22,15,11,74
low_score_rate_0_1,high_is_2.6,0.654001850566736,0.608695652173913,0.509090909090909,0.7567567567567568,0.2702702702702703,0.5135135135135135,0.5135135135135136,28,27,10,9,74
low_score_rate_0_1,low_is_2.6,0.7915012915012916,0.6046511627906977,0.5306122448979592,0.7027027027027027,0.3783783783783784,0.5405405405405406,0.5405405405405406,26,23,14,11,74
low_score_rate_0_1,low_is_2.6,0.7811011487811712,0.6024096385542168,0.5434782608695652,0.6756756756756757,0.43243243243243246,0.5540540540540541,0.5540540540540541,25,21,16,12,74
low_score_rate_0_1,low_is_2.6,0.7857970342910101,0.5952380952380952,0.5319148936170213,0.6756756756756757,0.40540540540540543,0.5405405405405406,0.5405405405405406,25,22,15,12,74
low_score_rate_0_1,high_is_2.6,0.6565575278212085,0.5934065934065933,0.5,0.7297297297297297,0.2702702702702703,0.5,0.5,27,27,10,10,74
low_score_rate_0_1,low_is_2.6,0.777355396541443,0.5853658536585367,0.5333333333333333,0.6486486486486487,0.43243243243243246,0.5405405405405406,0.5405405405405406,24,21,16,13,74
low_score_rate_0_1,high_is_2.6,0.6588217275883194,0.5777777777777777,0.49056603773584906,0.7027027027027027,0.2702702702702703,0.4864864864864865,0.4864864864864865,26,27,10,11,74
low_score_rate_0_1,low_is_2.6,0.76730869338886,0.575,0.5348837209302325,0.6216216216216216,0.4594594594594595,0.5405405405405406,0.5405405405405406,23,20,17,14,74
low_score_rate_0_1,high_is_2.6,0.6669234154929577,0.5681818181818181,0.49019607843137253,0.6756756756756757,0.2972972972972973,0.4864864864864865,0.4864864864864865,25,26,11,12,74
low_score_rate_0_1,low_is_2.6,0.7727762650329022,0.5679012345679012,0.5227272727272727,0.6216216216216216,0.43243243243243246,0.527027027027027,0.527027027027027,23,21,16,14,74
low_score_rate_0_1,high_is_2.6,0.6614943900692289,0.5617977528089887,0.4807692307692308,0.6756756756756757,0.2702702702702703,0.47297297297297297,0.47297297297297297,25,27,10,12,74
low_score_rate_0_1,high_is_2.6,0.7065428450823132,0.5569620253164557,0.5238095238095238,0.5945945945945946,0.4594594594594595,0.527027027027027,0.5270270270270271,22,20,17,15,74
low_score_rate_0_1,low_is_2.6,0.764375413086583,0.5569620253164557,0.5238095238095238,0.5945945945945946,0.4594594594594595,0.527027027027027,0.5270270270270271,22,20,17,15,74
low_score_rate_0_1,high_is_2.6,0.686815693430657,0.5542168674698795,0.5,0.6216216216216216,0.3783783783783784,0.5,0.5,23,23,14,14,74
low_score_rate_0_1,high_is_2.6,0.6728940217391304,0.5517241379310345,0.48,0.6486486486486487,0.2972972972972973,0.47297297297297297,0.472972972972973,24,26,11,13,74
low_score_rate_0_1,high_is_2.6,0.7021739130434783,0.55,0.5116279069767442,0.5945945945945946,0.43243243243243246,0.5135135135135135,0.5135135135135136,22,21,16,15,74
low_score_rate_0_1,high_is_2.6,0.6849460353109988,0.5476190476190476,0.48936170212765956,0.6216216216216216,0.35135135135135137,0.4864864864864865,0.4864864864864865,23,24,13,14,74
low_score_rate_0_1,low_is_2.6,0.7536966229043558,0.5454545454545455,0.525,0.5675675675675675,0.4864864864864865,0.527027027027027,0.527027027027027,21,19,18,16,74
low_score_rate_0_1,high_is_2.6,0.6961538461538461,0.5432098765432098,0.5,0.5945945945945946,0.40540540540540543,0.5,0.5,22,22,15,15,74
low_score_rate_0_1,high_is_2.6,0.6789589935657352,0.5411764705882353,0.4791666666666667,0.6216216216216216,0.32432432432432434,0.47297297297297297,0.47297297297297297,23,25,12,14,74
low_score_rate_0_1,high_is_2.6,0.7210355987055016,0.5384615384615384,0.5121951219512195,0.5675675675675675,0.4594594594594595,0.5135135135135135,0.5135135135135135,21,20,17,16,74
low_score_rate_0_1,low_is_2.6,0.7612171027825956,0.5384615384615384,0.5121951219512195,0.5675675675675675,0.4594594594594595,0.5135135135135135,0.5135135135135135,21,20,17,16,74
low_score_rate_0_1,high_is_2.6,0.6899038461538461,0.5365853658536586,0.4888888888888889,0.5945945945945946,0.3783783783783784,0.4864864864864865,0.4864864864864865,22,23,14,15,74
low_score_rate_0_1,high_is_2.6,0.6740351734245237,0.5348837209302325,0.46938775510204084,0.6216216216216216,0.2972972972972973,0.4594594594594595,0.45945945945945943,23,26,11,14,74
low_score_rate_0_1,low_is_2.6,0.748333767732807,0.5263157894736842,0.5128205128205128,0.5405405405405406,0.4864864864864865,0.5135135135135135,0.5135135135135136,20,19,18,17,74
low_score_rate_0_1,high_is_2.6,0.7350877192982456,0.5194805194805195,0.5,0.5405405405405406,0.4594594594594595,0.5,0.5,20,20,17,17,74
low_score_rate_0_1,low_is_2.6,0.7410350278725352,0.5135135135135135,0.5135135135135135,0.5135135135135135,0.5135135135135135,0.5135135135135135,0.5135135135135135,19,18,19,18,74
low_score_rate_0_1,high_is_2.6,0.7381689517912429,0.5066666666666666,0.5,0.5135135135135135,0.4864864864864865,0.5,0.5,19,19,18,18,74
low_score_rate_0_1,low_is_2.6,0.7451189044138058,0.5066666666666666,0.5,0.5135135135135135,0.4864864864864865,0.5,0.5,19,19,18,18,74
low_score_rate_0_1,high_is_2.6,0.7451189044138058,0.4931506849315069,0.5,0.4864864864864865,0.5135135135135135,0.5,0.5,18,18,19,19,74
low_score_rate_0_1,low_is_2.6,0.7381689517912429,0.4931506849315069,0.5,0.4864864864864865,0.5135135135135135,0.5,0.5,18,18,19,19,74
low_score_rate_0_1,high_is_2.6,0.7410350278725352,0.4864864864864865,0.4864864864864865,0.4864864864864865,0.4864864864864865,0.4864864864864865,0.4864864864864865,18,19,18,19,74
low_score_rate_0_1,low_is_2.6,0.7350877192982456,0.47887323943661975,0.5,0.4594594594594595,0.5405405405405406,0.5,0.5,17,17,20,20,74
low_score_rate_0_1,high_is_2.6,0.748333767732807,0.47222222222222227,0.4857142857142857,0.4594594594594595,0.5135135135135135,0.4864864864864865,0.4864864864864865,17,18,19,20,74
low_score_rate_0_1,high_is_2.6,0.7612171027825956,0.45714285714285713,0.48484848484848486,0.43243243243243246,0.5405405405405406,0.4864864864864865,0.4864864864864865,16,17,20,21,74
low_score_rate_0_1,low_is_2.6,0.7210355987055016,0.45714285714285713,0.48484848484848486,0.43243243243243246,0.5405405405405406,0.4864864864864865,0.4864864864864865,16,17,20,21,74
low_score_rate_0_1,low_is_2.6,0.6899038461538461,0.4545454545454546,0.5172413793103449,0.40540540540540543,0.6216216216216216,0.5135135135135135,0.5135135135135135,15,14,23,22,74
low_score_rate_0_1,low_is_2.6,0.6740351734245237,0.4516129032258065,0.56,0.3783783783783784,0.7027027027027027,0.5405405405405406,0.5405405405405406,14,11,26,23,74
low_score_rate_0_1,high_is_2.6,0.7536966229043558,0.4507042253521127,0.47058823529411764,0.43243243243243246,0.5135135135135135,0.47297297297297297,0.47297297297297297,16,18,19,21,74
low_score_rate_0_1,low_is_2.6,0.6961538461538461,0.4477611940298507,0.5,0.40540540540540543,0.5945945945945946,0.5,0.5,15,15,22,22,74
low_score_rate_0_1,low_is_2.6,0.6789589935657352,0.4444444444444445,0.5384615384615384,0.3783783783783784,0.6756756756756757,0.527027027027027,0.527027027027027,14,12,25,23,74
low_score_rate_0_1,low_is_2.6,0.7021739130434783,0.4411764705882353,0.4838709677419355,0.40540540540540543,0.5675675675675675,0.4864864864864865,0.4864864864864865,15,16,21,22,74
low_score_rate_0_1,low_is_2.6,0.6849460353109988,0.4375,0.5185185185185185,0.3783783783783784,0.6486486486486487,0.5135135135135135,0.5135135135135136,14,13,24,23,74
low_score_rate_0_1,high_is_2.6,0.764375413086583,0.43478260869565216,0.46875,0.40540540540540543,0.5405405405405406,0.47297297297297297,0.472972972972973,15,17,20,22,74
low_score_rate_0_1,low_is_2.6,0.7065428450823132,0.43478260869565216,0.46875,0.40540540540540543,0.5405405405405406,0.47297297297297297,0.472972972972973,15,17,20,22,74
low_score_rate_0_1,low_is_2.6,0.686815693430657,0.4307692307692308,0.5,0.3783783783783784,0.6216216216216216,0.5,0.5,14,14,23,23,74
low_score_rate_0_1,low_is_2.6,0.6728940217391304,0.4262295081967213,0.5416666666666666,0.35135135135135137,0.7027027027027027,0.527027027027027,0.5270270270270271,13,11,26,24,74
low_score_rate_0_1,high_is_2.6,0.7727762650329022,0.417910447761194,0.4666666666666667,0.3783783783783784,0.5675675675675675,0.47297297297297297,0.47297297297297297,14,16,21,23,74
low_score_rate_0_1,high_is_2.6,0.76730869338886,0.411764705882353,0.45161290322580644,0.3783783783783784,0.5405405405405406,0.4594594594594595,0.4594594594594595,14,17,20,23,74
low_score_rate_0_1,low_is_2.6,0.6614943900692289,0.4067796610169491,0.5454545454545454,0.32432432432432434,0.7297297297297297,0.527027027027027,0.527027027027027,12,10,27,25,74
low_score_rate_0_1,low_is_2.6,0.6669234154929577,0.4,0.5217391304347826,0.32432432432432434,0.7027027027027027,0.5135135135135135,0.5135135135135136,12,11,26,25,74
low_score_rate_0_1,high_is_2.6,0.777355396541443,0.393939393939394,0.4482758620689655,0.35135135135135137,0.5675675675675675,0.4594594594594595,0.45945945945945943,13,16,21,24,74
low_score_rate_0_1,low_is_2.6,0.6588217275883194,0.37931034482758624,0.5238095238095238,0.2972972972972973,0.7297297297297297,0.5135135135135135,0.5135135135135135,11,10,27,26,74
low_score_rate_0_1,high_is_2.6,0.7857970342910101,0.375,0.4444444444444444,0.32432432432432434,0.5945945945945946,0.4594594594594595,0.4594594594594595,12,15,22,25,74
low_score_rate_0_1,high_is_2.6,0.7811011487811712,0.3692307692307692,0.42857142857142855,0.32432432432432434,0.5675675675675675,0.44594594594594594,0.44594594594594594,12,16,21,25,74
low_score_rate_0_1,high_is_2.6,0.7915012915012916,0.3548387096774193,0.44,0.2972972972972973,0.6216216216216216,0.4594594594594595,0.45945945945945943,11,14,23,26,74
low_score_rate_0_1,low_is_2.6,0.6565575278212085,0.3508771929824562,0.5,0.2702702702702703,0.7297297297297297,0.5,0.5,10,10,27,27,74
low_score_rate_0_1,high_is_2.6,0.7893356643356644,0.34920634920634924,0.4230769230769231,0.2972972972972973,0.5945945945945946,0.44594594594594594,0.44594594594594594,11,15,22,26,74
low_score_rate_0_1,high_is_2.6,0.7953862953862953,0.3278688524590164,0.4166666666666667,0.2702702702702703,0.6216216216216216,0.44594594594594594,0.44594594594594594,10,14,23,27,74
low_score_rate_0_1,low_is_2.6,0.654001850566736,0.3214285714285714,0.47368421052631576,0.24324324324324326,0.7297297297297297,0.4864864864864865,0.4864864864864865,9,10,27,28,74
low_score_rate_0_1,high_is_2.6,0.7981127060074429,0.30000000000000004,0.391304347826087,0.24324324324324326,0.6216216216216216,0.43243243243243246,0.43243243243243246,9,14,23,28,74
low_score_rate_0_1,low_is_2.6,0.6503844414292175,0.2909090909090909,0.4444444444444444,0.21621621621621623,0.7297297297297297,0.47297297297297297,0.47297297297297297,8,10,27,29,74
low_score_rate_0_1,high_is_2.6,0.8012967200610221,0.27118644067796616,0.36363636363636365,0.21621621621621623,0.6216216216216216,0.4189189189189189,0.4189189189189189,8,14,23,29,74
low_score_rate_0_1,low_is_2.6,0.6489511899959661,0.2592592592592593,0.4117647058823529,0.1891891891891892,0.7297297297297297,0.4594594594594595,0.45945945945945943,7,10,27,30,74
low_score_rate_0_1,high_is_2.6,0.810723668497731,0.24561403508771934,0.35,0.1891891891891892,0.6486486486486487,0.4189189189189189,0.41891891891891897,7,13,24,30,74
low_score_rate_0_1,low_is_2.6,0.6178631562834839,0.2448979591836735,0.5,0.16216216216216217,0.8378378378378378,0.5,0.5,6,6,31,31,74
low_score_rate_0_1,high_is_2.6,0.8072372041827187,0.24137931034482757,0.3333333333333333,0.1891891891891892,0.6216216216216216,0.40540540540540543,0.4054054054054054,7,14,23,30,74
low_score_rate_0_1,low_is_2.6,0.6218525179856116,0.24,0.46153846153846156,0.16216216216216217,0.8108108108108109,0.4864864864864865,0.4864864864864865,6,7,30,31,74
low_score_rate_0_1,low_is_2.6,0.6273148148148149,0.23529411764705885,0.42857142857142855,0.16216216216216217,0.7837837837837838,0.47297297297297297,0.47297297297297297,6,8,29,31,74
low_score_rate_0_1,low_is_2.6,0.6354255018377155,0.23076923076923078,0.4,0.16216216216216217,0.7567567567567568,0.4594594594594595,0.4594594594594595,6,9,28,31,74
low_score_rate_0_1,low_is_2.6,0.6449350113472251,0.22641509433962265,0.375,0.16216216216216217,0.7297297297297297,0.44594594594594594,0.44594594594594594,6,10,27,31,74
low_score_rate_0_1,high_is_2.6,0.811457478807766,0.21428571428571427,0.3157894736842105,0.16216216216216217,0.6486486486486487,0.40540540540540543,0.40540540540540543,6,13,24,31,74
low_score_rate_0_1,low_is_2.6,0.6037487335359676,0.20833333333333334,0.45454545454545453,0.13513513513513514,0.8378378378378378,0.4864864864864865,0.4864864864864865,5,6,31,32,74
low_score_rate_0_1,high_is_2.6,0.8227781724686221,0.18867924528301885,0.3125,0.13513513513513514,0.7027027027027027,0.4189189189189189,0.41891891891891897,5,11,26,32,74
low_score_rate_0_1,high_is_2.6,0.8154016212232866,0.18518518518518517,0.29411764705882354,0.13513513513513514,0.6756756756756757,0.40540540540540543,0.4054054054054054,5,12,25,32,74
low_score_rate_0_1,low_is_2.6,0.5752212389380531,0.17391304347826086,0.4444444444444444,0.10810810810810811,0.8648648648648649,0.4864864864864865,0.4864864864864865,4,5,32,33,74
low_score_rate_0_1,low_is_2.6,0.5872734934681838,0.1702127659574468,0.4,0.10810810810810811,0.8378378378378378,0.47297297297297297,0.47297297297297297,4,6,31,33,74
low_score_rate_0_1,high_is_2.6,0.8365563298490128,0.16,0.3076923076923077,0.10810810810810811,0.7567567567567568,0.43243243243243246,0.43243243243243246,4,9,28,33,74
low_score_rate_0_1,high_is_2.6,0.8323308270676693,0.1568627450980392,0.2857142857142857,0.10810810810810811,0.7297297297297297,0.4189189189189189,0.4189189189189189,4,10,27,33,74
low_score_rate_0_1,high_is_2.6,0.8276473369051371,0.15384615384615385,0.26666666666666666,0.10810810810810811,0.7027027027027027,0.40540540540540543,0.40540540540540543,4,11,26,33,74
low_score_rate_0_1,high_is_2.6,0.8806185448041083,0.14285714285714288,0.6,0.08108108108108109,0.9459459459459459,0.5135135135135135,0.5135135135135135,3,2,35,34,74
low_score_rate_0_1,low_is_2.6,0.5411178655859507,0.14285714285714288,0.6,0.08108108108108109,0.9459459459459459,0.5135135135135135,0.5135135135135135,3,2,35,34,74
low_score_rate_0_1,high_is_2.6,0.8759240869469271,0.13953488372093023,0.5,0.08108108108108109,0.918918918918919,0.5,0.5,3,3,34,34,74
low_score_rate_0_1,low_is_2.6,0.5444247438928289,0.13953488372093023,0.5,0.08108108108108109,0.918918918918919,0.5,0.5,3,3,34,34,74
low_score_rate_0_1,high_is_2.6,0.8704551233155352,0.13636363636363638,0.42857142857142855,0.08108108108108109,0.8918918918918919,0.4864864864864865,0.4864864864864865,3,4,33,34,74
low_score_rate_0_1,low_is_2.6,0.5467330538085255,0.13636363636363638,0.42857142857142855,0.08108108108108109,0.8918918918918919,0.4864864864864865,0.4864864864864865,3,4,33,34,74
low_score_rate_0_1,high_is_2.6,0.8593109105824446,0.13333333333333333,0.375,0.08108108108108109,0.8648648648648649,0.47297297297297297,0.472972972972973,3,5,32,34,74
low_score_rate_0_1,low_is_2.6,0.556770746368342,0.13333333333333333,0.375,0.08108108108108109,0.8648648648648649,0.47297297297297297,0.472972972972973,3,5,32,34,74
low_score_rate_0_1,high_is_2.6,0.8476052249637156,0.13043478260869568,0.3333333333333333,0.08108108108108109,0.8378378378378378,0.4594594594594595,0.45945945945945943,3,6,31,34,74
low_score_rate_0_1,high_is_2.6,0.8441295546558705,0.12765957446808512,0.3,0.08108108108108109,0.8108108108108109,0.44594594594594594,0.44594594594594594,3,7,30,34,74
low_score_rate_0_1,high_is_2.6,0.8397518185708173,0.125,0.2727272727272727,0.08108108108108109,0.7837837837837838,0.43243243243243246,0.43243243243243246,3,8,29,34,74
low_score_rate_0_1,high_is_2.6,0.8932989690721649,0.10256410256410257,1.0,0.05405405405405406,1.0,0.527027027027027,0.527027027027027,2,0,37,35,74
low_score_rate_0_1,high_is_2.6,0.8853721398038723,0.1,0.6666666666666666,0.05405405405405406,0.972972972972973,0.5135135135135135,0.5135135135135136,2,1,36,35,74
low_score_rate_0_1,high_is_2.6,0.8824401432087716,0.0975609756097561,0.5,0.05405405405405406,0.9459459459459459,0.5,0.5,2,2,35,35,74
low_score_rate_0_1,low_is_2.6,0.531102531102531,0.0975609756097561,0.5,0.05405405405405406,0.9459459459459459,0.5,0.5,2,2,35,35,74
low_score_rate_0_1,high_is_2.6,0.9217741935483872,0.052631578947368425,1.0,0.02702702702702703,1.0,0.5135135135135135,0.5135135135135135,1,0,37,36,74
low_score_rate_0_1,high_is_2.6,0.9435483870967742,0.052631578947368425,1.0,0.02702702702702703,1.0,0.5135135135135135,0.5135135135135135,1,0,37,36,74
low_score_rate_0_1,low_is_2.6,0.4868421052631579,0.052631578947368425,1.0,0.02702702702702703,1.0,0.5135135135135135,0.5135135135135135,1,0,37,36,74
low_score_rate_0_1,low_is_2.6,0.4913885323063757,0.052631578947368425,1.0,0.02702702702702703,1.0,0.5135135135135135,0.5135135135135135,1,0,37,36,74
low_score_rate_0_1,low_is_2.6,0.5045464270432178,0.05128205128205129,0.5,0.02702702702702703,0.972972972972973,0.5,0.5,1,1,36,36,74
low_score_rate_0_1,low_is_2.6,0.5178402086296823,0.05,0.3333333333333333,0.02702702702702703,0.9459459459459459,0.4864864864864865,0.4864864864864865,1,2,35,36,74
low_score_rate_0_2,low_is_2.6,0.8449199162650309,0.673469387755102,0.5409836065573771,0.8918918918918919,0.24324324324324326,0.5675675675675675,0.5675675675675675,33,28,9,4,74
low_score_rate_0_2,low_is_2.6,0.8818874403133216,0.673076923076923,0.5223880597014925,0.9459459459459459,0.13513513513513514,0.5405405405405406,0.5405405405405406,35,32,5,2,74
low_score_rate_0_2,high_is_2.6,0.5390024170511976,0.6727272727272727,0.5068493150684932,1.0,0.02702702702702703,0.5135135135135135,0.5135135135135135,37,36,1,0,74
low_score_rate_0_2,low_is_2.6,0.847292529529069,0.6666666666666666,0.532258064516129,0.8918918918918919,0.21621621621621623,0.5540540540540541,0.5540540540540541,33,29,8,4,74
low_score_rate_0_2,high_is_2.6,0.5580618212197159,0.6666666666666666,0.5070422535211268,0.972972972972973,0.05405405405405406,0.5135135135135135,0.5135135135135136,36,35,2,1,74
low_score_rate_0_2,high_is_2.6,0.5284552845528455,0.6666666666666666,0.5,1.0,0.0,0.5,0.5,37,37,0,0,74
low_score_rate_0_2,low_is_2.6,0.9516129032258065,0.6666666666666666,0.5,1.0,0.0,0.5,0.5,37,37,0,0,74
low_score_rate_0_2,high_is_2.6,0.5830896686159843,0.6666666666666665,0.5147058823529411,0.9459459459459459,0.10810810810810811,0.527027027027027,0.527027027027027,35,33,4,2,74
low_score_rate_0_2,low_is_2.6,0.8849166942513517,0.6666666666666665,0.5147058823529411,0.9459459459459459,0.10810810810810811,0.527027027027027,0.527027027027027,35,33,4,2,74
low_score_rate_0_2,high_is_2.6,0.551090564248459,0.6605504587155964,0.5,0.972972972972973,0.02702702702702703,0.5,0.5,36,36,1,1,74
low_score_rate_0_2,high_is_2.6,0.5689519306540582,0.660377358490566,0.5072463768115942,0.9459459459459459,0.08108108108108109,0.5135135135135135,0.5135135135135135,35,34,3,2,74
low_score_rate_0_2,low_is_2.6,0.8890484003281378,0.660377358490566,0.5072463768115942,0.9459459459459459,0.08108108108108109,0.5135135135135135,0.5135135135135135,35,34,3,2,74
low_score_rate_0_2,high_is_2.6,0.5980547670729671,0.6601941747572816,0.5151515151515151,0.918918918918919,0.13513513513513514,0.527027027027027,0.5270270270270271,34,32,5,3,74
low_score_rate_0_2,low_is_2.6,0.8793913627209666,0.6601941747572816,0.5151515151515151,0.918918918918919,0.13513513513513514,0.527027027027027,0.5270270270270271,34,32,5,3,74
low_score_rate_0_2,low_is_2.6,0.8545982319567225,0.6599999999999999,0.5238095238095238,0.8918918918918919,0.1891891891891892,0.5405405405405406,0.5405405405405406,33,30,7,4,74
low_score_rate_0_2,low_is_2.6,0.8435393364214967,0.6597938144329898,0.5333333333333333,0.8648648648648649,0.24324324324324326,0.5540540540540541,0.5540540540540541,32,28,9,5,74
low_score_rate_0_2,low_is_2.6,0.8398228737211788,0.6595744680851063,0.543859649122807,0.8378378378378378,0.2972972972972973,0.5675675675675675,0.5675675675675675,31,26,11,6,74
low_score_rate_0_2,low_is_2.6,0.9358064516129032,0.6545454545454545,0.4931506849315068,0.972972972972973,0.0,0.4864864864864865,0.4864864864864865,36,37,0,1,74
low_score_rate_0_2,high_is_2.6,0.563660925363053,0.6542056074766355,0.5,0.9459459459459459,0.05405405405405406,0.5,0.5,35,35,2,2,74
low_score_rate_0_2,low_is_2.6,0.8915284625728372,0.6542056074766355,0.5,0.9459459459459459,0.05405405405405406,0.5,0.5,35,35,2,2,74
low_score_rate_0_2,high_is_2.6,0.593222442899702,0.6538461538461539,0.5074626865671642,0.918918918918919,0.10810810810810811,0.5135135135135135,0.5135135135135136,34,33,4,3,74
low_score_rate_0_2,high_is_2.6,0.6272353545734841,0.6534653465346535,0.515625,0.8918918918918919,0.16216216216216217,0.527027027027027,0.527027027027027,33,31,6,4,74
low_score_rate_0_2,low_is_2.6,0.8624007571375992,0.6534653465346535,0.515625,0.8918918918918919,0.16216216216216217,0.527027027027027,0.527027027027027,33,31,6,4,74
low_score_rate_0_2,high_is_2.6,0.6376674546887313,0.6530612244897959,0.5245901639344263,0.8648648648648649,0.21621621621621623,0.5405405405405406,0.5405405405405406,32,29,8,5,74
low_score_rate_0_2,low_is_2.6,0.8419565863812073,0.6526315789473685,0.5344827586206896,0.8378378378378378,0.2702702702702703,0.5540540540540541,0.5540540540540541,31,27,10,6,74
low_score_rate_0_2,low_is_2.6,0.8345238095238096,0.6521739130434782,0.5454545454545454,0.8108108108108109,0.32432432432432434,0.5675675675675675,0.5675675675675675,30,25,12,7,74
low_score_rate_0_2,low_is_2.6,0.8940470203671109,0.6481481481481483,0.49295774647887325,0.9459459459459459,0.02702702702702703,0.4864864864864865,0.4864864864864865,35,36,1,2,74
low_score_rate_0_2,high_is_2.6,0.6138345960399822,0.6470588235294117,0.5076923076923077,0.8918918918918919,0.13513513513513514,0.5135135135135135,0.5135135135135135,33,32,5,4,74
low_score_rate_0_2,low_is_2.6,0.8713552173115716,0.6470588235294117,0.5076923076923077,0.8918918918918919,0.13513513513513514,0.5135135135135135,0.5135135135135135,33,32,5,4,74
low_score_rate_0_2,high_is_2.6,0.6354828042328042,0.6464646464646465,0.5161290322580645,0.8648648648648649,0.1891891891891892,0.527027027027027,0.5270270270270271,32,30,7,5,74
low_score_rate_0_2,high_is_2.6,0.6525543041029767,0.6458333333333334,0.5254237288135594,0.8378378378378378,0.24324324324324326,0.5405405405405406,0.5405405405405406,31,28,9,6,74
low_score_rate_0_2,low_is_2.6,0.8424362793776895,0.6458333333333334,0.5254237288135594,0.8378378378378378,0.24324324324324326,0.5405405405405406,0.5405405405405406,31,28,9,6,74
low_score_rate_0_2,low_is_2.6,0.8367760617760618,0.6451612903225806,0.5357142857142857,0.8108108108108109,0.2972972972972973,0.5540540540540541,0.5540540540540541,30,26,11,7,74
low_score_rate_0_2,low_is_2.6,0.8297101449275363,0.6444444444444444,0.5471698113207547,0.7837837837837838,0.35135135135135137,0.5675675675675675,0.5675675675675675,29,24,13,8,74
low_score_rate_0_2,low_is_2.6,0.8187294633077766,0.6436781609195402,0.56,0.7567567567567568,0.40540540540540543,0.581081081081081,0.5810810810810811,28,22,15,9,74
low_score_rate_0_2,low_is_2.6,0.9081707317073171,0.6422018348623854,0.4861111111111111,0.9459459459459459,0.0,0.47297297297297297,0.47297297297297297,35,37,0,2,74
low_score_rate_0_2,high_is_2.6,0.63125,0.64,0.5079365079365079,0.8648648648648649,0.16216216216216217,0.5135135135135135,0.5135135135135136,32,31,6,5,74
low_score_rate_0_2,high_is_2.6,0.642157785727735,0.6391752577319588,0.5166666666666667,0.8378378378378378,0.21621621621621623,0.527027027027027,0.527027027027027,31,29,8,6,74
low_score_rate_0_2,high_is_2.6,0.6653944020356234,0.6382978723404256,0.5263157894736842,0.8108108108108109,0.2702702702702703,0.5405405405405406,0.5405405405405406,30,27,10,7,74
low_score_rate_0_2,low_is_2.6,0.8210309592801586,0.6363636363636364,0.5490196078431373,0.7567567567567568,0.3783783783783784,0.5675675675675675,0.5675675675675675,28,23,14,9,74
low_score_rate_0_2,high_is_2.6,0.6616065232477446,0.631578947368421,0.5172413793103449,0.8108108108108109,0.24324324324324326,0.527027027027027,0.5270270270270271,30,28,9,7,74
low_score_rate_0_2,low_is_2.6,0.8244358833241607,0.6292134831460674,0.5384615384615384,0.7567567567567568,0.35135135135135137,0.5540540540540541,0.5540540540540541,28,24,13,9,74
low_score_rate_0_2,low_is_2.6,0.8177447552447552,0.6279069767441859,0.5510204081632653,0.7297297297297297,0.40540540540540543,0.5675675675675675,0.5675675675675675,27,22,15,10,74
low_score_rate_0_2,high_is_2.6,0.6728855721393034,0.6236559139784947,0.5178571428571429,0.7837837837837838,0.2702702702702703,0.527027027027027,0.527027027027027,29,27,10,8,74
low_score_rate_0_2,low_is_2.6,0.8156305903398926,0.611764705882353,0.5416666666666666,0.7027027027027027,0.40540540540540543,0.5540540540540541,0.5540540540540541,26,22,15,11,74
low_score_rate_0_2,high_is_2.6,0.6793959888059702,0.608695652173913,0.509090909090909,0.7567567567567568,0.2702702702702703,0.5135135135135135,0.5135135135135136,28,27,10,9,74
low_score_rate_0_2,high_is_2.6,0.685916968196534,0.6,0.5094339622641509,0.7297297297297297,0.2972972972972973,0.5135135135135135,0.5135135135135135,27,26,11,10,74
low_score_rate_0_2,low_is_2.6,0.8114711262085184,0.5952380952380952,0.5319148936170213,0.6756756756756757,0.40540540540540543,0.5405405405405406,0.5405405405405406,25,22,15,12,74
low_score_rate_0_2,high_is_2.6,0.6825403792134832,0.5934065934065933,0.5,0.7297297297297297,0.2702702702702703,0.5,0.5,27,27,10,10,74
low_score_rate_0_2,high_is_2.6,0.6869703389830508,0.5842696629213484,0.5,0.7027027027027027,0.2972972972972973,0.5,0.5,26,26,11,11,74
low_score_rate_0_2,low_is_2.6,0.8080031539522965,0.5783132530120482,0.5217391304347826,0.6486486486486487,0.40540540540540543,0.527027027027027,0.5270270270270271,24,22,15,13,74
low_score_rate_0_2,high_is_2.6,0.6910782442748091,0.5681818181818181,0.49019607843137253,0.6756756756756757,0.2972972972972973,0.4864864864864865,0.4864864864864865,25,26,11,12,74
low_score_rate_0_2,low_is_2.6,0.804553722636894,0.5679012345679012,0.5227272727272727,0.6216216216216216,0.43243243243243246,0.527027027027027,0.527027027027027,23,21,16,14,74
low_score_rate_0_2,low_is_2.6,0.8061933356882138,0.5609756097560976,0.5111111111111111,0.6216216216216216,0.40540540540540543,0.5135135135135135,0.5135135135135135,23,22,15,14,74
low_score_rate_0_2,low_is_2.6,0.7950157412308807,0.5569620253164557,0.5238095238095238,0.5945945945945946,0.4594594594594595,0.527027027027027,0.5270270270270271,22,20,17,15,74
low_score_rate_0_2,high_is_2.6,0.6951543312313309,0.5517241379310345,0.48,0.6486486486486487,0.2972972972972973,0.47297297297297297,0.472972972972973,24,26,11,13,74
low_score_rate_0_2,low_is_2.6,0.8004705574799033,0.55,0.5116279069767442,0.5945945945945946,0.43243243243243246,0.5135135135135135,0.5135135135135136,22,21,16,15,74
low_score_rate_0_2,low_is_2.6,0.7889676113360324,0.5454545454545455,0.525,0.5675675675675675,0.4864864864864865,0.527027027027027,0.527027027027027,21,19,18,16,74
low_score_rate_0_2,high_is_2.6,0.7181976599452328,0.5432098765432098,0.5,0.5945945945945946,0.40540540540540543,0.5,0.5,22,22,15,15,74
low_score_rate_0_2,high_is_2.6,0.6979891396572204,0.5411764705882353,0.4791666666666667,0.6216216216216216,0.32432432432432434,0.47297297297297297,0.47297297297297297,23,25,12,14,74
low_score_rate_0_2,low_is_2.6,0.7911511847347452,0.5384615384615384,0.5121951219512195,0.5675675675675675,0.4594594594594595,0.5135135135135135,0.5135135135135135,21,20,17,16,74
low_score_rate_0_2,high_is_2.6,0.7166385925510013,0.5365853658536586,0.4888888888888889,0.5945945945945946,0.3783783783783784,0.4864864864864865,0.4864864864864865,22,23,14,15,74
low_score_rate_0_2,high_is_2.6,0.6964176362522964,0.5348837209302325,0.46938775510204084,0.6216216216216216,0.2972972972972973,0.4594594594594595,0.45945945945945943,23,26,11,14,74
low_score_rate_0_2,high_is_2.6,0.7303703703703703,0.5316455696202531,0.5,0.5675675675675675,0.43243243243243246,0.5,0.5,21,21,16,16,74
low_score_rate_0_2,high_is_2.6,0.7108110867234955,0.5301204819277109,0.4782608695652174,0.5945945945945946,0.35135135135135137,0.47297297297297297,0.472972972972973,22,24,13,15,74
low_score_rate_0_2,low_is_2.6,0.7849870717517776,0.5263157894736842,0.5128205128205128,0.5405405405405406,0.4864864864864865,0.5135135135135135,0.5135135135135136,20,19,18,17,74
low_score_rate_0_2,high_is_2.6,0.7192233009708737,0.525,0.4883720930232558,0.5675675675675675,0.40540540540540543,0.4864864864864865,0.4864864864864865,21,22,15,16,74
low_score_rate_0_2,high_is_2.6,0.7025444435082989,0.5238095238095238,0.46808510638297873,0.5945945945945946,0.32432432432432434,0.4594594594594595,0.4594594594594595,22,25,12,15,74
low_score_rate_0_2,high_is_2.6,0.7742965085982283,0.5135135135135135,0.5135135135135135,0.5135135135135135,0.5135135135135135,0.5135135135135135,0.5135135135135135,19,18,19,18,74
low_score_rate_0_2,high_is_2.6,0.748521630874572,0.5128205128205128,0.4878048780487805,0.5405405405405406,0.43243243243243246,0.4864864864864865,0.4864864864864865,20,21,16,17,74
low_score_rate_0_2,low_is_2.6,0.7564121300694191,0.5070422535211269,0.5294117647058824,0.4864864864864865,0.5675675675675675,0.527027027027027,0.527027027027027,18,16,21,19,74
low_score_rate_0_2,high_is_2.6,0.7710943660737755,0.5066666666666666,0.5,0.5135135135135135,0.4864864864864865,0.5,0.5,19,19,18,18,74
low_score_rate_0_2,low_is_2.6,0.7789141972578505,0.5066666666666666,0.5,0.5135135135135135,0.4864864864864865,0.5,0.5,19,19,18,18,74
low_score_rate_0_2,low_is_2.6,0.7632166217776067,0.5,0.5142857142857142,0.4864864864864865,0.5405405405405406,0.5135135135135135,0.5135135135135136,18,17,20,19,74
low_score_rate_0_2,high_is_2.6,0.7632166217776067,0.5,0.48717948717948717,0.5135135135135135,0.4594594594594595,0.4864864864864865,0.4864864864864865,19,20,17,18,74
low_score_rate_0_2,high_is_2.6,0.7564121300694191,0.4935064935064935,0.475,0.5135135135135135,0.43243243243243246,0.47297297297297297,0.47297297297297297,19,21,16,18,74
low_score_rate_0_2,high_is_2.6,0.7789141972578505,0.4931506849315069,0.5,0.4864864864864865,0.5135135135135135,0.5,0.5,18,18,19,19,74
low_score_rate_0_2,low_is_2.6,0.7710943660737755,0.4931506849315069,0.5,0.4864864864864865,0.5135135135135135,0.5,0.5,18,18,19,19,74
low_score_rate_0_2,low_is_2.6,0.7742965085982283,0.4864864864864865,0.4864864864864865,0.4864864864864865,0.4864864864864865,0.4864864864864865,0.4864864864864865,18,19,18,19,74
low_score_rate_0_2,low_is_2.6,0.748521630874572,0.48571428571428577,0.5151515151515151,0.4594594594594595,0.5675675675675675,0.5135135135135135,0.5135135135135135,17,16,21,20,74
low_score_rate_0_2,high_is_2.6,0.7849870717517776,0.47222222222222227,0.4857142857142857,0.4594594594594595,0.5135135135135135,0.4864864864864865,0.4864864864864865,17,18,19,20,74
low_score_rate_0_2,low_is_2.6,0.7192233009708737,0.47058823529411764,0.5161290322580645,0.43243243243243246,0.5945945945945946,0.5135135135135135,0.5135135135135136,16,15,22,21,74
low_score_rate_0_2,low_is_2.6,0.7025444435082989,0.46875,0.5555555555555556,0.40540540540540543,0.6756756756756757,0.5405405405405406,0.5405405405405406,15,12,25,22,74
low_score_rate_0_2,low_is_2.6,0.7303703703703703,0.463768115942029,0.5,0.43243243243243246,0.5675675675675675,0.5,0.5,16,16,21,21,74
low_score_rate_0_2,low_is_2.6,0.7108110867234955,0.46153846153846156,0.5357142857142857,0.40540540540540543,0.6486486486486487,0.527027027027027,0.5270270270270271,15,13,24,22,74
low_score_rate_0_2,high_is_2.6,0.7911511847347452,0.45714285714285713,0.48484848484848486,0.43243243243243246,0.5405405405405406,0.4864864864864865,0.4864864864864865,16,17,20,21,74
low_score_rate_0_2,low_is_2.6,0.7166385925510013,0.4545454545454546,0.5172413793103449,0.40540540540540543,0.6216216216216216,0.5135135135135135,0.5135135135135135,15,14,23,22,74
low_score_rate_0_2,low_is_2.6,0.6964176362522964,0.4516129032258065,0.56,0.3783783783783784,0.7027027027027027,0.5405405405405406,0.5405405405405406,14,11,26,23,74
low_score_rate_0_2,high_is_2.6,0.7889676113360324,0.4507042253521127,0.47058823529411764,0.43243243243243246,0.5135135135135135,0.47297297297297297,0.47297297297297297,16,18,19,21,74
low_score_rate_0_2,low_is_2.6,0.7181976599452328,0.4477611940298507,0.5,0.40540540540540543,0.5945945945945946,0.5,0.5,15,15,22,22,74
low_score_rate_0_2,low_is_2.6,0.6979891396572204,0.4444444444444445,0.5384615384615384,0.3783783783783784,0.6756756756756757,0.527027027027027,0.527027027027027,14,12,25,23,74
low_score_rate_0_2,high_is_2.6,0.8004705574799033,0.4411764705882353,0.4838709677419355,0.40540540540540543,0.5675675675675675,0.4864864864864865,0.4864864864864865,15,16,21,22,74
low_score_rate_0_2,high_is_2.6,0.7950157412308807,0.43478260869565216,0.46875,0.40540540540540543,0.5405405405405406,0.47297297297297297,0.472972972972973,15,17,20,22,74
low_score_rate_0_2,low_is_2.6,0.6951543312313309,0.4262295081967213,0.5416666666666666,0.35135135135135137,0.7027027027027027,0.527027027027027,0.5270270270270271,13,11,26,24,74
low_score_rate_0_2,high_is_2.6,0.8061933356882138,0.42424242424242425,0.4827586206896552,0.3783783783783784,0.5945945945945946,0.4864864864864865,0.4864864864864865,14,15,22,23,74
low_score_rate_0_2,high_is_2.6,0.804553722636894,0.417910447761194,0.4666666666666667,0.3783783783783784,0.5675675675675675,0.47297297297297297,0.47297297297297297,14,16,21,23,74
low_score_rate_0_2,low_is_2.6,0.6910782442748091,0.4,0.5217391304347826,0.32432432432432434,0.7027027027027027,0.5135135135135135,0.5135135135135136,12,11,26,25,74
low_score_rate_0_2,high_is_2.6,0.8080031539522965,0.39999999999999997,0.4642857142857143,0.35135135135135137,0.5945945945945946,0.47297297297297297,0.472972972972973,13,15,22,24,74
low_score_rate_0_2,high_is_2.6,0.8114711262085184,0.375,0.4444444444444444,0.32432432432432434,0.5945945945945946,0.4594594594594595,0.4594594594594595,12,15,22,25,74
low_score_rate_0_2,low_is_2.6,0.6869703389830508,0.3728813559322034,0.5,0.2972972972972973,0.7027027027027027,0.5,0.5,11,11,26,26,74
low_score_rate_0_2,low_is_2.6,0.6825403792134832,0.3508771929824562,0.5,0.2702702702702703,0.7297297297297297,0.5,0.5,10,10,27,27,74
low_score_rate_0_2,high_is_2.6,0.8156305903398926,0.34920634920634924,0.4230769230769231,0.2972972972972973,0.5945945945945946,0.44594594594594594,0.44594594594594594,11,15,22,26,74
low_score_rate_0_2,low_is_2.6,0.685916968196534,0.3448275862068966,0.47619047619047616,0.2702702702702703,0.7027027027027027,0.4864864864864865,0.4864864864864865,10,11,26,27,74
low_score_rate_0_2,high_is_2.6,0.8177447552447552,0.3225806451612903,0.4,0.2702702702702703,0.5945945945945946,0.43243243243243246,0.43243243243243246,10,15,22,27,74
low_score_rate_0_2,low_is_2.6,0.6793959888059702,0.3214285714285714,0.47368421052631576,0.24324324324324326,0.7297297297297297,0.4864864864864865,0.4864864864864865,9,10,27,28,74
low_score_rate_0_2,high_is_2.6,0.8244358833241607,0.3050847457627119,0.4090909090909091,0.24324324324324326,0.6486486486486487,0.44594594594594594,0.44594594594594594,9,13,24,28,74
low_score_rate_0_2,high_is_2.6,0.8210309592801586,0.30000000000000004,0.391304347826087,0.24324324324324326,0.6216216216216216,0.43243243243243246,0.43243243243243246,9,14,23,28,74
low_score_rate_0_2,high_is_2.6,0.8187294633077766,0.2950819672131148,0.375,0.24324324324324326,0.5945945945945946,0.4189189189189189,0.41891891891891897,9,15,22,28,74
low_score_rate_0_2,low_is_2.6,0.6728855721393034,0.2909090909090909,0.4444444444444444,0.21621621621621623,0.7297297297297297,0.47297297297297297,0.47297297297297297,8,10,27,29,74
low_score_rate_0_2,high_is_2.6,0.8297101449275363,0.27586206896551724,0.38095238095238093,0.21621621621621623,0.6486486486486487,0.43243243243243246,0.43243243243243246,8,13,24,29,74
low_score_rate_0_2,low_is_2.6,0.6616065232477446,0.2641509433962264,0.4375,0.1891891891891892,0.7567567567567568,0.47297297297297297,0.472972972972973,7,9,28,30,74
low_score_rate_0_2,low_is_2.6,0.6653944020356234,0.2592592592592593,0.4117647058823529,0.1891891891891892,0.7297297297297297,0.4594594594594595,0.45945945945945943,7,10,27,30,74
low_score_rate_0_2,high_is_2.6,0.8367760617760618,0.2545454545454546,0.3888888888888889,0.1891891891891892,0.7027027027027027,0.44594594594594594,0.44594594594594594,7,11,26,30,74
low_score_rate_0_2,high_is_2.6,0.8345238095238096,0.25,0.3684210526315789,0.1891891891891892,0.6756756756756757,0.43243243243243246,0.43243243243243246,7,12,25,30,74
low_score_rate_0_2,low_is_2.6,0.642157785727735,0.23529411764705885,0.42857142857142855,0.16216216216216217,0.7837837837837838,0.47297297297297297,0.47297297297297297,6,8,29,31,74
low_score_rate_0_2,high_is_2.6,0.8424362793776895,0.23076923076923078,0.4,0.16216216216216217,0.7567567567567568,0.4594594594594595,0.4594594594594595,6,9,28,31,74
low_score_rate_0_2,low_is_2.6,0.6525543041029767,0.23076923076923078,0.4,0.16216216216216217,0.7567567567567568,0.4594594594594595,0.4594594594594595,6,9,28,31,74
low_score_rate_0_2,high_is_2.6,0.8419565863812073,0.22641509433962265,0.375,0.16216216216216217,0.7297297297297297,0.44594594594594594,0.44594594594594594,6,10,27,31,74
low_score_rate_0_2,high_is_2.6,0.8398228737211788,0.22222222222222227,0.35294117647058826,0.16216216216216217,0.7027027027027027,0.43243243243243246,0.43243243243243246,6,11,26,31,74
low_score_rate_0_2,low_is_2.6,0.63125,0.20833333333333334,0.45454545454545453,0.13513513513513514,0.8378378378378378,0.4864864864864865,0.4864864864864865,5,6,31,32,74
low_score_rate_0_2,low_is_2.6,0.6354828042328042,0.20408163265306126,0.4166666666666667,0.13513513513513514,0.8108108108108109,0.47297297297297297,0.472972972972973,5,7,30,32,74
low_score_rate_0_2,low_is_2.6,0.6376674546887313,0.2,0.38461538461538464,0.13513513513513514,0.7837837837837838,0.4594594594594595,0.45945945945945943,5,8,29,32,74
low_score_rate_0_2,high_is_2.6,0.8435393364214967,0.19607843137254902,0.35714285714285715,0.13513513513513514,0.7567567567567568,0.44594594594594594,0.44594594594594594,5,9,28,32,74
low_score_rate_0_2,high_is_2.6,0.8713552173115716,0.17391304347826086,0.4444444444444444,0.10810810810810811,0.8648648648648649,0.4864864864864865,0.4864864864864865,4,5,32,33,74
low_score_rate_0_2,low_is_2.6,0.6138345960399822,0.17391304347826086,0.4444444444444444,0.10810810810810811,0.8648648648648649,0.4864864864864865,0.4864864864864865,4,5,32,33,74
low_score_rate_0_2,high_is_2.6,0.8624007571375992,0.1702127659574468,0.4,0.10810810810810811,0.8378378378378378,0.47297297297297297,0.47297297297297297,4,6,31,33,74
low_score_rate_0_2,low_is_2.6,0.6272353545734841,0.1702127659574468,0.4,0.10810810810810811,0.8378378378378378,0.47297297297297297,0.47297297297297297,4,6,31,33,74
low_score_rate_0_2,high_is_2.6,0.8545982319567225,0.16666666666666669,0.36363636363636365,0.10810810810810811,0.8108108108108109,0.4594594594594595,0.4594594594594595,4,7,30,33,74
low_score_rate_0_2,high_is_2.6,0.847292529529069,0.163265306122449,0.3333333333333333,0.10810810810810811,0.7837837837837838,0.44594594594594594,0.44594594594594594,4,8,29,33,74
low_score_rate_0_2,high_is_2.6,0.8449199162650309,0.16,0.3076923076923077,0.10810810810810811,0.7567567567567568,0.43243243243243246,0.43243243243243246,4,9,28,33,74
low_score_rate_0_2,low_is_2.6,0.593222442899702,0.13636363636363638,0.42857142857142855,0.08108108108108109,0.8918918918918919,0.4864864864864865,0.4864864864864865,3,4,33,34,74
low_score_rate_0_2,high_is_2.6,0.8793913627209666,0.13333333333333333,0.375,0.08108108108108109,0.8648648648648649,0.47297297297297297,0.472972972972973,3,5,32,34,74
low_score_rate_0_2,low_is_2.6,0.5980547670729671,0.13333333333333333,0.375,0.08108108108108109,0.8648648648648649,0.47297297297297297,0.472972972972973,3,5,32,34,74
low_score_rate_0_2,high_is_2.6,0.9081707317073171,0.10256410256410257,1.0,0.05405405405405406,1.0,0.527027027027027,0.527027027027027,2,0,37,35,74
low_score_rate_0_2,high_is_2.6,0.8940470203671109,0.1,0.6666666666666666,0.05405405405405406,0.972972972972973,0.5135135135135135,0.5135135135135136,2,1,36,35,74
low_score_rate_0_2,high_is_2.6,0.8915284625728372,0.0975609756097561,0.5,0.05405405405405406,0.9459459459459459,0.5,0.5,2,2,35,35,74
low_score_rate_0_2,low_is_2.6,0.563660925363053,0.0975609756097561,0.5,0.05405405405405406,0.9459459459459459,0.5,0.5,2,2,35,35,74
low_score_rate_0_2,high_is_2.6,0.8890484003281378,0.09523809523809523,0.4,0.05405405405405406,0.918918918918919,0.4864864864864865,0.4864864864864865,2,3,34,35,74
low_score_rate_0_2,low_is_2.6,0.5689519306540582,0.09523809523809523,0.4,0.05405405405405406,0.918918918918919,0.4864864864864865,0.4864864864864865,2,3,34,35,74
low_score_rate_0_2,high_is_2.6,0.8849166942513517,0.09302325581395349,0.3333333333333333,0.05405405405405406,0.8918918918918919,0.47297297297297297,0.47297297297297297,2,4,33,35,74
low_score_rate_0_2,low_is_2.6,0.5830896686159843,0.09302325581395349,0.3333333333333333,0.05405405405405406,0.8918918918918919,0.47297297297297297,0.47297297297297297,2,4,33,35,74
low_score_rate_0_2,high_is_2.6,0.8818874403133216,0.09090909090909091,0.2857142857142857,0.05405405405405406,0.8648648648648649,0.4594594594594595,0.4594594594594595,2,5,32,35,74
low_score_rate_0_2,high_is_2.6,0.9358064516129032,0.052631578947368425,1.0,0.02702702702702703,1.0,0.5135135135135135,0.5135135135135135,1,0,37,36,74
low_score_rate_0_2,high_is_2.6,0.9516129032258065,0.052631578947368425,1.0,0.02702702702702703,1.0,0.5135135135135135,0.5135135135135135,1,0,37,36,74
low_score_rate_0_2,low_is_2.6,0.551090564248459,0.05128205128205129,0.5,0.02702702702702703,0.972972972972973,0.5,0.5,1,1,36,36,74
low_score_rate_0_2,low_is_2.6,0.5580618212197159,0.05,0.3333333333333333,0.02702702702702703,0.9459459459459459,0.4864864864864865,0.4864864864864865,1,2,35,36,74
low_score_rate_0_2,low_is_2.6,0.5284552845528455,0.0,0.0,0.0,0.972972972972973,0.4864864864864865,0.4864864864864865,0,1,36,37,74
low_score_rate_0_2,low_is_2.6,0.5390024170511976,0.0,0.0,0.0,0.972972972972973,0.4864864864864865,0.4864864864864865,0,1,36,37,74
low_score_rate_0_3,high_is_2.6,0.5892857142857143,0.6792452830188679,0.5217391304347826,0.972972972972973,0.10810810810810811,0.5405405405405406,0.5405405405405406,36,33,4,1,74
low_score_rate_0_3,low_is_2.6,0.8479517253102159,0.6736842105263158,0.5517241379310345,0.8648648648648649,0.2972972972972973,0.581081081081081,0.5810810810810811,32,26,11,5,74
low_score_rate_0_3,low_is_2.6,0.8517873171761973,0.673469387755102,0.5409836065573771,0.8918918918918919,0.24324324324324326,0.5675675675675675,0.5675675675675675,33,28,9,4,74
low_score_rate_0_3,high_is_2.6,0.6161725067385444,0.673076923076923,0.5223880597014925,0.9459459459459459,0.13513513513513514,0.5405405405405406,0.5405405405405406,35,32,5,2,74
low_score_rate_0_3,high_is_2.6,0.5811403508771931,0.6728971962616821,0.5142857142857142,0.972972972972973,0.08108108108108109,0.527027027027027,0.5270270270270271,36,34,3,1,74
low_score_rate_0_3,low_is_2.6,0.8495283018867925,0.6666666666666667,0.5423728813559322,0.8648648648648649,0.2702702702702703,0.5675675675675675,0.5675675675675675,32,27,10,5,74
low_score_rate_0_3,low_is_2.6,0.8449199162650309,0.6666666666666666,0.5535714285714286,0.8378378378378378,0.32432432432432434,0.581081081081081,0.5810810810810811,31,25,12,6,74
low_score_rate_0_3,low_is_2.6,0.8541852512637527,0.6666666666666666,0.532258064516129,0.8918918918918919,0.21621621621621623,0.5540540540540541,0.5540540540540541,33,29,8,4,74
low_score_rate_0_3,high_is_2.6,0.5767077267637178,0.6666666666666666,0.5070422535211268,0.972972972972973,0.05405405405405406,0.5135135135135135,0.5135135135135136,36,35,2,1,74
low_score_rate_0_3,high_is_2.6,0.5585585585585585,0.6666666666666666,0.5,1.0,0.0,0.5,0.5,37,37,0,0,74
low_score_rate_0_3,low_is_2.6,0.9516129032258065,0.6666666666666666,0.5,1.0,0.0,0.5,0.5,37,37,0,0,74
low_score_rate_0_3,high_is_2.6,0.5995058400718778,0.6666666666666665,0.5147058823529411,0.9459459459459459,0.10810810810810811,0.527027027027027,0.527027027027027,35,33,4,2,74
low_score_rate_0_3,high_is_2.6,0.5717868880816468,0.6605504587155964,0.5,0.972972972972973,0.02702702702702703,0.5,0.5,36,36,1,1,74
low_score_rate_0_3,high_is_2.6,0.6300751879699248,0.6601941747572816,0.5151515151515151,0.918918918918919,0.13513513513513514,0.527027027027027,0.5270270270270271,34,32,5,3,74
low_score_rate_0_3,low_is_2.6,0.8646945160103054,0.6599999999999999,0.5238095238095238,0.8918918918918919,0.1891891891891892,0.5405405405405406,0.5405405405405406,33,30,7,4,74
low_score_rate_0_3,low_is_2.6,0.8502336448598131,0.6597938144329898,0.5333333333333333,0.8648648648648649,0.24324324324324326,0.5540540540540541,0.5540540540540541,32,28,9,5,74
low_score_rate_0_3,low_is_2.6,0.8461876510656998,0.6595744680851063,0.543859649122807,0.8378378378378378,0.2972972972972973,0.5675675675675675,0.5675675675675675,31,26,11,6,74
low_score_rate_0_3,high_is_2.6,0.5638321248077345,0.6545454545454545,0.4931506849315068,0.972972972972973,0.0,0.4864864864864865,0.4864864864864865,36,37,0,1,74
low_score_rate_0_3,low_is_2.6,0.9358064516129032,0.6545454545454545,0.4931506849315068,0.972972972972973,0.0,0.4864864864864865,0.4864864864864865,36,37,0,1,74
low_score_rate_0_3,high_is_2.6,0.6441236068895644,0.6534653465346535,0.515625,0.8918918918918919,0.16216216216216217,0.527027027027027,0.527027027027027,33,31,6,4,74
low_score_rate_0_3,low_is_2.6,0.8769125611230875,0.6534653465346535,0.515625,0.8918918918918919,0.16216216216216217,0.527027027027027,0.527027027027027,33,31,6,4,74
low_score_rate_0_3,low_is_2.6,0.8435393364214967,0.6521739130434782,0.5454545454545454,0.8108108108108109,0.32432432432432434,0.5675675675675675,0.5675675675675675,30,25,12,7,74
low_score_rate_0_3,high_is_2.6,0.637218045112782,0.6470588235294117,0.5076923076923077,0.8918918918918919,0.13513513513513514,0.5135135135135135,0.5135135135135135,33,32,5,4,74
low_score_rate_0_3,low_is_2.6,0.8813700918964077,0.6470588235294117,0.5076923076923077,0.8918918918918919,0.13513513513513514,0.5135135135135135,0.5135135135135135,33,32,5,4,74
low_score_rate_0_3,low_is_2.6,0.8388945062352544,0.6444444444444444,0.5471698113207547,0.7837837837837838,0.35135135135135137,0.5675675675675675,0.5675675675675675,29,24,13,8,74
low_score_rate_0_3,low_is_2.6,0.911219512195122,0.6422018348623854,0.4861111111111111,0.9459459459459459,0.0,0.47297297297297297,0.47297297297297297,35,37,0,2,74
low_score_rate_0_3,low_is_2.6,0.8954184381293354,0.6415094339622641,0.4927536231884058,0.918918918918919,0.05405405405405406,0.4864864864864865,0.4864864864864865,34,35,2,3,74
low_score_rate_0_3,low_is_2.6,0.8871726417493008,0.6407766990291263,0.5,0.8918918918918919,0.10810810810810811,0.5,0.5,33,33,4,4,74
low_score_rate_0_3,high_is_2.6,0.6457038850185151,0.64,0.5079365079365079,0.8648648648648649,0.16216216216216217,0.5135135135135135,0.5135135135135136,32,31,6,5,74
low_score_rate_0_3,low_is_2.6,0.8416735028712059,0.6373626373626374,0.5370370370370371,0.7837837837837838,0.32432432432432434,0.5540540540540541,0.5540540540540541,29,25,12,8,74
low_score_rate_0_3,low_is_2.6,0.8978562662985121,0.6355140186915889,0.4857142857142857,0.918918918918919,0.02702702702702703,0.47297297297297297,0.472972972972973,34,36,1,3,74
low_score_rate_0_3,low_is_2.6,0.8915284625728372,0.6346153846153846,0.4925373134328358,0.8918918918918919,0.08108108108108109,0.4864864864864865,0.4864864864864865,33,34,3,4,74
low_score_rate_0_3,high_is_2.6,0.6532864617396992,0.6326530612244898,0.5081967213114754,0.8378378378378378,0.1891891891891892,0.5135135135135135,0.5135135135135135,31,30,7,6,74
low_score_rate_0_3,high_is_2.6,0.6830830830830831,0.631578947368421,0.5172413793103449,0.8108108108108109,0.24324324324324326,0.527027027027027,0.5270270270270271,30,28,9,7,74
low_score_rate_0_3,low_is_2.6,0.9009050467863169,0.6296296296296297,0.4788732394366197,0.918918918918919,0.0,0.4594594594594595,0.4594594594594595,34,37,0,3,74
low_score_rate_0_3,low_is_2.6,0.837082912032356,0.6292134831460674,0.5384615384615384,0.7567567567567568,0.35135135135135137,0.5540540540540541,0.5540540540540541,28,24,13,9,74
low_score_rate_0_3,low_is_2.6,0.8931239950818122,0.6285714285714286,0.4852941176470588,0.8918918918918919,0.05405405405405406,0.47297297297297297,0.47297297297297297,33,35,2,4,74
low_score_rate_0_3,high_is_2.6,0.6467498567517667,0.6262626262626263,0.5,0.8378378378378378,0.16216216216216217,0.5,0.5,31,31,6,6,74
low_score_rate_0_3,high_is_2.6,0.6766186033361605,0.6249999999999999,0.5084745762711864,0.8108108108108109,0.21621621621621623,0.5135135135135135,0.5135135135135136,30,29,8,7,74
low_score_rate_0_3,high_is_2.6,0.6654233171408743,0.6185567010309277,0.5,0.8108108108108109,0.1891891891891892,0.5,0.5,30,30,7,7,74
low_score_rate_0_3,high_is_2.6,0.6855626813253932,0.6170212765957447,0.5087719298245614,0.7837837837837838,0.24324324324324326,0.5135135135135135,0.5135135135135135,29,28,9,8,74
low_score_rate_0_3,low_is_2.6,0.8351449275362319,0.6136363636363636,0.5294117647058824,0.7297297297297297,0.35135135135135137,0.5405405405405406,0.5405405405405406,27,24,13,10,74
low_score_rate_0_3,high_is_2.6,0.692354965585054,0.608695652173913,0.509090909090909,0.7567567567567568,0.2702702702702703,0.5135135135135135,0.5135135135135136,28,27,10,9,74
low_score_rate_0_3,high_is_2.6,0.6883530823458827,0.6021505376344086,0.5,0.7567567567567568,0.24324324324324326,0.5,0.5,28,28,9,9,74
low_score_rate_0_3,low_is_2.6,0.8286983761667306,0.5952380952380952,0.5319148936170213,0.6756756756756757,0.40540540540540543,0.5405405405405406,0.5405405405405406,25,22,15,12,74
low_score_rate_0_3,high_is_2.6,0.7016998341625207,0.5934065934065933,0.5,0.7297297297297297,0.2702702702702703,0.5,0.5,27,27,10,10,74
low_score_rate_0_3,low_is_2.6,0.8302196126277261,0.5882352941176472,0.5208333333333334,0.6756756756756757,0.3783783783783784,0.527027027027027,0.527027027027027,25,23,14,12,74
low_score_rate_0_3,low_is_2.6,0.8223930613049477,0.5853658536585367,0.5333333333333333,0.6486486486486487,0.43243243243243246,0.5405405405405406,0.5405405405405406,24,21,16,13,74
low_score_rate_0_3,low_is_2.6,0.8323293172690763,0.5813953488372092,0.5102040816326531,0.6756756756756757,0.35135135135135137,0.5135135135135135,0.5135135135135135,25,24,13,12,74
low_score_rate_0_3,low_is_2.6,0.8264221158958001,0.5783132530120482,0.5217391304347826,0.6486486486486487,0.40540540540540543,0.527027027027027,0.5270270270270271,24,22,15,13,74
low_score_rate_0_3,high_is_2.6,0.7094394440013672,0.5777777777777777,0.49056603773584906,0.7027027027027027,0.2702702702702703,0.4864864864864865,0.4864864864864865,26,27,10,11,74
low_score_rate_0_3,low_is_2.6,0.818766205704408,0.5679012345679012,0.5227272727272727,0.6216216216216216,0.43243243243243246,0.527027027027027,0.527027027027027,23,21,16,14,74
low_score_rate_0_3,low_is_2.6,0.8034136915715864,0.5641025641025641,0.5365853658536586,0.5945945945945946,0.4864864864864865,0.5405405405405406,0.5405405405405406,22,19,18,15,74
low_score_rate_0_3,high_is_2.6,0.7104305820610687,0.5617977528089887,0.4807692307692308,0.6756756756756757,0.2702702702702703,0.47297297297297297,0.47297297297297297,25,27,10,12,74
low_score_rate_0_3,high_is_2.6,0.7280941949616648,0.5609756097560976,0.5111111111111111,0.6216216216216216,0.40540540540540543,0.5135135135135135,0.5135135135135135,23,22,15,14,74
low_score_rate_0_3,high_is_2.6,0.7159648740045816,0.5581395348837208,0.4897959183673469,0.6486486486486487,0.32432432432432434,0.4864864864864865,0.4864864864864865,24,25,12,13,74
low_score_rate_0_3,low_is_2.6,0.808138170554278,0.5569620253164557,0.5238095238095238,0.5945945945945946,0.4594594594594595,0.527027027027027,0.5270270270270271,22,20,17,15,74
low_score_rate_0_3,high_is_2.6,0.7268842268842268,0.5542168674698795,0.5,0.6216216216216216,0.3783783783783784,0.5,0.5,23,23,14,14,74
low_score_rate_0_3,high_is_2.6,0.7123753758506093,0.5517241379310345,0.48,0.6486486486486487,0.2972972972972973,0.47297297297297297,0.472972972972973,24,26,11,13,74
low_score_rate_0_3,high_is_2.6,0.7309055326351424,0.55,0.5116279069767442,0.5945945945945946,0.43243243243243246,0.5135135135135135,0.5135135135135136,22,21,16,15,74
low_score_rate_0_3,low_is_2.6,0.814694114610222,0.55,0.5116279069767442,0.5945945945945946,0.43243243243243246,0.5135135135135135,0.5135135135135136,22,21,16,15,74
low_score_rate_0_3,high_is_2.6,0.7232478632478632,0.5476190476190476,0.48936170212765956,0.6216216216216216,0.35135135135135137,0.4864864864864865,0.4864864864864865,23,24,13,14,74
low_score_rate_0_3,low_is_2.6,0.7987516869095816,0.5454545454545455,0.525,0.5675675675675675,0.4864864864864865,0.527027027027027,0.527027027027027,21,19,18,16,74
low_score_rate_0_3,high_is_2.6,0.7111025528169015,0.5454545454545454,0.47058823529411764,0.6486486486486487,0.2702702702702703,0.4594594594594595,0.4594594594594595,24,27,10,13,74
low_score_rate_0_3,high_is_2.6,0.7294213349749362,0.5432098765432098,0.5,0.5945945945945946,0.40540540540540543,0.5,0.5,22,22,15,15,74
low_score_rate_0_3,high_is_2.6,0.7192233009708737,0.5411764705882353,0.4791666666666667,0.6216216216216216,0.32432432432432434,0.47297297297297297,0.47297297297297297,23,25,12,14,74
low_score_rate_0_3,high_is_2.6,0.7474235104669887,0.5316455696202531,0.5,0.5675675675675675,0.43243243243243246,0.5,0.5,21,21,16,16,74
low_score_rate_0_3,high_is_2.6,0.7726932357101257,0.5263157894736842,0.5128205128205128,0.5405405405405406,0.4864864864864865,0.5135135135135135,0.5135135135135136,20,19,18,17,74
low_score_rate_0_3,low_is_2.6,0.7938502400653795,0.5263157894736842,0.5128205128205128,0.5405405405405406,0.4864864864864865,0.5135135135135135,0.5135135135135136,20,19,18,17,74
low_score_rate_0_3,high_is_2.6,0.7710943660737755,0.5194805194805195,0.5,0.5405405405405406,0.4594594594594595,0.5,0.5,20,20,17,17,74
low_score_rate_0_3,high_is_2.6,0.7777128242601388,0.5135135135135135,0.5135135135135135,0.5135135135135135,0.5135135135135135,0.5135135135135135,0.5135135135135135,19,18,19,18,74
low_score_rate_0_3,high_is_2.6,0.7664372336938708,0.5128205128205128,0.4878048780487805,0.5405405405405406,0.43243243243243246,0.4864864864864865,0.4864864864864865,20,21,16,17,74
low_score_rate_0_3,high_is_2.6,0.7735111435878699,0.5066666666666666,0.5,0.5135135135135135,0.4864864864864865,0.5,0.5,19,19,18,18,74
low_score_rate_0_3,low_is_2.6,0.7871706451504905,0.5066666666666666,0.5,0.5135135135135135,0.4864864864864865,0.5,0.5,19,19,18,18,74
low_score_rate_0_3,high_is_2.6,0.7871706451504905,0.4931506849315069,0.5,0.4864864864864865,0.5135135135135135,0.5,0.5,18,18,19,19,74
low_score_rate_0_3,low_is_2.6,0.7735111435878699,0.4931506849315069,0.5,0.4864864864864865,0.5135135135135135,0.5,0.5,18,18,19,19,74
low_score_rate_0_3,low_is_2.6,0.7777128242601388,0.4864864864864865,0.4864864864864865,0.4864864864864865,0.4864864864864865,0.4864864864864865,0.4864864864864865,18,19,18,19,74
low_score_rate_0_3,low_is_2.6,0.7664372336938708,0.48571428571428577,0.5151515151515151,0.4594594594594595,0.5675675675675675,0.5135135135135135,0.5135135135135135,17,16,21,20,74
low_score_rate_0_3,low_is_2.6,0.7710943660737755,0.47887323943661975,0.5,0.4594594594594595,0.5405405405405406,0.5,0.5,17,17,20,20,74
low_score_rate_0_3,high_is_2.6,0.7938502400653795,0.47222222222222227,0.4857142857142857,0.4594594594594595,0.5135135135135135,0.4864864864864865,0.4864864864864865,17,18,19,20,74
low_score_rate_0_3,low_is_2.6,0.7726932357101257,0.47222222222222227,0.4857142857142857,0.4594594594594595,0.5135135135135135,0.4864864864864865,0.4864864864864865,17,18,19,20,74
low_score_rate_0_3,low_is_2.6,0.7474235104669887,0.463768115942029,0.5,0.43243243243243246,0.5675675675675675,0.5,0.5,16,16,21,21,74
low_score_rate_0_3,high_is_2.6,0.7987516869095816,0.4507042253521127,0.47058823529411764,0.43243243243243246,0.5135135135135135,0.47297297297297297,0.47297297297297297,16,18,19,21,74
low_score_rate_0_3,low_is_2.6,0.7294213349749362,0.4477611940298507,0.5,0.40540540540540543,0.5945945945945946,0.5,0.5,15,15,22,22,74
low_score_rate_0_3,low_is_2.6,0.7192233009708737,0.4444444444444445,0.5384615384615384,0.3783783783783784,0.6756756756756757,0.527027027027027,0.527027027027027,14,12,25,23,74
low_score_rate_0_3,high_is_2.6,0.814694114610222,0.4411764705882353,0.4838709677419355,0.40540540540540543,0.5675675675675675,0.4864864864864865,0.4864864864864865,15,16,21,22,74
low_score_rate_0_3,low_is_2.6,0.7309055326351424,0.4411764705882353,0.4838709677419355,0.40540540540540543,0.5675675675675675,0.4864864864864865,0.4864864864864865,15,16,21,22,74
low_score_rate_0_3,low_is_2.6,0.7232478632478632,0.4375,0.5185185185185185,0.3783783783783784,0.6486486486486487,0.5135135135135135,0.5135135135135136,14,13,24,23,74
low_score_rate_0_3,high_is_2.6,0.808138170554278,0.43478260869565216,0.46875,0.40540540540540543,0.5405405405405406,0.47297297297297297,0.472972972972973,15,17,20,22,74
low_score_rate_0_3,low_is_2.6,0.7111025528169015,0.43333333333333335,0.5652173913043478,0.35135135135135137,0.7297297297297297,0.5405405405405406,0.5405405405405406,13,10,27,24,74
low_score_rate_0_3,low_is_2.6,0.7268842268842268,0.4307692307692308,0.5,0.3783783783783784,0.6216216216216216,0.5,0.5,14,14,23,23,74
low_score_rate_0_3,high_is_2.6,0.8034136915715864,0.42857142857142855,0.45454545454545453,0.40540540540540543,0.5135135135135135,0.4594594594594595,0.45945945945945943,15,18,19,22,74
low_score_rate_0_3,low_is_2.6,0.7123753758506093,0.4262295081967213,0.5416666666666666,0.35135135135135137,0.7027027027027027,0.527027027027027,0.5270270270270271,13,11,26,24,74
low_score_rate_0_3,low_is_2.6,0.7280941949616648,0.42424242424242425,0.4827586206896552,0.3783783783783784,0.5945945945945946,0.4864864864864865,0.4864864864864865,14,15,22,23,74
low_score_rate_0_3,low_is_2.6,0.7159648740045816,0.4193548387096775,0.52,0.35135135135135137,0.6756756756756757,0.5135135135135135,0.5135135135135135,13,12,25,24,74
low_score_rate_0_3,high_is_2.6,0.818766205704408,0.417910447761194,0.4666666666666667,0.3783783783783784,0.5675675675675675,0.47297297297297297,0.47297297297297297,14,16,21,23,74
low_score_rate_0_3,low_is_2.6,0.7104305820610687,0.4067796610169491,0.5454545454545454,0.32432432432432434,0.7297297297297297,0.527027027027027,0.527027027027027,12,10,27,25,74
low_score_rate_0_3,high_is_2.6,0.8264221158958001,0.39999999999999997,0.4642857142857143,0.35135135135135137,0.5945945945945946,0.47297297297297297,0.472972972972973,13,15,22,24,74
low_score_rate_0_3,high_is_2.6,0.8223930613049477,0.393939393939394,0.4482758620689655,0.35135135135135137,0.5675675675675675,0.4594594594594595,0.45945945945945943,13,16,21,24,74
low_score_rate_0_3,high_is_2.6,0.8323293172690763,0.3870967741935484,0.48,0.32432432432432434,0.6486486486486487,0.4864864864864865,0.4864864864864865,12,13,24,25,74
low_score_rate_0_3,high_is_2.6,0.8302196126277261,0.38095238095238093,0.46153846153846156,0.32432432432432434,0.6216216216216216,0.47297297297297297,0.47297297297297297,12,14,23,25,74
low_score_rate_0_3,low_is_2.6,0.7094394440013672,0.37931034482758624,0.5238095238095238,0.2972972972972973,0.7297297297297297,0.5135135135135135,0.5135135135135135,11,10,27,26,74
low_score_rate_0_3,high_is_2.6,0.8286983761667306,0.375,0.4444444444444444,0.32432432432432434,0.5945945945945946,0.4594594594594595,0.4594594594594595,12,15,22,25,74
low_score_rate_0_3,low_is_2.6,0.7016998341625207,0.3508771929824562,0.5,0.2702702702702703,0.7297297297297297,0.5,0.5,10,10,27,27,74
low_score_rate_0_3,high_is_2.6,0.8351449275362319,0.3333333333333333,0.43478260869565216,0.2702702702702703,0.6486486486486487,0.4594594594594595,0.4594594594594595,10,13,24,27,74
low_score_rate_0_3,low_is_2.6,0.6883530823458827,0.3272727272727273,0.5,0.24324324324324326,0.7567567567567568,0.5,0.5,9,9,28,28,74
low_score_rate_0_3,low_is_2.6,0.692354965585054,0.3214285714285714,0.47368421052631576,0.24324324324324326,0.7297297297297297,0.4864864864864865,0.4864864864864865,9,10,27,28,74
low_score_rate_0_3,high_is_2.6,0.837082912032356,0.3050847457627119,0.4090909090909091,0.24324324324324326,0.6486486486486487,0.44594594594594594,0.44594594594594594,9,13,24,28,74
low_score_rate_0_3,low_is_2.6,0.6855626813253932,0.29629629629629634,0.47058823529411764,0.21621621621621623,0.7567567567567568,0.4864864864864865,0.4864864864864865,8,9,28,29,74
low_score_rate_0_3,high_is_2.6,0.8416735028712059,0.2807017543859649,0.4,0.21621621621621623,0.6756756756756757,0.44594594594594594,0.44594594594594594,8,12,25,29,74
low_score_rate_0_3,high_is_2.6,0.8388945062352544,0.27586206896551724,0.38095238095238093,0.21621621621621623,0.6486486486486487,0.43243243243243246,0.43243243243243246,8,13,24,29,74
low_score_rate_0_3,low_is_2.6,0.6654233171408743,0.2745098039215686,0.5,0.1891891891891892,0.8108108108108109,0.5,0.5,7,7,30,30,74
low_score_rate_0_3,low_is_2.6,0.6766186033361605,0.2692307692307693,0.4666666666666667,0.1891891891891892,0.7837837837837838,0.4864864864864865,0.4864864864864865,7,8,29,30,74
low_score_rate_0_3,low_is_2.6,0.6830830830830831,0.2641509433962264,0.4375,0.1891891891891892,0.7567567567567568,0.47297297297297297,0.472972972972973,7,9,28,30,74
low_score_rate_0_3,high_is_2.6,0.8435393364214967,0.25,0.3684210526315789,0.1891891891891892,0.6756756756756757,0.43243243243243246,0.43243243243243246,7,12,25,30,74
low_score_rate_0_3,low_is_2.6,0.6467498567517667,0.2448979591836735,0.5,0.16216216216216217,0.8378378378378378,0.5,0.5,6,6,31,31,74
low_score_rate_0_3,low_is_2.6,0.6532864617396992,0.24,0.46153846153846156,0.16216216216216217,0.8108108108108109,0.4864864864864865,0.4864864864864865,6,7,30,31,74
low_score_rate_0_3,high_is_2.6,0.8461876510656998,0.22222222222222227,0.35294117647058826,0.16216216216216217,0.7027027027027027,0.43243243243243246,0.43243243243243246,6,11,26,31,74
low_score_rate_0_3,high_is_2.6,0.8449199162650309,0.2181818181818182,0.3333333333333333,0.16216216216216217,0.6756756756756757,0.4189189189189189,0.4189189189189189,6,12,25,31,74
low_score_rate_0_3,low_is_2.6,0.6457038850185151,0.20833333333333334,0.45454545454545453,0.13513513513513514,0.8378378378378378,0.4864864864864865,0.4864864864864865,5,6,31,32,74
low_score_rate_0_3,high_is_2.6,0.8502336448598131,0.19607843137254902,0.35714285714285715,0.13513513513513514,0.7567567567567568,0.44594594594594594,0.44594594594594594,5,9,28,32,74
low_score_rate_0_3,high_is_2.6,0.8495283018867925,0.1923076923076923,0.3333333333333333,0.13513513513513514,0.7297297297297297,0.43243243243243246,0.43243243243243246,5,10,27,32,74
low_score_rate_0_3,high_is_2.6,0.8479517253102159,0.18867924528301885,0.3125,0.13513513513513514,0.7027027027027027,0.4189189189189189,0.41891891891891897,5,11,26,32,74
low_score_rate_0_3,high_is_2.6,0.8931239950818122,0.18604651162790697,0.6666666666666666,0.10810810810810811,0.9459459459459459,0.527027027027027,0.527027027027027,4,2,35,33,74
low_score_rate_0_3,high_is_2.6,0.8915284625728372,0.18181818181818182,0.5714285714285714,0.10810810810810811,0.918918918918919,0.5135135135135135,0.5135135135135136,4,3,34,33,74
low_score_rate_0_3,high_is_2.6,0.8871726417493008,0.17777777777777778,0.5,0.10810810810810811,0.8918918918918919,0.5,0.5,4,4,33,33,74
low_score_rate_0_3,high_is_2.6,0.8813700918964077,0.17391304347826086,0.4444444444444444,0.10810810810810811,0.8648648648648649,0.4864864864864865,0.4864864864864865,4,5,32,33,74
low_score_rate_0_3,low_is_2.6,0.637218045112782,0.17391304347826086,0.4444444444444444,0.10810810810810811,0.8648648648648649,0.4864864864864865,0.4864864864864865,4,5,32,33,74
low_score_rate_0_3,high_is_2.6,0.8769125611230875,0.1702127659574468,0.4,0.10810810810810811,0.8378378378378378,0.47297297297297297,0.47297297297297297,4,6,31,33,74
low_score_rate_0_3,low_is_2.6,0.6441236068895644,0.1702127659574468,0.4,0.10810810810810811,0.8378378378378378,0.47297297297297297,0.47297297297297297,4,6,31,33,74
low_score_rate_0_3,high_is_2.6,0.8646945160103054,0.16666666666666669,0.36363636363636365,0.10810810810810811,0.8108108108108109,0.4594594594594595,0.4594594594594595,4,7,30,33,74
low_score_rate_0_3,high_is_2.6,0.8541852512637527,0.163265306122449,0.3333333333333333,0.10810810810810811,0.7837837837837838,0.44594594594594594,0.44594594594594594,4,8,29,33,74
low_score_rate_0_3,high_is_2.6,0.8517873171761973,0.16,0.3076923076923077,0.10810810810810811,0.7567567567567568,0.43243243243243246,0.43243243243243246,4,9,28,33,74
low_score_rate_0_3,high_is_2.6,0.9009050467863169,0.15,1.0,0.08108108108108109,1.0,0.5405405405405406,0.5405405405405406,3,0,37,34,74
low_score_rate_0_3,high_is_2.6,0.8978562662985121,0.14634146341463414,0.75,0.08108108108108109,0.972972972972973,0.527027027027027,0.5270270270270271,3,1,36,34,74
low_score_rate_0_3,high_is_2.6,0.8954184381293354,0.14285714285714288,0.6,0.08108108108108109,0.9459459459459459,0.5135135135135135,0.5135135135135135,3,2,35,34,74
low_score_rate_0_3,low_is_2.6,0.6300751879699248,0.13333333333333333,0.375,0.08108108108108109,0.8648648648648649,0.47297297297297297,0.472972972972973,3,5,32,34,74
low_score_rate_0_3,high_is_2.6,0.911219512195122,0.10256410256410257,1.0,0.05405405405405406,1.0,0.527027027027027,0.527027027027027,2,0,37,35,74
low_score_rate_0_3,low_is_2.6,0.5995058400718778,0.09302325581395349,0.3333333333333333,0.05405405405405406,0.8918918918918919,0.47297297297297297,0.47297297297297297,2,4,33,35,74
low_score_rate_0_3,low_is_2.6,0.6161725067385444,0.09090909090909091,0.2857142857142857,0.05405405405405406,0.8648648648648649,0.4594594594594595,0.4594594594594595,2,5,32,35,74
low_score_rate_0_3,high_is_2.6,0.9358064516129032,0.052631578947368425,1.0,0.02702702702702703,1.0,0.5135135135135135,0.5135135135135135,1,0,37,36,74
low_score_rate_0_3,high_is_2.6,0.9516129032258065,0.052631578947368425,1.0,0.02702702702702703,1.0,0.5135135135135135,0.5135135135135135,1,0,37,36,74
low_score_rate_0_3,low_is_2.6,0.5585585585585585,0.052631578947368425,1.0,0.02702702702702703,1.0,0.5135135135135135,0.5135135135135135,1,0,37,36,74
low_score_rate_0_3,low_is_2.6,0.5638321248077345,0.052631578947368425,1.0,0.02702702702702703,1.0,0.5135135135135135,0.5135135135135135,1,0,37,36,74
low_score_rate_0_3,low_is_2.6,0.5717868880816468,0.05128205128205129,0.5,0.02702702702702703,0.972972972972973,0.5,0.5,1,1,36,36,74
low_score_rate_0_3,low_is_2.6,0.5767077267637178,0.05,0.3333333333333333,0.02702702702702703,0.9459459459459459,0.4864864864864865,0.4864864864864865,1,2,35,36,74
low_score_rate_0_3,low_is_2.6,0.5811403508771931,0.04878048780487805,0.25,0.02702702702702703,0.918918918918919,0.47297297297297297,0.472972972972973,1,3,34,36,74
low_score_rate_0_3,low_is_2.6,0.5892857142857143,0.047619047619047616,0.2,0.02702702702702703,0.8918918918918919,0.4594594594594595,0.45945945945945943,1,4,33,36,74
low_score_rate_0_4,high_is_2.6,0.6128341687552215,0.6792452830188679,0.5217391304347826,0.972972972972973,0.10810810810810811,0.5405405405405406,0.5405405405405406,36,33,4,1,74
low_score_rate_0_4,high_is_2.6,0.5972144456886899,0.6728971962616821,0.5142857142857142,0.972972972972973,0.08108108108108109,0.527027027027027,0.5270270270270271,36,34,3,1,74
low_score_rate_0_4,high_is_2.6,0.5941686367218282,0.6666666666666666,0.5070422535211268,0.972972972972973,0.05405405405405406,0.5135135135135135,0.5135135135135136,36,35,2,1,74
low_score_rate_0_4,high_is_2.6,0.5585585585585585,0.6666666666666666,0.5,1.0,0.0,0.5,0.5,37,37,0,0,74
low_score_rate_0_4,low_is_2.6,0.9516129032258065,0.6666666666666666,0.5,1.0,0.0,0.5,0.5,37,37,0,0,74
low_score_rate_0_4,high_is_2.6,0.6277777777777778,0.6666666666666665,0.5147058823529411,0.9459459459459459,0.10810810810810811,0.527027027027027,0.527027027027027,35,33,4,2,74
low_score_rate_0_4,high_is_2.6,0.5889792231255646,0.6605504587155964,0.5,0.972972972972973,0.02702702702702703,0.5,0.5,36,36,1,1,74
low_score_rate_0_4,high_is_2.6,0.6481883452997161,0.6601941747572816,0.5151515151515151,0.918918918918919,0.13513513513513514,0.527027027027027,0.5270270270270271,34,32,5,3,74
low_score_rate_0_4,low_is_2.6,0.8807728042848555,0.6599999999999999,0.5238095238095238,0.8918918918918919,0.1891891891891892,0.5405405405405406,0.5405405405405406,33,30,7,4,74
low_score_rate_0_4,high_is_2.6,0.5719622061085475,0.6545454545454545,0.4931506849315068,0.972972972972973,0.0,0.4864864864864865,0.4864864864864865,36,37,0,1,74
low_score_rate_0_4,low_is_2.6,0.9391397849462366,0.6545454545454545,0.4931506849315068,0.972972972972973,0.0,0.4864864864864865,0.4864864864864865,36,37,0,1,74
low_score_rate_0_4,low_is_2.6,0.9067220804304339,0.6542056074766355,0.5,0.9459459459459459,0.05405405405405406,0.5,0.5,35,35,2,2,74
low_score_rate_0_4,high_is_2.6,0.6350404312668463,0.6538461538461539,0.5074626865671642,0.918918918918919,0.10810810810810811,0.5135135135135135,0.5135135135135136,34,33,4,3,74
low_score_rate_0_4,low_is_2.6,0.8855764118922014,0.6534653465346535,0.515625,0.8918918918918919,0.16216216216216217,0.527027027027027,0.527027027027027,33,31,6,4,74
low_score_rate_0_4,low_is_2.6,0.8672150411280846,0.6530612244897959,0.5245901639344263,0.8648648648648649,0.21621621621621623,0.5405405405405406,0.5405405405405406,32,29,8,5,74
low_score_rate_0_4,low_is_2.6,0.9108620608124084,0.6481481481481483,0.49295774647887325,0.9459459459459459,0.02702702702702703,0.4864864864864865,0.4864864864864865,35,36,1,2,74
low_score_rate_0_4,high_is_2.6,0.6607669616519174,0.6470588235294117,0.5076923076923077,0.8918918918918919,0.13513513513513514,0.5135135135135135,0.5135135135135135,33,32,5,4,74
low_score_rate_0_4,low_is_2.6,0.8897081179689875,0.6470588235294117,0.5076923076923077,0.8918918918918919,0.13513513513513514,0.5135135135135135,0.5135135135135135,33,32,5,4,74
low_score_rate_0_4,high_is_2.6,0.6790385873119686,0.6464646464646465,0.5161290322580645,0.8648648648648649,0.1891891891891892,0.527027027027027,0.5270270270270271,32,30,7,5,74
low_score_rate_0_4,low_is_2.6,0.8740349451442503,0.6464646464646465,0.5161290322580645,0.8648648648648649,0.1891891891891892,0.527027027027027,0.5270270270270271,32,30,7,5,74
low_score_rate_0_4,low_is_2.6,0.8602688787185355,0.6458333333333334,0.5254237288135594,0.8378378378378378,0.24324324324324326,0.5405405405405406,0.5405405405405406,31,28,9,6,74
low_score_rate_0_4,low_is_2.6,0.919308176100629,0.6422018348623854,0.4861111111111111,0.9459459459459459,0.0,0.47297297297297297,0.47297297297297297,35,37,0,2,74
low_score_rate_0_4,low_is_2.6,0.9030543745804431,0.6415094339622641,0.4927536231884058,0.918918918918919,0.05405405405405406,0.4864864864864865,0.4864864864864865,34,35,2,3,74
low_score_rate_0_4,low_is_2.6,0.896683101748095,0.6407766990291263,0.5,0.8918918918918919,0.10810810810810811,0.5,0.5,33,33,4,4,74
low_score_rate_0_4,high_is_2.6,0.6729509249743062,0.64,0.5079365079365079,0.8648648648648649,0.16216216216216217,0.5135135135135135,0.5135135135135136,32,31,6,5,74
low_score_rate_0_4,low_is_2.6,0.8633534850640114,0.6391752577319588,0.5166666666666667,0.8378378378378378,0.21621621621621623,0.527027027027027,0.527027027027027,31,29,8,6,74
low_score_rate_0_4,low_is_2.6,0.8567151411462788,0.6382978723404256,0.5263157894736842,0.8108108108108109,0.2702702702702703,0.5405405405405406,0.5405405405405406,30,27,10,7,74
low_score_rate_0_4,low_is_2.6,0.9022504400301735,0.6346153846153846,0.4925373134328358,0.8918918918918919,0.08108108108108109,0.4864864864864865,0.4864864864864865,33,34,3,4,74
low_score_rate_0_4,high_is_2.6,0.6681547619047619,0.6336633663366337,0.5,0.8648648648648649,0.13513513513513514,0.5,0.5,32,32,5,5,74
low_score_rate_0_4,high_is_2.6,0.6830143540669856,0.6326530612244898,0.5081967213114754,0.8378378378378378,0.1891891891891892,0.5135135135135135,0.5135135135135135,31,30,7,6,74
low_score_rate_0_4,low_is_2.6,0.8579192546583851,0.631578947368421,0.5172413793103449,0.8108108108108109,0.24324324324324326,0.527027027027027,0.5270270270270271,30,28,9,7,74
low_score_rate_0_4,low_is_2.6,0.8510819742031767,0.6304347826086956,0.5272727272727272,0.7837837837837838,0.2972972972972973,0.5405405405405406,0.5405405405405406,29,26,11,8,74
low_score_rate_0_4,high_is_2.6,0.6942058948261238,0.6249999999999999,0.5084745762711864,0.8108108108108109,0.21621621621621623,0.5135135135135135,0.5135135135135136,30,29,8,7,74
low_score_rate_0_4,low_is_2.6,0.8546973848912345,0.6236559139784947,0.5178571428571429,0.7837837837837838,0.2702702702702703,0.527027027027027,0.527027027027027,29,27,10,8,74
low_score_rate_0_4,low_is_2.6,0.8487707261292168,0.6222222222222221,0.5283018867924528,0.7567567567567568,0.32432432432432434,0.5405405405405406,0.5405405405405406,28,25,12,9,74
low_score_rate_0_4,high_is_2.6,0.6856167135395741,0.6185567010309277,0.5,0.8108108108108109,0.1891891891891892,0.5,0.5,30,30,7,7,74
low_score_rate_0_4,high_is_2.6,0.7020457957957957,0.6105263157894737,0.5,0.7837837837837838,0.21621621621621623,0.5,0.5,29,29,8,8,74
low_score_rate_0_4,low_is_2.6,0.8473193473193473,0.6067415730337079,0.5192307692307693,0.7297297297297297,0.32432432432432434,0.527027027027027,0.527027027027027,27,25,12,10,74
low_score_rate_0_4,low_is_2.6,0.8427393785668992,0.6046511627906977,0.5306122448979592,0.7027027027027027,0.3783783783783784,0.5405405405405406,0.5405405405405406,26,23,14,11,74
low_score_rate_0_4,low_is_2.6,0.8444509746302282,0.5977011494252874,0.52,0.7027027027027027,0.35135135135135137,0.527027027027027,0.5270270270270271,26,24,13,11,74
low_score_rate_0_4,high_is_2.6,0.7030462666055887,0.5957446808510638,0.49122807017543857,0.7567567567567568,0.21621621621621623,0.4864864864864865,0.4864864864864865,28,29,8,9,74
low_score_rate_0_4,low_is_2.6,0.8411759310218309,0.5952380952380952,0.5319148936170213,0.6756756756756757,0.40540540540540543,0.5405405405405406,0.5405405405405406,25,22,15,12,74
low_score_rate_0_4,low_is_2.6,0.8458411507191995,0.5909090909090909,0.5098039215686274,0.7027027027027027,0.32432432432432434,0.5135135135135135,0.5135135135135136,26,25,12,11,74
low_score_rate_0_4,low_is_2.6,0.8419387075283145,0.5882352941176472,0.5208333333333334,0.6756756756756757,0.3783783783783784,0.527027027027027,0.527027027027027,25,23,14,12,74
low_score_rate_0_4,high_is_2.6,0.7137921503593145,0.5869565217391305,0.4909090909090909,0.7297297297297297,0.24324324324324326,0.4864864864864865,0.4864864864864865,27,28,9,10,74
low_score_rate_0_4,high_is_2.6,0.7035467671060891,0.5806451612903226,0.48214285714285715,0.7297297297297297,0.21621621621621623,0.47297297297297297,0.47297297297297297,27,29,8,10,74
low_score_rate_0_4,low_is_2.6,0.8388945062352544,0.5783132530120482,0.5217391304347826,0.6486486486486487,0.40540540540540543,0.527027027027027,0.5270270270270271,24,22,15,13,74
low_score_rate_0_4,high_is_2.6,0.7245357183547909,0.5714285714285714,0.48148148148148145,0.7027027027027027,0.24324324324324326,0.47297297297297297,0.472972972972973,26,28,9,11,74
low_score_rate_0_4,low_is_2.6,0.8323970037453183,0.5679012345679012,0.5227272727272727,0.6216216216216216,0.43243243243243246,0.527027027027027,0.527027027027027,23,21,16,14,74
low_score_rate_0_4,high_is_2.6,0.7390950663969748,0.5647058823529412,0.5,0.6486486486486487,0.35135135135135137,0.5,0.5,24,24,13,13,74
low_score_rate_0_4,low_is_2.6,0.8169856459330144,0.5641025641025641,0.5365853658536586,0.5945945945945946,0.4864864864864865,0.5405405405405406,0.5405405405405406,22,19,18,15,74
low_score_rate_0_4,low_is_2.6,0.8352713178294574,0.5609756097560976,0.5111111111111111,0.6216216216216216,0.40540540540540543,0.5135135135135135,0.5135135135135135,23,22,15,14,74
low_score_rate_0_4,high_is_2.6,0.736590666776019,0.5581395348837208,0.4897959183673469,0.6486486486486487,0.32432432432432434,0.4864864864864865,0.4864864864864865,24,25,12,13,74
low_score_rate_0_4,low_is_2.6,0.8218425869432582,0.5569620253164557,0.5238095238095238,0.5945945945945946,0.4594594594594595,0.527027027027027,0.5270270270270271,22,20,17,15,74
low_score_rate_0_4,high_is_2.6,0.7266730897502409,0.5555555555555556,0.4716981132075472,0.6756756756756757,0.24324324324324326,0.4594594594594595,0.45945945945945943,25,28,9,12,74
low_score_rate_0_4,high_is_2.6,0.7491258741258742,0.5542168674698795,0.5,0.6216216216216216,0.3783783783783784,0.5,0.5,23,23,14,14,74
low_score_rate_0_4,high_is_2.6,0.7352341652580292,0.5517241379310345,0.48,0.6486486486486487,0.2972972972972973,0.47297297297297297,0.472972972972973,24,26,11,13,74
low_score_rate_0_4,low_is_2.6,0.8284820149310007,0.55,0.5116279069767442,0.5945945945945946,0.43243243243243246,0.5135135135135135,0.5135135135135136,22,21,16,15,74
low_score_rate_0_4,high_is_2.6,0.7446078018367175,0.5476190476190476,0.48936170212765956,0.6216216216216216,0.35135135135135137,0.4864864864864865,0.4864864864864865,23,24,13,14,74
low_score_rate_0_4,low_is_2.6,0.8112560813799203,0.5454545454545455,0.525,0.5675675675675675,0.4864864864864865,0.527027027027027,0.527027027027027,21,19,18,16,74
low_score_rate_0_4,high_is_2.6,0.7322566371681416,0.5454545454545454,0.47058823529411764,0.6486486486486487,0.2702702702702703,0.4594594594594595,0.4594594594594595,24,27,10,13,74
low_score_rate_0_4,high_is_2.6,0.7290776699029127,0.5393258426966292,0.46153846153846156,0.6486486486486487,0.24324324324324326,0.44594594594594594,0.44594594594594594,24,28,9,13,74
low_score_rate_0_4,high_is_2.6,0.7518115942028986,0.5365853658536586,0.4888888888888889,0.5945945945945946,0.3783783783783784,0.4864864864864865,0.4864864864864865,22,23,14,15,74
low_score_rate_0_4,high_is_2.6,0.7934755013962935,0.5333333333333333,0.5263157894736842,0.5405405405405406,0.5135135135135135,0.527027027027027,0.527027027027027,20,18,19,17,74
low_score_rate_0_4,high_is_2.6,0.7796451914098973,0.5316455696202531,0.5,0.5675675675675675,0.43243243243243246,0.5,0.5,21,21,16,16,74
low_score_rate_0_4,high_is_2.6,0.7916917778734396,0.5263157894736842,0.5128205128205128,0.5405405405405406,0.4864864864864865,0.5135135135135135,0.5135135135135136,20,19,18,17,74
low_score_rate_0_4,low_is_2.6,0.8057517827848271,0.5263157894736842,0.5128205128205128,0.5405405405405406,0.4864864864864865,0.5135135135135135,0.5135135135135136,20,19,18,17,74
low_score_rate_0_4,high_is_2.6,0.7726917057902973,0.525,0.4883720930232558,0.5675675675675675,0.40540540540540543,0.4864864864864865,0.4864864864864865,21,22,15,16,74
low_score_rate_0_4,high_is_2.6,0.7894574836475567,0.5194805194805195,0.5,0.5405405405405406,0.4594594594594595,0.5,0.5,20,20,17,17,74
low_score_rate_0_4,high_is_2.6,0.7606144111043069,0.5185185185185185,0.4772727272727273,0.5675675675675675,0.3783783783783784,0.47297297297297297,0.47297297297297297,21,23,14,16,74
low_score_rate_0_4,high_is_2.6,0.7974358974358975,0.5135135135135135,0.5135135135135135,0.5135135135135135,0.5135135135135135,0.5135135135135135,0.5135135135135135,19,18,19,18,74
low_score_rate_0_4,high_is_2.6,0.7845616122555217,0.5128205128205128,0.4878048780487805,0.5405405405405406,0.43243243243243246,0.4864864864864865,0.4864864864864865,20,21,16,17,74
low_score_rate_0_4,low_is_2.6,0.802390438247012,0.5066666666666666,0.5,0.5135135135135135,0.4864864864864865,0.5,0.5,19,19,18,18,74
low_score_rate_0_4,high_is_2.6,0.802390438247012,0.4931506849315069,0.5,0.4864864864864865,0.5135135135135135,0.5,0.5,18,18,19,19,74
low_score_rate_0_4,low_is_2.6,0.7974358974358975,0.4864864864864865,0.4864864864864865,0.4864864864864865,0.4864864864864865,0.4864864864864865,0.4864864864864865,18,19,18,19,74
low_score_rate_0_4,low_is_2.6,0.7845616122555217,0.48571428571428577,0.5151515151515151,0.4594594594594595,0.5675675675675675,0.5135135135135135,0.5135135135135135,17,16,21,20,74
low_score_rate_0_4,low_is_2.6,0.7894574836475567,0.47887323943661975,0.5,0.4594594594594595,0.5405405405405406,0.5,0.5,17,17,20,20,74
low_score_rate_0_4,low_is_2.6,0.7606144111043069,0.47761194029850745,0.5333333333333333,0.43243243243243246,0.6216216216216216,0.527027027027027,0.527027027027027,16,14,23,21,74
low_score_rate_0_4,high_is_2.6,0.8057517827848271,0.47222222222222227,0.4857142857142857,0.4594594594594595,0.5135135135135135,0.4864864864864865,0.4864864864864865,17,18,19,20,74
low_score_rate_0_4,low_is_2.6,0.7916917778734396,0.47222222222222227,0.4857142857142857,0.4594594594594595,0.5135135135135135,0.4864864864864865,0.4864864864864865,17,18,19,20,74
low_score_rate_0_4,low_is_2.6,0.7726917057902973,0.47058823529411764,0.5161290322580645,0.43243243243243246,0.5945945945945946,0.5135135135135135,0.5135135135135136,16,15,22,21,74
low_score_rate_0_4,low_is_2.6,0.7934755013962935,0.4657534246575342,0.4722222222222222,0.4594594594594595,0.4864864864864865,0.47297297297297297,0.472972972972973,17,19,18,20,74
low_score_rate_0_4,low_is_2.6,0.7796451914098973,0.463768115942029,0.5,0.43243243243243246,0.5675675675675675,0.5,0.5,16,16,21,21,74
low_score_rate_0_4,low_is_2.6,0.7518115942028986,0.4545454545454546,0.5172413793103449,0.40540540540540543,0.6216216216216216,0.5135135135135135,0.5135135135135135,15,14,23,22,74
low_score_rate_0_4,high_is_2.6,0.8112560813799203,0.4507042253521127,0.47058823529411764,0.43243243243243246,0.5135135135135135,0.47297297297297297,0.47297297297297297,16,18,19,21,74
low_score_rate_0_4,high_is_2.6,0.8284820149310007,0.4411764705882353,0.4838709677419355,0.40540540540540543,0.5675675675675675,0.4864864864864865,0.4864864864864865,15,16,21,22,74
low_score_rate_0_4,low_is_2.6,0.7290776699029127,0.4406779661016949,0.5909090909090909,0.35135135135135137,0.7567567567567568,0.5540540540540541,0.5540540540540541,13,9,28,24,74
low_score_rate_0_4,low_is_2.6,0.7446078018367175,0.4375,0.5185185185185185,0.3783783783783784,0.6486486486486487,0.5135135135135135,0.5135135135135136,14,13,24,23,74
low_score_rate_0_4,high_is_2.6,0.8218425869432582,0.43478260869565216,0.46875,0.40540540540540543,0.5405405405405406,0.47297297297297297,0.472972972972973,15,17,20,22,74
low_score_rate_0_4,low_is_2.6,0.7322566371681416,0.43333333333333335,0.5652173913043478,0.35135135135135137,0.7297297297297297,0.5405405405405406,0.5405405405405406,13,10,27,24,74
low_score_rate_0_4,low_is_2.6,0.7491258741258742,0.4307692307692308,0.5,0.3783783783783784,0.6216216216216216,0.5,0.5,14,14,23,23,74
low_score_rate_0_4,high_is_2.6,0.8169856459330144,0.42857142857142855,0.45454545454545453,0.40540540540540543,0.5135135135135135,0.4594594594594595,0.45945945945945943,15,18,19,22,74
low_score_rate_0_4,low_is_2.6,0.7352341652580292,0.4262295081967213,0.5416666666666666,0.35135135135135137,0.7027027027027027,0.527027027027027,0.5270270270270271,13,11,26,24,74
low_score_rate_0_4,high_is_2.6,0.8352713178294574,0.42424242424242425,0.4827586206896552,0.3783783783783784,0.5945945945945946,0.4864864864864865,0.4864864864864865,14,15,22,23,74
low_score_rate_0_4,low_is_2.6,0.736590666776019,0.4193548387096775,0.52,0.35135135135135137,0.6756756756756757,0.5135135135135135,0.5135135135135135,13,12,25,24,74
low_score_rate_0_4,high_is_2.6,0.8323970037453183,0.417910447761194,0.4666666666666667,0.3783783783783784,0.5675675675675675,0.47297297297297297,0.47297297297297297,14,16,21,23,74
low_score_rate_0_4,low_is_2.6,0.7266730897502409,0.41379310344827586,0.5714285714285714,0.32432432432432434,0.7567567567567568,0.5405405405405406,0.5405405405405406,12,9,28,25,74
low_score_rate_0_4,low_is_2.6,0.7390950663969748,0.41269841269841273,0.5,0.35135135135135137,0.6486486486486487,0.5,0.5,13,13,24,24,74
low_score_rate_0_4,high_is_2.6,0.8388945062352544,0.39999999999999997,0.4642857142857143,0.35135135135135137,0.5945945945945946,0.47297297297297297,0.472972972972973,13,15,22,24,74
low_score_rate_0_4,low_is_2.6,0.7245357183547909,0.38596491228070173,0.55,0.2972972972972973,0.7567567567567568,0.527027027027027,0.5270270270270271,11,9,28,26,74
low_score_rate_0_4,high_is_2.6,0.8419387075283145,0.38095238095238093,0.46153846153846156,0.32432432432432434,0.6216216216216216,0.47297297297297297,0.47297297297297297,12,14,23,25,74
low_score_rate_0_4,high_is_2.6,0.8411759310218309,0.375,0.4444444444444444,0.32432432432432434,0.5945945945945946,0.4594594594594595,0.4594594594594595,12,15,22,25,74
low_score_rate_0_4,high_is_2.6,0.8458411507191995,0.3666666666666667,0.4782608695652174,0.2972972972972973,0.6756756756756757,0.4864864864864865,0.4864864864864865,11,12,25,26,74
low_score_rate_0_4,low_is_2.6,0.7035467671060891,0.36363636363636365,0.5555555555555556,0.2702702702702703,0.7837837837837838,0.527027027027027,0.527027027027027,10,8,29,27,74
low_score_rate_0_4,high_is_2.6,0.8444509746302282,0.36065573770491804,0.4583333333333333,0.2972972972972973,0.6486486486486487,0.47297297297297297,0.472972972972973,11,13,24,26,74
low_score_rate_0_4,low_is_2.6,0.7137921503593145,0.35714285714285715,0.5263157894736842,0.2702702702702703,0.7567567567567568,0.5135135135135135,0.5135135135135136,10,9,28,27,74
low_score_rate_0_4,high_is_2.6,0.8427393785668992,0.3548387096774193,0.44,0.2972972972972973,0.6216216216216216,0.4594594594594595,0.45945945945945943,11,14,23,26,74
low_score_rate_0_4,high_is_2.6,0.8473193473193473,0.33898305084745767,0.45454545454545453,0.2702702702702703,0.6756756756756757,0.47297297297297297,0.47297297297297297,10,12,25,27,74
low_score_rate_0_4,low_is_2.6,0.7030462666055887,0.33333333333333337,0.5294117647058824,0.24324324324324326,0.7837837837837838,0.5135135135135135,0.5135135135135135,9,8,29,28,74
low_score_rate_0_4,high_is_2.6,0.8487707261292168,0.3103448275862069,0.42857142857142855,0.24324324324324326,0.6756756756756757,0.4594594594594595,0.45945945945945943,9,12,25,28,74
low_score_rate_0_4,low_is_2.6,0.7020457957957957,0.3018867924528302,0.5,0.21621621621621623,0.7837837837837838,0.5,0.5,8,8,29,29,74
low_score_rate_0_4,high_is_2.6,0.8546973848912345,0.2909090909090909,0.4444444444444444,0.21621621621621623,0.7297297297297297,0.47297297297297297,0.47297297297297297,8,10,27,29,74
low_score_rate_0_4,high_is_2.6,0.8510819742031767,0.28571428571428575,0.42105263157894735,0.21621621621621623,0.7027027027027027,0.4594594594594595,0.4594594594594595,8,11,26,29,74
low_score_rate_0_4,low_is_2.6,0.6856167135395741,0.2745098039215686,0.5,0.1891891891891892,0.8108108108108109,0.5,0.5,7,7,30,30,74
low_score_rate_0_4,low_is_2.6,0.6942058948261238,0.2692307692307693,0.4666666666666667,0.1891891891891892,0.7837837837837838,0.4864864864864865,0.4864864864864865,7,8,29,30,74
low_score_rate_0_4,high_is_2.6,0.8579192546583851,0.2641509433962264,0.4375,0.1891891891891892,0.7567567567567568,0.47297297297297297,0.472972972972973,7,9,28,30,74
low_score_rate_0_4,high_is_2.6,0.8567151411462788,0.2592592592592593,0.4117647058823529,0.1891891891891892,0.7297297297297297,0.4594594594594595,0.45945945945945943,7,10,27,30,74
low_score_rate_0_4,low_is_2.6,0.6830143540669856,0.24,0.46153846153846156,0.16216216216216217,0.8108108108108109,0.4864864864864865,0.4864864864864865,6,7,30,31,74
low_score_rate_0_4,high_is_2.6,0.8633534850640114,0.23529411764705885,0.42857142857142855,0.16216216216216217,0.7837837837837838,0.47297297297297297,0.47297297297297297,6,8,29,31,74
low_score_rate_0_4,high_is_2.6,0.8602688787185355,0.23076923076923078,0.4,0.16216216216216217,0.7567567567567568,0.4594594594594595,0.4594594594594595,6,9,28,31,74
low_score_rate_0_4,low_is_2.6,0.6681547619047619,0.21276595744680854,0.5,0.13513513513513514,0.8648648648648649,0.5,0.5,5,5,32,32,74
low_score_rate_0_4,low_is_2.6,0.6729509249743062,0.20833333333333334,0.45454545454545453,0.13513513513513514,0.8378378378378378,0.4864864864864865,0.4864864864864865,5,6,31,32,74
low_score_rate_0_4,high_is_2.6,0.8740349451442503,0.20408163265306126,0.4166666666666667,0.13513513513513514,0.8108108108108109,0.47297297297297297,0.472972972972973,5,7,30,32,74
low_score_rate_0_4,low_is_2.6,0.6790385873119686,0.20408163265306126,0.4166666666666667,0.13513513513513514,0.8108108108108109,0.47297297297297297,0.472972972972973,5,7,30,32,74
low_score_rate_0_4,high_is_2.6,0.8672150411280846,0.2,0.38461538461538464,0.13513513513513514,0.7837837837837838,0.4594594594594595,0.45945945945945943,5,8,29,32,74
low_score_rate_0_4,high_is_2.6,0.9022504400301735,0.18181818181818182,0.5714285714285714,0.10810810810810811,0.918918918918919,0.5135135135135135,0.5135135135135136,4,3,34,33,74
low_score_rate_0_4,high_is_2.6,0.896683101748095,0.17777777777777778,0.5,0.10810810810810811,0.8918918918918919,0.5,0.5,4,4,33,33,74
low_score_rate_0_4,high_is_2.6,0.8897081179689875,0.17391304347826086,0.4444444444444444,0.10810810810810811,0.8648648648648649,0.4864864864864865,0.4864864864864865,4,5,32,33,74
low_score_rate_0_4,low_is_2.6,0.6607669616519174,0.17391304347826086,0.4444444444444444,0.10810810810810811,0.8648648648648649,0.4864864864864865,0.4864864864864865,4,5,32,33,74
low_score_rate_0_4,high_is_2.6,0.8855764118922014,0.1702127659574468,0.4,0.10810810810810811,0.8378378378378378,0.47297297297297297,0.47297297297297297,4,6,31,33,74
low_score_rate_0_4,high_is_2.6,0.8807728042848555,0.16666666666666669,0.36363636363636365,0.10810810810810811,0.8108108108108109,0.4594594594594595,0.4594594594594595,4,7,30,33,74
low_score_rate_0_4,high_is_2.6,0.9030543745804431,0.14285714285714288,0.6,0.08108108108108109,0.9459459459459459,0.5135135135135135,0.5135135135135135,3,2,35,34,74
low_score_rate_0_4,low_is_2.6,0.6350404312668463,0.13636363636363638,0.42857142857142855,0.08108108108108109,0.8918918918918919,0.4864864864864865,0.4864864864864865,3,4,33,34,74
low_score_rate_0_4,low_is_2.6,0.6481883452997161,0.13333333333333333,0.375,0.08108108108108109,0.8648648648648649,0.47297297297297297,0.472972972972973,3,5,32,34,74
low_score_rate_0_4,high_is_2.6,0.919308176100629,0.10256410256410257,1.0,0.05405405405405406,1.0,0.527027027027027,0.527027027027027,2,0,37,35,74
low_score_rate_0_4,high_is_2.6,0.9108620608124084,0.1,0.6666666666666666,0.05405405405405406,0.972972972972973,0.5135135135135135,0.5135135135135136,2,1,36,35,74
low_score_rate_0_4,high_is_2.6,0.9067220804304339,0.0975609756097561,0.5,0.05405405405405406,0.9459459459459459,0.5,0.5,2,2,35,35,74
low_score_rate_0_4,low_is_2.6,0.6277777777777778,0.09302325581395349,0.3333333333333333,0.05405405405405406,0.8918918918918919,0.47297297297297297,0.47297297297297297,2,4,33,35,74
low_score_rate_0_4,high_is_2.6,0.9391397849462366,0.052631578947368425,1.0,0.02702702702702703,1.0,0.5135135135135135,0.5135135135135135,1,0,37,36,74
low_score_rate_0_4,high_is_2.6,0.9516129032258065,0.052631578947368425,1.0,0.02702702702702703,1.0,0.5135135135135135,0.5135135135135135,1,0,37,36,74
low_score_rate_0_4,low_is_2.6,0.5585585585585585,0.052631578947368425,1.0,0.02702702702702703,1.0,0.5135135135135135,0.5135135135135135,1,0,37,36,74
low_score_rate_0_4,low_is_2.6,0.5719622061085475,0.052631578947368425,1.0,0.02702702702702703,1.0,0.5135135135135135,0.5135135135135135,1,0,37,36,74
low_score_rate_0_4,low_is_2.6,0.5889792231255646,0.05128205128205129,0.5,0.02702702702702703,0.972972972972973,0.5,0.5,1,1,36,36,74
low_score_rate_0_4,low_is_2.6,0.5941686367218282,0.05,0.3333333333333333,0.02702702702702703,0.9459459459459459,0.4864864864864865,0.4864864864864865,1,2,35,36,74
low_score_rate_0_4,low_is_2.6,0.5972144456886899,0.04878048780487805,0.25,0.02702702702702703,0.918918918918919,0.47297297297297297,0.472972972972973,1,3,34,36,74
low_score_rate_0_4,low_is_2.6,0.6128341687552215,0.047619047619047616,0.2,0.02702702702702703,0.8918918918918919,0.4594594594594595,0.45945945945945943,1,4,33,36,74
low_score_rate_0_5,high_is_2.6,0.6266708437761069,0.6728971962616821,0.5142857142857142,0.972972972972973,0.08108108108108109,0.527027027027027,0.5270270270270271,36,34,3,1,74
low_score_rate_0_5,high_is_2.6,0.6100235344458709,0.6666666666666666,0.5070422535211268,0.972972972972973,0.05405405405405406,0.5135135135135135,0.5135135135135136,36,35,2,1,74
low_score_rate_0_5,high_is_2.6,0.5765765765765766,0.6666666666666666,0.5,1.0,0.0,0.5,0.5,37,37,0,0,74
low_score_rate_0_5,low_is_2.6,0.9596774193548387,0.6666666666666666,0.5,1.0,0.0,0.5,0.5,37,37,0,0,74
low_score_rate_0_5,low_is_2.6,0.9067220804304339,0.6666666666666665,0.5147058823529411,0.9459459459459459,0.10810810810810811,0.527027027027027,0.527027027027027,35,33,4,2,74
low_score_rate_0_5,high_is_2.6,0.5986853485556132,0.6605504587155964,0.5,0.972972972972973,0.02702702702702703,0.5,0.5,36,36,1,1,74
low_score_rate_0_5,high_is_2.6,0.6365079365079365,0.660377358490566,0.5072463768115942,0.9459459459459459,0.08108108108108109,0.5135135135135135,0.5135135135135135,35,34,3,2,74
low_score_rate_0_5,low_is_2.6,0.9108620608124084,0.660377358490566,0.5072463768115942,0.9459459459459459,0.08108108108108109,0.5135135135135135,0.5135135135135135,35,34,3,2,74
low_score_rate_0_5,high_is_2.6,0.6529053264317917,0.6601941747572816,0.5151515151515151,0.918918918918919,0.13513513513513514,0.527027027027027,0.5270270270270271,34,32,5,3,74
low_score_rate_0_5,high_is_2.6,0.5861606287138201,0.6545454545454545,0.4931506849315068,0.972972972972973,0.0,0.4864864864864865,0.4864864864864865,36,37,0,1,74
low_score_rate_0_5,low_is_2.6,0.9431720430107526,0.6545454545454545,0.4931506849315068,0.972972972972973,0.0,0.4864864864864865,0.4864864864864865,36,37,0,1,74
low_score_rate_0_5,low_is_2.6,0.9121604097776048,0.6542056074766355,0.5,0.9459459459459459,0.05405405405405406,0.5,0.5,35,35,2,2,74
low_score_rate_0_5,high_is_2.6,0.6495457721872816,0.6538461538461539,0.5074626865671642,0.918918918918919,0.10810810810810811,0.5135135135135135,0.5135135135135136,34,33,4,3,74
low_score_rate_0_5,low_is_2.6,0.9030543745804431,0.6538461538461539,0.5074626865671642,0.918918918918919,0.10810810810810811,0.5135135135135135,0.5135135135135136,34,33,4,3,74
low_score_rate_0_5,high_is_2.6,0.6919962988665279,0.6530612244897959,0.5245901639344263,0.8648648648648649,0.21621621621621623,0.5405405405405406,0.5405405405405406,32,29,8,5,74
low_score_rate_0_5,low_is_2.6,0.913502640181041,0.6481481481481483,0.49295774647887325,0.9459459459459459,0.02702702702702703,0.4864864864864865,0.4864864864864865,35,36,1,2,74
low_score_rate_0_5,high_is_2.6,0.6431216931216931,0.6476190476190476,0.5,0.918918918918919,0.08108108108108109,0.5,0.5,34,34,3,3,74
low_score_rate_0_5,high_is_2.6,0.6607669616519174,0.6470588235294117,0.5076923076923077,0.8918918918918919,0.13513513513513514,0.5135135135135135,0.5135135135135135,33,32,5,4,74
low_score_rate_0_5,low_is_2.6,0.8955314009661836,0.6470588235294117,0.5076923076923077,0.8918918918918919,0.13513513513513514,0.5135135135135135,0.5135135135135135,33,32,5,4,74
low_score_rate_0_5,high_is_2.6,0.6827971646673937,0.6464646464646465,0.5161290322580645,0.8648648648648649,0.1891891891891892,0.527027027027027,0.5270270270270271,32,30,7,5,74
low_score_rate_0_5,low_is_2.6,0.920650406504065,0.6422018348623854,0.4861111111111111,0.9459459459459459,0.0,0.47297297297297297,0.47297297297297297,35,37,0,2,74
low_score_rate_0_5,low_is_2.6,0.9023064687168612,0.6407766990291263,0.5,0.8918918918918919,0.10810810810810811,0.5,0.5,33,33,4,4,74
low_score_rate_0_5,high_is_2.6,0.677415210688592,0.64,0.5079365079365079,0.8648648648648649,0.16216216216216217,0.5135135135135135,0.5135135135135136,32,31,6,5,74
low_score_rate_0_5,low_is_2.6,0.8879811777008039,0.64,0.5079365079365079,0.8648648648648649,0.16216216216216217,0.5135135135135135,0.5135135135135136,32,31,6,5,74
low_score_rate_0_5,high_is_2.6,0.6971690590111643,0.6391752577319588,0.5166666666666667,0.8378378378378378,0.21621621621621623,0.527027027027027,0.527027027027027,31,29,8,6,74
low_score_rate_0_5,low_is_2.6,0.8759057971014492,0.6391752577319588,0.5166666666666667,0.8378378378378378,0.21621621621621623,0.527027027027027,0.527027027027027,31,29,8,6,74
low_score_rate_0_5,low_is_2.6,0.8661673721914687,0.6382978723404256,0.5263157894736842,0.8108108108108109,0.2702702702702703,0.5405405405405406,0.5405405405405406,30,27,10,7,74
low_score_rate_0_5,high_is_2.6,0.6714628297362111,0.6336633663366337,0.5,0.8648648648648649,0.13513513513513514,0.5,0.5,32,32,5,5,74
low_score_rate_0_5,low_is_2.6,0.8885003885003885,0.6336633663366337,0.5,0.8648648648648649,0.13513513513513514,0.5,0.5,32,32,5,5,74
low_score_rate_0_5,low_is_2.6,0.8799262649377066,0.6326530612244898,0.5081967213114754,0.8378378378378378,0.1891891891891892,0.5135135135135135,0.5135135135135135,31,30,7,6,74
low_score_rate_0_5,high_is_2.6,0.7077077077077076,0.631578947368421,0.5172413793103449,0.8108108108108109,0.24324324324324326,0.527027027027027,0.5270270270270271,30,28,9,7,74
low_score_rate_0_5,low_is_2.6,0.8679454660748256,0.631578947368421,0.5172413793103449,0.8108108108108109,0.24324324324324326,0.527027027027027,0.5270270270270271,30,28,9,7,74
low_score_rate_0_5,low_is_2.6,0.8854457014811171,0.6262626262626263,0.5,0.8378378378378378,0.16216216216216217,0.5,0.5,31,31,6,6,74
low_score_rate_0_5,high_is_2.6,0.7005360623781676,0.6249999999999999,0.5084745762711864,0.8108108108108109,0.21621621621621623,0.5135135135135135,0.5135135135135136,30,29,8,7,74
low_score_rate_0_5,low_is_2.6,0.8717105263157895,0.6249999999999999,0.5084745762711864,0.8108108108108109,0.21621621621621623,0.5135135135135135,0.5135135135135136,30,29,8,7,74
low_score_rate_0_5,low_is_2.6,0.8626649905719673,0.6236559139784947,0.5178571428571429,0.7837837837837838,0.2702702702702703,0.527027027027027,0.527027027027027,29,27,10,8,74
low_score_rate_0_5,high_is_2.6,0.7117880592456863,0.6170212765957447,0.5087719298245614,0.7837837837837838,0.24324324324324326,0.5135135135135135,0.5135135135135135,29,28,9,8,74
low_score_rate_0_5,low_is_2.6,0.8567151411462788,0.6153846153846154,0.5185185185185185,0.7567567567567568,0.2972972972972973,0.527027027027027,0.5270270270270271,28,26,11,9,74
low_score_rate_0_5,low_is_2.6,0.8519922688076123,0.6136363636363636,0.5294117647058824,0.7297297297297297,0.35135135135135137,0.5405405405405406,0.5405405405405406,27,24,13,10,74
low_score_rate_0_5,low_is_2.6,0.8588039867109634,0.608695652173913,0.509090909090909,0.7567567567567568,0.2702702702702703,0.5135135135135135,0.5135135135135136,28,27,10,9,74
low_score_rate_0_5,low_is_2.6,0.8533829406090672,0.6067415730337079,0.5192307692307693,0.7297297297297297,0.32432432432432434,0.527027027027027,0.527027027027027,27,25,12,10,74
low_score_rate_0_5,high_is_2.6,0.7135710922787194,0.6021505376344086,0.5,0.7567567567567568,0.24324324324324326,0.5,0.5,28,28,9,9,74
low_score_rate_0_5,low_is_2.6,0.8549729808675333,0.6,0.5094339622641509,0.7297297297297297,0.2972972972972973,0.5135135135135135,0.5135135135135135,27,26,11,10,74
low_score_rate_0_5,low_is_2.6,0.8499668983780205,0.5977011494252874,0.52,0.7027027027027027,0.35135135135135137,0.527027027027027,0.5270270270270271,26,24,13,11,74
low_score_rate_0_5,low_is_2.6,0.8479636763896532,0.5952380952380952,0.5319148936170213,0.6756756756756757,0.40540540540540543,0.5405405405405406,0.5405405405405406,25,22,15,12,74
low_score_rate_0_5,low_is_2.6,0.8485789347981849,0.5882352941176472,0.5208333333333334,0.6756756756756757,0.3783783783783784,0.527027027027027,0.527027027027027,25,23,14,12,74
low_score_rate_0_5,high_is_2.6,0.7217165587918015,0.5869565217391305,0.4909090909090909,0.7297297297297297,0.24324324324324326,0.4864864864864865,0.4864864864864865,27,28,9,10,74
low_score_rate_0_5,low_is_2.6,0.8469899665551839,0.5783132530120482,0.5217391304347826,0.6486486486486487,0.40540540540540543,0.527027027027027,0.5270270270270271,24,22,15,13,74
low_score_rate_0_5,high_is_2.6,0.7297493116939574,0.5714285714285714,0.48148148148148145,0.7027027027027027,0.24324324324324326,0.47297297297297297,0.472972972972973,26,28,9,11,74
low_score_rate_0_5,low_is_2.6,0.8169856459330144,0.5641025641025641,0.5365853658536586,0.5945945945945946,0.4864864864864865,0.5405405405405406,0.5405405405405406,22,19,18,15,74
low_score_rate_0_5,low_is_2.6,0.8444252376836646,0.5609756097560976,0.5111111111111111,0.6216216216216216,0.40540540540540543,0.5135135135135135,0.5135135135135135,23,22,15,14,74
low_score_rate_0_5,low_is_2.6,0.8251982916412447,0.5569620253164557,0.5238095238095238,0.5945945945945946,0.4594594594594595,0.527027027027027,0.5270270270270271,22,20,17,15,74
low_score_rate_0_5,high_is_2.6,0.7320838555315028,0.5555555555555556,0.4716981132075472,0.6756756756756757,0.24324324324324326,0.4594594594594595,0.45945945945945943,25,28,9,12,74
low_score_rate_0_5,low_is_2.6,0.8327740492170023,0.55,0.5116279069767442,0.5945945945945946,0.43243243243243246,0.5135135135135135,0.5135135135135136,22,21,16,15,74
low_score_rate_0_5,high_is_2.6,0.7973897523611215,0.5454545454545455,0.525,0.5675675675675675,0.4864864864864865,0.527027027027027,0.527027027027027,21,19,18,16,74
low_score_rate_0_5,low_is_2.6,0.8154577620521892,0.5454545454545455,0.525,0.5675675675675675,0.4864864864864865,0.527027027027027,0.527027027027027,21,19,18,16,74
low_score_rate_0_5,high_is_2.6,0.745175391832818,0.5454545454545454,0.47058823529411764,0.6486486486486487,0.2702702702702703,0.4594594594594595,0.4594594594594595,24,27,10,13,74
low_score_rate_0_5,low_is_2.6,0.8380149812734082,0.5432098765432098,0.5,0.5945945945945946,0.40540540540540543,0.5,0.5,22,22,15,15,74
low_score_rate_0_5,high_is_2.6,0.7380936296696616,0.5393258426966292,0.46153846153846156,0.6486486486486487,0.24324324324324326,0.44594594594594594,0.44594594594594594,24,28,9,13,74
low_score_rate_0_5,high_is_2.6,0.7942696924559713,0.5384615384615384,0.5121951219512195,0.5675675675675675,0.4594594594594595,0.5135135135135135,0.5135135135135135,21,20,17,16,74
low_score_rate_0_5,high_is_2.6,0.7596482657547631,0.5365853658536586,0.4888888888888889,0.5945945945945946,0.3783783783783784,0.4864864864864865,0.4864864864864865,22,23,14,15,74
low_score_rate_0_5,high_is_2.6,0.7491258741258742,0.5348837209302325,0.46938775510204084,0.6216216216216216,0.2972972972972973,0.4594594594594595,0.45945945945945943,23,26,11,14,74
low_score_rate_0_5,high_is_2.6,0.7868846743829312,0.5316455696202531,0.5,0.5675675675675675,0.43243243243243246,0.5,0.5,21,21,16,16,74
low_score_rate_0_5,high_is_2.6,0.7551258919051915,0.5301204819277109,0.4782608695652174,0.5945945945945946,0.35135135135135137,0.47297297297297297,0.472972972972973,22,24,13,15,74
low_score_rate_0_5,high_is_2.6,0.7476198500294886,0.5287356321839081,0.46,0.6216216216216216,0.2702702702702703,0.44594594594594594,0.44594594594594594,23,27,10,14,74
low_score_rate_0_5,high_is_2.6,0.7991596638655463,0.5263157894736842,0.5128205128205128,0.5405405405405406,0.4864864864864865,0.5135135135135135,0.5135135135135136,20,19,18,17,74
low_score_rate_0_5,low_is_2.6,0.8139375272021159,0.5263157894736842,0.5128205128205128,0.5405405405405406,0.4864864864864865,0.5135135135135135,0.5135135135135136,20,19,18,17,74
low_score_rate_0_5,high_is_2.6,0.7797339593114241,0.525,0.4883720930232558,0.5675675675675675,0.40540540540540543,0.4864864864864865,0.4864864864864865,21,22,15,16,74
low_score_rate_0_5,high_is_2.6,0.7509124087591241,0.5238095238095238,0.46808510638297873,0.5945945945945946,0.32432432432432434,0.4594594594594595,0.4594594594594595,22,25,12,15,74
low_score_rate_0_5,high_is_2.6,0.7693236714975846,0.5185185185185185,0.4772727272727273,0.5675675675675675,0.3783783783783784,0.47297297297297297,0.47297297297297297,21,23,14,16,74
low_score_rate_0_5,low_is_2.6,0.8049888517279822,0.5135135135135135,0.5135135135135135,0.5135135135135135,0.5135135135135135,0.5135135135135135,0.5135135135135135,19,18,19,18,74
low_score_rate_0_5,high_is_2.6,0.8006410256410257,0.5066666666666666,0.5,0.5135135135135135,0.4864864864864865,0.5,0.5,19,19,18,18,74
low_score_rate_0_5,low_is_2.6,0.8107223280789884,0.5066666666666666,0.5,0.5135135135135135,0.4864864864864865,0.5,0.5,19,19,18,18,74
low_score_rate_0_5,high_is_2.6,0.8107223280789884,0.4931506849315069,0.5,0.4864864864864865,0.5135135135135135,0.5,0.5,18,18,19,19,74
low_score_rate_0_5,low_is_2.6,0.8006410256410257,0.4931506849315069,0.5,0.4864864864864865,0.5135135135135135,0.5,0.5,18,18,19,19,74
low_score_rate_0_5,high_is_2.6,0.8049888517279822,0.4864864864864865,0.4864864864864865,0.4864864864864865,0.4864864864864865,0.4864864864864865,0.4864864864864865,18,19,18,19,74
low_score_rate_0_5,low_is_2.6,0.7693236714975846,0.47761194029850745,0.5333333333333333,0.43243243243243246,0.6216216216216216,0.527027027027027,0.527027027027027,16,14,23,21,74
low_score_rate_0_5,high_is_2.6,0.8139375272021159,0.47222222222222227,0.4857142857142857,0.4594594594594595,0.5135135135135135,0.4864864864864865,0.4864864864864865,17,18,19,20,74
low_score_rate_0_5,low_is_2.6,0.7991596638655463,0.47222222222222227,0.4857142857142857,0.4594594594594595,0.5135135135135135,0.4864864864864865,0.4864864864864865,17,18,19,20,74
low_score_rate_0_5,low_is_2.6,0.7797339593114241,0.47058823529411764,0.5161290322580645,0.43243243243243246,0.5945945945945946,0.5135135135135135,0.5135135135135136,16,15,22,21,74
low_score_rate_0_5,low_is_2.6,0.7509124087591241,0.46875,0.5555555555555556,0.40540540540540543,0.6756756756756757,0.5405405405405406,0.5405405405405406,15,12,25,22,74
low_score_rate_0_5,low_is_2.6,0.7868846743829312,0.463768115942029,0.5,0.43243243243243246,0.5675675675675675,0.5,0.5,16,16,21,21,74
low_score_rate_0_5,low_is_2.6,0.7551258919051915,0.46153846153846156,0.5357142857142857,0.40540540540540543,0.6486486486486487,0.527027027027027,0.5270270270270271,15,13,24,22,74
low_score_rate_0_5,low_is_2.6,0.7476198500294886,0.45901639344262296,0.5833333333333334,0.3783783783783784,0.7297297297297297,0.5540540540540541,0.5540540540540541,14,10,27,23,74
low_score_rate_0_5,low_is_2.6,0.7942696924559713,0.45714285714285713,0.48484848484848486,0.43243243243243246,0.5405405405405406,0.4864864864864865,0.4864864864864865,16,17,20,21,74
low_score_rate_0_5,low_is_2.6,0.7596482657547631,0.4545454545454546,0.5172413793103449,0.40540540540540543,0.6216216216216216,0.5135135135135135,0.5135135135135135,15,14,23,22,74
low_score_rate_0_5,low_is_2.6,0.7491258741258742,0.4516129032258065,0.56,0.3783783783783784,0.7027027027027027,0.5405405405405406,0.5405405405405406,14,11,26,23,74
low_score_rate_0_5,high_is_2.6,0.8154577620521892,0.4507042253521127,0.47058823529411764,0.43243243243243246,0.5135135135135135,0.47297297297297297,0.47297297297297297,16,18,19,21,74
low_score_rate_0_5,low_is_2.6,0.7973897523611215,0.4507042253521127,0.47058823529411764,0.43243243243243246,0.5135135135135135,0.47297297297297297,0.47297297297297297,16,18,19,21,74
low_score_rate_0_5,high_is_2.6,0.8380149812734082,0.4477611940298507,0.5,0.40540540540540543,0.5945945945945946,0.5,0.5,15,15,22,22,74
low_score_rate_0_5,high_is_2.6,0.8327740492170023,0.4411764705882353,0.4838709677419355,0.40540540540540543,0.5675675675675675,0.4864864864864865,0.4864864864864865,15,16,21,22,74
low_score_rate_0_5,low_is_2.6,0.7380936296696616,0.4406779661016949,0.5909090909090909,0.35135135135135137,0.7567567567567568,0.5540540540540541,0.5540540540540541,13,9,28,24,74
low_score_rate_0_5,high_is_2.6,0.8251982916412447,0.43478260869565216,0.46875,0.40540540540540543,0.5405405405405406,0.47297297297297297,0.472972972972973,15,17,20,22,74
low_score_rate_0_5,low_is_2.6,0.745175391832818,0.43333333333333335,0.5652173913043478,0.35135135135135137,0.7297297297297297,0.5405405405405406,0.5405405405405406,13,10,27,24,74
low_score_rate_0_5,high_is_2.6,0.8169856459330144,0.42857142857142855,0.45454545454545453,0.40540540540540543,0.5135135135135135,0.4594594594594595,0.45945945945945943,15,18,19,22,74
low_score_rate_0_5,high_is_2.6,0.8444252376836646,0.42424242424242425,0.4827586206896552,0.3783783783783784,0.5945945945945946,0.4864864864864865,0.4864864864864865,14,15,22,23,74
low_score_rate_0_5,low_is_2.6,0.7320838555315028,0.41379310344827586,0.5714285714285714,0.32432432432432434,0.7567567567567568,0.5405405405405406,0.5405405405405406,12,9,28,25,74
low_score_rate_0_5,high_is_2.6,0.8469899665551839,0.39999999999999997,0.4642857142857143,0.35135135135135137,0.5945945945945946,0.47297297297297297,0.472972972972973,13,15,22,24,74
low_score_rate_0_5,low_is_2.6,0.7297493116939574,0.38596491228070173,0.55,0.2972972972972973,0.7567567567567568,0.527027027027027,0.5270270270270271,11,9,28,26,74
low_score_rate_0_5,high_is_2.6,0.8485789347981849,0.38095238095238093,0.46153846153846156,0.32432432432432434,0.6216216216216216,0.47297297297297297,0.47297297297297297,12,14,23,25,74
low_score_rate_0_5,high_is_2.6,0.8479636763896532,0.375,0.4444444444444444,0.32432432432432434,0.5945945945945946,0.4594594594594595,0.4594594594594595,12,15,22,25,74
low_score_rate_0_5,high_is_2.6,0.8499668983780205,0.36065573770491804,0.4583333333333333,0.2972972972972973,0.6486486486486487,0.47297297297297297,0.472972972972973,11,13,24,26,74
low_score_rate_0_5,low_is_2.6,0.7217165587918015,0.35714285714285715,0.5263157894736842,0.2702702702702703,0.7567567567567568,0.5135135135135135,0.5135135135135136,10,9,28,27,74
low_score_rate_0_5,high_is_2.6,0.8549729808675333,0.3448275862068966,0.47619047619047616,0.2702702702702703,0.7027027027027027,0.4864864864864865,0.4864864864864865,10,11,26,27,74
low_score_rate_0_5,high_is_2.6,0.8533829406090672,0.33898305084745767,0.45454545454545453,0.2702702702702703,0.6756756756756757,0.47297297297297297,0.47297297297297297,10,12,25,27,74
low_score_rate_0_5,high_is_2.6,0.8519922688076123,0.3333333333333333,0.43478260869565216,0.2702702702702703,0.6486486486486487,0.4594594594594595,0.4594594594594595,10,13,24,27,74
low_score_rate_0_5,low_is_2.6,0.7135710922787194,0.3272727272727273,0.5,0.24324324324324326,0.7567567567567568,0.5,0.5,9,9,28,28,74
low_score_rate_0_5,high_is_2.6,0.8588039867109634,0.3214285714285714,0.47368421052631576,0.24324324324324326,0.7297297297297297,0.4864864864864865,0.4864864864864865,9,10,27,28,74
low_score_rate_0_5,high_is_2.6,0.8567151411462788,0.3157894736842105,0.45,0.24324324324324326,0.7027027027027027,0.47297297297297297,0.472972972972973,9,11,26,28,74
low_score_rate_0_5,low_is_2.6,0.7117880592456863,0.29629629629629634,0.47058823529411764,0.21621621621621623,0.7567567567567568,0.4864864864864865,0.4864864864864865,8,9,28,29,74
low_score_rate_0_5,high_is_2.6,0.8626649905719673,0.2909090909090909,0.4444444444444444,0.21621621621621623,0.7297297297297297,0.47297297297297297,0.47297297297297297,8,10,27,29,74
low_score_rate_0_5,high_is_2.6,0.8717105263157895,0.2692307692307693,0.4666666666666667,0.1891891891891892,0.7837837837837838,0.4864864864864865,0.4864864864864865,7,8,29,30,74
low_score_rate_0_5,low_is_2.6,0.7005360623781676,0.2692307692307693,0.4666666666666667,0.1891891891891892,0.7837837837837838,0.4864864864864865,0.4864864864864865,7,8,29,30,74
low_score_rate_0_5,high_is_2.6,0.8679454660748256,0.2641509433962264,0.4375,0.1891891891891892,0.7567567567567568,0.47297297297297297,0.472972972972973,7,9,28,30,74
low_score_rate_0_5,low_is_2.6,0.7077077077077076,0.2641509433962264,0.4375,0.1891891891891892,0.7567567567567568,0.47297297297297297,0.472972972972973,7,9,28,30,74
low_score_rate_0_5,high_is_2.6,0.8661673721914687,0.2592592592592593,0.4117647058823529,0.1891891891891892,0.7297297297297297,0.4594594594594595,0.45945945945945943,7,10,27,30,74
low_score_rate_0_5,high_is_2.6,0.8854457014811171,0.2448979591836735,0.5,0.16216216216216217,0.8378378378378378,0.5,0.5,6,6,31,31,74
low_score_rate_0_5,high_is_2.6,0.8799262649377066,0.24,0.46153846153846156,0.16216216216216217,0.8108108108108109,0.4864864864864865,0.4864864864864865,6,7,30,31,74
low_score_rate_0_5,high_is_2.6,0.8759057971014492,0.23529411764705885,0.42857142857142855,0.16216216216216217,0.7837837837837838,0.47297297297297297,0.47297297297297297,6,8,29,31,74
low_score_rate_0_5,low_is_2.6,0.6971690590111643,0.23529411764705885,0.42857142857142855,0.16216216216216217,0.7837837837837838,0.47297297297297297,0.47297297297297297,6,8,29,31,74
low_score_rate_0_5,high_is_2.6,0.8885003885003885,0.21276595744680854,0.5,0.13513513513513514,0.8648648648648649,0.5,0.5,5,5,32,32,74
low_score_rate_0_5,low_is_2.6,0.6714628297362111,0.21276595744680854,0.5,0.13513513513513514,0.8648648648648649,0.5,0.5,5,5,32,32,74
low_score_rate_0_5,high_is_2.6,0.8879811777008039,0.20833333333333334,0.45454545454545453,0.13513513513513514,0.8378378378378378,0.4864864864864865,0.4864864864864865,5,6,31,32,74
low_score_rate_0_5,low_is_2.6,0.677415210688592,0.20833333333333334,0.45454545454545453,0.13513513513513514,0.8378378378378378,0.4864864864864865,0.4864864864864865,5,6,31,32,74
low_score_rate_0_5,low_is_2.6,0.6827971646673937,0.20408163265306126,0.4166666666666667,0.13513513513513514,0.8108108108108109,0.47297297297297297,0.472972972972973,5,7,30,32,74
low_score_rate_0_5,low_is_2.6,0.6919962988665279,0.2,0.38461538461538464,0.13513513513513514,0.7837837837837838,0.4594594594594595,0.45945945945945943,5,8,29,32,74
low_score_rate_0_5,high_is_2.6,0.9023064687168612,0.17777777777777778,0.5,0.10810810810810811,0.8918918918918919,0.5,0.5,4,4,33,33,74
low_score_rate_0_5,high_is_2.6,0.8955314009661836,0.17391304347826086,0.4444444444444444,0.10810810810810811,0.8648648648648649,0.4864864864864865,0.4864864864864865,4,5,32,33,74
low_score_rate_0_5,low_is_2.6,0.6607669616519174,0.17391304347826086,0.4444444444444444,0.10810810810810811,0.8648648648648649,0.4864864864864865,0.4864864864864865,4,5,32,33,74
low_score_rate_0_5,low_is_2.6,0.6431216931216931,0.13953488372093023,0.5,0.08108108108108109,0.918918918918919,0.5,0.5,3,3,34,34,74
low_score_rate_0_5,high_is_2.6,0.9030543745804431,0.13636363636363638,0.42857142857142855,0.08108108108108109,0.8918918918918919,0.4864864864864865,0.4864864864864865,3,4,33,34,74
low_score_rate_0_5,low_is_2.6,0.6495457721872816,0.13636363636363638,0.42857142857142855,0.08108108108108109,0.8918918918918919,0.4864864864864865,0.4864864864864865,3,4,33,34,74
low_score_rate_0_5,low_is_2.6,0.6529053264317917,0.13333333333333333,0.375,0.08108108108108109,0.8648648648648649,0.47297297297297297,0.472972972972973,3,5,32,34,74
low_score_rate_0_5,high_is_2.6,0.920650406504065,0.10256410256410257,1.0,0.05405405405405406,1.0,0.527027027027027,0.527027027027027,2,0,37,35,74
low_score_rate_0_5,high_is_2.6,0.913502640181041,0.1,0.6666666666666666,0.05405405405405406,0.972972972972973,0.5135135135135135,0.5135135135135136,2,1,36,35,74
low_score_rate_0_5,high_is_2.6,0.9121604097776048,0.0975609756097561,0.5,0.05405405405405406,0.9459459459459459,0.5,0.5,2,2,35,35,74
low_score_rate_0_5,high_is_2.6,0.9108620608124084,0.09523809523809523,0.4,0.05405405405405406,0.918918918918919,0.4864864864864865,0.4864864864864865,2,3,34,35,74
low_score_rate_0_5,low_is_2.6,0.6365079365079365,0.09523809523809523,0.4,0.05405405405405406,0.918918918918919,0.4864864864864865,0.4864864864864865,2,3,34,35,74
low_score_rate_0_5,high_is_2.6,0.9067220804304339,0.09302325581395349,0.3333333333333333,0.05405405405405406,0.8918918918918919,0.47297297297297297,0.47297297297297297,2,4,33,35,74
low_score_rate_0_5,high_is_2.6,0.9431720430107526,0.052631578947368425,1.0,0.02702702702702703,1.0,0.5135135135135135,0.5135135135135135,1,0,37,36,74
low_score_rate_0_5,high_is_2.6,0.9596774193548387,0.052631578947368425,1.0,0.02702702702702703,1.0,0.5135135135135135,0.5135135135135135,1,0,37,36,74
low_score_rate_0_5,low_is_2.6,0.5765765765765766,0.052631578947368425,1.0,0.02702702702702703,1.0,0.5135135135135135,0.5135135135135135,1,0,37,36,74
low_score_rate_0_5,low_is_2.6,0.5861606287138201,0.052631578947368425,1.0,0.02702702702702703,1.0,0.5135135135135135,0.5135135135135135,1,0,37,36,74
low_score_rate_0_5,low_is_2.6,0.5986853485556132,0.05128205128205129,0.5,0.02702702702702703,0.972972972972973,0.5,0.5,1,1,36,36,74
low_score_rate_0_5,low_is_2.6,0.6100235344458709,0.05,0.3333333333333333,0.02702702702702703,0.9459459459459459,0.4864864864864865,0.4864864864864865,1,2,35,36,74
low_score_rate_0_5,low_is_2.6,0.6266708437761069,0.04878048780487805,0.25,0.02702702702702703,0.918918918918919,0.47297297297297297,0.472972972972973,1,3,34,36,74
low_score_rate_0_6,high_is_2.6,0.6345334881920248,0.6728971962616821,0.5142857142857142,0.972972972972973,0.08108108108108109,0.527027027027027,0.5270270270270271,36,34,3,1,74
low_score_rate_0_6,low_is_2.6,0.908673894912427,0.6666666666666666,0.5230769230769231,0.918918918918919,0.16216216216216217,0.5405405405405406,0.5405405405405406,34,31,6,3,74
low_score_rate_0_6,high_is_2.6,0.6295731707317074,0.6666666666666666,0.5070422535211268,0.972972972972973,0.05405405405405406,0.5135135135135135,0.5135135135135136,36,35,2,1,74
low_score_rate_0_6,high_is_2.6,0.5855855855855856,0.6666666666666666,0.5,1.0,0.0,0.5,0.5,37,37,0,0,74
low_score_rate_0_6,low_is_2.6,0.9596774193548387,0.6666666666666666,0.5,1.0,0.0,0.5,0.5,37,37,0,0,74
low_score_rate_0_6,low_is_2.6,0.9112593956128241,0.6666666666666665,0.5147058823529411,0.9459459459459459,0.10810810810810811,0.527027027027027,0.527027027027027,35,33,4,2,74
low_score_rate_0_6,high_is_2.6,0.6210106382978724,0.6605504587155964,0.5,0.972972972972973,0.02702702702702703,0.5,0.5,36,36,1,1,74
low_score_rate_0_6,high_is_2.6,0.6507936507936507,0.660377358490566,0.5072463768115942,0.9459459459459459,0.08108108108108109,0.5135135135135135,0.5135135135135135,35,34,3,2,74
low_score_rate_0_6,low_is_2.6,0.9163406964258323,0.660377358490566,0.5072463768115942,0.9459459459459459,0.08108108108108109,0.5135135135135135,0.5135135135135135,35,34,3,2,74
low_score_rate_0_6,low_is_2.6,0.9094326725905673,0.6601941747572816,0.5151515151515151,0.918918918918919,0.13513513513513514,0.527027027027027,0.5270270270270271,34,32,5,3,74
low_score_rate_0_6,high_is_2.6,0.6013034310906651,0.6545454545454545,0.4931506849315068,0.972972972972973,0.0,0.4864864864864865,0.4864864864864865,36,37,0,1,74
low_score_rate_0_6,low_is_2.6,0.9431720430107526,0.6545454545454545,0.4931506849315068,0.972972972972973,0.0,0.4864864864864865,0.4864864864864865,36,37,0,1,74
low_score_rate_0_6,low_is_2.6,0.9217060598441036,0.6542056074766355,0.5,0.9459459459459459,0.05405405405405406,0.5,0.5,35,35,2,2,74
low_score_rate_0_6,low_is_2.6,0.9101717708906412,0.6538461538461539,0.5074626865671642,0.918918918918919,0.10810810810810811,0.5135135135135135,0.5135135135135136,34,33,4,3,74
low_score_rate_0_6,high_is_2.6,0.6930238331678251,0.6534653465346535,0.515625,0.8918918918918919,0.16216216216216217,0.527027027027027,0.527027027027027,33,31,6,4,74
low_score_rate_0_6,low_is_2.6,0.9036233898619219,0.6534653465346535,0.515625,0.8918918918918919,0.16216216216216217,0.527027027027027,0.527027027027027,33,31,6,4,74
low_score_rate_0_6,low_is_2.6,0.9232967279246975,0.6481481481481483,0.49295774647887325,0.9459459459459459,0.02702702702702703,0.4864864864864865,0.4864864864864865,35,36,1,2,74
low_score_rate_0_6,high_is_2.6,0.6702127659574468,0.6476190476190476,0.5,0.918918918918919,0.08108108108108109,0.5,0.5,34,34,3,3,74
low_score_rate_0_6,high_is_2.6,0.6836253369272237,0.6470588235294117,0.5076923076923077,0.8918918918918919,0.13513513513513514,0.5135135135135135,0.5135135135135135,33,32,5,4,74
low_score_rate_0_6,low_is_2.6,0.8883696780893042,0.6464646464646465,0.5161290322580645,0.8648648648648649,0.1891891891891892,0.527027027027027,0.5270270270270271,32,30,7,5,74
low_score_rate_0_6,high_is_2.6,0.7191077441077441,0.6458333333333334,0.5254237288135594,0.8378378378378378,0.24324324324324326,0.5405405405405406,0.5405405405405406,31,28,9,6,74
low_score_rate_0_6,low_is_2.6,0.8822463768115942,0.6458333333333334,0.5254237288135594,0.8378378378378378,0.24324324324324326,0.5405405405405406,0.5405405405405406,31,28,9,6,74
low_score_rate_0_6,low_is_2.6,0.874625748502994,0.6451612903225806,0.5357142857142857,0.8108108108108109,0.2972972972972973,0.5540540540540541,0.5540540540540541,30,26,11,7,74
low_score_rate_0_6,low_is_2.6,0.9252898550724638,0.6422018348623854,0.4861111111111111,0.9459459459459459,0.0,0.47297297297297297,0.47297297297297297,35,37,0,2,74
low_score_rate_0_6,high_is_2.6,0.6772486772486772,0.6407766990291263,0.5,0.8918918918918919,0.10810810810810811,0.5,0.5,33,33,4,4,74
low_score_rate_0_6,high_is_2.6,0.6982417326502095,0.64,0.5079365079365079,0.8648648648648649,0.16216216216216217,0.5135135135135135,0.5135135135135136,32,31,6,5,74
low_score_rate_0_6,low_is_2.6,0.8939393939393939,0.64,0.5079365079365079,0.8648648648648649,0.16216216216216217,0.5135135135135135,0.5135135135135136,32,31,6,5,74
low_score_rate_0_6,high_is_2.6,0.7180378852134577,0.6391752577319588,0.5166666666666667,0.8378378378378378,0.21621621621621623,0.527027027027027,0.527027027027027,31,29,8,6,74
low_score_rate_0_6,low_is_2.6,0.8850669601907907,0.6391752577319588,0.5166666666666667,0.8378378378378378,0.21621621621621623,0.527027027027027,0.527027027027027,31,29,8,6,74
low_score_rate_0_6,low_is_2.6,0.8772590361445782,0.6382978723404256,0.5263157894736842,0.8108108108108109,0.2702702702702703,0.5405405405405406,0.5405405405405406,30,27,10,7,74
low_score_rate_0_6,high_is_2.6,0.6748423955870764,0.6346153846153846,0.4925373134328358,0.8918918918918919,0.08108108108108109,0.4864864864864865,0.4864864864864865,33,34,3,4,74
low_score_rate_0_6,high_is_2.6,0.7112966115657092,0.6326530612244898,0.5081967213114754,0.8378378378378378,0.1891891891891892,0.5135135135135135,0.5135135135135135,31,30,7,6,74
low_score_rate_0_6,low_is_2.6,0.886963208328404,0.6326530612244898,0.5081967213114754,0.8378378378378378,0.1891891891891892,0.5135135135135135,0.5135135135135135,31,30,7,6,74
low_score_rate_0_6,high_is_2.6,0.7200179763739085,0.631578947368421,0.5172413793103449,0.8108108108108109,0.24324324324324326,0.527027027027027,0.5270270270270271,30,28,9,7,74
low_score_rate_0_6,low_is_2.6,0.8799764274489261,0.631578947368421,0.5172413793103449,0.8108108108108109,0.24324324324324326,0.527027027027027,0.5270270270270271,30,28,9,7,74
low_score_rate_0_6,low_is_2.6,0.8740626854399309,0.6304347826086956,0.5272727272727272,0.7837837837837838,0.2972972972972973,0.5405405405405406,0.5405405405405406,29,26,11,8,74
low_score_rate_0_6,high_is_2.6,0.7020755077354046,0.6262626262626263,0.5,0.8378378378378378,0.16216216216216217,0.5,0.5,31,31,6,6,74
low_score_rate_0_6,high_is_2.6,0.7205298518857841,0.6170212765957447,0.5087719298245614,0.7837837837837838,0.24324324324324326,0.5135135135135135,0.5135135135135135,29,28,9,8,74
low_score_rate_0_6,low_is_2.6,0.8671694950764718,0.6153846153846154,0.5185185185185185,0.7567567567567568,0.2972972972972973,0.527027027027027,0.5270270270270271,28,26,11,9,74
low_score_rate_0_6,low_is_2.6,0.8564560439560439,0.6136363636363636,0.5294117647058824,0.7297297297297297,0.35135135135135137,0.5405405405405406,0.5405405405405406,27,24,13,10,74
low_score_rate_0_6,low_is_2.6,0.8579499596448749,0.6067415730337079,0.5192307692307693,0.7297297297297297,0.32432432432432434,0.527027027027027,0.527027027027027,27,25,12,10,74
low_score_rate_0_6,high_is_2.6,0.7284159159159159,0.6021505376344086,0.5,0.7567567567567568,0.24324324324324326,0.5,0.5,28,28,9,9,74
low_score_rate_0_6,low_is_2.6,0.8596110892129811,0.6,0.5094339622641509,0.7297297297297297,0.2972972972972973,0.5135135135135135,0.5135135135135135,27,26,11,10,74
low_score_rate_0_6,low_is_2.6,0.8554208472686733,0.5977011494252874,0.52,0.7027027027027027,0.35135135135135137,0.527027027027027,0.5270270270270271,26,24,13,11,74
low_score_rate_0_6,low_is_2.6,0.852267864783911,0.5882352941176472,0.5208333333333334,0.6756756756756757,0.3783783783783784,0.527027027027027,0.527027027027027,25,23,14,12,74
low_score_rate_0_6,high_is_2.6,0.7369875943905071,0.5869565217391305,0.4909090909090909,0.7297297297297297,0.24324324324324326,0.4864864864864865,0.4864864864864865,27,28,9,10,74
low_score_rate_0_6,low_is_2.6,0.854365500176741,0.5813953488372092,0.5102040816326531,0.6756756756756757,0.35135135135135137,0.5135135135135135,0.5135135135135135,25,24,13,12,74
low_score_rate_0_6,high_is_2.6,0.7616793893129772,0.5747126436781609,0.5,0.6756756756756757,0.32432432432432434,0.5,0.5,25,25,12,12,74
low_score_rate_0_6,low_is_2.6,0.8499668983780205,0.5714285714285715,0.5106382978723404,0.6486486486486487,0.3783783783783784,0.5135135135135135,0.5135135135135136,24,23,14,13,74
low_score_rate_0_6,high_is_2.6,0.7420663671931604,0.5714285714285714,0.48148148148148145,0.7027027027027027,0.24324324324324326,0.47297297297297297,0.472972972972973,26,28,9,11,74
low_score_rate_0_6,high_is_2.6,0.7561061946902654,0.5681818181818181,0.49019607843137253,0.6756756756756757,0.2972972972972973,0.4864864864864865,0.4864864864864865,25,26,11,12,74
low_score_rate_0_6,high_is_2.6,0.7502320688161396,0.5617977528089887,0.4807692307692308,0.6756756756756757,0.2702702702702703,0.47297297297297297,0.47297297297297297,25,27,10,12,74
low_score_rate_0_6,low_is_2.6,0.8458766164935341,0.5609756097560976,0.5111111111111111,0.6216216216216216,0.40540540540540543,0.5135135135135135,0.5135135135135135,23,22,15,14,74
low_score_rate_0_6,high_is_2.6,0.7644918893129771,0.5581395348837208,0.4897959183673469,0.6486486486486487,0.32432432432432434,0.4864864864864865,0.4864864864864865,24,25,12,13,74
low_score_rate_0_6,high_is_2.6,0.7472602024840831,0.5555555555555556,0.4716981132075472,0.6756756756756757,0.24324324324324326,0.4594594594594595,0.45945945945945943,25,28,9,12,74
low_score_rate_0_6,low_is_2.6,0.8412206988058382,0.55,0.5116279069767442,0.5945945945945946,0.43243243243243246,0.5135135135135135,0.5135135135135136,22,21,16,15,74
low_score_rate_0_6,high_is_2.6,0.7687538475068156,0.5476190476190476,0.48936170212765956,0.6216216216216216,0.35135135135135137,0.4864864864864865,0.4864864864864865,23,24,13,14,74
low_score_rate_0_6,high_is_2.6,0.812991876110688,0.5454545454545455,0.525,0.5675675675675675,0.4864864864864865,0.527027027027027,0.527027027027027,21,19,18,16,74
low_score_rate_0_6,low_is_2.6,0.832050302638538,0.5454545454545455,0.525,0.5675675675675675,0.4864864864864865,0.527027027027027,0.527027027027027,21,19,18,16,74
low_score_rate_0_6,high_is_2.6,0.7817537860283341,0.5432098765432098,0.5,0.5945945945945946,0.40540540540540543,0.5,0.5,22,22,15,15,74
low_score_rate_0_6,low_is_2.6,0.842400946185689,0.5432098765432098,0.5,0.5945945945945946,0.40540540540540543,0.5,0.5,22,22,15,15,74
low_score_rate_0_6,high_is_2.6,0.7660241788321167,0.5411764705882353,0.4791666666666667,0.6216216216216216,0.32432432432432434,0.47297297297297297,0.47297297297297297,23,25,12,14,74
low_score_rate_0_6,high_is_2.6,0.8102884201463625,0.5384615384615384,0.5121951219512195,0.5675675675675675,0.4594594594594595,0.5135135135135135,0.5135135135135135,21,20,17,16,74
low_score_rate_0_6,low_is_2.6,0.8321912986342517,0.5384615384615384,0.5121951219512195,0.5675675675675675,0.4594594594594595,0.5135135135135135,0.5135135135135135,21,20,17,16,74
low_score_rate_0_6,high_is_2.6,0.779338327091136,0.5365853658536586,0.4888888888888889,0.5945945945945946,0.3783783783783784,0.4864864864864865,0.4864864864864865,22,23,14,15,74
low_score_rate_0_6,high_is_2.6,0.8144870534251065,0.5333333333333333,0.5263157894736842,0.5405405405405406,0.5135135135135135,0.527027027027027,0.527027027027027,20,18,19,17,74
low_score_rate_0_6,high_is_2.6,0.8057562767911819,0.5316455696202531,0.5,0.5675675675675675,0.43243243243243246,0.5,0.5,21,21,16,16,74
low_score_rate_0_6,low_is_2.6,0.8362754497772263,0.5316455696202531,0.5,0.5675675675675675,0.43243243243243246,0.5,0.5,21,21,16,16,74
low_score_rate_0_6,high_is_2.6,0.7744310575635878,0.5301204819277109,0.4782608695652174,0.5945945945945946,0.35135135135135137,0.47297297297297297,0.472972972972973,22,24,13,15,74
low_score_rate_0_6,high_is_2.6,0.8141309280689812,0.5263157894736842,0.5128205128205128,0.5405405405405406,0.4864864864864865,0.5135135135135135,0.5135135135135136,20,19,18,17,74
low_score_rate_0_6,low_is_2.6,0.8283169841641836,0.5263157894736842,0.5128205128205128,0.5405405405405406,0.4864864864864865,0.5135135135135135,0.5135135135135136,20,19,18,17,74
low_score_rate_0_6,high_is_2.6,0.7927127985303124,0.525,0.4883720930232558,0.5675675675675675,0.40540540540540543,0.4864864864864865,0.4864864864864865,21,22,15,16,74
low_score_rate_0_6,high_is_2.6,0.8153021442495126,0.5135135135135135,0.5135135135135135,0.5135135135135135,0.5135135135135135,0.5135135135135135,0.5135135135135135,19,18,19,18,74
low_score_rate_0_6,low_is_2.6,0.820245334451667,0.5066666666666666,0.5,0.5135135135135135,0.4864864864864865,0.5,0.5,19,19,18,18,74
low_score_rate_0_6,high_is_2.6,0.820245334451667,0.4931506849315069,0.5,0.4864864864864865,0.5135135135135135,0.5,0.5,18,18,19,19,74
low_score_rate_0_6,low_is_2.6,0.8153021442495126,0.4864864864864865,0.4864864864864865,0.4864864864864865,0.4864864864864865,0.4864864864864865,0.4864864864864865,18,19,18,19,74
low_score_rate_0_6,high_is_2.6,0.8283169841641836,0.47222222222222227,0.4857142857142857,0.4594594594594595,0.5135135135135135,0.4864864864864865,0.4864864864864865,17,18,19,20,74
low_score_rate_0_6,low_is_2.6,0.8141309280689812,0.47222222222222227,0.4857142857142857,0.4594594594594595,0.5135135135135135,0.4864864864864865,0.4864864864864865,17,18,19,20,74
low_score_rate_0_6,low_is_2.6,0.7927127985303124,0.47058823529411764,0.5161290322580645,0.43243243243243246,0.5945945945945946,0.5135135135135135,0.5135135135135136,16,15,22,21,74
low_score_rate_0_6,low_is_2.6,0.8144870534251065,0.4657534246575342,0.4722222222222222,0.4594594594594595,0.4864864864864865,0.47297297297297297,0.472972972972973,17,19,18,20,74
low_score_rate_0_6,high_is_2.6,0.8362754497772263,0.463768115942029,0.5,0.43243243243243246,0.5675675675675675,0.5,0.5,16,16,21,21,74
low_score_rate_0_6,low_is_2.6,0.8057562767911819,0.463768115942029,0.5,0.43243243243243246,0.5675675675675675,0.5,0.5,16,16,21,21,74
low_score_rate_0_6,low_is_2.6,0.7744310575635878,0.46153846153846156,0.5357142857142857,0.40540540540540543,0.6486486486486487,0.527027027027027,0.5270270270270271,15,13,24,22,74
low_score_rate_0_6,high_is_2.6,0.8321912986342517,0.45714285714285713,0.48484848484848486,0.43243243243243246,0.5405405405405406,0.4864864864864865,0.4864864864864865,16,17,20,21,74
low_score_rate_0_6,low_is_2.6,0.8102884201463625,0.45714285714285713,0.48484848484848486,0.43243243243243246,0.5405405405405406,0.4864864864864865,0.4864864864864865,16,17,20,21,74
low_score_rate_0_6,low_is_2.6,0.779338327091136,0.4545454545454546,0.5172413793103449,0.40540540540540543,0.6216216216216216,0.5135135135135135,0.5135135135135135,15,14,23,22,74
low_score_rate_0_6,high_is_2.6,0.832050302638538,0.4507042253521127,0.47058823529411764,0.43243243243243246,0.5135135135135135,0.47297297297297297,0.47297297297297297,16,18,19,21,74
low_score_rate_0_6,low_is_2.6,0.812991876110688,0.4507042253521127,0.47058823529411764,0.43243243243243246,0.5135135135135135,0.47297297297297297,0.47297297297297297,16,18,19,21,74
low_score_rate_0_6,high_is_2.6,0.842400946185689,0.4477611940298507,0.5,0.40540540540540543,0.5945945945945946,0.5,0.5,15,15,22,22,74
low_score_rate_0_6,low_is_2.6,0.7817537860283341,0.4477611940298507,0.5,0.40540540540540543,0.5945945945945946,0.5,0.5,15,15,22,22,74
low_score_rate_0_6,low_is_2.6,0.7660241788321167,0.4444444444444445,0.5384615384615384,0.3783783783783784,0.6756756756756757,0.527027027027027,0.527027027027027,14,12,25,23,74
low_score_rate_0_6,high_is_2.6,0.8412206988058382,0.4411764705882353,0.4838709677419355,0.40540540540540543,0.5675675675675675,0.4864864864864865,0.4864864864864865,15,16,21,22,74
low_score_rate_0_6,low_is_2.6,0.7687538475068156,0.4375,0.5185185185185185,0.3783783783783784,0.6486486486486487,0.5135135135135135,0.5135135135135136,14,13,24,23,74
low_score_rate_0_6,high_is_2.6,0.8458766164935341,0.42424242424242425,0.4827586206896552,0.3783783783783784,0.5945945945945946,0.4864864864864865,0.4864864864864865,14,15,22,23,74
low_score_rate_0_6,low_is_2.6,0.7644918893129771,0.4193548387096775,0.52,0.35135135135135137,0.6756756756756757,0.5135135135135135,0.5135135135135135,13,12,25,24,74
low_score_rate_0_6,low_is_2.6,0.7472602024840831,0.41379310344827586,0.5714285714285714,0.32432432432432434,0.7567567567567568,0.5405405405405406,0.5405405405405406,12,9,28,25,74
low_score_rate_0_6,low_is_2.6,0.7502320688161396,0.4067796610169491,0.5454545454545454,0.32432432432432434,0.7297297297297297,0.527027027027027,0.527027027027027,12,10,27,25,74
low_score_rate_0_6,high_is_2.6,0.8499668983780205,0.40625,0.48148148148148145,0.35135135135135137,0.6216216216216216,0.4864864864864865,0.4864864864864865,13,14,23,24,74
low_score_rate_0_6,low_is_2.6,0.7561061946902654,0.4,0.5217391304347826,0.32432432432432434,0.7027027027027027,0.5135135135135135,0.5135135135135136,12,11,26,25,74
low_score_rate_0_6,low_is_2.6,0.7616793893129772,0.39344262295081966,0.5,0.32432432432432434,0.6756756756756757,0.5,0.5,12,12,25,25,74
low_score_rate_0_6,high_is_2.6,0.854365500176741,0.3870967741935484,0.48,0.32432432432432434,0.6486486486486487,0.4864864864864865,0.4864864864864865,12,13,24,25,74
low_score_rate_0_6,low_is_2.6,0.7420663671931604,0.38596491228070173,0.55,0.2972972972972973,0.7567567567567568,0.527027027027027,0.5270270270270271,11,9,28,26,74
low_score_rate_0_6,high_is_2.6,0.852267864783911,0.38095238095238093,0.46153846153846156,0.32432432432432434,0.6216216216216216,0.47297297297297297,0.47297297297297297,12,14,23,25,74
low_score_rate_0_6,high_is_2.6,0.8554208472686733,0.36065573770491804,0.4583333333333333,0.2972972972972973,0.6486486486486487,0.47297297297297297,0.472972972972973,11,13,24,26,74
low_score_rate_0_6,low_is_2.6,0.7369875943905071,0.35714285714285715,0.5263157894736842,0.2702702702702703,0.7567567567567568,0.5135135135135135,0.5135135135135136,10,9,28,27,74
low_score_rate_0_6,high_is_2.6,0.8596110892129811,0.3448275862068966,0.47619047619047616,0.2702702702702703,0.7027027027027027,0.4864864864864865,0.4864864864864865,10,11,26,27,74
low_score_rate_0_6,high_is_2.6,0.8579499596448749,0.33898305084745767,0.45454545454545453,0.2702702702702703,0.6756756756756757,0.47297297297297297,0.47297297297297297,10,12,25,27,74
low_score_rate_0_6,high_is_2.6,0.8564560439560439,0.3333333333333333,0.43478260869565216,0.2702702702702703,0.6486486486486487,0.4594594594594595,0.4594594594594595,10,13,24,27,74
low_score_rate_0_6,low_is_2.6,0.7284159159159159,0.3272727272727273,0.5,0.24324324324324326,0.7567567567567568,0.5,0.5,9,9,28,28,74
low_score_rate_0_6,high_is_2.6,0.8671694950764718,0.3157894736842105,0.45,0.24324324324324326,0.7027027027027027,0.47297297297297297,0.472972972972973,9,11,26,28,74
low_score_rate_0_6,low_is_2.6,0.7205298518857841,0.29629629629629634,0.47058823529411764,0.21621621621621623,0.7567567567567568,0.4864864864864865,0.4864864864864865,8,9,28,29,74
low_score_rate_0_6,high_is_2.6,0.8740626854399309,0.28571428571428575,0.42105263157894735,0.21621621621621623,0.7027027027027027,0.4594594594594595,0.4594594594594595,8,11,26,29,74
low_score_rate_0_6,high_is_2.6,0.8799764274489261,0.2641509433962264,0.4375,0.1891891891891892,0.7567567567567568,0.47297297297297297,0.472972972972973,7,9,28,30,74
low_score_rate_0_6,low_is_2.6,0.7200179763739085,0.2641509433962264,0.4375,0.1891891891891892,0.7567567567567568,0.47297297297297297,0.472972972972973,7,9,28,30,74
low_score_rate_0_6,high_is_2.6,0.8772590361445782,0.2592592592592593,0.4117647058823529,0.1891891891891892,0.7297297297297297,0.4594594594594595,0.45945945945945943,7,10,27,30,74
low_score_rate_0_6,high_is_2.6,0.874625748502994,0.2545454545454546,0.3888888888888889,0.1891891891891892,0.7027027027027027,0.44594594594594594,0.44594594594594594,7,11,26,30,74
low_score_rate_0_6,low_is_2.6,0.7020755077354046,0.2448979591836735,0.5,0.16216216216216217,0.8378378378378378,0.5,0.5,6,6,31,31,74
low_score_rate_0_6,high_is_2.6,0.886963208328404,0.24,0.46153846153846156,0.16216216216216217,0.8108108108108109,0.4864864864864865,0.4864864864864865,6,7,30,31,74
low_score_rate_0_6,low_is_2.6,0.7112966115657092,0.24,0.46153846153846156,0.16216216216216217,0.8108108108108109,0.4864864864864865,0.4864864864864865,6,7,30,31,74
low_score_rate_0_6,high_is_2.6,0.8850669601907907,0.23529411764705885,0.42857142857142855,0.16216216216216217,0.7837837837837838,0.47297297297297297,0.47297297297297297,6,8,29,31,74
low_score_rate_0_6,low_is_2.6,0.7180378852134577,0.23529411764705885,0.42857142857142855,0.16216216216216217,0.7837837837837838,0.47297297297297297,0.47297297297297297,6,8,29,31,74
low_score_rate_0_6,high_is_2.6,0.8822463768115942,0.23076923076923078,0.4,0.16216216216216217,0.7567567567567568,0.4594594594594595,0.4594594594594595,6,9,28,31,74
low_score_rate_0_6,low_is_2.6,0.7191077441077441,0.23076923076923078,0.4,0.16216216216216217,0.7567567567567568,0.4594594594594595,0.4594594594594595,6,9,28,31,74
low_score_rate_0_6,high_is_2.6,0.8939393939393939,0.20833333333333334,0.45454545454545453,0.13513513513513514,0.8378378378378378,0.4864864864864865,0.4864864864864865,5,6,31,32,74
low_score_rate_0_6,low_is_2.6,0.6982417326502095,0.20833333333333334,0.45454545454545453,0.13513513513513514,0.8378378378378378,0.4864864864864865,0.4864864864864865,5,6,31,32,74
low_score_rate_0_6,high_is_2.6,0.8883696780893042,0.20408163265306126,0.4166666666666667,0.13513513513513514,0.8108108108108109,0.47297297297297297,0.472972972972973,5,7,30,32,74
low_score_rate_0_6,low_is_2.6,0.6748423955870764,0.18181818181818182,0.5714285714285714,0.10810810810810811,0.918918918918919,0.5135135135135135,0.5135135135135136,4,3,34,33,74
low_score_rate_0_6,low_is_2.6,0.6772486772486772,0.17777777777777778,0.5,0.10810810810810811,0.8918918918918919,0.5,0.5,4,4,33,33,74
low_score_rate_0_6,low_is_2.6,0.6836253369272237,0.17391304347826086,0.4444444444444444,0.10810810810810811,0.8648648648648649,0.4864864864864865,0.4864864864864865,4,5,32,33,74
low_score_rate_0_6,high_is_2.6,0.9036233898619219,0.1702127659574468,0.4,0.10810810810810811,0.8378378378378378,0.47297297297297297,0.47297297297297297,4,6,31,33,74
low_score_rate_0_6,low_is_2.6,0.6930238331678251,0.1702127659574468,0.4,0.10810810810810811,0.8378378378378378,0.47297297297297297,0.47297297297297297,4,6,31,33,74
low_score_rate_0_6,low_is_2.6,0.6702127659574468,0.13953488372093023,0.5,0.08108108108108109,0.918918918918919,0.5,0.5,3,3,34,34,74
low_score_rate_0_6,high_is_2.6,0.9101717708906412,0.13636363636363638,0.42857142857142855,0.08108108108108109,0.8918918918918919,0.4864864864864865,0.4864864864864865,3,4,33,34,74
low_score_rate_0_6,high_is_2.6,0.9094326725905673,0.13333333333333333,0.375,0.08108108108108109,0.8648648648648649,0.47297297297297297,0.472972972972973,3,5,32,34,74
low_score_rate_0_6,high_is_2.6,0.908673894912427,0.13043478260869568,0.3333333333333333,0.08108108108108109,0.8378378378378378,0.4594594594594595,0.45945945945945943,3,6,31,34,74
low_score_rate_0_6,high_is_2.6,0.9252898550724638,0.10256410256410257,1.0,0.05405405405405406,1.0,0.527027027027027,0.527027027027027,2,0,37,35,74
low_score_rate_0_6,high_is_2.6,0.9232967279246975,0.1,0.6666666666666666,0.05405405405405406,0.972972972972973,0.5135135135135135,0.5135135135135136,2,1,36,35,74
low_score_rate_0_6,high_is_2.6,0.9217060598441036,0.0975609756097561,0.5,0.05405405405405406,0.9459459459459459,0.5,0.5,2,2,35,35,74
low_score_rate_0_6,high_is_2.6,0.9163406964258323,0.09523809523809523,0.4,0.05405405405405406,0.918918918918919,0.4864864864864865,0.4864864864864865,2,3,34,35,74
low_score_rate_0_6,low_is_2.6,0.6507936507936507,0.09523809523809523,0.4,0.05405405405405406,0.918918918918919,0.4864864864864865,0.4864864864864865,2,3,34,35,74
low_score_rate_0_6,high_is_2.6,0.9112593956128241,0.09302325581395349,0.3333333333333333,0.05405405405405406,0.8918918918918919,0.47297297297297297,0.47297297297297297,2,4,33,35,74
low_score_rate_0_6,high_is_2.6,0.9431720430107526,0.052631578947368425,1.0,0.02702702702702703,1.0,0.5135135135135135,0.5135135135135135,1,0,37,36,74
low_score_rate_0_6,high_is_2.6,0.9596774193548387,0.052631578947368425,1.0,0.02702702702702703,1.0,0.5135135135135135,0.5135135135135135,1,0,37,36,74
low_score_rate_0_6,low_is_2.6,0.5855855855855856,0.052631578947368425,1.0,0.02702702702702703,1.0,0.5135135135135135,0.5135135135135135,1,0,37,36,74
low_score_rate_0_6,low_is_2.6,0.6013034310906651,0.052631578947368425,1.0,0.02702702702702703,1.0,0.5135135135135135,0.5135135135135135,1,0,37,36,74
low_score_rate_0_6,low_is_2.6,0.6210106382978724,0.05128205128205129,0.5,0.02702702702702703,0.972972972972973,0.5,0.5,1,1,36,36,74
low_score_rate_0_6,low_is_2.6,0.6295731707317074,0.05,0.3333333333333333,0.02702702702702703,0.9459459459459459,0.4864864864864865,0.4864864864864865,1,2,35,36,74
low_score_rate_0_6,low_is_2.6,0.6345334881920248,0.04878048780487805,0.25,0.02702702702702703,0.918918918918919,0.47297297297297297,0.472972972972973,1,3,34,36,74
low_score_rate_0_7,high_is_2.6,0.658312447786132,0.6728971962616821,0.5142857142857142,0.972972972972973,0.08108108108108109,0.527027027027027,0.5270270270270271,36,34,3,1,74
low_score_rate_0_7,high_is_2.6,0.6500855798031665,0.6666666666666666,0.5070422535211268,0.972972972972973,0.05405405405405406,0.5135135135135135,0.5135135135135136,36,35,2,1,74
low_score_rate_0_7,high_is_2.6,0.6036036036036037,0.6666666666666666,0.5,1.0,0.0,0.5,0.5,37,37,0,0,74
low_score_rate_0_7,low_is_2.6,0.9758064516129032,0.6666666666666666,0.5,1.0,0.0,0.5,0.5,37,37,0,0,74
low_score_rate_0_7,low_is_2.6,0.9144639763905819,0.6666666666666665,0.5147058823529411,0.9459459459459459,0.10810810810810811,0.527027027027027,0.527027027027027,35,33,4,2,74
low_score_rate_0_7,high_is_2.6,0.6349679986161564,0.6605504587155964,0.5,0.972972972972973,0.02702702702702703,0.5,0.5,36,36,1,1,74
low_score_rate_0_7,low_is_2.6,0.9272508591065292,0.6605504587155964,0.5,0.972972972972973,0.02702702702702703,0.5,0.5,36,36,1,1,74
low_score_rate_0_7,high_is_2.6,0.6674603174603175,0.660377358490566,0.5072463768115942,0.9459459459459459,0.08108108108108109,0.5135135135135135,0.5135135135135135,35,34,3,2,74
low_score_rate_0_7,low_is_2.6,0.9184078117004946,0.660377358490566,0.5072463768115942,0.9459459459459459,0.08108108108108109,0.5135135135135135,0.5135135135135135,35,34,3,2,74
low_score_rate_0_7,high_is_2.6,0.6918573531379633,0.6601941747572816,0.5151515151515151,0.918918918918919,0.13513513513513514,0.527027027027027,0.5270270270270271,34,32,5,3,74
low_score_rate_0_7,low_is_2.6,0.9112593956128241,0.6601941747572816,0.5151515151515151,0.918918918918919,0.13513513513513514,0.527027027027027,0.5270270270270271,34,32,5,3,74
low_score_rate_0_7,high_is_2.6,0.6156315890358444,0.6545454545454545,0.4931506849315068,0.972972972972973,0.0,0.4864864864864865,0.4864864864864865,36,37,0,1,74
low_score_rate_0_7,low_is_2.6,0.9518207515796475,0.6545454545454545,0.4931506849315068,0.972972972972973,0.0,0.4864864864864865,0.4864864864864865,36,37,0,1,74
low_score_rate_0_7,low_is_2.6,0.922322375397667,0.6542056074766355,0.5,0.9459459459459459,0.05405405405405406,0.5,0.5,35,35,2,2,74
low_score_rate_0_7,high_is_2.6,0.686932215234102,0.6538461538461539,0.5074626865671642,0.918918918918919,0.10810810810810811,0.5135135135135135,0.5135135135135136,34,33,4,3,74
low_score_rate_0_7,low_is_2.6,0.9123968611159194,0.6538461538461539,0.5074626865671642,0.918918918918919,0.10810810810810811,0.5135135135135135,0.5135135135135136,34,33,4,3,74
low_score_rate_0_7,high_is_2.6,0.6968984962406015,0.6534653465346535,0.515625,0.8918918918918919,0.16216216216216217,0.527027027027027,0.527027027027027,33,31,6,4,74
low_score_rate_0_7,low_is_2.6,0.9094326725905673,0.6534653465346535,0.515625,0.8918918918918919,0.16216216216216217,0.527027027027027,0.527027027027027,33,31,6,4,74
low_score_rate_0_7,high_is_2.6,0.7269457161543493,0.6530612244897959,0.5245901639344263,0.8648648648648649,0.21621621621621623,0.5405405405405406,0.5405405405405406,32,29,8,5,74
low_score_rate_0_7,low_is_2.6,0.8988905285019402,0.6530612244897959,0.5245901639344263,0.8648648648648649,0.21621621621621623,0.5405405405405406,0.5405405405405406,32,29,8,5,74
low_score_rate_0_7,low_is_2.6,0.9252898550724638,0.6481481481481483,0.49295774647887325,0.9459459459459459,0.02702702702702703,0.4864864864864865,0.4864864864864865,35,36,1,2,74
low_score_rate_0_7,high_is_2.6,0.6806878306878308,0.6476190476190476,0.5,0.918918918918919,0.08108108108108109,0.5,0.5,34,34,3,3,74
low_score_rate_0_7,high_is_2.6,0.6957320162107397,0.6470588235294117,0.5076923076923077,0.8918918918918919,0.13513513513513514,0.5135135135135135,0.5135135135135135,33,32,5,4,74
low_score_rate_0_7,low_is_2.6,0.9101717708906412,0.6470588235294117,0.5076923076923077,0.8918918918918919,0.13513513513513514,0.5135135135135135,0.5135135135135135,33,32,5,4,74
low_score_rate_0_7,high_is_2.6,0.7262723154809486,0.6464646464646465,0.5161290322580645,0.8648648648648649,0.1891891891891892,0.527027027027027,0.5270270270270271,32,30,7,5,74
low_score_rate_0_7,low_is_2.6,0.9031909483854563,0.6464646464646465,0.5161290322580645,0.8648648648648649,0.1891891891891892,0.527027027027027,0.5270270270270271,32,30,7,5,74
low_score_rate_0_7,high_is_2.6,0.7116471734892788,0.64,0.5079365079365079,0.8648648648648649,0.16216216216216217,0.5135135135135135,0.5135135135135136,32,31,6,5,74
low_score_rate_0_7,low_is_2.6,0.9074440052700923,0.64,0.5079365079365079,0.8648648648648649,0.16216216216216217,0.5135135135135135,0.5135135135135136,32,31,6,5,74
low_score_rate_0_7,high_is_2.6,0.7285012285012284,0.6391752577319588,0.5166666666666667,0.8378378378378378,0.21621621621621623,0.527027027027027,0.527027027027027,31,29,8,6,74
low_score_rate_0_7,low_is_2.6,0.8969676960585128,0.6391752577319588,0.5166666666666667,0.8378378378378378,0.21621621621621623,0.527027027027027,0.527027027027027,31,29,8,6,74
low_score_rate_0_7,low_is_2.6,0.8757222397310642,0.6373626373626374,0.5370370370370371,0.7837837837837838,0.32432432432432434,0.5540540540540541,0.5540540540540541,29,25,12,8,74
low_score_rate_0_7,low_is_2.6,0.8921484775915156,0.631578947368421,0.5172413793103449,0.8108108108108109,0.24324324324324326,0.527027027027027,0.5270270270270271,30,28,9,7,74
low_score_rate_0_7,low_is_2.6,0.8783555273726484,0.6304347826086956,0.5272727272727272,0.7837837837837838,0.2972972972972973,0.5405405405405406,0.5405405405405406,29,26,11,8,74
low_score_rate_0_7,low_is_2.6,0.8677324588371934,0.6279069767441859,0.5510204081632653,0.7297297297297297,0.40540540540540543,0.5675675675675675,0.5675675675675675,27,22,15,10,74
low_score_rate_0_7,high_is_2.6,0.7321215020330065,0.6249999999999999,0.5084745762711864,0.8108108108108109,0.21621621621621623,0.5135135135135135,0.5135135135135136,30,29,8,7,74
low_score_rate_0_7,low_is_2.6,0.8945720968629609,0.6249999999999999,0.5084745762711864,0.8108108108108109,0.21621621621621623,0.5135135135135135,0.5135135135135136,30,29,8,7,74
low_score_rate_0_7,low_is_2.6,0.8838379835129994,0.6236559139784947,0.5178571428571429,0.7837837837837838,0.2702702702702703,0.527027027027027,0.527027027027027,29,27,10,8,74
low_score_rate_0_7,low_is_2.6,0.873172260130901,0.6222222222222221,0.5283018867924528,0.7567567567567568,0.32432432432432434,0.5405405405405406,0.5405405405405406,28,25,12,9,74
low_score_rate_0_7,low_is_2.6,0.8699875981810665,0.6206896551724138,0.54,0.7297297297297297,0.3783783783783784,0.5540540540540541,0.5540540540540541,27,23,14,10,74
low_score_rate_0_7,low_is_2.6,0.8900248933143671,0.6170212765957447,0.5087719298245614,0.7837837837837838,0.24324324324324326,0.5135135135135135,0.5135135135135135,29,28,9,8,74
low_score_rate_0_7,low_is_2.6,0.8707425343018563,0.6136363636363636,0.5294117647058824,0.7297297297297297,0.35135135135135137,0.5405405405405406,0.5405405405405406,27,24,13,10,74
low_score_rate_0_7,low_is_2.6,0.8654654169360052,0.611764705882353,0.5416666666666666,0.7027027027027027,0.40540540540540543,0.5540540540540541,0.5540540540540541,26,22,15,11,74
low_score_rate_0_7,high_is_2.6,0.7361886760030931,0.6105263157894737,0.5,0.7837837837837838,0.21621621621621623,0.5,0.5,29,29,8,8,74
low_score_rate_0_7,low_is_2.6,0.8717607973421927,0.6067415730337079,0.5192307692307693,0.7297297297297297,0.32432432432432434,0.527027027027027,0.527027027027027,27,25,12,10,74
low_score_rate_0_7,high_is_2.6,0.7418133947671548,0.5957446808510638,0.49122807017543857,0.7567567567567568,0.21621621621621623,0.4864864864864865,0.4864864864864865,28,29,8,9,74
low_score_rate_0_7,low_is_2.6,0.8652765773552291,0.5952380952380952,0.5319148936170213,0.6756756756756757,0.40540540540540543,0.5405405405405406,0.5405405405405406,25,22,15,12,74
low_score_rate_0_7,high_is_2.6,0.7509915457676651,0.5934065934065933,0.5,0.7297297297297297,0.2702702702702703,0.5,0.5,27,27,10,10,74
low_score_rate_0_7,high_is_2.6,0.7481716756525917,0.5869565217391305,0.4909090909090909,0.7297297297297297,0.24324324324324326,0.4864864864864865,0.4864864864864865,27,28,9,10,74
low_score_rate_0_7,high_is_2.6,0.7469271574589209,0.5806451612903226,0.48214285714285715,0.7297297297297297,0.21621621621621623,0.47297297297297297,0.47297297297297297,27,29,8,10,74
low_score_rate_0_7,low_is_2.6,0.8637436899527764,0.5783132530120482,0.5217391304347826,0.6486486486486487,0.40540540540540543,0.527027027027027,0.5270270270270271,24,22,15,13,74
low_score_rate_0_7,high_is_2.6,0.7585450609547681,0.5777777777777777,0.49056603773584906,0.7027027027027027,0.2702702702702703,0.4864864864864865,0.4864864864864865,26,27,10,11,74
low_score_rate_0_7,low_is_2.6,0.8569182389937107,0.5679012345679012,0.5227272727272727,0.6216216216216216,0.43243243243243246,0.527027027027027,0.527027027027027,23,21,16,14,74
low_score_rate_0_7,high_is_2.6,0.7636238337574215,0.5617977528089887,0.4807692307692308,0.6756756756756757,0.2702702702702703,0.47297297297297297,0.47297297297297297,25,27,10,12,74
low_score_rate_0_7,low_is_2.6,0.860404703308723,0.5609756097560976,0.5111111111111111,0.6216216216216216,0.40540540540540543,0.5135135135135135,0.5135135135135135,23,22,15,14,74
low_score_rate_0_7,low_is_2.6,0.8520120230646546,0.5569620253164557,0.5238095238095238,0.5945945945945946,0.4594594594594595,0.527027027027027,0.5270270270270271,22,20,17,15,74
low_score_rate_0_7,high_is_2.6,0.7890881201734898,0.5542168674698795,0.5,0.6216216216216216,0.3783783783783784,0.5,0.5,23,23,14,14,74
low_score_rate_0_7,high_is_2.6,0.780625,0.5517241379310345,0.48,0.6486486486486487,0.2972972972972973,0.47297297297297297,0.472972972972973,24,26,11,13,74
low_score_rate_0_7,low_is_2.6,0.8542463825482693,0.55,0.5116279069767442,0.5945945945945946,0.43243243243243246,0.5135135135135135,0.5135135135135136,22,21,16,15,74
low_score_rate_0_7,high_is_2.6,0.7879658936761191,0.5476190476190476,0.48936170212765956,0.6216216216216216,0.35135135135135137,0.4864864864864865,0.4864864864864865,23,24,13,14,74
low_score_rate_0_7,high_is_2.6,0.7719444444444444,0.5454545454545454,0.47058823529411764,0.6486486486486487,0.2702702702702703,0.4594594594594595,0.4594594594594595,24,27,10,13,74
low_score_rate_0_7,high_is_2.6,0.7994788141329362,0.5432098765432098,0.5,0.5945945945945946,0.40540540540540543,0.5,0.5,22,22,15,15,74
low_score_rate_0_7,high_is_2.6,0.7869677028969064,0.5411764705882353,0.4791666666666667,0.6216216216216216,0.32432432432432434,0.47297297297297297,0.47297297297297297,23,25,12,14,74
low_score_rate_0_7,high_is_2.6,0.8138353309015112,0.5384615384615384,0.5121951219512195,0.5675675675675675,0.4594594594594595,0.5135135135135135,0.5135135135135135,21,20,17,16,74
low_score_rate_0_7,low_is_2.6,0.8456066637181188,0.5384615384615384,0.5121951219512195,0.5675675675675675,0.4594594594594595,0.5135135135135135,0.5135135135135135,21,20,17,16,74
low_score_rate_0_7,high_is_2.6,0.793803940726266,0.5365853658536586,0.4888888888888889,0.5945945945945946,0.3783783783783784,0.4864864864864865,0.4864864864864865,22,23,14,15,74
low_score_rate_0_7,high_is_2.6,0.7837873931623931,0.5348837209302325,0.46938775510204084,0.6216216216216216,0.2972972972972973,0.4594594594594595,0.45945945945945943,23,26,11,14,74
low_score_rate_0_7,high_is_2.6,0.8102884201463625,0.5316455696202531,0.5,0.5675675675675675,0.43243243243243246,0.5,0.5,21,21,16,16,74
low_score_rate_0_7,high_is_2.6,0.8187071144817624,0.5263157894736842,0.5128205128205128,0.5405405405405406,0.4864864864864865,0.5135135135135135,0.5135135135135136,20,19,18,17,74
low_score_rate_0_7,low_is_2.6,0.8309221973651504,0.5263157894736842,0.5128205128205128,0.5405405405405406,0.4864864864864865,0.5135135135135135,0.5135135135135136,20,19,18,17,74
low_score_rate_0_7,high_is_2.6,0.8049502357255107,0.525,0.4883720930232558,0.5675675675675675,0.40540540540540543,0.4864864864864865,0.4864864864864865,21,22,15,16,74
low_score_rate_0_7,high_is_2.6,0.8163454410674573,0.5194805194805195,0.5,0.5405405405405406,0.4594594594594595,0.5,0.5,20,20,17,17,74
low_score_rate_0_7,low_is_2.6,0.8362754497772263,0.5194805194805195,0.5,0.5405405405405406,0.4594594594594595,0.5,0.5,20,20,17,17,74
low_score_rate_0_7,high_is_2.6,0.8258470542608327,0.5135135135135135,0.5135135135135135,0.5135135135135135,0.5135135135135135,0.5135135135135135,0.5135135135135135,19,18,19,18,74
low_score_rate_0_7,high_is_2.6,0.8217608350351713,0.5066666666666666,0.5,0.5135135135135135,0.4864864864864865,0.5,0.5,19,19,18,18,74
low_score_rate_0_7,low_is_2.6,0.8291574442968865,0.5066666666666666,0.5,0.5135135135135135,0.4864864864864865,0.5,0.5,19,19,18,18,74
low_score_rate_0_7,high_is_2.6,0.8291574442968865,0.4931506849315069,0.5,0.4864864864864865,0.5135135135135135,0.5,0.5,18,18,19,19,74
low_score_rate_0_7,low_is_2.6,0.8217608350351713,0.4931506849315069,0.5,0.4864864864864865,0.5135135135135135,0.5,0.5,18,18,19,19,74
low_score_rate_0_7,low_is_2.6,0.8258470542608327,0.4864864864864865,0.4864864864864865,0.4864864864864865,0.4864864864864865,0.4864864864864865,0.4864864864864865,18,19,18,19,74
low_score_rate_0_7,high_is_2.6,0.8362754497772263,0.47887323943661975,0.5,0.4594594594594595,0.5405405405405406,0.5,0.5,17,17,20,20,74
low_score_rate_0_7,low_is_2.6,0.8163454410674573,0.47887323943661975,0.5,0.4594594594594595,0.5405405405405406,0.5,0.5,17,17,20,20,74
low_score_rate_0_7,high_is_2.6,0.8309221973651504,0.47222222222222227,0.4857142857142857,0.4594594594594595,0.5135135135135135,0.4864864864864865,0.4864864864864865,17,18,19,20,74
low_score_rate_0_7,low_is_2.6,0.8187071144817624,0.47222222222222227,0.4857142857142857,0.4594594594594595,0.5135135135135135,0.4864864864864865,0.4864864864864865,17,18,19,20,74
low_score_rate_0_7,low_is_2.6,0.8049502357255107,0.47058823529411764,0.5161290322580645,0.43243243243243246,0.5945945945945946,0.5135135135135135,0.5135135135135136,16,15,22,21,74
low_score_rate_0_7,low_is_2.6,0.8102884201463625,0.463768115942029,0.5,0.43243243243243246,0.5675675675675675,0.5,0.5,16,16,21,21,74
low_score_rate_0_7,high_is_2.6,0.8456066637181188,0.45714285714285713,0.48484848484848486,0.43243243243243246,0.5405405405405406,0.4864864864864865,0.4864864864864865,16,17,20,21,74
low_score_rate_0_7,low_is_2.6,0.8138353309015112,0.45714285714285713,0.48484848484848486,0.43243243243243246,0.5405405405405406,0.4864864864864865,0.4864864864864865,16,17,20,21,74
low_score_rate_0_7,low_is_2.6,0.793803940726266,0.4545454545454546,0.5172413793103449,0.40540540540540543,0.6216216216216216,0.5135135135135135,0.5135135135135135,15,14,23,22,74
low_score_rate_0_7,low_is_2.6,0.7837873931623931,0.4516129032258065,0.56,0.3783783783783784,0.7027027027027027,0.5405405405405406,0.5405405405405406,14,11,26,23,74
low_score_rate_0_7,low_is_2.6,0.7994788141329362,0.4477611940298507,0.5,0.40540540540540543,0.5945945945945946,0.5,0.5,15,15,22,22,74
low_score_rate_0_7,low_is_2.6,0.7869677028969064,0.4444444444444445,0.5384615384615384,0.3783783783783784,0.6756756756756757,0.527027027027027,0.527027027027027,14,12,25,23,74
low_score_rate_0_7,high_is_2.6,0.8542463825482693,0.4411764705882353,0.4838709677419355,0.40540540540540543,0.5675675675675675,0.4864864864864865,0.4864864864864865,15,16,21,22,74
low_score_rate_0_7,low_is_2.6,0.7879658936761191,0.4375,0.5185185185185185,0.3783783783783784,0.6486486486486487,0.5135135135135135,0.5135135135135136,14,13,24,23,74
low_score_rate_0_7,high_is_2.6,0.8520120230646546,0.43478260869565216,0.46875,0.40540540540540543,0.5405405405405406,0.47297297297297297,0.472972972972973,15,17,20,22,74
low_score_rate_0_7,low_is_2.6,0.7719444444444444,0.43333333333333335,0.5652173913043478,0.35135135135135137,0.7297297297297297,0.5405405405405406,0.5405405405405406,13,10,27,24,74
low_score_rate_0_7,low_is_2.6,0.7890881201734898,0.4307692307692308,0.5,0.3783783783783784,0.6216216216216216,0.5,0.5,14,14,23,23,74
low_score_rate_0_7,low_is_2.6,0.780625,0.4262295081967213,0.5416666666666666,0.35135135135135137,0.7027027027027027,0.527027027027027,0.5270270270270271,13,11,26,24,74
low_score_rate_0_7,high_is_2.6,0.860404703308723,0.42424242424242425,0.4827586206896552,0.3783783783783784,0.5945945945945946,0.4864864864864865,0.4864864864864865,14,15,22,23,74
low_score_rate_0_7,high_is_2.6,0.8569182389937107,0.417910447761194,0.4666666666666667,0.3783783783783784,0.5675675675675675,0.47297297297297297,0.47297297297297297,14,16,21,23,74
low_score_rate_0_7,low_is_2.6,0.7636238337574215,0.4067796610169491,0.5454545454545454,0.32432432432432434,0.7297297297297297,0.527027027027027,0.527027027027027,12,10,27,25,74
low_score_rate_0_7,high_is_2.6,0.8637436899527764,0.39999999999999997,0.4642857142857143,0.35135135135135137,0.5945945945945946,0.47297297297297297,0.472972972972973,13,15,22,24,74
low_score_rate_0_7,low_is_2.6,0.7585450609547681,0.37931034482758624,0.5238095238095238,0.2972972972972973,0.7297297297297297,0.5135135135135135,0.5135135135135135,11,10,27,26,74
low_score_rate_0_7,high_is_2.6,0.8652765773552291,0.375,0.4444444444444444,0.32432432432432434,0.5945945945945946,0.4594594594594595,0.4594594594594595,12,15,22,25,74
low_score_rate_0_7,low_is_2.6,0.7469271574589209,0.36363636363636365,0.5555555555555556,0.2702702702702703,0.7837837837837838,0.527027027027027,0.527027027027027,10,8,29,27,74
low_score_rate_0_7,low_is_2.6,0.7481716756525917,0.35714285714285715,0.5263157894736842,0.2702702702702703,0.7567567567567568,0.5135135135135135,0.5135135135135136,10,9,28,27,74
low_score_rate_0_7,low_is_2.6,0.7509915457676651,0.3508771929824562,0.5,0.2702702702702703,0.7297297297297297,0.5,0.5,10,10,27,27,74
low_score_rate_0_7,high_is_2.6,0.8654654169360052,0.34920634920634924,0.4230769230769231,0.2972972972972973,0.5945945945945946,0.44594594594594594,0.44594594594594594,11,15,22,26,74
low_score_rate_0_7,high_is_2.6,0.8717607973421927,0.33898305084745767,0.45454545454545453,0.2702702702702703,0.6756756756756757,0.47297297297297297,0.47297297297297297,10,12,25,27,74
low_score_rate_0_7,low_is_2.6,0.7418133947671548,0.33333333333333337,0.5294117647058824,0.24324324324324326,0.7837837837837838,0.5135135135135135,0.5135135135135135,9,8,29,28,74
low_score_rate_0_7,high_is_2.6,0.8707425343018563,0.3333333333333333,0.43478260869565216,0.2702702702702703,0.6486486486486487,0.4594594594594595,0.4594594594594595,10,13,24,27,74
low_score_rate_0_7,high_is_2.6,0.8699875981810665,0.3278688524590164,0.4166666666666667,0.2702702702702703,0.6216216216216216,0.44594594594594594,0.44594594594594594,10,14,23,27,74
low_score_rate_0_7,high_is_2.6,0.8677324588371934,0.3225806451612903,0.4,0.2702702702702703,0.5945945945945946,0.43243243243243246,0.43243243243243246,10,15,22,27,74
low_score_rate_0_7,high_is_2.6,0.873172260130901,0.3103448275862069,0.42857142857142855,0.24324324324324326,0.6756756756756757,0.4594594594594595,0.45945945945945943,9,12,25,28,74
low_score_rate_0_7,low_is_2.6,0.7361886760030931,0.3018867924528302,0.5,0.21621621621621623,0.7837837837837838,0.5,0.5,8,8,29,29,74
low_score_rate_0_7,high_is_2.6,0.8900248933143671,0.29629629629629634,0.47058823529411764,0.21621621621621623,0.7567567567567568,0.4864864864864865,0.4864864864864865,8,9,28,29,74
low_score_rate_0_7,high_is_2.6,0.8838379835129994,0.2909090909090909,0.4444444444444444,0.21621621621621623,0.7297297297297297,0.47297297297297297,0.47297297297297297,8,10,27,29,74
low_score_rate_0_7,high_is_2.6,0.8783555273726484,0.28571428571428575,0.42105263157894735,0.21621621621621623,0.7027027027027027,0.4594594594594595,0.4594594594594595,8,11,26,29,74
low_score_rate_0_7,high_is_2.6,0.8757222397310642,0.2807017543859649,0.4,0.21621621621621623,0.6756756756756757,0.44594594594594594,0.44594594594594594,8,12,25,29,74
low_score_rate_0_7,high_is_2.6,0.8945720968629609,0.2692307692307693,0.4666666666666667,0.1891891891891892,0.7837837837837838,0.4864864864864865,0.4864864864864865,7,8,29,30,74
low_score_rate_0_7,low_is_2.6,0.7321215020330065,0.2692307692307693,0.4666666666666667,0.1891891891891892,0.7837837837837838,0.4864864864864865,0.4864864864864865,7,8,29,30,74
low_score_rate_0_7,high_is_2.6,0.8921484775915156,0.2641509433962264,0.4375,0.1891891891891892,0.7567567567567568,0.47297297297297297,0.472972972972973,7,9,28,30,74
low_score_rate_0_7,high_is_2.6,0.8969676960585128,0.23529411764705885,0.42857142857142855,0.16216216216216217,0.7837837837837838,0.47297297297297297,0.47297297297297297,6,8,29,31,74
low_score_rate_0_7,low_is_2.6,0.7285012285012284,0.23529411764705885,0.42857142857142855,0.16216216216216217,0.7837837837837838,0.47297297297297297,0.47297297297297297,6,8,29,31,74
low_score_rate_0_7,high_is_2.6,0.9074440052700923,0.20833333333333334,0.45454545454545453,0.13513513513513514,0.8378378378378378,0.4864864864864865,0.4864864864864865,5,6,31,32,74
low_score_rate_0_7,low_is_2.6,0.7116471734892788,0.20833333333333334,0.45454545454545453,0.13513513513513514,0.8378378378378378,0.4864864864864865,0.4864864864864865,5,6,31,32,74
low_score_rate_0_7,high_is_2.6,0.9031909483854563,0.20408163265306126,0.4166666666666667,0.13513513513513514,0.8108108108108109,0.47297297297297297,0.472972972972973,5,7,30,32,74
low_score_rate_0_7,low_is_2.6,0.7262723154809486,0.20408163265306126,0.4166666666666667,0.13513513513513514,0.8108108108108109,0.47297297297297297,0.472972972972973,5,7,30,32,74
low_score_rate_0_7,high_is_2.6,0.8988905285019402,0.2,0.38461538461538464,0.13513513513513514,0.7837837837837838,0.4594594594594595,0.45945945945945943,5,8,29,32,74
low_score_rate_0_7,low_is_2.6,0.7269457161543493,0.2,0.38461538461538464,0.13513513513513514,0.7837837837837838,0.4594594594594595,0.45945945945945943,5,8,29,32,74
low_score_rate_0_7,high_is_2.6,0.9101717708906412,0.17391304347826086,0.4444444444444444,0.10810810810810811,0.8648648648648649,0.4864864864864865,0.4864864864864865,4,5,32,33,74
low_score_rate_0_7,low_is_2.6,0.6957320162107397,0.17391304347826086,0.4444444444444444,0.10810810810810811,0.8648648648648649,0.4864864864864865,0.4864864864864865,4,5,32,33,74
low_score_rate_0_7,high_is_2.6,0.9094326725905673,0.1702127659574468,0.4,0.10810810810810811,0.8378378378378378,0.47297297297297297,0.47297297297297297,4,6,31,33,74
low_score_rate_0_7,low_is_2.6,0.6968984962406015,0.1702127659574468,0.4,0.10810810810810811,0.8378378378378378,0.47297297297297297,0.47297297297297297,4,6,31,33,74
low_score_rate_0_7,low_is_2.6,0.6806878306878308,0.13953488372093023,0.5,0.08108108108108109,0.918918918918919,0.5,0.5,3,3,34,34,74
low_score_rate_0_7,high_is_2.6,0.9123968611159194,0.13636363636363638,0.42857142857142855,0.08108108108108109,0.8918918918918919,0.4864864864864865,0.4864864864864865,3,4,33,34,74
low_score_rate_0_7,low_is_2.6,0.686932215234102,0.13636363636363638,0.42857142857142855,0.08108108108108109,0.8918918918918919,0.4864864864864865,0.4864864864864865,3,4,33,34,74
low_score_rate_0_7,high_is_2.6,0.9112593956128241,0.13333333333333333,0.375,0.08108108108108109,0.8648648648648649,0.47297297297297297,0.472972972972973,3,5,32,34,74
low_score_rate_0_7,low_is_2.6,0.6918573531379633,0.13333333333333333,0.375,0.08108108108108109,0.8648648648648649,0.47297297297297297,0.472972972972973,3,5,32,34,74
low_score_rate_0_7,high_is_2.6,0.9252898550724638,0.1,0.6666666666666666,0.05405405405405406,0.972972972972973,0.5135135135135135,0.5135135135135136,2,1,36,35,74
low_score_rate_0_7,high_is_2.6,0.922322375397667,0.0975609756097561,0.5,0.05405405405405406,0.9459459459459459,0.5,0.5,2,2,35,35,74
low_score_rate_0_7,high_is_2.6,0.9184078117004946,0.09523809523809523,0.4,0.05405405405405406,0.918918918918919,0.4864864864864865,0.4864864864864865,2,3,34,35,74
low_score_rate_0_7,low_is_2.6,0.6674603174603175,0.09523809523809523,0.4,0.05405405405405406,0.918918918918919,0.4864864864864865,0.4864864864864865,2,3,34,35,74
low_score_rate_0_7,high_is_2.6,0.9144639763905819,0.09302325581395349,0.3333333333333333,0.05405405405405406,0.8918918918918919,0.47297297297297297,0.47297297297297297,2,4,33,35,74
low_score_rate_0_7,high_is_2.6,0.9518207515796475,0.052631578947368425,1.0,0.02702702702702703,1.0,0.5135135135135135,0.5135135135135135,1,0,37,36,74
low_score_rate_0_7,high_is_2.6,0.9758064516129032,0.052631578947368425,1.0,0.02702702702702703,1.0,0.5135135135135135,0.5135135135135135,1,0,37,36,74
low_score_rate_0_7,low_is_2.6,0.6036036036036037,0.052631578947368425,1.0,0.02702702702702703,1.0,0.5135135135135135,0.5135135135135135,1,0,37,36,74
low_score_rate_0_7,low_is_2.6,0.6156315890358444,0.052631578947368425,1.0,0.02702702702702703,1.0,0.5135135135135135,0.5135135135135135,1,0,37,36,74
low_score_rate_0_7,high_is_2.6,0.9272508591065292,0.05128205128205129,0.5,0.02702702702702703,0.972972972972973,0.5,0.5,1,1,36,36,74
low_score_rate_0_7,low_is_2.6,0.6349679986161564,0.05128205128205129,0.5,0.02702702702702703,0.972972972972973,0.5,0.5,1,1,36,36,74
low_score_rate_0_7,low_is_2.6,0.6500855798031665,0.05,0.3333333333333333,0.02702702702702703,0.9459459459459459,0.4864864864864865,0.4864864864864865,1,2,35,36,74
low_score_rate_0_7,low_is_2.6,0.658312447786132,0.04878048780487805,0.25,0.02702702702702703,0.918918918918919,0.47297297297297297,0.472972972972973,1,3,34,36,74
low_score_rate_0_8,low_is_2.6,0.9288234391777881,0.6792452830188679,0.5217391304347826,0.972972972972973,0.10810810810810811,0.5405405405405406,0.5405405405405406,36,33,4,1,74
low_score_rate_0_8,low_is_2.6,0.9318722196655929,0.6728971962616821,0.5142857142857142,0.972972972972973,0.08108108108108109,0.527027027027027,0.5270270270270271,36,34,3,1,74
low_score_rate_0_8,high_is_2.6,0.7083835139836745,0.6666666666666666,0.5230769230769231,0.918918918918919,0.16216216216216217,0.5405405405405406,0.5405405405405406,34,31,6,3,74
low_score_rate_0_8,low_is_2.6,0.9329582599949711,0.6666666666666666,0.5070422535211268,0.972972972972973,0.05405405405405406,0.5135135135135135,0.5135135135135136,36,35,2,1,74
low_score_rate_0_8,high_is_2.6,0.6216216216216216,0.6666666666666666,0.5,1.0,0.0,0.5,0.5,37,37,0,0,74
low_score_rate_0_8,low_is_2.6,0.9758064516129032,0.6666666666666666,0.5,1.0,0.0,0.5,0.5,37,37,0,0,74
low_score_rate_0_8,low_is_2.6,0.9267479674796748,0.6666666666666665,0.5147058823529411,0.9459459459459459,0.10810810810810811,0.527027027027027,0.527027027027027,35,33,4,2,74
low_score_rate_0_8,high_is_2.6,0.6617696724079702,0.6605504587155964,0.5,0.972972972972973,0.02702702702702703,0.5,0.5,36,36,1,1,74
low_score_rate_0_8,low_is_2.6,0.9338861497086508,0.6605504587155964,0.5,0.972972972972973,0.02702702702702703,0.5,0.5,36,36,1,1,74
low_score_rate_0_8,high_is_2.6,0.701987870619946,0.6601941747572816,0.5151515151515151,0.918918918918919,0.13513513513513514,0.527027027027027,0.5270270270270271,34,32,5,3,74
low_score_rate_0_8,low_is_2.6,0.9197408871321915,0.6601941747572816,0.5151515151515151,0.918918918918919,0.13513513513513514,0.527027027027027,0.5270270270270271,34,32,5,3,74
low_score_rate_0_8,high_is_2.6,0.6352788959171938,0.6545454545454545,0.4931506849315068,0.972972972972973,0.0,0.4864864864864865,0.4864864864864865,36,37,0,1,74
low_score_rate_0_8,low_is_2.6,0.9552945301542777,0.6545454545454545,0.4931506849315068,0.972972972972973,0.0,0.4864864864864865,0.4864864864864865,36,37,0,1,74
low_score_rate_0_8,high_is_2.6,0.6954365079365079,0.6538461538461539,0.5074626865671642,0.918918918918919,0.10810810810810811,0.5135135135135135,0.5135135135135136,34,33,4,3,74
low_score_rate_0_8,low_is_2.6,0.9234782608695652,0.6538461538461539,0.5074626865671642,0.918918918918919,0.10810810810810811,0.5135135135135135,0.5135135135135136,34,33,4,3,74
low_score_rate_0_8,high_is_2.6,0.7164520343411721,0.6534653465346535,0.515625,0.8918918918918919,0.16216216216216217,0.527027027027027,0.527027027027027,33,31,6,4,74
low_score_rate_0_8,low_is_2.6,0.9144639763905819,0.6534653465346535,0.515625,0.8918918918918919,0.16216216216216217,0.527027027027027,0.527027027027027,33,31,6,4,74
low_score_rate_0_8,low_is_2.6,0.904303330790745,0.6530612244897959,0.5245901639344263,0.8648648648648649,0.21621621621621623,0.5405405405405406,0.5405405405405406,32,29,8,5,74
low_score_rate_0_8,high_is_2.6,0.6753968253968254,0.6481481481481483,0.49295774647887325,0.9459459459459459,0.02702702702702703,0.4864864864864865,0.4864864864864865,35,36,1,2,74
low_score_rate_0_8,high_is_2.6,0.6886856368563685,0.6476190476190476,0.5,0.918918918918919,0.08108108108108109,0.5,0.5,34,34,3,3,74
low_score_rate_0_8,low_is_2.6,0.9176379176379177,0.6470588235294117,0.5076923076923077,0.8918918918918919,0.13513513513513514,0.5135135135135135,0.5135135135135135,33,32,5,4,74
low_score_rate_0_8,low_is_2.6,0.9081035923141186,0.6464646464646465,0.5161290322580645,0.8648648648648649,0.1891891891891892,0.527027027027027,0.5270270270270271,32,30,7,5,74
low_score_rate_0_8,high_is_2.6,0.6802792041078306,0.6415094339622641,0.4927536231884058,0.918918918918919,0.05405405405405406,0.4864864864864865,0.4864864864864865,34,35,2,3,74
low_score_rate_0_8,high_is_2.6,0.7267069701280228,0.64,0.5079365079365079,0.8648648648648649,0.16216216216216217,0.5135135135135135,0.5135135135135136,32,31,6,5,74
low_score_rate_0_8,low_is_2.6,0.9113092363937366,0.64,0.5079365079365079,0.8648648648648649,0.16216216216216217,0.5135135135135135,0.5135135135135136,32,31,6,5,74
low_score_rate_0_8,low_is_2.6,0.9015374069721895,0.6391752577319588,0.5166666666666667,0.8378378378378378,0.21621621621621623,0.527027027027027,0.527027027027027,31,29,8,6,74
low_score_rate_0_8,high_is_2.6,0.6769110275689223,0.6355140186915889,0.4857142857142857,0.918918918918919,0.02702702702702703,0.47297297297297297,0.472972972972973,34,36,1,3,74
low_score_rate_0_8,low_is_2.6,0.8979652194487164,0.631578947368421,0.5172413793103449,0.8108108108108109,0.24324324324324326,0.527027027027027,0.5270270270270271,30,28,9,7,74
low_score_rate_0_8,low_is_2.6,0.8847176079734219,0.6292134831460674,0.5384615384615384,0.7567567567567568,0.35135135135135137,0.5540540540540541,0.5540540540540541,28,24,13,9,74
low_score_rate_0_8,low_is_2.6,0.8753531073446328,0.6279069767441859,0.5510204081632653,0.7297297297297297,0.40540540540540543,0.5675675675675675,0.5675675675675675,27,22,15,10,74
low_score_rate_0_8,high_is_2.6,0.7321215020330065,0.6262626262626263,0.5,0.8378378378378378,0.16216216216216217,0.5,0.5,31,31,6,6,74
low_score_rate_0_8,high_is_2.6,0.7417157183344234,0.6249999999999999,0.5084745762711864,0.8108108108108109,0.21621621621621623,0.5135135135135135,0.5135135135135136,30,29,8,7,74
low_score_rate_0_8,low_is_2.6,0.8998175390580454,0.6249999999999999,0.5084745762711864,0.8108108108108109,0.21621621621621623,0.5135135135135135,0.5135135135135136,30,29,8,7,74
low_score_rate_0_8,low_is_2.6,0.8878991720875222,0.6236559139784947,0.5178571428571429,0.7837837837837838,0.2702702702702703,0.527027027027027,0.527027027027027,29,27,10,8,74
low_score_rate_0_8,low_is_2.6,0.8858395989974936,0.6222222222222221,0.5283018867924528,0.7567567567567568,0.32432432432432434,0.5405405405405406,0.5405405405405406,28,25,12,9,74
low_score_rate_0_8,low_is_2.6,0.877612143489211,0.6206896551724138,0.54,0.7297297297297297,0.3783783783783784,0.5540540540540541,0.5540540540540541,27,23,14,10,74
low_score_rate_0_8,high_is_2.6,0.7408739674926725,0.6185567010309277,0.5,0.8108108108108109,0.1891891891891892,0.5,0.5,30,30,7,7,74
low_score_rate_0_8,low_is_2.6,0.8926770782095426,0.6170212765957447,0.5087719298245614,0.7837837837837838,0.24324324324324326,0.5135135135135135,0.5135135135135135,29,28,9,8,74
low_score_rate_0_8,low_is_2.6,0.8860718870346598,0.6153846153846154,0.5185185185185185,0.7567567567567568,0.2972972972972973,0.527027027027027,0.5270270270270271,28,26,11,9,74
low_score_rate_0_8,low_is_2.6,0.8816195012608574,0.6136363636363636,0.5294117647058824,0.7297297297297297,0.35135135135135137,0.5405405405405406,0.5405405405405406,27,24,13,10,74
low_score_rate_0_8,high_is_2.6,0.737627007538512,0.6122448979591837,0.4918032786885246,0.8108108108108109,0.16216216216216217,0.4864864864864865,0.4864864864864865,30,31,6,7,74
low_score_rate_0_8,low_is_2.6,0.874625748502994,0.611764705882353,0.5416666666666666,0.7027027027027027,0.40540540540540543,0.5540540540540541,0.5540540540540541,26,22,15,11,74
low_score_rate_0_8,high_is_2.6,0.7449985289791115,0.6105263157894737,0.5,0.7837837837837838,0.21621621621621623,0.5,0.5,29,29,8,8,74
low_score_rate_0_8,high_is_2.6,0.7584596103452205,0.608695652173913,0.509090909090909,0.7567567567567568,0.2702702702702703,0.5135135135135135,0.5135135135135136,28,27,10,9,74
low_score_rate_0_8,low_is_2.6,0.8869096556134101,0.608695652173913,0.509090909090909,0.7567567567567568,0.2702702702702703,0.5135135135135135,0.5135135135135136,28,27,10,9,74
low_score_rate_0_8,high_is_2.6,0.755484973042225,0.6021505376344086,0.5,0.7567567567567568,0.24324324324324326,0.5,0.5,28,28,9,9,74
low_score_rate_0_8,high_is_2.6,0.7514087853893678,0.5957446808510638,0.49122807017543857,0.7567567567567568,0.21621621621621623,0.4864864864864865,0.4864864864864865,28,29,8,9,74
low_score_rate_0_8,low_is_2.6,0.8698988577466915,0.5952380952380952,0.5319148936170213,0.6756756756756757,0.40540540540540543,0.5405405405405406,0.5405405405405406,25,22,15,12,74
low_score_rate_0_8,high_is_2.6,0.7619529471287629,0.5934065934065933,0.5,0.7297297297297297,0.2702702702702703,0.5,0.5,27,27,10,10,74
low_score_rate_0_8,low_is_2.6,0.8639325295335526,0.5783132530120482,0.5217391304347826,0.6486486486486487,0.40540540540540543,0.527027027027027,0.5270270270270271,24,22,15,13,74
low_score_rate_0_8,high_is_2.6,0.7667725988700564,0.5777777777777777,0.49056603773584906,0.7027027027027027,0.2702702702702703,0.4864864864864865,0.4864864864864865,26,27,10,11,74
low_score_rate_0_8,low_is_2.6,0.8516130931355234,0.5714285714285715,0.55,0.5945945945945946,0.5135135135135135,0.5540540540540541,0.5540540540540541,22,18,19,15,74
low_score_rate_0_8,low_is_2.6,0.8553780364673041,0.5641025641025641,0.5365853658536586,0.5945945945945946,0.4864864864864865,0.5405405405405406,0.5405405405405406,22,19,18,15,74
low_score_rate_0_8,high_is_2.6,0.7799479166666667,0.5617977528089887,0.4807692307692308,0.6756756756756757,0.2702702702702703,0.47297297297297297,0.47297297297297297,25,27,10,12,74
low_score_rate_0_8,low_is_2.6,0.8619770303527482,0.5609756097560976,0.5111111111111111,0.6216216216216216,0.40540540540540543,0.5135135135135135,0.5135135135135135,23,22,15,14,74
low_score_rate_0_8,low_is_2.6,0.8427032784944963,0.5599999999999999,0.5526315789473685,0.5675675675675675,0.5405405405405406,0.5540540540540541,0.5540540540540541,21,17,20,16,74
low_score_rate_0_8,low_is_2.6,0.8584488228418767,0.5569620253164557,0.5238095238095238,0.5945945945945946,0.4594594594594595,0.527027027027027,0.5270270270270271,22,20,17,15,74
low_score_rate_0_8,low_is_2.6,0.8479738077588337,0.5526315789473685,0.5384615384615384,0.5675675675675675,0.5135135135135135,0.5405405405405406,0.5405405405405406,21,18,19,16,74
low_score_rate_0_8,low_is_2.6,0.859315213088798,0.55,0.5116279069767442,0.5945945945945946,0.43243243243243246,0.5135135135135135,0.5135135135135136,22,21,16,15,74
low_score_rate_0_8,high_is_2.6,0.7914778148854962,0.5454545454545454,0.47058823529411764,0.6486486486486487,0.2702702702702703,0.4594594594594595,0.4594594594594595,24,27,10,13,74
low_score_rate_0_8,low_is_2.6,0.8608875401328231,0.5432098765432098,0.5,0.5945945945945946,0.40540540540540543,0.5,0.5,22,22,15,15,74
low_score_rate_0_8,high_is_2.6,0.80388331475288,0.5411764705882353,0.4791666666666667,0.6216216216216216,0.32432432432432434,0.47297297297297297,0.47297297297297297,23,25,12,14,74
low_score_rate_0_8,low_is_2.6,0.8386865857454093,0.5405405405405406,0.5405405405405406,0.5405405405405406,0.5405405405405406,0.5405405405405406,0.5405405405405406,20,17,20,17,74
low_score_rate_0_8,high_is_2.6,0.8031692557240002,0.5348837209302325,0.46938775510204084,0.6216216216216216,0.2972972972972973,0.4594594594594595,0.45945945945945943,23,26,11,14,74
low_score_rate_0_8,high_is_2.6,0.8125671000835024,0.5301204819277109,0.4782608695652174,0.5945945945945946,0.35135135135135137,0.47297297297297297,0.472972972972973,22,24,13,15,74
low_score_rate_0_8,high_is_2.6,0.7984064189000948,0.5287356321839081,0.46,0.6216216216216216,0.2702702702702703,0.44594594594594594,0.44594594594594594,23,27,10,14,74
low_score_rate_0_8,high_is_2.6,0.8081145071028842,0.5238095238095238,0.46808510638297873,0.5945945945945946,0.32432432432432434,0.4594594594594595,0.4594594594594595,22,25,12,15,74
low_score_rate_0_8,low_is_2.6,0.8368452117456102,0.5205479452054794,0.5277777777777778,0.5135135135135135,0.5405405405405406,0.527027027027027,0.527027027027027,19,17,20,18,74
low_score_rate_0_8,high_is_2.6,0.8316666666666667,0.5194805194805195,0.5,0.5405405405405406,0.4594594594594595,0.5,0.5,20,20,17,17,74
low_score_rate_0_8,high_is_2.6,0.8279213483146067,0.5128205128205128,0.4878048780487805,0.5405405405405406,0.43243243243243246,0.4864864864864865,0.4864864864864865,20,21,16,17,74
low_score_rate_0_8,high_is_2.6,0.8145212428662016,0.5121951219512195,0.4666666666666667,0.5675675675675675,0.35135135135135137,0.4594594594594595,0.45945945945945943,21,24,13,16,74
low_score_rate_0_8,low_is_2.6,0.8165903890160183,0.5074626865671642,0.5666666666666667,0.4594594594594595,0.6486486486486487,0.5540540540540541,0.5540540540540541,17,13,24,20,74
low_score_rate_0_8,high_is_2.6,0.8244257730933677,0.5063291139240507,0.47619047619047616,0.5405405405405406,0.40540540540540543,0.47297297297297297,0.472972972972973,20,22,15,17,74
low_score_rate_0_8,low_is_2.6,0.820200076952674,0.5,0.5483870967741935,0.4594594594594595,0.6216216216216216,0.5405405405405406,0.5405405405405406,17,14,23,20,74
low_score_rate_0_8,low_is_2.6,0.8349933598937583,0.5,0.5142857142857142,0.4864864864864865,0.5405405405405406,0.5135135135135135,0.5135135135135136,18,17,20,19,74
low_score_rate_0_8,high_is_2.6,0.8349933598937583,0.5,0.48717948717948717,0.5135135135135135,0.4594594594594595,0.4864864864864865,0.4864864864864865,19,20,17,18,74
low_score_rate_0_8,high_is_2.6,0.820200076952674,0.5,0.46511627906976744,0.5405405405405406,0.3783783783783784,0.4594594594594595,0.4594594594594595,20,23,14,17,74
low_score_rate_0_8,high_is_2.6,0.8165903890160183,0.49382716049382713,0.45454545454545453,0.5405405405405406,0.35135135135135137,0.44594594594594594,0.44594594594594594,20,24,13,17,74
low_score_rate_0_8,low_is_2.6,0.8244257730933677,0.4927536231884059,0.53125,0.4594594594594595,0.5945945945945946,0.527027027027027,0.5270270270270271,17,15,22,20,74
low_score_rate_0_8,low_is_2.6,0.8279213483146067,0.48571428571428577,0.5151515151515151,0.4594594594594595,0.5675675675675675,0.5135135135135135,0.5135135135135135,17,16,21,20,74
low_score_rate_0_8,low_is_2.6,0.8145212428662016,0.48484848484848486,0.5517241379310345,0.43243243243243246,0.6486486486486487,0.5405405405405406,0.5405405405405406,16,13,24,21,74
low_score_rate_0_8,high_is_2.6,0.8368452117456102,0.4799999999999999,0.47368421052631576,0.4864864864864865,0.4594594594594595,0.47297297297297297,0.472972972972973,18,20,17,19,74
low_score_rate_0_8,low_is_2.6,0.8316666666666667,0.47887323943661975,0.5,0.4594594594594595,0.5405405405405406,0.5,0.5,17,17,20,20,74
low_score_rate_0_8,low_is_2.6,0.8081145071028842,0.46875,0.5555555555555556,0.40540540540540543,0.6756756756756757,0.5405405405405406,0.5405405405405406,15,12,25,22,74
low_score_rate_0_8,low_is_2.6,0.8125671000835024,0.46153846153846156,0.5357142857142857,0.40540540540540543,0.6486486486486487,0.527027027027027,0.5270270270270271,15,13,24,22,74
low_score_rate_0_8,high_is_2.6,0.8386865857454093,0.4594594594594595,0.4594594594594595,0.4594594594594595,0.4594594594594595,0.4594594594594595,0.4594594594594595,17,20,17,20,74
low_score_rate_0_8,low_is_2.6,0.7984064189000948,0.45901639344262296,0.5833333333333334,0.3783783783783784,0.7297297297297297,0.5540540540540541,0.5540540540540541,14,10,27,23,74
low_score_rate_0_8,low_is_2.6,0.8031692557240002,0.4516129032258065,0.56,0.3783783783783784,0.7027027027027027,0.5405405405405406,0.5405405405405406,14,11,26,23,74
low_score_rate_0_8,high_is_2.6,0.8608875401328231,0.4477611940298507,0.5,0.40540540540540543,0.5945945945945946,0.5,0.5,15,15,22,22,74
low_score_rate_0_8,low_is_2.6,0.80388331475288,0.4444444444444445,0.5384615384615384,0.3783783783783784,0.6756756756756757,0.527027027027027,0.527027027027027,14,12,25,23,74
low_score_rate_0_8,high_is_2.6,0.8479738077588337,0.4444444444444445,0.45714285714285713,0.43243243243243246,0.4864864864864865,0.4594594594594595,0.4594594594594595,16,19,18,21,74
low_score_rate_0_8,high_is_2.6,0.859315213088798,0.4411764705882353,0.4838709677419355,0.40540540540540543,0.5675675675675675,0.4864864864864865,0.4864864864864865,15,16,21,22,74
low_score_rate_0_8,high_is_2.6,0.8427032784944963,0.4383561643835616,0.4444444444444444,0.43243243243243246,0.4594594594594595,0.44594594594594594,0.44594594594594594,16,20,17,21,74
low_score_rate_0_8,high_is_2.6,0.8584488228418767,0.43478260869565216,0.46875,0.40540540540540543,0.5405405405405406,0.47297297297297297,0.472972972972973,15,17,20,22,74
low_score_rate_0_8,low_is_2.6,0.7914778148854962,0.43333333333333335,0.5652173913043478,0.35135135135135137,0.7297297297297297,0.5405405405405406,0.5405405405405406,13,10,27,24,74
low_score_rate_0_8,high_is_2.6,0.8553780364673041,0.42857142857142855,0.45454545454545453,0.40540540540540543,0.5135135135135135,0.4594594594594595,0.45945945945945943,15,18,19,22,74
low_score_rate_0_8,high_is_2.6,0.8619770303527482,0.42424242424242425,0.4827586206896552,0.3783783783783784,0.5945945945945946,0.4864864864864865,0.4864864864864865,14,15,22,23,74
low_score_rate_0_8,high_is_2.6,0.8516130931355234,0.4225352112676056,0.4411764705882353,0.40540540540540543,0.4864864864864865,0.44594594594594594,0.44594594594594594,15,19,18,22,74
low_score_rate_0_8,low_is_2.6,0.7799479166666667,0.4067796610169491,0.5454545454545454,0.32432432432432434,0.7297297297297297,0.527027027027027,0.527027027027027,12,10,27,25,74
low_score_rate_0_8,high_is_2.6,0.8639325295335526,0.39999999999999997,0.4642857142857143,0.35135135135135137,0.5945945945945946,0.47297297297297297,0.472972972972973,13,15,22,24,74
low_score_rate_0_8,low_is_2.6,0.7667725988700564,0.37931034482758624,0.5238095238095238,0.2972972972972973,0.7297297297297297,0.5135135135135135,0.5135135135135135,11,10,27,26,74
low_score_rate_0_8,high_is_2.6,0.8698988577466915,0.375,0.4444444444444444,0.32432432432432434,0.5945945945945946,0.4594594594594595,0.4594594594594595,12,15,22,25,74
low_score_rate_0_8,low_is_2.6,0.7619529471287629,0.3508771929824562,0.5,0.2702702702702703,0.7297297297297297,0.5,0.5,10,10,27,27,74
low_score_rate_0_8,high_is_2.6,0.874625748502994,0.34920634920634924,0.4230769230769231,0.2972972972972973,0.5945945945945946,0.44594594594594594,0.44594594594594594,11,15,22,26,74
low_score_rate_0_8,low_is_2.6,0.7514087853893678,0.33333333333333337,0.5294117647058824,0.24324324324324326,0.7837837837837838,0.5135135135135135,0.5135135135135135,9,8,29,28,74
low_score_rate_0_8,high_is_2.6,0.8816195012608574,0.3333333333333333,0.43478260869565216,0.2702702702702703,0.6486486486486487,0.4594594594594595,0.4594594594594595,10,13,24,27,74
low_score_rate_0_8,high_is_2.6,0.877612143489211,0.3278688524590164,0.4166666666666667,0.2702702702702703,0.6216216216216216,0.44594594594594594,0.44594594594594594,10,14,23,27,74
low_score_rate_0_8,low_is_2.6,0.755484973042225,0.3272727272727273,0.5,0.24324324324324326,0.7567567567567568,0.5,0.5,9,9,28,28,74
low_score_rate_0_8,high_is_2.6,0.8753531073446328,0.3225806451612903,0.4,0.2702702702702703,0.5945945945945946,0.43243243243243246,0.43243243243243246,10,15,22,27,74
low_score_rate_0_8,high_is_2.6,0.8869096556134101,0.3214285714285714,0.47368421052631576,0.24324324324324326,0.7297297297297297,0.4864864864864865,0.4864864864864865,9,10,27,28,74
low_score_rate_0_8,low_is_2.6,0.7584596103452205,0.3214285714285714,0.47368421052631576,0.24324324324324326,0.7297297297297297,0.4864864864864865,0.4864864864864865,9,10,27,28,74
low_score_rate_0_8,high_is_2.6,0.8860718870346598,0.3157894736842105,0.45,0.24324324324324326,0.7027027027027027,0.47297297297297297,0.472972972972973,9,11,26,28,74
low_score_rate_0_8,high_is_2.6,0.8858395989974936,0.3103448275862069,0.42857142857142855,0.24324324324324326,0.6756756756756757,0.4594594594594595,0.45945945945945943,9,12,25,28,74
low_score_rate_0_8,high_is_2.6,0.8847176079734219,0.3050847457627119,0.4090909090909091,0.24324324324324326,0.6486486486486487,0.44594594594594594,0.44594594594594594,9,13,24,28,74
low_score_rate_0_8,low_is_2.6,0.7449985289791115,0.3018867924528302,0.5,0.21621621621621623,0.7837837837837838,0.5,0.5,8,8,29,29,74
low_score_rate_0_8,high_is_2.6,0.8926770782095426,0.29629629629629634,0.47058823529411764,0.21621621621621623,0.7567567567567568,0.4864864864864865,0.4864864864864865,8,9,28,29,74
low_score_rate_0_8,high_is_2.6,0.8878991720875222,0.2909090909090909,0.4444444444444444,0.21621621621621623,0.7297297297297297,0.47297297297297297,0.47297297297297297,8,10,27,29,74
low_score_rate_0_8,low_is_2.6,0.737627007538512,0.28,0.5384615384615384,0.1891891891891892,0.8378378378378378,0.5135135135135135,0.5135135135135135,7,6,31,30,74
low_score_rate_0_8,low_is_2.6,0.7408739674926725,0.2745098039215686,0.5,0.1891891891891892,0.8108108108108109,0.5,0.5,7,7,30,30,74
low_score_rate_0_8,high_is_2.6,0.8998175390580454,0.2692307692307693,0.4666666666666667,0.1891891891891892,0.7837837837837838,0.4864864864864865,0.4864864864864865,7,8,29,30,74
low_score_rate_0_8,low_is_2.6,0.7417157183344234,0.2692307692307693,0.4666666666666667,0.1891891891891892,0.7837837837837838,0.4864864864864865,0.4864864864864865,7,8,29,30,74
low_score_rate_0_8,high_is_2.6,0.8979652194487164,0.2641509433962264,0.4375,0.1891891891891892,0.7567567567567568,0.47297297297297297,0.472972972972973,7,9,28,30,74
low_score_rate_0_8,low_is_2.6,0.7321215020330065,0.2448979591836735,0.5,0.16216216216216217,0.8378378378378378,0.5,0.5,6,6,31,31,74
low_score_rate_0_8,high_is_2.6,0.9015374069721895,0.23529411764705885,0.42857142857142855,0.16216216216216217,0.7837837837837838,0.47297297297297297,0.47297297297297297,6,8,29,31,74
low_score_rate_0_8,high_is_2.6,0.9113092363937366,0.20833333333333334,0.45454545454545453,0.13513513513513514,0.8378378378378378,0.4864864864864865,0.4864864864864865,5,6,31,32,74
low_score_rate_0_8,low_is_2.6,0.7267069701280228,0.20833333333333334,0.45454545454545453,0.13513513513513514,0.8378378378378378,0.4864864864864865,0.4864864864864865,5,6,31,32,74
low_score_rate_0_8,high_is_2.6,0.9081035923141186,0.20408163265306126,0.4166666666666667,0.13513513513513514,0.8108108108108109,0.47297297297297297,0.472972972972973,5,7,30,32,74
low_score_rate_0_8,high_is_2.6,0.904303330790745,0.2,0.38461538461538464,0.13513513513513514,0.7837837837837838,0.4594594594594595,0.45945945945945943,5,8,29,32,74
low_score_rate_0_8,high_is_2.6,0.9176379176379177,0.17391304347826086,0.4444444444444444,0.10810810810810811,0.8648648648648649,0.4864864864864865,0.4864864864864865,4,5,32,33,74
low_score_rate_0_8,high_is_2.6,0.9144639763905819,0.1702127659574468,0.4,0.10810810810810811,0.8378378378378378,0.47297297297297297,0.47297297297297297,4,6,31,33,74
low_score_rate_0_8,low_is_2.6,0.7164520343411721,0.1702127659574468,0.4,0.10810810810810811,0.8378378378378378,0.47297297297297297,0.47297297297297297,4,6,31,33,74
low_score_rate_0_8,low_is_2.6,0.6769110275689223,0.14634146341463414,0.75,0.08108108108108109,0.972972972972973,0.527027027027027,0.5270270270270271,3,1,36,34,74
low_score_rate_0_8,low_is_2.6,0.6802792041078306,0.14285714285714288,0.6,0.08108108108108109,0.9459459459459459,0.5135135135135135,0.5135135135135135,3,2,35,34,74
low_score_rate_0_8,low_is_2.6,0.6886856368563685,0.13953488372093023,0.5,0.08108108108108109,0.918918918918919,0.5,0.5,3,3,34,34,74
low_score_rate_0_8,high_is_2.6,0.9234782608695652,0.13636363636363638,0.42857142857142855,0.08108108108108109,0.8918918918918919,0.4864864864864865,0.4864864864864865,3,4,33,34,74
low_score_rate_0_8,low_is_2.6,0.6954365079365079,0.13636363636363638,0.42857142857142855,0.08108108108108109,0.8918918918918919,0.4864864864864865,0.4864864864864865,3,4,33,34,74
low_score_rate_0_8,high_is_2.6,0.9197408871321915,0.13333333333333333,0.375,0.08108108108108109,0.8648648648648649,0.47297297297297297,0.472972972972973,3,5,32,34,74
low_score_rate_0_8,low_is_2.6,0.701987870619946,0.13333333333333333,0.375,0.08108108108108109,0.8648648648648649,0.47297297297297297,0.472972972972973,3,5,32,34,74
low_score_rate_0_8,low_is_2.6,0.7083835139836745,0.13043478260869568,0.3333333333333333,0.08108108108108109,0.8378378378378378,0.4594594594594595,0.45945945945945943,3,6,31,34,74
low_score_rate_0_8,low_is_2.6,0.6753968253968254,0.1,0.6666666666666666,0.05405405405405406,0.972972972972973,0.5135135135135135,0.5135135135135136,2,1,36,35,74
low_score_rate_0_8,high_is_2.6,0.9267479674796748,0.09302325581395349,0.3333333333333333,0.05405405405405406,0.8918918918918919,0.47297297297297297,0.47297297297297297,2,4,33,35,74
low_score_rate_0_8,high_is_2.6,0.9552945301542777,0.052631578947368425,1.0,0.02702702702702703,1.0,0.5135135135135135,0.5135135135135135,1,0,37,36,74
low_score_rate_0_8,high_is_2.6,0.9758064516129032,0.052631578947368425,1.0,0.02702702702702703,1.0,0.5135135135135135,0.5135135135135135,1,0,37,36,74
low_score_rate_0_8,low_is_2.6,0.6216216216216216,0.052631578947368425,1.0,0.02702702702702703,1.0,0.5135135135135135,0.5135135135135135,1,0,37,36,74
low_score_rate_0_8,low_is_2.6,0.6352788959171938,0.052631578947368425,1.0,0.02702702702702703,1.0,0.5135135135135135,0.5135135135135135,1,0,37,36,74
low_score_rate_0_8,high_is_2.6,0.9338861497086508,0.05128205128205129,0.5,0.02702702702702703,0.972972972972973,0.5,0.5,1,1,36,36,74
low_score_rate_0_8,low_is_2.6,0.6617696724079702,0.05128205128205129,0.5,0.02702702702702703,0.972972972972973,0.5,0.5,1,1,36,36,74
low_score_rate_0_8,high_is_2.6,0.9329582599949711,0.05,0.3333333333333333,0.02702702702702703,0.9459459459459459,0.4864864864864865,0.4864864864864865,1,2,35,36,74
low_score_rate_0_8,high_is_2.6,0.9318722196655929,0.04878048780487805,0.25,0.02702702702702703,0.918918918918919,0.47297297297297297,0.472972972972973,1,3,34,36,74
low_score_rate_0_8,high_is_2.6,0.9288234391777881,0.047619047619047616,0.2,0.02702702702702703,0.8918918918918919,0.4594594594594595,0.45945945945945943,1,4,33,36,74
low_score_rate_0_9,low_is_2.6,0.9197408871321915,0.68,0.5396825396825397,0.918918918918919,0.21621621621621623,0.5675675675675675,0.5675675675675675,34,29,8,3,74
low_score_rate_0_9,low_is_2.6,0.9208592132505176,0.6732673267326733,0.53125,0.918918918918919,0.1891891891891892,0.5540540540540541,0.5540540540540541,34,30,7,3,74
low_score_rate_0_9,low_is_2.6,0.9288234391777881,0.673076923076923,0.5223880597014925,0.9459459459459459,0.13513513513513514,0.5405405405405406,0.5405405405405406,35,32,5,2,74
low_score_rate_0_9,low_is_2.6,0.9340579710144927,0.6728971962616821,0.5142857142857142,0.972972972972973,0.08108108108108109,0.527027027027027,0.5270270270270271,36,34,3,1,74
low_score_rate_0_9,low_is_2.6,0.9183115559262349,0.6666666666666666,0.532258064516129,0.8918918918918919,0.21621621621621623,0.5540540540540541,0.5540540540540541,33,29,8,4,74
low_score_rate_0_9,low_is_2.6,0.9222527472527473,0.6666666666666666,0.5230769230769231,0.918918918918919,0.16216216216216217,0.5405405405405406,0.5405405405405406,34,31,6,3,74
low_score_rate_0_9,high_is_2.6,0.701858813700919,0.6666666666666666,0.5070422535211268,0.972972972972973,0.05405405405405406,0.5135135135135135,0.5135135135135136,36,35,2,1,74
low_score_rate_0_9,low_is_2.6,0.9390407888839085,0.6666666666666666,0.5070422535211268,0.972972972972973,0.05405405405405406,0.5135135135135135,0.5135135135135136,36,35,2,1,74
low_score_rate_0_9,high_is_2.6,0.6396396396396397,0.6666666666666666,0.5,1.0,0.0,0.5,0.5,37,37,0,0,74
low_score_rate_0_9,low_is_2.6,0.9758064516129032,0.6666666666666666,0.5,1.0,0.0,0.5,0.5,37,37,0,0,74
low_score_rate_0_9,low_is_2.6,0.9315742185652811,0.6666666666666665,0.5147058823529411,0.9459459459459459,0.10810810810810811,0.527027027027027,0.527027027027027,35,33,4,2,74
low_score_rate_0_9,high_is_2.6,0.6891097424412094,0.6605504587155964,0.5,0.972972972972973,0.02702702702702703,0.5,0.5,36,36,1,1,74
low_score_rate_0_9,low_is_2.6,0.9503080211214483,0.6605504587155964,0.5,0.972972972972973,0.02702702702702703,0.5,0.5,36,36,1,1,74
low_score_rate_0_9,high_is_2.6,0.7118145649541602,0.660377358490566,0.5072463768115942,0.9459459459459459,0.08108108108108109,0.5135135135135135,0.5135135135135135,35,34,3,2,74
low_score_rate_0_9,low_is_2.6,0.9328320802005012,0.660377358490566,0.5072463768115942,0.9459459459459459,0.08108108108108109,0.5135135135135135,0.5135135135135135,35,34,3,2,74
low_score_rate_0_9,high_is_2.6,0.7324074074074074,0.6601941747572816,0.5151515151515151,0.918918918918919,0.13513513513513514,0.527027027027027,0.5270270270270271,34,32,5,3,74
low_score_rate_0_9,low_is_2.6,0.9249530956848031,0.6601941747572816,0.5151515151515151,0.918918918918919,0.13513513513513514,0.527027027027027,0.5270270270270271,34,32,5,3,74
low_score_rate_0_9,high_is_2.6,0.6602453517347134,0.6545454545454545,0.4931506849315068,0.972972972972973,0.0,0.4864864864864865,0.4864864864864865,36,37,0,1,74
low_score_rate_0_9,low_is_2.6,0.9665617623918175,0.6545454545454545,0.4931506849315068,0.972972972972973,0.0,0.4864864864864865,0.4864864864864865,36,37,0,1,74
low_score_rate_0_9,high_is_2.6,0.706833139759969,0.6542056074766355,0.5,0.9459459459459459,0.05405405405405406,0.5,0.5,35,35,2,2,74
low_score_rate_0_9,high_is_2.6,0.728948287910552,0.6538461538461539,0.5074626865671642,0.918918918918919,0.10810810810810811,0.5135135135135135,0.5135135135135136,34,33,4,3,74
low_score_rate_0_9,low_is_2.6,0.9136705512852302,0.6530612244897959,0.5245901639344263,0.8648648648648649,0.21621621621621623,0.5405405405405406,0.5405405405405406,32,29,8,5,74
low_score_rate_0_9,high_is_2.6,0.7213635755386056,0.6476190476190476,0.5,0.918918918918919,0.08108108108108109,0.5,0.5,34,34,3,3,74
low_score_rate_0_9,high_is_2.6,0.7360360360360361,0.6470588235294117,0.5076923076923077,0.8918918918918919,0.13513513513513514,0.5135135135135135,0.5135135135135135,33,32,5,4,74
low_score_rate_0_9,low_is_2.6,0.9023064687168612,0.6451612903225806,0.5357142857142857,0.8108108108108109,0.2972972972972973,0.5540540540540541,0.5540540540540541,30,26,11,7,74
low_score_rate_0_9,low_is_2.6,0.9084433270479781,0.6391752577319588,0.5166666666666667,0.8378378378378378,0.21621621621621623,0.527027027027027,0.527027027027027,31,29,8,6,74
low_score_rate_0_9,low_is_2.6,0.9037511577647422,0.6382978723404256,0.5263157894736842,0.8108108108108109,0.2702702702702703,0.5405405405405406,0.5405405405405406,30,27,10,7,74
low_score_rate_0_9,high_is_2.6,0.7443693693693694,0.6336633663366337,0.5,0.8648648648648649,0.13513513513513514,0.5,0.5,32,32,5,5,74
low_score_rate_0_9,high_is_2.6,0.7564857205144975,0.6326530612244898,0.5081967213114754,0.8378378378378378,0.1891891891891892,0.5135135135135135,0.5135135135135135,31,30,7,6,74
low_score_rate_0_9,low_is_2.6,0.9057480198386261,0.631578947368421,0.5172413793103449,0.8108108108108109,0.24324324324324326,0.527027027027027,0.5270270270270271,30,28,9,7,74
low_score_rate_0_9,low_is_2.6,0.9005251587689301,0.6304347826086956,0.5272727272727272,0.7837837837837838,0.2972972972972973,0.5405405405405406,0.5405405405405406,29,26,11,8,74
low_score_rate_0_9,high_is_2.6,0.7526978417266187,0.6262626262626263,0.5,0.8378378378378378,0.16216216216216217,0.5,0.5,31,31,6,6,74
low_score_rate_0_9,low_is_2.6,0.906704746362029,0.6249999999999999,0.5084745762711864,0.8108108108108109,0.21621621621621623,0.5135135135135135,0.5135135135135136,30,29,8,7,74
low_score_rate_0_9,high_is_2.6,0.7593848937132519,0.6185567010309277,0.5,0.8108108108108109,0.1891891891891892,0.5,0.5,30,30,7,7,74
low_score_rate_0_9,high_is_2.6,0.7651745349440451,0.6170212765957447,0.5087719298245614,0.7837837837837838,0.24324324324324326,0.5135135135135135,0.5135135135135135,29,28,9,8,74
low_score_rate_0_9,low_is_2.6,0.8980363330883125,0.6153846153846154,0.5185185185185185,0.7567567567567568,0.2972972972972973,0.527027027027027,0.5270270270270271,28,26,11,9,74
low_score_rate_0_9,high_is_2.6,0.7631608707944586,0.6105263157894737,0.5,0.7837837837837838,0.21621621621621623,0.5,0.5,29,29,8,8,74
low_score_rate_0_9,low_is_2.6,0.8751788458481268,0.6097560975609757,0.5555555555555556,0.6756756756756757,0.4594594594594595,0.5675675675675675,0.5675675675675675,25,20,17,12,74
low_score_rate_0_9,high_is_2.6,0.769571136827774,0.608695652173913,0.509090909090909,0.7567567567567568,0.2702702702702703,0.5135135135135135,0.5135135135135136,28,27,10,9,74
low_score_rate_0_9,low_is_2.6,0.8647258538562886,0.6075949367088608,0.5714285714285714,0.6486486486486487,0.5135135135135135,0.581081081081081,0.5810810810810811,24,18,19,13,74
low_score_rate_0_9,low_is_2.6,0.8944838056680162,0.6067415730337079,0.5192307692307693,0.7297297297297297,0.32432432432432434,0.527027027027027,0.527027027027027,27,25,12,10,74
low_score_rate_0_9,low_is_2.6,0.8841589267285861,0.6046511627906977,0.5306122448979592,0.7027027027027027,0.3783783783783784,0.5405405405405406,0.5405405405405406,26,23,14,11,74
low_score_rate_0_9,high_is_2.6,0.7620784964068545,0.6041666666666666,0.4915254237288136,0.7837837837837838,0.1891891891891892,0.4864864864864865,0.4864864864864865,29,30,7,8,74
low_score_rate_0_9,low_is_2.6,0.8767323426281517,0.6024096385542168,0.5434782608695652,0.6756756756756757,0.43243243243243246,0.5540540540540541,0.5540540540540541,25,21,16,12,74
low_score_rate_0_9,high_is_2.6,0.7681105302464526,0.6021505376344086,0.5,0.7567567567567568,0.24324324324324326,0.5,0.5,28,28,9,9,74
low_score_rate_0_9,low_is_2.6,0.8685664335664336,0.6,0.5581395348837209,0.6486486486486487,0.4864864864864865,0.5675675675675675,0.5675675675675675,24,19,18,13,74
low_score_rate_0_9,low_is_2.6,0.8959665518937531,0.6,0.5094339622641509,0.7297297297297297,0.2972972972972973,0.5135135135135135,0.5135135135135135,27,26,11,10,74
low_score_rate_0_9,low_is_2.6,0.8887655886704713,0.5977011494252874,0.52,0.7027027027027027,0.35135135135135137,0.527027027027027,0.5270270270270271,26,24,13,11,74
low_score_rate_0_9,low_is_2.6,0.8793572113847138,0.5952380952380952,0.5319148936170213,0.6756756756756757,0.40540540540540543,0.5405405405405406,0.5405405405405406,25,22,15,12,74
low_score_rate_0_9,high_is_2.6,0.7705489725513724,0.5934065934065933,0.5,0.7297297297297297,0.2702702702702703,0.5,0.5,27,27,10,10,74
low_score_rate_0_9,low_is_2.6,0.8721257485029941,0.5925925925925926,0.5454545454545454,0.6486486486486487,0.4594594594594595,0.5540540540540541,0.5540540540540541,24,20,17,13,74
low_score_rate_0_9,low_is_2.6,0.892898517145505,0.5909090909090909,0.5098039215686274,0.7027027027027027,0.32432432432432434,0.5135135135135135,0.5135135135135136,26,25,12,11,74
low_score_rate_0_9,low_is_2.6,0.8619770303527482,0.5897435897435899,0.5609756097560976,0.6216216216216216,0.5135135135135135,0.5675675675675675,0.5675675675675675,23,18,19,14,74
low_score_rate_0_9,low_is_2.6,0.8818544366899301,0.5882352941176472,0.5208333333333334,0.6756756756756757,0.3783783783783784,0.527027027027027,0.527027027027027,25,23,14,12,74
low_score_rate_0_9,high_is_2.6,0.7814265536723164,0.5777777777777777,0.49056603773584906,0.7027027027027027,0.2702702702702703,0.4864864864864865,0.4864864864864865,26,27,10,11,74
low_score_rate_0_9,low_is_2.6,0.8577749683944373,0.5753424657534246,0.5833333333333334,0.5675675675675675,0.5945945945945946,0.581081081081081,0.5810810810810811,21,15,22,16,74
low_score_rate_0_9,low_is_2.6,0.8604472396925227,0.5714285714285715,0.55,0.5945945945945946,0.5135135135135135,0.5540540540540541,0.5540540540540541,22,18,19,15,74
low_score_rate_0_9,low_is_2.6,0.8587337411652907,0.5675675675675675,0.5675675675675675,0.5675675675675675,0.5675675675675675,0.5675675675675675,0.5675675675675675,21,16,21,16,74
low_score_rate_0_9,high_is_2.6,0.8004134860050891,0.5617977528089887,0.4807692307692308,0.6756756756756757,0.2702702702702703,0.47297297297297297,0.47297297297297297,25,27,10,12,74
low_score_rate_0_9,low_is_2.6,0.8591076661310142,0.5599999999999999,0.5526315789473685,0.5675675675675675,0.5405405405405406,0.5540540540540541,0.5540540540540541,21,17,20,16,74
low_score_rate_0_9,low_is_2.6,0.8540100250626566,0.5555555555555556,0.5714285714285714,0.5405405405405406,0.5945945945945946,0.5675675675675675,0.5675675675675675,20,15,22,17,74
low_score_rate_0_9,low_is_2.6,0.8592070944183621,0.5526315789473685,0.5384615384615384,0.5675675675675675,0.5135135135135135,0.5405405405405406,0.5405405405405406,21,18,19,16,74
low_score_rate_0_9,high_is_2.6,0.8108301526717557,0.5454545454545454,0.47058823529411764,0.6486486486486487,0.2702702702702703,0.4594594594594595,0.4594594594594595,24,27,10,13,74
low_score_rate_0_9,high_is_2.6,0.8390932738758825,0.5365853658536586,0.4888888888888889,0.5945945945945946,0.3783783783783784,0.4864864864864865,0.4864864864864865,22,23,14,15,74
low_score_rate_0_9,low_is_2.6,0.8485155195681511,0.5352112676056339,0.5588235294117647,0.5135135135135135,0.5945945945945946,0.5540540540540541,0.5540540540540541,19,15,22,18,74
low_score_rate_0_9,high_is_2.6,0.8346450029618346,0.5301204819277109,0.4782608695652174,0.5945945945945946,0.35135135135135137,0.47297297297297297,0.472972972972973,22,24,13,15,74
low_score_rate_0_9,high_is_2.6,0.8141447368421053,0.5287356321839081,0.46,0.6216216216216216,0.2702702702702703,0.44594594594594594,0.44594594594594594,23,27,10,14,74
low_score_rate_0_9,high_is_2.6,0.8430350615946933,0.525,0.4883720930232558,0.5675675675675675,0.40540540540540543,0.4864864864864865,0.4864864864864865,21,22,15,16,74
low_score_rate_0_9,high_is_2.6,0.8288850624192854,0.5238095238095238,0.46808510638297873,0.5945945945945946,0.32432432432432434,0.4594594594594595,0.4594594594594595,22,25,12,15,74
low_score_rate_0_9,high_is_2.6,0.8416381696792052,0.5185185185185185,0.4772727272727273,0.5675675675675675,0.3783783783783784,0.47297297297297297,0.47297297297297297,21,23,14,16,74
low_score_rate_0_9,high_is_2.6,0.8254522373849571,0.5176470588235293,0.4583333333333333,0.5945945945945946,0.2972972972972973,0.44594594594594594,0.44594594594594594,22,26,11,15,74
low_score_rate_0_9,low_is_2.6,0.8453876800490346,0.5142857142857143,0.5454545454545454,0.4864864864864865,0.5945945945945946,0.5405405405405406,0.5405405405405406,18,15,22,19,74
low_score_rate_0_9,high_is_2.6,0.8203034959661928,0.5116279069767442,0.4489795918367347,0.5945945945945946,0.2702702702702703,0.43243243243243246,0.43243243243243246,22,27,10,15,74
low_score_rate_0_9,high_is_2.6,0.8439975039600633,0.5063291139240507,0.47619047619047616,0.5405405405405406,0.40540540540540543,0.47297297297297297,0.472972972972973,20,22,15,17,74
low_score_rate_0_9,low_is_2.6,0.8439975039600633,0.4927536231884059,0.53125,0.4594594594594595,0.5945945945945946,0.527027027027027,0.5270270270270271,17,15,22,20,74
low_score_rate_0_9,high_is_2.6,0.8453876800490346,0.48717948717948717,0.4634146341463415,0.5135135135135135,0.40540540540540543,0.4594594594594595,0.45945945945945943,19,22,15,18,74
low_score_rate_0_9,low_is_2.6,0.8203034959661928,0.48387096774193555,0.6,0.40540540540540543,0.7297297297297297,0.5675675675675675,0.5675675675675675,15,10,27,22,74
low_score_rate_0_9,low_is_2.6,0.8416381696792052,0.47761194029850745,0.5333333333333333,0.43243243243243246,0.6216216216216216,0.527027027027027,0.527027027027027,16,14,23,21,74
low_score_rate_0_9,low_is_2.6,0.8254522373849571,0.47619047619047616,0.5769230769230769,0.40540540540540543,0.7027027027027027,0.5540540540540541,0.5540540540540541,15,11,26,22,74
low_score_rate_0_9,low_is_2.6,0.8430350615946933,0.47058823529411764,0.5161290322580645,0.43243243243243246,0.5945945945945946,0.5135135135135135,0.5135135135135136,16,15,22,21,74
low_score_rate_0_9,low_is_2.6,0.8288850624192854,0.46875,0.5555555555555556,0.40540540540540543,0.6756756756756757,0.5405405405405406,0.5405405405405406,15,12,25,22,74
low_score_rate_0_9,high_is_2.6,0.8485155195681511,0.4675324675324675,0.45,0.4864864864864865,0.40540540540540543,0.44594594594594594,0.44594594594594594,18,22,15,19,74
low_score_rate_0_9,low_is_2.6,0.8346450029618346,0.46153846153846156,0.5357142857142857,0.40540540540540543,0.6486486486486487,0.527027027027027,0.5270270270270271,15,13,24,22,74
low_score_rate_0_9,low_is_2.6,0.8141447368421053,0.45901639344262296,0.5833333333333334,0.3783783783783784,0.7297297297297297,0.5540540540540541,0.5540540540540541,14,10,27,23,74
low_score_rate_0_9,low_is_2.6,0.8390932738758825,0.4545454545454546,0.5172413793103449,0.40540540540540543,0.6216216216216216,0.5135135135135135,0.5135135135135135,15,14,23,22,74
low_score_rate_0_9,high_is_2.6,0.8540100250626566,0.4473684210526316,0.4358974358974359,0.4594594594594595,0.40540540540540543,0.43243243243243246,0.43243243243243246,17,22,15,20,74
low_score_rate_0_9,high_is_2.6,0.8592070944183621,0.4444444444444445,0.45714285714285713,0.43243243243243246,0.4864864864864865,0.4594594594594595,0.4594594594594595,16,19,18,21,74
low_score_rate_0_9,high_is_2.6,0.8591076661310142,0.4383561643835616,0.4444444444444444,0.43243243243243246,0.4594594594594595,0.44594594594594594,0.44594594594594594,16,20,17,21,74
low_score_rate_0_9,low_is_2.6,0.8108301526717557,0.43333333333333335,0.5652173913043478,0.35135135135135137,0.7297297297297297,0.5405405405405406,0.5405405405405406,13,10,27,24,74
low_score_rate_0_9,high_is_2.6,0.8587337411652907,0.43243243243243246,0.43243243243243246,0.43243243243243246,0.43243243243243246,0.43243243243243246,0.43243243243243246,16,21,16,21,74
low_score_rate_0_9,high_is_2.6,0.8577749683944373,0.4266666666666667,0.42105263157894735,0.43243243243243246,0.40540540540540543,0.4189189189189189,0.41891891891891897,16,22,15,21,74
low_score_rate_0_9,high_is_2.6,0.8604472396925227,0.4225352112676056,0.4411764705882353,0.40540540540540543,0.4864864864864865,0.44594594594594594,0.44594594594594594,15,19,18,22,74
low_score_rate_0_9,low_is_2.6,0.8004134860050891,0.4067796610169491,0.5454545454545454,0.32432432432432434,0.7297297297297297,0.527027027027027,0.527027027027027,12,10,27,25,74
low_score_rate_0_9,high_is_2.6,0.8619770303527482,0.4000000000000001,0.42424242424242425,0.3783783783783784,0.4864864864864865,0.43243243243243246,0.43243243243243246,14,19,18,23,74
low_score_rate_0_9,high_is_2.6,0.8721257485029941,0.3880597014925374,0.43333333333333335,0.35135135135135137,0.5405405405405406,0.44594594594594594,0.44594594594594594,13,17,20,24,74
low_score_rate_0_9,high_is_2.6,0.8685664335664336,0.38235294117647056,0.41935483870967744,0.35135135135135137,0.5135135135135135,0.43243243243243246,0.43243243243243246,13,18,19,24,74
low_score_rate_0_9,high_is_2.6,0.8818544366899301,0.38095238095238093,0.46153846153846156,0.32432432432432434,0.6216216216216216,0.47297297297297297,0.47297297297297297,12,14,23,25,74
low_score_rate_0_9,low_is_2.6,0.7814265536723164,0.37931034482758624,0.5238095238095238,0.2972972972972973,0.7297297297297297,0.5135135135135135,0.5135135135135135,11,10,27,26,74
low_score_rate_0_9,high_is_2.6,0.8647258538562886,0.37681159420289856,0.40625,0.35135135135135137,0.4864864864864865,0.4189189189189189,0.41891891891891897,13,19,18,24,74
low_score_rate_0_9,high_is_2.6,0.8793572113847138,0.375,0.4444444444444444,0.32432432432432434,0.5945945945945946,0.4594594594594595,0.4594594594594595,12,15,22,25,74
low_score_rate_0_9,high_is_2.6,0.8767323426281517,0.3692307692307692,0.42857142857142855,0.32432432432432434,0.5675675675675675,0.44594594594594594,0.44594594594594594,12,16,21,25,74
low_score_rate_0_9,high_is_2.6,0.892898517145505,0.3666666666666667,0.4782608695652174,0.2972972972972973,0.6756756756756757,0.4864864864864865,0.4864864864864865,11,12,25,26,74
low_score_rate_0_9,high_is_2.6,0.8751788458481268,0.36363636363636365,0.41379310344827586,0.32432432432432434,0.5405405405405406,0.43243243243243246,0.43243243243243246,12,17,20,25,74
low_score_rate_0_9,high_is_2.6,0.8887655886704713,0.36065573770491804,0.4583333333333333,0.2972972972972973,0.6486486486486487,0.47297297297297297,0.472972972972973,11,13,24,26,74
low_score_rate_0_9,high_is_2.6,0.8841589267285861,0.3548387096774193,0.44,0.2972972972972973,0.6216216216216216,0.4594594594594595,0.45945945945945943,11,14,23,26,74
low_score_rate_0_9,low_is_2.6,0.7705489725513724,0.3508771929824562,0.5,0.2702702702702703,0.7297297297297297,0.5,0.5,10,10,27,27,74
low_score_rate_0_9,high_is_2.6,0.8959665518937531,0.3448275862068966,0.47619047619047616,0.2702702702702703,0.7027027027027027,0.4864864864864865,0.4864864864864865,10,11,26,27,74
low_score_rate_0_9,high_is_2.6,0.8944838056680162,0.33898305084745767,0.45454545454545453,0.2702702702702703,0.6756756756756757,0.47297297297297297,0.47297297297297297,10,12,25,27,74
low_score_rate_0_9,low_is_2.6,0.7681105302464526,0.3272727272727273,0.5,0.24324324324324326,0.7567567567567568,0.5,0.5,9,9,28,28,74
low_score_rate_0_9,low_is_2.6,0.769571136827774,0.3214285714285714,0.47368421052631576,0.24324324324324326,0.7297297297297297,0.4864864864864865,0.4864864864864865,9,10,27,28,74
low_score_rate_0_9,high_is_2.6,0.8980363330883125,0.3157894736842105,0.45,0.24324324324324326,0.7027027027027027,0.47297297297297297,0.472972972972973,9,11,26,28,74
low_score_rate_0_9,low_is_2.6,0.7620784964068545,0.3076923076923077,0.5333333333333333,0.21621621621621623,0.8108108108108109,0.5135135135135135,0.5135135135135136,8,7,30,29,74
low_score_rate_0_9,low_is_2.6,0.7631608707944586,0.3018867924528302,0.5,0.21621621621621623,0.7837837837837838,0.5,0.5,8,8,29,29,74
low_score_rate_0_9,low_is_2.6,0.7651745349440451,0.29629629629629634,0.47058823529411764,0.21621621621621623,0.7567567567567568,0.4864864864864865,0.4864864864864865,8,9,28,29,74
low_score_rate_0_9,high_is_2.6,0.9005251587689301,0.28571428571428575,0.42105263157894735,0.21621621621621623,0.7027027027027027,0.4594594594594595,0.4594594594594595,8,11,26,29,74
low_score_rate_0_9,low_is_2.6,0.7593848937132519,0.2745098039215686,0.5,0.1891891891891892,0.8108108108108109,0.5,0.5,7,7,30,30,74
low_score_rate_0_9,high_is_2.6,0.906704746362029,0.2692307692307693,0.4666666666666667,0.1891891891891892,0.7837837837837838,0.4864864864864865,0.4864864864864865,7,8,29,30,74
low_score_rate_0_9,high_is_2.6,0.9057480198386261,0.2641509433962264,0.4375,0.1891891891891892,0.7567567567567568,0.47297297297297297,0.472972972972973,7,9,28,30,74
low_score_rate_0_9,high_is_2.6,0.9037511577647422,0.2592592592592593,0.4117647058823529,0.1891891891891892,0.7297297297297297,0.4594594594594595,0.45945945945945943,7,10,27,30,74
low_score_rate_0_9,high_is_2.6,0.9023064687168612,0.2545454545454546,0.3888888888888889,0.1891891891891892,0.7027027027027027,0.44594594594594594,0.44594594594594594,7,11,26,30,74
low_score_rate_0_9,low_is_2.6,0.7526978417266187,0.2448979591836735,0.5,0.16216216216216217,0.8378378378378378,0.5,0.5,6,6,31,31,74
low_score_rate_0_9,low_is_2.6,0.7564857205144975,0.24,0.46153846153846156,0.16216216216216217,0.8108108108108109,0.4864864864864865,0.4864864864864865,6,7,30,31,74
low_score_rate_0_9,high_is_2.6,0.9084433270479781,0.23529411764705885,0.42857142857142855,0.16216216216216217,0.7837837837837838,0.47297297297297297,0.47297297297297297,6,8,29,31,74
low_score_rate_0_9,low_is_2.6,0.7443693693693694,0.21276595744680854,0.5,0.13513513513513514,0.8648648648648649,0.5,0.5,5,5,32,32,74
low_score_rate_0_9,high_is_2.6,0.9136705512852302,0.2,0.38461538461538464,0.13513513513513514,0.7837837837837838,0.4594594594594595,0.45945945945945943,5,8,29,32,74
low_score_rate_0_9,low_is_2.6,0.7360360360360361,0.17391304347826086,0.4444444444444444,0.10810810810810811,0.8648648648648649,0.4864864864864865,0.4864864864864865,4,5,32,33,74
low_score_rate_0_9,high_is_2.6,0.9183115559262349,0.163265306122449,0.3333333333333333,0.10810810810810811,0.7837837837837838,0.44594594594594594,0.44594594594594594,4,8,29,33,74
low_score_rate_0_9,low_is_2.6,0.7213635755386056,0.13953488372093023,0.5,0.08108108108108109,0.918918918918919,0.5,0.5,3,3,34,34,74
low_score_rate_0_9,low_is_2.6,0.728948287910552,0.13636363636363638,0.42857142857142855,0.08108108108108109,0.8918918918918919,0.4864864864864865,0.4864864864864865,3,4,33,34,74
low_score_rate_0_9,high_is_2.6,0.9249530956848031,0.13333333333333333,0.375,0.08108108108108109,0.8648648648648649,0.47297297297297297,0.472972972972973,3,5,32,34,74
low_score_rate_0_9,low_is_2.6,0.7324074074074074,0.13333333333333333,0.375,0.08108108108108109,0.8648648648648649,0.47297297297297297,0.472972972972973,3,5,32,34,74
low_score_rate_0_9,high_is_2.6,0.9222527472527473,0.13043478260869568,0.3333333333333333,0.08108108108108109,0.8378378378378378,0.4594594594594595,0.45945945945945943,3,6,31,34,74
low_score_rate_0_9,high_is_2.6,0.9208592132505176,0.12765957446808512,0.3,0.08108108108108109,0.8108108108108109,0.44594594594594594,0.44594594594594594,3,7,30,34,74
low_score_rate_0_9,high_is_2.6,0.9197408871321915,0.125,0.2727272727272727,0.08108108108108109,0.7837837837837838,0.43243243243243246,0.43243243243243246,3,8,29,34,74
low_score_rate_0_9,low_is_2.6,0.706833139759969,0.0975609756097561,0.5,0.05405405405405406,0.9459459459459459,0.5,0.5,2,2,35,35,74
low_score_rate_0_9,high_is_2.6,0.9328320802005012,0.09523809523809523,0.4,0.05405405405405406,0.918918918918919,0.4864864864864865,0.4864864864864865,2,3,34,35,74
low_score_rate_0_9,low_is_2.6,0.7118145649541602,0.09523809523809523,0.4,0.05405405405405406,0.918918918918919,0.4864864864864865,0.4864864864864865,2,3,34,35,74
low_score_rate_0_9,high_is_2.6,0.9315742185652811,0.09302325581395349,0.3333333333333333,0.05405405405405406,0.8918918918918919,0.47297297297297297,0.47297297297297297,2,4,33,35,74
low_score_rate_0_9,high_is_2.6,0.9288234391777881,0.09090909090909091,0.2857142857142857,0.05405405405405406,0.8648648648648649,0.4594594594594595,0.4594594594594595,2,5,32,35,74
low_score_rate_0_9,high_is_2.6,0.9665617623918175,0.052631578947368425,1.0,0.02702702702702703,1.0,0.5135135135135135,0.5135135135135135,1,0,37,36,74
low_score_rate_0_9,high_is_2.6,0.9758064516129032,0.052631578947368425,1.0,0.02702702702702703,1.0,0.5135135135135135,0.5135135135135135,1,0,37,36,74
low_score_rate_0_9,low_is_2.6,0.6396396396396397,0.052631578947368425,1.0,0.02702702702702703,1.0,0.5135135135135135,0.5135135135135135,1,0,37,36,74
low_score_rate_0_9,low_is_2.6,0.6602453517347134,0.052631578947368425,1.0,0.02702702702702703,1.0,0.5135135135135135,0.5135135135135135,1,0,37,36,74
low_score_rate_0_9,high_is_2.6,0.9503080211214483,0.05128205128205129,0.5,0.02702702702702703,0.972972972972973,0.5,0.5,1,1,36,36,74
low_score_rate_0_9,low_is_2.6,0.6891097424412094,0.05128205128205129,0.5,0.02702702702702703,0.972972972972973,0.5,0.5,1,1,36,36,74
low_score_rate_0_9,high_is_2.6,0.9390407888839085,0.05,0.3333333333333333,0.02702702702702703,0.9459459459459459,0.4864864864864865,0.4864864864864865,1,2,35,36,74
low_score_rate_0_9,low_is_2.6,0.701858813700919,0.05,0.3333333333333333,0.02702702702702703,0.9459459459459459,0.4864864864864865,0.4864864864864865,1,2,35,36,74
low_score_rate_0_9,high_is_2.6,0.9340579710144927,0.04878048780487805,0.25,0.02702702702702703,0.918918918918919,0.47297297297297297,0.472972972972973,1,3,34,36,74
n_entries,low_is_2.6,15.5,0.6792452830188679,0.5217391304347826,0.972972972972973,0.10810810810810811,0.5405405405405406,0.5405405405405406,36,33,4,1,74
n_entries,low_is_2.6,17.0,0.6666666666666666,0.5070422535211268,0.972972972972973,0.05405405405405406,0.5135135135135135,0.5135135135135136,36,35,2,1,74
n_entries,high_is_2.6,13.0,0.6666666666666666,0.5,1.0,0.0,0.5,0.5,37,37,0,0,74
n_entries,low_is_2.6,21.0,0.6666666666666666,0.5,1.0,0.0,0.5,0.5,37,37,0,0,74
n_entries,low_is_2.6,19.0,0.6605504587155964,0.5,0.972972972972973,0.02702702702702703,0.5,0.5,36,36,1,1,74
n_entries,low_is_2.6,20.5,0.6545454545454545,0.4931506849315068,0.972972972972973,0.0,0.4864864864864865,0.4864864864864865,36,37,0,1,74
n_entries,low_is_2.6,14.5,0.6470588235294117,0.5076923076923077,0.8918918918918919,0.13513513513513514,0.5135135135135135,0.5135135135135135,33,32,5,4,74
n_entries,high_is_2.6,13.5,0.5205479452054794,0.5277777777777778,0.5135135135135135,0.5405405405405406,0.527027027027027,0.527027027027027,19,17,20,18,74
n_entries,low_is_2.6,13.0,0.4799999999999999,0.47368421052631576,0.4864864864864865,0.4594594594594595,0.47297297297297297,0.472972972972973,18,20,17,19,74
n_entries,low_is_2.6,13.5,0.4799999999999999,0.47368421052631576,0.4864864864864865,0.4594594594594595,0.47297297297297297,0.472972972972973,18,20,17,19,74
n_entries,high_is_2.6,14.5,0.17391304347826086,0.4444444444444444,0.10810810810810811,0.8648648648648649,0.4864864864864865,0.4864864864864865,4,5,32,33,74
n_entries,high_is_2.6,20.5,0.052631578947368425,1.0,0.02702702702702703,1.0,0.5135135135135135,0.5135135135135135,1,0,37,36,74
n_entries,high_is_2.6,21.0,0.052631578947368425,1.0,0.02702702702702703,1.0,0.5135135135135135,0.5135135135135135,1,0,37,36,74
n_entries,high_is_2.6,19.0,0.05128205128205129,0.5,0.02702702702702703,0.972972972972973,0.5,0.5,1,1,36,36,74
n_entries,high_is_2.6,17.0,0.05,0.3333333333333333,0.02702702702702703,0.9459459459459459,0.4864864864864865,0.4864864864864865,1,2,35,36,74
n_entries,high_is_2.6,15.5,0.047619047619047616,0.2,0.02702702702702703,0.8918918918918919,0.4594594594594595,0.45945945945945943,1,4,33,36,74
n_outputs,high_is_2.6,76.0,0.6666666666666666,0.5,1.0,0.0,0.5,0.5,37,37,0,0,74
n_outputs,low_is_2.6,251.0,0.6666666666666666,0.5,1.0,0.0,0.5,0.5,37,37,0,0,74
n_outputs,low_is_2.6,234.5,0.6545454545454545,0.4931506849315068,0.972972972972973,0.0,0.4864864864864865,0.4864864864864865,36,37,0,1,74
n_outputs,low_is_2.6,169.0,0.6538461538461539,0.5074626865671642,0.918918918918919,0.10810810810810811,0.5135135135135135,0.5135135135135136,34,33,4,3,74
n_outputs,high_is_2.6,84.5,0.6481481481481483,0.49295774647887325,0.9459459459459459,0.02702702702702703,0.4864864864864865,0.4864864864864865,35,36,1,2,74
n_outputs,low_is_2.6,189.0,0.6481481481481483,0.49295774647887325,0.9459459459459459,0.02702702702702703,0.4864864864864865,0.4864864864864865,35,36,1,2,74
n_outputs,low_is_2.6,174.0,0.6476190476190476,0.5,0.918918918918919,0.08108108108108109,0.5,0.5,34,34,3,3,74
n_outputs,high_is_2.6,79.5,0.6422018348623854,0.4861111111111111,0.9459459459459459,0.0,0.47297297297297297,0.47297297297297297,35,37,0,2,74
n_outputs,low_is_2.6,206.0,0.6422018348623854,0.4861111111111111,0.9459459459459459,0.0,0.47297297297297297,0.47297297297297297,35,37,0,2,74
n_outputs,low_is_2.6,177.5,0.6415094339622641,0.4927536231884058,0.918918918918919,0.05405405405405406,0.4864864864864865,0.4864864864864865,34,35,2,3,74
n_outputs,low_is_2.6,166.5,0.6407766990291263,0.5,0.8918918918918919,0.10810810810810811,0.5,0.5,33,33,4,4,74
n_outputs,low_is_2.6,141.5,0.6363636363636364,0.5490196078431373,0.7567567567567568,0.3783783783783784,0.5675675675675675,0.5675675675675675,28,23,14,9,74
n_outputs,high_is_2.6,87.5,0.6355140186915889,0.4857142857142857,0.918918918918919,0.02702702702702703,0.47297297297297297,0.472972972972973,34,36,1,3,74
n_outputs,low_is_2.6,181.0,0.6355140186915889,0.4857142857142857,0.918918918918919,0.02702702702702703,0.47297297297297297,0.472972972972973,34,36,1,3,74
n_outputs,low_is_2.6,138.5,0.6352941176470588,0.5625,0.7297297297297297,0.43243243243243246,0.581081081081081,0.5810810810810811,27,21,16,10,74
n_outputs,high_is_2.6,96.5,0.6346153846153846,0.4925373134328358,0.8918918918918919,0.08108108108108109,0.4864864864864865,0.4864864864864865,33,34,3,4,74
n_outputs,high_is_2.6,102.0,0.6336633663366337,0.5,0.8648648648648649,0.13513513513513514,0.5,0.5,32,32,5,5,74
n_outputs,low_is_2.6,161.5,0.6336633663366337,0.5,0.8648648648648649,0.13513513513513514,0.5,0.5,32,32,5,5,74
n_outputs,low_is_2.6,157.0,0.6326530612244898,0.5081967213114754,0.8378378378378378,0.1891891891891892,0.5135135135135135,0.5135135135135135,31,30,7,6,74
n_outputs,low_is_2.6,151.0,0.631578947368421,0.5172413793103449,0.8108108108108109,0.24324324324324326,0.527027027027027,0.5270270270270271,30,28,9,7,74
n_outputs,low_is_2.6,142.5,0.6292134831460674,0.5384615384615384,0.7567567567567568,0.35135135135135137,0.5540540540540541,0.5540540540540541,28,24,13,9,74
n_outputs,high_is_2.6,93.0,0.6285714285714286,0.4852941176470588,0.8918918918918919,0.05405405405405406,0.47297297297297297,0.47297297297297297,33,35,2,4,74
n_outputs,low_is_2.6,139.5,0.6279069767441859,0.5510204081632653,0.7297297297297297,0.40540540540540543,0.5675675675675675,0.5675675675675675,27,22,15,10,74
n_outputs,high_is_2.6,100.5,0.6274509803921569,0.49230769230769234,0.8648648648648649,0.10810810810810811,0.4864864864864865,0.4864864864864865,32,33,4,5,74
n_outputs,low_is_2.6,165.0,0.6274509803921569,0.49230769230769234,0.8648648648648649,0.10810810810810811,0.4864864864864865,0.4864864864864865,32,33,4,5,74
n_outputs,low_is_2.6,158.5,0.6262626262626263,0.5,0.8378378378378378,0.16216216216216217,0.5,0.5,31,31,6,6,74
n_outputs,low_is_2.6,146.5,0.6236559139784947,0.5178571428571429,0.7837837837837838,0.2702702702702703,0.527027027027027,0.527027027027027,29,27,10,8,74
n_outputs,high_is_2.6,90.5,0.6226415094339622,0.4782608695652174,0.8918918918918919,0.02702702702702703,0.4594594594594595,0.45945945945945943,33,36,1,4,74
n_outputs,high_is_2.6,99.5,0.6213592233009709,0.48484848484848486,0.8648648648648649,0.08108108108108109,0.47297297297297297,0.472972972972973,32,34,3,5,74
n_outputs,low_is_2.6,140.5,0.6206896551724138,0.54,0.7297297297297297,0.3783783783783784,0.5540540540540541,0.5540540540540541,27,23,14,10,74
n_outputs,high_is_2.6,103.5,0.62,0.49206349206349204,0.8378378378378378,0.13513513513513514,0.4864864864864865,0.4864864864864865,31,32,5,6,74
n_outputs,low_is_2.6,154.0,0.6185567010309277,0.5,0.8108108108108109,0.1891891891891892,0.5,0.5,30,30,7,7,74
n_outputs,low_is_2.6,136.0,0.617283950617284,0.5681818181818182,0.6756756756756757,0.4864864864864865,0.581081081081081,0.5810810810810811,25,19,18,12,74
n_outputs,low_is_2.6,149.5,0.6170212765957447,0.5087719298245614,0.7837837837837838,0.24324324324324326,0.5135135135135135,0.5135135135135135,29,28,9,8,74
n_outputs,low_is_2.6,137.5,0.6097560975609757,0.5555555555555556,0.6756756756756757,0.4594594594594595,0.5675675675675675,0.5675675675675675,25,20,17,12,74
n_outputs,low_is_2.6,143.5,0.608695652173913,0.509090909090909,0.7567567567567568,0.2702702702702703,0.5135135135135135,0.5135135135135136,28,27,10,9,74
n_outputs,low_is_2.6,134.5,0.6075949367088608,0.5714285714285714,0.6486486486486487,0.5135135135135135,0.581081081081081,0.5810810810810811,24,18,19,13,74
n_outputs,high_is_2.6,104.5,0.606060606060606,0.4838709677419355,0.8108108108108109,0.13513513513513514,0.47297297297297297,0.472972972972973,30,32,5,7,74
n_outputs,high_is_2.6,106.5,0.6041666666666666,0.4915254237288136,0.7837837837837838,0.1891891891891892,0.4864864864864865,0.4864864864864865,29,30,7,8,74
n_outputs,low_is_2.6,132.5,0.5974025974025973,0.575,0.6216216216216216,0.5405405405405406,0.581081081081081,0.5810810810810811,23,17,20,14,74
n_outputs,high_is_2.6,109.5,0.5957446808510638,0.49122807017543857,0.7567567567567568,0.21621621621621623,0.4864864864864865,0.4864864864864865,28,29,8,9,74
n_outputs,high_is_2.6,105.5,0.5918367346938777,0.47540983606557374,0.7837837837837838,0.13513513513513514,0.4594594594594595,0.45945945945945943,29,32,5,8,74
n_outputs,low_is_2.6,133.5,0.5897435897435899,0.5609756097560976,0.6216216216216216,0.5135135135135135,0.5675675675675675,0.5675675675675675,23,18,19,14,74
n_outputs,high_is_2.6,107.5,0.5894736842105263,0.4827586206896552,0.7567567567567568,0.1891891891891892,0.47297297297297297,0.472972972972973,28,30,7,9,74
n_outputs,low_is_2.6,131.5,0.5789473684210528,0.5641025641025641,0.5945945945945946,0.5405405405405406,0.5675675675675675,0.5675675675675675,22,17,20,15,74
n_outputs,low_is_2.6,129.5,0.5675675675675675,0.5675675675675675,0.5675675675675675,0.5675675675675675,0.5675675675675675,0.5675675675675675,21,16,21,16,74
n_outputs,high_is_2.6,112.5,0.5555555555555556,0.4716981132075472,0.6756756756756757,0.24324324324324326,0.4594594594594595,0.45945945945945943,25,28,9,12,74
n_outputs,high_is_2.6,117.5,0.5542168674698795,0.5,0.6216216216216216,0.3783783783783784,0.5,0.5,23,23,14,14,74
n_outputs,high_is_2.6,113.5,0.5517241379310345,0.48,0.6486486486486487,0.2972972972972973,0.47297297297297297,0.472972972972973,24,26,11,13,74
n_outputs,high_is_2.6,111.5,0.5494505494505494,0.46296296296296297,0.6756756756756757,0.21621621621621623,0.44594594594594594,0.44594594594594594,25,29,8,12,74
n_outputs,low_is_2.6,127.0,0.547945205479452,0.5555555555555556,0.5405405405405406,0.5675675675675675,0.5540540540540541,0.5540540540540541,20,16,21,17,74
n_outputs,high_is_2.6,116.0,0.5476190476190476,0.48936170212765956,0.6216216216216216,0.35135135135135137,0.4864864864864865,0.4864864864864865,23,24,13,14,74
n_outputs,high_is_2.6,114.5,0.5411764705882353,0.4791666666666667,0.6216216216216216,0.32432432432432434,0.47297297297297297,0.47297297297297297,23,25,12,14,74
n_outputs,high_is_2.6,118.5,0.5365853658536586,0.4888888888888889,0.5945945945945946,0.3783783783783784,0.4864864864864865,0.4864864864864865,22,23,14,15,74
n_outputs,low_is_2.6,125.0,0.5277777777777778,0.5428571428571428,0.5135135135135135,0.5675675675675675,0.5405405405405406,0.5405405405405406,19,16,21,18,74
n_outputs,low_is_2.6,123.5,0.5070422535211269,0.5294117647058824,0.4864864864864865,0.5675675675675675,0.527027027027027,0.527027027027027,18,16,21,19,74
n_outputs,low_is_2.6,121.0,0.5,0.5483870967741935,0.4594594594594595,0.6216216216216216,0.5405405405405406,0.5405405405405406,17,14,23,20,74
n_outputs,high_is_2.6,121.0,0.5,0.46511627906976744,0.5405405405405406,0.3783783783783784,0.4594594594594595,0.4594594594594595,20,23,14,17,74
n_outputs,high_is_2.6,123.5,0.4935064935064935,0.475,0.5135135135135135,0.43243243243243246,0.47297297297297297,0.47297297297297297,19,21,16,18,74
n_outputs,high_is_2.6,125.0,0.47368421052631576,0.46153846153846156,0.4864864864864865,0.43243243243243246,0.4594594594594595,0.4594594594594595,18,21,16,19,74
n_outputs,low_is_2.6,118.5,0.4545454545454546,0.5172413793103449,0.40540540540540543,0.6216216216216216,0.5135135135135135,0.5135135135135135,15,14,23,22,74
n_outputs,high_is_2.6,127.0,0.45333333333333337,0.4473684210526316,0.4594594594594595,0.43243243243243246,0.44594594594594594,0.44594594594594594,17,21,16,20,74
n_outputs,low_is_2.6,114.5,0.4444444444444445,0.5384615384615384,0.3783783783783784,0.6756756756756757,0.527027027027027,0.527027027027027,14,12,25,23,74
n_outputs,low_is_2.6,116.0,0.4375,0.5185185185185185,0.3783783783783784,0.6486486486486487,0.5135135135135135,0.5135135135135136,14,13,24,23,74
n_outputs,high_is_2.6,129.5,0.43243243243243246,0.43243243243243246,0.43243243243243246,0.43243243243243246,0.43243243243243246,0.43243243243243246,16,21,16,21,74
n_outputs,low_is_2.6,117.5,0.4307692307692308,0.5,0.3783783783783784,0.6216216216216216,0.5,0.5,14,14,23,23,74
n_outputs,low_is_2.6,113.5,0.4262295081967213,0.5416666666666666,0.35135135135135137,0.7027027027027027,0.527027027027027,0.5270270270270271,13,11,26,24,74
n_outputs,low_is_2.6,111.5,0.4210526315789474,0.6,0.32432432432432434,0.7837837837837838,0.5540540540540541,0.5540540540540541,12,8,29,25,74
n_outputs,high_is_2.6,131.5,0.4166666666666667,0.42857142857142855,0.40540540540540543,0.4594594594594595,0.43243243243243246,0.43243243243243246,15,20,17,22,74
n_outputs,low_is_2.6,112.5,0.41379310344827586,0.5714285714285714,0.32432432432432434,0.7567567567567568,0.5405405405405406,0.5405405405405406,12,9,28,25,74
n_outputs,high_is_2.6,133.5,0.4000000000000001,0.42424242424242425,0.3783783783783784,0.4864864864864865,0.43243243243243246,0.43243243243243246,14,19,18,23,74
n_outputs,high_is_2.6,132.5,0.39436619718309857,0.4117647058823529,0.3783783783783784,0.4594594594594595,0.4189189189189189,0.41891891891891897,14,20,17,23,74
n_outputs,high_is_2.6,134.5,0.37681159420289856,0.40625,0.35135135135135137,0.4864864864864865,0.4189189189189189,0.41891891891891897,13,19,18,24,74
n_outputs,high_is_2.6,137.5,0.36363636363636365,0.41379310344827586,0.32432432432432434,0.5405405405405406,0.43243243243243246,0.43243243243243246,12,17,20,25,74
n_outputs,high_is_2.6,136.0,0.3582089552238806,0.4,0.32432432432432434,0.5135135135135135,0.4189189189189189,0.4189189189189189,12,18,19,25,74
n_outputs,low_is_2.6,107.5,0.339622641509434,0.5625,0.24324324324324326,0.8108108108108109,0.527027027027027,0.5270270270270271,9,7,30,28,74
n_outputs,low_is_2.6,109.5,0.33333333333333337,0.5294117647058824,0.24324324324324326,0.7837837837837838,0.5135135135135135,0.5135135135135135,9,8,29,28,74
n_outputs,high_is_2.6,140.5,0.3278688524590164,0.4166666666666667,0.2702702702702703,0.6216216216216216,0.44594594594594594,0.44594594594594594,10,14,23,27,74
n_outputs,high_is_2.6,139.5,0.3225806451612903,0.4,0.2702702702702703,0.5945945945945946,0.43243243243243246,0.43243243243243246,10,15,22,27,74
n_outputs,high_is_2.6,143.5,0.3214285714285714,0.47368421052631576,0.24324324324324326,0.7297297297297297,0.4864864864864865,0.4864864864864865,9,10,27,28,74
n_outputs,low_is_2.6,105.5,0.32,0.6153846153846154,0.21621621621621623,0.8648648648648649,0.5405405405405406,0.5405405405405406,8,5,32,29,74
n_outputs,high_is_2.6,138.5,0.31746031746031744,0.38461538461538464,0.2702702702702703,0.5675675675675675,0.4189189189189189,0.4189189189189189,10,16,21,27,74
n_outputs,low_is_2.6,106.5,0.3076923076923077,0.5333333333333333,0.21621621621621623,0.8108108108108109,0.5135135135135135,0.5135135135135136,8,7,30,29,74
n_outputs,high_is_2.6,142.5,0.3050847457627119,0.4090909090909091,0.24324324324324326,0.6486486486486487,0.44594594594594594,0.44594594594594594,9,13,24,28,74
n_outputs,high_is_2.6,141.5,0.30000000000000004,0.391304347826087,0.24324324324324326,0.6216216216216216,0.43243243243243246,0.43243243243243246,9,14,23,28,74
n_outputs,high_is_2.6,149.5,0.29629629629629634,0.47058823529411764,0.21621621621621623,0.7567567567567568,0.4864864864864865,0.4864864864864865,8,9,28,29,74
n_outputs,high_is_2.6,146.5,0.2909090909090909,0.4444444444444444,0.21621621621621623,0.7297297297297297,0.47297297297297297,0.47297297297297297,8,10,27,29,74
n_outputs,low_is_2.6,104.5,0.28571428571428575,0.5833333333333334,0.1891891891891892,0.8648648648648649,0.527027027027027,0.5270270270270271,7,5,32,30,74
n_outputs,high_is_2.6,154.0,0.2745098039215686,0.5,0.1891891891891892,0.8108108108108109,0.5,0.5,7,7,30,30,74
n_outputs,high_is_2.6,151.0,0.2641509433962264,0.4375,0.1891891891891892,0.7567567567567568,0.47297297297297297,0.472972972972973,7,9,28,30,74
n_outputs,low_is_2.6,103.5,0.25,0.5454545454545454,0.16216216216216217,0.8648648648648649,0.5135135135135135,0.5135135135135136,6,5,32,31,74
n_outputs,high_is_2.6,158.5,0.2448979591836735,0.5,0.16216216216216217,0.8378378378378378,0.5,0.5,6,6,31,31,74
n_outputs,high_is_2.6,157.0,0.24,0.46153846153846156,0.16216216216216217,0.8108108108108109,0.4864864864864865,0.4864864864864865,6,7,30,31,74
n_outputs,low_is_2.6,99.5,0.22222222222222224,0.625,0.13513513513513514,0.918918918918919,0.527027027027027,0.5270270270270271,5,3,34,32,74
n_outputs,high_is_2.6,165.0,0.2173913043478261,0.5555555555555556,0.13513513513513514,0.8918918918918919,0.5135135135135135,0.5135135135135135,5,4,33,32,74
n_outputs,low_is_2.6,100.5,0.2173913043478261,0.5555555555555556,0.13513513513513514,0.8918918918918919,0.5135135135135135,0.5135135135135135,5,4,33,32,74
n_outputs,high_is_2.6,161.5,0.21276595744680854,0.5,0.13513513513513514,0.8648648648648649,0.5,0.5,5,5,32,32,74
n_outputs,low_is_2.6,102.0,0.21276595744680854,0.5,0.13513513513513514,0.8648648648648649,0.5,0.5,5,5,32,32,74
n_outputs,low_is_2.6,90.5,0.19047619047619047,0.8,0.10810810810810811,0.972972972972973,0.5405405405405406,0.5405405405405406,4,1,36,33,74
n_outputs,low_is_2.6,93.0,0.18604651162790697,0.6666666666666666,0.10810810810810811,0.9459459459459459,0.527027027027027,0.527027027027027,4,2,35,33,74
n_outputs,low_is_2.6,96.5,0.18181818181818182,0.5714285714285714,0.10810810810810811,0.918918918918919,0.5135135135135135,0.5135135135135136,4,3,34,33,74
n_outputs,high_is_2.6,166.5,0.17777777777777778,0.5,0.10810810810810811,0.8918918918918919,0.5,0.5,4,4,33,33,74
n_outputs,high_is_2.6,181.0,0.14634146341463414,0.75,0.08108108108108109,0.972972972972973,0.527027027027027,0.5270270270270271,3,1,36,34,74
n_outputs,low_is_2.6,87.5,0.14634146341463414,0.75,0.08108108108108109,0.972972972972973,0.527027027027027,0.5270270270270271,3,1,36,34,74
n_outputs,high_is_2.6,177.5,0.14285714285714288,0.6,0.08108108108108109,0.9459459459459459,0.5135135135135135,0.5135135135135135,3,2,35,34,74
n_outputs,high_is_2.6,174.0,0.13953488372093023,0.5,0.08108108108108109,0.918918918918919,0.5,0.5,3,3,34,34,74
n_outputs,high_is_2.6,169.0,0.13636363636363638,0.42857142857142855,0.08108108108108109,0.8918918918918919,0.4864864864864865,0.4864864864864865,3,4,33,34,74
n_outputs,high_is_2.6,206.0,0.10256410256410257,1.0,0.05405405405405406,1.0,0.527027027027027,0.527027027027027,2,0,37,35,74
n_outputs,low_is_2.6,76.0,0.10256410256410257,1.0,0.05405405405405406,1.0,0.527027027027027,0.527027027027027,2,0,37,35,74
n_outputs,low_is_2.6,79.5,0.10256410256410257,1.0,0.05405405405405406,1.0,0.527027027027027,0.527027027027027,2,0,37,35,74
n_outputs,high_is_2.6,189.0,0.1,0.6666666666666666,0.05405405405405406,0.972972972972973,0.5135135135135135,0.5135135135135136,2,1,36,35,74
n_outputs,low_is_2.6,84.5,0.1,0.6666666666666666,0.05405405405405406,0.972972972972973,0.5135135135135135,0.5135135135135136,2,1,36,35,74
n_outputs,high_is_2.6,234.5,0.052631578947368425,1.0,0.02702702702702703,1.0,0.5135135135135135,0.5135135135135135,1,0,37,36,74
n_outputs,high_is_2.6,251.0,0.052631578947368425,1.0,0.02702702702702703,1.0,0.5135135135135135,0.5135135135135135,1,0,37,36,74
score_max,high_is_2.6,0.9999997884847944,0.7045454545454545,0.6078431372549019,0.8378378378378378,0.4594594594594595,0.6486486486486487,0.6486486486486487,31,20,17,6,74
score_max,high_is_2.6,0.9999997390136675,0.7032967032967032,0.5925925925925926,0.8648648648648649,0.40540540540540543,0.6351351351351351,0.6351351351351352,32,22,15,5,74
score_max,high_is_2.6,0.9999998334536022,0.6976744186046512,0.6122448979591837,0.8108108108108109,0.4864864864864865,0.6486486486486487,0.6486486486486487,30,19,18,7,74
score_max,high_is_2.6,0.9999997706287459,0.6966292134831461,0.5961538461538461,0.8378378378378378,0.43243243243243246,0.6351351351351351,0.6351351351351351,31,21,16,6,74
score_max,high_is_2.6,0.9999996891499714,0.6956521739130435,0.5818181818181818,0.8648648648648649,0.3783783783783784,0.6216216216216216,0.6216216216216217,32,23,14,5,74
score_max,high_is_2.6,0.999999636086909,0.6947368421052632,0.5689655172413793,0.8918918918918919,0.32432432432432434,0.6081081081081081,0.6081081081081081,33,25,12,4,74
score_max,high_is_2.6,0.9999995191641013,0.6938775510204082,0.5573770491803278,0.918918918918919,0.2702702702702703,0.5945945945945946,0.5945945945945946,34,27,10,3,74
score_max,high_is_2.6,0.9999998368727636,0.6904761904761905,0.6170212765957447,0.7837837837837838,0.5135135135135135,0.6486486486486487,0.6486486486486487,29,18,19,8,74
score_max,high_is_2.6,0.9999998173981686,0.6896551724137931,0.6,0.8108108108108109,0.4594594594594595,0.6351351351351351,0.6351351351351352,30,20,17,7,74
score_max,high_is_2.6,0.99999976112313,0.6888888888888889,0.5849056603773585,0.8378378378378378,0.40540540540540543,0.6216216216216216,0.6216216216216216,31,22,15,6,74
score_max,high_is_2.6,0.99999965669833,0.6881720430107527,0.5714285714285714,0.8648648648648649,0.35135135135135137,0.6081081081081081,0.6081081081081081,32,24,13,5,74
score_max,high_is_2.6,0.9999996260749271,0.6874999999999999,0.559322033898305,0.8918918918918919,0.2972972972972973,0.5945945945945946,0.5945945945945946,33,26,11,4,74
score_max,high_is_2.6,0.9999993998222527,0.6868686868686869,0.5483870967741935,0.918918918918919,0.24324324324324326,0.581081081081081,0.5810810810810811,34,28,9,3,74
score_max,high_is_2.6,0.9999998675180007,0.6829268292682927,0.6222222222222222,0.7567567567567568,0.5405405405405406,0.6486486486486487,0.6486486486486487,28,17,20,9,74
score_max,high_is_2.6,0.9999996464669106,0.6808510638297872,0.5614035087719298,0.8648648648648649,0.32432432432432434,0.5945945945945946,0.5945945945945946,32,25,12,5,74
score_max,high_is_2.6,0.9999995896393925,0.6804123711340206,0.55,0.8918918918918919,0.2702702702702703,0.581081081081081,0.5810810810810811,33,27,10,4,74
score_max,high_is_2.6,0.9999993177403648,0.68,0.5396825396825397,0.918918918918919,0.21621621621621623,0.5675675675675675,0.5675675675675675,34,29,8,3,74
score_max,high_is_2.6,0.9999987158481252,0.6792452830188679,0.5217391304347826,0.972972972972973,0.10810810810810811,0.5405405405405406,0.5405405405405406,36,33,4,1,74
score_max,high_is_2.6,0.9999945054355766,0.6788990825688073,0.5138888888888888,1.0,0.05405405405405406,0.527027027027027,0.527027027027027,37,35,2,0,74
score_max,high_is_2.6,0.9999998537830476,0.674698795180723,0.6086956521739131,0.7567567567567568,0.5135135135135135,0.6351351351351351,0.6351351351351351,28,18,19,9,74
score_max,high_is_2.6,0.9999993112670155,0.6732673267326733,0.53125,0.918918918918919,0.1891891891891892,0.5540540540540541,0.5540540540540541,34,30,7,3,74
score_max,high_is_2.6,0.9999978217639176,0.6728971962616821,0.5142857142857142,0.972972972972973,0.08108108108108109,0.527027027027027,0.5270270270270271,36,34,3,1,74
score_max,high_is_2.6,0.9999918320882157,0.6727272727272727,0.5068493150684932,1.0,0.02702702702702703,0.5135135135135135,0.5135135135135135,37,36,1,0,74
score_max,high_is_2.6,0.9999998770649805,0.6666666666666667,0.6341463414634146,0.7027027027027027,0.5945945945945946,0.6486486486486487,0.6486486486486487,26,15,22,11,74
score_max,high_is_2.6,0.9999998680399672,0.6666666666666666,0.6136363636363636,0.7297297297297297,0.5405405405405406,0.6351351351351351,0.6351351351351351,27,17,20,10,74
score_max,high_is_2.6,0.9999993110520539,0.6666666666666666,0.5230769230769231,0.918918918918919,0.16216216216216217,0.5405405405405406,0.5405405405405406,34,31,6,3,74
score_max,high_is_2.6,0.9999961146442661,0.6666666666666666,0.5070422535211268,0.972972972972973,0.05405405405405406,0.5135135135135135,0.5135135135135136,36,35,2,1,74
score_max,high_is_2.6,0.9999898481825872,0.6666666666666666,0.5,1.0,0.0,0.5,0.5,37,37,0,0,74
score_max,low_is_2.6,1.0,0.6666666666666666,0.5,1.0,0.0,0.5,0.5,37,37,0,0,74
score_max,high_is_2.6,0.9999989702744084,0.6666666666666665,0.5147058823529411,0.9459459459459459,0.10810810810810811,0.527027027027027,0.527027027027027,35,33,4,2,74
score_max,high_is_2.6,0.9999993050440977,0.6601941747572816,0.5151515151515151,0.918918918918919,0.13513513513513514,0.527027027027027,0.5270270270270271,34,32,5,3,74
score_max,high_is_2.6,0.999999876325461,0.6582278481012659,0.6190476190476191,0.7027027027027027,0.5675675675675675,0.6351351351351351,0.6351351351351351,26,16,21,11,74
score_max,high_is_2.6,0.9999992086003942,0.6538461538461539,0.5074626865671642,0.918918918918919,0.10810810810810811,0.5135135135135135,0.5135135135135136,34,33,4,3,74
score_max,high_is_2.6,0.9999998720326612,0.6499999999999999,0.6046511627906976,0.7027027027027027,0.5405405405405406,0.6216216216216216,0.6216216216216217,26,17,20,11,74
score_max,high_is_2.6,0.9999998810477249,0.6493506493506493,0.625,0.6756756756756757,0.5945945945945946,0.6351351351351351,0.6351351351351351,25,15,22,12,74
score_max,low_is_2.6,0.9999999873133031,0.6355140186915889,0.4857142857142857,0.918918918918919,0.02702702702702703,0.47297297297297297,0.472972972972973,34,36,1,3,74
score_max,high_is_2.6,0.9999998849257465,0.631578947368421,0.6153846153846154,0.6486486486486487,0.5945945945945946,0.6216216216216216,0.6216216216216217,24,15,22,13,74
score_max,low_is_2.6,0.9999999743012152,0.6226415094339622,0.4782608695652174,0.8918918918918919,0.02702702702702703,0.4594594594594595,0.45945945945945943,33,36,1,4,74
score_max,low_is_2.6,0.9999999355559357,0.6170212765957447,0.5087719298245614,0.7837837837837838,0.24324324324324326,0.5135135135135135,0.5135135135135135,29,28,9,8,74
score_max,high_is_2.6,0.9999998850649692,0.6133333333333333,0.6052631578947368,0.6216216216216216,0.5945945945945946,0.6081081081081081,0.6081081081081081,23,15,22,14,74
score_max,low_is_2.6,0.9999999360419305,0.6105263157894737,0.5,0.7837837837837838,0.21621621621621623,0.5,0.5,29,29,8,8,74
score_max,low_is_2.6,0.9999999728530673,0.6095238095238095,0.47058823529411764,0.8648648648648649,0.02702702702702703,0.44594594594594594,0.44594594594594594,32,36,1,5,74
score_max,low_is_2.6,0.9999999365183241,0.6041666666666666,0.4915254237288136,0.7837837837837838,0.1891891891891892,0.4864864864864865,0.4864864864864865,29,30,7,8,74
score_max,low_is_2.6,0.9999999354564231,0.6021505376344086,0.5,0.7567567567567568,0.24324324324324326,0.5,0.5,28,28,9,9,74
score_max,low_is_2.6,0.9999999713201968,0.6019417475728156,0.4696969696969697,0.8378378378378378,0.05405405405405406,0.44594594594594594,0.44594594594594594,31,35,2,6,74
score_max,low_is_2.6,0.9999999442708261,0.5979381443298969,0.48333333333333334,0.7837837837837838,0.16216216216216217,0.47297297297297297,0.47297297297297297,29,31,6,8,74
score_max,high_is_2.6,0.9999999066425875,0.5970149253731343,0.6666666666666666,0.5405405405405406,0.7297297297297297,0.6351351351351351,0.6351351351351351,20,10,27,17,74
score_max,low_is_2.6,0.9999999716360009,0.5961538461538461,0.4626865671641791,0.8378378378378378,0.02702702702702703,0.43243243243243246,0.43243243243243246,31,36,1,6,74
score_max,high_is_2.6,0.9999998852230132,0.5945945945945946,0.5945945945945946,0.5945945945945946,0.5945945945945946,0.5945945945945946,0.5945945945945946,22,15,22,15,74
score_max,low_is_2.6,0.9999999654795451,0.594059405940594,0.46875,0.8108108108108109,0.08108108108108109,0.44594594594594594,0.44594594594594594,30,34,3,7,74
score_max,low_is_2.6,0.9999999527256307,0.5918367346938777,0.47540983606557374,0.7837837837837838,0.13513513513513514,0.4594594594594595,0.45945945945945943,29,32,5,8,74
score_max,high_is_2.6,0.9999998957632216,0.5915492957746479,0.6176470588235294,0.5675675675675675,0.6486486486486487,0.6081081081081081,0.6081081081081081,21,13,24,16,74
score_max,low_is_2.6,0.9999999710415007,0.5882352941176471,0.46153846153846156,0.8108108108108109,0.05405405405405406,0.43243243243243246,0.43243243243243246,30,35,2,7,74
score_max,high_is_2.6,0.9999999024083017,0.588235294117647,0.6451612903225806,0.5405405405405406,0.7027027027027027,0.6216216216216216,0.6216216216216217,20,11,26,17,74
score_max,low_is_2.6,0.999999935140619,0.5869565217391305,0.4909090909090909,0.7297297297297297,0.24324324324324326,0.4864864864864865,0.4864864864864865,27,28,9,10,74
score_max,low_is_2.6,0.9999999566354734,0.5858585858585857,0.46774193548387094,0.7837837837837838,0.10810810810810811,0.44594594594594594,0.44594594594594594,29,33,4,8,74
score_max,high_is_2.6,0.999999906913914,0.5846153846153848,0.6785714285714286,0.5135135135135135,0.7567567567567568,0.6351351351351351,0.6351351351351351,19,9,28,18,74
score_max,high_is_2.6,0.9999998904359175,0.5833333333333333,0.6,0.5675675675675675,0.6216216216216216,0.5945945945945946,0.5945945945945945,21,14,23,16,74
score_max,low_is_2.6,0.9999999598915632,0.58,0.4603174603174603,0.7837837837837838,0.08108108108108109,0.43243243243243246,0.43243243243243246,29,34,3,8,74
score_max,high_is_2.6,0.9999998974763097,0.5797101449275363,0.625,0.5405405405405406,0.6756756756756757,0.6081081081081081,0.6081081081081081,20,12,25,17,74
score_max,high_is_2.6,0.9999999067950398,0.5757575757575758,0.6551724137931034,0.5135135135135135,0.7297297297297297,0.6216216216216216,0.6216216216216216,19,10,27,18,74
score_max,high_is_2.6,0.9999998855182785,0.5753424657534246,0.5833333333333334,0.5675675675675675,0.5945945945945946,0.581081081081081,0.5810810810810811,21,15,22,16,74
score_max,high_is_2.6,0.9999998965439404,0.5714285714285714,0.6060606060606061,0.5405405405405406,0.6486486486486487,0.5945945945945946,0.5945945945945946,20,13,24,17,74
score_max,low_is_2.6,0.9999999280384896,0.5714285714285714,0.48148148148148145,0.7027027027027027,0.24324324324324326,0.47297297297297297,0.472972972972973,26,28,9,11,74
score_max,high_is_2.6,0.9999999070625688,0.5625,0.6666666666666666,0.4864864864864865,0.7567567567567568,0.6216216216216216,0.6216216216216217,18,9,28,19,74
score_max,low_is_2.6,0.9999999208078987,0.5555555555555556,0.4716981132075472,0.6756756756756757,0.24324324324324326,0.4594594594594595,0.45945945945945943,25,28,9,12,74
score_max,high_is_2.6,0.9999999073896836,0.5396825396825398,0.6538461538461539,0.4594594594594595,0.7567567567567568,0.6081081081081081,0.6081081081081081,17,9,28,20,74
score_max,low_is_2.6,0.9999999203302663,0.5393258426966292,0.46153846153846156,0.6486486486486487,0.24324324324324326,0.44594594594594594,0.44594594594594594,24,28,9,13,74
score_max,low_is_2.6,0.9999999200689151,0.5227272727272727,0.45098039215686275,0.6216216216216216,0.24324324324324326,0.43243243243243246,0.43243243243243246,23,28,9,14,74
score_max,high_is_2.6,0.9999999137001923,0.5161290322580645,0.64,0.43243243243243246,0.7567567567567568,0.5945945945945946,0.5945945945945946,16,9,28,21,74
score_max,low_is_2.6,0.9999999198389624,0.5057471264367815,0.44,0.5945945945945946,0.24324324324324326,0.4189189189189189,0.41891891891891897,22,28,9,15,74
score_max,high_is_2.6,0.9999999198389624,0.4918032786885246,0.625,0.40540540540540543,0.7567567567567568,0.581081081081081,0.5810810810810811,15,9,28,22,74
score_max,low_is_2.6,0.9999999137001923,0.4883720930232558,0.42857142857142855,0.5675675675675675,0.24324324324324326,0.40540540540540543,0.4054054054054054,21,28,9,16,74
score_max,low_is_2.6,0.9999999073896836,0.47058823529411764,0.4166666666666667,0.5405405405405406,0.24324324324324326,0.3918918918918919,0.3918918918918919,20,28,9,17,74
score_max,high_is_2.6,0.9999999200689151,0.4666666666666667,0.6086956521739131,0.3783783783783784,0.7567567567567568,0.5675675675675675,0.5675675675675675,14,9,28,23,74
score_max,low_is_2.6,0.9999999070625688,0.4523809523809524,0.40425531914893614,0.5135135135135135,0.24324324324324326,0.3783783783783784,0.3783783783783784,19,28,9,18,74
score_max,high_is_2.6,0.9999999203302663,0.4406779661016949,0.5909090909090909,0.35135135135135137,0.7567567567567568,0.5540540540540541,0.5540540540540541,13,9,28,24,74
score_max,low_is_2.6,0.9999999067950398,0.43902439024390244,0.4,0.4864864864864865,0.2702702702702703,0.3783783783783784,0.3783783783783784,18,27,10,19,74
score_max,low_is_2.6,0.9999998965439404,0.4358974358974359,0.4146341463414634,0.4594594594594595,0.35135135135135137,0.40540540540540543,0.40540540540540543,17,24,13,20,74
score_max,low_is_2.6,0.999999906913914,0.43373493975903615,0.391304347826087,0.4864864864864865,0.24324324324324326,0.36486486486486486,0.3648648648648649,18,28,9,19,74
score_max,low_is_2.6,0.9999998974763097,0.430379746835443,0.40476190476190477,0.4594594594594595,0.32432432432432434,0.3918918918918919,0.3918918918918919,17,25,12,20,74
score_max,low_is_2.6,0.9999998855182785,0.4266666666666667,0.42105263157894735,0.43243243243243246,0.40540540540540543,0.4189189189189189,0.41891891891891897,16,22,15,21,74
score_max,low_is_2.6,0.9999999024083017,0.425,0.3953488372093023,0.4594594594594595,0.2972972972972973,0.3783783783783784,0.3783783783783784,17,26,11,20,74
score_max,low_is_2.6,0.9999998904359175,0.42105263157894735,0.41025641025641024,0.43243243243243246,0.3783783783783784,0.40540540540540543,0.40540540540540543,16,23,14,21,74
score_max,low_is_2.6,0.9999999066425875,0.41975308641975306,0.38636363636363635,0.4594594594594595,0.2702702702702703,0.36486486486486486,0.3648648648648649,17,27,10,20,74
score_max,low_is_2.6,0.9999998957632216,0.4155844155844156,0.4,0.43243243243243246,0.35135135135135137,0.3918918918918919,0.3918918918918919,16,24,13,21,74
score_max,high_is_2.6,0.9999999208078987,0.41379310344827586,0.5714285714285714,0.32432432432432434,0.7567567567567568,0.5405405405405406,0.5405405405405406,12,9,28,25,74
score_max,low_is_2.6,0.9999998852230132,0.40540540540540543,0.40540540540540543,0.40540540540540543,0.40540540540540543,0.40540540540540543,0.40540540540540543,15,22,15,22,74
score_max,high_is_2.6,0.9999999280384896,0.38596491228070173,0.55,0.2972972972972973,0.7567567567567568,0.527027027027027,0.5270270270270271,11,9,28,26,74
score_max,low_is_2.6,0.9999998850649692,0.3835616438356164,0.3888888888888889,0.3783783783783784,0.40540540540540543,0.3918918918918919,0.3918918918918919,14,22,15,23,74
score_max,low_is_2.6,0.9999998849257465,0.36111111111111116,0.37142857142857144,0.35135135135135137,0.40540540540540543,0.3783783783783784,0.3783783783783784,13,22,15,24,74
score_max,high_is_2.6,0.999999935140619,0.35714285714285715,0.5263157894736842,0.2702702702702703,0.7567567567567568,0.5135135135135135,0.5135135135135136,10,9,28,27,74
score_max,low_is_2.6,0.9999998810477249,0.3380281690140845,0.35294117647058826,0.32432432432432434,0.40540540540540543,0.36486486486486486,0.3648648648648649,12,22,15,25,74
score_max,high_is_2.6,0.9999999598915632,0.33333333333333337,0.7272727272727273,0.21621621621621623,0.918918918918919,0.5675675675675675,0.5675675675675675,8,3,34,29,74
score_max,high_is_2.6,0.9999999354564231,0.3272727272727273,0.5,0.24324324324324326,0.7567567567567568,0.5,0.5,9,9,28,28,74
score_max,high_is_2.6,0.9999999566354734,0.326530612244898,0.6666666666666666,0.21621621621621623,0.8918918918918919,0.5540540540540541,0.5540540540540541,8,4,33,29,74
score_max,low_is_2.6,0.9999998720326612,0.3235294117647059,0.3548387096774194,0.2972972972972973,0.4594594594594595,0.3783783783783784,0.3783783783783784,11,20,17,26,74
score_max,high_is_2.6,0.9999999527256307,0.32,0.6153846153846154,0.21621621621621623,0.8648648648648649,0.5405405405405406,0.5405405405405406,8,5,32,29,74
score_max,low_is_2.6,0.999999876325461,0.3188405797101449,0.34375,0.2972972972972973,0.43243243243243246,0.36486486486486486,0.3648648648648649,11,21,16,26,74
score_max,low_is_2.6,0.9999998770649805,0.3142857142857143,0.3333333333333333,0.2972972972972973,0.40540540540540543,0.35135135135135137,0.35135135135135137,11,22,15,26,74
score_max,high_is_2.6,0.9999999442708261,0.3137254901960784,0.5714285714285714,0.21621621621621623,0.8378378378378378,0.527027027027027,0.527027027027027,8,6,31,29,74
score_max,high_is_2.6,0.9999999365183241,0.3076923076923077,0.5333333333333333,0.21621621621621623,0.8108108108108109,0.5135135135135135,0.5135135135135136,8,7,30,29,74
score_max,high_is_2.6,0.9999999710415007,0.30434782608695654,0.7777777777777778,0.1891891891891892,0.9459459459459459,0.5675675675675675,0.5675675675675675,7,2,35,30,74
score_max,high_is_2.6,0.9999999360419305,0.3018867924528302,0.5,0.21621621621621623,0.7837837837837838,0.5,0.5,8,8,29,29,74
score_max,low_is_2.6,0.9999998680399672,0.29850746268656714,0.3333333333333333,0.2702702702702703,0.4594594594594595,0.36486486486486486,0.3648648648648649,10,20,17,27,74
score_max,high_is_2.6,0.9999999654795451,0.2978723404255319,0.7,0.1891891891891892,0.918918918918919,0.5540540540540541,0.5540540540540541,7,3,34,30,74
score_max,high_is_2.6,0.9999999355559357,0.29629629629629634,0.47058823529411764,0.21621621621621623,0.7567567567567568,0.4864864864864865,0.4864864864864865,8,9,28,29,74
score_max,low_is_2.6,0.9999998537830476,0.27692307692307694,0.32142857142857145,0.24324324324324326,0.4864864864864865,0.36486486486486486,0.3648648648648649,9,19,18,28,74
score_max,high_is_2.6,0.9999999716360009,0.27272727272727276,0.8571428571428571,0.16216216216216217,0.972972972972973,0.5675675675675675,0.5675675675675675,6,1,36,31,74
score_max,low_is_2.6,0.9999998675180007,0.27272727272727276,0.3103448275862069,0.24324324324324326,0.4594594594594595,0.35135135135135137,0.35135135135135137,9,20,17,28,74
score_max,high_is_2.6,0.9999999713201968,0.26666666666666666,0.75,0.16216216216216217,0.9459459459459459,0.5540540540540541,0.5540540540540541,6,2,35,31,74
score_max,low_is_2.6,0.9999998368727636,0.25,0.2962962962962963,0.21621621621621623,0.4864864864864865,0.35135135135135137,0.35135135135135137,8,19,18,29,74
score_max,high_is_2.6,0.9999999728530673,0.23255813953488372,0.8333333333333334,0.13513513513513514,0.972972972972973,0.5540540540540541,0.5540540540540541,5,1,36,32,74
score_max,low_is_2.6,0.9999998173981686,0.22950819672131148,0.2916666666666667,0.1891891891891892,0.5405405405405406,0.36486486486486486,0.3648648648648649,7,17,20,30,74
score_max,low_is_2.6,0.9999998334536022,0.22580645161290325,0.28,0.1891891891891892,0.5135135135135135,0.35135135135135137,0.3513513513513513,7,18,19,30,74
score_max,low_is_2.6,0.99999976112313,0.20689655172413793,0.2857142857142857,0.16216216216216217,0.5945945945945946,0.3783783783783784,0.3783783783783784,6,15,22,31,74
score_max,low_is_2.6,0.9999997706287459,0.20338983050847456,0.2727272727272727,0.16216216216216217,0.5675675675675675,0.36486486486486486,0.36486486486486486,6,16,21,31,74
score_max,low_is_2.6,0.9999997884847944,0.2,0.2608695652173913,0.16216216216216217,0.5405405405405406,0.35135135135135137,0.35135135135135137,6,17,20,31,74
score_max,high_is_2.6,0.9999999743012152,0.19047619047619047,0.8,0.10810810810810811,0.972972972972973,0.5405405405405406,0.5405405405405406,4,1,36,33,74
score_max,low_is_2.6,0.9999996464669106,0.18518518518518517,0.29411764705882354,0.13513513513513514,0.6756756756756757,0.40540540540540543,0.4054054054054054,5,12,25,32,74
score_max,low_is_2.6,0.99999965669833,0.18181818181818182,0.2777777777777778,0.13513513513513514,0.6486486486486487,0.3918918918918919,0.3918918918918919,5,13,24,32,74
score_max,low_is_2.6,0.9999996891499714,0.17857142857142858,0.2631578947368421,0.13513513513513514,0.6216216216216216,0.3783783783783784,0.3783783783783784,5,14,23,32,74
score_max,low_is_2.6,0.9999997390136675,0.1754385964912281,0.25,0.13513513513513514,0.5945945945945946,0.36486486486486486,0.3648648648648649,5,15,22,32,74
score_max,low_is_2.6,0.9999995896393925,0.1568627450980392,0.2857142857142857,0.10810810810810811,0.7297297297297297,0.4189189189189189,0.4189189189189189,4,10,27,33,74
score_max,low_is_2.6,0.9999996260749271,0.15384615384615385,0.26666666666666666,0.10810810810810811,0.7027027027027027,0.40540540540540543,0.40540540540540543,4,11,26,33,74
score_max,low_is_2.6,0.999999636086909,0.1509433962264151,0.25,0.10810810810810811,0.6756756756756757,0.3918918918918919,0.3918918918918919,4,12,25,33,74
score_max,high_is_2.6,0.9999999873133031,0.14634146341463414,0.75,0.08108108108108109,0.972972972972973,0.527027027027027,0.5270270270270271,3,1,36,34,74
score_max,high_is_2.6,1.0,0.14634146341463414,0.75,0.08108108108108109,0.972972972972973,0.527027027027027,0.5270270270270271,3,1,36,34,74
score_max,low_is_2.6,0.9999992086003942,0.13636363636363638,0.42857142857142855,0.08108108108108109,0.8918918918918919,0.4864864864864865,0.4864864864864865,3,4,33,34,74
score_max,low_is_2.6,0.9999993050440977,0.13333333333333333,0.375,0.08108108108108109,0.8648648648648649,0.47297297297297297,0.472972972972973,3,5,32,34,74
score_max,low_is_2.6,0.9999993110520539,0.13043478260869568,0.3333333333333333,0.08108108108108109,0.8378378378378378,0.4594594594594595,0.45945945945945943,3,6,31,34,74
score_max,low_is_2.6,0.9999993112670155,0.12765957446808512,0.3,0.08108108108108109,0.8108108108108109,0.44594594594594594,0.44594594594594594,3,7,30,34,74
score_max,low_is_2.6,0.9999993177403648,0.125,0.2727272727272727,0.08108108108108109,0.7837837837837838,0.43243243243243246,0.43243243243243246,3,8,29,34,74
score_max,low_is_2.6,0.9999993998222527,0.12244897959183675,0.25,0.08108108108108109,0.7567567567567568,0.4189189189189189,0.41891891891891897,3,9,28,34,74
score_max,low_is_2.6,0.9999995191641013,0.12,0.23076923076923078,0.08108108108108109,0.7297297297297297,0.40540540540540543,0.4054054054054054,3,10,27,34,74
score_max,low_is_2.6,0.9999989702744084,0.09302325581395349,0.3333333333333333,0.05405405405405406,0.8918918918918919,0.47297297297297297,0.47297297297297297,2,4,33,35,74
score_max,low_is_2.6,0.9999961146442661,0.05,0.3333333333333333,0.02702702702702703,0.9459459459459459,0.4864864864864865,0.4864864864864865,1,2,35,36,74
score_max,low_is_2.6,0.9999978217639176,0.04878048780487805,0.25,0.02702702702702703,0.918918918918919,0.47297297297297297,0.472972972972973,1,3,34,36,74
score_max,low_is_2.6,0.9999987158481252,0.047619047619047616,0.2,0.02702702702702703,0.8918918918918919,0.4594594594594595,0.45945945945945943,1,4,33,36,74
score_max,low_is_2.6,0.9999898481825872,0.0,0.0,0.0,0.972972972972973,0.4864864864864865,0.4864864864864865,0,1,36,37,74
score_max,low_is_2.6,0.9999918320882157,0.0,0.0,0.0,0.972972972972973,0.4864864864864865,0.4864864864864865,0,1,36,37,74
score_max,low_is_2.6,0.9999945054355766,0.0,0.0,0.0,0.9459459459459459,0.47297297297297297,0.47297297297297297,0,2,35,37,74
score_mean,high_is_2.6,0.13479852532073952,0.673469387755102,0.5409836065573771,0.8918918918918919,0.24324324324324326,0.5675675675675675,0.5675675675675675,33,28,9,4,74
score_mean,low_is_2.6,0.35208580090703817,0.673076923076923,0.5223880597014925,0.9459459459459459,0.13513513513513514,0.5405405405405406,0.5405405405405406,35,32,5,2,74
score_mean,low_is_2.6,0.3828156781239571,0.6728971962616821,0.5142857142857142,0.972972972972973,0.08108108108108109,0.527027027027027,0.5270270270270271,36,34,3,1,74
score_mean,high_is_2.6,0.1327135570879176,0.6666666666666666,0.532258064516129,0.8918918918918919,0.21621621621621623,0.5540540540540541,0.5540540540540541,33,29,8,4,74
score_mean,low_is_2.6,0.39028518010641644,0.6666666666666666,0.5070422535211268,0.972972972972973,0.05405405405405406,0.5135135135135135,0.5135135135135136,36,35,2,1,74
score_mean,high_is_2.6,0.04327268778697512,0.6666666666666666,0.5,1.0,0.0,0.5,0.5,37,37,0,0,74
score_mean,low_is_2.6,0.42117053661546294,0.6666666666666666,0.5,1.0,0.0,0.5,0.5,37,37,0,0,74
score_mean,high_is_2.6,0.09690094052716652,0.6666666666666665,0.5147058823529411,0.9459459459459459,0.10810810810810811,0.527027027027027,0.527027027027027,35,33,4,2,74
score_mean,low_is_2.6,0.35928343440622945,0.6666666666666665,0.5147058823529411,0.9459459459459459,0.10810810810810811,0.527027027027027,0.527027027027027,35,33,4,2,74
score_mean,low_is_2.6,0.3933807443886034,0.6605504587155964,0.5,0.972972972972973,0.02702702702702703,0.5,0.5,36,36,1,1,74
score_mean,high_is_2.6,0.09386566060669668,0.660377358490566,0.5072463768115942,0.9459459459459459,0.08108108108108109,0.5135135135135135,0.5135135135135135,35,34,3,2,74
score_mean,low_is_2.6,0.370082037692408,0.660377358490566,0.5072463768115942,0.9459459459459459,0.08108108108108109,0.5135135135135135,0.5135135135135135,35,34,3,2,74
score_mean,high_is_2.6,0.10733760083915925,0.6601941747572816,0.5151515151515151,0.918918918918919,0.13513513513513514,0.527027027027027,0.5270270270270271,34,32,5,3,74
score_mean,low_is_2.6,0.3436039042995246,0.6601941747572816,0.5151515151515151,0.918918918918919,0.13513513513513514,0.527027027027027,0.5270270270270271,34,32,5,3,74
score_mean,high_is_2.6,0.12341277571828185,0.6599999999999999,0.5238095238095238,0.8918918918918919,0.1891891891891892,0.5405405405405406,0.5405405405405406,33,30,7,4,74
score_mean,high_is_2.6,0.1375361113360637,0.6597938144329898,0.5333333333333333,0.8648648648648649,0.24324324324324326,0.5540540540540541,0.5540540540540541,32,28,9,5,74
score_mean,high_is_2.6,0.06219177402501663,0.6545454545454545,0.4931506849315068,0.972972972972973,0.0,0.4864864864864865,0.4864864864864865,36,37,0,1,74
score_mean,low_is_2.6,0.4079531142754739,0.6545454545454545,0.4931506849315068,0.972972972972973,0.0,0.4864864864864865,0.4864864864864865,36,37,0,1,74
score_mean,high_is_2.6,0.0904715694311356,0.6542056074766355,0.5,0.9459459459459459,0.05405405405405406,0.5,0.5,35,35,2,2,74
score_mean,high_is_2.6,0.10204000993751002,0.6538461538461539,0.5074626865671642,0.918918918918919,0.10810810810810811,0.5135135135135135,0.5135135135135136,34,33,4,3,74
score_mean,high_is_2.6,0.1120001760532784,0.6534653465346535,0.515625,0.8918918918918919,0.16216216216216217,0.527027027027027,0.527027027027027,33,31,6,4,74
score_mean,high_is_2.6,0.08818162440844504,0.6481481481481483,0.49295774647887325,0.9459459459459459,0.02702702702702703,0.4864864864864865,0.4864864864864865,35,36,1,2,74
score_mean,high_is_2.6,0.1092800445220018,0.6470588235294117,0.5076923076923077,0.8918918918918919,0.13513513513513514,0.5135135135135135,0.5135135135135135,33,32,5,4,74
score_mean,low_is_2.6,0.3356319629223467,0.6470588235294117,0.5076923076923077,0.8918918918918919,0.13513513513513514,0.5135135135135135,0.5135135135135135,33,32,5,4,74
score_mean,high_is_2.6,0.13927505512122218,0.6458333333333334,0.5254237288135594,0.8378378378378378,0.24324324324324326,0.5405405405405406,0.5405405405405406,31,28,9,6,74
score_mean,high_is_2.6,0.14595055511528576,0.6444444444444444,0.5471698113207547,0.7837837837837838,0.35135135135135137,0.5675675675675675,0.5675675675675675,29,24,13,8,74
score_mean,high_is_2.6,0.15520307194335559,0.6436781609195402,0.56,0.7567567567567568,0.40540540540540543,0.581081081081081,0.5810810810810811,28,22,15,9,74
score_mean,high_is_2.6,0.08440885285216407,0.6422018348623854,0.4861111111111111,0.9459459459459459,0.0,0.47297297297297297,0.47297297297297297,35,37,0,2,74
score_mean,low_is_2.6,0.30126197171847313,0.6391752577319588,0.5166666666666667,0.8378378378378378,0.21621621621621623,0.527027027027027,0.527027027027027,31,29,8,6,74
score_mean,high_is_2.6,0.1424934888147631,0.6382978723404256,0.5263157894736842,0.8108108108108109,0.2702702702702703,0.5405405405405406,0.5405405405405406,30,27,10,7,74
score_mean,high_is_2.6,0.14477533646063612,0.6373626373626374,0.5370370370370371,0.7837837837837838,0.32432432432432434,0.5540540540540541,0.5540540540540541,29,25,12,8,74
score_mean,high_is_2.6,0.15124635838321554,0.6363636363636364,0.5490196078431373,0.7567567567567568,0.3783783783783784,0.5675675675675675,0.5675675675675675,28,23,14,9,74
score_mean,low_is_2.6,0.33247188735242217,0.6336633663366337,0.5,0.8648648648648649,0.13513513513513514,0.5,0.5,32,32,5,5,74
score_mean,low_is_2.6,0.3069202001734348,0.6326530612244898,0.5081967213114754,0.8378378378378378,0.1891891891891892,0.5135135135135135,0.5135135135135135,31,30,7,6,74
score_mean,high_is_2.6,0.14127211512211485,0.631578947368421,0.5172413793103449,0.8108108108108109,0.24324324324324326,0.527027027027027,0.5270270270270271,30,28,9,7,74
score_mean,low_is_2.6,0.2956357282520028,0.631578947368421,0.5172413793103449,0.8108108108108109,0.24324324324324326,0.527027027027027,0.5270270270270271,30,28,9,7,74
score_mean,high_is_2.6,0.14364998199984733,0.6304347826086956,0.5272727272727272,0.7837837837837838,0.2972972972972973,0.5405405405405406,0.5405405405405406,29,26,11,8,74
score_mean,high_is_2.6,0.14730211589075215,0.6292134831460674,0.5384615384615384,0.7567567567567568,0.35135135135135137,0.5540540540540541,0.5540540540540541,28,24,13,9,74
score_mean,high_is_2.6,0.15542991253458183,0.6279069767441859,0.5510204081632653,0.7297297297297297,0.40540540540540543,0.5675675675675675,0.5675675675675675,27,22,15,10,74
score_mean,low_is_2.6,0.3187109713878069,0.6262626262626263,0.5,0.8378378378378378,0.16216216216216217,0.5,0.5,31,31,6,6,74
score_mean,low_is_2.6,0.29808075869242556,0.6249999999999999,0.5084745762711864,0.8108108108108109,0.21621621621621623,0.5135135135135135,0.5135135135135136,30,29,8,7,74
score_mean,high_is_2.6,0.14253580955070036,0.6236559139784947,0.5178571428571429,0.7837837837837838,0.2702702702702703,0.527027027027027,0.527027027027027,29,27,10,8,74
score_mean,low_is_2.6,0.32891482806070305,0.62,0.49206349206349204,0.8378378378378378,0.13513513513513514,0.4864864864864865,0.4864864864864865,31,32,5,6,74
score_mean,low_is_2.6,0.29099594349711233,0.6170212765957447,0.5087719298245614,0.7837837837837838,0.24324324324324326,0.5135135135135135,0.5135135135135135,29,28,9,8,74
score_mean,high_is_2.6,0.15701455070973547,0.611764705882353,0.5416666666666666,0.7027027027027027,0.40540540540540543,0.5540540540540541,0.5540540540540541,26,22,15,11,74
score_mean,low_is_2.6,0.2840083073980231,0.6021505376344086,0.5,0.7567567567567568,0.24324324324324326,0.5,0.5,28,28,9,9,74
score_mean,high_is_2.6,0.16006664292758377,0.5952380952380952,0.5319148936170213,0.6756756756756757,0.40540540540540543,0.5405405405405406,0.5405405405405406,25,22,15,12,74
score_mean,low_is_2.6,0.27921567526741464,0.5869565217391305,0.4909090909090909,0.7297297297297297,0.24324324324324326,0.4864864864864865,0.4864864864864865,27,28,9,10,74
score_mean,high_is_2.6,0.16426950132125592,0.5783132530120482,0.5217391304347826,0.6486486486486487,0.40540540540540543,0.527027027027027,0.5270270270270271,24,22,15,13,74
score_mean,low_is_2.6,0.2736938387537031,0.5714285714285714,0.48148148148148145,0.7027027027027027,0.24324324324324326,0.47297297297297297,0.472972972972973,26,28,9,11,74
score_mean,low_is_2.6,0.263623970934483,0.5681818181818181,0.49019607843137253,0.6756756756756757,0.2972972972972973,0.4864864864864865,0.4864864864864865,25,26,11,12,74
score_mean,low_is_2.6,0.2666938098862679,0.5617977528089887,0.4807692307692308,0.6756756756756757,0.2702702702702703,0.47297297297297297,0.47297297297297297,25,27,10,12,74
score_mean,high_is_2.6,0.16700848470773302,0.5609756097560976,0.5111111111111111,0.6216216216216216,0.40540540540540543,0.5135135135135135,0.5135135135135135,23,22,15,14,74
score_mean,low_is_2.6,0.26972472017561827,0.5555555555555556,0.4716981132075472,0.6756756756756757,0.24324324324324326,0.4594594594594595,0.45945945945945943,25,28,9,12,74
score_mean,low_is_2.6,0.26136760092830413,0.5517241379310345,0.48,0.6486486486486487,0.2972972972972973,0.47297297297297297,0.472972972972973,24,26,11,13,74
score_mean,high_is_2.6,0.17691708024513675,0.55,0.5116279069767442,0.5945945945945946,0.43243243243243246,0.5135135135135135,0.5135135135135136,22,21,16,15,74
score_mean,high_is_2.6,0.18713664752625842,0.5454545454545455,0.525,0.5675675675675675,0.4864864864864865,0.527027027027027,0.527027027027027,21,19,18,16,74
score_mean,low_is_2.6,0.2102487216692738,0.5454545454545455,0.525,0.5675675675675675,0.4864864864864865,0.527027027027027,0.527027027027027,21,19,18,16,74
score_mean,high_is_2.6,0.17174353100121892,0.5432098765432098,0.5,0.5945945945945946,0.40540540540540543,0.5,0.5,22,22,15,15,74
score_mean,high_is_2.6,0.1794296029792029,0.5384615384615384,0.5121951219512195,0.5675675675675675,0.4594594594594595,0.5135135135135135,0.5135135135135135,21,20,17,16,74
score_mean,low_is_2.6,0.2143794766027142,0.5384615384615384,0.5121951219512195,0.5675675675675675,0.4594594594594595,0.5135135135135135,0.5135135135135135,21,20,17,16,74
score_mean,low_is_2.6,0.2540076905082804,0.5348837209302325,0.46938775510204084,0.6216216216216216,0.2972972972972973,0.4594594594594595,0.45945945945945943,23,26,11,14,74
score_mean,high_is_2.6,0.17817651367583207,0.5316455696202531,0.5,0.5675675675675675,0.43243243243243246,0.5,0.5,21,21,16,16,74
score_mean,low_is_2.6,0.22712095895066375,0.5316455696202531,0.5,0.5675675675675675,0.43243243243243246,0.5,0.5,21,21,16,16,74
score_mean,low_is_2.6,0.24302996222853784,0.5301204819277109,0.4782608695652174,0.5945945945945946,0.35135135135135137,0.47297297297297297,0.472972972972973,22,24,13,15,74
score_mean,high_is_2.6,0.19444030516745237,0.5263157894736842,0.5128205128205128,0.5405405405405406,0.4864864864864865,0.5135135135135135,0.5135135135135136,20,19,18,17,74
score_mean,low_is_2.6,0.20711747887032342,0.5263157894736842,0.5128205128205128,0.5405405405405406,0.4864864864864865,0.5135135135135135,0.5135135135135136,20,19,18,17,74
score_mean,low_is_2.6,0.23769345374196138,0.525,0.4883720930232558,0.5675675675675675,0.40540540540540543,0.4864864864864865,0.4864864864864865,21,22,15,16,74
score_mean,low_is_2.6,0.24563407974302037,0.5238095238095238,0.46808510638297873,0.5945945945945946,0.32432432432432434,0.4594594594594595,0.4594594594594595,22,25,12,15,74
score_mean,low_is_2.6,0.23817621471559325,0.5185185185185185,0.4772727272727273,0.5675675675675675,0.3783783783783784,0.47297297297297297,0.47297297297297297,21,23,14,16,74
score_mean,low_is_2.6,0.247441471000445,0.5176470588235293,0.4583333333333333,0.5945945945945946,0.2972972972972973,0.44594594594594594,0.44594594594594594,22,26,11,15,74
score_mean,high_is_2.6,0.19694029442266575,0.5135135135135135,0.5135135135135135,0.5135135135135135,0.5135135135135135,0.5135135135135135,0.5135135135135135,19,18,19,18,74
score_mean,low_is_2.6,0.24011242190778526,0.5121951219512195,0.4666666666666667,0.5675675675675675,0.35135135135135137,0.4594594594594595,0.45945945945945943,21,24,13,16,74
score_mean,high_is_2.6,0.1949789095747096,0.5066666666666666,0.5,0.5135135135135135,0.4864864864864865,0.5,0.5,19,19,18,18,74
score_mean,low_is_2.6,0.20213324247183706,0.5066666666666666,0.5,0.5135135135135135,0.4864864864864865,0.5,0.5,19,19,18,18,74
score_mean,high_is_2.6,0.20213324247183706,0.4931506849315069,0.5,0.4864864864864865,0.5135135135135135,0.5,0.5,18,18,19,19,74
score_mean,low_is_2.6,0.1949789095747096,0.4931506849315069,0.5,0.4864864864864865,0.5135135135135135,0.5,0.5,18,18,19,19,74
score_mean,low_is_2.6,0.19694029442266575,0.4864864864864865,0.4864864864864865,0.4864864864864865,0.4864864864864865,0.4864864864864865,0.4864864864864865,18,19,18,19,74
score_mean,high_is_2.6,0.24011242190778526,0.48484848484848486,0.5517241379310345,0.43243243243243246,0.6486486486486487,0.5405405405405406,0.5405405405405406,16,13,24,21,74
score_mean,high_is_2.6,0.23817621471559325,0.47761194029850745,0.5333333333333333,0.43243243243243246,0.6216216216216216,0.527027027027027,0.527027027027027,16,14,23,21,74
score_mean,high_is_2.6,0.247441471000445,0.47619047619047616,0.5769230769230769,0.40540540540540543,0.7027027027027027,0.5540540540540541,0.5540540540540541,15,11,26,22,74
score_mean,high_is_2.6,0.20711747887032342,0.47222222222222227,0.4857142857142857,0.4594594594594595,0.5135135135135135,0.4864864864864865,0.4864864864864865,17,18,19,20,74
score_mean,low_is_2.6,0.19444030516745237,0.47222222222222227,0.4857142857142857,0.4594594594594595,0.5135135135135135,0.4864864864864865,0.4864864864864865,17,18,19,20,74
score_mean,high_is_2.6,0.23769345374196138,0.47058823529411764,0.5161290322580645,0.43243243243243246,0.5945945945945946,0.5135135135135135,0.5135135135135136,16,15,22,21,74
score_mean,high_is_2.6,0.24563407974302037,0.46875,0.5555555555555556,0.40540540540540543,0.6756756756756757,0.5405405405405406,0.5405405405405406,15,12,25,22,74
score_mean,high_is_2.6,0.22712095895066375,0.463768115942029,0.5,0.43243243243243246,0.5675675675675675,0.5,0.5,16,16,21,21,74
score_mean,low_is_2.6,0.17817651367583207,0.463768115942029,0.5,0.43243243243243246,0.5675675675675675,0.5,0.5,16,16,21,21,74
score_mean,high_is_2.6,0.24302996222853784,0.46153846153846156,0.5357142857142857,0.40540540540540543,0.6486486486486487,0.527027027027027,0.5270270270270271,15,13,24,22,74
score_mean,high_is_2.6,0.2143794766027142,0.45714285714285713,0.48484848484848486,0.43243243243243246,0.5405405405405406,0.4864864864864865,0.4864864864864865,16,17,20,21,74
score_mean,low_is_2.6,0.1794296029792029,0.45714285714285713,0.48484848484848486,0.43243243243243246,0.5405405405405406,0.4864864864864865,0.4864864864864865,16,17,20,21,74
score_mean,high_is_2.6,0.2540076905082804,0.4516129032258065,0.56,0.3783783783783784,0.7027027027027027,0.5405405405405406,0.5405405405405406,14,11,26,23,74
score_mean,high_is_2.6,0.2102487216692738,0.4507042253521127,0.47058823529411764,0.43243243243243246,0.5135135135135135,0.47297297297297297,0.47297297297297297,16,18,19,21,74
score_mean,low_is_2.6,0.18713664752625842,0.4507042253521127,0.47058823529411764,0.43243243243243246,0.5135135135135135,0.47297297297297297,0.47297297297297297,16,18,19,21,74
score_mean,low_is_2.6,0.17174353100121892,0.4477611940298507,0.5,0.40540540540540543,0.5945945945945946,0.5,0.5,15,15,22,22,74
score_mean,low_is_2.6,0.17691708024513675,0.4411764705882353,0.4838709677419355,0.40540540540540543,0.5675675675675675,0.4864864864864865,0.4864864864864865,15,16,21,22,74
score_mean,high_is_2.6,0.26136760092830413,0.4262295081967213,0.5416666666666666,0.35135135135135137,0.7027027027027027,0.527027027027027,0.5270270270270271,13,11,26,24,74
score_mean,low_is_2.6,0.16700848470773302,0.42424242424242425,0.4827586206896552,0.3783783783783784,0.5945945945945946,0.4864864864864865,0.4864864864864865,14,15,22,23,74
score_mean,high_is_2.6,0.26972472017561827,0.41379310344827586,0.5714285714285714,0.32432432432432434,0.7567567567567568,0.5405405405405406,0.5405405405405406,12,9,28,25,74
score_mean,high_is_2.6,0.2666938098862679,0.4067796610169491,0.5454545454545454,0.32432432432432434,0.7297297297297297,0.527027027027027,0.527027027027027,12,10,27,25,74
score_mean,high_is_2.6,0.263623970934483,0.4,0.5217391304347826,0.32432432432432434,0.7027027027027027,0.5135135135135135,0.5135135135135136,12,11,26,25,74
score_mean,low_is_2.6,0.16426950132125592,0.39999999999999997,0.4642857142857143,0.35135135135135137,0.5945945945945946,0.47297297297297297,0.472972972972973,13,15,22,24,74
score_mean,high_is_2.6,0.2736938387537031,0.38596491228070173,0.55,0.2972972972972973,0.7567567567567568,0.527027027027027,0.5270270270270271,11,9,28,26,74
score_mean,low_is_2.6,0.16006664292758377,0.375,0.4444444444444444,0.32432432432432434,0.5945945945945946,0.4594594594594595,0.4594594594594595,12,15,22,25,74
score_mean,high_is_2.6,0.27921567526741464,0.35714285714285715,0.5263157894736842,0.2702702702702703,0.7567567567567568,0.5135135135135135,0.5135135135135136,10,9,28,27,74
score_mean,low_is_2.6,0.15701455070973547,0.34920634920634924,0.4230769230769231,0.2972972972972973,0.5945945945945946,0.44594594594594594,0.44594594594594594,11,15,22,26,74
score_mean,high_is_2.6,0.2840083073980231,0.3272727272727273,0.5,0.24324324324324326,0.7567567567567568,0.5,0.5,9,9,28,28,74
score_mean,low_is_2.6,0.15542991253458183,0.3225806451612903,0.4,0.2702702702702703,0.5945945945945946,0.43243243243243246,0.43243243243243246,10,15,22,27,74
score_mean,low_is_2.6,0.14730211589075215,0.3050847457627119,0.4090909090909091,0.24324324324324326,0.6486486486486487,0.44594594594594594,0.44594594594594594,9,13,24,28,74
score_mean,low_is_2.6,0.15124635838321554,0.30000000000000004,0.391304347826087,0.24324324324324326,0.6216216216216216,0.43243243243243246,0.43243243243243246,9,14,23,28,74
score_mean,high_is_2.6,0.29099594349711233,0.29629629629629634,0.47058823529411764,0.21621621621621623,0.7567567567567568,0.4864864864864865,0.4864864864864865,8,9,28,29,74
score_mean,low_is_2.6,0.15520307194335559,0.2950819672131148,0.375,0.24324324324324326,0.5945945945945946,0.4189189189189189,0.41891891891891897,9,15,22,28,74
score_mean,low_is_2.6,0.14253580955070036,0.2909090909090909,0.4444444444444444,0.21621621621621623,0.7297297297297297,0.47297297297297297,0.47297297297297297,8,10,27,29,74
score_mean,low_is_2.6,0.14364998199984733,0.28571428571428575,0.42105263157894735,0.21621621621621623,0.7027027027027027,0.4594594594594595,0.4594594594594595,8,11,26,29,74
score_mean,low_is_2.6,0.14477533646063612,0.2807017543859649,0.4,0.21621621621621623,0.6756756756756757,0.44594594594594594,0.44594594594594594,8,12,25,29,74
score_mean,low_is_2.6,0.14595055511528576,0.27586206896551724,0.38095238095238093,0.21621621621621623,0.6486486486486487,0.43243243243243246,0.43243243243243246,8,13,24,29,74
score_mean,high_is_2.6,0.29808075869242556,0.2692307692307693,0.4666666666666667,0.1891891891891892,0.7837837837837838,0.4864864864864865,0.4864864864864865,7,8,29,30,74
score_mean,high_is_2.6,0.2956357282520028,0.2641509433962264,0.4375,0.1891891891891892,0.7567567567567568,0.47297297297297297,0.472972972972973,7,9,28,30,74
score_mean,low_is_2.6,0.14127211512211485,0.2641509433962264,0.4375,0.1891891891891892,0.7567567567567568,0.47297297297297297,0.472972972972973,7,9,28,30,74
score_mean,low_is_2.6,0.1424934888147631,0.2592592592592593,0.4117647058823529,0.1891891891891892,0.7297297297297297,0.4594594594594595,0.45945945945945943,7,10,27,30,74
score_mean,high_is_2.6,0.32891482806070305,0.25,0.5454545454545454,0.16216216216216217,0.8648648648648649,0.5135135135135135,0.5135135135135136,6,5,32,31,74
score_mean,high_is_2.6,0.3187109713878069,0.2448979591836735,0.5,0.16216216216216217,0.8378378378378378,0.5,0.5,6,6,31,31,74
score_mean,high_is_2.6,0.3069202001734348,0.24,0.46153846153846156,0.16216216216216217,0.8108108108108109,0.4864864864864865,0.4864864864864865,6,7,30,31,74
score_mean,high_is_2.6,0.30126197171847313,0.23529411764705885,0.42857142857142855,0.16216216216216217,0.7837837837837838,0.47297297297297297,0.47297297297297297,6,8,29,31,74
score_mean,low_is_2.6,0.13927505512122218,0.23076923076923078,0.4,0.16216216216216217,0.7567567567567568,0.4594594594594595,0.4594594594594595,6,9,28,31,74
score_mean,high_is_2.6,0.33247188735242217,0.21276595744680854,0.5,0.13513513513513514,0.8648648648648649,0.5,0.5,5,5,32,32,74
score_mean,low_is_2.6,0.1375361113360637,0.19607843137254902,0.35714285714285715,0.13513513513513514,0.7567567567567568,0.44594594594594594,0.44594594594594594,5,9,28,32,74
score_mean,high_is_2.6,0.3356319629223467,0.17391304347826086,0.4444444444444444,0.10810810810810811,0.8648648648648649,0.4864864864864865,0.4864864864864865,4,5,32,33,74
score_mean,low_is_2.6,0.1092800445220018,0.17391304347826086,0.4444444444444444,0.10810810810810811,0.8648648648648649,0.4864864864864865,0.4864864864864865,4,5,32,33,74
score_mean,low_is_2.6,0.1120001760532784,0.1702127659574468,0.4,0.10810810810810811,0.8378378378378378,0.47297297297297297,0.47297297297297297,4,6,31,33,74
score_mean,low_is_2.6,0.12341277571828185,0.16666666666666669,0.36363636363636365,0.10810810810810811,0.8108108108108109,0.4594594594594595,0.4594594594594595,4,7,30,33,74
score_mean,low_is_2.6,0.1327135570879176,0.163265306122449,0.3333333333333333,0.10810810810810811,0.7837837837837838,0.44594594594594594,0.44594594594594594,4,8,29,33,74
score_mean,low_is_2.6,0.13479852532073952,0.16,0.3076923076923077,0.10810810810810811,0.7567567567567568,0.43243243243243246,0.43243243243243246,4,9,28,33,74
score_mean,low_is_2.6,0.10204000993751002,0.13636363636363638,0.42857142857142855,0.08108108108108109,0.8918918918918919,0.4864864864864865,0.4864864864864865,3,4,33,34,74
score_mean,high_is_2.6,0.3436039042995246,0.13333333333333333,0.375,0.08108108108108109,0.8648648648648649,0.47297297297297297,0.472972972972973,3,5,32,34,74
score_mean,low_is_2.6,0.10733760083915925,0.13333333333333333,0.375,0.08108108108108109,0.8648648648648649,0.47297297297297297,0.472972972972973,3,5,32,34,74
score_mean,low_is_2.6,0.08440885285216407,0.10256410256410257,1.0,0.05405405405405406,1.0,0.527027027027027,0.527027027027027,2,0,37,35,74
score_mean,low_is_2.6,0.08818162440844504,0.1,0.6666666666666666,0.05405405405405406,0.972972972972973,0.5135135135135135,0.5135135135135136,2,1,36,35,74
score_mean,low_is_2.6,0.0904715694311356,0.0975609756097561,0.5,0.05405405405405406,0.9459459459459459,0.5,0.5,2,2,35,35,74
score_mean,high_is_2.6,0.370082037692408,0.09523809523809523,0.4,0.05405405405405406,0.918918918918919,0.4864864864864865,0.4864864864864865,2,3,34,35,74
score_mean,low_is_2.6,0.09386566060669668,0.09523809523809523,0.4,0.05405405405405406,0.918918918918919,0.4864864864864865,0.4864864864864865,2,3,34,35,74
score_mean,high_is_2.6,0.35928343440622945,0.09302325581395349,0.3333333333333333,0.05405405405405406,0.8918918918918919,0.47297297297297297,0.47297297297297297,2,4,33,35,74
score_mean,low_is_2.6,0.09690094052716652,0.09302325581395349,0.3333333333333333,0.05405405405405406,0.8918918918918919,0.47297297297297297,0.47297297297297297,2,4,33,35,74
score_mean,high_is_2.6,0.35208580090703817,0.09090909090909091,0.2857142857142857,0.05405405405405406,0.8648648648648649,0.4594594594594595,0.4594594594594595,2,5,32,35,74
score_mean,high_is_2.6,0.4079531142754739,0.052631578947368425,1.0,0.02702702702702703,1.0,0.5135135135135135,0.5135135135135135,1,0,37,36,74
score_mean,high_is_2.6,0.42117053661546294,0.052631578947368425,1.0,0.02702702702702703,1.0,0.5135135135135135,0.5135135135135135,1,0,37,36,74
score_mean,low_is_2.6,0.04327268778697512,0.052631578947368425,1.0,0.02702702702702703,1.0,0.5135135135135135,0.5135135135135135,1,0,37,36,74
score_mean,low_is_2.6,0.06219177402501663,0.052631578947368425,1.0,0.02702702702702703,1.0,0.5135135135135135,0.5135135135135135,1,0,37,36,74
score_mean,high_is_2.6,0.3933807443886034,0.05128205128205129,0.5,0.02702702702702703,0.972972972972973,0.5,0.5,1,1,36,36,74
score_mean,high_is_2.6,0.39028518010641644,0.05,0.3333333333333333,0.02702702702702703,0.9459459459459459,0.4864864864864865,0.4864864864864865,1,2,35,36,74
score_mean,high_is_2.6,0.3828156781239571,0.04878048780487805,0.25,0.02702702702702703,0.918918918918919,0.47297297297297297,0.472972972972973,1,3,34,36,74
score_min,high_is_2.6,0.0,0.6666666666666666,0.5,1.0,0.0,0.5,0.5,37,37,0,0,74
score_min,low_is_2.6,8.315279260963632e-07,0.6666666666666666,0.5,1.0,0.0,0.5,0.5,37,37,0,0,74
score_min,high_is_2.6,1.4994804124286536e-09,0.6545454545454545,0.4931506849315068,0.972972972972973,0.0,0.4864864864864865,0.4864864864864865,36,37,0,1,74
score_min,low_is_2.6,5.687151232990945e-07,0.6545454545454545,0.4931506849315068,0.972972972972973,0.0,0.4864864864864865,0.4864864864864865,36,37,0,1,74
score_min,low_is_2.6,2.1188805150588982e-07,0.6481481481481483,0.49295774647887325,0.9459459459459459,0.02702702702702703,0.4864864864864865,0.4864864864864865,35,36,1,2,74
score_min,low_is_2.6,2.720696436260038e-07,0.6422018348623854,0.4861111111111111,0.9459459459459459,0.0,0.47297297297297297,0.47297297297297297,35,37,0,2,74
score_min,low_is_2.6,1.6501858043626116e-07,0.6415094339622641,0.4927536231884058,0.918918918918919,0.05405405405405406,0.4864864864864865,0.4864864864864865,34,35,2,3,74
score_min,high_is_2.6,1.0549284906657213e-08,0.6326530612244898,0.5081967213114754,0.8378378378378378,0.1891891891891892,0.5135135135135135,0.5135135135135135,31,30,7,6,74
score_min,high_is_2.6,3.6812115389005047e-09,0.6296296296296297,0.4788732394366197,0.918918918918919,0.0,0.4594594594594595,0.4594594594594595,34,37,0,3,74
score_min,high_is_2.6,1.8406754537905356e-08,0.6292134831460674,0.5384615384615384,0.7567567567567568,0.35135135135135137,0.5540540540540541,0.5540540540540541,28,24,13,9,74
score_min,high_is_2.6,4.6539563774411725e-09,0.6285714285714286,0.4852941176470588,0.8918918918918919,0.05405405405405406,0.47297297297297297,0.47297297297297297,33,35,2,4,74
score_min,high_is_2.6,8.69473518822038e-09,0.6262626262626263,0.5,0.8378378378378378,0.16216216216216217,0.5,0.5,31,31,6,6,74
score_min,high_is_2.6,5.975798276790474e-09,0.6213592233009709,0.48484848484848486,0.8648648648648649,0.08108108108108109,0.47297297297297297,0.472972972972973,32,34,3,5,74
score_min,high_is_2.6,2.8675929465003577e-08,0.6190476190476191,0.5531914893617021,0.7027027027027027,0.43243243243243246,0.5675675675675675,0.5675675675675675,26,21,16,11,74
score_min,high_is_2.6,1.4335194847923825e-08,0.6170212765957447,0.5087719298245614,0.7837837837837838,0.24324324324324326,0.5135135135135135,0.5135135135135135,29,28,9,8,74
score_min,high_is_2.6,1.624390386633642e-08,0.6153846153846154,0.5185185185185185,0.7567567567567568,0.2972972972972973,0.527027027027027,0.5270270270270271,28,26,11,9,74
score_min,high_is_2.6,5.273623469737956e-09,0.6153846153846153,0.47761194029850745,0.8648648648648649,0.05405405405405406,0.4594594594594595,0.4594594594594595,32,35,2,5,74
score_min,low_is_2.6,1.285165996650918e-07,0.6153846153846153,0.47761194029850745,0.8648648648648649,0.05405405405405406,0.4594594594594595,0.4594594594594595,32,35,2,5,74
score_min,high_is_2.6,7.673076872397775e-09,0.6138613861386139,0.484375,0.8378378378378378,0.10810810810810811,0.47297297297297297,0.47297297297297297,31,33,4,6,74
score_min,high_is_2.6,2.36347406654029e-08,0.611764705882353,0.5416666666666666,0.7027027027027027,0.40540540540540543,0.5540540540540541,0.5540540540540541,26,22,15,11,74
score_min,high_is_2.6,6.7714665731845314e-09,0.607843137254902,0.47692307692307695,0.8378378378378378,0.08108108108108109,0.4594594594594595,0.45945945945945943,31,34,3,6,74
score_min,high_is_2.6,2.0857585430608238e-08,0.6046511627906977,0.5306122448979592,0.7027027027027027,0.3783783783783784,0.5405405405405406,0.5405405405405406,26,23,14,11,74
score_min,high_is_2.6,1.2650765051239425e-08,0.6041666666666666,0.4915254237288136,0.7837837837837838,0.1891891891891892,0.4864864864864865,0.4864864864864865,29,30,7,8,74
score_min,high_is_2.6,3.43883447548889e-08,0.5633802816901409,0.5882352941176471,0.5405405405405406,0.6216216216216216,0.581081081081081,0.5810810810810811,20,14,23,17,74
score_min,low_is_2.6,1.0592355892041078e-07,0.5454545454545454,0.43548387096774194,0.7297297297297297,0.05405405405405406,0.3918918918918919,0.3918918918918919,27,35,2,10,74
score_min,high_is_2.6,3.896709966253106e-08,0.5428571428571428,0.5757575757575758,0.5135135135135135,0.6216216216216216,0.5675675675675675,0.5675675675675675,19,14,23,18,74
score_min,low_is_2.6,9.34772126579994e-08,0.5360824742268041,0.43333333333333335,0.7027027027027027,0.08108108108108109,0.3918918918918919,0.3918918918918919,26,34,3,11,74
score_min,low_is_2.6,7.794925797889254e-08,0.5263157894736842,0.43103448275862066,0.6756756756756757,0.10810810810810811,0.3918918918918919,0.3918918918918919,25,33,4,12,74
score_min,high_is_2.6,4.727861486604794e-08,0.5230769230769231,0.6071428571428571,0.4594594594594595,0.7027027027027027,0.581081081081081,0.5810810810810811,17,11,26,20,74
score_min,high_is_2.6,6.424588607110674e-08,0.5084745762711864,0.6818181818181818,0.40540540540540543,0.8108108108108109,0.6081081081081081,0.6081081081081081,15,7,30,22,74
score_min,low_is_2.6,5.6696795461554505e-08,0.5057471264367815,0.44,0.5945945945945946,0.24324324324324326,0.4189189189189189,0.41891891891891897,22,28,9,15,74
score_min,low_is_2.6,6.424588607110674e-08,0.49438202247191015,0.4230769230769231,0.5945945945945946,0.1891891891891892,0.3918918918918919,0.3918918918918919,22,30,7,15,74
score_min,high_is_2.6,5.6696795461554505e-08,0.4918032786885246,0.625,0.40540540540540543,0.7567567567567568,0.581081081081081,0.5810810810810811,15,9,28,22,74
score_min,low_is_2.6,4.727861486604794e-08,0.4819277108433735,0.43478260869565216,0.5405405405405406,0.2972972972972973,0.4189189189189189,0.41891891891891897,20,26,11,17,74
score_min,low_is_2.6,3.896709966253106e-08,0.4615384615384615,0.43902439024390244,0.4864864864864865,0.3783783783783784,0.43243243243243246,0.43243243243243246,18,23,14,19,74
score_min,high_is_2.6,7.794925797889254e-08,0.4528301886792453,0.75,0.32432432432432434,0.8918918918918919,0.6081081081081081,0.6081081081081081,12,4,33,25,74
score_min,low_is_2.6,3.43883447548889e-08,0.44155844155844154,0.425,0.4594594594594595,0.3783783783783784,0.4189189189189189,0.41891891891891897,17,23,14,20,74
score_min,high_is_2.6,9.34772126579994e-08,0.43137254901960786,0.7857142857142857,0.2972972972972973,0.918918918918919,0.6081081081081081,0.6081081081081081,11,3,34,26,74
score_min,high_is_2.6,1.0592355892041078e-07,0.4081632653061225,0.8333333333333334,0.2702702702702703,0.9459459459459459,0.6081081081081081,0.6081081081081081,10,2,35,27,74
score_min,low_is_2.6,2.0857585430608238e-08,0.3548387096774193,0.44,0.2972972972972973,0.6216216216216216,0.4594594594594595,0.45945945945945943,11,14,23,26,74
score_min,low_is_2.6,2.36347406654029e-08,0.34920634920634924,0.4230769230769231,0.2972972972972973,0.5945945945945946,0.44594594594594594,0.44594594594594594,11,15,22,26,74
score_min,low_is_2.6,2.8675929465003577e-08,0.34375,0.4074074074074074,0.2972972972972973,0.5675675675675675,0.43243243243243246,0.43243243243243246,11,16,21,26,74
score_min,low_is_2.6,1.624390386633642e-08,0.3157894736842105,0.45,0.24324324324324326,0.7027027027027027,0.47297297297297297,0.472972972972973,9,11,26,28,74
score_min,low_is_2.6,1.2650765051239425e-08,0.3076923076923077,0.5333333333333333,0.21621621621621623,0.8108108108108109,0.5135135135135135,0.5135135135135136,8,7,30,29,74
score_min,low_is_2.6,1.8406754537905356e-08,0.3050847457627119,0.4090909090909091,0.24324324324324326,0.6486486486486487,0.44594594594594594,0.44594594594594594,9,13,24,28,74
score_min,low_is_2.6,1.4335194847923825e-08,0.29629629629629634,0.47058823529411764,0.21621621621621623,0.7567567567567568,0.4864864864864865,0.4864864864864865,8,9,28,29,74
score_min,low_is_2.6,6.7714665731845314e-09,0.26086956521739135,0.6666666666666666,0.16216216216216217,0.918918918918919,0.5405405405405406,0.5405405405405406,6,3,34,31,74
score_min,low_is_2.6,7.673076872397775e-09,0.25531914893617025,0.6,0.16216216216216217,0.8918918918918919,0.527027027027027,0.527027027027027,6,4,33,31,74
score_min,low_is_2.6,8.69473518822038e-09,0.2448979591836735,0.5,0.16216216216216217,0.8378378378378378,0.5,0.5,6,6,31,31,74
score_min,low_is_2.6,1.0549284906657213e-08,0.24,0.46153846153846156,0.16216216216216217,0.8108108108108109,0.4864864864864865,0.4864864864864865,6,7,30,31,74
score_min,high_is_2.6,1.285165996650918e-07,0.22727272727272727,0.7142857142857143,0.13513513513513514,0.9459459459459459,0.5405405405405406,0.5405405405405406,5,2,35,32,74
score_min,low_is_2.6,5.273623469737956e-09,0.22727272727272727,0.7142857142857143,0.13513513513513514,0.9459459459459459,0.5405405405405406,0.5405405405405406,5,2,35,32,74
score_min,low_is_2.6,5.975798276790474e-09,0.22222222222222224,0.625,0.13513513513513514,0.918918918918919,0.527027027027027,0.5270270270270271,5,3,34,32,74
score_min,low_is_2.6,4.6539563774411725e-09,0.18604651162790697,0.6666666666666666,0.10810810810810811,0.9459459459459459,0.527027027027027,0.527027027027027,4,2,35,33,74
score_min,low_is_2.6,3.6812115389005047e-09,0.15,1.0,0.08108108108108109,1.0,0.5405405405405406,0.5405405405405406,3,0,37,34,74
score_min,high_is_2.6,1.6501858043626116e-07,0.14285714285714288,0.6,0.08108108108108109,0.9459459459459459,0.5135135135135135,0.5135135135135135,3,2,35,34,74
score_min,high_is_2.6,2.720696436260038e-07,0.10256410256410257,1.0,0.05405405405405406,1.0,0.527027027027027,0.527027027027027,2,0,37,35,74
score_min,high_is_2.6,2.1188805150588982e-07,0.1,0.6666666666666666,0.05405405405405406,0.972972972972973,0.5135135135135135,0.5135135135135136,2,1,36,35,74
score_min,high_is_2.6,5.687151232990945e-07,0.052631578947368425,1.0,0.02702702702702703,1.0,0.5135135135135135,0.5135135135135135,1,0,37,36,74
score_min,high_is_2.6,8.315279260963632e-07,0.052631578947368425,1.0,0.02702702702702703,1.0,0.5135135135135135,0.5135135135135135,1,0,37,36,74
score_min,low_is_2.6,0.0,0.052631578947368425,1.0,0.02702702702702703,1.0,0.5135135135135135,0.5135135135135135,1,0,37,36,74
score_min,low_is_2.6,1.4994804124286536e-09,0.052631578947368425,1.0,0.02702702702702703,1.0,0.5135135135135135,0.5135135135135135,1,0,37,36,74
score_q10,high_is_2.6,3.1893492560876754e-07,0.6930693069306929,0.546875,0.9459459459459459,0.21621621621621623,0.581081081081081,0.5810810810810811,35,29,8,2,74
score_q10,high_is_2.6,3.536885392272788e-07,0.68,0.5396825396825397,0.918918918918919,0.21621621621621623,0.5675675675675675,0.5675675675675675,34,29,8,3,74
score_q10,high_is_2.6,2.7206964362600383e-07,0.6796116504854369,0.5303030303030303,0.9459459459459459,0.16216216216216217,0.5540540540540541,0.5540540540540541,35,31,6,2,74
score_q10,high_is_2.6,2.3823696675018182e-07,0.673076923076923,0.5223880597014925,0.9459459459459459,0.13513513513513514,0.5405405405405406,0.5405405405405406,35,32,5,2,74
score_q10,high_is_2.6,3.8409795114347614e-07,0.6666666666666666,0.532258064516129,0.8918918918918919,0.21621621621621623,0.5540540540540541,0.5540540540540541,33,29,8,4,74
score_q10,high_is_2.6,1.8553913626159784e-07,0.6666666666666666,0.5,1.0,0.0,0.5,0.5,37,37,0,0,74
score_q10,low_is_2.6,0.00010156084047217254,0.6666666666666666,0.5,1.0,0.0,0.5,0.5,37,37,0,0,74
score_q10,high_is_2.6,2.1452294303031901e-07,0.6666666666666665,0.5147058823529411,0.9459459459459459,0.10810810810810811,0.527027027027027,0.527027027027027,35,33,4,2,74
score_q10,high_is_2.6,1.8817402778602703e-07,0.660377358490566,0.5072463768115942,0.9459459459459459,0.08108108108108109,0.5135135135135135,0.5135135135135135,35,34,3,2,74
score_q10,low_is_2.6,7.992605653007105e-05,0.6545454545454545,0.4931506849315068,0.972972972972973,0.0,0.4864864864864865,0.4864864864864865,36,37,0,1,74
score_q10,high_is_2.6,3.9836439589993406e-07,0.6526315789473685,0.5344827586206896,0.8378378378378378,0.2702702702702703,0.5540540540540541,0.5540540540540541,31,27,10,6,74
score_q10,low_is_2.6,5.0389680812299645e-05,0.6481481481481483,0.49295774647887325,0.9459459459459459,0.02702702702702703,0.4864864864864865,0.4864864864864865,35,36,1,2,74
score_q10,high_is_2.6,4.5414480941823463e-07,0.6451612903225806,0.5357142857142857,0.8108108108108109,0.2972972972972973,0.5540540540540541,0.5540540540540541,30,26,11,7,74
score_q10,low_is_2.6,3.947742935910078e-05,0.6355140186915889,0.4857142857142857,0.918918918918919,0.02702702702702703,0.47297297297297297,0.472972972972973,34,36,1,3,74
score_q10,low_is_2.6,1.0705414662035154e-05,0.6326530612244898,0.5081967213114754,0.8378378378378378,0.1891891891891892,0.5135135135135135,0.5135135135135135,31,30,7,6,74
score_q10,low_is_2.6,9.009625983467642e-06,0.631578947368421,0.5172413793103449,0.8108108108108109,0.24324324324324326,0.527027027027027,0.5270270270270271,30,28,9,7,74
score_q10,low_is_2.6,7.1163890200073935e-06,0.6304347826086956,0.5272727272727272,0.7837837837837838,0.2972972972972973,0.5405405405405406,0.5405405405405406,29,26,11,8,74
score_q10,high_is_2.6,6.659879326002664e-07,0.6292134831460674,0.5384615384615384,0.7567567567567568,0.35135135135135137,0.5540540540540541,0.5540540540540541,28,24,13,9,74
score_q10,low_is_2.6,1.1424698826732665e-05,0.6262626262626263,0.5,0.8378378378378378,0.16216216216216217,0.5,0.5,31,31,6,6,74
score_q10,low_is_2.6,7.465407680054521e-06,0.6236559139784947,0.5178571428571429,0.7837837837837838,0.2702702702702703,0.527027027027027,0.527027027027027,29,27,10,8,74
score_q10,low_is_2.6,3.591151146549828e-05,0.6226415094339622,0.4782608695652174,0.8918918918918919,0.02702702702702703,0.4594594594594595,0.45945945945945943,33,36,1,4,74
score_q10,high_is_2.6,5.75970890787147e-07,0.6222222222222221,0.5283018867924528,0.7567567567567568,0.32432432432432434,0.5405405405405406,0.5405405405405406,28,25,12,9,74
score_q10,low_is_2.6,1.7420359273912327e-05,0.62,0.49206349206349204,0.8378378378378378,0.13513513513513514,0.4864864864864865,0.4864864864864865,31,32,5,6,74
score_q10,low_is_2.6,7.714755306634576e-06,0.6170212765957447,0.5087719298245614,0.7837837837837838,0.24324324324324326,0.5135135135135135,0.5135135135135135,29,28,9,8,74
score_q10,low_is_2.6,5.8136516157411905e-06,0.6153846153846154,0.5185185185185185,0.7567567567567568,0.2972972972972973,0.527027027027027,0.5270270270270271,28,26,11,9,74
score_q10,low_is_2.6,3.4574196704177e-05,0.6153846153846153,0.47761194029850745,0.8648648648648649,0.05405405405405406,0.4594594594594595,0.4594594594594595,32,35,2,5,74
score_q10,low_is_2.6,2.3749681939914882e-05,0.6138613861386139,0.484375,0.8378378378378378,0.10810810810810811,0.47297297297297297,0.47297297297297297,31,33,4,6,74
score_q10,high_is_2.6,7.395612630429762e-07,0.6136363636363636,0.5294117647058824,0.7297297297297297,0.35135135135135137,0.5405405405405406,0.5405405405405406,27,24,13,10,74
score_q10,low_is_2.6,4.626326232128596e-06,0.6136363636363636,0.5294117647058824,0.7297297297297297,0.35135135135135137,0.5405405405405406,0.5405405405405406,27,24,13,10,74
score_q10,high_is_2.6,8.669541859509152e-07,0.611764705882353,0.5416666666666666,0.7027027027027027,0.40540540540540543,0.5540540540540541,0.5540540540540541,26,22,15,11,74
score_q10,low_is_2.6,2.588144439431233e-05,0.607843137254902,0.47692307692307695,0.8378378378378378,0.08108108108108109,0.4594594594594595,0.45945945945945943,31,34,3,6,74
score_q10,high_is_2.6,8.131345934856858e-07,0.6046511627906977,0.5306122448979592,0.7027027027027027,0.3783783783783784,0.5405405405405406,0.5405405405405406,26,23,14,11,74
score_q10,low_is_2.6,3.73877591285883e-06,0.6046511627906977,0.5306122448979592,0.7027027027027027,0.3783783783783784,0.5405405405405406,0.5405405405405406,26,23,14,11,74
score_q10,low_is_2.6,3.030329750578278e-06,0.6024096385542168,0.5434782608695652,0.6756756756756757,0.43243243243243246,0.5540540540540541,0.5540540540540541,25,21,16,12,74
score_q10,low_is_2.6,3.0663913977938323e-05,0.6019417475728156,0.4696969696969697,0.8378378378378378,0.05405405405405406,0.44594594594594594,0.44594594594594594,31,35,2,6,74
score_q10,low_is_2.6,4.255866765508872e-06,0.5977011494252874,0.52,0.7027027027027027,0.35135135135135137,0.527027027027027,0.5270270270270271,26,24,13,11,74
score_q10,high_is_2.6,9.850417187994219e-07,0.5952380952380952,0.5319148936170213,0.6756756756756757,0.40540540540540543,0.5405405405405406,0.5405405405405406,25,22,15,12,74
score_q10,low_is_2.6,3.1496101603555276e-06,0.5952380952380952,0.5319148936170213,0.6756756756756757,0.40540540540540543,0.5405405405405406,0.5405405405405406,25,22,15,12,74
score_q10,low_is_2.6,3.332709514723265e-06,0.5882352941176472,0.5208333333333334,0.6756756756756757,0.3783783783783784,0.527027027027027,0.527027027027027,25,23,14,12,74
score_q10,low_is_2.6,2.9478970654787642e-06,0.5853658536585367,0.5333333333333333,0.6486486486486487,0.43243243243243246,0.5405405405405406,0.5405405405405406,24,21,16,13,74
score_q10,high_is_2.6,1.1586790357022554e-06,0.5609756097560976,0.5111111111111111,0.6216216216216216,0.40540540540540543,0.5135135135135135,0.5135135135135135,23,22,15,14,74
score_q10,low_is_2.6,2.581318600402974e-06,0.5569620253164557,0.5238095238095238,0.5945945945945946,0.4594594594594595,0.527027027027027,0.5270270270270271,22,20,17,15,74
score_q10,low_is_2.6,2.2103268816305896e-06,0.5454545454545455,0.525,0.5675675675675675,0.4864864864864865,0.527027027027027,0.527027027027027,21,19,18,16,74
score_q10,high_is_2.6,1.3103057755503868e-06,0.5432098765432098,0.5,0.5945945945945946,0.40540540540540543,0.5,0.5,22,22,15,15,74
score_q10,high_is_2.6,1.4098951197971995e-06,0.5384615384615384,0.5121951219512195,0.5675675675675675,0.4594594594594595,0.5135135135135135,0.5135135135135135,21,20,17,16,74
score_q10,low_is_2.6,2.085331346334659e-06,0.5263157894736842,0.5128205128205128,0.5405405405405406,0.4864864864864865,0.5135135135135135,0.5135135135135136,20,19,18,17,74
score_q10,high_is_2.6,1.6045883613349997e-06,0.5194805194805195,0.5,0.5405405405405406,0.4594594594594595,0.5,0.5,20,20,17,17,74
score_q10,low_is_2.6,1.810341168683612e-06,0.5135135135135135,0.5135135135135135,0.5135135135135135,0.5135135135135135,0.5135135135135135,0.5135135135135135,19,18,19,18,74
score_q10,low_is_2.6,1.9353367039795425e-06,0.5066666666666666,0.5,0.5135135135135135,0.4864864864864865,0.5,0.5,19,19,18,18,74
score_q10,high_is_2.6,1.9353367039795425e-06,0.4931506849315069,0.5,0.4864864864864865,0.5135135135135135,0.5,0.5,18,18,19,19,74
score_q10,high_is_2.6,1.810341168683612e-06,0.4864864864864865,0.4864864864864865,0.4864864864864865,0.4864864864864865,0.4864864864864865,0.4864864864864865,18,19,18,19,74
score_q10,low_is_2.6,1.6045883613349997e-06,0.47887323943661975,0.5,0.4594594594594595,0.5405405405405406,0.5,0.5,17,17,20,20,74
score_q10,high_is_2.6,2.085331346334659e-06,0.47222222222222227,0.4857142857142857,0.4594594594594595,0.5135135135135135,0.4864864864864865,0.4864864864864865,17,18,19,20,74
score_q10,low_is_2.6,1.4098951197971995e-06,0.45714285714285713,0.48484848484848486,0.43243243243243246,0.5405405405405406,0.4864864864864865,0.4864864864864865,16,17,20,21,74
score_q10,high_is_2.6,2.2103268816305896e-06,0.4507042253521127,0.47058823529411764,0.43243243243243246,0.5135135135135135,0.47297297297297297,0.47297297297297297,16,18,19,21,74
score_q10,low_is_2.6,1.3103057755503868e-06,0.4477611940298507,0.5,0.40540540540540543,0.5945945945945946,0.5,0.5,15,15,22,22,74
score_q10,high_is_2.6,2.581318600402974e-06,0.43478260869565216,0.46875,0.40540540540540543,0.5405405405405406,0.47297297297297297,0.472972972972973,15,17,20,22,74
score_q10,low_is_2.6,1.1586790357022554e-06,0.42424242424242425,0.4827586206896552,0.3783783783783784,0.5945945945945946,0.4864864864864865,0.4864864864864865,14,15,22,23,74
score_q10,high_is_2.6,2.9478970654787642e-06,0.393939393939394,0.4482758620689655,0.35135135135135137,0.5675675675675675,0.4594594594594595,0.45945945945945943,13,16,21,24,74
score_q10,high_is_2.6,3.332709514723265e-06,0.38095238095238093,0.46153846153846156,0.32432432432432434,0.6216216216216216,0.47297297297297297,0.47297297297297297,12,14,23,25,74
score_q10,high_is_2.6,3.1496101603555276e-06,0.375,0.4444444444444444,0.32432432432432434,0.5945945945945946,0.4594594594594595,0.4594594594594595,12,15,22,25,74
score_q10,low_is_2.6,9.850417187994219e-07,0.375,0.4444444444444444,0.32432432432432434,0.5945945945945946,0.4594594594594595,0.4594594594594595,12,15,22,25,74
score_q10,high_is_2.6,3.030329750578278e-06,0.3692307692307692,0.42857142857142855,0.32432432432432434,0.5675675675675675,0.44594594594594594,0.44594594594594594,12,16,21,25,74
score_q10,high_is_2.6,4.255866765508872e-06,0.36065573770491804,0.4583333333333333,0.2972972972972973,0.6486486486486487,0.47297297297297297,0.472972972972973,11,13,24,26,74
score_q10,high_is_2.6,3.73877591285883e-06,0.3548387096774193,0.44,0.2972972972972973,0.6216216216216216,0.4594594594594595,0.45945945945945943,11,14,23,26,74
score_q10,low_is_2.6,8.131345934856858e-07,0.3548387096774193,0.44,0.2972972972972973,0.6216216216216216,0.4594594594594595,0.45945945945945943,11,14,23,26,74
score_q10,low_is_2.6,8.669541859509152e-07,0.34920634920634924,0.4230769230769231,0.2972972972972973,0.5945945945945946,0.44594594594594594,0.44594594594594594,11,15,22,26,74
score_q10,high_is_2.6,4.626326232128596e-06,0.3333333333333333,0.43478260869565216,0.2702702702702703,0.6486486486486487,0.4594594594594595,0.4594594594594595,10,13,24,27,74
score_q10,low_is_2.6,7.395612630429762e-07,0.3333333333333333,0.43478260869565216,0.2702702702702703,0.6486486486486487,0.4594594594594595,0.4594594594594595,10,13,24,27,74
score_q10,high_is_2.6,5.8136516157411905e-06,0.3157894736842105,0.45,0.24324324324324326,0.7027027027027027,0.47297297297297297,0.472972972972973,9,11,26,28,74
score_q10,low_is_2.6,5.75970890787147e-07,0.3103448275862069,0.42857142857142855,0.24324324324324326,0.6756756756756757,0.4594594594594595,0.45945945945945943,9,12,25,28,74
score_q10,low_is_2.6,6.659879326002664e-07,0.3050847457627119,0.4090909090909091,0.24324324324324326,0.6486486486486487,0.44594594594594594,0.44594594594594594,9,13,24,28,74
score_q10,high_is_2.6,7.714755306634576e-06,0.29629629629629634,0.47058823529411764,0.21621621621621623,0.7567567567567568,0.4864864864864865,0.4864864864864865,8,9,28,29,74
score_q10,high_is_2.6,7.465407680054521e-06,0.2909090909090909,0.4444444444444444,0.21621621621621623,0.7297297297297297,0.47297297297297297,0.47297297297297297,8,10,27,29,74
score_q10,high_is_2.6,7.1163890200073935e-06,0.28571428571428575,0.42105263157894735,0.21621621621621623,0.7027027027027027,0.4594594594594595,0.4594594594594595,8,11,26,29,74
score_q10,high_is_2.6,3.0663913977938323e-05,0.26666666666666666,0.75,0.16216216216216217,0.9459459459459459,0.5540540540540541,0.5540540540540541,6,2,35,31,74
score_q10,high_is_2.6,9.009625983467642e-06,0.2641509433962264,0.4375,0.1891891891891892,0.7567567567567568,0.47297297297297297,0.472972972972973,7,9,28,30,74
score_q10,high_is_2.6,2.588144439431233e-05,0.26086956521739135,0.6666666666666666,0.16216216216216217,0.918918918918919,0.5405405405405406,0.5405405405405406,6,3,34,31,74
score_q10,high_is_2.6,2.3749681939914882e-05,0.25531914893617025,0.6,0.16216216216216217,0.8918918918918919,0.527027027027027,0.527027027027027,6,4,33,31,74
score_q10,low_is_2.6,4.5414480941823463e-07,0.2545454545454546,0.3888888888888889,0.1891891891891892,0.7027027027027027,0.44594594594594594,0.44594594594594594,7,11,26,30,74
score_q10,high_is_2.6,1.7420359273912327e-05,0.25,0.5454545454545454,0.16216216216216217,0.8648648648648649,0.5135135135135135,0.5135135135135136,6,5,32,31,74
score_q10,high_is_2.6,1.1424698826732665e-05,0.2448979591836735,0.5,0.16216216216216217,0.8378378378378378,0.5,0.5,6,6,31,31,74
score_q10,high_is_2.6,1.0705414662035154e-05,0.24,0.46153846153846156,0.16216216216216217,0.8108108108108109,0.4864864864864865,0.4864864864864865,6,7,30,31,74
score_q10,high_is_2.6,3.4574196704177e-05,0.22727272727272727,0.7142857142857143,0.13513513513513514,0.9459459459459459,0.5405405405405406,0.5405405405405406,5,2,35,32,74
score_q10,low_is_2.6,3.9836439589993406e-07,0.22641509433962265,0.375,0.16216216216216217,0.7297297297297297,0.44594594594594594,0.44594594594594594,6,10,27,31,74
score_q10,high_is_2.6,3.591151146549828e-05,0.19047619047619047,0.8,0.10810810810810811,0.972972972972973,0.5405405405405406,0.5405405405405406,4,1,36,33,74
score_q10,low_is_2.6,3.8409795114347614e-07,0.163265306122449,0.3333333333333333,0.10810810810810811,0.7837837837837838,0.44594594594594594,0.44594594594594594,4,8,29,33,74
score_q10,high_is_2.6,3.947742935910078e-05,0.14634146341463414,0.75,0.08108108108108109,0.972972972972973,0.527027027027027,0.5270270270270271,3,1,36,34,74
score_q10,low_is_2.6,3.536885392272788e-07,0.125,0.2727272727272727,0.08108108108108109,0.7837837837837838,0.43243243243243246,0.43243243243243246,3,8,29,34,74
score_q10,high_is_2.6,5.0389680812299645e-05,0.1,0.6666666666666666,0.05405405405405406,0.972972972972973,0.5135135135135135,0.5135135135135136,2,1,36,35,74
score_q10,low_is_2.6,1.8553913626159784e-07,0.09523809523809523,0.4,0.05405405405405406,0.918918918918919,0.4864864864864865,0.4864864864864865,2,3,34,35,74
score_q10,low_is_2.6,1.8817402778602703e-07,0.09523809523809523,0.4,0.05405405405405406,0.918918918918919,0.4864864864864865,0.4864864864864865,2,3,34,35,74
score_q10,low_is_2.6,2.1452294303031901e-07,0.09302325581395349,0.3333333333333333,0.05405405405405406,0.8918918918918919,0.47297297297297297,0.47297297297297297,2,4,33,35,74
score_q10,low_is_2.6,2.3823696675018182e-07,0.08888888888888889,0.25,0.05405405405405406,0.8378378378378378,0.44594594594594594,0.44594594594594594,2,6,31,35,74
score_q10,low_is_2.6,2.7206964362600383e-07,0.08888888888888889,0.25,0.05405405405405406,0.8378378378378378,0.44594594594594594,0.44594594594594594,2,6,31,35,74
score_q10,low_is_2.6,3.1893492560876754e-07,0.0851063829787234,0.2,0.05405405405405406,0.7837837837837838,0.4189189189189189,0.4189189189189189,2,8,29,35,74
score_q10,high_is_2.6,7.992605653007105e-05,0.052631578947368425,1.0,0.02702702702702703,1.0,0.5135135135135135,0.5135135135135135,1,0,37,36,74
score_q10,high_is_2.6,0.00010156084047217254,0.052631578947368425,1.0,0.02702702702702703,1.0,0.5135135135135135,0.5135135135135135,1,0,37,36,74
score_q25,high_is_2.6,1.4196297818740892e-06,0.6990291262135921,0.5454545454545454,0.972972972972973,0.1891891891891892,0.581081081081081,0.5810810810810811,36,30,7,1,74
score_q25,high_is_2.6,1.7254941014443047e-06,0.6930693069306929,0.546875,0.9459459459459459,0.21621621621621623,0.581081081081081,0.5810810810810811,35,29,8,2,74
score_q25,high_is_2.6,1.5169764026429893e-06,0.6862745098039216,0.5384615384615384,0.9459459459459459,0.1891891891891892,0.5675675675675675,0.5675675675675675,35,30,7,2,74
score_q25,high_is_2.6,1.2951431015655733e-06,0.6857142857142857,0.5294117647058824,0.972972972972973,0.13513513513513514,0.5540540540540541,0.5540540540540541,36,32,5,1,74
score_q25,high_is_2.6,8.380581435451432e-07,0.6851851851851851,0.5211267605633803,1.0,0.08108108108108109,0.5405405405405406,0.5405405405405406,37,34,3,0,74
score_q25,high_is_2.6,2.0103340251571006e-06,0.68,0.5396825396825397,0.918918918918919,0.21621621621621623,0.5675675675675675,0.5675675675675675,34,29,8,3,74
score_q25,high_is_2.6,1.1814230466794748e-06,0.6792452830188679,0.5217391304347826,0.972972972972973,0.10810810810810811,0.5405405405405406,0.5405405405405406,36,33,4,1,74
score_q25,high_is_2.6,6.986636699790189e-07,0.6788990825688073,0.5138888888888888,1.0,0.05405405405405406,0.527027027027027,0.527027027027027,37,35,2,0,74
score_q25,high_is_2.6,2.1978273281009964e-06,0.673469387755102,0.5409836065573771,0.8918918918918919,0.24324324324324326,0.5675675675675675,0.5675675675675675,33,28,9,4,74
score_q25,low_is_2.6,0.0005920014790580134,0.673076923076923,0.5223880597014925,0.9459459459459459,0.13513513513513514,0.5405405405405406,0.5405405405405406,35,32,5,2,74
score_q25,high_is_2.6,1.0170440271190292e-06,0.6728971962616821,0.5142857142857142,0.972972972972973,0.08108108108108109,0.527027027027027,0.5270270270270271,36,34,3,1,74
score_q25,high_is_2.6,5.301747567273863e-07,0.6727272727272727,0.5068493150684932,1.0,0.02702702702702703,0.5135135135135135,0.5135135135135135,37,36,1,0,74
score_q25,low_is_2.6,0.001986902487767382,0.6727272727272727,0.5068493150684932,1.0,0.02702702702702703,0.5135135135135135,0.5135135135135135,37,36,1,0,74
score_q25,high_is_2.6,4.485667680664045e-07,0.6666666666666666,0.5,1.0,0.0,0.5,0.5,37,37,0,0,74
score_q25,low_is_2.6,0.002472623024627213,0.6666666666666666,0.5,1.0,0.0,0.5,0.5,37,37,0,0,74
score_q25,low_is_2.6,0.0006704473840271778,0.6666666666666665,0.5147058823529411,0.9459459459459459,0.10810810810810811,0.527027027027027,0.527027027027027,35,33,4,2,74
score_q25,low_is_2.6,0.0014597229954811824,0.6605504587155964,0.5,0.972972972972973,0.02702702702702703,0.5,0.5,36,36,1,1,74
score_q25,low_is_2.6,0.0008103608705206648,0.660377358490566,0.5072463768115942,0.9459459459459459,0.08108108108108109,0.5135135135135135,0.5135135135135135,35,34,3,2,74
score_q25,low_is_2.6,0.00044406428039948497,0.6601941747572816,0.5151515151515151,0.918918918918919,0.13513513513513514,0.527027027027027,0.5270270270270271,34,32,5,3,74
score_q25,high_is_2.6,3.3144755305545535e-06,0.6595744680851063,0.543859649122807,0.8378378378378378,0.2972972972972973,0.5675675675675675,0.5675675675675675,31,26,11,6,74
score_q25,low_is_2.6,0.0009433587674004488,0.6542056074766355,0.5,0.9459459459459459,0.05405405405405406,0.5,0.5,35,35,2,2,74
score_q25,low_is_2.6,0.00029827016590906074,0.6534653465346535,0.515625,0.8918918918918919,0.16216216216216217,0.527027027027027,0.527027027027027,33,31,6,4,74
score_q25,high_is_2.6,2.8220637288934836e-06,0.6526315789473685,0.5344827586206896,0.8378378378378378,0.2702702702702703,0.5540540540540541,0.5540540540540541,31,27,10,6,74
score_q25,low_is_2.6,0.001196965085163071,0.6481481481481483,0.49295774647887325,0.9459459459459459,0.02702702702702703,0.4864864864864865,0.4864864864864865,35,36,1,2,74
score_q25,high_is_2.6,2.501070224239471e-06,0.6458333333333334,0.5254237288135594,0.8378378378378378,0.24324324324324326,0.5405405405405406,0.5405405405405406,31,28,9,6,74
score_q25,high_is_2.6,3.858945908416308e-06,0.6444444444444444,0.5471698113207547,0.7837837837837838,0.35135135135135137,0.5675675675675675,0.5675675675675675,29,24,13,8,74
score_q25,high_is_2.6,4.388173717873058e-06,0.6292134831460674,0.5384615384615384,0.7567567567567568,0.35135135135135137,0.5540540540540541,0.5540540540540541,28,24,13,9,74
score_q25,low_is_2.6,0.00025396989066143593,0.6185567010309277,0.5,0.8108108108108109,0.1891891891891892,0.5,0.5,30,30,7,7,74
score_q25,high_is_2.6,6.33717960581188e-06,0.6136363636363636,0.5294117647058824,0.7297297297297297,0.35135135135135137,0.5405405405405406,0.5405405405405406,27,24,13,10,74
score_q25,high_is_2.6,8.44944531006289e-06,0.6046511627906977,0.5306122448979592,0.7027027027027027,0.3783783783783784,0.5405405405405406,0.5405405405405406,26,23,14,11,74
score_q25,low_is_2.6,0.00023952907679914228,0.6041666666666666,0.4915254237288136,0.7837837837837838,0.1891891891891892,0.4864864864864865,0.4864864864864865,29,30,7,8,74
score_q25,low_is_2.6,7.277682597360571e-05,0.6,0.5094339622641509,0.7297297297297297,0.2972972972972973,0.5135135135135135,0.5135135135135135,27,26,11,10,74
score_q25,low_is_2.6,0.0001809316416212079,0.5957446808510638,0.49122807017543857,0.7567567567567568,0.21621621621621623,0.4864864864864865,0.4864864864864865,28,29,8,9,74
score_q25,high_is_2.6,9.849896993574771e-06,0.5952380952380952,0.5319148936170213,0.6756756756756757,0.40540540540540543,0.5405405405405406,0.5405405405405406,25,22,15,12,74
score_q25,low_is_2.6,8.01602417888889e-05,0.5934065934065933,0.5,0.7297297297297297,0.2702702702702703,0.5,0.5,27,27,10,10,74
score_q25,low_is_2.6,0.0002178678560057018,0.5894736842105263,0.4827586206896552,0.7567567567567568,0.1891891891891892,0.47297297297297297,0.472972972972973,28,30,7,9,74
score_q25,high_is_2.6,9.289716320170018e-06,0.5882352941176472,0.5208333333333334,0.6756756756756757,0.3783783783783784,0.527027027027027,0.527027027027027,25,23,14,12,74
score_q25,low_is_2.6,0.00011150651067239842,0.5869565217391305,0.4909090909090909,0.7297297297297297,0.24324324324324326,0.4864864864864865,0.4864864864864865,27,28,9,10,74
score_q25,low_is_2.6,6.449936689609934e-05,0.5842696629213484,0.5,0.7027027027027027,0.2972972972972973,0.5,0.5,26,26,11,11,74
score_q25,low_is_2.6,0.00014798748480450452,0.5806451612903226,0.48214285714285715,0.7297297297297297,0.21621621621621623,0.47297297297297297,0.47297297297297297,27,29,8,10,74
score_q25,low_is_2.6,4.414265177659982e-05,0.5783132530120482,0.5217391304347826,0.6486486486486487,0.40540540540540543,0.527027027027027,0.5270270270270271,24,22,15,13,74
score_q25,low_is_2.6,5.506791733252623e-05,0.5681818181818181,0.49019607843137253,0.6756756756756757,0.2972972972972973,0.4864864864864865,0.4864864864864865,25,26,11,12,74
score_q25,high_is_2.6,1.0849271494974655e-05,0.5609756097560976,0.5111111111111111,0.6216216216216216,0.40540540540540543,0.5135135135135135,0.5135135135135135,23,22,15,14,74
score_q25,low_is_2.6,3.9121852618214055e-05,0.5609756097560976,0.5111111111111111,0.6216216216216216,0.40540540540540543,0.5135135135135135,0.5135135135135135,23,22,15,14,74
score_q25,low_is_2.6,4.862120682163959e-05,0.5517241379310345,0.48,0.6486486486486487,0.2972972972972973,0.47297297297297297,0.472972972972973,24,26,11,13,74
score_q25,high_is_2.6,1.4854269039039057e-05,0.55,0.5116279069767442,0.5945945945945946,0.43243243243243246,0.5135135135135135,0.5135135135135136,22,21,16,15,74
score_q25,low_is_2.6,2.949082916006672e-05,0.5454545454545455,0.525,0.5675675675675675,0.4864864864864865,0.527027027027027,0.527027027027027,21,19,18,16,74
score_q25,high_is_2.6,1.2287839824369674e-05,0.5432098765432098,0.5,0.5945945945945946,0.40540540540540543,0.5,0.5,22,22,15,15,74
score_q25,high_is_2.6,1.7294354568789613e-05,0.5384615384615384,0.5121951219512195,0.5675675675675675,0.4594594594594595,0.5135135135135135,0.5135135135135135,21,20,17,16,74
score_q25,low_is_2.6,3.34011118863054e-05,0.5316455696202531,0.5,0.5675675675675675,0.43243243243243246,0.5,0.5,21,21,16,16,74
score_q25,high_is_2.6,1.9666116487904342e-05,0.5263157894736842,0.5128205128205128,0.5405405405405406,0.4864864864864865,0.5135135135135135,0.5135135135135136,20,19,18,17,74
score_q25,low_is_2.6,2.6013000329520634e-05,0.5263157894736842,0.5128205128205128,0.5405405405405406,0.4864864864864865,0.5135135135135135,0.5135135135135136,20,19,18,17,74
score_q25,high_is_2.6,2.220628166095376e-05,0.5135135135135135,0.5135135135135135,0.5135135135135135,0.5135135135135135,0.5135135135135135,0.5135135135135135,19,18,19,18,74
score_q25,low_is_2.6,2.3728969128380513e-05,0.5066666666666666,0.5,0.5135135135135135,0.4864864864864865,0.5,0.5,19,19,18,18,74
score_q25,high_is_2.6,2.3728969128380513e-05,0.4931506849315069,0.5,0.4864864864864865,0.5135135135135135,0.5,0.5,18,18,19,19,74
score_q25,low_is_2.6,2.220628166095376e-05,0.4864864864864865,0.4864864864864865,0.4864864864864865,0.4864864864864865,0.4864864864864865,0.4864864864864865,18,19,18,19,74
score_q25,high_is_2.6,2.6013000329520634e-05,0.47222222222222227,0.4857142857142857,0.4594594594594595,0.5135135135135135,0.4864864864864865,0.4864864864864865,17,18,19,20,74
score_q25,low_is_2.6,1.9666116487904342e-05,0.47222222222222227,0.4857142857142857,0.4594594594594595,0.5135135135135135,0.4864864864864865,0.4864864864864865,17,18,19,20,74
score_q25,high_is_2.6,3.34011118863054e-05,0.463768115942029,0.5,0.43243243243243246,0.5675675675675675,0.5,0.5,16,16,21,21,74
score_q25,low_is_2.6,1.7294354568789613e-05,0.45714285714285713,0.48484848484848486,0.43243243243243246,0.5405405405405406,0.4864864864864865,0.4864864864864865,16,17,20,21,74
score_q25,high_is_2.6,2.949082916006672e-05,0.4507042253521127,0.47058823529411764,0.43243243243243246,0.5135135135135135,0.47297297297297297,0.47297297297297297,16,18,19,21,74
score_q25,low_is_2.6,1.2287839824369674e-05,0.4477611940298507,0.5,0.40540540540540543,0.5945945945945946,0.5,0.5,15,15,22,22,74
score_q25,low_is_2.6,1.4854269039039057e-05,0.4411764705882353,0.4838709677419355,0.40540540540540543,0.5675675675675675,0.4864864864864865,0.4864864864864865,15,16,21,22,74
score_q25,high_is_2.6,4.862120682163959e-05,0.4262295081967213,0.5416666666666666,0.35135135135135137,0.7027027027027027,0.527027027027027,0.5270270270270271,13,11,26,24,74
score_q25,high_is_2.6,3.9121852618214055e-05,0.42424242424242425,0.4827586206896552,0.3783783783783784,0.5945945945945946,0.4864864864864865,0.4864864864864865,14,15,22,23,74
score_q25,low_is_2.6,1.0849271494974655e-05,0.42424242424242425,0.4827586206896552,0.3783783783783784,0.5945945945945946,0.4864864864864865,0.4864864864864865,14,15,22,23,74
score_q25,high_is_2.6,5.506791733252623e-05,0.4,0.5217391304347826,0.32432432432432434,0.7027027027027027,0.5135135135135135,0.5135135135135136,12,11,26,25,74
score_q25,high_is_2.6,4.414265177659982e-05,0.39999999999999997,0.4642857142857143,0.35135135135135137,0.5945945945945946,0.47297297297297297,0.472972972972973,13,15,22,24,74
score_q25,low_is_2.6,9.289716320170018e-06,0.38095238095238093,0.46153846153846156,0.32432432432432434,0.6216216216216216,0.47297297297297297,0.47297297297297297,12,14,23,25,74
score_q25,low_is_2.6,9.849896993574771e-06,0.375,0.4444444444444444,0.32432432432432434,0.5945945945945946,0.4594594594594595,0.4594594594594595,12,15,22,25,74
score_q25,high_is_2.6,6.449936689609934e-05,0.3728813559322034,0.5,0.2972972972972973,0.7027027027027027,0.5,0.5,11,11,26,26,74
score_q25,high_is_2.6,0.00014798748480450452,0.36363636363636365,0.5555555555555556,0.2702702702702703,0.7837837837837838,0.527027027027027,0.527027027027027,10,8,29,27,74
score_q25,high_is_2.6,0.00011150651067239842,0.35714285714285715,0.5263157894736842,0.2702702702702703,0.7567567567567568,0.5135135135135135,0.5135135135135136,10,9,28,27,74
score_q25,low_is_2.6,8.44944531006289e-06,0.3548387096774193,0.44,0.2972972972972973,0.6216216216216216,0.4594594594594595,0.45945945945945943,11,14,23,26,74
score_q25,high_is_2.6,8.01602417888889e-05,0.3508771929824562,0.5,0.2702702702702703,0.7297297297297297,0.5,0.5,10,10,27,27,74
score_q25,high_is_2.6,7.277682597360571e-05,0.3448275862068966,0.47619047619047616,0.2702702702702703,0.7027027027027027,0.4864864864864865,0.4864864864864865,10,11,26,27,74
score_q25,high_is_2.6,0.0002178678560057018,0.339622641509434,0.5625,0.24324324324324326,0.8108108108108109,0.527027027027027,0.5270270270270271,9,7,30,28,74
score_q25,high_is_2.6,0.0001809316416212079,0.33333333333333337,0.5294117647058824,0.24324324324324326,0.7837837837837838,0.5135135135135135,0.5135135135135135,9,8,29,28,74
score_q25,low_is_2.6,6.33717960581188e-06,0.3333333333333333,0.43478260869565216,0.2702702702702703,0.6486486486486487,0.4594594594594595,0.4594594594594595,10,13,24,27,74
score_q25,high_is_2.6,0.00023952907679914228,0.3076923076923077,0.5333333333333333,0.21621621621621623,0.8108108108108109,0.5135135135135135,0.5135135135135136,8,7,30,29,74
score_q25,low_is_2.6,4.388173717873058e-06,0.3050847457627119,0.4090909090909091,0.24324324324324326,0.6486486486486487,0.44594594594594594,0.44594594594594594,9,13,24,28,74
score_q25,low_is_2.6,3.858945908416308e-06,0.27586206896551724,0.38095238095238093,0.21621621621621623,0.6486486486486487,0.43243243243243246,0.43243243243243246,8,13,24,29,74
score_q25,high_is_2.6,0.00025396989066143593,0.2745098039215686,0.5,0.1891891891891892,0.8108108108108109,0.5,0.5,7,7,30,30,74
score_q25,low_is_2.6,2.501070224239471e-06,0.23076923076923078,0.4,0.16216216216216217,0.7567567567567568,0.4594594594594595,0.4594594594594595,6,9,28,31,74
score_q25,low_is_2.6,2.8220637288934836e-06,0.22641509433962265,0.375,0.16216216216216217,0.7297297297297297,0.44594594594594594,0.44594594594594594,6,10,27,31,74
score_q25,low_is_2.6,3.3144755305545535e-06,0.22222222222222227,0.35294117647058826,0.16216216216216217,0.7027027027027027,0.43243243243243246,0.43243243243243246,6,11,26,31,74
score_q25,high_is_2.6,0.00029827016590906074,0.1702127659574468,0.4,0.10810810810810811,0.8378378378378378,0.47297297297297297,0.47297297297297297,4,6,31,33,74
score_q25,low_is_2.6,2.1978273281009964e-06,0.16,0.3076923076923077,0.10810810810810811,0.7567567567567568,0.43243243243243246,0.43243243243243246,4,9,28,33,74
score_q25,high_is_2.6,0.00044406428039948497,0.13333333333333333,0.375,0.08108108108108109,0.8648648648648649,0.47297297297297297,0.472972972972973,3,5,32,34,74
score_q25,low_is_2.6,2.0103340251571006e-06,0.125,0.2727272727272727,0.08108108108108109,0.7837837837837838,0.43243243243243246,0.43243243243243246,3,8,29,34,74
score_q25,high_is_2.6,0.001196965085163071,0.1,0.6666666666666666,0.05405405405405406,0.972972972972973,0.5135135135135135,0.5135135135135136,2,1,36,35,74
score_q25,high_is_2.6,0.0009433587674004488,0.0975609756097561,0.5,0.05405405405405406,0.9459459459459459,0.5,0.5,2,2,35,35,74
score_q25,high_is_2.6,0.0008103608705206648,0.09523809523809523,0.4,0.05405405405405406,0.918918918918919,0.4864864864864865,0.4864864864864865,2,3,34,35,74
score_q25,high_is_2.6,0.0006704473840271778,0.09302325581395349,0.3333333333333333,0.05405405405405406,0.8918918918918919,0.47297297297297297,0.47297297297297297,2,4,33,35,74
score_q25,high_is_2.6,0.0005920014790580134,0.09090909090909091,0.2857142857142857,0.05405405405405406,0.8648648648648649,0.4594594594594595,0.4594594594594595,2,5,32,35,74
score_q25,low_is_2.6,1.5169764026429893e-06,0.08695652173913043,0.2222222222222222,0.05405405405405406,0.8108108108108109,0.43243243243243246,0.43243243243243246,2,7,30,35,74
score_q25,low_is_2.6,1.7254941014443047e-06,0.0851063829787234,0.2,0.05405405405405406,0.7837837837837838,0.4189189189189189,0.4189189189189189,2,8,29,35,74
score_q25,high_is_2.6,0.0014597229954811824,0.05128205128205129,0.5,0.02702702702702703,0.972972972972973,0.5,0.5,1,1,36,36,74
score_q25,low_is_2.6,1.0170440271190292e-06,0.04878048780487805,0.25,0.02702702702702703,0.918918918918919,0.47297297297297297,0.472972972972973,1,3,34,36,74
score_q25,low_is_2.6,1.1814230466794748e-06,0.047619047619047616,0.2,0.02702702702702703,0.8918918918918919,0.4594594594594595,0.45945945945945943,1,4,33,36,74
score_q25,low_is_2.6,1.2951431015655733e-06,0.046511627906976744,0.16666666666666666,0.02702702702702703,0.8648648648648649,0.44594594594594594,0.44594594594594594,1,5,32,36,74
score_q25,low_is_2.6,1.4196297818740892e-06,0.044444444444444446,0.125,0.02702702702702703,0.8108108108108109,0.4189189189189189,0.41891891891891897,1,7,30,36,74
score_q25,high_is_2.6,0.001986902487767382,0.0,0.0,0.0,0.972972972972973,0.4864864864864865,0.4864864864864865,0,1,36,37,74
score_q25,high_is_2.6,0.002472623024627213,0.0,0.0,0.0,0.972972972972973,0.4864864864864865,0.4864864864864865,0,1,36,37,74
score_q25,low_is_2.6,4.485667680664045e-07,0.0,0.0,0.0,0.972972972972973,0.4864864864864865,0.4864864864864865,0,1,36,37,74
score_q25,low_is_2.6,5.301747567273863e-07,0.0,0.0,0.0,0.972972972972973,0.4864864864864865,0.4864864864864865,0,1,36,37,74
score_q25,low_is_2.6,6.986636699790189e-07,0.0,0.0,0.0,0.9459459459459459,0.47297297297297297,0.47297297297297297,0,2,35,37,74
score_q25,low_is_2.6,8.380581435451432e-07,0.0,0.0,0.0,0.918918918918919,0.4594594594594595,0.4594594594594595,0,3,34,37,74
score_q50,high_is_2.6,2.949082916006672e-05,0.7010309278350515,0.5666666666666667,0.918918918918919,0.2972972972972973,0.6081081081081081,0.6081081081081081,34,26,11,3,74
score_q50,high_is_2.6,3.34011118863054e-05,0.6874999999999999,0.559322033898305,0.8918918918918919,0.2972972972972973,0.5945945945945946,0.5945945945945946,33,26,11,4,74
score_q50,high_is_2.6,2.4490312862093885e-05,0.6868686868686869,0.5483870967741935,0.918918918918919,0.24324324324324326,0.581081081081081,0.5810810810810811,34,28,9,3,74
score_q50,high_is_2.6,2.0259056967683023e-05,0.68,0.5396825396825397,0.918918918918919,0.21621621621621623,0.5675675675675675,0.5675675675675675,34,29,8,3,74
score_q50,high_is_2.6,1.24921281846581e-05,0.6792452830188679,0.5217391304347826,0.972972972972973,0.10810810810810811,0.5405405405405406,0.5405405405405406,36,33,4,1,74
score_q50,high_is_2.6,5.804402146058286e-06,0.6788990825688073,0.5138888888888888,1.0,0.05405405405405406,0.527027027027027,0.527027027027027,37,35,2,0,74
score_q50,high_is_2.6,4.0377052407810496e-05,0.6736842105263158,0.5517241379310345,0.8648648648648649,0.2972972972972973,0.581081081081081,0.5810810810810811,32,26,11,5,74
score_q50,low_is_2.6,0.033319555423875595,0.673076923076923,0.5223880597014925,0.9459459459459459,0.13513513513513514,0.5405405405405406,0.5405405405405406,35,32,5,2,74
score_q50,high_is_2.6,9.009625983467642e-06,0.6728971962616821,0.5142857142857142,0.972972972972973,0.08108108108108109,0.527027027027027,0.5270270270270271,36,34,3,1,74
score_q50,high_is_2.6,5.124863765329842e-06,0.6727272727272727,0.5068493150684932,1.0,0.02702702702702703,0.5135135135135135,0.5135135135135135,37,36,1,0,74
score_q50,low_is_2.6,0.11920293401549198,0.6727272727272727,0.5068493150684932,1.0,0.02702702702702703,0.5135135135135135,0.5135135135135135,37,36,1,0,74
score_q50,high_is_2.6,7.016717986540324e-06,0.6666666666666666,0.5070422535211268,0.972972972972973,0.05405405405405406,0.5135135135135135,0.5135135135135136,36,35,2,1,74
score_q50,high_is_2.6,4.78509457496562e-06,0.6666666666666666,0.5,1.0,0.0,0.5,0.5,37,37,0,0,74
score_q50,low_is_2.6,0.119202940938512,0.6666666666666666,0.5,1.0,0.0,0.5,0.5,37,37,0,0,74
score_q50,high_is_2.6,1.5777841564024995e-05,0.6666666666666665,0.5147058823529411,0.9459459459459459,0.10810810810810811,0.527027027027027,0.527027027027027,35,33,4,2,74
score_q50,low_is_2.6,0.04237638139063682,0.6666666666666665,0.5147058823529411,0.9459459459459459,0.10810810810810811,0.527027027027027,0.527027027027027,35,33,4,2,74
score_q50,low_is_2.6,0.09753055477016408,0.6605504587155964,0.5,0.972972972972973,0.02702702702702703,0.5,0.5,36,36,1,1,74
score_q50,low_is_2.6,0.048066325132739715,0.660377358490566,0.5072463768115942,0.9459459459459459,0.08108108108108109,0.5135135135135135,0.5135135135135135,35,34,3,2,74
score_q50,high_is_2.6,1.7887295048568297e-05,0.6601941747572816,0.5151515151515151,0.918918918918919,0.13513513513513514,0.527027027027027,0.5270270270270271,34,32,5,3,74
score_q50,low_is_2.6,0.02931222826596997,0.6601941747572816,0.5151515151515151,0.918918918918919,0.13513513513513514,0.527027027027027,0.5270270270270271,34,32,5,3,74
score_q50,low_is_2.6,0.018520500402989075,0.6599999999999999,0.5238095238095238,0.8918918918918919,0.1891891891891892,0.5405405405405406,0.5405405405405406,33,30,7,4,74
score_q50,low_is_2.6,0.05123151891133377,0.6542056074766355,0.5,0.9459459459459459,0.05405405405405406,0.5,0.5,35,35,2,2,74
score_q50,low_is_2.6,0.02331329651538775,0.6534653465346535,0.515625,0.8918918918918919,0.16216216216216217,0.527027027027027,0.527027027027027,33,31,6,4,74
score_q50,low_is_2.6,0.009782214486441988,0.6530612244897959,0.5245901639344263,0.8648648648648649,0.21621621621621623,0.5405405405405406,0.5405405405405406,32,29,8,5,74
score_q50,low_is_2.6,0.006692851596555596,0.6521739130434782,0.5454545454545454,0.8108108108108109,0.32432432432432434,0.5675675675675675,0.5675675675675675,30,25,12,7,74
score_q50,low_is_2.6,0.06480722517773459,0.6481481481481483,0.49295774647887325,0.9459459459459459,0.02702702702702703,0.4864864864864865,0.4864864864864865,35,36,1,2,74
score_q50,low_is_2.6,0.026480724734783107,0.6470588235294117,0.5076923076923077,0.8918918918918919,0.13513513513513514,0.5135135135135135,0.5135135135135135,33,32,5,4,74
score_q50,low_is_2.6,0.011922921900420465,0.6464646464646465,0.5161290322580645,0.8648648648648649,0.1891891891891892,0.527027027027027,0.5270270270270271,32,30,7,5,74
score_q50,low_is_2.6,0.009179850328003258,0.6458333333333334,0.5254237288135594,0.8378378378378378,0.24324324324324326,0.5405405405405406,0.5405405405405406,31,28,9,6,74
score_q50,high_is_2.6,4.862120682163959e-05,0.6451612903225806,0.5357142857142857,0.8108108108108109,0.2972972972972973,0.5540540540540541,0.5540540540540541,30,26,11,7,74
score_q50,low_is_2.6,0.00669285197314601,0.6451612903225806,0.5357142857142857,0.8108108108108109,0.2972972972972973,0.5540540540540541,0.5540540540540541,30,26,11,7,74
score_q50,low_is_2.6,0.009782213991917293,0.6391752577319588,0.5166666666666667,0.8378378378378378,0.21621621621621623,0.527027027027027,0.527027027027027,31,29,8,6,74
score_q50,low_is_2.6,0.006692852067538981,0.6382978723404256,0.5263157894736842,0.8108108108108109,0.2702702702702703,0.5405405405405406,0.5405405405405406,30,27,10,7,74
score_q50,high_is_2.6,7.070746120422912e-05,0.6373626373626374,0.5370370370370371,0.7837837837837838,0.32432432432432434,0.5540540540540541,0.5540540540540541,29,25,12,8,74
score_q50,low_is_2.6,0.0063246701038487275,0.6373626373626374,0.5370370370370371,0.7837837837837838,0.32432432432432434,0.5540540540540541,0.5540540540540541,29,25,12,8,74
score_q50,low_is_2.6,0.007635169545813874,0.631578947368421,0.5172413793103449,0.8108108108108109,0.24324324324324326,0.527027027027027,0.5270270270270271,30,28,9,7,74
score_q50,high_is_2.6,5.920664687127942e-05,0.6304347826086956,0.5272727272727272,0.7837837837837838,0.2972972972972973,0.5405405405405406,0.5405405405405406,29,26,11,8,74
score_q50,high_is_2.6,0.0001278889161820951,0.6222222222222221,0.5283018867924528,0.7567567567567568,0.32432432432432434,0.5405405405405406,0.5405405405405406,28,25,12,9,74
score_q50,low_is_2.6,0.005588307405965799,0.6222222222222221,0.5283018867924528,0.7567567567567568,0.32432432432432434,0.5405405405405406,0.5405405405405406,28,25,12,9,74
score_q50,high_is_2.6,0.000192179341882308,0.6067415730337079,0.5192307692307693,0.7297297297297297,0.32432432432432434,0.527027027027027,0.527027027027027,27,25,12,10,74
score_q50,high_is_2.6,0.0003458737036333525,0.5813953488372092,0.5102040816326531,0.6756756756756757,0.35135135135135137,0.5135135135135135,0.5135135135135135,25,24,13,12,74
score_q50,high_is_2.6,0.00023230866986799546,0.5747126436781609,0.5,0.6756756756756757,0.32432432432432434,0.5,0.5,25,25,12,12,74
score_q50,low_is_2.6,0.0021996786386831017,0.5714285714285715,0.55,0.5945945945945946,0.5135135135135135,0.5540540540540541,0.5540540540540541,22,18,19,15,74
score_q50,high_is_2.6,0.0004611124638989495,0.5714285714285715,0.5106382978723404,0.6486486486486487,0.3783783783783784,0.5135135135135135,0.5135135135135136,24,23,14,13,74
score_q50,low_is_2.6,0.0049326288863332755,0.5581395348837208,0.4897959183673469,0.6486486486486487,0.32432432432432434,0.4864864864864865,0.4864864864864865,24,25,12,13,74
score_q50,low_is_2.6,0.0028226530662523097,0.5569620253164557,0.5238095238095238,0.5945945945945946,0.4594594594594595,0.527027027027027,0.5270270270270271,22,20,17,15,74
score_q50,high_is_2.6,0.000522223172348604,0.5542168674698795,0.5,0.6216216216216216,0.3783783783783784,0.5,0.5,23,23,14,14,74
score_q50,high_is_2.6,0.0011878134926075817,0.55,0.5116279069767442,0.5945945945945946,0.43243243243243246,0.5135135135135135,0.5135135135135136,22,21,16,15,74
score_q50,low_is_2.6,0.004357634922100096,0.5476190476190476,0.48936170212765956,0.6216216216216216,0.35135135135135137,0.4864864864864865,0.4864864864864865,23,24,13,14,74
score_q50,low_is_2.6,0.0036214105239304557,0.5432098765432098,0.5,0.5945945945945946,0.40540540540540543,0.5,0.5,22,22,15,15,74
score_q50,high_is_2.6,0.0008611444170350173,0.5365853658536586,0.4888888888888889,0.5945945945945946,0.3783783783783784,0.4864864864864865,0.4864864864864865,22,23,14,15,74
score_q50,high_is_2.6,0.0013536493143130556,0.5316455696202531,0.5,0.5675675675675675,0.43243243243243246,0.5,0.5,21,21,16,16,74
score_q50,low_is_2.6,0.0017139581018232705,0.5,0.5142857142857142,0.4864864864864865,0.5405405405405406,0.5135135135135135,0.5135135135135136,18,17,20,19,74
score_q50,high_is_2.6,0.0017139581018232705,0.5,0.48717948717948717,0.5135135135135135,0.4594594594594595,0.4864864864864865,0.4864864864864865,19,20,17,18,74
score_q50,low_is_2.6,0.0013536493143130556,0.463768115942029,0.5,0.43243243243243246,0.5675675675675675,0.5,0.5,16,16,21,21,74
score_q50,low_is_2.6,0.0008611444170350173,0.4545454545454546,0.5172413793103449,0.40540540540540543,0.6216216216216216,0.5135135135135135,0.5135135135135135,15,14,23,22,74
score_q50,high_is_2.6,0.0036214105239304557,0.4477611940298507,0.5,0.40540540540540543,0.5945945945945946,0.5,0.5,15,15,22,22,74
score_q50,low_is_2.6,0.0011878134926075817,0.4411764705882353,0.4838709677419355,0.40540540540540543,0.5675675675675675,0.4864864864864865,0.4864864864864865,15,16,21,22,74
score_q50,high_is_2.6,0.004357634922100096,0.4375,0.5185185185185185,0.3783783783783784,0.6486486486486487,0.5135135135135135,0.5135135135135136,14,13,24,23,74
score_q50,high_is_2.6,0.0028226530662523097,0.43478260869565216,0.46875,0.40540540540540543,0.5405405405405406,0.47297297297297297,0.472972972972973,15,17,20,22,74
score_q50,low_is_2.6,0.000522223172348604,0.4307692307692308,0.5,0.3783783783783784,0.6216216216216216,0.5,0.5,14,14,23,23,74
score_q50,high_is_2.6,0.0021996786386831017,0.4225352112676056,0.4411764705882353,0.40540540540540543,0.4864864864864865,0.44594594594594594,0.44594594594594594,15,19,18,22,74
score_q50,high_is_2.6,0.0049326288863332755,0.4193548387096775,0.52,0.35135135135135137,0.6756756756756757,0.5135135135135135,0.5135135135135135,13,12,25,24,74
score_q50,low_is_2.6,0.0004611124638989495,0.40625,0.48148148148148145,0.35135135135135137,0.6216216216216216,0.4864864864864865,0.4864864864864865,13,14,23,24,74
score_q50,low_is_2.6,0.00023230866986799546,0.39344262295081966,0.5,0.32432432432432434,0.6756756756756757,0.5,0.5,12,12,25,25,74
score_q50,low_is_2.6,0.0003458737036333525,0.3870967741935484,0.48,0.32432432432432434,0.6486486486486487,0.4864864864864865,0.4864864864864865,12,13,24,25,74
score_q50,low_is_2.6,0.000192179341882308,0.33898305084745767,0.45454545454545453,0.2702702702702703,0.6756756756756757,0.47297297297297297,0.47297297297297297,10,12,25,27,74
score_q50,high_is_2.6,0.005588307405965799,0.3103448275862069,0.42857142857142855,0.24324324324324326,0.6756756756756757,0.4594594594594595,0.45945945945945943,9,12,25,28,74
score_q50,low_is_2.6,0.0001278889161820951,0.3103448275862069,0.42857142857142855,0.24324324324324326,0.6756756756756757,0.4594594594594595,0.45945945945945943,9,12,25,28,74
score_q50,low_is_2.6,5.920664687127942e-05,0.28571428571428575,0.42105263157894735,0.21621621621621623,0.7027027027027027,0.4594594594594595,0.4594594594594595,8,11,26,29,74
score_q50,high_is_2.6,0.0063246701038487275,0.2807017543859649,0.4,0.21621621621621623,0.6756756756756757,0.44594594594594594,0.44594594594594594,8,12,25,29,74
score_q50,low_is_2.6,7.070746120422912e-05,0.2807017543859649,0.4,0.21621621621621623,0.6756756756756757,0.44594594594594594,0.44594594594594594,8,12,25,29,74
score_q50,high_is_2.6,0.007635169545813874,0.2641509433962264,0.4375,0.1891891891891892,0.7567567567567568,0.47297297297297297,0.472972972972973,7,9,28,30,74
score_q50,high_is_2.6,0.006692852067538981,0.2592592592592593,0.4117647058823529,0.1891891891891892,0.7297297297297297,0.4594594594594595,0.45945945945945943,7,10,27,30,74
score_q50,high_is_2.6,0.00669285197314601,0.2545454545454546,0.3888888888888889,0.1891891891891892,0.7027027027027027,0.44594594594594594,0.44594594594594594,7,11,26,30,74
score_q50,low_is_2.6,4.862120682163959e-05,0.2545454545454546,0.3888888888888889,0.1891891891891892,0.7027027027027027,0.44594594594594594,0.44594594594594594,7,11,26,30,74
score_q50,high_is_2.6,0.006692851596555596,0.25,0.3684210526315789,0.1891891891891892,0.6756756756756757,0.43243243243243246,0.43243243243243246,7,12,25,30,74
score_q50,high_is_2.6,0.009782213991917293,0.23529411764705885,0.42857142857142855,0.16216216216216217,0.7837837837837838,0.47297297297297297,0.47297297297297297,6,8,29,31,74
score_q50,high_is_2.6,0.009179850328003258,0.23076923076923078,0.4,0.16216216216216217,0.7567567567567568,0.4594594594594595,0.4594594594594595,6,9,28,31,74
score_q50,high_is_2.6,0.011922921900420465,0.20408163265306126,0.4166666666666667,0.13513513513513514,0.8108108108108109,0.47297297297297297,0.472972972972973,5,7,30,32,74
score_q50,high_is_2.6,0.009782214486441988,0.2,0.38461538461538464,0.13513513513513514,0.7837837837837838,0.4594594594594595,0.45945945945945943,5,8,29,32,74
score_q50,low_is_2.6,4.0377052407810496e-05,0.18867924528301885,0.3125,0.13513513513513514,0.7027027027027027,0.4189189189189189,0.41891891891891897,5,11,26,32,74
score_q50,high_is_2.6,0.026480724734783107,0.17391304347826086,0.4444444444444444,0.10810810810810811,0.8648648648648649,0.4864864864864865,0.4864864864864865,4,5,32,33,74
score_q50,high_is_2.6,0.02331329651538775,0.1702127659574468,0.4,0.10810810810810811,0.8378378378378378,0.47297297297297297,0.47297297297297297,4,6,31,33,74
score_q50,high_is_2.6,0.018520500402989075,0.16666666666666669,0.36363636363636365,0.10810810810810811,0.8108108108108109,0.4594594594594595,0.4594594594594595,4,7,30,33,74
score_q50,low_is_2.6,3.34011118863054e-05,0.15384615384615385,0.26666666666666666,0.10810810810810811,0.7027027027027027,0.40540540540540543,0.40540540540540543,4,11,26,33,74
score_q50,high_is_2.6,0.02931222826596997,0.13333333333333333,0.375,0.08108108108108109,0.8648648648648649,0.47297297297297297,0.472972972972973,3,5,32,34,74
score_q50,low_is_2.6,1.7887295048568297e-05,0.13333333333333333,0.375,0.08108108108108109,0.8648648648648649,0.47297297297297297,0.472972972972973,3,5,32,34,74
score_q50,low_is_2.6,2.0259056967683023e-05,0.125,0.2727272727272727,0.08108108108108109,0.7837837837837838,0.43243243243243246,0.43243243243243246,3,8,29,34,74
score_q50,low_is_2.6,2.4490312862093885e-05,0.12244897959183675,0.25,0.08108108108108109,0.7567567567567568,0.4189189189189189,0.41891891891891897,3,9,28,34,74
score_q50,low_is_2.6,2.949082916006672e-05,0.11764705882352942,0.21428571428571427,0.08108108108108109,0.7027027027027027,0.3918918918918919,0.3918918918918919,3,11,26,34,74
score_q50,high_is_2.6,0.06480722517773459,0.1,0.6666666666666666,0.05405405405405406,0.972972972972973,0.5135135135135135,0.5135135135135136,2,1,36,35,74
score_q50,high_is_2.6,0.05123151891133377,0.0975609756097561,0.5,0.05405405405405406,0.9459459459459459,0.5,0.5,2,2,35,35,74
score_q50,high_is_2.6,0.048066325132739715,0.09523809523809523,0.4,0.05405405405405406,0.918918918918919,0.4864864864864865,0.4864864864864865,2,3,34,35,74
score_q50,high_is_2.6,0.04237638139063682,0.09302325581395349,0.3333333333333333,0.05405405405405406,0.8918918918918919,0.47297297297297297,0.47297297297297297,2,4,33,35,74
score_q50,low_is_2.6,1.5777841564024995e-05,0.09302325581395349,0.3333333333333333,0.05405405405405406,0.8918918918918919,0.47297297297297297,0.47297297297297297,2,4,33,35,74
score_q50,high_is_2.6,0.033319555423875595,0.09090909090909091,0.2857142857142857,0.05405405405405406,0.8648648648648649,0.4594594594594595,0.4594594594594595,2,5,32,35,74
score_q50,high_is_2.6,0.09753055477016408,0.05128205128205129,0.5,0.02702702702702703,0.972972972972973,0.5,0.5,1,1,36,36,74
score_q50,low_is_2.6,7.016717986540324e-06,0.05,0.3333333333333333,0.02702702702702703,0.9459459459459459,0.4864864864864865,0.4864864864864865,1,2,35,36,74
score_q50,low_is_2.6,9.009625983467642e-06,0.04878048780487805,0.25,0.02702702702702703,0.918918918918919,0.47297297297297297,0.472972972972973,1,3,34,36,74
score_q50,low_is_2.6,1.24921281846581e-05,0.047619047619047616,0.2,0.02702702702702703,0.8918918918918919,0.4594594594594595,0.45945945945945943,1,4,33,36,74
score_q50,high_is_2.6,0.11920293401549198,0.0,0.0,0.0,0.972972972972973,0.4864864864864865,0.4864864864864865,0,1,36,37,74
score_q50,high_is_2.6,0.119202940938512,0.0,0.0,0.0,0.972972972972973,0.4864864864864865,0.4864864864864865,0,1,36,37,74
score_q50,low_is_2.6,4.78509457496562e-06,0.0,0.0,0.0,0.972972972972973,0.4864864864864865,0.4864864864864865,0,1,36,37,74
score_q50,low_is_2.6,5.124863765329842e-06,0.0,0.0,0.0,0.972972972972973,0.4864864864864865,0.4864864864864865,0,1,36,37,74
score_q50,low_is_2.6,5.804402146058286e-06,0.0,0.0,0.0,0.9459459459459459,0.47297297297297297,0.47297297297297297,0,2,35,37,74
score_q75,high_is_2.6,0.004564585959799449,0.6868686868686869,0.5483870967741935,0.918918918918919,0.24324324324324326,0.581081081081081,0.5810810810810811,34,28,9,3,74
score_q75,high_is_2.6,0.002617944776794226,0.6862745098039216,0.5384615384615384,0.9459459459459459,0.1891891891891892,0.5675675675675675,0.5675675675675675,35,30,7,2,74
score_q75,high_is_2.6,0.014553951186358865,0.6804123711340206,0.55,0.8918918918918919,0.2702702702702703,0.581081081081081,0.5810810810810811,33,27,10,4,74
score_q75,high_is_2.6,0.003172683302237595,0.68,0.5396825396825397,0.918918918918919,0.21621621621621623,0.5675675675675675,0.5675675675675675,34,29,8,3,74
score_q75,low_is_2.6,0.9550988093294512,0.6792452830188679,0.5217391304347826,0.972972972972973,0.10810810810810811,0.5405405405405406,0.5405405405405406,36,33,4,1,74
score_q75,high_is_2.6,0.010010058023319595,0.673469387755102,0.5409836065573771,0.8918918918918919,0.24324324324324326,0.5675675675675675,0.5675675675675675,33,28,9,4,74
score_q75,high_is_2.6,0.0031726831795432465,0.6732673267326733,0.53125,0.918918918918919,0.1891891891891892,0.5540540540540541,0.5540540540540541,34,30,7,3,74
score_q75,high_is_2.6,0.0015517436508620662,0.673076923076923,0.5223880597014925,0.9459459459459459,0.13513513513513514,0.5405405405405406,0.5405405405405406,35,32,5,2,74
score_q75,low_is_2.6,0.9299310836969581,0.673076923076923,0.5223880597014925,0.9459459459459459,0.13513513513513514,0.5405405405405406,0.5405405405405406,35,32,5,2,74
score_q75,low_is_2.6,0.9684372803478342,0.6728971962616821,0.5142857142857142,0.972972972972973,0.08108108108108109,0.527027027027027,0.5270270270270271,36,34,3,1,74
score_q75,high_is_2.6,0.017763034146231454,0.6666666666666667,0.5423728813559322,0.8648648648648649,0.2702702702702703,0.5675675675675675,0.5675675675675675,32,27,10,5,74
score_q75,low_is_2.6,0.9800084909961901,0.6666666666666666,0.5070422535211268,0.972972972972973,0.05405405405405406,0.5135135135135135,0.5135135135135136,36,35,2,1,74
score_q75,high_is_2.6,5.506791733252623e-05,0.6666666666666666,0.5,1.0,0.0,0.5,0.5,37,37,0,0,74
score_q75,low_is_2.6,0.9999645888848987,0.6666666666666666,0.5,1.0,0.0,0.5,0.5,37,37,0,0,74
score_q75,high_is_2.6,0.0009899355890086341,0.6666666666666665,0.5147058823529411,0.9459459459459459,0.10810810810810811,0.527027027027027,0.527027027027027,35,33,4,2,74
score_q75,low_is_2.6,0.9419119829850848,0.6666666666666665,0.5147058823529411,0.9459459459459459,0.10810810810810811,0.527027027027027,0.527027027027027,35,33,4,2,74
score_q75,high_is_2.6,0.000436540584455339,0.6605504587155964,0.5,0.972972972972973,0.02702702702702703,0.5,0.5,36,36,1,1,74
score_q75,low_is_2.6,0.9825988253210942,0.6605504587155964,0.5,0.972972972972973,0.02702702702702703,0.5,0.5,36,36,1,1,74
score_q75,high_is_2.6,0.0008821103256310762,0.660377358490566,0.5072463768115942,0.9459459459459459,0.08108108108108109,0.5135135135135135,0.5135135135135135,35,34,3,2,74
score_q75,low_is_2.6,0.9263770504187725,0.6601941747572816,0.5151515151515151,0.918918918918919,0.13513513513513514,0.527027027027027,0.5270270270270271,34,32,5,3,74
score_q75,high_is_2.6,0.022689402539557903,0.6595744680851063,0.543859649122807,0.8378378378378378,0.2972972972972973,0.5675675675675675,0.5675675675675675,31,26,11,6,74
score_q75,high_is_2.6,0.00010923937486572211,0.6545454545454545,0.4931506849315068,0.972972972972973,0.0,0.4864864864864865,0.4864864864864865,36,37,0,1,74
score_q75,low_is_2.6,0.9921981371299333,0.6545454545454545,0.4931506849315068,0.972972972972973,0.0,0.4864864864864865,0.4864864864864865,36,37,0,1,74
score_q75,high_is_2.6,0.0007671503328848654,0.6542056074766355,0.5,0.9459459459459459,0.05405405405405406,0.5,0.5,35,35,2,2,74
score_q75,high_is_2.6,0.021105687629890714,0.6526315789473685,0.5344827586206896,0.8378378378378378,0.2702702702702703,0.5540540540540541,0.5540540540540541,31,27,10,6,74
score_q75,low_is_2.6,0.9241418034437203,0.6470588235294117,0.5076923076923077,0.8918918918918919,0.13513513513513514,0.5135135135135135,0.5135135135135135,33,32,5,4,74
score_q75,high_is_2.6,0.026480726182974222,0.6451612903225806,0.5357142857142857,0.8108108108108109,0.2972972972972973,0.5540540540540541,0.5540540540540541,30,26,11,7,74
score_q75,low_is_2.6,0.8867604189655721,0.64,0.5079365079365079,0.8648648648648649,0.16216216216216217,0.5135135135135135,0.5135135135135136,32,31,6,5,74
score_q75,low_is_2.6,0.9054511036633988,0.6336633663366337,0.5,0.8648648648648649,0.13513513513513514,0.5,0.5,32,32,5,5,74
score_q75,low_is_2.6,0.8699804480201532,0.6326530612244898,0.5081967213114754,0.8378378378378378,0.1891891891891892,0.5135135135135135,0.5135135135135135,31,30,7,6,74
score_q75,high_is_2.6,0.029312230216516542,0.6304347826086956,0.5272727272727272,0.7837837837837838,0.2972972972972973,0.5405405405405406,0.5405405405405406,29,26,11,8,74
score_q75,low_is_2.6,0.8837787115899018,0.6262626262626263,0.5,0.8378378378378378,0.16216216216216217,0.5,0.5,31,31,6,6,74
score_q75,high_is_2.6,0.046163505160941476,0.6206896551724138,0.54,0.7297297297297297,0.3783783783783784,0.5540540540540541,0.5540540540540541,27,23,14,10,74
score_q75,low_is_2.6,0.8555583669973281,0.6185567010309277,0.5,0.8108108108108109,0.1891891891891892,0.5,0.5,30,30,7,7,74
score_q75,high_is_2.6,0.030901973295036623,0.6153846153846154,0.5185185185185185,0.7567567567567568,0.2972972972972973,0.527027027027027,0.5270270270270271,28,26,11,9,74
score_q75,high_is_2.6,0.0411140084340294,0.6136363636363636,0.5294117647058824,0.7297297297297297,0.35135135135135137,0.5405405405405406,0.5405405405405406,27,24,13,10,74
score_q75,low_is_2.6,0.8275567799781786,0.6105263157894737,0.5,0.7837837837837838,0.21621621621621623,0.5,0.5,29,29,8,8,74
score_q75,high_is_2.6,0.03532322102795235,0.6067415730337079,0.5192307692307693,0.7297297297297297,0.32432432432432434,0.527027027027027,0.527027027027027,27,25,12,10,74
score_q75,high_is_2.6,0.04742587913993972,0.6046511627906977,0.5306122448979592,0.7027027027027027,0.3783783783783784,0.5405405405405406,0.5405405405405406,26,23,14,11,74
score_q75,low_is_2.6,0.8505693100688114,0.6041666666666666,0.4915254237288136,0.7837837837837838,0.1891891891891892,0.4864864864864865,0.4864864864864865,29,30,7,8,74
score_q75,low_is_2.6,0.7231639565089751,0.6021505376344086,0.5,0.7567567567567568,0.24324324324324326,0.5,0.5,28,28,9,9,74
score_q75,high_is_2.6,0.032905635978632886,0.6,0.5094339622641509,0.7297297297297297,0.2972972972972973,0.5135135135135135,0.5135135135135135,27,26,11,10,74
score_q75,low_is_2.6,0.7670835449592965,0.5957446808510638,0.49122807017543857,0.7567567567567568,0.21621621621621623,0.4864864864864865,0.4864864864864865,28,29,8,9,74
score_q75,high_is_2.6,0.04900847932649305,0.5882352941176472,0.5208333333333334,0.6756756756756757,0.3783783783783784,0.527027027027027,0.527027027027027,25,23,14,12,74
score_q75,low_is_2.6,0.6986336661499005,0.5869565217391305,0.4909090909090909,0.7297297297297297,0.24324324324324326,0.4864864864864865,0.4864864864864865,27,28,9,10,74
score_q75,high_is_2.6,0.05692146357152881,0.5783132530120482,0.5217391304347826,0.6486486486486487,0.40540540540540543,0.527027027027027,0.5270270270270271,24,22,15,13,74
score_q75,high_is_2.6,0.05217367556475858,0.5714285714285715,0.5106382978723404,0.6486486486486487,0.3783783783783784,0.5135135135135135,0.5135135135135136,24,23,14,13,74
score_q75,low_is_2.6,0.6432836784614315,0.5714285714285714,0.48148148148148145,0.7027027027027027,0.24324324324324326,0.47297297297297297,0.472972972972973,26,28,9,11,74
score_q75,low_is_2.6,0.5245303489461117,0.5617977528089887,0.4807692307692308,0.6756756756756757,0.2702702702702703,0.47297297297297297,0.47297297297297297,25,27,10,12,74
score_q75,high_is_2.6,0.06797241820128787,0.5609756097560976,0.5111111111111111,0.6216216216216216,0.40540540540540543,0.5135135135135135,0.5135135135135135,23,22,15,14,74
score_q75,low_is_2.6,0.5782246256690204,0.5555555555555556,0.4716981132075472,0.6756756756756757,0.24324324324324326,0.4594594594594595,0.45945945945945943,25,28,9,12,74
score_q75,low_is_2.6,0.42298951714005284,0.5542168674698795,0.5,0.6216216216216216,0.3783783783783784,0.5,0.5,23,23,14,14,74
score_q75,low_is_2.6,0.49222800296099317,0.5517241379310345,0.48,0.6486486486486487,0.2972972972972973,0.47297297297297297,0.472972972972973,24,26,11,13,74
score_q75,high_is_2.6,0.07585818571984353,0.55,0.5116279069767442,0.5945945945945946,0.43243243243243246,0.5135135135135135,0.5135135135135136,22,21,16,15,74
score_q75,low_is_2.6,0.437823527853163,0.5476190476190476,0.48936170212765956,0.6216216216216216,0.35135135135135137,0.4864864864864865,0.4864864864864865,23,24,13,14,74
score_q75,high_is_2.6,0.08669437632721175,0.5454545454545455,0.525,0.5675675675675675,0.4864864864864865,0.527027027027027,0.527027027027027,21,19,18,16,74
score_q75,low_is_2.6,0.5000000744336719,0.5454545454545454,0.47058823529411764,0.6486486486486487,0.2702702702702703,0.4594594594594595,0.4594594594594595,24,27,10,13,74
score_q75,high_is_2.6,0.07585818258218546,0.5432098765432098,0.5,0.5945945945945946,0.40540540540540543,0.5,0.5,22,22,15,15,74
score_q75,low_is_2.6,0.445595588751311,0.5411764705882353,0.4791666666666667,0.6216216216216216,0.32432432432432434,0.47297297297297297,0.47297297297297297,23,25,12,14,74
score_q75,high_is_2.6,0.07585819455389811,0.5384615384615384,0.5121951219512195,0.5675675675675675,0.4594594594594595,0.5135135135135135,0.5135135135135135,21,20,17,16,74
score_q75,low_is_2.6,0.3928481063783823,0.5365853658536586,0.4888888888888889,0.5945945945945946,0.3783783783783784,0.4864864864864865,0.4864864864864865,22,23,14,15,74
score_q75,low_is_2.6,0.46891179044336323,0.5348837209302325,0.46938775510204084,0.6216216216216216,0.2972972972972973,0.4594594594594595,0.45945945945945943,23,26,11,14,74
score_q75,high_is_2.6,0.07585818970009409,0.5316455696202531,0.5,0.5675675675675675,0.43243243243243246,0.5,0.5,21,21,16,16,74
score_q75,low_is_2.6,0.2833210639536661,0.5316455696202531,0.5,0.5675675675675675,0.43243243243243246,0.5,0.5,21,21,16,16,74
score_q75,high_is_2.6,0.10240338027889406,0.5263157894736842,0.5128205128205128,0.5405405405405406,0.4864864864864865,0.5135135135135135,0.5135135135135136,20,19,18,17,74
score_q75,low_is_2.6,0.148047230141941,0.5263157894736842,0.5128205128205128,0.5405405405405406,0.4864864864864865,0.5135135135135135,0.5135135135135136,20,19,18,17,74
score_q75,low_is_2.6,0.34209108858665327,0.525,0.4883720930232558,0.5675675675675675,0.40540540540540543,0.4864864864864865,0.4864864864864865,21,22,15,16,74
score_q75,low_is_2.6,0.1652363825600489,0.5194805194805195,0.5,0.5405405405405406,0.4594594594594595,0.5,0.5,20,20,17,17,74
score_q75,low_is_2.6,0.3704507740065857,0.5185185185185185,0.4772727272727273,0.5675675675675675,0.3783783783783784,0.47297297297297297,0.47297297297297297,21,23,14,16,74
score_q75,high_is_2.6,0.1264140071095294,0.5135135135135135,0.5135135135135135,0.5135135135135135,0.5135135135135135,0.5135135135135135,0.5135135135135135,19,18,19,18,74
score_q75,low_is_2.6,0.21412316312243962,0.5128205128205128,0.4878048780487805,0.5405405405405406,0.43243243243243246,0.4864864864864865,0.4864864864864865,20,21,16,17,74
score_q75,high_is_2.6,0.11323956801886251,0.5066666666666666,0.5,0.5135135135135135,0.4864864864864865,0.5,0.5,19,19,18,18,74
score_q75,low_is_2.6,0.1408361519691458,0.5066666666666666,0.5,0.5135135135135135,0.4864864864864865,0.5,0.5,19,19,18,18,74
score_q75,high_is_2.6,0.1408361519691458,0.4931506849315069,0.5,0.4864864864864865,0.5135135135135135,0.5,0.5,18,18,19,19,74
score_q75,low_is_2.6,0.11323956801886251,0.4931506849315069,0.5,0.4864864864864865,0.5135135135135135,0.5,0.5,18,18,19,19,74
score_q75,low_is_2.6,0.1264140071095294,0.4864864864864865,0.4864864864864865,0.4864864864864865,0.4864864864864865,0.4864864864864865,0.4864864864864865,18,19,18,19,74
score_q75,high_is_2.6,0.21412316312243962,0.48571428571428577,0.5151515151515151,0.4594594594594595,0.5675675675675675,0.5135135135135135,0.5135135135135135,17,16,21,20,74
score_q75,high_is_2.6,0.1652363825600489,0.47887323943661975,0.5,0.4594594594594595,0.5405405405405406,0.5,0.5,17,17,20,20,74
score_q75,high_is_2.6,0.3704507740065857,0.47761194029850745,0.5333333333333333,0.43243243243243246,0.6216216216216216,0.527027027027027,0.527027027027027,16,14,23,21,74
score_q75,high_is_2.6,0.148047230141941,0.47222222222222227,0.4857142857142857,0.4594594594594595,0.5135135135135135,0.4864864864864865,0.4864864864864865,17,18,19,20,74
score_q75,low_is_2.6,0.10240338027889406,0.47222222222222227,0.4857142857142857,0.4594594594594595,0.5135135135135135,0.4864864864864865,0.4864864864864865,17,18,19,20,74
score_q75,high_is_2.6,0.34209108858665327,0.47058823529411764,0.5161290322580645,0.43243243243243246,0.5945945945945946,0.5135135135135135,0.5135135135135136,16,15,22,21,74
score_q75,high_is_2.6,0.2833210639536661,0.463768115942029,0.5,0.43243243243243246,0.5675675675675675,0.5,0.5,16,16,21,21,74
score_q75,low_is_2.6,0.07585818970009409,0.463768115942029,0.5,0.43243243243243246,0.5675675675675675,0.5,0.5,16,16,21,21,74
score_q75,low_is_2.6,0.07585819455389811,0.45714285714285713,0.48484848484848486,0.43243243243243246,0.5405405405405406,0.4864864864864865,0.4864864864864865,16,17,20,21,74
score_q75,high_is_2.6,0.3928481063783823,0.4545454545454546,0.5172413793103449,0.40540540540540543,0.6216216216216216,0.5135135135135135,0.5135135135135135,15,14,23,22,74
score_q75,high_is_2.6,0.46891179044336323,0.4516129032258065,0.56,0.3783783783783784,0.7027027027027027,0.5405405405405406,0.5405405405405406,14,11,26,23,74
score_q75,low_is_2.6,0.08669437632721175,0.4507042253521127,0.47058823529411764,0.43243243243243246,0.5135135135135135,0.47297297297297297,0.47297297297297297,16,18,19,21,74
score_q75,low_is_2.6,0.07585818258218546,0.4477611940298507,0.5,0.40540540540540543,0.5945945945945946,0.5,0.5,15,15,22,22,74
score_q75,high_is_2.6,0.445595588751311,0.4444444444444445,0.5384615384615384,0.3783783783783784,0.6756756756756757,0.527027027027027,0.527027027027027,14,12,25,23,74
score_q75,low_is_2.6,0.07585818571984353,0.4411764705882353,0.4838709677419355,0.40540540540540543,0.5675675675675675,0.4864864864864865,0.4864864864864865,15,16,21,22,74
score_q75,high_is_2.6,0.437823527853163,0.4375,0.5185185185185185,0.3783783783783784,0.6486486486486487,0.5135135135135135,0.5135135135135136,14,13,24,23,74
score_q75,high_is_2.6,0.5000000744336719,0.43333333333333335,0.5652173913043478,0.35135135135135137,0.7297297297297297,0.5405405405405406,0.5405405405405406,13,10,27,24,74
score_q75,high_is_2.6,0.42298951714005284,0.4307692307692308,0.5,0.3783783783783784,0.6216216216216216,0.5,0.5,14,14,23,23,74
score_q75,high_is_2.6,0.49222800296099317,0.4262295081967213,0.5416666666666666,0.35135135135135137,0.7027027027027027,0.527027027027027,0.5270270270270271,13,11,26,24,74
score_q75,low_is_2.6,0.06797241820128787,0.42424242424242425,0.4827586206896552,0.3783783783783784,0.5945945945945946,0.4864864864864865,0.4864864864864865,14,15,22,23,74
score_q75,high_is_2.6,0.5782246256690204,0.41379310344827586,0.5714285714285714,0.32432432432432434,0.7567567567567568,0.5405405405405406,0.5405405405405406,12,9,28,25,74
score_q75,high_is_2.6,0.5245303489461117,0.4067796610169491,0.5454545454545454,0.32432432432432434,0.7297297297297297,0.527027027027027,0.527027027027027,12,10,27,25,74
score_q75,low_is_2.6,0.05217367556475858,0.40625,0.48148148148148145,0.35135135135135137,0.6216216216216216,0.4864864864864865,0.4864864864864865,13,14,23,24,74
score_q75,low_is_2.6,0.05692146357152881,0.39999999999999997,0.4642857142857143,0.35135135135135137,0.5945945945945946,0.47297297297297297,0.472972972972973,13,15,22,24,74
score_q75,high_is_2.6,0.6432836784614315,0.38596491228070173,0.55,0.2972972972972973,0.7567567567567568,0.527027027027027,0.5270270270270271,11,9,28,26,74
score_q75,low_is_2.6,0.04900847932649305,0.38095238095238093,0.46153846153846156,0.32432432432432434,0.6216216216216216,0.47297297297297297,0.47297297297297297,12,14,23,25,74
score_q75,high_is_2.6,0.6986336661499005,0.35714285714285715,0.5263157894736842,0.2702702702702703,0.7567567567567568,0.5135135135135135,0.5135135135135136,10,9,28,27,74
score_q75,low_is_2.6,0.04742587913993972,0.3548387096774193,0.44,0.2972972972972973,0.6216216216216216,0.4594594594594595,0.45945945945945943,11,14,23,26,74
score_q75,low_is_2.6,0.032905635978632886,0.3448275862068966,0.47619047619047616,0.2702702702702703,0.7027027027027027,0.4864864864864865,0.4864864864864865,10,11,26,27,74
score_q75,low_is_2.6,0.03532322102795235,0.33898305084745767,0.45454545454545453,0.2702702702702703,0.6756756756756757,0.47297297297297297,0.47297297297297297,10,12,25,27,74
score_q75,high_is_2.6,0.7670835449592965,0.33333333333333337,0.5294117647058824,0.24324324324324326,0.7837837837837838,0.5135135135135135,0.5135135135135135,9,8,29,28,74
score_q75,low_is_2.6,0.0411140084340294,0.3333333333333333,0.43478260869565216,0.2702702702702703,0.6486486486486487,0.4594594594594595,0.4594594594594595,10,13,24,27,74
score_q75,low_is_2.6,0.046163505160941476,0.3278688524590164,0.4166666666666667,0.2702702702702703,0.6216216216216216,0.44594594594594594,0.44594594594594594,10,14,23,27,74
score_q75,high_is_2.6,0.7231639565089751,0.3272727272727273,0.5,0.24324324324324326,0.7567567567567568,0.5,0.5,9,9,28,28,74
score_q75,low_is_2.6,0.030901973295036623,0.3157894736842105,0.45,0.24324324324324326,0.7027027027027027,0.47297297297297297,0.472972972972973,9,11,26,28,74
score_q75,high_is_2.6,0.8505693100688114,0.3076923076923077,0.5333333333333333,0.21621621621621623,0.8108108108108109,0.5135135135135135,0.5135135135135136,8,7,30,29,74
score_q75,high_is_2.6,0.8275567799781786,0.3018867924528302,0.5,0.21621621621621623,0.7837837837837838,0.5,0.5,8,8,29,29,74
score_q75,low_is_2.6,0.029312230216516542,0.28571428571428575,0.42105263157894735,0.21621621621621623,0.7027027027027027,0.4594594594594595,0.4594594594594595,8,11,26,29,74
score_q75,high_is_2.6,0.8555583669973281,0.2745098039215686,0.5,0.1891891891891892,0.8108108108108109,0.5,0.5,7,7,30,30,74
score_q75,low_is_2.6,0.026480726182974222,0.2545454545454546,0.3888888888888889,0.1891891891891892,0.7027027027027027,0.44594594594594594,0.44594594594594594,7,11,26,30,74
score_q75,high_is_2.6,0.8837787115899018,0.2448979591836735,0.5,0.16216216216216217,0.8378378378378378,0.5,0.5,6,6,31,31,74
score_q75,high_is_2.6,0.8699804480201532,0.24,0.46153846153846156,0.16216216216216217,0.8108108108108109,0.4864864864864865,0.4864864864864865,6,7,30,31,74
score_q75,low_is_2.6,0.021105687629890714,0.22641509433962265,0.375,0.16216216216216217,0.7297297297297297,0.44594594594594594,0.44594594594594594,6,10,27,31,74
score_q75,low_is_2.6,0.022689402539557903,0.22222222222222227,0.35294117647058826,0.16216216216216217,0.7027027027027027,0.43243243243243246,0.43243243243243246,6,11,26,31,74
score_q75,high_is_2.6,0.9054511036633988,0.21276595744680854,0.5,0.13513513513513514,0.8648648648648649,0.5,0.5,5,5,32,32,74
score_q75,high_is_2.6,0.8867604189655721,0.20833333333333334,0.45454545454545453,0.13513513513513514,0.8378378378378378,0.4864864864864865,0.4864864864864865,5,6,31,32,74
score_q75,low_is_2.6,0.017763034146231454,0.1923076923076923,0.3333333333333333,0.13513513513513514,0.7297297297297297,0.43243243243243246,0.43243243243243246,5,10,27,32,74
score_q75,high_is_2.6,0.9241418034437203,0.17391304347826086,0.4444444444444444,0.10810810810810811,0.8648648648648649,0.4864864864864865,0.4864864864864865,4,5,32,33,74
score_q75,low_is_2.6,0.010010058023319595,0.16,0.3076923076923077,0.10810810810810811,0.7567567567567568,0.43243243243243246,0.43243243243243246,4,9,28,33,74
score_q75,low_is_2.6,0.014553951186358865,0.1568627450980392,0.2857142857142857,0.10810810810810811,0.7297297297297297,0.4189189189189189,0.4189189189189189,4,10,27,33,74
score_q75,high_is_2.6,0.9263770504187725,0.13333333333333333,0.375,0.08108108108108109,0.8648648648648649,0.47297297297297297,0.472972972972973,3,5,32,34,74
score_q75,low_is_2.6,0.0031726831795432465,0.12765957446808512,0.3,0.08108108108108109,0.8108108108108109,0.44594594594594594,0.44594594594594594,3,7,30,34,74
score_q75,low_is_2.6,0.003172683302237595,0.125,0.2727272727272727,0.08108108108108109,0.7837837837837838,0.43243243243243246,0.43243243243243246,3,8,29,34,74
score_q75,low_is_2.6,0.004564585959799449,0.12244897959183675,0.25,0.08108108108108109,0.7567567567567568,0.4189189189189189,0.41891891891891897,3,9,28,34,74
score_q75,low_is_2.6,0.0007671503328848654,0.0975609756097561,0.5,0.05405405405405406,0.9459459459459459,0.5,0.5,2,2,35,35,74
score_q75,low_is_2.6,0.0008821103256310762,0.09523809523809523,0.4,0.05405405405405406,0.918918918918919,0.4864864864864865,0.4864864864864865,2,3,34,35,74
score_q75,high_is_2.6,0.9419119829850848,0.09302325581395349,0.3333333333333333,0.05405405405405406,0.8918918918918919,0.47297297297297297,0.47297297297297297,2,4,33,35,74
score_q75,low_is_2.6,0.0009899355890086341,0.09302325581395349,0.3333333333333333,0.05405405405405406,0.8918918918918919,0.47297297297297297,0.47297297297297297,2,4,33,35,74
score_q75,high_is_2.6,0.9299310836969581,0.09090909090909091,0.2857142857142857,0.05405405405405406,0.8648648648648649,0.4594594594594595,0.4594594594594595,2,5,32,35,74
score_q75,low_is_2.6,0.0015517436508620662,0.09090909090909091,0.2857142857142857,0.05405405405405406,0.8648648648648649,0.4594594594594595,0.4594594594594595,2,5,32,35,74
score_q75,low_is_2.6,0.002617944776794226,0.08695652173913043,0.2222222222222222,0.05405405405405406,0.8108108108108109,0.43243243243243246,0.43243243243243246,2,7,30,35,74
score_q75,high_is_2.6,0.9921981371299333,0.052631578947368425,1.0,0.02702702702702703,1.0,0.5135135135135135,0.5135135135135135,1,0,37,36,74
score_q75,high_is_2.6,0.9999645888848987,0.052631578947368425,1.0,0.02702702702702703,1.0,0.5135135135135135,0.5135135135135135,1,0,37,36,74
score_q75,low_is_2.6,5.506791733252623e-05,0.052631578947368425,1.0,0.02702702702702703,1.0,0.5135135135135135,0.5135135135135135,1,0,37,36,74
score_q75,low_is_2.6,0.00010923937486572211,0.052631578947368425,1.0,0.02702702702702703,1.0,0.5135135135135135,0.5135135135135135,1,0,37,36,74
score_q75,high_is_2.6,0.9825988253210942,0.05128205128205129,0.5,0.02702702702702703,0.972972972972973,0.5,0.5,1,1,36,36,74
score_q75,low_is_2.6,0.000436540584455339,0.05128205128205129,0.5,0.02702702702702703,0.972972972972973,0.5,0.5,1,1,36,36,74
score_q75,high_is_2.6,0.9800084909961901,0.05,0.3333333333333333,0.02702702702702703,0.9459459459459459,0.4864864864864865,0.4864864864864865,1,2,35,36,74
score_q75,high_is_2.6,0.9684372803478342,0.04878048780487805,0.25,0.02702702702702703,0.918918918918919,0.47297297297297297,0.472972972972973,1,3,34,36,74
score_q75,high_is_2.6,0.9550988093294512,0.047619047619047616,0.2,0.02702702702702703,0.8918918918918919,0.4594594594594595,0.45945945945945943,1,4,33,36,74
score_q90,high_is_2.6,0.02741177331932729,0.6666666666666666,0.5,1.0,0.0,0.5,0.5,37,37,0,0,74
score_q90,low_is_2.6,0.9999998749972462,0.6666666666666666,0.5,1.0,0.0,0.5,0.5,37,37,0,0,74
score_q90,low_is_2.6,0.999996092893663,0.6605504587155964,0.5,0.972972972972973,0.02702702702702703,0.5,0.5,36,36,1,1,74
score_q90,high_is_2.6,0.05380222274019613,0.6545454545454545,0.4931506849315068,0.972972972972973,0.0,0.4864864864864865,0.4864864864864865,36,37,0,1,74
score_q90,low_is_2.6,0.9999984542599003,0.6545454545454545,0.4931506849315068,0.972972972972973,0.0,0.4864864864864865,0.4864864864864865,36,37,0,1,74
score_q90,low_is_2.6,0.9999766818148622,0.6542056074766355,0.5,0.9459459459459459,0.05405405405405406,0.5,0.5,35,35,2,2,74
score_q90,high_is_2.6,0.3718687456255475,0.6538461538461539,0.5074626865671642,0.918918918918919,0.10810810810810811,0.5135135135135135,0.5135135135135136,34,33,4,3,74
score_q90,high_is_2.6,0.5427885194840196,0.6534653465346535,0.515625,0.8918918918918919,0.16216216216216217,0.527027027027027,0.527027027027027,33,31,6,4,74
score_q90,high_is_2.6,0.7072572968334476,0.6530612244897959,0.5245901639344263,0.8648648648648649,0.21621621621621623,0.5405405405405406,0.5405405405405406,32,29,8,5,74
score_q90,low_is_2.6,0.9999908071190158,0.6481481481481483,0.49295774647887325,0.9459459459459459,0.02702702702702703,0.4864864864864865,0.4864864864864865,35,36,1,2,74
score_q90,high_is_2.6,0.363360851923561,0.6476190476190476,0.5,0.918918918918919,0.08108108108108109,0.5,0.5,34,34,3,3,74
score_q90,high_is_2.6,0.45614191446827895,0.6470588235294117,0.5076923076923077,0.8918918918918919,0.13513513513513514,0.5135135135135135,0.5135135135135135,33,32,5,4,74
score_q90,high_is_2.6,0.659326985931088,0.6464646464646465,0.5161290322580645,0.8648648648648649,0.1891891891891892,0.527027027027027,0.5270270270270271,32,30,7,5,74
score_q90,high_is_2.6,0.15144642491613156,0.6422018348623854,0.4861111111111111,0.9459459459459459,0.0,0.47297297297297297,0.47297297297297297,35,37,0,2,74
score_q90,high_is_2.6,0.3255931001279887,0.6415094339622641,0.4927536231884058,0.918918918918919,0.05405405405405406,0.4864864864864865,0.4864864864864865,34,35,2,3,74
score_q90,low_is_2.6,0.9999657626574054,0.6415094339622641,0.4927536231884058,0.918918918918919,0.05405405405405406,0.4864864864864865,0.4864864864864865,34,35,2,3,74
score_q90,high_is_2.6,0.3949122233179182,0.6407766990291263,0.5,0.8918918918918919,0.10810810810810811,0.5,0.5,33,33,4,4,74
score_q90,high_is_2.6,0.6125260775647684,0.64,0.5079365079365079,0.8648648648648649,0.16216216216216217,0.5135135135135135,0.5135135135135136,32,31,6,5,74
score_q90,high_is_2.6,0.7415996813317753,0.6391752577319588,0.5166666666666667,0.8378378378378378,0.21621621621621623,0.527027027027027,0.527027027027027,31,29,8,6,74
score_q90,high_is_2.6,0.2849819350234656,0.6355140186915889,0.4857142857142857,0.918918918918919,0.02702702702702703,0.47297297297297297,0.472972972972973,34,36,1,3,74
score_q90,low_is_2.6,0.9999434925823734,0.6346153846153846,0.4925373134328358,0.8918918918918919,0.08108108108108109,0.4864864864864865,0.4864864864864865,33,34,3,4,74
score_q90,high_is_2.6,0.2510013767179655,0.6296296296296297,0.4788732394366197,0.918918918918919,0.0,0.4594594594594595,0.4594594594594595,34,37,0,3,74
score_q90,low_is_2.6,0.9999582930525801,0.6285714285714286,0.4852941176470588,0.8918918918918919,0.05405405405405406,0.47297297297297297,0.47297297297297297,33,35,2,4,74
score_q90,low_is_2.6,0.9997795539598925,0.6262626262626263,0.5,0.8378378378378378,0.16216216216216217,0.5,0.5,31,31,6,6,74
score_q90,high_is_2.6,0.7625816874374038,0.6249999999999999,0.5084745762711864,0.8108108108108109,0.21621621621621623,0.5135135135135135,0.5135135135135136,30,29,8,7,74
score_q90,low_is_2.6,0.9999334437232535,0.6213592233009709,0.48484848484848486,0.8648648648648649,0.08108108108108109,0.47297297297297297,0.472972972972973,32,34,3,5,74
score_q90,low_is_2.6,0.999855018532936,0.62,0.49206349206349204,0.8378378378378378,0.13513513513513514,0.4864864864864865,0.4864864864864865,31,32,5,6,74
score_q90,low_is_2.6,0.9996656467578955,0.6185567010309277,0.5,0.8108108108108109,0.1891891891891892,0.5,0.5,30,30,7,7,74
score_q90,high_is_2.6,0.9715406469277126,0.617283950617284,0.5681818181818182,0.6756756756756757,0.4864864864864865,0.581081081081081,0.5810810810810811,25,19,18,12,74
score_q90,high_is_2.6,0.8172297230660884,0.6170212765957447,0.5087719298245614,0.7837837837837838,0.24324324324324326,0.5135135135135135,0.5135135135135135,29,28,9,8,74
score_q90,low_is_2.6,0.9995795274467605,0.6170212765957447,0.5087719298245614,0.7837837837837838,0.24324324324324326,0.5135135135135135,0.5135135135135135,29,28,9,8,74
score_q90,low_is_2.6,0.9994020771030241,0.6153846153846154,0.5185185185185185,0.7567567567567568,0.2972972972972973,0.527027027027027,0.5270270270270271,28,26,11,9,74
score_q90,low_is_2.6,0.9998920524623801,0.6138613861386139,0.484375,0.8378378378378378,0.10810810810810811,0.47297297297297297,0.47297297297297297,31,33,4,6,74
score_q90,low_is_2.6,0.9996921885311466,0.6122448979591837,0.4918032786885246,0.8108108108108109,0.16216216216216217,0.4864864864864865,0.4864864864864865,30,31,6,7,74
score_q90,high_is_2.6,0.7884978016716022,0.6105263157894737,0.5,0.7837837837837838,0.21621621621621623,0.5,0.5,29,29,8,8,74
score_q90,low_is_2.6,0.9995938070691086,0.6105263157894737,0.5,0.7837837837837838,0.21621621621621623,0.5,0.5,29,29,8,8,74
score_q90,high_is_2.6,0.9634745140119363,0.6097560975609757,0.5555555555555556,0.6756756756756757,0.4594594594594595,0.5675675675675675,0.5675675675675675,25,20,17,12,74
score_q90,low_is_2.6,0.9995272395963721,0.608695652173913,0.509090909090909,0.7567567567567568,0.2702702702702703,0.5135135135135135,0.5135135135135136,28,27,10,9,74
score_q90,low_is_2.6,0.9999237152385569,0.607843137254902,0.47692307692307695,0.8378378378378378,0.08108108108108109,0.4594594594594595,0.45945945945945943,31,34,3,6,74
score_q90,high_is_2.6,0.981033777949708,0.6075949367088608,0.5714285714285714,0.6486486486486487,0.5135135135135135,0.581081081081081,0.5810810810810811,24,18,19,13,74
score_q90,high_is_2.6,0.9445156107348561,0.6046511627906977,0.5306122448979592,0.7027027027027027,0.3783783783783784,0.5405405405405406,0.5405405405405406,26,23,14,11,74
score_q90,low_is_2.6,0.9996312286435605,0.6041666666666666,0.4915254237288136,0.7837837837837838,0.1891891891891892,0.4864864864864865,0.4864864864864865,29,30,7,8,74
score_q90,high_is_2.6,0.9626730804974869,0.6024096385542168,0.5434782608695652,0.6756756756756757,0.43243243243243246,0.5540540540540541,0.5540540540540541,25,21,16,12,74
score_q90,high_is_2.6,0.8406789355220283,0.6021505376344086,0.5,0.7567567567567568,0.24324324324324326,0.5,0.5,28,28,9,9,74
score_q90,low_is_2.6,0.9995665859970028,0.6021505376344086,0.5,0.7567567567567568,0.24324324324324326,0.5,0.5,28,28,9,9,74
score_q90,high_is_2.6,0.9792510451154989,0.6,0.5581395348837209,0.6486486486486487,0.4864864864864865,0.5675675675675675,0.5675675675675675,24,19,18,13,74
score_q90,high_is_2.6,0.8891457684228228,0.6,0.5094339622641509,0.7297297297297297,0.2972972972972973,0.5135135135135135,0.5135135135135135,27,26,11,10,74
score_q90,low_is_2.6,0.9992716599392861,0.6,0.5094339622641509,0.7297297297297297,0.2972972972972973,0.5135135135135135,0.5135135135135135,27,26,11,10,74
score_q90,high_is_2.6,0.9369574632507002,0.5977011494252874,0.52,0.7027027027027027,0.35135135135135137,0.527027027027027,0.5270270270270271,26,24,13,11,74
score_q90,high_is_2.6,0.9581285273329101,0.5952380952380952,0.5319148936170213,0.6756756756756757,0.40540540540540543,0.5405405405405406,0.5405405405405406,25,22,15,12,74
score_q90,high_is_2.6,0.866374933846338,0.5934065934065933,0.5,0.7297297297297297,0.2702702702702703,0.5,0.5,27,27,10,10,74
score_q90,high_is_2.6,0.9281614327409011,0.5909090909090909,0.5098039215686274,0.7027027027027027,0.32432432432432434,0.5135135135135135,0.5135135135135136,26,25,12,11,74
score_q90,low_is_2.6,0.9990621293869265,0.5909090909090909,0.5098039215686274,0.7027027027027027,0.32432432432432434,0.5135135135135135,0.5135135135135136,26,25,12,11,74
score_q90,high_is_2.6,0.9825845820914763,0.5897435897435899,0.5609756097560976,0.6216216216216216,0.5135135135135135,0.5675675675675675,0.5675675675675675,23,18,19,14,74
score_q90,high_is_2.6,0.9513509552023769,0.5882352941176472,0.5208333333333334,0.6756756756756757,0.3783783783783784,0.527027027027027,0.527027027027027,25,23,14,12,74
score_q90,high_is_2.6,0.849273508854399,0.5869565217391305,0.4909090909090909,0.7297297297297297,0.24324324324324326,0.4864864864864865,0.4864864864864865,27,28,9,10,74
score_q90,high_is_2.6,0.9099078593731779,0.5842696629213484,0.5,0.7027027027027027,0.2972972972972973,0.5,0.5,26,26,11,11,74
score_q90,low_is_2.6,0.9991680916424202,0.5842696629213484,0.5,0.7027027027027027,0.2972972972972973,0.5,0.5,26,26,11,11,74
score_q90,high_is_2.6,0.9925700114213458,0.5833333333333333,0.6,0.5675675675675675,0.6216216216216216,0.5945945945945946,0.5945945945945945,21,14,23,16,74
score_q90,high_is_2.6,0.9915306716361665,0.5753424657534246,0.5833333333333334,0.5675675675675675,0.5945945945945946,0.581081081081081,0.5810810810810811,21,15,22,16,74
score_q90,low_is_2.6,0.998924174410089,0.5747126436781609,0.5,0.6756756756756757,0.32432432432432434,0.5,0.5,25,25,12,12,74
score_q90,high_is_2.6,0.9862670727047069,0.5714285714285715,0.55,0.5945945945945946,0.5135135135135135,0.5540540540540541,0.5540540540540541,22,18,19,15,74
score_q90,high_is_2.6,0.9942602727731461,0.5714285714285714,0.6060606060606061,0.5405405405405406,0.6486486486486487,0.5945945945945946,0.5945945945945946,20,13,24,17,74
score_q90,high_is_2.6,0.9909795087908597,0.5675675675675675,0.5675675675675675,0.5675675675675675,0.5675675675675675,0.5675675675675675,0.5675675675675675,21,16,21,16,74
score_q90,high_is_2.6,0.9935398701101974,0.5633802816901409,0.5882352941176471,0.5405405405405406,0.6216216216216216,0.581081081081081,0.5810810810810811,20,14,23,17,74
score_q90,high_is_2.6,0.990353700571603,0.5599999999999999,0.5526315789473685,0.5675675675675675,0.5405405405405406,0.5540540540540541,0.5540540540540541,21,17,20,16,74
score_q90,high_is_2.6,0.9949523512456673,0.5588235294117647,0.6129032258064516,0.5135135135135135,0.6756756756756757,0.5945945945945946,0.5945945945945945,19,12,25,18,74
score_q90,low_is_2.6,0.9987547117243798,0.5581395348837208,0.4897959183673469,0.6486486486486487,0.32432432432432434,0.4864864864864865,0.4864864864864865,24,25,12,13,74
score_q90,high_is_2.6,0.9898562995340336,0.5526315789473685,0.5384615384615384,0.5675675675675675,0.5135135135135135,0.5405405405405406,0.5405405405405406,21,18,19,16,74
score_q90,high_is_2.6,0.9947638818661084,0.5507246376811593,0.59375,0.5135135135135135,0.6486486486486487,0.581081081081081,0.5810810810810811,19,13,24,18,74
score_q90,low_is_2.6,0.9985889126745258,0.5411764705882353,0.4791666666666667,0.6216216216216216,0.32432432432432434,0.47297297297297297,0.47297297297297297,23,25,12,14,74
score_q90,high_is_2.6,0.9959760584454738,0.5373134328358209,0.6,0.4864864864864865,0.6756756756756757,0.581081081081081,0.5810810810810811,18,12,25,19,74
score_q90,low_is_2.6,0.9984775272054724,0.5238095238095238,0.46808510638297873,0.5945945945945946,0.32432432432432434,0.4594594594594595,0.4594594594594595,22,25,12,15,74
score_q90,high_is_2.6,0.9976180426797371,0.5151515151515151,0.5862068965517241,0.4594594594594595,0.6756756756756757,0.5675675675675675,0.5675675675675675,17,12,25,20,74
score_q90,low_is_2.6,0.9984325139730374,0.506024096385542,0.45652173913043476,0.5675675675675675,0.32432432432432434,0.44594594594594594,0.44594594594594594,21,25,12,16,74
score_q90,high_is_2.6,0.9984325139730374,0.49230769230769234,0.5714285714285714,0.43243243243243246,0.6756756756756757,0.5540540540540541,0.5540540540540541,16,12,25,21,74
score_q90,low_is_2.6,0.9976180426797371,0.4878048780487805,0.4444444444444444,0.5405405405405406,0.32432432432432434,0.43243243243243246,0.43243243243243246,20,25,12,17,74
score_q90,low_is_2.6,0.9959760584454738,0.46913580246913583,0.4318181818181818,0.5135135135135135,0.32432432432432434,0.4189189189189189,0.4189189189189189,19,25,12,18,74
score_q90,high_is_2.6,0.9984775272054724,0.46875,0.5555555555555556,0.40540540540540543,0.6756756756756757,0.5405405405405406,0.5405405405405406,15,12,25,22,74
score_q90,low_is_2.6,0.9947638818661084,0.4556962025316456,0.42857142857142855,0.4864864864864865,0.35135135135135137,0.4189189189189189,0.41891891891891897,18,24,13,19,74
score_q90,low_is_2.6,0.9949523512456673,0.45,0.4186046511627907,0.4864864864864865,0.32432432432432434,0.40540540540540543,0.40540540540540543,18,25,12,19,74
score_q90,high_is_2.6,0.9985889126745258,0.4444444444444445,0.5384615384615384,0.3783783783783784,0.6756756756756757,0.527027027027027,0.527027027027027,14,12,25,23,74
score_q90,low_is_2.6,0.9898562995340336,0.4444444444444445,0.45714285714285713,0.43243243243243246,0.4864864864864865,0.4594594594594595,0.4594594594594595,16,19,18,21,74
score_q90,low_is_2.6,0.9935398701101974,0.44155844155844154,0.425,0.4594594594594595,0.3783783783783784,0.4189189189189189,0.41891891891891897,17,23,14,20,74
score_q90,low_is_2.6,0.990353700571603,0.4383561643835616,0.4444444444444444,0.43243243243243246,0.4594594594594595,0.44594594594594594,0.44594594594594594,16,20,17,21,74
score_q90,low_is_2.6,0.9942602727731461,0.4358974358974359,0.4146341463414634,0.4594594594594595,0.35135135135135137,0.40540540540540543,0.40540540540540543,17,24,13,20,74
score_q90,low_is_2.6,0.9909795087908597,0.43243243243243246,0.43243243243243246,0.43243243243243246,0.43243243243243246,0.43243243243243246,0.43243243243243246,16,21,16,21,74
score_q90,low_is_2.6,0.9915306716361665,0.4266666666666667,0.42105263157894735,0.43243243243243246,0.40540540540540543,0.4189189189189189,0.41891891891891897,16,22,15,21,74
score_q90,low_is_2.6,0.9862670727047069,0.4225352112676056,0.4411764705882353,0.40540540540540543,0.4864864864864865,0.44594594594594594,0.44594594594594594,15,19,18,22,74
score_q90,low_is_2.6,0.9925700114213458,0.42105263157894735,0.41025641025641024,0.43243243243243246,0.3783783783783784,0.40540540540540543,0.40540540540540543,16,23,14,21,74
score_q90,high_is_2.6,0.9987547117243798,0.4193548387096775,0.52,0.35135135135135137,0.6756756756756757,0.5135135135135135,0.5135135135135135,13,12,25,24,74
score_q90,low_is_2.6,0.9825845820914763,0.4000000000000001,0.42424242424242425,0.3783783783783784,0.4864864864864865,0.43243243243243246,0.43243243243243246,14,19,18,23,74
score_q90,high_is_2.6,0.998924174410089,0.39344262295081966,0.5,0.32432432432432434,0.6756756756756757,0.5,0.5,12,12,25,25,74
score_q90,low_is_2.6,0.9792510451154989,0.38235294117647056,0.41935483870967744,0.35135135135135137,0.5135135135135135,0.43243243243243246,0.43243243243243246,13,18,19,24,74
score_q90,low_is_2.6,0.9513509552023769,0.38095238095238093,0.46153846153846156,0.32432432432432434,0.6216216216216216,0.47297297297297297,0.47297297297297297,12,14,23,25,74
score_q90,low_is_2.6,0.981033777949708,0.37681159420289856,0.40625,0.35135135135135137,0.4864864864864865,0.4189189189189189,0.41891891891891897,13,19,18,24,74
score_q90,low_is_2.6,0.9581285273329101,0.375,0.4444444444444444,0.32432432432432434,0.5945945945945946,0.4594594594594595,0.4594594594594595,12,15,22,25,74
score_q90,high_is_2.6,0.9991680916424202,0.3728813559322034,0.5,0.2972972972972973,0.7027027027027027,0.5,0.5,11,11,26,26,74
score_q90,low_is_2.6,0.9099078593731779,0.3728813559322034,0.5,0.2972972972972973,0.7027027027027027,0.5,0.5,11,11,26,26,74
score_q90,low_is_2.6,0.9626730804974869,0.3692307692307692,0.42857142857142855,0.32432432432432434,0.5675675675675675,0.44594594594594594,0.44594594594594594,12,16,21,25,74
score_q90,high_is_2.6,0.9990621293869265,0.3666666666666667,0.4782608695652174,0.2972972972972973,0.6756756756756757,0.4864864864864865,0.4864864864864865,11,12,25,26,74
score_q90,low_is_2.6,0.9281614327409011,0.3666666666666667,0.4782608695652174,0.2972972972972973,0.6756756756756757,0.4864864864864865,0.4864864864864865,11,12,25,26,74
score_q90,low_is_2.6,0.9634745140119363,0.36363636363636365,0.41379310344827586,0.32432432432432434,0.5405405405405406,0.43243243243243246,0.43243243243243246,12,17,20,25,74
score_q90,low_is_2.6,0.9369574632507002,0.36065573770491804,0.4583333333333333,0.2972972972972973,0.6486486486486487,0.47297297297297297,0.472972972972973,11,13,24,26,74
score_q90,low_is_2.6,0.9715406469277126,0.3582089552238806,0.4,0.32432432432432434,0.5135135135135135,0.4189189189189189,0.4189189189189189,12,18,19,25,74
score_q90,low_is_2.6,0.849273508854399,0.35714285714285715,0.5263157894736842,0.2702702702702703,0.7567567567567568,0.5135135135135135,0.5135135135135136,10,9,28,27,74
score_q90,low_is_2.6,0.9445156107348561,0.3548387096774193,0.44,0.2972972972972973,0.6216216216216216,0.4594594594594595,0.45945945945945943,11,14,23,26,74
score_q90,low_is_2.6,0.866374933846338,0.3508771929824562,0.5,0.2702702702702703,0.7297297297297297,0.5,0.5,10,10,27,27,74
score_q90,high_is_2.6,0.9992716599392861,0.3448275862068966,0.47619047619047616,0.2702702702702703,0.7027027027027027,0.4864864864864865,0.4864864864864865,10,11,26,27,74
score_q90,low_is_2.6,0.8891457684228228,0.3448275862068966,0.47619047619047616,0.2702702702702703,0.7027027027027027,0.4864864864864865,0.4864864864864865,10,11,26,27,74
score_q90,high_is_2.6,0.9995665859970028,0.3272727272727273,0.5,0.24324324324324326,0.7567567567567568,0.5,0.5,9,9,28,28,74
score_q90,low_is_2.6,0.8406789355220283,0.3272727272727273,0.5,0.24324324324324326,0.7567567567567568,0.5,0.5,9,9,28,28,74
score_q90,high_is_2.6,0.9995272395963721,0.3214285714285714,0.47368421052631576,0.24324324324324326,0.7297297297297297,0.4864864864864865,0.4864864864864865,9,10,27,28,74
score_q90,high_is_2.6,0.9994020771030241,0.3157894736842105,0.45,0.24324324324324326,0.7027027027027027,0.47297297297297297,0.472972972972973,9,11,26,28,74
score_q90,high_is_2.6,0.9996312286435605,0.3076923076923077,0.5333333333333333,0.21621621621621623,0.8108108108108109,0.5135135135135135,0.5135135135135136,8,7,30,29,74
score_q90,high_is_2.6,0.9995938070691086,0.3018867924528302,0.5,0.21621621621621623,0.7837837837837838,0.5,0.5,8,8,29,29,74
score_q90,low_is_2.6,0.7884978016716022,0.3018867924528302,0.5,0.21621621621621623,0.7837837837837838,0.5,0.5,8,8,29,29,74
score_q90,high_is_2.6,0.9995795274467605,0.29629629629629634,0.47058823529411764,0.21621621621621623,0.7567567567567568,0.4864864864864865,0.4864864864864865,8,9,28,29,74
score_q90,low_is_2.6,0.8172297230660884,0.29629629629629634,0.47058823529411764,0.21621621621621623,0.7567567567567568,0.4864864864864865,0.4864864864864865,8,9,28,29,74
score_q90,high_is_2.6,0.9996921885311466,0.28,0.5384615384615384,0.1891891891891892,0.8378378378378378,0.5135135135135135,0.5135135135135135,7,6,31,30,74
score_q90,high_is_2.6,0.9996656467578955,0.2745098039215686,0.5,0.1891891891891892,0.8108108108108109,0.5,0.5,7,7,30,30,74
score_q90,low_is_2.6,0.7625816874374038,0.2692307692307693,0.4666666666666667,0.1891891891891892,0.7837837837837838,0.4864864864864865,0.4864864864864865,7,8,29,30,74
score_q90,high_is_2.6,0.9999237152385569,0.26086956521739135,0.6666666666666666,0.16216216216216217,0.918918918918919,0.5405405405405406,0.5405405405405406,6,3,34,31,74
score_q90,high_is_2.6,0.9998920524623801,0.25531914893617025,0.6,0.16216216216216217,0.8918918918918919,0.527027027027027,0.527027027027027,6,4,33,31,74
score_q90,high_is_2.6,0.999855018532936,0.25,0.5454545454545454,0.16216216216216217,0.8648648648648649,0.5135135135135135,0.5135135135135136,6,5,32,31,74
score_q90,high_is_2.6,0.9997795539598925,0.2448979591836735,0.5,0.16216216216216217,0.8378378378378378,0.5,0.5,6,6,31,31,74
score_q90,low_is_2.6,0.7415996813317753,0.23529411764705885,0.42857142857142855,0.16216216216216217,0.7837837837837838,0.47297297297297297,0.47297297297297297,6,8,29,31,74
score_q90,high_is_2.6,0.9999334437232535,0.22222222222222224,0.625,0.13513513513513514,0.918918918918919,0.527027027027027,0.5270270270270271,5,3,34,32,74
score_q90,low_is_2.6,0.6125260775647684,0.20833333333333334,0.45454545454545453,0.13513513513513514,0.8378378378378378,0.4864864864864865,0.4864864864864865,5,6,31,32,74
score_q90,low_is_2.6,0.659326985931088,0.20408163265306126,0.4166666666666667,0.13513513513513514,0.8108108108108109,0.47297297297297297,0.472972972972973,5,7,30,32,74
score_q90,low_is_2.6,0.7072572968334476,0.2,0.38461538461538464,0.13513513513513514,0.7837837837837838,0.4594594594594595,0.45945945945945943,5,8,29,32,74
score_q90,high_is_2.6,0.9999582930525801,0.18604651162790697,0.6666666666666666,0.10810810810810811,0.9459459459459459,0.527027027027027,0.527027027027027,4,2,35,33,74
score_q90,high_is_2.6,0.9999434925823734,0.18181818181818182,0.5714285714285714,0.10810810810810811,0.918918918918919,0.5135135135135135,0.5135135135135136,4,3,34,33,74
score_q90,low_is_2.6,0.3949122233179182,0.17777777777777778,0.5,0.10810810810810811,0.8918918918918919,0.5,0.5,4,4,33,33,74
score_q90,low_is_2.6,0.45614191446827895,0.17391304347826086,0.4444444444444444,0.10810810810810811,0.8648648648648649,0.4864864864864865,0.4864864864864865,4,5,32,33,74
score_q90,low_is_2.6,0.5427885194840196,0.1702127659574468,0.4,0.10810810810810811,0.8378378378378378,0.47297297297297297,0.47297297297297297,4,6,31,33,74
score_q90,low_is_2.6,0.2510013767179655,0.15,1.0,0.08108108108108109,1.0,0.5405405405405406,0.5405405405405406,3,0,37,34,74
score_q90,low_is_2.6,0.2849819350234656,0.14634146341463414,0.75,0.08108108108108109,0.972972972972973,0.527027027027027,0.5270270270270271,3,1,36,34,74
score_q90,high_is_2.6,0.9999657626574054,0.14285714285714288,0.6,0.08108108108108109,0.9459459459459459,0.5135135135135135,0.5135135135135135,3,2,35,34,74
score_q90,low_is_2.6,0.3255931001279887,0.14285714285714288,0.6,0.08108108108108109,0.9459459459459459,0.5135135135135135,0.5135135135135135,3,2,35,34,74
score_q90,low_is_2.6,0.363360851923561,0.13953488372093023,0.5,0.08108108108108109,0.918918918918919,0.5,0.5,3,3,34,34,74
score_q90,low_is_2.6,0.3718687456255475,0.13636363636363638,0.42857142857142855,0.08108108108108109,0.8918918918918919,0.4864864864864865,0.4864864864864865,3,4,33,34,74
score_q90,low_is_2.6,0.15144642491613156,0.10256410256410257,1.0,0.05405405405405406,1.0,0.527027027027027,0.527027027027027,2,0,37,35,74
score_q90,high_is_2.6,0.9999908071190158,0.1,0.6666666666666666,0.05405405405405406,0.972972972972973,0.5135135135135135,0.5135135135135136,2,1,36,35,74
score_q90,high_is_2.6,0.9999766818148622,0.0975609756097561,0.5,0.05405405405405406,0.9459459459459459,0.5,0.5,2,2,35,35,74
score_q90,high_is_2.6,0.9999984542599003,0.052631578947368425,1.0,0.02702702702702703,1.0,0.5135135135135135,0.5135135135135135,1,0,37,36,74
score_q90,high_is_2.6,0.9999998749972462,0.052631578947368425,1.0,0.02702702702702703,1.0,0.5135135135135135,0.5135135135135135,1,0,37,36,74
score_q90,low_is_2.6,0.02741177331932729,0.052631578947368425,1.0,0.02702702702702703,1.0,0.5135135135135135,0.5135135135135135,1,0,37,36,74
score_q90,low_is_2.6,0.05380222274019613,0.052631578947368425,1.0,0.02702702702702703,1.0,0.5135135135135135,0.5135135135135135,1,0,37,36,74
score_q90,high_is_2.6,0.999996092893663,0.05128205128205129,0.5,0.02702702702702703,0.972972972972973,0.5,0.5,1,1,36,36,74
score_std,high_is_2.6,0.1753346689296795,0.6666666666666666,0.5,1.0,0.0,0.5,0.5,37,37,0,0,74
score_std,low_is_2.6,0.4668277139898883,0.6666666666666666,0.5,1.0,0.0,0.5,0.5,37,37,0,0,74
score_std,high_is_2.6,0.27002173450967093,0.6666666666666665,0.5147058823529411,0.9459459459459459,0.10810810810810811,0.527027027027027,0.527027027027027,35,33,4,2,74
score_std,high_is_2.6,0.25356890705587454,0.6605504587155964,0.5,0.972972972972973,0.02702702702702703,0.5,0.5,36,36,1,1,74
score_std,low_is_2.6,0.4481186697079462,0.6605504587155964,0.5,0.972972972972973,0.02702702702702703,0.5,0.5,36,36,1,1,74
score_std,high_is_2.6,0.26600505520691525,0.660377358490566,0.5072463768115942,0.9459459459459459,0.08108108108108109,0.5135135135135135,0.5135135135135135,35,34,3,2,74
score_std,high_is_2.6,0.2780222964798751,0.6601941747572816,0.5151515151515151,0.918918918918919,0.13513513513513514,0.527027027027027,0.5270270270270271,34,32,5,3,74
score_std,high_is_2.6,0.2927580073427503,0.6599999999999999,0.5238095238095238,0.8918918918918919,0.1891891891891892,0.5405405405405406,0.5405405405405406,33,30,7,4,74
score_std,high_is_2.6,0.21364193188509362,0.6545454545454545,0.4931506849315068,0.972972972972973,0.0,0.4864864864864865,0.4864864864864865,36,37,0,1,74
score_std,low_is_2.6,0.459675397196961,0.6545454545454545,0.4931506849315068,0.972972972972973,0.0,0.4864864864864865,0.4864864864864865,36,37,0,1,74
score_std,high_is_2.6,0.2607349542615752,0.6542056074766355,0.5,0.9459459459459459,0.05405405405405406,0.5,0.5,35,35,2,2,74
score_std,low_is_2.6,0.4426413765498455,0.6542056074766355,0.5,0.9459459459459459,0.05405405405405406,0.5,0.5,35,35,2,2,74
score_std,high_is_2.6,0.2730894121674581,0.6538461538461539,0.5074626865671642,0.918918918918919,0.10810810810810811,0.5135135135135135,0.5135135135135136,34,33,4,3,74
score_std,high_is_2.6,0.2868397890923206,0.6534653465346535,0.515625,0.8918918918918919,0.16216216216216217,0.527027027027027,0.527027027027027,33,31,6,4,74
score_std,high_is_2.6,0.30061185421801817,0.6530612244897959,0.5245901639344263,0.8648648648648649,0.21621621621621623,0.5405405405405406,0.5405405405405406,32,29,8,5,74
score_std,high_is_2.6,0.25659526519629344,0.6481481481481483,0.49295774647887325,0.9459459459459459,0.02702702702702703,0.4864864864864865,0.4864864864864865,35,36,1,2,74
score_std,low_is_2.6,0.4435629891534789,0.6481481481481483,0.49295774647887325,0.9459459459459459,0.02702702702702703,0.4864864864864865,0.4864864864864865,35,36,1,2,74
score_std,low_is_2.6,0.4366979055026315,0.6476190476190476,0.5,0.918918918918919,0.08108108108108109,0.5,0.5,34,34,3,3,74
score_std,high_is_2.6,0.2817660170050649,0.6470588235294117,0.5076923076923077,0.8918918918918919,0.13513513513513514,0.5135135135135135,0.5135135135135135,33,32,5,4,74
score_std,low_is_2.6,0.4336337273235152,0.6470588235294117,0.5076923076923077,0.8918918918918919,0.13513513513513514,0.5135135135135135,0.5135135135135135,33,32,5,4,74
score_std,high_is_2.6,0.2972201697710317,0.6464646464646465,0.5161290322580645,0.8648648648648649,0.1891891891891892,0.527027027027027,0.5270270270270271,32,30,7,5,74
score_std,low_is_2.6,0.4394283400448513,0.6415094339622641,0.4927536231884058,0.918918918918919,0.05405405405405406,0.4864864864864865,0.4864864864864865,34,35,2,3,74
score_std,low_is_2.6,0.4354513726306259,0.6407766990291263,0.5,0.8918918918918919,0.10810810810810811,0.5,0.5,33,33,4,4,74
score_std,low_is_2.6,0.4277758327190657,0.64,0.5079365079365079,0.8648648648648649,0.16216216216216217,0.5135135135135135,0.5135135135135136,32,31,6,5,74
score_std,high_is_2.6,0.30460253633800016,0.6391752577319588,0.5166666666666667,0.8378378378378378,0.21621621621621623,0.527027027027027,0.527027027027027,31,29,8,6,74
score_std,low_is_2.6,0.4361598209720512,0.6346153846153846,0.4925373134328358,0.8918918918918919,0.08108108108108109,0.4864864864864865,0.4864864864864865,33,34,3,4,74
score_std,low_is_2.6,0.4315930174393895,0.6336633663366337,0.5,0.8648648648648649,0.13513513513513514,0.5,0.5,32,32,5,5,74
score_std,high_is_2.6,0.3257668604113598,0.6292134831460674,0.5384615384615384,0.7567567567567568,0.35135135135135137,0.5540540540540541,0.5540540540540541,28,24,13,9,74
score_std,low_is_2.6,0.4241111735325194,0.6262626262626263,0.5,0.8378378378378378,0.16216216216216217,0.5,0.5,31,31,6,6,74
score_std,high_is_2.6,0.30915306528175784,0.6249999999999999,0.5084745762711864,0.8108108108108109,0.21621621621621623,0.5135135135135135,0.5135135135135136,30,29,8,7,74
score_std,low_is_2.6,0.42093641258593695,0.6249999999999999,0.5084745762711864,0.8108108108108109,0.21621621621621623,0.5135135135135135,0.5135135135135136,30,29,8,7,74
score_std,high_is_2.6,0.3208442070533749,0.6222222222222221,0.5283018867924528,0.7567567567567568,0.32432432432432434,0.5405405405405406,0.5405405405405406,28,25,12,9,74
score_std,low_is_2.6,0.4220382319849809,0.6185567010309277,0.5,0.8108108108108109,0.1891891891891892,0.5,0.5,30,30,7,7,74
score_std,high_is_2.6,0.3135045624867472,0.6170212765957447,0.5087719298245614,0.7837837837837838,0.24324324324324326,0.5135135135135135,0.5135135135135135,29,28,9,8,74
score_std,high_is_2.6,0.31785441878357146,0.6153846153846154,0.5185185185185185,0.7567567567567568,0.2972972972972973,0.527027027027027,0.5270270270270271,28,26,11,9,74
score_std,high_is_2.6,0.3287300815165989,0.6136363636363636,0.5294117647058824,0.7297297297297297,0.35135135135135137,0.5405405405405406,0.5405405405405406,27,24,13,10,74
score_std,low_is_2.6,0.42297994699105457,0.6122448979591837,0.4918032786885246,0.8108108108108109,0.16216216216216217,0.4864864864864865,0.4864864864864865,30,31,6,7,74
score_std,high_is_2.6,0.33335574810289825,0.611764705882353,0.5416666666666666,0.7027027027027027,0.40540540540540543,0.5540540540540541,0.5540540540540541,26,22,15,11,74
score_std,high_is_2.6,0.31090049788621665,0.6105263157894737,0.5,0.7837837837837838,0.21621621621621623,0.5,0.5,29,29,8,8,74
score_std,low_is_2.6,0.41990094819929474,0.6105263157894737,0.5,0.7837837837837838,0.21621621621621623,0.5,0.5,29,29,8,8,74
score_std,high_is_2.6,0.31730906895804245,0.608695652173913,0.509090909090909,0.7567567567567568,0.2702702702702703,0.5135135135135135,0.5135135135135136,28,27,10,9,74
score_std,high_is_2.6,0.3322978031700239,0.6046511627906977,0.5306122448979592,0.7027027027027027,0.3783783783783784,0.5405405405405406,0.5405405405405406,26,23,14,11,74
score_std,high_is_2.6,0.3416162063015881,0.6024096385542168,0.5434782608695652,0.6756756756756757,0.43243243243243246,0.5540540540540541,0.5540540540540541,25,21,16,12,74
score_std,high_is_2.6,0.31598193041375733,0.6021505376344086,0.5,0.7567567567567568,0.24324324324324326,0.5,0.5,28,28,9,9,74
score_std,low_is_2.6,0.41929445431194634,0.6021505376344086,0.5,0.7567567567567568,0.24324324324324326,0.5,0.5,28,28,9,9,74
score_std,high_is_2.6,0.33059044395289805,0.5977011494252874,0.52,0.7027027027027027,0.35135135135135137,0.527027027027027,0.5270270270270271,26,24,13,11,74
score_std,low_is_2.6,0.4195458486430571,0.5957446808510638,0.49122807017543857,0.7567567567567568,0.21621621621621623,0.4864864864864865,0.4864864864864865,28,29,8,9,74
score_std,high_is_2.6,0.3366877497139984,0.5952380952380952,0.5319148936170213,0.6756756756756757,0.40540540540540543,0.5405405405405406,0.5405405405405406,25,22,15,12,74
score_std,low_is_2.6,0.41486270366578654,0.5934065934065933,0.5,0.7297297297297297,0.2702702702702703,0.5,0.5,27,27,10,10,74
score_std,low_is_2.6,0.4178297527326233,0.5869565217391305,0.4909090909090909,0.7297297297297297,0.24324324324324326,0.4864864864864865,0.4864864864864865,27,28,9,10,74
score_std,high_is_2.6,0.3438966014227212,0.5853658536585367,0.5333333333333333,0.6486486486486487,0.43243243243243246,0.5405405405405406,0.5405405405405406,24,21,16,13,74
score_std,low_is_2.6,0.412402479378502,0.5777777777777777,0.49056603773584906,0.7027027027027027,0.2702702702702703,0.4864864864864865,0.4864864864864865,26,27,10,11,74
score_std,high_is_2.6,0.34452008547734353,0.5679012345679012,0.5227272727272727,0.6216216216216216,0.43243243243243246,0.527027027027027,0.527027027027027,23,21,16,14,74
score_std,high_is_2.6,0.3527334874794486,0.5641025641025641,0.5365853658536586,0.5945945945945946,0.4864864864864865,0.5405405405405406,0.5405405405405406,22,19,18,15,74
score_std,low_is_2.6,0.40328113789518377,0.5617977528089887,0.4807692307692308,0.6756756756756757,0.2702702702702703,0.47297297297297297,0.47297297297297297,25,27,10,12,74
score_std,high_is_2.6,0.3577293204753642,0.5599999999999999,0.5526315789473685,0.5675675675675675,0.5405405405405406,0.5540540540540541,0.5540540540540541,21,17,20,16,74
score_std,high_is_2.6,0.35114525174055355,0.5569620253164557,0.5238095238095238,0.5945945945945946,0.4594594594594595,0.527027027027027,0.5270270270270271,22,20,17,15,74
score_std,high_is_2.6,0.35740168958605734,0.5526315789473685,0.5384615384615384,0.5675675675675675,0.5135135135135135,0.5405405405405406,0.5405405405405406,21,18,19,16,74
score_std,high_is_2.6,0.34721172274963863,0.55,0.5116279069767442,0.5945945945945946,0.43243243243243246,0.5135135135135135,0.5135135135135136,22,21,16,15,74
score_std,high_is_2.6,0.3551122495352259,0.5454545454545455,0.525,0.5675675675675675,0.4864864864864865,0.527027027027027,0.527027027027027,21,19,18,16,74
score_std,low_is_2.6,0.3932702302080057,0.5454545454545454,0.47058823529411764,0.6486486486486487,0.2702702702702703,0.4594594594594595,0.4594594594594595,24,27,10,13,74
score_std,low_is_2.6,0.38630140972352917,0.5411764705882353,0.4791666666666667,0.6216216216216216,0.32432432432432434,0.47297297297297297,0.47297297297297297,23,25,12,14,74
score_std,high_is_2.6,0.3599038947897233,0.5405405405405406,0.5405405405405406,0.5405405405405406,0.5405405405405406,0.5405405405405406,0.5405405405405406,20,17,20,17,74
score_std,low_is_2.6,0.3887606262369297,0.5348837209302325,0.46938775510204084,0.6216216216216216,0.2972972972972973,0.4594594594594595,0.45945945945945943,23,26,11,14,74
score_std,low_is_2.6,0.37668035769712177,0.5316455696202531,0.5,0.5675675675675675,0.43243243243243246,0.5,0.5,21,21,16,16,74
score_std,low_is_2.6,0.3912811154527981,0.5287356321839081,0.46,0.6216216216216216,0.2702702702702703,0.44594594594594594,0.44594594594594594,23,27,10,14,74
score_std,low_is_2.6,0.3774747708583617,0.525,0.4883720930232558,0.5675675675675675,0.40540540540540543,0.4864864864864865,0.4864864864864865,21,22,15,16,74
score_std,low_is_2.6,0.3842122427220585,0.5238095238095238,0.46808510638297873,0.5945945945945946,0.32432432432432434,0.4594594594594595,0.4594594594594595,22,25,12,15,74
score_std,high_is_2.6,0.3644679841412425,0.5205479452054794,0.5277777777777778,0.5135135135135135,0.5405405405405406,0.527027027027027,0.527027027027027,19,17,20,18,74
score_std,low_is_2.6,0.37260730466462644,0.5194805194805195,0.5,0.5405405405405406,0.4594594594594595,0.5,0.5,20,20,17,17,74
score_std,low_is_2.6,0.37811589585159855,0.5185185185185185,0.4772727272727273,0.5675675675675675,0.3783783783783784,0.47297297297297297,0.47297297297297297,21,23,14,16,74
score_std,low_is_2.6,0.374693897334601,0.5128205128205128,0.4878048780487805,0.5405405405405406,0.43243243243243246,0.4864864864864865,0.4864864864864865,20,21,16,17,74
score_std,low_is_2.6,0.378811138626192,0.5121951219512195,0.4666666666666667,0.5675675675675675,0.35135135135135137,0.4594594594594595,0.45945945945945943,21,24,13,16,74
score_std,low_is_2.6,0.3808413867547206,0.506024096385542,0.45652173913043476,0.5675675675675675,0.32432432432432434,0.44594594594594594,0.44594594594594594,21,25,12,16,74
score_std,high_is_2.6,0.3696561067977243,0.5,0.5142857142857142,0.4864864864864865,0.5405405405405406,0.5135135135135135,0.5135135135135136,18,17,20,19,74
score_std,low_is_2.6,0.3696561067977243,0.5,0.48717948717948717,0.5135135135135135,0.4594594594594595,0.4864864864864865,0.4864864864864865,19,20,17,18,74
score_std,high_is_2.6,0.3808413867547206,0.49230769230769234,0.5714285714285714,0.43243243243243246,0.6756756756756757,0.5540540540540541,0.5540540540540541,16,12,25,21,74
score_std,high_is_2.6,0.374693897334601,0.48571428571428577,0.5151515151515151,0.4594594594594595,0.5675675675675675,0.5135135135135135,0.5135135135135135,17,16,21,20,74
score_std,high_is_2.6,0.378811138626192,0.48484848484848486,0.5517241379310345,0.43243243243243246,0.6486486486486487,0.5405405405405406,0.5405405405405406,16,13,24,21,74
score_std,low_is_2.6,0.3644679841412425,0.4799999999999999,0.47368421052631576,0.4864864864864865,0.4594594594594595,0.47297297297297297,0.472972972972973,18,20,17,19,74
score_std,high_is_2.6,0.37260730466462644,0.47887323943661975,0.5,0.4594594594594595,0.5405405405405406,0.5,0.5,17,17,20,20,74
score_std,high_is_2.6,0.37811589585159855,0.47761194029850745,0.5333333333333333,0.43243243243243246,0.6216216216216216,0.527027027027027,0.527027027027027,16,14,23,21,74
score_std,high_is_2.6,0.3774747708583617,0.47058823529411764,0.5161290322580645,0.43243243243243246,0.5945945945945946,0.5135135135135135,0.5135135135135136,16,15,22,21,74
score_std,high_is_2.6,0.3842122427220585,0.46875,0.5555555555555556,0.40540540540540543,0.6756756756756757,0.5405405405405406,0.5405405405405406,15,12,25,22,74
score_std,high_is_2.6,0.37668035769712177,0.463768115942029,0.5,0.43243243243243246,0.5675675675675675,0.5,0.5,16,16,21,21,74
score_std,low_is_2.6,0.3599038947897233,0.4594594594594595,0.4594594594594595,0.4594594594594595,0.4594594594594595,0.4594594594594595,0.4594594594594595,17,20,17,20,74
score_std,high_is_2.6,0.3912811154527981,0.45901639344262296,0.5833333333333334,0.3783783783783784,0.7297297297297297,0.5540540540540541,0.5540540540540541,14,10,27,23,74
score_std,high_is_2.6,0.3887606262369297,0.4516129032258065,0.56,0.3783783783783784,0.7027027027027027,0.5405405405405406,0.5405405405405406,14,11,26,23,74
score_std,low_is_2.6,0.3551122495352259,0.4507042253521127,0.47058823529411764,0.43243243243243246,0.5135135135135135,0.47297297297297297,0.47297297297297297,16,18,19,21,74
score_std,high_is_2.6,0.38630140972352917,0.4444444444444445,0.5384615384615384,0.3783783783783784,0.6756756756756757,0.527027027027027,0.527027027027027,14,12,25,23,74
score_std,low_is_2.6,0.35740168958605734,0.4444444444444445,0.45714285714285713,0.43243243243243246,0.4864864864864865,0.4594594594594595,0.4594594594594595,16,19,18,21,74
score_std,low_is_2.6,0.34721172274963863,0.4411764705882353,0.4838709677419355,0.40540540540540543,0.5675675675675675,0.4864864864864865,0.4864864864864865,15,16,21,22,74
score_std,low_is_2.6,0.3577293204753642,0.4383561643835616,0.4444444444444444,0.43243243243243246,0.4594594594594595,0.44594594594594594,0.44594594594594594,16,20,17,21,74
score_std,low_is_2.6,0.35114525174055355,0.43478260869565216,0.46875,0.40540540540540543,0.5405405405405406,0.47297297297297297,0.472972972972973,15,17,20,22,74
score_std,high_is_2.6,0.3932702302080057,0.43333333333333335,0.5652173913043478,0.35135135135135137,0.7297297297297297,0.5405405405405406,0.5405405405405406,13,10,27,24,74
score_std,low_is_2.6,0.3527334874794486,0.42857142857142855,0.45454545454545453,0.40540540540540543,0.5135135135135135,0.4594594594594595,0.45945945945945943,15,18,19,22,74
score_std,low_is_2.6,0.34452008547734353,0.417910447761194,0.4666666666666667,0.3783783783783784,0.5675675675675675,0.47297297297297297,0.47297297297297297,14,16,21,23,74
score_std,high_is_2.6,0.40328113789518377,0.4067796610169491,0.5454545454545454,0.32432432432432434,0.7297297297297297,0.527027027027027,0.527027027027027,12,10,27,25,74
score_std,low_is_2.6,0.3438966014227212,0.393939393939394,0.4482758620689655,0.35135135135135137,0.5675675675675675,0.4594594594594595,0.45945945945945943,13,16,21,24,74
score_std,high_is_2.6,0.412402479378502,0.37931034482758624,0.5238095238095238,0.2972972972972973,0.7297297297297297,0.5135135135135135,0.5135135135135135,11,10,27,26,74
score_std,low_is_2.6,0.3366877497139984,0.375,0.4444444444444444,0.32432432432432434,0.5945945945945946,0.4594594594594595,0.4594594594594595,12,15,22,25,74
score_std,low_is_2.6,0.3416162063015881,0.3692307692307692,0.42857142857142855,0.32432432432432434,0.5675675675675675,0.44594594594594594,0.44594594594594594,12,16,21,25,74
score_std,low_is_2.6,0.33059044395289805,0.36065573770491804,0.4583333333333333,0.2972972972972973,0.6486486486486487,0.47297297297297297,0.472972972972973,11,13,24,26,74
score_std,high_is_2.6,0.4178297527326233,0.35714285714285715,0.5263157894736842,0.2702702702702703,0.7567567567567568,0.5135135135135135,0.5135135135135136,10,9,28,27,74
score_std,low_is_2.6,0.3322978031700239,0.3548387096774193,0.44,0.2972972972972973,0.6216216216216216,0.4594594594594595,0.45945945945945943,11,14,23,26,74
score_std,high_is_2.6,0.41486270366578654,0.3508771929824562,0.5,0.2702702702702703,0.7297297297297297,0.5,0.5,10,10,27,27,74
score_std,low_is_2.6,0.33335574810289825,0.34920634920634924,0.4230769230769231,0.2972972972972973,0.5945945945945946,0.44594594594594594,0.44594594594594594,11,15,22,26,74
score_std,high_is_2.6,0.4195458486430571,0.33333333333333337,0.5294117647058824,0.24324324324324326,0.7837837837837838,0.5135135135135135,0.5135135135135135,9,8,29,28,74
score_std,low_is_2.6,0.3287300815165989,0.3333333333333333,0.43478260869565216,0.2702702702702703,0.6486486486486487,0.4594594594594595,0.4594594594594595,10,13,24,27,74
score_std,high_is_2.6,0.41929445431194634,0.3272727272727273,0.5,0.24324324324324326,0.7567567567567568,0.5,0.5,9,9,28,28,74
score_std,low_is_2.6,0.31598193041375733,0.3272727272727273,0.5,0.24324324324324326,0.7567567567567568,0.5,0.5,9,9,28,28,74
score_std,low_is_2.6,0.31730906895804245,0.3214285714285714,0.47368421052631576,0.24324324324324326,0.7297297297297297,0.4864864864864865,0.4864864864864865,9,10,27,28,74
score_std,low_is_2.6,0.31785441878357146,0.3157894736842105,0.45,0.24324324324324326,0.7027027027027027,0.47297297297297297,0.472972972972973,9,11,26,28,74
score_std,low_is_2.6,0.3208442070533749,0.3103448275862069,0.42857142857142855,0.24324324324324326,0.6756756756756757,0.4594594594594595,0.45945945945945943,9,12,25,28,74
score_std,low_is_2.6,0.3257668604113598,0.3050847457627119,0.4090909090909091,0.24324324324324326,0.6486486486486487,0.44594594594594594,0.44594594594594594,9,13,24,28,74
score_std,high_is_2.6,0.41990094819929474,0.3018867924528302,0.5,0.21621621621621623,0.7837837837837838,0.5,0.5,8,8,29,29,74
score_std,low_is_2.6,0.31090049788621665,0.3018867924528302,0.5,0.21621621621621623,0.7837837837837838,0.5,0.5,8,8,29,29,74
score_std,low_is_2.6,0.3135045624867472,0.29629629629629634,0.47058823529411764,0.21621621621621623,0.7567567567567568,0.4864864864864865,0.4864864864864865,8,9,28,29,74
score_std,high_is_2.6,0.42297994699105457,0.28,0.5384615384615384,0.1891891891891892,0.8378378378378378,0.5135135135135135,0.5135135135135135,7,6,31,30,74
score_std,high_is_2.6,0.4220382319849809,0.2745098039215686,0.5,0.1891891891891892,0.8108108108108109,0.5,0.5,7,7,30,30,74
score_std,high_is_2.6,0.42093641258593695,0.2692307692307693,0.4666666666666667,0.1891891891891892,0.7837837837837838,0.4864864864864865,0.4864864864864865,7,8,29,30,74
score_std,low_is_2.6,0.30915306528175784,0.2692307692307693,0.4666666666666667,0.1891891891891892,0.7837837837837838,0.4864864864864865,0.4864864864864865,7,8,29,30,74
score_std,high_is_2.6,0.4241111735325194,0.2448979591836735,0.5,0.16216216216216217,0.8378378378378378,0.5,0.5,6,6,31,31,74
score_std,low_is_2.6,0.30460253633800016,0.23529411764705885,0.42857142857142855,0.16216216216216217,0.7837837837837838,0.47297297297297297,0.47297297297297297,6,8,29,31,74
score_std,high_is_2.6,0.4315930174393895,0.21276595744680854,0.5,0.13513513513513514,0.8648648648648649,0.5,0.5,5,5,32,32,74
score_std,high_is_2.6,0.4277758327190657,0.20833333333333334,0.45454545454545453,0.13513513513513514,0.8378378378378378,0.4864864864864865,0.4864864864864865,5,6,31,32,74
score_std,low_is_2.6,0.2972201697710317,0.20408163265306126,0.4166666666666667,0.13513513513513514,0.8108108108108109,0.47297297297297297,0.472972972972973,5,7,30,32,74
score_std,low_is_2.6,0.30061185421801817,0.2,0.38461538461538464,0.13513513513513514,0.7837837837837838,0.4594594594594595,0.45945945945945943,5,8,29,32,74
score_std,high_is_2.6,0.4361598209720512,0.18181818181818182,0.5714285714285714,0.10810810810810811,0.918918918918919,0.5135135135135135,0.5135135135135136,4,3,34,33,74
score_std,high_is_2.6,0.4354513726306259,0.17777777777777778,0.5,0.10810810810810811,0.8918918918918919,0.5,0.5,4,4,33,33,74
score_std,high_is_2.6,0.4336337273235152,0.17391304347826086,0.4444444444444444,0.10810810810810811,0.8648648648648649,0.4864864864864865,0.4864864864864865,4,5,32,33,74
score_std,low_is_2.6,0.2817660170050649,0.17391304347826086,0.4444444444444444,0.10810810810810811,0.8648648648648649,0.4864864864864865,0.4864864864864865,4,5,32,33,74
score_std,low_is_2.6,0.2868397890923206,0.1702127659574468,0.4,0.10810810810810811,0.8378378378378378,0.47297297297297297,0.47297297297297297,4,6,31,33,74
score_std,low_is_2.6,0.2927580073427503,0.16666666666666669,0.36363636363636365,0.10810810810810811,0.8108108108108109,0.4594594594594595,0.4594594594594595,4,7,30,33,74
score_std,high_is_2.6,0.4394283400448513,0.14285714285714288,0.6,0.08108108108108109,0.9459459459459459,0.5135135135135135,0.5135135135135135,3,2,35,34,74
score_std,high_is_2.6,0.4366979055026315,0.13953488372093023,0.5,0.08108108108108109,0.918918918918919,0.5,0.5,3,3,34,34,74
score_std,low_is_2.6,0.2730894121674581,0.13636363636363638,0.42857142857142855,0.08108108108108109,0.8918918918918919,0.4864864864864865,0.4864864864864865,3,4,33,34,74
score_std,low_is_2.6,0.2780222964798751,0.13333333333333333,0.375,0.08108108108108109,0.8648648648648649,0.47297297297297297,0.472972972972973,3,5,32,34,74
score_std,high_is_2.6,0.4435629891534789,0.1,0.6666666666666666,0.05405405405405406,0.972972972972973,0.5135135135135135,0.5135135135135136,2,1,36,35,74
score_std,low_is_2.6,0.25659526519629344,0.1,0.6666666666666666,0.05405405405405406,0.972972972972973,0.5135135135135135,0.5135135135135136,2,1,36,35,74
score_std,high_is_2.6,0.4426413765498455,0.0975609756097561,0.5,0.05405405405405406,0.9459459459459459,0.5,0.5,2,2,35,35,74
score_std,low_is_2.6,0.2607349542615752,0.0975609756097561,0.5,0.05405405405405406,0.9459459459459459,0.5,0.5,2,2,35,35,74
score_std,low_is_2.6,0.26600505520691525,0.09523809523809523,0.4,0.05405405405405406,0.918918918918919,0.4864864864864865,0.4864864864864865,2,3,34,35,74
score_std,low_is_2.6,0.27002173450967093,0.09302325581395349,0.3333333333333333,0.05405405405405406,0.8918918918918919,0.47297297297297297,0.47297297297297297,2,4,33,35,74
score_std,high_is_2.6,0.459675397196961,0.052631578947368425,1.0,0.02702702702702703,1.0,0.5135135135135135,0.5135135135135135,1,0,37,36,74
score_std,high_is_2.6,0.4668277139898883,0.052631578947368425,1.0,0.02702702702702703,1.0,0.5135135135135135,0.5135135135135135,1,0,37,36,74
score_std,low_is_2.6,0.1753346689296795,0.052631578947368425,1.0,0.02702702702702703,1.0,0.5135135135135135,0.5135135135135135,1,0,37,36,74
score_std,low_is_2.6,0.21364193188509362,0.052631578947368425,1.0,0.02702702702702703,1.0,0.5135135135135135,0.5135135135135135,1,0,37,36,74
score_std,high_is_2.6,0.4481186697079462,0.05128205128205129,0.5,0.02702702702702703,0.972972972972973,0.5,0.5,1,1,36,36,74
score_std,low_is_2.6,0.25356890705587454,0.05128205128205129,0.5,0.02702702702702703,0.972972972972973,0.5,0.5,1,1,36,36,74
