c2_coding_low05_rate,c2_low05_rate,c2_low_turn_avg_output_items,c2_low_turn_count,c2_max_low_run,c2_num_turns,c2_programmer_low05_rate,c2_repetition_symptom_score,c2_reviewmod_low05_rate,c2_score_std,consistency_score_file_iqr,consistency_score_file_max,consistency_score_file_mean,consistency_score_file_median,consistency_score_file_min,consistency_score_file_q10,consistency_score_file_q25,consistency_score_file_q75,consistency_score_file_std,entropy_normalized,failure_sensitive_score,file_name,high_density_score_0_8,high_low_gap_0_6_0_2,high_low_gap_0_6_0_3,high_low_gap_0_6_0_4,high_low_gap_0_7_0_2,high_low_gap_0_7_0_3,high_low_gap_0_7_0_4,high_low_gap_0_7_0_5,high_low_gap_0_8_0_2,high_low_gap_0_8_0_3,high_low_gap_0_8_0_4,high_low_gap_0_8_0_5,high_low_gap_0_9_0_3,high_low_gap_0_9_0_4,high_low_gap_0_9_0_5,high_low_half_penalty_0_6_0_2,high_low_half_penalty_0_6_0_3,high_low_half_penalty_0_6_0_4,high_low_half_penalty_0_7_0_2,high_low_half_penalty_0_7_0_3,high_low_half_penalty_0_7_0_4,high_low_half_penalty_0_7_0_5,high_low_half_penalty_0_8_0_2,high_low_half_penalty_0_8_0_3,high_low_half_penalty_0_8_0_4,high_low_half_penalty_0_8_0_5,high_low_half_penalty_0_9_0_3,high_low_half_penalty_0_9_0_4,high_low_half_penalty_0_9_0_5,high_low_ratio_0_8_over_0_2,high_low_ratio_0_8_over_0_2_smoothed,high_score_rate_0_1,high_score_rate_0_2,high_score_rate_0_3,high_score_rate_0_4,high_score_rate_0_5,high_score_rate_0_6,high_score_rate_0_7,high_score_rate_0_8,high_score_rate_0_9,label,low_score_rate_0_1,low_score_rate_0_2,low_score_rate_0_3,low_score_rate_0_4,low_score_rate_0_5,low_score_rate_0_6,low_score_rate_0_7,low_score_rate_0_8,low_score_rate_0_9,low_tail_penalty_score,mean_minus_std_score,num_phases,num_roles,num_turns,raw_labels,source_files,strict_high_low_gap_0_9_0_5,user_demand,worst_phase,worst_role,worst_score,worst_turn
1.0,0.42857142857142855,5.166666666666667,6.0,2.0,14.0,0.2,-0.2090033401487231,0.0,0.3636710995419353,0.5458156153242906,0.9999951955192778,0.5801630974968982,0.642776616899521,0.004070137939983506,0.004856951937253171,0.3519698104895717,0.8977854258138622,0.3636710995419353,0.8932941324021463,0.4073352096298237,ChatDev_ProgramDev2_GPT4o_0_scored.json,0.24864132749867066,0.3571428571428571,0.3571428571428571,0.2857142857142857,0.21428571428571427,0.21428571428571427,0.14285714285714285,0.0,0.21428571428571427,0.21428571428571427,0.14285714285714285,0.0,0.07142857142857142,0.0,-0.14285714285714285,0.46428571428571425,0.46428571428571425,0.42857142857142855,0.3214285714285714,0.3214285714285714,0.2857142857142857,0.21428571428571427,0.3214285714285714,0.3214285714285714,0.2857142857142857,0.21428571428571427,0.17857142857142855,0.14285714285714285,0.07142857142857142,2.0,1.75,0.7857142857142857,0.7857142857142857,0.7857142857142857,0.7142857142857143,0.5714285714285714,0.5714285714285714,0.42857142857142855,0.42857142857142855,0.2857142857142857,c0,0.21428571428571427,0.21428571428571427,0.21428571428571427,0.2857142857142857,0.42857142857142855,0.42857142857142855,0.5714285714285714,0.5714285714285714,0.7142857142857143,0.3658773832111839,0.21649199795496288,8,5,14,0.0,0.0\ChatDev_ProgramDev2_GPT4o_0_scored.json,-0.14285714285714285,Create a CLI tool that takes a text file path as input and outputs the total word count. The tool should handle basic punctuation and count sequences of alphanumeric characters as words. Output the count to the console.,CodeReviewComment,Code Reviewer,0.004070137939983506,2
0.0,0.3076923076923077,8.75,4.0,2.0,13.0,0.16666666666666666,-0.5144572873873882,0.3333333333333333,0.34758839216989385,0.45254701794991864,0.9999998638154238,0.5980626837240435,0.5764917334078551,2.7845955600637694e-07,0.04520797668023332,0.491577107827388,0.9441241257773066,0.34758839216989385,0.7865210220866901,0.4186439621446972,ChatDev_ProgramDev2_GPT4o_13_scored.json,0.23002410912463211,0.23076923076923078,0.23076923076923078,0.23076923076923078,0.23076923076923078,0.23076923076923078,0.23076923076923078,0.15384615384615385,0.15384615384615385,0.15384615384615385,0.15384615384615385,0.07692307692307693,0.07692307692307693,0.07692307692307693,0.0,0.34615384615384615,0.34615384615384615,0.34615384615384615,0.34615384615384615,0.34615384615384615,0.34615384615384615,0.3076923076923077,0.2692307692307693,0.2692307692307693,0.2692307692307693,0.23076923076923078,0.19230769230769232,0.19230769230769232,0.15384615384615385,1.6666666666666667,1.5,0.8461538461538461,0.7692307692307693,0.7692307692307693,0.7692307692307693,0.6923076923076923,0.46153846153846156,0.46153846153846156,0.38461538461538464,0.3076923076923077,c0,0.15384615384615385,0.23076923076923078,0.23076923076923078,0.23076923076923078,0.3076923076923077,0.5384615384615384,0.5384615384615384,0.6153846153846154,0.6923076923076923,0.3672934529548127,0.25047429155414963,7,4,13,0.0,0.0\ChatDev_ProgramDev2_GPT4o_13_scored.json,0.0,Create a CLI tool that displays a random quote from a predefined list of quotes stored in a text file. Each execution should show a different quote.,DemandAnalysis,Chief Product Officer,2.7845955600637694e-07,2
0.0,0.23076923076923078,2.3333333333333335,3.0,2.0,13.0,0.2,-0.8130894079772577,0.0,0.34632051104258565,0.3118287765844162,0.9999998606484779,0.7214944269377102,0.9020753945337937,0.005220125868449866,0.08419715812304539,0.6371202486518822,0.9489490252362984,0.34632051104258565,0.5822876706367345,0.506612136616932,ChatDev_ProgramDev2_GPT4o_14_scored.json,0.499496141726107,0.6153846153846154,0.6153846153846154,0.6153846153846154,0.5384615384615384,0.5384615384615384,0.5384615384615384,0.4615384615384615,0.5384615384615384,0.5384615384615384,0.5384615384615384,0.4615384615384615,0.3846153846153846,0.3846153846153846,0.30769230769230765,0.6923076923076923,0.6923076923076923,0.6923076923076923,0.6153846153846154,0.6153846153846154,0.6153846153846154,0.5769230769230769,0.6153846153846154,0.6153846153846154,0.6153846153846154,0.5769230769230769,0.4615384615384615,0.4615384615384615,0.423076923076923,4.5,3.3333333333333335,0.8461538461538461,0.8461538461538461,0.8461538461538461,0.8461538461538461,0.7692307692307693,0.7692307692307693,0.6923076923076923,0.6923076923076923,0.5384615384615384,c0,0.15384615384615385,0.15384615384615385,0.15384615384615385,0.15384615384615385,0.23076923076923078,0.23076923076923078,0.3076923076923077,0.3076923076923077,0.46153846153846156,0.5676482730915563,0.3751739158951245,8,5,13,0.0,0.0\ChatDev_ProgramDev2_GPT4o_14_scored.json,0.30769230769230765,"Develop a CLI utility to calculate and display the total size of a directory and its subdirectories. The output should be human-readable (e.g., KB, MB, GB).",CodeReviewComment,Code Reviewer,0.005220125868449866,2
1.0,0.38461538461538464,6.4,5.0,3.0,13.0,0.2,-0.21543063247000963,0.0,0.36691700792620496,0.6020085957435296,0.9999992331979862,0.5577058475800195,0.6652225166437525,2.075021229292362e-05,0.012249284836405278,0.2337533042773551,0.8357619000208847,0.36691700792620496,0.8277703117007208,0.3904003183697015,ChatDev_ProgramDev2_GPT4o_16_scored.json,0.2145022490692383,0.38461538461538464,0.3076923076923077,0.23076923076923078,0.23076923076923078,0.15384615384615385,0.07692307692307693,0.07692307692307693,0.15384615384615385,0.07692307692307693,0.0,0.0,-0.07692307692307693,-0.15384615384615385,-0.15384615384615385,0.5,0.46153846153846156,0.42307692307692313,0.34615384615384615,0.3076923076923077,0.2692307692307693,0.2692307692307693,0.2692307692307693,0.23076923076923078,0.19230769230769232,0.19230769230769232,0.07692307692307693,0.038461538461538464,0.038461538461538464,1.6666666666666667,1.5,0.7692307692307693,0.7692307692307693,0.6923076923076923,0.6153846153846154,0.6153846153846154,0.6153846153846154,0.46153846153846156,0.38461538461538464,0.23076923076923078,c0,0.23076923076923078,0.23076923076923078,0.3076923076923077,0.38461538461538464,0.38461538461538464,0.38461538461538464,0.5384615384615384,0.6153846153846154,0.7692307692307693,0.3269366168107887,0.19078883965381455,8,5,13,0.0,0.0\ChatDev_ProgramDev2_GPT4o_16_scored.json,-0.15384615384615385,"Write a CLI tool that fetches and displays the current weather for a given city using a public weather API (e.g., OpenWeatherMap). The user provides the city name.",CodeReviewComment,Code Reviewer,2.075021229292362e-05,2
1.0,0.6111111111111112,11.181818181818182,11.0,5.0,18.0,0.625,1.0638609661059948,1.0,0.3031359345954491,0.3912979054294061,0.9999603705788968,0.5492175107275589,0.47952419270658087,0.03732688333442358,0.13193759394401058,0.4229092009371209,0.814207106366527,0.3031359345954491,0.8301080594220643,0.39565032250961824,ChatDev_ProgramDev2_GPT4o_1_scored.json,0.15256041964654413,0.16666666666666666,0.16666666666666666,0.1111111111111111,0.11111111111111113,0.11111111111111113,0.05555555555555558,-0.33333333333333337,0.11111111111111113,0.11111111111111113,0.05555555555555558,-0.33333333333333337,0.05555555555555555,0.0,-0.38888888888888895,0.25,0.25,0.2222222222222222,0.19444444444444448,0.19444444444444448,0.16666666666666669,-0.02777777777777779,0.19444444444444448,0.19444444444444448,0.16666666666666669,-0.02777777777777779,0.1388888888888889,0.1111111111111111,-0.08333333333333337,1.6666666666666667,1.5,0.8888888888888888,0.8333333333333334,0.8333333333333334,0.7777777777777778,0.3888888888888889,0.3333333333333333,0.2777777777777778,0.2777777777777778,0.2222222222222222,c0,0.1111111111111111,0.16666666666666666,0.16666666666666666,0.2222222222222222,0.6111111111111112,0.6666666666666666,0.7222222222222222,0.7222222222222222,0.7777777777777778,0.38255084406089224,0.2460815761321098,9,5,18,0.0,0.0\ChatDev_ProgramDev2_GPT4o_1_scored.json,-0.38888888888888895,"Develop a CLI utility that generates a visual tree structure of a given directory. The output should represent directories and files, indenting subdirectories and their contents. Allow specifying a maximum depth for the tree.",LanguageChoose,Chief Technology Officer,0.03732688333442358,2
1.0,0.42857142857142855,7.333333333333333,6.0,5.0,14.0,0.4,0.32631853394085236,0.3333333333333333,0.3745064641172524,0.7228660349124666,0.9999998549550276,0.4799255038547865,0.5507974939124687,0.00023464870752560075,0.009352920767779153,0.06974069249715364,0.7926067274096202,0.3745064641172524,0.9134443205612236,0.3360182473106082,ChatDev_ProgramDev2_GPT4o_20_scored.json,0.13712157252993898,0.0714285714285714,0.0714285714285714,0.0,-0.07142857142857145,-0.07142857142857145,-0.14285714285714285,-0.14285714285714285,-0.07142857142857145,-0.07142857142857145,-0.14285714285714285,-0.14285714285714285,-0.14285714285714288,-0.21428571428571427,-0.21428571428571427,0.24999999999999997,0.24999999999999997,0.21428571428571427,0.10714285714285712,0.10714285714285712,0.07142857142857142,0.07142857142857142,0.10714285714285712,0.10714285714285712,0.07142857142857142,0.07142857142857142,0.0357142857142857,0.0,0.0,0.7999999999999999,0.8333333333333334,0.7142857142857143,0.6428571428571429,0.6428571428571429,0.5714285714285714,0.5714285714285714,0.42857142857142855,0.2857142857142857,0.2857142857142857,0.21428571428571427,c0,0.2857142857142857,0.35714285714285715,0.35714285714285715,0.42857142857142855,0.42857142857142855,0.5714285714285714,0.7142857142857143,0.7142857142857143,0.7857142857142857,0.12278264671192934,0.10541903973753408,8,5,14,0.0,0.0\ChatDev_ProgramDev2_GPT4o_20_scored.json,-0.21428571428571427,Write a CLI utility to calculate and display the MD5 and SHA256 checksums of a given file. The user provides the file path.,CodeReviewComment,Code Reviewer,0.00023464870752560075,1
0.0,0.21428571428571427,7.333333333333333,3.0,2.0,14.0,0.16666666666666666,-0.38836294821974016,0.3333333333333333,0.35131430646678125,0.4234003802664331,0.9999998490368993,0.6713286773532565,0.7884990012493636,0.0024726206665512647,0.049092794106480556,0.5477296264007451,0.9711300066671782,0.35131430646678125,0.7426620237119117,0.47067186034724495,ChatDev_ProgramDev2_GPT4o_22_scored.json,0.33566433867662826,0.5,0.5,0.5,0.4285714285714286,0.4285714285714286,0.4285714285714286,0.4285714285714286,0.2857142857142857,0.2857142857142857,0.2857142857142857,0.2857142857142857,0.14285714285714288,0.14285714285714288,0.14285714285714288,0.6071428571428572,0.6071428571428572,0.6071428571428572,0.5357142857142858,0.5357142857142858,0.5357142857142858,0.5357142857142858,0.39285714285714285,0.39285714285714285,0.39285714285714285,0.39285714285714285,0.25,0.25,0.25,2.3333333333333335,2.0,0.8571428571428571,0.7857142857142857,0.7857142857142857,0.7857142857142857,0.7857142857142857,0.7142857142857143,0.6428571428571429,0.5,0.35714285714285715,c0,0.14285714285714285,0.21428571428571427,0.21428571428571427,0.21428571428571427,0.21428571428571427,0.2857142857142857,0.35714285714285715,0.5,0.6428571428571429,0.4570429630675422,0.3200143708864753,7,4,14,0.0,0.0\ChatDev_ProgramDev2_GPT4o_22_scored.json,0.14285714285714288,"Develop a simple CLI contact book. Allow users to add, view, search, and delete contacts (name, phone number, email). Store contacts in a plain text or CSV file.",CodeReviewComment,Code Reviewer,0.0024726206665512647,2
1.0,0.23076923076923078,6.333333333333333,3.0,1.0,13.0,0.2,-0.6295019115149824,0.0,0.302063987594093,0.4786060990861246,0.9999993631942655,0.7270959874132985,0.8597697677884018,0.09339204714106668,0.3319964320620677,0.5073301901214482,0.9859362892075728,0.302063987594093,0.810143416694102,0.5369848053316288,ChatDev_ProgramDev2_GPT4o_23_scored.json,0.3915132239917761,0.6153846153846154,0.6153846153846154,0.4615384615384615,0.5384615384615385,0.5384615384615385,0.38461538461538464,0.38461538461538464,0.4615384615384615,0.4615384615384615,0.30769230769230765,0.30769230769230765,0.38461538461538464,0.23076923076923078,0.23076923076923078,0.6538461538461539,0.6538461538461539,0.5769230769230769,0.576923076923077,0.576923076923077,0.5,0.5,0.5,0.5,0.423076923076923,0.423076923076923,0.42307692307692313,0.34615384615384615,0.34615384615384615,6.999999999999999,4.0,0.9230769230769231,0.9230769230769231,0.9230769230769231,0.7692307692307693,0.7692307692307693,0.6923076923076923,0.6153846153846154,0.5384615384615384,0.46153846153846156,c0,0.07692307692307693,0.07692307692307693,0.07692307692307693,0.23076923076923078,0.23076923076923078,0.3076923076923077,0.38461538461538464,0.46153846153846156,0.5384615384615384,0.6501729104902216,0.42503199981920553,8,5,13,0.0,0.0\ChatDev_ProgramDev2_GPT4o_23_scored.json,0.23076923076923078,"Build a CLI tool that checks the strength of a given password. It should evaluate criteria like length, use of uppercase/lowercase letters, numbers, and special characters, providing a strength score or rating.",CodeReviewComment,Code Reviewer,0.09339204714106668,1
0.0,0.23076923076923078,3,3.0,3.0,13.0,0.0,-0.6908262228782015,0.0,0.3480170047785327,0.3756215516548972,1.0,0.6221181684589854,0.6287791580088488,0.00857748652193192,0.04379360298562701,0.586449208892879,0.9620707605477762,0.3480170047785327,0.8277703117007208,0.4380559638778693,ChatDev_ProgramDev2_GPT4o_24_scored.json,0.2392762186380713,0.38461538461538464,0.38461538461538464,0.38461538461538464,0.15384615384615385,0.15384615384615385,0.15384615384615385,0.15384615384615385,0.15384615384615385,0.15384615384615385,0.15384615384615385,0.15384615384615385,0.07692307692307693,0.07692307692307693,0.07692307692307693,0.5,0.5,0.5,0.2692307692307693,0.2692307692307693,0.2692307692307693,0.2692307692307693,0.2692307692307693,0.2692307692307693,0.2692307692307693,0.2692307692307693,0.19230769230769232,0.19230769230769232,0.19230769230769232,1.6666666666666667,1.5,0.8461538461538461,0.7692307692307693,0.7692307692307693,0.7692307692307693,0.7692307692307693,0.6153846153846154,0.38461538461538464,0.38461538461538464,0.3076923076923077,c0,0.15384615384615385,0.23076923076923078,0.23076923076923078,0.23076923076923078,0.23076923076923078,0.38461538461538464,0.6153846153846154,0.6153846153846154,0.6923076923076923,0.3913489376897546,0.2741011636804527,7,4,13,0.0,0.0\ChatDev_ProgramDev2_GPT4o_24_scored.json,0.07692307692307693,"Write a CLI utility to convert text to various cases: uppercase, lowercase, title case, sentence case. The tool takes a string as input or reads from a file.",CodeReviewComment,Code Reviewer,0.00857748652193192,3
1.0,0.3076923076923077,6.5,4.0,2.0,13.0,0.2,-0.3252157756537762,0.0,0.36359534491030226,0.5182800938841978,1.0,0.6704370764933918,0.7999656717565825,0.010986943171461356,0.058809368494596365,0.4402711434630104,0.9585512373472083,0.36359534491030226,0.7648208194538375,0.47260203649681265,ChatDev_ProgramDev2_GPT4o_25_scored.json,0.3094324968431039,0.4615384615384615,0.4615384615384615,0.4615384615384615,0.38461538461538464,0.38461538461538464,0.38461538461538464,0.3076923076923077,0.23076923076923078,0.23076923076923078,0.23076923076923078,0.15384615384615385,0.23076923076923078,0.23076923076923078,0.15384615384615385,0.5769230769230769,0.5769230769230769,0.5769230769230769,0.5,0.5,0.5,0.46153846153846156,0.34615384615384615,0.34615384615384615,0.34615384615384615,0.3076923076923077,0.34615384615384615,0.34615384615384615,0.3076923076923077,2.0,1.75,0.8461538461538461,0.7692307692307693,0.7692307692307693,0.7692307692307693,0.6923076923076923,0.6923076923076923,0.6153846153846154,0.46153846153846156,0.46153846153846156,c0,0.15384615384615385,0.23076923076923078,0.23076923076923078,0.23076923076923078,0.3076923076923077,0.3076923076923077,0.38461538461538464,0.5384615384615384,0.5384615384615384,0.439667845724161,0.3068417315830895,8,5,13,0.0,0.0\ChatDev_ProgramDev2_GPT4o_25_scored.json,0.15384615384615385,"Create a CLI tool to look up IP address information (e.g., geolocation, ISP) using a public IP geolocation API (e.g., ip-api.com). The user provides an IP address.",CodeReviewComment,Code Reviewer,0.010986943171461356,2
1.0,0.14285714285714285,12,2.0,1.0,14.0,0.2,-0.6721160011564757,0.0,0.20299757013138162,0.3461210800400938,0.9999998686999838,0.7823449443974159,0.8238109152454282,0.33852719000545084,0.5367246402659462,0.6395243176396059,0.9856453976796997,0.20299757013138162,0.6553349518849481,0.6491996180798264,ChatDev_ProgramDev2_GPT4o_26_scored.json,0.4470542539413805,0.8571428571428571,0.8571428571428571,0.7857142857142857,0.6428571428571429,0.6428571428571429,0.5714285714285715,0.5,0.5714285714285714,0.5714285714285714,0.5,0.42857142857142855,0.35714285714285715,0.2857142857142857,0.2142857142857143,0.8571428571428571,0.8571428571428571,0.8214285714285714,0.6428571428571429,0.6428571428571429,0.6071428571428572,0.5714285714285715,0.5714285714285714,0.5714285714285714,0.5357142857142857,0.5,0.35714285714285715,0.32142857142857145,0.2857142857142857,,9.0,1.0,1.0,1.0,0.9285714285714286,0.8571428571428571,0.8571428571428571,0.6428571428571429,0.5714285714285714,0.35714285714285715,c0,0.0,0.0,0.0,0.07142857142857142,0.14285714285714285,0.14285714285714285,0.35714285714285715,0.42857142857142855,0.6428571428571429,0.7823449443974159,0.5793473742660342,8,5,14,0.0,0.0\ChatDev_ProgramDev2_GPT4o_26_scored.json,0.2142857142857143,Develop a basic CLI file archiver that can create and extract ZIP archives. It should support adding files/directories to a ZIP and extracting contents from a ZIP file.,Coding,Programmer,0.33852719000545084,1
0.0,0.38461538461538464,2,5.0,3.0,13.0,0.0,-0.5918747127167164,0.0,0.38575126096853646,0.6113594900543697,0.9999998173717163,0.5940937319660371,0.8000903985067731,0.006692851264215723,0.014063628552544767,0.2689645943838698,0.8803240844382395,0.38575126096853646,0.7188768422855504,0.41787346775549067,ChatDev_ProgramDev2_GPT4o_28_scored.json,0.3198966249047892,0.38461538461538464,0.3076923076923077,0.23076923076923078,0.30769230769230765,0.23076923076923073,0.1538461538461538,0.1538461538461538,0.30769230769230765,0.23076923076923073,0.1538461538461538,0.1538461538461538,-0.07692307692307693,-0.15384615384615385,-0.15384615384615385,0.5,0.46153846153846156,0.42307692307692313,0.423076923076923,0.3846153846153846,0.34615384615384615,0.34615384615384615,0.423076923076923,0.3846153846153846,0.34615384615384615,0.34615384615384615,0.07692307692307693,0.038461538461538464,0.038461538461538464,2.333333333333333,2.0,0.7692307692307693,0.7692307692307693,0.6923076923076923,0.6153846153846154,0.6153846153846154,0.6153846153846154,0.5384615384615384,0.5384615384615384,0.23076923076923078,c0,0.23076923076923078,0.23076923076923078,0.3076923076923077,0.38461538461538464,0.38461538461538464,0.38461538461538464,0.46153846153846156,0.46153846153846156,0.7692307692307693,0.3633245011968063,0.20834247099750064,8,5,13,0.0,0.0\ChatDev_ProgramDev2_GPT4o_28_scored.json,-0.15384615384615385,Write a simple CLI web scraper that takes a URL and extracts and prints the title of the web page. Handle basic HTTP requests.,CodeReviewComment,Code Reviewer,0.006692851264215723,2
1.0,0.14285714285714285,28,2.0,1.0,14.0,0.4,-0.06723175463033544,0.3333333333333333,0.23039838210104138,0.11517068679554188,0.9999998613641835,0.6846746970652792,0.7119947390145692,4.904292072991929e-05,0.467740341429135,0.6884611890322642,0.803631875827806,0.23039838210104138,0.655334951884948,0.47928700082191433,ChatDev_ProgramDev2_GPT4o_29_scored.json,0.19562134201865117,0.7857142857142857,0.7857142857142857,0.7142857142857142,0.5714285714285715,0.5714285714285715,0.5,0.5,0.21428571428571427,0.21428571428571427,0.14285714285714285,0.14285714285714285,0.0,-0.07142857142857142,-0.07142857142857142,0.8214285714285714,0.8214285714285714,0.7857142857142857,0.6071428571428572,0.6071428571428572,0.5714285714285715,0.5714285714285715,0.25,0.25,0.21428571428571427,0.21428571428571427,0.03571428571428571,0.0,0.0,4.0,2.5,0.9285714285714286,0.9285714285714286,0.9285714285714286,0.8571428571428571,0.8571428571428571,0.8571428571428571,0.6428571428571429,0.2857142857142857,0.07142857142857142,c0,0.07142857142857142,0.07142857142857142,0.07142857142857142,0.14285714285714285,0.14285714285714285,0.14285714285714285,0.35714285714285715,0.7142857142857143,0.9285714285714286,0.6132461256367078,0.4542763149642378,8,5,14,0.0,0.0\ChatDev_ProgramDev2_GPT4o_29_scored.json,-0.07142857142857142,"Create a CLI music playlist manager. Allow users to create playlists, add songs (song title, artist, album - stored as text), remove songs, and view playlists. Store data in text files.",CodeReviewModification,Programmer,4.904292072991929e-05,2
0.0,0.0,0.0,0.0,0.0,14.0,0.0,-1.4939659027092747,0.0,0.16983361188799365,0.2689815592823841,0.999999896091005,0.7679744662558227,0.7491651445486455,0.5126928942986098,0.5291739704016172,0.6572523188141403,0.9262338780965244,0.16983361188799365,0.6592017204231159,0.6913899946686588,ChatDev_ProgramDev2_GPT4o_2_scored.json,0.32913191410963827,0.7857142857142857,0.7857142857142857,0.7857142857142857,0.6428571428571429,0.6428571428571429,0.6428571428571429,0.6428571428571429,0.42857142857142855,0.42857142857142855,0.42857142857142855,0.42857142857142855,0.2857142857142857,0.2857142857142857,0.2857142857142857,0.7857142857142857,0.7857142857142857,0.7857142857142857,0.6428571428571429,0.6428571428571429,0.6428571428571429,0.6428571428571429,0.42857142857142855,0.42857142857142855,0.42857142857142855,0.42857142857142855,0.2857142857142857,0.2857142857142857,0.2857142857142857,,7.0,1.0,1.0,1.0,1.0,1.0,0.7857142857142857,0.6428571428571429,0.42857142857142855,0.2857142857142857,c0,0.0,0.0,0.0,0.0,0.0,0.21428571428571427,0.35714285714285715,0.5714285714285714,0.7142857142857143,0.7679744662558227,0.598140854367829,8,5,14,0.0,0.0\ChatDev_ProgramDev2_GPT4o_2_scored.json,0.2857142857142857,"Build a CLI program that reads a CSV file, allows the user to specify a column name, and then prints all unique values from that column. The program should handle CSV files with headers.",Coding,Programmer,0.5126928942986098,1
1.0,0.38461538461538464,4.6,5.0,3.0,13.0,0.2,-0.3063387107233222,0.0,0.35168962335517584,0.5596576473656576,0.9999985342329444,0.49918506859079037,0.5655633627942858,0.00023533812728281022,0.01584637741945683,0.12586041912928597,0.6855180664949435,0.35168962335517584,0.7865210220866901,0.3495001494517381,ChatDev_ProgramDev2_GPT4o_34_scored.json,0.1151965542901824,0.0,0.0,0.0,-0.07692307692307693,-0.07692307692307693,-0.07692307692307693,-0.15384615384615385,-0.07692307692307693,-0.07692307692307693,-0.07692307692307693,-0.15384615384615385,-0.07692307692307693,-0.07692307692307693,-0.15384615384615385,0.15384615384615385,0.15384615384615385,0.15384615384615385,0.07692307692307693,0.07692307692307693,0.07692307692307693,0.038461538461538464,0.07692307692307693,0.07692307692307693,0.07692307692307693,0.038461538461538464,0.07692307692307693,0.07692307692307693,0.038461538461538464,0.75,0.8,0.7692307692307693,0.6923076923076923,0.6923076923076923,0.6923076923076923,0.6153846153846154,0.3076923076923077,0.23076923076923078,0.23076923076923078,0.23076923076923078,c0,0.23076923076923078,0.3076923076923077,0.3076923076923077,0.3076923076923077,0.38461538461538464,0.6923076923076923,0.7692307692307693,0.7692307692307693,0.7692307692307693,0.19149276089848266,0.14749544523561453,8,5,13,0.0,0.0\ChatDev_ProgramDev2_GPT4o_34_scored.json,-0.15384615384615385,Develop a CLI program that sorts the lines of a text file alphabetically or reverse-alphabetically and outputs the result to a new file or standard output.,CodeReviewComment,Code Reviewer,0.00023533812728281022,1
1.0,0.2857142857142857,6,4.0,1.0,14.0,0.16666666666666666,-0.6022539822283216,0.0,0.2674922728494871,0.33936751073346216,1.0,0.6277246167130386,0.7060456729945885,0.07585818115986291,0.25226321944347535,0.44808604497599536,0.7874535557094575,0.2674922728494871,0.8932941324021463,0.4621646860470859,ChatDev_ProgramDev2_GPT4o_4_scored.json,0.13451241786707968,0.5714285714285715,0.5,0.4285714285714286,0.4285714285714286,0.35714285714285715,0.2857142857142857,0.2142857142857143,0.14285714285714285,0.07142857142857142,0.0,-0.07142857142857142,0.0,-0.07142857142857142,-0.14285714285714285,0.6071428571428572,0.5714285714285715,0.5357142857142858,0.4642857142857143,0.4285714285714286,0.39285714285714285,0.35714285714285715,0.17857142857142855,0.14285714285714285,0.10714285714285714,0.07142857142857142,0.07142857142857142,0.03571428571428571,0.0,3.0,2.0,0.9285714285714286,0.9285714285714286,0.8571428571428571,0.7857142857142857,0.7142857142857143,0.6428571428571429,0.5,0.21428571428571427,0.14285714285714285,c0,0.07142857142857142,0.07142857142857142,0.14285714285714285,0.21428571428571427,0.2857142857142857,0.35714285714285715,0.5,0.7857142857142857,0.8571428571428571,0.5562960452844672,0.36023234386355146,7,4,14,0.0,0.0\ChatDev_ProgramDev2_GPT4o_4_scored.json,-0.14285714285714285,"Implement a basic CLI network ping tool. The user provides an IP address or hostname, and the tool sends a configurable number of ICMP echo requests, displaying the round-trip time for each and a summary.",LanguageChoose,Chief Technology Officer,0.07585818115986291,2
1.0,0.42857142857142855,12.5,6.0,3.0,14.0,0.6,0.11927112928658899,0.6666666666666666,0.2910681882730177,0.4102081600388583,0.9997387540283218,0.4479482602657563,0.5401603315623479,0.00395464169587592,0.015694673332600988,0.23673090012346032,0.6469390601623186,0.2910681882730177,0.9548193549840599,0.31475017469479216,ChatDev_ProgramDev2_GPT4o_50_scored.json,0.031996304304696875,0.14285714285714288,0.0,-0.0714285714285714,-0.07142857142857142,-0.2142857142857143,-0.2857142857142857,-0.2857142857142857,-0.14285714285714285,-0.2857142857142857,-0.3571428571428571,-0.3571428571428571,-0.2857142857142857,-0.3571428571428571,-0.3571428571428571,0.25,0.17857142857142858,0.14285714285714288,0.03571428571428571,-0.035714285714285726,-0.07142857142857142,-0.07142857142857142,-0.03571428571428571,-0.10714285714285715,-0.14285714285714285,-0.14285714285714285,-0.10714285714285715,-0.14285714285714285,-0.14285714285714285,0.3333333333333333,0.5,0.7857142857142857,0.7857142857142857,0.6428571428571429,0.5714285714285714,0.5714285714285714,0.35714285714285715,0.14285714285714285,0.07142857142857142,0.07142857142857142,c0,0.21428571428571427,0.21428571428571427,0.35714285714285715,0.42857142857142855,0.42857142857142855,0.6428571428571429,0.8571428571428571,0.9285714285714286,0.9285714285714286,0.23366254598004202,0.15688007199273857,8,5,14,0.0,0.0\ChatDev_ProgramDev2_GPT4o_50_scored.json,-0.3571428571428571,"Develop a simple CLI log rotator. It renames an existing log file (e.g., app.log to app.log.1) and creates a new empty app.log. Optionally, compress old logs and delete logs older than N days.",CodeReviewModification,Programmer,0.00395464169587592,3
1.0,0.5625,11,9.0,4.0,16.0,0.8333333333333334,0.958513094508777,1.0,0.39395471366264495,0.7950084260270487,1.0,0.46152649768280934,0.39752283160595214,8.801714772826198e-07,0.021868184547607427,0.05925446302905872,0.8542628890561074,0.39395471366264495,0.8339095981148644,0.3230688124294097,ChatDev_ProgramDev2_GPT4o_74_scored.json,0.1730724366310535,0.0625,0.0,-0.0625,0.0,-0.0625,-0.125,-0.1875,0.0,-0.0625,-0.125,-0.1875,-0.25,-0.3125,-0.375,0.25,0.21875,0.1875,0.1875,0.15625,0.125,0.09375,0.1875,0.15625,0.125,0.09375,-0.03125,-0.0625,-0.09375,1.0,1.0,0.625,0.625,0.5625,0.5,0.4375,0.4375,0.375,0.375,0.1875,c0,0.375,0.375,0.4375,0.5,0.5625,0.5625,0.625,0.625,0.8125,0.08652649768280934,0.0675717840201644,9,5,16,0.0,0.0\ChatDev_ProgramDev2_GPT4o_74_scored.json,-0.375,"Develop a CLI XML file pretty printer. Takes an XML file and outputs a well-formatted, indented version to the console or a new file.",DemandAnalysis,Chief Product Officer,8.801714772826198e-07,2
1.0,0.23076923076923078,17,3.0,2.0,13.0,0.6,0.11276533976783798,0.6666666666666666,0.33358382464461317,0.41677875005763243,0.9999937607565119,0.6696763353811497,0.7239423483435325,2.682103338959932e-05,0.0901665036438459,0.5755587961025793,0.9923375461602117,0.33358382464461317,0.8777875964952415,0.4687814810768216,ChatDev_ProgramDev2_GPT4o_90_scored.json,0.2575678213004422,0.5384615384615384,0.5384615384615384,0.4615384615384615,0.46153846153846156,0.46153846153846156,0.38461538461538464,0.38461538461538464,0.23076923076923078,0.23076923076923078,0.15384615384615385,0.15384615384615385,0.15384615384615385,0.07692307692307693,0.07692307692307693,0.6153846153846154,0.6153846153846154,0.5769230769230769,0.5384615384615385,0.5384615384615385,0.5,0.5,0.3076923076923077,0.3076923076923077,0.2692307692307693,0.2692307692307693,0.23076923076923078,0.19230769230769232,0.19230769230769232,2.5,2.0,0.8461538461538461,0.8461538461538461,0.8461538461538461,0.7692307692307693,0.7692307692307693,0.6923076923076923,0.6153846153846154,0.38461538461538464,0.3076923076923077,c0,0.15384615384615385,0.15384615384615385,0.15384615384615385,0.23076923076923078,0.23076923076923078,0.3076923076923077,0.38461538461538464,0.6153846153846154,0.6923076923076923,0.5158301815349958,0.3360925107365365,8,5,13,0.0,0.0\ChatDev_ProgramDev2_GPT4o_90_scored.json,0.07692307692307693,"Develop a CLI environment variable manager. Allow users to list, set (for current session or persistently via shell profile), and unset environment variables easily.",CodeReviewModification,Programmer,2.682103338959932e-05,2
0.0,0.45,13.88888888888889,9.0,7.0,20.0,0.5,1.554303454458206,1.0,0.3856847225170361,0.8264790457154736,1.0,0.5882224948287567,0.7655145781568735,0.005091177515314895,0.04178939109810438,0.16826978094117923,0.9947488266566528,0.3856847225170361,0.8268874037269072,0.4132830996347241,ChatDev_ProgramDev2_GPT4o_99_scored.json,0.2647001226729405,0.25000000000000006,0.20000000000000007,0.15000000000000002,0.25000000000000006,0.20000000000000007,0.15000000000000002,0.10000000000000003,0.15000000000000002,0.10000000000000003,0.04999999999999999,0.0,0.0,-0.050000000000000044,-0.10000000000000003,0.4,0.37500000000000006,0.35000000000000003,0.4,0.37500000000000006,0.35000000000000003,0.32500000000000007,0.30000000000000004,0.275,0.25,0.225,0.175,0.14999999999999997,0.12499999999999997,1.5,1.4285714285714286,0.85,0.7,0.65,0.6,0.55,0.55,0.55,0.45,0.35,c0,0.15,0.3,0.35,0.4,0.45,0.45,0.45,0.55,0.65,0.28822249482875667,0.20253777231172054,8,4,20,0.0,0.0\ChatDev_ProgramDev2_GPT4o_99_scored.json,-0.10000000000000003,,CodeReviewModification,Programmer,0.005091177515314895,3
0.0,0.35714285714285715,8,5.0,2.0,14.0,0.2,-0.4563902839823523,0.3333333333333333,0.32552153449341,0.32237242538182287,0.9999998860671814,0.5841836555194787,0.6074536883926916,0.02297736942683779,0.07274450582742721,0.4814931927017454,0.8038656180835683,0.32552153449341,0.8549912206176893,0.4158217696916864,ChatDev_ProgramDev2_GPT4o_9_scored.json,0.1669096158627082,0.2857142857142857,0.2857142857142857,0.2857142857142857,0.21428571428571427,0.21428571428571427,0.21428571428571427,0.0714285714285714,0.07142857142857142,0.07142857142857142,0.07142857142857142,-0.07142857142857145,0.0,0.0,-0.14285714285714288,0.39285714285714285,0.39285714285714285,0.39285714285714285,0.3214285714285714,0.3214285714285714,0.3214285714285714,0.24999999999999997,0.17857142857142855,0.17857142857142855,0.17857142857142855,0.10714285714285712,0.10714285714285714,0.10714285714285714,0.0357142857142857,1.3333333333333333,1.25,0.7857142857142857,0.7857142857142857,0.7857142857142857,0.7857142857142857,0.6428571428571429,0.5,0.42857142857142855,0.2857142857142857,0.21428571428571427,c0,0.21428571428571427,0.21428571428571427,0.21428571428571427,0.21428571428571427,0.35714285714285715,0.5,0.5714285714285714,0.7142857142857143,0.7857142857142857,0.3698979412337644,0.2586621210260687,8,5,14,0.0,0.0\ChatDev_ProgramDev2_GPT4o_9_scored.json,-0.14285714285714288,"Create a CLI tool to extract and display basic metadata (e.g., resolution, format, creation date if available) from image files (JPEG, PNG). The user provides the image file path.",LanguageChoose,Chief Technology Officer,0.02297736942683779,1
0.0,0.15384615384615385,22.5,2.0,2.0,13.0,0.3333333333333333,-0.12866780837031638,0.6666666666666666,0.32335946033240076,0.38756991146652053,0.9999998779547095,0.6915714240320657,0.791834917965653,0.0007093367416861004,0.13446654064195898,0.600832202731626,0.9884021141981465,0.32335946033240076,0.748580172237067,0.4843127978449518,ChatDev_ProgramDev_GPT4o_0_scored.json,0.31918681109172264,0.6153846153846154,0.6153846153846154,0.6153846153846154,0.46153846153846156,0.46153846153846156,0.46153846153846156,0.46153846153846156,0.3076923076923077,0.3076923076923077,0.3076923076923077,0.3076923076923077,0.15384615384615385,0.15384615384615385,0.15384615384615385,0.6923076923076923,0.6923076923076923,0.6923076923076923,0.5384615384615385,0.5384615384615385,0.5384615384615385,0.5384615384615385,0.38461538461538464,0.38461538461538464,0.38461538461538464,0.38461538461538464,0.23076923076923078,0.23076923076923078,0.23076923076923078,3.0,2.3333333333333335,0.8461538461538461,0.8461538461538461,0.8461538461538461,0.8461538461538461,0.8461538461538461,0.7692307692307693,0.6153846153846154,0.46153846153846156,0.3076923076923077,c0,0.15384615384615385,0.15384615384615385,0.15384615384615385,0.15384615384615385,0.15384615384615385,0.23076923076923078,0.38461538461538464,0.5384615384615384,0.6923076923076923,0.5377252701859119,0.36821196369966497,7,4,13,0.0,0.0\ChatDev_ProgramDev_GPT4o_0_scored.json,0.15384615384615385,"Develop a Checkers (Draughts) game. Use an 8x8 board, alternate turns between two players, and apply standard capture and kinging rules. Prompt for moves in notation (e.g., from-to positions) and update the board state accordingly.",CodeReviewModification,Programmer,0.0007093367416861004,3
0.0,0.38461538461538464,22,5.0,3.0,13.0,0.5,0.39909650050692624,1.0,0.4135779584829176,0.8803577971783502,1.0,0.6050396178305218,0.7768130765507114,0.004898855676086131,0.03843078288342374,0.11952667085892113,0.9998844680372713,0.4135779584829176,0.8148381042483582,0.4249973891841911,ChatDev_ProgramDev_GPT4o_13_scored.json,0.2792490543833178,0.23076923076923073,0.1538461538461538,0.1538461538461538,0.23076923076923073,0.1538461538461538,0.1538461538461538,0.1538461538461538,0.15384615384615385,0.07692307692307693,0.07692307692307693,0.07692307692307693,0.07692307692307693,0.07692307692307693,0.07692307692307693,0.3846153846153846,0.34615384615384615,0.34615384615384615,0.3846153846153846,0.34615384615384615,0.34615384615384615,0.34615384615384615,0.3076923076923077,0.2692307692307693,0.2692307692307693,0.2692307692307693,0.2692307692307693,0.2692307692307693,0.2692307692307693,1.5,1.4,0.8461538461538461,0.6923076923076923,0.6153846153846154,0.6153846153846154,0.6153846153846154,0.5384615384615384,0.5384615384615384,0.46153846153846156,0.46153846153846156,c0,0.15384615384615385,0.3076923076923077,0.38461538461538464,0.38461538461538464,0.38461538461538464,0.46153846153846156,0.46153846153846156,0.5384615384615384,0.5384615384615384,0.29734731013821414,0.19146165934760423,7,4,13,0.0,0.0\ChatDev_ProgramDev_GPT4o_13_scored.json,0.07692307692307693,"Develop a puzzle game where the player must group 16 words into four sets of four, based on hidden categories. The words are presented in a 4x4 grid, and players select four at a time to form a group. Correct groups are removed and revealed with a category and a color-coded difficulty (yellow, green, blue, purple). Incorrect guesses count as mistakes, with a maximum of four allowed. Only one correct solution exists, though words may appear to fit multiple categories. Include shuffle functionality and provide immediate feedback after each guess. A new puzzle is generated daily.",CodeReviewComment,Code Reviewer,0.004898855676086131,2
0.0,0.26666666666666666,14.75,4.0,3.0,15.0,0.6,0.030592829387005145,1.0,0.2607664058650171,0.45426726918199906,0.9999969831137008,0.7236750929955957,0.7987091630353174,0.2801783109384425,0.3231837147799539,0.4874062726448652,0.9416735418268642,0.2607664058650171,0.7879112632247939,0.5906260583784497,ChatDev_ProgramDev_GPT4o_14_scored.json,0.33771504339794467,0.6666666666666666,0.5333333333333333,0.4666666666666666,0.6,0.4666666666666667,0.39999999999999997,0.3333333333333333,0.4666666666666667,0.33333333333333337,0.26666666666666666,0.2,0.33333333333333337,0.26666666666666666,0.2,0.6666666666666666,0.6,0.5666666666666667,0.6,0.5333333333333333,0.5,0.4666666666666667,0.4666666666666667,0.4,0.3666666666666667,0.33333333333333337,0.4,0.3666666666666667,0.33333333333333337,,8.0,1.0,1.0,0.8666666666666667,0.8,0.7333333333333333,0.6666666666666666,0.6,0.4666666666666667,0.4666666666666667,c0,0.0,0.0,0.13333333333333333,0.2,0.26666666666666666,0.3333333333333333,0.4,0.5333333333333333,0.5333333333333333,0.7236750929955957,0.46290868713057864,8,5,15,0.0,0.0\ChatDev_ProgramDev_GPT4o_14_scored.json,0.2,"Implement a version of the NYT Strands puzzle. Strands is a word search game within a 6x8 grid of letters which players use to uncover words falling under a theme. The board must be filled entirely to complete the puzzle - no words will overlap. Each game includes a challenge word called the ""spangram"" that touches two opposite sides of the board. Themed words will highlight blue; the spangram will highlight yellow. Words can be formed by connecting adjacent letters in any direction (vertically, horizontally, diagonally) and can change direction mid-word. Players can find non-theme words to earn hints. Every 3 non-theme words will unlock a hint! The puzzle must be fully completed by finding all theme words and filling the board.",CodeReviewModification,Programmer,0.2801783109384425,4
0.0,0.23076923076923078,10,3.0,2.0,13.0,0.2,-0.6622631815148401,0.3333333333333333,0.2929666333485269,0.3468391482715758,0.9999932849407628,0.6957224881736732,0.7762639763379854,0.006692742757489285,0.3392663254857076,0.5739944458735592,0.920833594145135,0.2929666333485269,0.856087393862389,0.489013564548818,ChatDev_ProgramDev_GPT4o_16_scored.json,0.32110268684938764,0.6153846153846154,0.6153846153846154,0.4615384615384615,0.4615384615384615,0.4615384615384615,0.30769230769230765,0.30769230769230765,0.38461538461538464,0.38461538461538464,0.23076923076923078,0.23076923076923078,0.23076923076923078,0.07692307692307693,0.07692307692307693,0.6538461538461539,0.6538461538461539,0.5769230769230769,0.5,0.5,0.423076923076923,0.423076923076923,0.42307692307692313,0.42307692307692313,0.34615384615384615,0.34615384615384615,0.2692307692307693,0.19230769230769232,0.19230769230769232,6.0,3.5,0.9230769230769231,0.9230769230769231,0.9230769230769231,0.7692307692307693,0.7692307692307693,0.6923076923076923,0.5384615384615384,0.46153846153846156,0.3076923076923077,c0,0.07692307692307693,0.07692307692307693,0.07692307692307693,0.23076923076923078,0.23076923076923078,0.3076923076923077,0.46153846153846156,0.5384615384615384,0.6923076923076923,0.6187994112505963,0.4027558548251463,8,5,13,0.0,0.0\ChatDev_ProgramDev_GPT4o_16_scored.json,0.07692307692307693,"Implement a standard Connect Four game. Two players alternate placing discs into a seven-column, six-row grid. The objective is to form a horizontal, vertical, or diagonal line of four discs. Players choose columns by typing a number, and the board updates after each move until a win or draw. Validate column choices and end the game when a winning line is detected or the grid is full.",CodeReviewComment,Code Reviewer,0.006692742757489285,2
0.0,0.23076923076923078,30.666666666666668,3.0,3.0,13.0,0.5,0.44395445597399785,1.0,0.36547351410417805,0.4982169821327961,1.0,0.6250879530942693,0.7280901510625382,0.014604505669426818,0.02202082468720534,0.5005846899998594,0.9988016721326555,0.36547351410417805,0.8277703117007208,0.4419429188668165,ChatDev_ProgramDev_GPT4o_1_scored.json,0.24041844349779593,0.38461538461538464,0.38461538461538464,0.38461538461538464,0.38461538461538464,0.38461538461538464,0.38461538461538464,0.38461538461538464,0.15384615384615385,0.15384615384615385,0.15384615384615385,0.15384615384615385,0.07692307692307693,0.07692307692307693,0.07692307692307693,0.5,0.5,0.5,0.5,0.5,0.5,0.5,0.2692307692307693,0.2692307692307693,0.2692307692307693,0.2692307692307693,0.19230769230769232,0.19230769230769232,0.19230769230769232,1.6666666666666667,1.5,0.7692307692307693,0.7692307692307693,0.7692307692307693,0.7692307692307693,0.7692307692307693,0.6153846153846154,0.6153846153846154,0.38461538461538464,0.3076923076923077,c0,0.23076923076923078,0.23076923076923078,0.23076923076923078,0.23076923076923078,0.23076923076923078,0.38461538461538464,0.38461538461538464,0.6153846153846154,0.6923076923076923,0.39431872232503856,0.2596144389900913,7,4,13,0.0,0.0\ChatDev_ProgramDev_GPT4o_1_scored.json,0.07692307692307693,"Develop a classic Sudoku puzzle game that uses a 9x9 grid. Each row, column, and 3x3 subgrid must contain the digits 1 through 9 exactly once. The program should allow the player to input values for specific cells, check for mistakes, and confirm when the puzzle is completed.",CodeReviewModification,Programmer,0.014604505669426818,2
0.0,0.38461538461538464,14,5.0,3.0,13.0,0.6,0.02381696871231039,1.0,0.3547887235091659,0.6438117223263102,0.9999998446322499,0.5482399504858355,0.618720738641347,3.927863545481039e-07,0.06967071085753818,0.221793030618951,0.8656047529452613,0.3547887235091659,0.9190368861092725,0.3837680831759912,ChatDev_ProgramDev_GPT4o_20_scored.json,0.21086151941762907,0.3846153846153846,0.1538461538461538,0.1538461538461538,0.23076923076923078,0.0,0.0,0.0,0.23076923076923078,0.0,0.0,0.0,-0.15384615384615385,-0.15384615384615385,-0.15384615384615385,0.4615384615384615,0.34615384615384615,0.34615384615384615,0.3076923076923077,0.19230769230769232,0.19230769230769232,0.19230769230769232,0.3076923076923077,0.19230769230769232,0.19230769230769232,0.19230769230769232,0.038461538461538464,0.038461538461538464,0.038461538461538464,2.5,2.0,0.8461538461538461,0.8461538461538461,0.6153846153846154,0.6153846153846154,0.6153846153846154,0.5384615384615384,0.38461538461538464,0.38461538461538464,0.23076923076923078,c0,0.15384615384615385,0.15384615384615385,0.38461538461538464,0.38461538461538464,0.38461538461538464,0.46153846153846156,0.6153846153846154,0.6153846153846154,0.7692307692307693,0.39439379663968166,0.1934512269766696,8,5,13,0.0,0.0\ChatDev_ProgramDev_GPT4o_20_scored.json,-0.15384615384615385,"Develop a Reversi (Othello) board game. Two players alternate placing discs on an 8x8 grid, flipping the opponent’s discs that lie between the newly placed piece and existing pieces of the same color. The game ends when the board is full or no valid moves remain. The program should automatically identify valid moves, flip discs, and display the current score.",DemandAnalysis,Chief Product Officer,3.927863545481039e-07,2
0.0,0.35714285714285715,17.8,5.0,3.0,14.0,0.5,0.289467810300653,1.0,0.36434814636358337,0.6669599099672052,1.0,0.4955888319877387,0.5693672628900291,5.829127258796956e-05,0.002025503429005813,0.0689929673816776,0.7359528773488828,0.36434814636358337,0.9397387539970584,0.34692966977319345,ChatDev_ProgramDev_GPT4o_22_scored.json,0.10619760685451543,0.2142857142857143,0.14285714285714285,0.14285714285714285,0.07142857142857145,0.0,0.0,0.0,-0.07142857142857142,-0.14285714285714288,-0.14285714285714288,-0.14285714285714288,-0.2142857142857143,-0.2142857142857143,-0.2142857142857143,0.35714285714285715,0.3214285714285714,0.3214285714285714,0.2142857142857143,0.17857142857142858,0.17857142857142858,0.17857142857142858,0.07142857142857142,0.0357142857142857,0.0357142857142857,0.0357142857142857,-0.035714285714285726,-0.035714285714285726,-0.035714285714285726,0.75,0.8,0.7142857142857143,0.7142857142857143,0.6428571428571429,0.6428571428571429,0.6428571428571429,0.5,0.35714285714285715,0.21428571428571427,0.14285714285714285,c0,0.2857142857142857,0.2857142857142857,0.35714285714285715,0.35714285714285715,0.35714285714285715,0.5,0.6428571428571429,0.7857142857142857,0.8571428571428571,0.20987454627345298,0.1312406856241553,7,4,14,0.0,0.0\ChatDev_ProgramDev_GPT4o_22_scored.json,-0.2142857142857143,"Create a simplified version of Monopoly Go! with basic board mechanics: rolling dice, moving around properties, buying them, collecting rent, and handling chance events. Track player money and property ownership. Display relevant game information and prompt each player for decisions. Implement essential rules for jail, free parking, and simplified chance cards.",DemandAnalysis,Chief Product Officer,5.829127258796956e-05,3
0.0,0.21428571428571427,27,3.0,3.0,14.0,0.6,0.4242746232851914,1.0,0.340231640985189,0.3593394148756762,0.9999991176075634,0.6527538757902115,0.7291492742320211,0.03415380326589421,0.057406118817855706,0.602559365484246,0.9618987803599223,0.340231640985189,0.7791800429485637,0.4671738540329163,ChatDev_ProgramDev_GPT4o_23_scored.json,0.23312638421078982,0.5,0.5,0.5,0.3571428571428571,0.3571428571428571,0.3571428571428571,0.3571428571428571,0.14285714285714288,0.14285714285714288,0.14285714285714288,0.14285714285714288,0.07142857142857142,0.07142857142857142,0.07142857142857142,0.6071428571428572,0.6071428571428572,0.6071428571428572,0.46428571428571425,0.46428571428571425,0.46428571428571425,0.46428571428571425,0.25,0.25,0.25,0.25,0.17857142857142855,0.17857142857142855,0.17857142857142855,1.6666666666666667,1.5,0.7857142857142857,0.7857142857142857,0.7857142857142857,0.7857142857142857,0.7857142857142857,0.7142857142857143,0.5714285714285714,0.35714285714285715,0.2857142857142857,c0,0.21428571428571427,0.21428571428571427,0.21428571428571427,0.21428571428571427,0.21428571428571427,0.2857142857142857,0.42857142857142855,0.6428571428571429,0.7142857142857143,0.4384681615044972,0.3125222348050225,8,5,14,0.0,0.0\ChatDev_ProgramDev_GPT4o_23_scored.json,0.07142857142857142,Develop an interactive storytelling game. Present narrative segments and branching choices. Player decisions influence subsequent story events. Track variables such as relationships or items that alter possible endings. Provide users with different paths based on choices. Store branches in a structured way and use conditional checks to shape the storyline.,CodeReviewModification,Programmer,0.03415380326589421,3
0.0,0.3076923076923077,10.5,4.0,2.0,13.0,0.2,-0.6760524796343956,0.3333333333333333,0.2851294883601168,0.501517308133002,1.0,0.6829133999058501,0.7087291447791214,0.006805648637086304,0.3992647581597703,0.4984428301675581,0.9999601383005601,0.2851294883601168,0.8940282437120122,0.4800810745252209,ChatDev_ProgramDev_GPT4o_24_scored.json,0.2626589999637885,0.5384615384615385,0.5384615384615385,0.46153846153846156,0.4615384615384615,0.4615384615384615,0.3846153846153846,0.23076923076923073,0.3076923076923077,0.3076923076923077,0.23076923076923078,0.07692307692307693,0.23076923076923078,0.15384615384615385,0.0,0.576923076923077,0.576923076923077,0.5384615384615385,0.5,0.5,0.4615384615384615,0.3846153846153846,0.34615384615384615,0.34615384615384615,0.3076923076923077,0.23076923076923078,0.2692307692307693,0.23076923076923078,0.15384615384615385,5.0,3.0,0.9230769230769231,0.9230769230769231,0.9230769230769231,0.8461538461538461,0.6923076923076923,0.6153846153846154,0.5384615384615384,0.38461538461538464,0.3076923076923077,c0,0.07692307692307693,0.07692307692307693,0.07692307692307693,0.15384615384615385,0.3076923076923077,0.38461538461538464,0.46153846153846156,0.6153846153846154,0.6923076923076923,0.6059903229827732,0.3977839115457333,8,5,13,0.0,0.0\ChatDev_ProgramDev_GPT4o_24_scored.json,0.0,"Implement a match-3 puzzle game reminiscent of Candy Crush. Represent the board and let users swap adjacent candies to form matches of three or more. Matches are cleared, new candies appear, and scoring is tracked. The board updates after each valid move. Incorporate chain reactions when candies fall and possibly track moves or time-based constraints.",CodeReviewModification,Programmer,0.006805648637086304,3
0.0,0.3076923076923077,26.5,4.0,3.0,13.0,0.6,0.35470417624029915,1.0,0.367680869381081,0.6247828101765263,1.0,0.6092788203236927,0.7106205271151238,0.0010033557504343833,0.026176176946351604,0.2853663436072586,0.9101491537837848,0.367680869381081,0.8940282437120122,0.42679618095171523,ChatDev_ProgramDev_GPT4o_25_scored.json,0.23433800781680492,0.38461538461538464,0.3076923076923077,0.3076923076923077,0.30769230769230765,0.23076923076923073,0.23076923076923073,0.23076923076923073,0.15384615384615385,0.07692307692307693,0.07692307692307693,0.07692307692307693,0.0,0.0,0.0,0.5,0.46153846153846156,0.46153846153846156,0.423076923076923,0.3846153846153846,0.3846153846153846,0.3846153846153846,0.2692307692307693,0.23076923076923078,0.23076923076923078,0.23076923076923078,0.15384615384615385,0.15384615384615385,0.15384615384615385,1.6666666666666667,1.5,0.8461538461538461,0.7692307692307693,0.6923076923076923,0.6923076923076923,0.6923076923076923,0.6153846153846154,0.5384615384615384,0.38461538461538464,0.3076923076923077,c0,0.15384615384615385,0.23076923076923078,0.3076923076923077,0.3076923076923077,0.3076923076923077,0.38461538461538464,0.46153846153846156,0.6153846153846154,0.6923076923076923,0.37850958955446196,0.24159795094261172,8,5,13,0.0,0.0\ChatDev_ProgramDev_GPT4o_25_scored.json,0.0,Build a Flappy Bird clone. The player presses a key to 'flap' and keep the bird from falling. Randomly generated vertical gaps in 'pipes' appear. Each successful pass increases the score. The game ends if the bird collides with a pipe or the ground. Gradually adjust difficulty by varying gap sizes and pipe speeds.,CodeReviewModification,Programmer,0.0010033557504343833,2
0.0,0.38461538461538464,17.4,5.0,5.0,13.0,0.5,0.4238851388048553,1.0,0.39147936645186837,0.6585834051280071,1.0,0.6144649697870975,0.6582322756776782,0.028681745151499013,0.03334767192642651,0.3404520797346779,0.999035484862685,0.39147936645186837,0.856087393862389,0.43873000239641796,ChatDev_ProgramDev_GPT4o_26_scored.json,0.28359921682481426,0.30769230769230765,0.30769230769230765,0.1538461538461538,0.23076923076923078,0.23076923076923078,0.07692307692307693,0.07692307692307693,0.23076923076923078,0.23076923076923078,0.07692307692307693,0.07692307692307693,0.23076923076923078,0.07692307692307693,0.07692307692307693,0.423076923076923,0.423076923076923,0.34615384615384615,0.34615384615384615,0.34615384615384615,0.2692307692307693,0.2692307692307693,0.34615384615384615,0.34615384615384615,0.2692307692307693,0.2692307692307693,0.34615384615384615,0.2692307692307693,0.2692307692307693,2.0,1.75,0.7692307692307693,0.7692307692307693,0.7692307692307693,0.6153846153846154,0.6153846153846154,0.5384615384615384,0.46153846153846156,0.46153846153846156,0.46153846153846156,c0,0.23076923076923078,0.23076923076923078,0.23076923076923078,0.38461538461538464,0.38461538461538464,0.46153846153846156,0.5384615384615384,0.5384615384615384,0.5384615384615384,0.38369573901786674,0.22298560333522915,7,4,13,0.0,0.0\ChatDev_ProgramDev_GPT4o_26_scored.json,0.07692307692307693,"Program a simplified Space Invaders game. The player controls a ship at the bottom of the screen and can move horizontally and fire shots to destroy descending alien rows. The game ends if aliens reach the bottom or the player defeats all aliens. Add multiple alien rows, a limited number of lives, and score tracking.",CodeReviewModification,Programmer,0.028681745151499013,3
0.0,0.38461538461538464,19.8,5.0,3.0,13.0,0.5,0.3668573801615791,1.0,0.4193441117415095,0.9028585909416242,0.9999999226658418,0.6106461977641198,0.7692150977388181,0.0001560612546100705,0.0004543835672565834,0.0971305852441124,0.9999891761857367,0.4193441117415095,0.748580172237067,0.4274991568112669,ChatDev_ProgramDev_GPT4o_28_scored.json,0.281836706660363,0.3076923076923077,0.3076923076923077,0.3076923076923077,0.23076923076923073,0.23076923076923073,0.23076923076923073,0.1538461538461538,0.15384615384615385,0.15384615384615385,0.15384615384615385,0.07692307692307693,0.15384615384615385,0.15384615384615385,0.07692307692307693,0.46153846153846156,0.46153846153846156,0.46153846153846156,0.3846153846153846,0.3846153846153846,0.3846153846153846,0.34615384615384615,0.3076923076923077,0.3076923076923077,0.3076923076923077,0.2692307692307693,0.3076923076923077,0.3076923076923077,0.2692307692307693,1.5,1.4,0.6923076923076923,0.6923076923076923,0.6923076923076923,0.6923076923076923,0.6153846153846154,0.6153846153846154,0.5384615384615384,0.46153846153846156,0.46153846153846156,c0,0.3076923076923077,0.3076923076923077,0.3076923076923077,0.3076923076923077,0.38461538461538464,0.38461538461538464,0.46153846153846156,0.5384615384615384,0.5384615384615384,0.30295389007181206,0.19130208602261028,7,4,13,0.0,0.0\ChatDev_ProgramDev_GPT4o_28_scored.json,0.07692307692307693,"Develop a two-player Pong game. Each player controls a vertical paddle, moving up and down to bounce a ball back. The ball bounces between the two paddles and off the top and bottom edges. Players score a point when the opponent misses the ball. Incorporate a winning score threshold and reset the ball after each point.",CodeReviewModification,Programmer,0.0001560612546100705,3
0.0,0.15384615384615385,1,2.0,2.0,13.0,0.0,-0.8588924296498242,0.0,0.34169741298384676,0.4461542347102889,1.0,0.698523181657108,0.8343265777946769,0.0031726815950245692,0.11838131686695476,0.5535878455108387,0.9997420802211276,0.34169741298384676,0.7438854846828107,0.4899180316384829,ChatDev_ProgramDev_GPT4o_29_scored.json,0.3761278670461351,0.5384615384615384,0.5384615384615384,0.5384615384615384,0.3846153846153846,0.3846153846153846,0.3846153846153846,0.3846153846153846,0.3846153846153846,0.3846153846153846,0.3846153846153846,0.3846153846153846,0.23076923076923078,0.23076923076923078,0.23076923076923078,0.6153846153846154,0.6153846153846154,0.6153846153846154,0.4615384615384615,0.4615384615384615,0.4615384615384615,0.4615384615384615,0.4615384615384615,0.4615384615384615,0.4615384615384615,0.4615384615384615,0.3076923076923077,0.3076923076923077,0.3076923076923077,3.4999999999999996,2.6666666666666665,0.8461538461538461,0.8461538461538461,0.8461538461538461,0.8461538461538461,0.8461538461538461,0.6923076923076923,0.5384615384615384,0.5384615384615384,0.38461538461538464,c0,0.15384615384615385,0.15384615384615385,0.15384615384615385,0.15384615384615385,0.15384615384615385,0.3076923076923077,0.46153846153846156,0.46153846153846156,0.6153846153846154,0.5446770278109542,0.35682576867326127,7,4,13,0.0,0.0\ChatDev_ProgramDev_GPT4o_29_scored.json,0.23076923076923078,"Implement the classic Mastermind code-breaking game. The computer selects a hidden sequence of colors (or digits), and the player attempts to guess it within a set number of tries. After each guess, show feedback regarding correct color and correct position. Distinguish between exact matches and partial color matches, and provide a clear win/lose outcome.",CodeReviewComment,Code Reviewer,0.0031726815950245692,1
0.0,0.42857142857142855,11.166666666666666,6.0,2.0,14.0,0.4,-0.025250951684651853,0.6666666666666666,0.39098322693802445,0.718569526612429,0.9999988901526654,0.5767332950305532,0.7402786134748498,0.009010131586250442,0.017960610504436002,0.2128468286107502,0.9314163552231792,0.39098322693802445,0.7934659980357759,0.40641634599726234,ChatDev_ProgramDev_GPT4o_2_scored.json,0.24717141215595134,0.2857142857142857,0.21428571428571425,0.14285714285714285,0.2142857142857143,0.14285714285714285,0.07142857142857145,0.07142857142857145,0.14285714285714285,0.0714285714285714,0.0,0.0,0.0,-0.0714285714285714,-0.0714285714285714,0.42857142857142855,0.3928571428571428,0.3571428571428571,0.35714285714285715,0.3214285714285714,0.2857142857142857,0.2857142857142857,0.2857142857142857,0.24999999999999997,0.21428571428571427,0.21428571428571427,0.17857142857142858,0.14285714285714288,0.14285714285714288,1.5,1.4,0.7857142857142857,0.7142857142857143,0.6428571428571429,0.5714285714285714,0.5714285714285714,0.5714285714285714,0.5,0.42857142857142855,0.35714285714285715,c0,0.21428571428571427,0.2857142857142857,0.35714285714285715,0.42857142857142855,0.42857142857142855,0.42857142857142855,0.5,0.5714285714285714,0.6428571428571429,0.29101900931626745,0.1857500680925287,8,5,14,0.0,0.0\ChatDev_ProgramDev_GPT4o_2_scored.json,-0.0714285714285714,Implement a crossword puzzle. Provide a grid of squares with clues for across and down entries. The user can enter words by specifying the clue number and direction. The application validates if letters match and confirms completion when all correct words are filled in.,CodeReviewModification,Programmer,0.009010131586250442,3
1.0,0.375,19.166666666666668,6.0,6.0,16.0,0.7142857142857143,1.2633017915605687,1.0,0.3671133057284754,0.7241632402889746,0.9999985328470007,0.5980439309246585,0.716542927853381,0.008524586049242123,0.054428032639131624,0.25857410989456786,0.9827373501835425,0.3671133057284754,0.9080636898218124,0.4211881274620335,ChatDev_ProgramDev_GPT4o_4_scored.json,0.22426647409674694,0.3125,0.25,0.25,0.25,0.1875,0.1875,0.125,0.125,0.0625,0.0625,0.0,0.0,0.0,-0.0625,0.4375,0.40625,0.40625,0.375,0.34375,0.34375,0.3125,0.25,0.21875,0.21875,0.1875,0.15625,0.15625,0.125,1.5,1.4,0.8125,0.75,0.6875,0.6875,0.625,0.5625,0.5,0.375,0.3125,c0,0.1875,0.25,0.3125,0.3125,0.375,0.4375,0.5,0.625,0.6875,0.34804393092465846,0.23093062519618307,9,5,16,0.0,0.0\ChatDev_ProgramDev_GPT4o_4_scored.json,-0.0625,Create a budget tracker to monitor expenses and savings,CodeReviewModification,Programmer,0.008524586049242123,2
0.0,0.07692307692307693,1,1.0,1.0,13.0,0.0,-1.2506194132023705,0.0,0.2519480920679136,0.2067435582153596,0.9999998547156184,0.8272407568697916,0.9033608385557785,0.005220056172715568,0.75605701605214,0.7922928762840169,0.9990364344993765,0.2519480920679136,0.491021096228183,0.5806345466606687,ChatDev_ProgramDev_GPT4o_9_scored.json,0.5727051393713941,0.8461538461538463,0.8461538461538463,0.8461538461538463,0.8461538461538463,0.8461538461538463,0.8461538461538463,0.8461538461538463,0.6153846153846154,0.6153846153846154,0.6153846153846154,0.6153846153846154,0.4615384615384615,0.4615384615384615,0.4615384615384615,0.8846153846153847,0.8846153846153847,0.8846153846153847,0.8846153846153847,0.8846153846153847,0.8846153846153847,0.8846153846153847,0.6538461538461539,0.6538461538461539,0.6538461538461539,0.6538461538461539,0.5,0.5,0.5,9.0,5.0,0.9230769230769231,0.9230769230769231,0.9230769230769231,0.9230769230769231,0.9230769230769231,0.9230769230769231,0.9230769230769231,0.6923076923076923,0.5384615384615384,c0,0.07692307692307693,0.07692307692307693,0.07692307692307693,0.07692307692307693,0.07692307692307693,0.07692307692307693,0.07692307692307693,0.3076923076923077,0.46153846153846156,0.7503176799467146,0.575292664801878,7,4,13,0.0,0.0\ChatDev_ProgramDev_GPT4o_9_scored.json,0.4615384615384615,"Design a standard 2048 game using a 4x4 grid. Players combine tiles by pressing arrow keys to slide them in one direction. Tiles with the same number merge into one, doubling the value. After each move, a new tile appears in a random empty cell. The game ends when no moves are possible. Track and display the current score and highest tile reached.",CodeReviewComment,Code Reviewer,0.005220056172715568,2
0.0,0.38461538461538464,13.8,5.0,3.0,13.0,0.8,-0.0251170483014397,1.0,0.34109423720238424,0.7144577223078629,0.999996256532635,0.47627683427331396,0.5153849255198582,7.847882196588353e-05,0.007709086268047361,0.03684037867965332,0.7512981009875161,0.34109423720238424,0.8398467466456184,0.3334173276379095,ChatDev_ProgramDev2_GPT4o_11_scored.json,0.07327335911897138,0.15384615384615385,0.15384615384615385,0.15384615384615385,0.0,0.0,0.0,-0.07692307692307693,-0.15384615384615385,-0.15384615384615385,-0.15384615384615385,-0.23076923076923078,-0.23076923076923078,-0.23076923076923078,-0.3076923076923077,0.3076923076923077,0.3076923076923077,0.3076923076923077,0.15384615384615385,0.15384615384615385,0.15384615384615385,0.11538461538461539,0.0,0.0,0.0,-0.038461538461538464,-0.07692307692307693,-0.07692307692307693,-0.11538461538461539,0.5,0.6,0.6923076923076923,0.6923076923076923,0.6923076923076923,0.6923076923076923,0.6153846153846154,0.46153846153846156,0.3076923076923077,0.15384615384615385,0.07692307692307693,c1,0.3076923076923077,0.3076923076923077,0.3076923076923077,0.3076923076923077,0.38461538461538464,0.5384615384615384,0.6923076923076923,0.8461538461538461,0.9230769230769231,0.16858452658100626,0.13518259707092972,8,5,13,1.1,1.1\ChatDev_ProgramDev2_GPT4o_11_scored.json,-0.3076923076923077,"Build a basic CLI Markdown to HTML converter. It should support common Markdown syntax like headers, bold, italics, lists, and links, converting a .md file to a .html file.",CodeReviewModification,Programmer,7.847882196588353e-05,2
1.0,0.23076923076923078,7.666666666666667,3.0,1.0,13.0,0.16666666666666666,-0.6119867000144219,0.0,0.297943878988773,0.39239696796089374,0.9999998619354508,0.7056550150626232,0.799822700049855,0.00011888354294768003,0.3049907388940884,0.5999998447207415,0.9923968126816353,0.297943878988773,0.856087393862389,0.49399417560672054,ChatDev_ProgramDev2_GPT4o_15_scored.json,0.32568693002890303,0.6153846153846154,0.5384615384615384,0.5384615384615384,0.4615384615384615,0.3846153846153846,0.3846153846153846,0.30769230769230765,0.38461538461538464,0.3076923076923077,0.3076923076923077,0.23076923076923078,0.15384615384615385,0.15384615384615385,0.07692307692307693,0.6538461538461539,0.6153846153846154,0.6153846153846154,0.5,0.4615384615384615,0.4615384615384615,0.423076923076923,0.42307692307692313,0.38461538461538464,0.38461538461538464,0.34615384615384615,0.23076923076923078,0.23076923076923078,0.19230769230769232,6.0,3.5,0.9230769230769231,0.9230769230769231,0.8461538461538461,0.8461538461538461,0.7692307692307693,0.6923076923076923,0.5384615384615384,0.46153846153846156,0.3076923076923077,c1,0.07692307692307693,0.07692307692307693,0.15384615384615385,0.15384615384615385,0.23076923076923078,0.3076923076923077,0.46153846153846156,0.5384615384615384,0.6923076923076923,0.6287319381395462,0.4077111360738502,7,4,13,1.1,1.1\ChatDev_ProgramDev2_GPT4o_15_scored.json,0.07692307692307693,"Build a CLI program to find duplicate files within a specified directory based on their content (e.g., using MD5 or SHA256 hashes). List the paths of duplicate files.",CodeReviewComment,Code Reviewer,0.00011888354294768003,1
1.0,0.6428571428571429,11.666666666666666,9.0,7.0,14.0,1.0,0.6347392616572977,1.0,0.2858922156315421,0.32688441900546894,0.9999998954464603,0.4705878176852505,0.4139512679549922,0.060043783933218,0.11351928248633902,0.2730990348331992,0.5999834538386681,0.2858922156315421,0.951747232345681,0.3474246075596407,ChatDev_ProgramDev2_GPT4o_18_scored.json,0.06722683109789292,0.07142857142857142,0.0,-0.07142857142857145,0.0,-0.07142857142857142,-0.14285714285714288,-0.4285714285714286,-0.07142857142857142,-0.14285714285714285,-0.2142857142857143,-0.5,-0.14285714285714285,-0.2142857142857143,-0.5,0.17857142857142855,0.14285714285714285,0.10714285714285712,0.10714285714285714,0.07142857142857142,0.0357142857142857,-0.10714285714285718,0.03571428571428571,0.0,-0.035714285714285726,-0.1785714285714286,0.0,-0.035714285714285726,-0.1785714285714286,0.6666666666666666,0.75,0.8571428571428571,0.7857142857142857,0.7142857142857143,0.6428571428571429,0.35714285714285715,0.2857142857142857,0.21428571428571427,0.14285714285714285,0.14285714285714285,c1,0.14285714285714285,0.21428571428571427,0.2857142857142857,0.35714285714285715,0.6428571428571429,0.7142857142857143,0.7857142857142857,0.8571428571428571,0.8571428571428571,0.2563021033995362,0.18469560205370839,8,5,14,1.1,1.1\ChatDev_ProgramDev2_GPT4o_18_scored.json,-0.5,"Develop a CLI client for a URL shortening service (e.g., TinyURL API or similar). The user provides a long URL, and the tool outputs the shortened URL.",CodeReviewModification,Programmer,0.060043783933218,4
1.0,0.38461538461538464,16.8,5.0,3.0,13.0,0.6,0.16919504292136706,0.6666666666666666,0.3211293975771769,0.511099876036305,0.9984988329462898,0.5827201841740082,0.5998647365815284,0.004105386237082732,0.08579578346123934,0.3521647710069556,0.8632646470432607,0.3211293975771769,0.9190368861092725,0.4091357447929305,ChatDev_ProgramDev2_GPT4o_27_scored.json,0.22412314775923392,0.3076923076923077,0.3076923076923077,0.15384615384615385,0.23076923076923078,0.23076923076923078,0.07692307692307693,0.0,0.23076923076923078,0.23076923076923078,0.07692307692307693,0.0,0.0,-0.15384615384615385,-0.23076923076923078,0.38461538461538464,0.38461538461538464,0.3076923076923077,0.3076923076923077,0.3076923076923077,0.23076923076923078,0.19230769230769232,0.3076923076923077,0.3076923076923077,0.23076923076923078,0.19230769230769232,0.07692307692307693,0.0,-0.038461538461538464,2.5,2.0,0.8461538461538461,0.8461538461538461,0.8461538461538461,0.6923076923076923,0.6153846153846154,0.46153846153846156,0.38461538461538464,0.38461538461538464,0.15384615384615385,c1,0.15384615384615385,0.15384615384615385,0.15384615384615385,0.3076923076923077,0.38461538461538464,0.5384615384615384,0.6153846153846154,0.6153846153846154,0.8461538461538461,0.4288740303278543,0.26159078659683127,8,5,13,1.1,1.1\ChatDev_ProgramDev2_GPT4o_27_scored.json,-0.23076923076923078,"Build a CLI program that counts the total lines of code in a directory, categorized by file extension (e.g., .py, .js, .c). Ignore comments and blank lines if possible.",CodeReviewModification,Programmer,0.004105386237082732,4
1.0,0.5714285714285714,8,8.0,6.0,14.0,0.6,0.5588905851211384,0.6666666666666666,0.3651448298336218,0.6708808355691591,0.9998414634104806,0.44381308112517487,0.46480884312460236,3.0842808703550774e-05,0.006298802398738773,0.0907753897460718,0.7616562253152309,0.3651448298336218,0.9285249215482251,0.31067840963023347,ChatDev_ProgramDev2_GPT4o_38_scored.json,0.09510280309825175,0.0,-0.0714285714285714,-0.0714285714285714,-0.07142857142857145,-0.14285714285714285,-0.14285714285714285,-0.2857142857142857,-0.14285714285714288,-0.21428571428571427,-0.21428571428571427,-0.3571428571428571,-0.21428571428571427,-0.21428571428571427,-0.3571428571428571,0.17857142857142858,0.14285714285714288,0.14285714285714288,0.10714285714285712,0.07142857142857142,0.07142857142857142,0.0,0.0357142857142857,0.0,0.0,-0.07142857142857142,0.0,0.0,-0.07142857142857142,0.6,0.6666666666666666,0.7142857142857143,0.6428571428571429,0.5714285714285714,0.5714285714285714,0.42857142857142855,0.35714285714285715,0.2857142857142857,0.21428571428571427,0.21428571428571427,c1,0.2857142857142857,0.35714285714285715,0.42857142857142855,0.42857142857142855,0.5714285714285714,0.6428571428571429,0.7142857142857143,0.7857142857142857,0.7857142857142857,0.08667022398231772,0.07866825129155308,8,5,14,1.1,1.1\ChatDev_ProgramDev2_GPT4o_38_scored.json,-0.3571428571428571,Develop a CLI tool that displays a calendar for a given month and year. The user inputs the month (numeric or name) and year.,CodeReviewComment,Code Reviewer,3.0842808703550774e-05,1
0.0,0.3076923076923077,6.25,4.0,4.0,13.0,0.16666666666666666,-0.35513923057874297,0.3333333333333333,0.3520545982097871,0.4332173799017884,0.9999998620096666,0.5741212260097693,0.6365471278249023,0.00194276213210273,0.012819658407685465,0.39812506067395564,0.831342440575744,0.3520545982097871,0.9473539682709406,0.40246768684646933,ChatDev_ProgramDev2_GPT4o_40_scored.json,0.17665268492608288,0.30769230769230765,0.30769230769230765,0.23076923076923073,0.23076923076923078,0.23076923076923078,0.15384615384615385,0.15384615384615385,0.07692307692307693,0.07692307692307693,0.0,0.0,0.0,-0.07692307692307693,-0.07692307692307693,0.423076923076923,0.423076923076923,0.3846153846153846,0.34615384615384615,0.34615384615384615,0.3076923076923077,0.3076923076923077,0.19230769230769232,0.19230769230769232,0.15384615384615385,0.15384615384615385,0.11538461538461539,0.07692307692307693,0.07692307692307693,1.3333333333333333,1.25,0.7692307692307693,0.7692307692307693,0.7692307692307693,0.6923076923076923,0.6923076923076923,0.5384615384615384,0.46153846153846156,0.3076923076923077,0.23076923076923078,c1,0.23076923076923078,0.23076923076923078,0.23076923076923078,0.3076923076923077,0.3076923076923077,0.46153846153846156,0.5384615384615384,0.6923076923076923,0.7692307692307693,0.34335199524053855,0.22206662779998226,7,4,13,1.1,1.1\ChatDev_ProgramDev2_GPT4o_40_scored.json,-0.07692307692307693,Write a CLI program that searches for a given string/pattern within all text files in a specified directory and its subdirectories (similar to `grep -r`). Display matching lines and filenames.,CodeReviewComment,Code Reviewer,0.00194276213210273,1
1.0,0.5,6.428571428571429,7.0,3.0,14.0,0.4,-0.3332264888856059,0.0,0.2849273840403779,0.3759273866063107,0.9999997417581846,0.5278273682447241,0.5477586587015212,0.0024950700560183764,0.18027601656148928,0.3506699778596322,0.7265973644659429,0.2849273840403779,0.9780416657815157,0.37022767878811236,ChatDev_ProgramDev2_GPT4o_44_scored.json,0.11310586462386944,0.2857142857142857,0.2857142857142857,0.14285714285714285,0.14285714285714288,0.14285714285714288,0.0,-0.14285714285714285,0.0,0.0,-0.14285714285714288,-0.2857142857142857,-0.07142857142857142,-0.2142857142857143,-0.35714285714285715,0.39285714285714285,0.39285714285714285,0.3214285714285714,0.25,0.25,0.17857142857142858,0.10714285714285715,0.10714285714285714,0.10714285714285714,0.0357142857142857,-0.035714285714285726,0.03571428571428571,-0.035714285714285726,-0.10714285714285715,1.0,1.0,0.9285714285714286,0.7857142857142857,0.7857142857142857,0.6428571428571429,0.5,0.5,0.35714285714285715,0.21428571428571427,0.14285714285714285,c1,0.07142857142857142,0.21428571428571427,0.21428571428571427,0.35714285714285715,0.5,0.5,0.6428571428571429,0.7857142857142857,0.8571428571428571,0.3135416539590098,0.24289998420434622,8,5,14,1.1,1.1\ChatDev_ProgramDev2_GPT4o_44_scored.json,-0.35714285714285715,"Write a simple CLI HTTP server that serves static files (HTML, CSS, JS, images) from a specified local directory. Listens on a configurable port.",CodeReviewComment,Code Reviewer,0.0024950700560183764,1
1.0,0.23076923076923078,15.666666666666666,3.0,2.0,13.0,0.4,-0.25246851067559334,0.3333333333333333,0.2753833622618806,0.31335932227720753,0.9999997357381422,0.6544820211705443,0.7924979139651027,0.06900427686422612,0.26805170729438055,0.5150102416453328,0.8283695639225404,0.2753833622618806,0.9190368861092725,0.4788386978786488,ChatDev_ProgramDev2_GPT4o_46_scored.json,0.25172385429636324,0.5384615384615385,0.46153846153846156,0.38461538461538464,0.4615384615384615,0.3846153846153846,0.30769230769230765,0.30769230769230765,0.3076923076923077,0.23076923076923078,0.15384615384615385,0.15384615384615385,0.0,-0.07692307692307693,-0.07692307692307693,0.576923076923077,0.5384615384615385,0.5,0.5,0.4615384615384615,0.423076923076923,0.423076923076923,0.34615384615384615,0.3076923076923077,0.2692307692307693,0.2692307692307693,0.07692307692307693,0.038461538461538464,0.038461538461538464,5.0,3.0,0.9230769230769231,0.9230769230769231,0.8461538461538461,0.7692307692307693,0.7692307692307693,0.6153846153846154,0.5384615384615384,0.38461538461538464,0.15384615384615385,c1,0.07692307692307693,0.07692307692307693,0.15384615384615385,0.23076923076923078,0.23076923076923078,0.38461538461538464,0.46153846153846156,0.6153846153846154,0.8461538461538461,0.5775589442474673,0.37909865890866373,8,5,13,1.1,1.1\ChatDev_ProgramDev2_GPT4o_46_scored.json,-0.07692307692307693,"Develop a CLI utility to split a large file into smaller parts of a specified size (e.g., 10MB chunks). Name the output parts sequentially.",CodeReviewModification,Programmer,0.06900427686422612,4
1.0,0.21428571428571427,10.333333333333334,3.0,1.0,14.0,0.4,-0.5616685261253833,0.3333333333333333,0.20389942910527384,0.2056996810585674,0.9999969827969342,0.666634509129832,0.6984609501872718,0.2498674428545347,0.43080956978462087,0.5401420063185773,0.7458416873771447,0.20389942910527384,0.7702436872383198,0.5416043892472427,ChatDev_ProgramDev2_GPT4o_47_scored.json,0.14285025195639256,0.6428571428571429,0.5714285714285715,0.5714285714285715,0.5,0.4285714285714286,0.4285714285714286,0.2857142857142857,0.21428571428571427,0.14285714285714285,0.14285714285714285,0.0,0.07142857142857142,0.07142857142857142,-0.07142857142857142,0.6428571428571429,0.6071428571428572,0.6071428571428572,0.5,0.4642857142857143,0.4642857142857143,0.39285714285714285,0.21428571428571427,0.17857142857142855,0.17857142857142855,0.10714285714285714,0.10714285714285714,0.10714285714285714,0.03571428571428571,,4.0,1.0,1.0,0.9285714285714286,0.9285714285714286,0.7857142857142857,0.6428571428571429,0.5,0.21428571428571427,0.14285714285714285,c1,0.0,0.0,0.07142857142857142,0.07142857142857142,0.21428571428571427,0.35714285714285715,0.5,0.7857142857142857,0.8571428571428571,0.666634509129832,0.4627350800245582,8,5,14,1.1,1.1\ChatDev_ProgramDev2_GPT4o_47_scored.json,-0.07142857142857142,Build a CLI program to join multiple file parts (created by a file splitter) back into a single original file. The user specifies the first part name.,CodeReviewModification,Programmer,0.2498674428545347,3
1.0,0.5,7.285714285714286,7.0,4.0,14.0,0.4,0.03878686486805775,0.3333333333333333,0.317302358802179,0.5563356391732611,0.9999989066747037,0.4552695366326919,0.4464164283619735,0.017986213607610962,0.04114874983495661,0.15263700157259943,0.7089726407458605,0.317302358802179,0.9397387539970584,0.32408453972516754,ChatDev_ProgramDev2_GPT4o_48_scored.json,0.06503850523324169,0.14285714285714285,0.0714285714285714,-0.07142857142857145,0.0,-0.07142857142857145,-0.2142857142857143,-0.2142857142857143,-0.14285714285714285,-0.2142857142857143,-0.35714285714285715,-0.35714285714285715,-0.2857142857142857,-0.4285714285714286,-0.4285714285714286,0.2857142857142857,0.24999999999999997,0.17857142857142855,0.14285714285714285,0.10714285714285712,0.0357142857142857,0.0357142857142857,0.0,-0.035714285714285726,-0.10714285714285715,-0.10714285714285715,-0.10714285714285715,-0.17857142857142858,-0.17857142857142858,0.5,0.6,0.7857142857142857,0.7142857142857143,0.6428571428571429,0.5,0.5,0.42857142857142855,0.2857142857142857,0.14285714285714285,0.07142857142857142,c1,0.21428571428571427,0.2857142857142857,0.35714285714285715,0.5,0.5,0.5714285714285714,0.7142857142857143,0.8571428571428571,0.9285714285714286,0.16955525091840618,0.13796717783051288,8,5,14,1.1,1.1\ChatDev_ProgramDev2_GPT4o_48_scored.json,-0.4285714285714286,Write a basic CLI text difference tool (like a simplified `diff`). It takes two text file paths as input and highlights the lines that are different.,CodeReviewComment,Code Reviewer,0.017986213607610962,3
0.0,0.3333333333333333,5.4,5.0,3.0,15.0,0.14285714285714285,-0.34705333739211125,0.0,0.34635587599014556,0.5291054103781715,0.9999993726660764,0.591367757340383,0.6666346597189742,0.0005527785265734312,0.037099233055462866,0.3606936973960292,0.8897991077742007,0.34635587599014556,0.9285012313356796,0.41412326369624014,ChatDev_ProgramDev2_GPT4o_56_scored.json,0.23654710293615322,0.3333333333333333,0.3333333333333333,0.2,0.2,0.2,0.06666666666666671,0.06666666666666671,0.2,0.2,0.06666666666666671,0.06666666666666671,0.06666666666666665,-0.06666666666666665,-0.06666666666666665,0.43333333333333335,0.43333333333333335,0.3666666666666667,0.30000000000000004,0.30000000000000004,0.23333333333333336,0.23333333333333336,0.30000000000000004,0.30000000000000004,0.23333333333333336,0.23333333333333336,0.16666666666666666,0.1,0.1,2.0,1.75,0.8,0.8,0.8,0.6666666666666666,0.6666666666666666,0.5333333333333333,0.4,0.4,0.26666666666666666,c1,0.2,0.2,0.2,0.3333333333333333,0.3333333333333333,0.4666666666666667,0.6,0.6,0.7333333333333333,0.39136775734038304,0.2450118813502375,10,5,15,1.1,1.1\ChatDev_ProgramDev2_GPT4o_56_scored.json,-0.06666666666666665,"Write a CLI script creator for simple backups. User specifies source directories and a target backup location. The script (e.g., shell script using `rsync` or `tar`) is generated.",CodeReviewComment,Code Reviewer,0.0005527785265734312,3
0.0,0.07692307692307693,4,1.0,1.0,13.0,0.0,-1.4505605437356963,0.0,0.16869935242898776,0.25344371515168573,0.9999998618196085,0.8430900656247938,0.8746833333527458,0.43553251716152935,0.6531573719265291,0.7464600674140857,0.9999037825657714,0.16869935242898776,0.491021096228183,0.7208228010858144,ChatDev_ProgramDev2_GPT4o_57_scored.json,0.5836777377402419,0.9230769230769231,0.9230769230769231,0.9230769230769231,0.7692307692307693,0.7692307692307693,0.7692307692307693,0.6923076923076923,0.6923076923076923,0.6923076923076923,0.6923076923076923,0.6153846153846154,0.38461538461538464,0.38461538461538464,0.3076923076923077,0.9230769230769231,0.9230769230769231,0.9230769230769231,0.7692307692307693,0.7692307692307693,0.7692307692307693,0.7307692307692308,0.6923076923076923,0.6923076923076923,0.6923076923076923,0.6538461538461539,0.38461538461538464,0.38461538461538464,0.34615384615384615,,10.0,1.0,1.0,1.0,1.0,0.9230769230769231,0.9230769230769231,0.7692307692307693,0.6923076923076923,0.38461538461538464,c1,0.0,0.0,0.0,0.0,0.07692307692307693,0.07692307692307693,0.23076923076923078,0.3076923076923077,0.6153846153846154,0.8430900656247938,0.674390713195806,8,5,13,1.1,1.1\ChatDev_ProgramDev2_GPT4o_57_scored.json,0.3076923076923077,"Create a CLI engine for a simple text-based adventure game. Load game data (rooms, user_demands, items, choices) from a JSON or YAML file. Player navigates by typing commands.",DemandAnalysis,Chief Product Officer,0.43553251716152935,2
0.0,0.3076923076923077,2,4.0,3.0,13.0,0.2,-0.7001103867248504,0.0,0.35229773945087156,0.44425299939463997,0.999996975095397,0.5833291264402766,0.6440794077188586,0.006692851264215723,0.014327366598952104,0.400814780983661,0.845067780378301,0.35229773945087156,0.8398467466456184,0.4103382438874583,ChatDev_ProgramDev2_GPT4o_5_scored.json,0.17948588505854665,0.38461538461538464,0.38461538461538464,0.38461538461538464,0.15384615384615385,0.15384615384615385,0.15384615384615385,0.07692307692307693,0.07692307692307693,0.07692307692307693,0.07692307692307693,0.0,0.0,0.0,-0.07692307692307693,0.5,0.5,0.5,0.2692307692307693,0.2692307692307693,0.2692307692307693,0.23076923076923078,0.19230769230769232,0.19230769230769232,0.19230769230769232,0.15384615384615385,0.11538461538461539,0.11538461538461539,0.07692307692307693,1.3333333333333333,1.25,0.7692307692307693,0.7692307692307693,0.7692307692307693,0.7692307692307693,0.6923076923076923,0.6153846153846154,0.38461538461538464,0.3076923076923077,0.23076923076923078,c1,0.23076923076923078,0.23076923076923078,0.23076923076923078,0.23076923076923078,0.3076923076923077,0.38461538461538464,0.6153846153846154,0.6923076923076923,0.7692307692307693,0.3525598956710458,0.231031386989405,8,5,13,1.1,1.1\ChatDev_ProgramDev2_GPT4o_5_scored.json,-0.07692307692307693,"Create a CLI application to view the contents of a JSON file in a human-readable, indented format. The tool should take a file path as input and print the formatted JSON to the standard output.",CodeReviewComment,Code Reviewer,0.006692851264215723,3
1.0,0.2857142857142857,15,4.0,2.0,14.0,0.5,0.328142508288848,0.6666666666666666,0.36907630932595903,0.5189618401810236,0.9999998669578981,0.6483664269568077,0.7667041940236312,3.7912802139559533e-10,0.01585680263834906,0.4784228143316743,0.9973846545126979,0.36907630932595903,0.7791800429485637,0.4538564989835038,ChatDev_ProgramDev2_GPT4o_67_scored.json,0.23155943819885988,0.5,0.5,0.5,0.3571428571428571,0.3571428571428571,0.3571428571428571,0.2857142857142857,0.14285714285714288,0.14285714285714288,0.14285714285714288,0.07142857142857145,0.14285714285714288,0.14285714285714288,0.07142857142857145,0.6071428571428572,0.6071428571428572,0.6071428571428572,0.46428571428571425,0.46428571428571425,0.46428571428571425,0.42857142857142855,0.25,0.25,0.25,0.2142857142857143,0.25,0.25,0.2142857142857143,1.6666666666666667,1.5,0.7857142857142857,0.7857142857142857,0.7857142857142857,0.7857142857142857,0.7142857142857143,0.7142857142857143,0.5714285714285714,0.35714285714285715,0.35714285714285715,c1,0.21428571428571427,0.21428571428571427,0.21428571428571427,0.21428571428571427,0.2857142857142857,0.2857142857142857,0.42857142857142855,0.6428571428571429,0.6428571428571429,0.4340807126710934,0.27929011763084866,9,5,14,1.1,1.1\ChatDev_ProgramDev2_GPT4o_67_scored.json,0.07142857142857145,"Build a CLI audio file tag editor for MP3 files (basic ID3 tags). Allow viewing and modifying tags like title, artist, album, year. Requires a library for MP3 tag manipulation.",DemandAnalysis,Chief Product Officer,3.7912802139559533e-10,2
1.0,0.6153846153846154,12.375,8.0,7.0,13.0,0.8,0.7757480912524591,1.0,0.36978743287285165,0.6600109967833876,0.9999961491792697,0.4695859269316622,0.4703911418144135,0.006090051199585631,0.027794723420862727,0.09003560990982996,0.7500466066932175,0.36978743287285165,0.972362610668201,0.33053716421203916,ChatDev_ProgramDev2_GPT4o_68_scored.json,0.1083659831380759,0.07692307692307693,-0.07692307692307693,-0.07692307692307693,0.07692307692307693,-0.07692307692307693,-0.07692307692307693,-0.23076923076923078,-0.07692307692307693,-0.23076923076923078,-0.23076923076923078,-0.38461538461538464,-0.23076923076923078,-0.23076923076923078,-0.38461538461538464,0.23076923076923078,0.15384615384615385,0.15384615384615385,0.23076923076923078,0.15384615384615385,0.15384615384615385,0.07692307692307693,0.07692307692307693,0.0,0.0,-0.07692307692307693,0.0,0.0,-0.07692307692307693,0.75,0.8,0.6923076923076923,0.6923076923076923,0.5384615384615384,0.5384615384615384,0.38461538461538464,0.38461538461538464,0.38461538461538464,0.23076923076923078,0.23076923076923078,c1,0.3076923076923077,0.3076923076923077,0.46153846153846156,0.46153846153846156,0.6153846153846154,0.6153846153846154,0.6153846153846154,0.7692307692307693,0.7692307692307693,0.16189361923935447,0.09979849405881053,8,5,13,1.1,1.1\ChatDev_ProgramDev2_GPT4o_68_scored.json,-0.38461538461538464,"Write a CLI tool to convert a short video file segment (e.g., first 5 seconds) into an animated GIF. Requires `ffmpeg` to be installed.",CodeReviewComment,Code Reviewer,0.006090051199585631,1
1.0,0.46153846153846156,10.833333333333334,6.0,4.0,13.0,0.6,0.31603361603291524,0.6666666666666666,0.37785190102629423,0.6299929709481951,0.9999998042339602,0.5534033777584685,0.6906755187810064,0.008341826161758534,0.013906111069965501,0.2790725435030801,0.9090655144512751,0.37785190102629423,0.9473539682709406,0.3898849122794555,ChatDev_ProgramDev2_GPT4o_6_scored.json,0.1702779623872211,0.30769230769230765,0.23076923076923073,0.1538461538461538,0.23076923076923078,0.15384615384615385,0.07692307692307693,0.0,0.07692307692307693,0.0,-0.07692307692307693,-0.15384615384615385,0.0,-0.07692307692307693,-0.15384615384615385,0.423076923076923,0.3846153846153846,0.34615384615384615,0.34615384615384615,0.3076923076923077,0.2692307692307693,0.23076923076923078,0.19230769230769232,0.15384615384615385,0.11538461538461539,0.07692307692307693,0.15384615384615385,0.11538461538461539,0.07692307692307693,1.3333333333333333,1.25,0.7692307692307693,0.7692307692307693,0.6923076923076923,0.6153846153846154,0.5384615384615384,0.5384615384615384,0.46153846153846156,0.3076923076923077,0.3076923076923077,c1,0.23076923076923078,0.23076923076923078,0.3076923076923077,0.38461538461538464,0.46153846153846156,0.46153846153846156,0.5384615384615384,0.6923076923076923,0.6923076923076923,0.3226341469892377,0.17555147673217425,8,5,13,1.1,1.1\ChatDev_ProgramDev2_GPT4o_6_scored.json,-0.15384615384615385,"Develop a simple CLI tool that displays basic system resource usage: CPU percentage, memory usage (total, used, free), and disk space (total, used, free for a specified partition or root). Update the display every few seconds or on command.",CodeReviewModification,Programmer,0.008341826161758534,3
0.0,0.07692307692307693,22,1.0,1.0,13.0,0.2,-0.5888369134411211,0.3333333333333333,0.2611835997907142,0.29609178515485346,0.9999998366814007,0.749085613244034,0.783629250242443,0.0037953021207279215,0.5385404818511171,0.6868862297761485,0.982978014931002,0.2611835997907142,0.6952544476781385,0.5254985199070421,ChatDev_ProgramDev2_GPT4o_76_scored.json,0.2881098512477054,0.7692307692307692,0.7692307692307692,0.7692307692307692,0.6153846153846154,0.6153846153846154,0.6153846153846154,0.6153846153846154,0.3076923076923077,0.3076923076923077,0.3076923076923077,0.3076923076923077,0.23076923076923078,0.23076923076923078,0.23076923076923078,0.8076923076923077,0.8076923076923077,0.8076923076923077,0.6538461538461539,0.6538461538461539,0.6538461538461539,0.6538461538461539,0.34615384615384615,0.34615384615384615,0.34615384615384615,0.34615384615384615,0.2692307692307693,0.2692307692307693,0.2692307692307693,5.0,3.0,0.9230769230769231,0.9230769230769231,0.9230769230769231,0.9230769230769231,0.9230769230769231,0.8461538461538461,0.6923076923076923,0.38461538461538464,0.3076923076923077,c1,0.07692307692307693,0.07692307692307693,0.07692307692307693,0.07692307692307693,0.07692307692307693,0.15384615384615385,0.3076923076923077,0.6153846153846154,0.6923076923076923,0.6721625363209571,0.4879020134533198,8,5,13,1.1,1.1\ChatDev_ProgramDev2_GPT4o_76_scored.json,0.23076923076923078,"Write a simple CLI data plotter that takes a list of numbers (e.g., from a file or stdin) and generates a basic text-based bar chart or line graph in the terminal.",CodeReviewModification,Programmer,0.0037953021207279215,4
1.0,0.07142857142857142,34,1.0,1.0,14.0,0.16666666666666666,-0.053789840945455136,0.0,0.236803721693426,0.3327947601379019,0.9999997417751014,0.7590499093236058,0.8153985129205532,0.16736964875159918,0.5111573299374572,0.6174443713047625,0.9502391314426644,0.236803721693426,0.7275814227249104,0.5815458311520039,ChatDev_ProgramDev2_GPT4o_79_scored.json,0.3795249546618029,0.7142857142857143,0.7142857142857143,0.7142857142857143,0.5714285714285715,0.5714285714285715,0.5714285714285715,0.5714285714285715,0.4285714285714286,0.4285714285714286,0.4285714285714286,0.4285714285714286,0.3571428571428571,0.3571428571428571,0.3571428571428571,0.75,0.75,0.75,0.6071428571428572,0.6071428571428572,0.6071428571428572,0.6071428571428572,0.4642857142857143,0.4642857142857143,0.4642857142857143,0.4642857142857143,0.39285714285714285,0.39285714285714285,0.39285714285714285,7.0,4.0,1.0,0.9285714285714286,0.9285714285714286,0.9285714285714286,0.9285714285714286,0.7857142857142857,0.6428571428571429,0.5,0.42857142857142855,c1,0.0,0.07142857142857142,0.07142857142857142,0.07142857142857142,0.07142857142857142,0.21428571428571427,0.35714285714285715,0.5,0.5714285714285714,0.6876213378950344,0.5222461876301798,7,4,14,1.1,1.1\ChatDev_ProgramDev2_GPT4o_79_scored.json,0.3571428571428571,"Build a CLI recipe manager. Allow users to add recipes (name, ingredients, instructions), search for recipes by name or ingredient, and view recipe details. Store data in text or JSON files.",Coding,Programmer,0.16736964875159918,1
1.0,0.4666666666666667,14.285714285714286,7.0,3.0,15.0,0.5714285714285714,0.4008229412266532,0.6666666666666666,0.31994501062092523,0.466563074836997,0.9999998847052084,0.4870916733454399,0.5821127442943721,8.350707044505466e-06,0.0019176521981089534,0.23507830232308913,0.7016413771600861,0.31994501062092523,0.8570024626713595,0.34096667655392127,ChatDev_ProgramDev2_GPT4o_81_scored.json,0.09741833466908799,0.2,0.2,0.2,0.0,0.0,0.0,-0.2,-0.06666666666666665,-0.06666666666666665,-0.06666666666666665,-0.26666666666666666,-0.2,-0.2,-0.4,0.33333333333333337,0.33333333333333337,0.33333333333333337,0.13333333333333333,0.13333333333333333,0.13333333333333333,0.033333333333333326,0.06666666666666668,0.06666666666666668,0.06666666666666668,-0.033333333333333326,-0.06666666666666667,-0.06666666666666667,-0.16666666666666669,0.75,0.8,0.7333333333333333,0.7333333333333333,0.7333333333333333,0.7333333333333333,0.5333333333333333,0.4666666666666667,0.26666666666666666,0.2,0.06666666666666667,c1,0.26666666666666666,0.26666666666666666,0.26666666666666666,0.26666666666666666,0.4666666666666667,0.5333333333333333,0.7333333333333333,0.8,0.9333333333333333,0.22042500667877324,0.16714666272451467,8,4,15,1.1,1.1\ChatDev_ProgramDev2_GPT4o_81_scored.json,-0.4,"Create a CLI flashcard study tool. Users can create decks of flashcards (front: question/term, back: answer/definition). The tool presents cards for review.",DemandAnalysis,Chief Product Officer,8.350707044505466e-06,2
1.0,0.46153846153846156,7.166666666666667,6.0,4.0,13.0,0.4,-0.002134283154825223,0.3333333333333333,0.3508826039528804,0.582679823128945,0.9999995976508452,0.44280044014334563,0.5000124103755086,0.000642345430752482,0.003903664403837325,0.03732688524565363,0.6200067083745986,0.3508826039528804,0.972362610668201,0.31015301172956766,ChatDev_ProgramDev2_GPT4o_8_scored.json,0.0681231446374378,0.07692307692307693,0.0,-0.07692307692307693,-0.07692307692307693,-0.15384615384615385,-0.23076923076923078,-0.23076923076923078,-0.15384615384615385,-0.23076923076923078,-0.3076923076923077,-0.3076923076923077,-0.23076923076923078,-0.3076923076923077,-0.3076923076923077,0.23076923076923078,0.19230769230769232,0.15384615384615385,0.07692307692307693,0.038461538461538464,0.0,0.0,0.0,-0.038461538461538464,-0.07692307692307693,-0.07692307692307693,-0.038461538461538464,-0.07692307692307693,-0.07692307692307693,0.5,0.6,0.6923076923076923,0.6923076923076923,0.6153846153846154,0.5384615384615384,0.5384615384615384,0.38461538461538464,0.23076923076923078,0.15384615384615385,0.15384615384615385,c1,0.3076923076923077,0.3076923076923077,0.38461538461538464,0.46153846153846156,0.46153846153846156,0.6153846153846154,0.7692307692307693,0.8461538461538461,0.8461538461538461,0.13510813245103792,0.09191783619046523,8,5,13,1.1,1.1\ChatDev_ProgramDev2_GPT4o_8_scored.json,-0.3076923076923077,"Write a CLI program to analyze a log file (e.g., Apache access log, system log). The user specifies the log file and a pattern (e.g., ERROR, 404). The tool should count and display lines containing the pattern.",CodeReviewComment,Code Reviewer,0.000642345430752482,1
1.0,0.5384615384615384,12.857142857142858,7.0,6.0,13.0,0.8,0.7280946192635461,1.0,0.3829370181428137,0.7961959264346989,0.9999998607953747,0.5158458939329476,0.43543452822572476,1.3092878484936798e-07,0.026254054713495775,0.1719651556424736,0.9681610820771726,0.3829370181428137,0.9311133210541701,0.3610921650316987,ChatDev_ProgramDev2_GPT4o_91_scored.json,0.15872181351783002,0.15384615384615385,0.07692307692307693,0.0,0.07692307692307693,0.0,-0.07692307692307693,-0.1538461538461538,0.0,-0.07692307692307693,-0.15384615384615385,-0.23076923076923073,-0.07692307692307693,-0.15384615384615385,-0.23076923076923073,0.3076923076923077,0.2692307692307693,0.23076923076923078,0.23076923076923078,0.19230769230769232,0.15384615384615385,0.11538461538461542,0.15384615384615385,0.11538461538461539,0.07692307692307693,0.03846153846153849,0.11538461538461539,0.07692307692307693,0.03846153846153849,1.0,1.0,0.8461538461538461,0.6923076923076923,0.6153846153846154,0.5384615384615384,0.46153846153846156,0.46153846153846156,0.38461538461538464,0.3076923076923077,0.3076923076923077,c1,0.15384615384615385,0.3076923076923077,0.38461538461538464,0.46153846153846156,0.5384615384615384,0.5384615384615384,0.6153846153846154,0.6923076923076923,0.6923076923076923,0.20815358624063984,0.13290887579013383,8,5,13,1.1,1.1\ChatDev_ProgramDev2_GPT4o_91_scored.json,-0.23076923076923073,"Build a CLI cronjob generator. Provides a user-friendly way to create common cron job schedules (e.g., daily at 3 AM, every 15 minutes) and outputs the crontab line.",DemandAnalysis,Chief Product Officer,1.3092878484936798e-07,2
0.0,0.2857142857142857,2.75,4.0,4.0,14.0,0.0,-0.3529757921301444,0.0,0.37752476921329076,0.7403125184845174,0.9999997419468039,0.6107317458670868,0.7139154317130458,0.017986215095507463,0.034110157971422056,0.22491199993929317,0.9652245184238105,0.37752476921329076,0.7702436872383199,0.432908086635613,ChatDev_ProgramDev2_GPT4o_92_scored.json,0.26174217680018,0.3571428571428572,0.3571428571428572,0.3571428571428572,0.2142857142857143,0.2142857142857143,0.2142857142857143,0.2142857142857143,0.14285714285714285,0.14285714285714285,0.14285714285714285,0.14285714285714285,0.07142857142857145,0.07142857142857145,0.07142857142857145,0.5,0.5,0.5,0.35714285714285715,0.35714285714285715,0.35714285714285715,0.35714285714285715,0.2857142857142857,0.2857142857142857,0.2857142857142857,0.2857142857142857,0.2142857142857143,0.2142857142857143,0.2142857142857143,1.5,1.4,0.7857142857142857,0.7142857142857143,0.7142857142857143,0.7142857142857143,0.7142857142857143,0.6428571428571429,0.5,0.42857142857142855,0.35714285714285715,c1,0.21428571428571427,0.2857142857142857,0.2857142857142857,0.2857142857142857,0.2857142857142857,0.35714285714285715,0.5,0.5714285714285714,0.6428571428571429,0.3250174601528011,0.23320697665379603,8,5,14,1.1,1.1\ChatDev_ProgramDev2_GPT4o_92_scored.json,0.07142857142857145,Write a CLI utility to add line numbers to a text file. The output can be to a new file or standard output.,CodeReviewComment,Code Reviewer,0.017986215095507463,2
0.0,0.35714285714285715,11.2,5.0,4.0,14.0,0.6,0.09131965576831064,1.0,0.31897054182724266,0.5279288503628086,0.9999989139679396,0.5391280469636687,0.6021996199747741,0.006163929953532085,0.0638752552699601,0.2661563786831591,0.7940852290459677,0.31897054182724266,0.9780416657815157,0.3792388118606277,ChatDev_ProgramDev2_GPT4o_94_scored.json,0.11552743863507185,0.2857142857142857,0.2142857142857143,0.14285714285714285,0.14285714285714288,0.07142857142857145,0.0,0.0,0.0,-0.07142857142857142,-0.14285714285714288,-0.14285714285714288,-0.14285714285714285,-0.2142857142857143,-0.2142857142857143,0.39285714285714285,0.35714285714285715,0.3214285714285714,0.25,0.2142857142857143,0.17857142857142858,0.17857142857142858,0.10714285714285714,0.07142857142857142,0.0357142857142857,0.0357142857142857,0.0,-0.035714285714285726,-0.035714285714285726,1.0,1.0,0.8571428571428571,0.7857142857142857,0.7142857142857143,0.6428571428571429,0.6428571428571429,0.5,0.35714285714285715,0.21428571428571427,0.14285714285714285,c1,0.14285714285714285,0.21428571428571427,0.2857142857142857,0.35714285714285715,0.35714285714285715,0.5,0.6428571428571429,0.7857142857142857,0.8571428571428571,0.32484233267795437,0.220157505136426,8,5,14,1.1,1.1\ChatDev_ProgramDev2_GPT4o_94_scored.json,-0.2142857142857143,Develop a CLI program to extract specific columns from a CSV or space-delimited text file. User specifies column numbers or headers.,CodeReviewModification,Programmer,0.006163929953532085,2
1.0,0.35714285714285715,11,5.0,2.0,14.0,0.6,0.016599669064284967,0.6666666666666666,0.3013856848373007,0.39937599634498555,0.9999999382047852,0.6266433463159686,0.6584622360295747,0.002271847825233225,0.21234102239097852,0.4532478443477349,0.8526238406927205,0.3013856848373007,0.9134443205612237,0.43933189676874795,ChatDev_ProgramDev2_GPT4o_95_scored.json,0.22380119511284594,0.5,0.5,0.4285714285714286,0.2857142857142857,0.2857142857142857,0.21428571428571427,0.0714285714285714,0.2142857142857143,0.2142857142857143,0.14285714285714288,0.0,0.07142857142857142,0.0,-0.14285714285714288,0.5714285714285715,0.5714285714285715,0.5357142857142858,0.3571428571428571,0.3571428571428571,0.3214285714285714,0.24999999999999997,0.2857142857142857,0.2857142857142857,0.25,0.17857142857142858,0.14285714285714285,0.10714285714285714,0.0357142857142857,2.5,2.0,0.9285714285714286,0.8571428571428571,0.8571428571428571,0.7857142857142857,0.6428571428571429,0.6428571428571429,0.42857142857142855,0.35714285714285715,0.21428571428571427,c1,0.07142857142857142,0.14285714285714285,0.14285714285714285,0.21428571428571427,0.35714285714285715,0.35714285714285715,0.5714285714285714,0.6428571428571429,0.7857142857142857,0.4837862034588258,0.3252576614786679,8,5,14,1.1,1.1\ChatDev_ProgramDev2_GPT4o_95_scored.json,-0.14285714285714288,"Build a simple CLI spell checker that takes a text file or string input and checks words against a local dictionary file, highlighting potential misspellings.",CodeReviewModification,Programmer,0.002271847825233225,2
1.0,0.3076923076923077,4.25,4.0,2.0,13.0,0.16666666666666666,-0.5176075817537311,0.0,0.320218962134726,0.344782608688794,0.9999037819797576,0.6065858529073982,0.5714132706599664,0.004070137939983506,0.0842124266811112,0.49718450634963424,0.8419671150384282,0.320218962134726,0.7582039399250219,0.42583113841717374,ChatDev_ProgramDev2_GPT4o_98_scored.json,0.23330225111823008,0.3076923076923077,0.3076923076923077,0.3076923076923077,0.23076923076923078,0.23076923076923078,0.23076923076923078,0.07692307692307693,0.23076923076923078,0.23076923076923078,0.23076923076923078,0.07692307692307693,0.07692307692307693,0.07692307692307693,-0.07692307692307693,0.38461538461538464,0.38461538461538464,0.38461538461538464,0.3076923076923077,0.3076923076923077,0.3076923076923077,0.23076923076923078,0.3076923076923077,0.3076923076923077,0.3076923076923077,0.23076923076923078,0.15384615384615385,0.15384615384615385,0.07692307692307693,2.5,2.0,0.8461538461538461,0.8461538461538461,0.8461538461538461,0.8461538461538461,0.6923076923076923,0.46153846153846156,0.38461538461538464,0.38461538461538464,0.23076923076923078,c1,0.15384615384615385,0.15384615384615385,0.15384615384615385,0.15384615384615385,0.3076923076923077,0.5384615384615384,0.6153846153846154,0.6153846153846154,0.7692307692307693,0.45273969906124434,0.2863668907726722,7,4,13,1.1,1.1\ChatDev_ProgramDev2_GPT4o_98_scored.json,-0.07692307692307693,Develop a CLI tool that generates a Markdown table from a CSV file input. The first row of the CSV is treated as the header.,CodeReviewComment,Code Reviewer,0.004070137939983506,3
0.0,0.3076923076923077,8.25,4.0,1.0,13.0,0.3333333333333333,-0.8817046636737186,0.3333333333333333,0.26898038088444076,0.4985653532554817,0.9999996058944131,0.7463477580175438,0.888497063066485,0.2535067922395429,0.36837749121363134,0.499997635655939,0.9985629889114207,0.26898038088444076,0.7438854846828107,0.5984954682841435,ChatDev_ProgramDev_GPT4o_11_scored.json,0.40187956200944663,0.6923076923076923,0.6153846153846154,0.5384615384615384,0.5384615384615384,0.4615384615384615,0.3846153846153846,0.23076923076923073,0.5384615384615384,0.4615384615384615,0.3846153846153846,0.23076923076923073,0.38461538461538464,0.3076923076923077,0.15384615384615385,0.6923076923076923,0.6538461538461539,0.6153846153846154,0.5384615384615384,0.5,0.4615384615384615,0.3846153846153846,0.5384615384615384,0.5,0.4615384615384615,0.3846153846153846,0.42307692307692313,0.38461538461538464,0.3076923076923077,,8.0,1.0,1.0,0.9230769230769231,0.8461538461538461,0.6923076923076923,0.6923076923076923,0.5384615384615384,0.5384615384615384,0.46153846153846156,c1,0.0,0.0,0.07692307692307693,0.15384615384615385,0.3076923076923077,0.3076923076923077,0.46153846153846156,0.46153846153846156,0.5384615384615384,0.7463477580175438,0.47736737713310307,7,4,13,1.1,1.1\ChatDev_ProgramDev_GPT4o_11_scored.json,0.15384615384615385,"Design a standard wordle game by providing a daily 5-letter English language word. The game should allow a player to take 6 turns to guess the word. Correct guess for each letter is colored by green (correct letter in correct position), grey for invalid letter, or yellow for correct letter in wrong position. It should be playable from Linux Terminal, and does not require me to access a dedicated UX or GUI platform, i.e. print the results on terminal at each stage and let me play it there by entering inputs. If the player guesses the word within the allowed number of attempts, they win. If not, the solution is revealed. Validate each guess for proper feedback.",CodeReviewComment,Code Reviewer,0.2535067922395429,3
0.0,0.38461538461538464,15,5.0,3.0,13.0,0.3333333333333333,-0.12490266334146624,0.6666666666666666,0.34682455058805894,0.7961734384573215,1.0,0.5678428578832379,0.500214960243808,0.0677901276714994,0.18536819174529603,0.20350323854031216,0.9996766769976336,0.34682455058805894,0.972362610668201,0.41782703881971633,ChatDev_ProgramDev_GPT4o_15_scored.json,0.17472087934868857,0.23076923076923078,0.07692307692307693,0.07692307692307693,0.23076923076923078,0.07692307692307693,0.07692307692307693,0.07692307692307693,0.07692307692307693,-0.07692307692307693,-0.07692307692307693,-0.07692307692307693,-0.07692307692307693,-0.07692307692307693,-0.07692307692307693,0.34615384615384615,0.2692307692307693,0.2692307692307693,0.34615384615384615,0.2692307692307693,0.2692307692307693,0.2692307692307693,0.19230769230769232,0.11538461538461539,0.11538461538461539,0.11538461538461539,0.11538461538461539,0.11538461538461539,0.11538461538461539,1.3333333333333333,1.25,0.9230769230769231,0.7692307692307693,0.6153846153846154,0.6153846153846154,0.6153846153846154,0.46153846153846156,0.46153846153846156,0.3076923076923077,0.3076923076923077,c1,0.07692307692307693,0.23076923076923078,0.38461538461538464,0.38461538461538464,0.38461538461538464,0.5384615384615384,0.5384615384615384,0.6923076923076923,0.6923076923076923,0.33707362711400707,0.2210183072951789,7,4,13,1.1,1.1\ChatDev_ProgramDev_GPT4o_15_scored.json,-0.07692307692307693,"Design a classic Snake game. The player controls a snake using directional inputs to move around the board and eat 'food' items. Each time the snake eats, it grows in length. The game ends if the snake collides with itself or the boundary. The board updates after each move. Show the current score based on food eaten, and consider offering multiple difficulty levels.",CodeReviewComment,Code Reviewer,0.0677901276714994,1
0.0,0.3076923076923077,27.25,4.0,3.0,13.0,0.6666666666666666,0.277133348750445,1.0,0.33834253422660826,0.3846997120449607,1.0,0.6345368326929219,0.7704547846319273,0.007592913501818538,0.06753110113071303,0.4997870583531592,0.8844867703981198,0.33834253422660826,0.9190368861092725,0.4464536569355909,ChatDev_ProgramDev_GPT4o_18_scored.json,0.24405262795881613,0.46153846153846156,0.38461538461538464,0.38461538461538464,0.3846153846153846,0.30769230769230765,0.30769230769230765,0.23076923076923073,0.23076923076923078,0.15384615384615385,0.15384615384615385,0.07692307692307693,0.0,0.0,-0.07692307692307693,0.5384615384615385,0.5,0.5,0.4615384615384615,0.423076923076923,0.423076923076923,0.3846153846153846,0.3076923076923077,0.2692307692307693,0.2692307692307693,0.23076923076923078,0.11538461538461539,0.11538461538461539,0.07692307692307693,2.5,2.0,0.8461538461538461,0.8461538461538461,0.7692307692307693,0.7692307692307693,0.6923076923076923,0.6153846153846154,0.5384615384615384,0.38461538461538464,0.23076923076923078,c1,0.15384615384615385,0.15384615384615385,0.23076923076923078,0.23076923076923078,0.3076923076923077,0.38461538461538464,0.46153846153846156,0.6153846153846154,0.7692307692307693,0.4806906788467681,0.2961942984663137,7,4,13,1.1,1.1\ChatDev_ProgramDev_GPT4o_18_scored.json,-0.07692307692307693,"Implement Dou Dizhu (Chinese Poker) game for three players, one of whom is the 'landlord.' Cards must be played in valid combinations (singles, pairs, straights, etc.). The objective is to be the first to run out of cards or prevent the landlord from doing so, following standard Dou Dizhu rules. Include the bidding phase to determine the landlord, and enforce the pass-or-beat logic for played combinations.",CodeReviewModification,Programmer,0.007592913501818538,4
0.0,0.3076923076923077,37.25,4.0,4.0,13.0,0.6,0.7790969209571336,1.0,0.39066094595450435,0.8146706399757261,0.9999999100968789,0.5629832436784852,0.5645359535889031,0.003372952950850894,0.015160022830982157,0.06887363783703601,0.8835442778127621,0.39066094595450435,0.6573135978285153,0.39510015646019486,ChatDev_ProgramDev_GPT4o_27_scored.json,0.25983842015930086,0.15384615384615385,0.15384615384615385,0.15384615384615385,0.15384615384615385,0.15384615384615385,0.15384615384615385,0.15384615384615385,0.15384615384615385,0.15384615384615385,0.15384615384615385,0.15384615384615385,-0.07692307692307693,-0.07692307692307693,-0.07692307692307693,0.3076923076923077,0.3076923076923077,0.3076923076923077,0.3076923076923077,0.3076923076923077,0.3076923076923077,0.3076923076923077,0.3076923076923077,0.3076923076923077,0.3076923076923077,0.3076923076923077,0.07692307692307693,0.07692307692307693,0.07692307692307693,1.5,1.4,0.6923076923076923,0.6923076923076923,0.6923076923076923,0.6923076923076923,0.6923076923076923,0.46153846153846156,0.46153846153846156,0.46153846153846156,0.23076923076923078,c1,0.3076923076923077,0.3076923076923077,0.3076923076923077,0.3076923076923077,0.3076923076923077,0.5384615384615384,0.5384615384615384,0.5384615384615384,0.7692307692307693,0.25529093598617747,0.17232229772398083,8,5,13,1.1,1.1\ChatDev_ProgramDev_GPT4o_27_scored.json,-0.07692307692307693,"Design a Gold Miner game. A claw moves back and forth, and the player times a grab to collect gold or other objects. Each object has a value and takes time to reel in. The level ends when time runs out or the minimum gold value is met. Display the position of the claw and objects, updating after each grab. Introduce ascending difficulty with more obstacles or tighter time limits.",CodeReviewModification,Programmer,0.003372952950850894,2
0.0,0.15384615384615385,1,2.0,2.0,13.0,0.0,-0.8835535964523076,0.0,0.33407513057245247,0.42754239071129296,0.9999998605188419,0.702255962161045,0.8132279752436989,0.014063629129731359,0.11850998398843206,0.5584058867982304,0.9859482775095234,0.33407513057245247,0.7438854846828107,0.4957982622516509,ChatDev_ProgramDev_GPT4o_5_scored.json,0.3781378257790242,0.5384615384615384,0.5384615384615384,0.5384615384615384,0.3846153846153846,0.3846153846153846,0.3846153846153846,0.3846153846153846,0.3846153846153846,0.3846153846153846,0.3846153846153846,0.3846153846153846,0.23076923076923078,0.23076923076923078,0.23076923076923078,0.6153846153846154,0.6153846153846154,0.6153846153846154,0.4615384615384615,0.4615384615384615,0.4615384615384615,0.4615384615384615,0.4615384615384615,0.4615384615384615,0.4615384615384615,0.4615384615384615,0.3076923076923077,0.3076923076923077,0.3076923076923077,3.4999999999999996,2.6666666666666665,0.8461538461538461,0.8461538461538461,0.8461538461538461,0.8461538461538461,0.8461538461538461,0.6923076923076923,0.5384615384615384,0.5384615384615384,0.38461538461538464,c1,0.15384615384615385,0.15384615384615385,0.15384615384615385,0.15384615384615385,0.15384615384615385,0.3076923076923077,0.46153846153846156,0.46153846153846156,0.6153846153846154,0.5484098083148912,0.36818083158859255,7,4,13,1.1,1.1\ChatDev_ProgramDev_GPT4o_5_scored.json,0.23076923076923078,write a program that generates Fibonacci numbers up to a given number,CodeReviewComment,Code Reviewer,0.014063629129731359,2
0.0,0.23076923076923078,10.666666666666666,3.0,2.0,13.0,0.2,-0.3763043891668922,0.3333333333333333,0.37658402269416374,0.37389567172504423,0.9999998684420693,0.7199764943683183,0.9378035739786901,0.010632041642678046,0.0483376902553165,0.624057789720345,0.9979534614453892,0.37658402269416374,0.5748150186004534,0.5071731585506262,ChatDev_ProgramDev_GPT4o_6_scored.json,0.4430624580728113,0.5384615384615385,0.5384615384615385,0.5384615384615385,0.38461538461538464,0.38461538461538464,0.38461538461538464,0.38461538461538464,0.38461538461538464,0.38461538461538464,0.38461538461538464,0.38461538461538464,0.38461538461538464,0.38461538461538464,0.38461538461538464,0.6538461538461539,0.6538461538461539,0.6538461538461539,0.5,0.5,0.5,0.5,0.5,0.5,0.5,0.5,0.5,0.5,0.5,2.6666666666666665,2.25,0.8461538461538461,0.7692307692307693,0.7692307692307693,0.7692307692307693,0.7692307692307693,0.7692307692307693,0.6153846153846154,0.6153846153846154,0.6153846153846154,c1,0.15384615384615385,0.23076923076923078,0.23076923076923078,0.23076923076923078,0.23076923076923078,0.23076923076923078,0.38461538461538464,0.38461538461538464,0.38461538461538464,0.48920726359908756,0.3433924716741546,8,5,13,1.1,1.1\ChatDev_ProgramDev_GPT4o_6_scored.json,0.38461538461538464,"Design a tic-tac-toe game with a user-friendly interface, allowing two players to take turns and determining the winner. Use a standard 3x3 grid, track each player's moves. Players alternate placing X or O, and the game ends when a player wins or the board is full.",CodeReviewModification,Programmer,0.010632041642678046,3
0.0,0.3076923076923077,18.75,4.0,3.0,13.0,0.6666666666666666,0.022485582467053383,1.0,0.32041335295082013,0.2591193442817131,0.9999998362229202,0.5444286534217636,0.6608210282777969,0.001143679616313022,0.0016914988655521873,0.4999625472292817,0.7590818915109948,0.32041335295082013,0.7898294618510978,0.3814431612801284,ChatDev_ProgramDev_GPT4o_8_scored.json,0.08375825437257903,0.38461538461538464,0.38461538461538464,0.38461538461538464,0.15384615384615385,0.15384615384615385,0.15384615384615385,0.07692307692307693,-0.07692307692307693,-0.07692307692307693,-0.07692307692307693,-0.15384615384615385,-0.15384615384615385,-0.15384615384615385,-0.23076923076923078,0.5,0.5,0.5,0.2692307692307693,0.2692307692307693,0.2692307692307693,0.23076923076923078,0.038461538461538464,0.038461538461538464,0.038461538461538464,0.0,-0.038461538461538464,-0.038461538461538464,-0.07692307692307693,0.6666666666666666,0.75,0.7692307692307693,0.7692307692307693,0.7692307692307693,0.7692307692307693,0.6923076923076923,0.6153846153846154,0.38461538461538464,0.15384615384615385,0.07692307692307693,c1,0.23076923076923078,0.23076923076923078,0.23076923076923078,0.23076923076923078,0.3076923076923077,0.38461538461538464,0.6153846153846154,0.8461538461538461,0.9230769230769231,0.3136594226525328,0.22401530047094348,7,4,13,1.1,1.1\ChatDev_ProgramDev_GPT4o_8_scored.json,-0.23076923076923078,"Design a chess game, allowing two players to take turns and determining the winner. It should be playable from Linux Terminal, and does not require me to access a dedicated UX or GUI platform, i.e. print the results on terminal at each stage and let me play it there by entering inputs (formal chess notation such as Ke8). Include standard chess features like castling, en passant, and pawn promotion. Enforce check and checkmate rules.",CodeReviewModification,Programmer,0.001143679616313022,4
1.0,0.47058823529411764,12.125,8.0,3.0,17.0,0.5,0.5819418128254795,0.75,0.28933302984629145,0.4196797432614018,0.9999998151920212,0.5634980672452745,0.5006257212073035,0.035080643882095856,0.244540656648589,0.3303107900482726,0.7499905333096744,0.28933302984629145,0.9404542210971618,0.4049728402363209,ChatDev_ProgramDev2_GPT4o_10_scored.json,0.1325877805282999,0.4117647058823529,0.23529411764705882,0.11764705882352938,0.29411764705882354,0.11764705882352944,0.0,-0.11764705882352938,0.1764705882352941,0.0,-0.11764705882352944,-0.23529411764705882,-0.05882352941176469,-0.17647058823529413,-0.2941176470588235,0.4411764705882353,0.3529411764705882,0.2941176470588235,0.3235294117647059,0.23529411764705885,0.17647058823529413,0.11764705882352944,0.20588235294117646,0.11764705882352941,0.05882352941176469,0.0,0.05882352941176472,0.0,-0.05882352941176469,4.0,2.5,0.9411764705882353,0.9411764705882353,0.7647058823529411,0.6470588235294118,0.5294117647058824,0.47058823529411764,0.35294117647058826,0.23529411764705882,0.17647058823529413,c2,0.058823529411764705,0.058823529411764705,0.23529411764705882,0.35294117647058826,0.47058823529411764,0.5294117647058824,0.6470588235294118,0.7647058823529411,0.8235294117647058,0.5046745378335098,0.27416503739898307,9,5,17,1.3,1.3\ChatDev_ProgramDev2_GPT4o_10_scored.json,-0.2941176470588235,"Develop a CLI utility for simple file encryption and decryption using a symmetric algorithm (e.g., AES with a user-provided password). The tool should take input file, output file, password, and mode (encrypt/decrypt) as arguments.",CodeReviewModification,Programmer,0.035080643882095856,4
1.0,0.46153846153846156,15.833333333333334,6.0,5.0,13.0,0.8,0.8002285253321757,1.0,0.41527737252398844,0.9100947645928821,0.9999998492815078,0.5208434191614584,0.5802686205658493,0.017237210659997688,0.03339804184714305,0.0898729342036552,0.9999676987965372,0.41527737252398844,0.8244618719363132,0.36976155661102017,ChatDev_ProgramDev2_GPT4o_17_scored.json,0.20032439198517632,0.07692307692307693,0.0,0.0,0.0,-0.07692307692307693,-0.07692307692307693,-0.07692307692307693,0.0,-0.07692307692307693,-0.07692307692307693,-0.07692307692307693,-0.07692307692307693,-0.07692307692307693,-0.07692307692307693,0.2692307692307693,0.23076923076923078,0.23076923076923078,0.19230769230769232,0.15384615384615385,0.15384615384615385,0.15384615384615385,0.19230769230769232,0.15384615384615385,0.15384615384615385,0.15384615384615385,0.15384615384615385,0.15384615384615385,0.15384615384615385,1.0,1.0,0.6923076923076923,0.6153846153846154,0.5384615384615384,0.5384615384615384,0.5384615384615384,0.46153846153846156,0.38461538461538464,0.38461538461538464,0.38461538461538464,c2,0.3076923076923077,0.38461538461538464,0.46153846153846156,0.46153846153846156,0.46153846153846156,0.5384615384615384,0.6153846153846154,0.6153846153846154,0.6153846153846154,0.13622803454607374,0.10556604663746993,8,5,13,1.3,1.3\ChatDev_ProgramDev2_GPT4o_17_scored.json,-0.07692307692307693,"Create a CLI application to check the current stock price for a given ticker symbol using a public financial API (e.g., Alpha Vantage, IEX Cloud). Display the current price and change.",CodeReviewModification,Programmer,0.017237210659997688,2
0.0,0.35714285714285715,5.8,5.0,3.0,14.0,0.4,-0.24166798199707487,0.3333333333333333,0.3762928163142158,0.6245877156125237,0.9999998865869693,0.6176420651502045,0.7893649105425002,0.006032292596426639,0.014584070781874212,0.2920186261139321,0.9166063417264558,0.3762928163142158,0.827409557091281,0.4341591333840711,ChatDev_ProgramDev2_GPT4o_19_scored.json,0.30882103257510224,0.4285714285714286,0.3571428571428572,0.3571428571428572,0.3571428571428571,0.2857142857142857,0.2857142857142857,0.21428571428571425,0.2857142857142857,0.2142857142857143,0.2142857142857143,0.14285714285714285,0.0,0.0,-0.07142857142857145,0.5357142857142858,0.5,0.5,0.46428571428571425,0.42857142857142855,0.42857142857142855,0.3928571428571428,0.39285714285714285,0.35714285714285715,0.35714285714285715,0.3214285714285714,0.14285714285714285,0.14285714285714285,0.10714285714285712,2.3333333333333335,2.0,0.7857142857142857,0.7857142857142857,0.7142857142857143,0.7142857142857143,0.6428571428571429,0.6428571428571429,0.5714285714285714,0.5,0.2857142857142857,c2,0.21428571428571427,0.21428571428571427,0.2857142857142857,0.2857142857142857,0.35714285714285715,0.35714285714285715,0.42857142857142855,0.5,0.7142857142857143,0.4033563508644902,0.24134924883598868,8,5,14,1.3,1.3\ChatDev_ProgramDev2_GPT4o_19_scored.json,-0.07142857142857145,Build a CLI tool to encode and decode strings using Base64. The user provides the input string and specifies whether to encode or decode.,CodeReviewModification,Programmer,0.006032292596426639,2
0.0,0.3333333333333333,16.4,5.0,3.0,15.0,0.6,0.21144508929314185,1.0,0.3048663139508521,0.4683221404530627,0.9999991242668611,0.5235444037349871,0.6086320658592209,0.00027439434392282605,0.051099501633317,0.3014310962076882,0.7697532366607509,0.3048663139508521,0.9613833012053532,0.3665634009176678,ChatDev_ProgramDev2_GPT4o_21_scored.json,0.10470888074699743,0.3333333333333333,0.26666666666666666,0.2,0.1333333333333333,0.06666666666666665,0.0,0.0,0.0,-0.06666666666666665,-0.1333333333333333,-0.1333333333333333,-0.2,-0.26666666666666666,-0.26666666666666666,0.43333333333333335,0.4,0.3666666666666667,0.2333333333333333,0.19999999999999998,0.16666666666666666,0.16666666666666666,0.1,0.06666666666666668,0.033333333333333354,0.033333333333333354,-0.06666666666666667,-0.09999999999999999,-0.09999999999999999,1.0,1.0,0.8,0.8,0.7333333333333333,0.6666666666666666,0.6666666666666666,0.5333333333333333,0.3333333333333333,0.2,0.06666666666666667,c2,0.2,0.2,0.26666666666666666,0.3333333333333333,0.3333333333333333,0.4666666666666667,0.6666666666666666,0.8,0.9333333333333333,0.3235444037349871,0.218678089784135,8,5,15,1.3,1.3\ChatDev_ProgramDev2_GPT4o_21_scored.json,-0.26666666666666666,"Create a CLI timer and countdown tool. For the timer, it counts up from zero. For countdown, the user specifies a duration (e.g., 5m, 1h30s), and it counts down, notifying when finished.",CodeReviewModification,Programmer,0.00027439434392282605,2
1.0,0.5714285714285714,8,8.0,6.0,14.0,0.6,0.5588905851211384,0.6666666666666666,0.3651448298336218,0.6708808355691591,0.9998414634104806,0.44381308112517487,0.46480884312460236,3.0842808703550774e-05,0.006298802398738773,0.0907753897460718,0.7616562253152309,0.3651448298336218,0.9285249215482251,0.31067840963023347,ChatDev_ProgramDev2_GPT4o_38_scored.json,0.09510280309825175,0.0,-0.0714285714285714,-0.0714285714285714,-0.07142857142857145,-0.14285714285714285,-0.14285714285714285,-0.2857142857142857,-0.14285714285714288,-0.21428571428571427,-0.21428571428571427,-0.3571428571428571,-0.21428571428571427,-0.21428571428571427,-0.3571428571428571,0.17857142857142858,0.14285714285714288,0.14285714285714288,0.10714285714285712,0.07142857142857142,0.07142857142857142,0.0,0.0357142857142857,0.0,0.0,-0.07142857142857142,0.0,0.0,-0.07142857142857142,0.6,0.6666666666666666,0.7142857142857143,0.6428571428571429,0.5714285714285714,0.5714285714285714,0.42857142857142855,0.35714285714285715,0.2857142857142857,0.21428571428571427,0.21428571428571427,c2,0.2857142857142857,0.35714285714285715,0.42857142857142855,0.42857142857142855,0.5714285714285714,0.6428571428571429,0.7142857142857143,0.7857142857142857,0.7857142857142857,0.08667022398231772,0.07866825129155308,8,5,14,1.5,1.5\ChatDev_ProgramDev2_GPT4o_38_scored.json,-0.3571428571428571,Develop a CLI tool that displays a calendar for a given month and year. The user inputs the month (numeric or name) and year.,CodeReviewComment,Code Reviewer,3.0842808703550774e-05,1
0.0,0.3076923076923077,6.25,4.0,4.0,13.0,0.16666666666666666,-0.35513923057874297,0.3333333333333333,0.3520545982097871,0.4332173799017884,0.9999998620096666,0.5741212260097693,0.6365471278249023,0.00194276213210273,0.012819658407685465,0.39812506067395564,0.831342440575744,0.3520545982097871,0.9473539682709406,0.40246768684646933,ChatDev_ProgramDev2_GPT4o_40_scored.json,0.17665268492608288,0.30769230769230765,0.30769230769230765,0.23076923076923073,0.23076923076923078,0.23076923076923078,0.15384615384615385,0.15384615384615385,0.07692307692307693,0.07692307692307693,0.0,0.0,0.0,-0.07692307692307693,-0.07692307692307693,0.423076923076923,0.423076923076923,0.3846153846153846,0.34615384615384615,0.34615384615384615,0.3076923076923077,0.3076923076923077,0.19230769230769232,0.19230769230769232,0.15384615384615385,0.15384615384615385,0.11538461538461539,0.07692307692307693,0.07692307692307693,1.3333333333333333,1.25,0.7692307692307693,0.7692307692307693,0.7692307692307693,0.6923076923076923,0.6923076923076923,0.5384615384615384,0.46153846153846156,0.3076923076923077,0.23076923076923078,c2,0.23076923076923078,0.23076923076923078,0.23076923076923078,0.3076923076923077,0.3076923076923077,0.46153846153846156,0.5384615384615384,0.6923076923076923,0.7692307692307693,0.34335199524053855,0.22206662779998226,7,4,13,1.3,1.3\ChatDev_ProgramDev2_GPT4o_40_scored.json,-0.07692307692307693,Write a CLI program that searches for a given string/pattern within all text files in a specified directory and its subdirectories (similar to `grep -r`). Display matching lines and filenames.,CodeReviewComment,Code Reviewer,0.00194276213210273,1
0.0,0.14285714285714285,16,2.0,1.0,14.0,0.2,-0.4316174143368887,0.3333333333333333,0.3073018404938137,0.38575146592753107,1.0,0.7653891275867529,0.8910396219583754,0.10054016186321518,0.24327943361402132,0.6140311800791275,0.9997826460066586,0.3073018404938137,0.4947762408364532,0.5659344378696916,ChatDev_ProgramDev2_GPT4o_45_scored.json,0.5467065197048235,0.5714285714285714,0.5714285714285714,0.5714285714285714,0.5714285714285714,0.5714285714285714,0.5714285714285714,0.5714285714285714,0.5714285714285714,0.5714285714285714,0.5714285714285714,0.5714285714285714,0.2857142857142857,0.2857142857142857,0.2857142857142857,0.6428571428571429,0.6428571428571429,0.6428571428571429,0.6428571428571429,0.6428571428571429,0.6428571428571429,0.6428571428571429,0.6428571428571429,0.6428571428571429,0.6428571428571429,0.6428571428571429,0.3571428571428571,0.3571428571428571,0.3571428571428571,5.0,3.6666666666666665,1.0,0.8571428571428571,0.8571428571428571,0.8571428571428571,0.8571428571428571,0.7142857142857143,0.7142857142857143,0.7142857142857143,0.42857142857142855,c2,0.0,0.14285714285714285,0.14285714285714285,0.14285714285714285,0.14285714285714285,0.2857142857142857,0.2857142857142857,0.2857142857142857,0.5714285714285714,0.62253198472961,0.4580872870929392,8,5,14,1.3,1.3\ChatDev_ProgramDev2_GPT4o_45_scored.json,0.2857142857142857,Create a CLI tool to generate a QR code from a given text string or URL. Output the QR code as an ASCII art representation in the terminal or save it as an image file.,CodeReviewModification,Programmer,0.10054016186321518,3
1.0,0.21428571428571427,10.333333333333334,3.0,1.0,14.0,0.4,-0.5616685261253833,0.3333333333333333,0.20389942910527384,0.2056996810585674,0.9999969827969342,0.666634509129832,0.6984609501872718,0.2498674428545347,0.43080956978462087,0.5401420063185773,0.7458416873771447,0.20389942910527384,0.7702436872383198,0.5416043892472427,ChatDev_ProgramDev2_GPT4o_47_scored.json,0.14285025195639256,0.6428571428571429,0.5714285714285715,0.5714285714285715,0.5,0.4285714285714286,0.4285714285714286,0.2857142857142857,0.21428571428571427,0.14285714285714285,0.14285714285714285,0.0,0.07142857142857142,0.07142857142857142,-0.07142857142857142,0.6428571428571429,0.6071428571428572,0.6071428571428572,0.5,0.4642857142857143,0.4642857142857143,0.39285714285714285,0.21428571428571427,0.17857142857142855,0.17857142857142855,0.10714285714285714,0.10714285714285714,0.10714285714285714,0.03571428571428571,,4.0,1.0,1.0,0.9285714285714286,0.9285714285714286,0.7857142857142857,0.6428571428571429,0.5,0.21428571428571427,0.14285714285714285,c2,0.0,0.0,0.07142857142857142,0.07142857142857142,0.21428571428571427,0.35714285714285715,0.5,0.7857142857142857,0.8571428571428571,0.666634509129832,0.4627350800245582,8,5,14,1.3,1.3\ChatDev_ProgramDev2_GPT4o_47_scored.json,-0.07142857142857142,Build a CLI program to join multiple file parts (created by a file splitter) back into a single original file. The user specifies the first part name.,CodeReviewModification,Programmer,0.2498674428545347,3
0.0,0.21428571428571427,21,3.0,2.0,14.0,0.2857142857142857,-0.0052898448149271875,0.6666666666666666,0.3268416535507944,0.2871927803632287,1.0,0.6107438942231986,0.6985412863006133,0.00042947463159820164,0.04845464861381428,0.5410299141725416,0.8282226945357704,0.3268416535507944,0.8286967871818546,0.4276495683457185,ChatDev_ProgramDev2_GPT4o_60_scored.json,0.2181228193654281,0.4285714285714286,0.4285714285714286,0.4285714285714286,0.2857142857142857,0.2857142857142857,0.2857142857142857,0.2857142857142857,0.14285714285714288,0.14285714285714288,0.14285714285714288,0.14285714285714288,0.0,0.0,0.0,0.5357142857142858,0.5357142857142858,0.5357142857142858,0.39285714285714285,0.39285714285714285,0.39285714285714285,0.39285714285714285,0.25,0.25,0.25,0.25,0.10714285714285714,0.10714285714285714,0.10714285714285714,1.6666666666666667,1.5,0.7857142857142857,0.7857142857142857,0.7857142857142857,0.7857142857142857,0.7857142857142857,0.6428571428571429,0.5,0.35714285714285715,0.21428571428571427,c2,0.21428571428571427,0.21428571428571427,0.21428571428571427,0.21428571428571427,0.21428571428571427,0.35714285714285715,0.5,0.6428571428571429,0.7857142857142857,0.39645817993748433,0.2839022406724042,8,4,14,1.3,1.3\ChatDev_ProgramDev2_GPT4o_60_scored.json,0.0,"Write a simple CLI password vault. Store website/service names, usernames, and passwords encrypted in a local file. Use a master password to encrypt/decrypt the vault.",CodeReviewComment,Code Reviewer,0.00042947463159820164,1
1.0,0.35714285714285715,7.8,5.0,4.0,14.0,0.2,0.004506997633918634,0.0,0.34818226678849107,0.6101183586980805,0.99999986794223,0.5344782256888574,0.5824816007490217,0.014063627752950034,0.027203424833265877,0.21613302675518448,0.826251385453265,0.34818226678849107,0.9397387539970584,0.37835384630808516,ChatDev_ProgramDev2_GPT4o_61_scored.json,0.1527080644825307,0.14285714285714285,0.14285714285714285,0.0714285714285714,0.07142857142857145,0.07142857142857145,0.0,0.0,0.0,0.0,-0.07142857142857145,-0.07142857142857145,-0.07142857142857142,-0.14285714285714288,-0.14285714285714288,0.2857142857142857,0.2857142857142857,0.24999999999999997,0.2142857142857143,0.2142857142857143,0.17857142857142858,0.17857142857142858,0.14285714285714285,0.14285714285714285,0.10714285714285712,0.10714285714285712,0.07142857142857142,0.0357142857142857,0.0357142857142857,1.0,1.0,0.7857142857142857,0.7142857142857143,0.7142857142857143,0.6428571428571429,0.6428571428571429,0.42857142857142855,0.35714285714285715,0.2857142857142857,0.21428571428571427,c2,0.21428571428571427,0.2857142857142857,0.2857142857142857,0.35714285714285715,0.35714285714285715,0.5714285714285714,0.6428571428571429,0.7142857142857143,0.7857142857142857,0.2487639399745717,0.18629595890036632,8,5,14,1.3,1.3\ChatDev_ProgramDev2_GPT4o_61_scored.json,-0.14285714285714288,"Create a CLI tool to help clean up local Git branches by listing branches that have been merged into the main/master branch and are inactive (old commit date), offering an option to delete them.",LanguageChoose,Chief Technology Officer,0.014063627752950034,2
1.0,0.4666666666666667,8.142857142857142,7.0,3.0,15.0,0.6666666666666666,-0.007982970126856488,0.3333333333333333,0.2826667573520008,0.3922626920984322,0.9999993779011619,0.5064802450484508,0.5000000289890234,3.7266389560521204e-06,0.10145299129586707,0.31933704421367043,0.7115997363121026,0.2826667573520008,0.9718495448242643,0.3545372895256024,ChatDev_ProgramDev2_GPT4o_62_scored.json,0.06753069933979344,0.2666666666666667,0.2,0.06666666666666671,0.13333333333333333,0.06666666666666665,-0.06666666666666665,-0.2,0.0,-0.06666666666666668,-0.19999999999999998,-0.33333333333333337,-0.13333333333333336,-0.26666666666666666,-0.4,0.33333333333333337,0.30000000000000004,0.23333333333333336,0.2,0.16666666666666666,0.1,0.033333333333333326,0.06666666666666667,0.033333333333333326,-0.033333333333333326,-0.1,-0.03333333333333334,-0.09999999999999999,-0.16666666666666669,1.0,1.0,0.8666666666666667,0.8666666666666667,0.8,0.6666666666666666,0.5333333333333333,0.4,0.26666666666666666,0.13333333333333333,0.06666666666666667,c2,0.13333333333333333,0.13333333333333333,0.2,0.3333333333333333,0.4666666666666667,0.6,0.7333333333333333,0.8666666666666667,0.9333333333333333,0.3731469117151175,0.22381348769645,9,5,15,1.3,1.3\ChatDev_ProgramDev2_GPT4o_62_scored.json,-0.4,"Develop a basic CLI Docker container manager. List running/all containers, start/stop containers by ID/name, and view logs of a container. (Assumes Docker is installed and user has permissions).",TestModification,Programmer,3.7266389560521204e-06,5
1.0,0.38461538461538464,18,5.0,4.0,13.0,0.8,0.28577226289185975,0.6666666666666666,0.3172549845212157,0.40634911544082924,0.9999998684420693,0.5711489322704251,0.5748821169653306,0.0012364605263631447,0.07600549766818021,0.42881491909285746,0.8351640345336867,0.3172549845212157,0.8777875964952416,0.4001751907472065,ChatDev_ProgramDev2_GPT4o_63_scored.json,0.17573813300628466,0.23076923076923078,0.23076923076923078,0.15384615384615385,0.23076923076923078,0.23076923076923078,0.15384615384615385,0.0,0.15384615384615385,0.15384615384615385,0.07692307692307693,-0.07692307692307693,0.07692307692307693,0.0,-0.15384615384615385,0.3076923076923077,0.3076923076923077,0.2692307692307693,0.3076923076923077,0.3076923076923077,0.2692307692307693,0.19230769230769232,0.23076923076923078,0.23076923076923078,0.19230769230769232,0.11538461538461539,0.15384615384615385,0.11538461538461539,0.038461538461538464,2.0,1.6666666666666667,0.8461538461538461,0.8461538461538461,0.8461538461538461,0.7692307692307693,0.6153846153846154,0.38461538461538464,0.38461538461538464,0.3076923076923077,0.23076923076923078,c2,0.15384615384615385,0.15384615384615385,0.15384615384615385,0.23076923076923078,0.38461538461538464,0.6153846153846154,0.6153846153846154,0.6923076923076923,0.7692307692307693,0.4173027784242712,0.25389394774920937,8,5,13,1.3,1.3\ChatDev_ProgramDev2_GPT4o_63_scored.json,-0.15384615384615385,"Build a CLI SSH alias manager. Allow users to add, list, and remove SSH connection aliases (hostname, user, port, key file) stored in a configuration file, making it easier to connect.",CodeReviewModification,Programmer,0.0012364605263631447,4
1.0,0.2857142857142857,7.25,4.0,2.0,14.0,0.2857142857142857,-0.35572562514601996,0.0,0.3034256901805269,0.48447813694389896,0.9999998445465887,0.72210552892482,0.7850184992684635,0.0953494626980111,0.2705690542470501,0.5152995163260812,0.9997776532699801,0.3034256901805269,0.8085465990227773,0.5340787090567773,ChatDev_ProgramDev2_GPT4o_64_scored.json,0.30947379811063713,0.5,0.5,0.5,0.5,0.5,0.5,0.3571428571428572,0.2857142857142857,0.2857142857142857,0.2857142857142857,0.14285714285714285,0.2857142857142857,0.2857142857142857,0.14285714285714285,0.5714285714285715,0.5714285714285715,0.5714285714285715,0.5714285714285715,0.5714285714285715,0.5714285714285715,0.5,0.3571428571428571,0.3571428571428571,0.3571428571428571,0.2857142857142857,0.3571428571428571,0.3571428571428571,0.2857142857142857,3.0,2.3333333333333335,0.9285714285714286,0.8571428571428571,0.8571428571428571,0.8571428571428571,0.7142857142857143,0.6428571428571429,0.6428571428571429,0.42857142857142855,0.42857142857142855,c2,0.07142857142857142,0.14285714285714285,0.14285714285714285,0.14285714285714285,0.2857142857142857,0.35714285714285715,0.35714285714285715,0.5714285714285714,0.5714285714285714,0.5792483860676771,0.41867983874429315,8,4,14,1.3,1.3\ChatDev_ProgramDev2_GPT4o_64_scored.json,0.14285714285714285,"Write a CLI network speed tester that measures download and upload speed against a public test server (e.g., using speedtest-cli or by downloading/uploading a file from a known server).",CodeReviewComment,Code Reviewer,0.0953494626980111,3
1.0,0.38461538461538464,14.8,5.0,4.0,13.0,0.8,0.0409923681492639,0.6666666666666666,0.26447924528255784,0.2846117235560505,1.0,0.5602791466068113,0.5992090913543551,0.009570439528306598,0.19680472096940196,0.4443694425250381,0.7289811660810886,0.26447924528255784,0.93111332105417,0.3950665344832599,ChatDev_ProgramDev2_GPT4o_65_scored.json,0.08619679178566328,0.3076923076923077,0.23076923076923078,0.23076923076923078,0.15384615384615385,0.07692307692307693,0.07692307692307693,-0.07692307692307693,0.0,-0.07692307692307693,-0.07692307692307693,-0.23076923076923078,-0.15384615384615385,-0.15384615384615385,-0.3076923076923077,0.38461538461538464,0.34615384615384615,0.34615384615384615,0.23076923076923078,0.19230769230769232,0.19230769230769232,0.11538461538461539,0.07692307692307693,0.038461538461538464,0.038461538461538464,-0.038461538461538464,-0.038461538461538464,-0.038461538461538464,-0.11538461538461539,1.0,1.0,0.9230769230769231,0.8461538461538461,0.7692307692307693,0.7692307692307693,0.6153846153846154,0.46153846153846156,0.3076923076923077,0.15384615384615385,0.07692307692307693,c2,0.07692307692307693,0.15384615384615385,0.23076923076923078,0.23076923076923078,0.38461538461538464,0.5384615384615384,0.6923076923076923,0.8461538461538461,0.9230769230769231,0.4064329927606575,0.2957999013242535,8,5,13,1.3,1.3\ChatDev_ProgramDev2_GPT4o_65_scored.json,-0.3076923076923077,"Create a CLI file renamer that can rename multiple files in a directory based on a specified pattern (e.g., add prefix, replace substring, add sequential numbers).",CodeReviewModification,Programmer,0.009570439528306598,4
1.0,0.38461538461538464,8.8,5.0,3.0,13.0,0.4,0.12695528405792572,0.3333333333333333,0.4104286493373979,0.665070008573208,0.9999999126029394,0.6686569700464724,0.9953907221774507,0.001501181950907551,0.014157358108928817,0.3339450190499049,0.9990150276231129,0.4104286493373979,0.6410729506117447,0.4685102336178029,ChatDev_ProgramDev2_GPT4o_66_scored.json,0.4114812123362907,0.38461538461538464,0.38461538461538464,0.3076923076923077,0.38461538461538464,0.38461538461538464,0.3076923076923077,0.23076923076923078,0.38461538461538464,0.38461538461538464,0.3076923076923077,0.23076923076923078,0.30769230769230765,0.23076923076923073,0.1538461538461538,0.5,0.5,0.46153846153846156,0.5,0.5,0.46153846153846156,0.42307692307692313,0.5,0.5,0.46153846153846156,0.42307692307692313,0.423076923076923,0.3846153846153846,0.34615384615384615,2.6666666666666665,2.25,0.7692307692307693,0.7692307692307693,0.7692307692307693,0.6923076923076923,0.6153846153846154,0.6153846153846154,0.6153846153846154,0.6153846153846154,0.5384615384615384,c2,0.23076923076923078,0.23076923076923078,0.23076923076923078,0.3076923076923077,0.38461538461538464,0.38461538461538464,0.38461538461538464,0.38461538461538464,0.46153846153846156,0.4378877392772416,0.2582283207090745,8,5,13,1.3,1.3\ChatDev_ProgramDev2_GPT4o_66_scored.json,0.1538461538461538,"Develop a basic CLI image resizer. Takes an image file, target width or height, and resizes it while maintaining aspect ratio. Save the output to a new file.",CodeReviewComment,Code Reviewer,0.001501181950907551,2
1.0,0.2857142857142857,15,4.0,2.0,14.0,0.5,0.328142508288848,0.6666666666666666,0.36907630932595903,0.5189618401810236,0.9999998669578981,0.6483664269568077,0.7667041940236312,3.7912802139559533e-10,0.01585680263834906,0.4784228143316743,0.9973846545126979,0.36907630932595903,0.7791800429485637,0.4538564989835038,ChatDev_ProgramDev2_GPT4o_67_scored.json,0.23155943819885988,0.5,0.5,0.5,0.3571428571428571,0.3571428571428571,0.3571428571428571,0.2857142857142857,0.14285714285714288,0.14285714285714288,0.14285714285714288,0.07142857142857145,0.14285714285714288,0.14285714285714288,0.07142857142857145,0.6071428571428572,0.6071428571428572,0.6071428571428572,0.46428571428571425,0.46428571428571425,0.46428571428571425,0.42857142857142855,0.25,0.25,0.25,0.2142857142857143,0.25,0.25,0.2142857142857143,1.6666666666666667,1.5,0.7857142857142857,0.7857142857142857,0.7857142857142857,0.7857142857142857,0.7142857142857143,0.7142857142857143,0.5714285714285714,0.35714285714285715,0.35714285714285715,c2,0.21428571428571427,0.21428571428571427,0.21428571428571427,0.21428571428571427,0.2857142857142857,0.2857142857142857,0.42857142857142855,0.6428571428571429,0.6428571428571429,0.4340807126710934,0.27929011763084866,9,5,14,1.3,1.3\ChatDev_ProgramDev2_GPT4o_67_scored.json,0.07142857142857145,"Build a CLI audio file tag editor for MP3 files (basic ID3 tags). Allow viewing and modifying tags like title, artist, album, year. Requires a library for MP3 tag manipulation.",DemandAnalysis,Chief Product Officer,3.7912802139559533e-10,2
1.0,0.6153846153846154,12.375,8.0,7.0,13.0,0.8,0.7757480912524591,1.0,0.36978743287285165,0.6600109967833876,0.9999961491792697,0.4695859269316622,0.4703911418144135,0.006090051199585631,0.027794723420862727,0.09003560990982996,0.7500466066932175,0.36978743287285165,0.972362610668201,0.33053716421203916,ChatDev_ProgramDev2_GPT4o_68_scored.json,0.1083659831380759,0.07692307692307693,-0.07692307692307693,-0.07692307692307693,0.07692307692307693,-0.07692307692307693,-0.07692307692307693,-0.23076923076923078,-0.07692307692307693,-0.23076923076923078,-0.23076923076923078,-0.38461538461538464,-0.23076923076923078,-0.23076923076923078,-0.38461538461538464,0.23076923076923078,0.15384615384615385,0.15384615384615385,0.23076923076923078,0.15384615384615385,0.15384615384615385,0.07692307692307693,0.07692307692307693,0.0,0.0,-0.07692307692307693,0.0,0.0,-0.07692307692307693,0.75,0.8,0.6923076923076923,0.6923076923076923,0.5384615384615384,0.5384615384615384,0.38461538461538464,0.38461538461538464,0.38461538461538464,0.23076923076923078,0.23076923076923078,c2,0.3076923076923077,0.3076923076923077,0.46153846153846156,0.46153846153846156,0.6153846153846154,0.6153846153846154,0.6153846153846154,0.7692307692307693,0.7692307692307693,0.16189361923935447,0.09979849405881053,8,5,13,1.3,1.3\ChatDev_ProgramDev2_GPT4o_68_scored.json,-0.38461538461538464,"Write a CLI tool to convert a short video file segment (e.g., first 5 seconds) into an animated GIF. Requires `ffmpeg` to be installed.",CodeReviewComment,Code Reviewer,0.006090051199585631,1
1.0,0.2857142857142857,8.5,4.0,3.0,14.0,0.3333333333333333,0.13026556979105464,0.3333333333333333,0.36821993609675324,0.6365338500326922,0.9999991241659004,0.6463593437169738,0.7761420015085452,0.017986213912998077,0.060469742694798906,0.3124914696145207,0.9490253196472129,0.36821993609675324,0.6428338893455412,0.45784740477578106,ChatDev_ProgramDev2_GPT4o_69_scored.json,0.3231796718584869,0.4285714285714286,0.4285714285714286,0.4285714285714286,0.4285714285714286,0.4285714285714286,0.4285714285714286,0.4285714285714286,0.2142857142857143,0.2142857142857143,0.2142857142857143,0.2142857142857143,0.07142857142857145,0.07142857142857145,0.07142857142857145,0.5714285714285714,0.5714285714285714,0.5714285714285714,0.5714285714285714,0.5714285714285714,0.5714285714285714,0.5714285714285714,0.35714285714285715,0.35714285714285715,0.35714285714285715,0.35714285714285715,0.2142857142857143,0.2142857142857143,0.2142857142857143,1.75,1.6,0.8571428571428571,0.7142857142857143,0.7142857142857143,0.7142857142857143,0.7142857142857143,0.7142857142857143,0.7142857142857143,0.5,0.35714285714285715,c2,0.14285714285714285,0.2857142857142857,0.2857142857142857,0.2857142857142857,0.2857142857142857,0.2857142857142857,0.2857142857142857,0.5,0.6428571428571429,0.3606450580026881,0.27813940762022055,9,5,14,1.3,1.3\ChatDev_ProgramDev2_GPT4o_69_scored.json,0.07142857142857145,"Create a CLI PDF text extractor. Takes a PDF file path and extracts all text content, printing it to standard output or saving to a text file. (May use a library like pdftotext).",CodeReviewComment,Code Reviewer,0.017986213912998077,2
1.0,0.21428571428571427,8,3.0,1.0,14.0,0.2857142857142857,-0.2907388204413542,0.3333333333333333,0.3043224851144266,0.338114966112133,1.0,0.7616332870384501,0.9165215252773011,0.00857748616990274,0.3285471895699181,0.6608353417371473,0.9989503078492803,0.3043224851144266,0.7551630862513186,0.5357165467778859,ChatDev_ProgramDev2_GPT4o_70_scored.json,0.43521902116482863,0.7142857142857143,0.6428571428571428,0.6428571428571428,0.5714285714285715,0.5,0.5,0.4285714285714286,0.5,0.42857142857142855,0.42857142857142855,0.3571428571428571,0.35714285714285715,0.35714285714285715,0.2857142857142857,0.75,0.7142857142857143,0.7142857142857143,0.6071428571428572,0.5714285714285715,0.5714285714285715,0.5357142857142858,0.5357142857142857,0.5,0.5,0.46428571428571425,0.4285714285714286,0.4285714285714286,0.39285714285714285,8.0,4.5,0.9285714285714286,0.9285714285714286,0.8571428571428571,0.8571428571428571,0.7857142857142857,0.7857142857142857,0.6428571428571429,0.5714285714285714,0.5,c2,0.07142857142857142,0.07142857142857142,0.14285714285714285,0.14285714285714285,0.21428571428571427,0.21428571428571427,0.35714285714285715,0.42857142857142855,0.5,0.6902047156098787,0.4573108019240235,8,4,14,1.3,1.3\ChatDev_ProgramDev2_GPT4o_70_scored.json,0.2857142857142857,"Develop a simple CLI RSS feed reader. User provides an RSS feed URL, and the tool fetches and displays the latest article titles and links.",CodeReviewComment,Code Reviewer,0.00857748616990274,2
1.0,0.23076923076923078,18.666666666666668,3.0,3.0,13.0,0.5,0.009699646475485905,0.6666666666666666,0.2584852992196724,0.2727389347319341,1.0,0.6780083106891622,0.7010922523978672,0.02148438848169067,0.4695099614094299,0.5121810913930388,0.7849200261249729,0.2584852992196724,0.7648208194538375,0.48105113402692073,ChatDev_ProgramDev2_GPT4o_71_scored.json,0.1564634563128836,0.6153846153846154,0.6153846153846154,0.6153846153846154,0.4615384615384615,0.4615384615384615,0.4615384615384615,0.30769230769230765,0.15384615384615385,0.15384615384615385,0.15384615384615385,0.0,0.15384615384615385,0.15384615384615385,0.0,0.6538461538461539,0.6538461538461539,0.6538461538461539,0.5,0.5,0.5,0.423076923076923,0.19230769230769232,0.19230769230769232,0.19230769230769232,0.11538461538461539,0.19230769230769232,0.19230769230769232,0.11538461538461539,3.0,2.0,0.9230769230769231,0.9230769230769231,0.9230769230769231,0.9230769230769231,0.7692307692307693,0.6923076923076923,0.5384615384615384,0.23076923076923078,0.23076923076923078,c2,0.07692307692307693,0.07692307692307693,0.07692307692307693,0.07692307692307693,0.23076923076923078,0.3076923076923077,0.46153846153846156,0.7692307692307693,0.7692307692307693,0.6010852337660852,0.41952301146948984,7,4,13,1.3,1.3\ChatDev_ProgramDev2_GPT4o_71_scored.json,0.0,Build a CLI tool to convert a JSON file to a CSV file. Handle nested JSON by flattening or allowing user to specify fields. User provides input JSON and output CSV paths.,CodeReviewModification,Programmer,0.02148438848169067,4
1.0,0.38461538461538464,8.8,5.0,4.0,13.0,0.4,0.19958510018488707,0.3333333333333333,0.40155130160159336,0.99011688590288,0.9999998398466282,0.5488580626049777,0.6943052726342251,0.00015250193730078878,0.0014552242045454934,0.008577486334930719,0.9986943722378108,0.40155130160159336,0.8398467466456184,0.3842463944046746,ChatDev_ProgramDev2_GPT4o_72_scored.json,0.16887940387845468,0.23076923076923073,0.23076923076923073,0.23076923076923073,0.15384615384615385,0.15384615384615385,0.15384615384615385,0.07692307692307693,0.0,0.0,0.0,-0.07692307692307693,0.0,0.0,-0.07692307692307693,0.3846153846153846,0.3846153846153846,0.3846153846153846,0.3076923076923077,0.3076923076923077,0.3076923076923077,0.2692307692307693,0.15384615384615385,0.15384615384615385,0.15384615384615385,0.11538461538461539,0.15384615384615385,0.15384615384615385,0.11538461538461539,1.0,1.0,0.6923076923076923,0.6923076923076923,0.6923076923076923,0.6923076923076923,0.6153846153846154,0.5384615384615384,0.46153846153846156,0.3076923076923077,0.3076923076923077,c2,0.3076923076923077,0.3076923076923077,0.3076923076923077,0.3076923076923077,0.38461538461538464,0.46153846153846156,0.5384615384615384,0.6923076923076923,0.6923076923076923,0.24116575491267,0.14730676100338436,8,5,13,1.3,1.3\ChatDev_ProgramDev2_GPT4o_72_scored.json,-0.07692307692307693,Write a CLI utility to convert a CSV file to a JSON file. Each row in the CSV becomes a JSON object. User provides input CSV and output JSON paths.,CodeReviewComment,Code Reviewer,0.00015250193730078878,1
1.0,0.42857142857142855,11.333333333333334,6.0,2.0,14.0,0.4,0.022231759406193638,0.3333333333333333,0.34589545673015465,0.456692101085796,0.9999998689587007,0.5479856968345483,0.5798418056132434,0.002462276407226327,0.008624047337207874,0.3378920113303056,0.7945841124161016,0.34589545673015465,0.9780416657815157,0.3843286707063517,ChatDev_ProgramDev2_GPT4o_73_scored.json,0.1565673419527281,0.21428571428571427,0.21428571428571427,0.0714285714285714,0.21428571428571427,0.21428571428571427,0.0714285714285714,0.0,0.07142857142857142,0.07142857142857142,-0.07142857142857145,-0.14285714285714285,0.0,-0.14285714285714288,-0.21428571428571427,0.3214285714285714,0.3214285714285714,0.24999999999999997,0.3214285714285714,0.3214285714285714,0.24999999999999997,0.21428571428571427,0.17857142857142855,0.17857142857142855,0.10714285714285712,0.07142857142857142,0.10714285714285714,0.0357142857142857,0.0,1.3333333333333333,1.25,0.7857142857142857,0.7857142857142857,0.7857142857142857,0.6428571428571429,0.5714285714285714,0.42857142857142855,0.42857142857142855,0.2857142857142857,0.21428571428571427,c2,0.21428571428571427,0.21428571428571427,0.21428571428571427,0.35714285714285715,0.42857142857142855,0.5714285714285714,0.5714285714285714,0.7142857142857143,0.7857142857142857,0.33369998254883404,0.2020902401043937,8,5,14,1.3,1.3\ChatDev_ProgramDev2_GPT4o_73_scored.json,-0.21428571428571427,Create a CLI YAML file validator. Takes a YAML file path and checks if its syntax is valid. Print success or error messages with line numbers if possible.,CodeReviewModification,Programmer,0.002462276407226327,3
1.0,0.3333333333333333,9.2,5.0,3.0,15.0,0.42857142857142855,0.1857619239355349,0.5,0.3124144082130147,0.43801637225962525,1.0,0.5977445042319446,0.5830692255870892,0.0031726831078774057,0.1732414705951208,0.4174269504866011,0.8554433227462264,0.3124144082130147,0.9718495448242642,0.41937295789472445,ChatDev_ProgramDev2_GPT4o_75_scored.json,0.1593985344618519,0.33333333333333337,0.26666666666666666,0.2,0.2666666666666667,0.2,0.13333333333333336,0.06666666666666671,0.13333333333333333,0.06666666666666665,0.0,-0.06666666666666665,0.06666666666666665,0.0,-0.06666666666666665,0.4,0.3666666666666667,0.33333333333333337,0.33333333333333337,0.30000000000000004,0.2666666666666667,0.23333333333333336,0.2,0.16666666666666666,0.13333333333333333,0.1,0.16666666666666666,0.13333333333333333,0.1,2.0,1.6666666666666667,0.9333333333333333,0.8666666666666667,0.8,0.7333333333333333,0.6666666666666666,0.4666666666666667,0.4,0.26666666666666666,0.26666666666666666,c2,0.06666666666666667,0.13333333333333333,0.2,0.26666666666666666,0.3333333333333333,0.5333333333333333,0.6,0.7333333333333333,0.7333333333333333,0.4644111708986113,0.2853300960189299,9,5,15,1.3,1.3\ChatDev_ProgramDev2_GPT4o_75_scored.json,-0.06666666666666665,"Build a CLI tool to strip all HTML tags from an HTML file or string input, leaving only the plain text content.",CodeReviewComment,Code Reviewer,0.0031726831078774057,1
0.0,0.07692307692307693,22,1.0,1.0,13.0,0.2,-0.5888369134411211,0.3333333333333333,0.2611835997907142,0.29609178515485346,0.9999998366814007,0.749085613244034,0.783629250242443,0.0037953021207279215,0.5385404818511171,0.6868862297761485,0.982978014931002,0.2611835997907142,0.6952544476781385,0.5254985199070421,ChatDev_ProgramDev2_GPT4o_76_scored.json,0.2881098512477054,0.7692307692307692,0.7692307692307692,0.7692307692307692,0.6153846153846154,0.6153846153846154,0.6153846153846154,0.6153846153846154,0.3076923076923077,0.3076923076923077,0.3076923076923077,0.3076923076923077,0.23076923076923078,0.23076923076923078,0.23076923076923078,0.8076923076923077,0.8076923076923077,0.8076923076923077,0.6538461538461539,0.6538461538461539,0.6538461538461539,0.6538461538461539,0.34615384615384615,0.34615384615384615,0.34615384615384615,0.34615384615384615,0.2692307692307693,0.2692307692307693,0.2692307692307693,5.0,3.0,0.9230769230769231,0.9230769230769231,0.9230769230769231,0.9230769230769231,0.9230769230769231,0.8461538461538461,0.6923076923076923,0.38461538461538464,0.3076923076923077,c2,0.07692307692307693,0.07692307692307693,0.07692307692307693,0.07692307692307693,0.07692307692307693,0.15384615384615385,0.3076923076923077,0.6153846153846154,0.6923076923076923,0.6721625363209571,0.4879020134533198,8,5,13,1.5,1.5\ChatDev_ProgramDev2_GPT4o_76_scored.json,0.23076923076923078,"Write a simple CLI data plotter that takes a list of numbers (e.g., from a file or stdin) and generates a basic text-based bar chart or line graph in the terminal.",CodeReviewModification,Programmer,0.0037953021207279215,4
1.0,0.42857142857142855,15,6.0,5.0,14.0,0.8,0.8302226197032477,1.0,0.3851295871898505,0.7542028459848088,0.9999998620333421,0.5416203408807287,0.6485346504367315,8.537662911643566e-06,0.0037029927381476376,0.16900945258632583,0.9232122985711346,0.3851295871898505,0.8024023537460198,0.37913679991538357,ChatDev_ProgramDev2_GPT4o_77_scored.json,0.1934358360288317,0.14285714285714285,0.14285714285714285,0.14285714285714285,0.14285714285714285,0.14285714285714285,0.14285714285714285,0.07142857142857145,0.0,0.0,0.0,-0.0714285714285714,-0.07142857142857145,-0.07142857142857145,-0.14285714285714285,0.3214285714285714,0.3214285714285714,0.3214285714285714,0.3214285714285714,0.3214285714285714,0.3214285714285714,0.2857142857142857,0.17857142857142858,0.17857142857142858,0.17857142857142858,0.14285714285714288,0.10714285714285712,0.10714285714285712,0.07142857142857142,1.0,1.0,0.7857142857142857,0.6428571428571429,0.6428571428571429,0.6428571428571429,0.5714285714285714,0.5,0.5,0.35714285714285715,0.2857142857142857,c2,0.21428571428571427,0.35714285714285715,0.35714285714285715,0.35714285714285715,0.42857142857142855,0.5,0.5,0.6428571428571429,0.7142857142857143,0.1844774837378716,0.15649075369087823,8,5,14,1.3,1.3\ChatDev_ProgramDev2_GPT4o_77_scored.json,-0.14285714285714285,"Create a CLI Pomodoro timer. Allows users to start a 25-minute work session followed by a 5-minute break, with configurable durations and notifications.",CodeReviewModification,Programmer,8.537662911643566e-06,2
0.0,0.4375,14.285714285714286,7.0,6.0,16.0,0.6,0.9494452234274317,1.0,0.408731077551156,0.9550795542936078,0.9999998586768968,0.523497211997375,0.5877111151436379,0.000751497163698684,0.0063205756476795265,0.044849690101545256,0.9999292443951531,0.408731077551156,0.915883001068276,0.3666734975472721,ChatDev_ProgramDev2_GPT4o_78_scored.json,0.1635928787491797,0.1875,0.125,0.0625,0.125,0.0625,0.0,0.0,0.0,-0.0625,-0.125,-0.125,-0.0625,-0.125,-0.125,0.34375,0.3125,0.28125,0.28125,0.25,0.21875,0.21875,0.15625,0.125,0.09375,0.09375,0.125,0.09375,0.09375,1.0,1.0,0.6875,0.6875,0.625,0.5625,0.5625,0.5,0.4375,0.3125,0.3125,c2,0.3125,0.3125,0.375,0.4375,0.4375,0.5,0.5625,0.6875,0.6875,0.21099721199737498,0.11476613444621897,8,5,16,1.3,1.3\ChatDev_ProgramDev2_GPT4o_78_scored.json,-0.125,Develop a CLI personal journal application. Entries are timestamped and can be encrypted with a user-provided password. Store entries in a local file.,CodeReviewModification,Programmer,0.000751497163698684,2
1.0,0.07142857142857142,34,1.0,1.0,14.0,0.16666666666666666,-0.053789840945455136,0.0,0.236803721693426,0.3327947601379019,0.9999997417751014,0.7590499093236058,0.8153985129205532,0.16736964875159918,0.5111573299374572,0.6174443713047625,0.9502391314426644,0.236803721693426,0.7275814227249104,0.5815458311520039,ChatDev_ProgramDev2_GPT4o_79_scored.json,0.3795249546618029,0.7142857142857143,0.7142857142857143,0.7142857142857143,0.5714285714285715,0.5714285714285715,0.5714285714285715,0.5714285714285715,0.4285714285714286,0.4285714285714286,0.4285714285714286,0.4285714285714286,0.3571428571428571,0.3571428571428571,0.3571428571428571,0.75,0.75,0.75,0.6071428571428572,0.6071428571428572,0.6071428571428572,0.6071428571428572,0.4642857142857143,0.4642857142857143,0.4642857142857143,0.4642857142857143,0.39285714285714285,0.39285714285714285,0.39285714285714285,7.0,4.0,1.0,0.9285714285714286,0.9285714285714286,0.9285714285714286,0.9285714285714286,0.7857142857142857,0.6428571428571429,0.5,0.42857142857142855,c2,0.0,0.07142857142857142,0.07142857142857142,0.07142857142857142,0.07142857142857142,0.21428571428571427,0.35714285714285715,0.5,0.5714285714285714,0.6876213378950344,0.5222461876301798,7,4,14,1.3,1.3\ChatDev_ProgramDev2_GPT4o_79_scored.json,0.3571428571428571,"Build a CLI recipe manager. Allow users to add recipes (name, ingredients, instructions), search for recipes by name or ingredient, and view recipe details. Store data in text or JSON files.",Coding,Programmer,0.16736964875159918,1
1.0,0.29411764705882354,23.2,5.0,4.0,17.0,0.5,1.0815508709061428,1.0,0.2993728241485136,0.3025630219132478,0.9999998680566333,0.5785178806835437,0.6691360179799745,0.018636561438518634,0.03885155487699125,0.4089909846952423,0.7115540066084901,0.2993728241485136,0.8887263188962904,0.4105534849100362,ChatDev_ProgramDev2_GPT4o_7_scored.json,0.13612185427848086,0.47058823529411764,0.47058823529411764,0.411764705882353,0.17647058823529413,0.17647058823529413,0.11764705882352944,0.05882352941176472,0.05882352941176469,0.05882352941176469,0.0,-0.05882352941176472,-0.05882352941176472,-0.11764705882352941,-0.17647058823529413,0.5588235294117647,0.5588235294117647,0.5294117647058824,0.2647058823529412,0.2647058823529412,0.23529411764705885,0.2058823529411765,0.14705882352941174,0.14705882352941174,0.11764705882352941,0.08823529411764705,0.029411764705882346,0.0,-0.02941176470588236,1.3333333333333333,1.25,0.8235294117647058,0.8235294117647058,0.8235294117647058,0.7647058823529411,0.7058823529411765,0.6470588235294118,0.35294117647058826,0.23529411764705882,0.11764705882352941,c2,0.17647058823529413,0.17647058823529413,0.17647058823529413,0.23529411764705882,0.29411764705882354,0.35294117647058826,0.6470588235294118,0.7647058823529411,0.8823529411764706,0.40204729244824955,0.2791450565350301,9,5,17,1.3,1.3\ChatDev_ProgramDev2_GPT4o_7_scored.json,-0.17647058823529413,"Build a CLI task scheduler that allows users to add tasks with a specific execution time (e.g., HH:MM on a given date). The tool should execute a specified command when the time is reached. Store tasks in a simple text file.",CodeReviewModification,Programmer,0.018636561438518634,6
1.0,0.35714285714285715,14.2,5.0,4.0,14.0,0.4,0.5167196928269635,0.3333333333333333,0.41558288110932506,0.8510873421915114,0.9999997302391185,0.598184629363989,0.807159619845534,6.688022965946705e-05,0.002650486069549841,0.07124667421189715,0.9223340164034085,0.41558288110932506,0.7275814227249104,0.4187493046236901,ChatDev_ProgramDev2_GPT4o_80_scored.json,0.2990923146819945,0.3571428571428572,0.28571428571428575,0.28571428571428575,0.3571428571428572,0.28571428571428575,0.28571428571428575,0.28571428571428575,0.2142857142857143,0.14285714285714285,0.14285714285714285,0.14285714285714285,0.0,0.0,0.0,0.5,0.4642857142857143,0.4642857142857143,0.5,0.4642857142857143,0.4642857142857143,0.4642857142857143,0.35714285714285715,0.3214285714285714,0.3214285714285714,0.3214285714285714,0.17857142857142858,0.17857142857142858,0.17857142857142858,1.75,1.6,0.7142857142857143,0.7142857142857143,0.6428571428571429,0.6428571428571429,0.6428571428571429,0.6428571428571429,0.6428571428571429,0.5,0.35714285714285715,c2,0.2857142857142857,0.2857142857142857,0.35714285714285715,0.35714285714285715,0.35714285714285715,0.35714285714285715,0.35714285714285715,0.5,0.6428571428571429,0.3124703436497033,0.1826017482546639,8,5,14,1.3,1.3\ChatDev_ProgramDev2_GPT4o_80_scored.json,0.0,"Write a CLI book library manager. Users can add books (title, author, ISBN), list all books, search by title or author, and mark books as read/unread. Store data locally.",CodeReviewModification,Programmer,6.688022965946705e-05,2
1.0,0.4666666666666667,14.285714285714286,7.0,3.0,15.0,0.5714285714285714,0.4008229412266532,0.6666666666666666,0.31994501062092523,0.466563074836997,0.9999998847052084,0.4870916733454399,0.5821127442943721,8.350707044505466e-06,0.0019176521981089534,0.23507830232308913,0.7016413771600861,0.31994501062092523,0.8570024626713595,0.34096667655392127,ChatDev_ProgramDev2_GPT4o_81_scored.json,0.09741833466908799,0.2,0.2,0.2,0.0,0.0,0.0,-0.2,-0.06666666666666665,-0.06666666666666665,-0.06666666666666665,-0.26666666666666666,-0.2,-0.2,-0.4,0.33333333333333337,0.33333333333333337,0.33333333333333337,0.13333333333333333,0.13333333333333333,0.13333333333333333,0.033333333333333326,0.06666666666666668,0.06666666666666668,0.06666666666666668,-0.033333333333333326,-0.06666666666666667,-0.06666666666666667,-0.16666666666666669,0.75,0.8,0.7333333333333333,0.7333333333333333,0.7333333333333333,0.7333333333333333,0.5333333333333333,0.4666666666666667,0.26666666666666666,0.2,0.06666666666666667,c2,0.26666666666666666,0.26666666666666666,0.26666666666666666,0.26666666666666666,0.4666666666666667,0.5333333333333333,0.7333333333333333,0.8,0.9333333333333333,0.22042500667877324,0.16714666272451467,8,4,15,1.3,1.3\ChatDev_ProgramDev2_GPT4o_81_scored.json,-0.4,"Create a CLI flashcard study tool. Users can create decks of flashcards (front: question/term, back: answer/definition). The tool presents cards for review.",DemandAnalysis,Chief Product Officer,8.350707044505466e-06,2
0.0,0.3076923076923077,7,4.0,3.0,13.0,0.2,-0.4620608047737351,0.3333333333333333,0.34497032132057587,0.46370401766477864,0.9999998555733962,0.6286521317848468,0.7400502893597233,4.0875070057215086e-05,0.11066244544755519,0.49068949873170187,0.9543935163964805,0.34497032132057587,0.8277703117007208,0.4400687547704099,ChatDev_ProgramDev2_GPT4o_82_scored.json,0.24178928145571033,0.38461538461538464,0.38461538461538464,0.38461538461538464,0.30769230769230765,0.30769230769230765,0.30769230769230765,0.23076923076923073,0.15384615384615385,0.15384615384615385,0.15384615384615385,0.07692307692307693,0.07692307692307693,0.07692307692307693,0.0,0.5,0.5,0.5,0.423076923076923,0.423076923076923,0.423076923076923,0.3846153846153846,0.2692307692307693,0.2692307692307693,0.2692307692307693,0.23076923076923078,0.19230769230769232,0.19230769230769232,0.15384615384615385,1.6666666666666667,1.5,0.9230769230769231,0.7692307692307693,0.7692307692307693,0.7692307692307693,0.6923076923076923,0.6153846153846154,0.5384615384615384,0.38461538461538464,0.3076923076923077,c2,0.07692307692307693,0.23076923076923078,0.23076923076923078,0.23076923076923078,0.3076923076923077,0.38461538461538464,0.46153846153846156,0.6153846153846154,0.6923076923076923,0.397882901015616,0.28368181046427093,8,5,13,1.5,1.5\ChatDev_ProgramDev2_GPT4o_82_scored.json,0.0,"Develop a CLI typing speed tester. Presents a random paragraph of text, and the user types it. Calculates words per minute (WPM) and accuracy.",CodeReviewModification,Programmer,4.0875070057215086e-05,2
0.0,0.35714285714285715,12,5.0,5.0,14.0,0.6,0.2509048001152503,1.0,0.33124914865673416,0.4244296666810795,0.9999997352594847,0.5390998967413849,0.562860324871242,1.0535769039705516e-08,0.05296231159669782,0.31968910176270915,0.7441187684437887,0.33124914865673416,0.9548193549840599,0.37736993087970017,ChatDev_ProgramDev2_GPT4o_83_scored.json,0.11552140644458248,0.21428571428571427,0.14285714285714285,0.14285714285714285,0.14285714285714288,0.07142857142857145,0.07142857142857145,0.0,0.0,-0.07142857142857142,-0.07142857142857142,-0.14285714285714288,-0.07142857142857142,-0.07142857142857142,-0.14285714285714288,0.3214285714285714,0.2857142857142857,0.2857142857142857,0.25,0.2142857142857143,0.2142857142857143,0.17857142857142858,0.10714285714285714,0.07142857142857142,0.07142857142857142,0.0357142857142857,0.07142857142857142,0.07142857142857142,0.0357142857142857,1.0,1.0,0.7857142857142857,0.7857142857142857,0.7142857142857143,0.7142857142857143,0.6428571428571429,0.42857142857142855,0.35714285714285715,0.21428571428571427,0.21428571428571427,c2,0.21428571428571427,0.21428571428571427,0.2857142857142857,0.2857142857142857,0.35714285714285715,0.5714285714285714,0.6428571428571429,0.7857142857142857,0.7857142857142857,0.3248141824556706,0.20785074808465076,8,5,14,1.5,1.5\ChatDev_ProgramDev2_GPT4o_83_scored.json,-0.14285714285714288,Build a simple CLI chat client for a local network. Connects to a corresponding chat server. Allows sending and receiving text messages.,CodeReviewComment,Code Reviewer,1.0535769039705516e-08,2
1.0,0.7142857142857143,14.9,10.0,8.0,14.0,1.0,1.1273629359147443,1.0,0.3837074597982958,0.7947394244400395,0.9999998762486311,0.4544772394530401,0.42575686942320834,2.706367143189993e-05,0.01797459623474975,0.07589501908991644,0.870634443529956,0.3837074597982958,0.8286967871818546,0.3181421867185576,ChatDev_ProgramDev2_GPT4o_84_scored.json,0.12985063984372572,-0.07142857142857145,-0.07142857142857145,-0.2142857142857143,-0.07142857142857145,-0.07142857142857145,-0.2142857142857143,-0.4285714285714286,-0.07142857142857145,-0.07142857142857145,-0.2142857142857143,-0.4285714285714286,-0.07142857142857145,-0.2142857142857143,-0.4285714285714286,0.10714285714285712,0.10714285714285712,0.0357142857142857,0.10714285714285712,0.10714285714285712,0.0357142857142857,-0.07142857142857145,0.10714285714285712,0.10714285714285712,0.0357142857142857,-0.07142857142857145,0.10714285714285712,0.0357142857142857,-0.07142857142857145,0.7999999999999999,0.8333333333333334,0.6428571428571429,0.6428571428571429,0.6428571428571429,0.5,0.2857142857142857,0.2857142857142857,0.2857142857142857,0.2857142857142857,0.2857142857142857,c2,0.35714285714285715,0.35714285714285715,0.35714285714285715,0.5,0.7142857142857143,0.7142857142857143,0.7142857142857143,0.7142857142857143,0.7142857142857143,0.09733438231018293,0.07076977965474429,8,5,14,1.3,1.3\ChatDev_ProgramDev2_GPT4o_84_scored.json,-0.4285714285714286,Write a simple CLI chat server for a local network. Listens for connections from chat clients and broadcasts messages to all connected clients.,CodeReviewModification,Programmer,2.706367143189993e-05,3
0.0,0.5,11.714285714285714,7.0,5.0,14.0,0.4,0.09226619021107114,0.6666666666666666,0.329412441125565,0.6600530032202566,0.9999999140337527,0.6100352416052596,0.5865921595662853,0.0009110514045295695,0.28212113687609724,0.3217511763478388,0.9818041795680954,0.329412441125565,0.9134443205612237,0.4272979845450406,ChatDev_ProgramDev2_GPT4o_85_scored.json,0.21786972914473557,0.4285714285714286,0.2857142857142857,0.14285714285714285,0.3571428571428571,0.21428571428571427,0.0714285714285714,-0.07142857142857145,0.2857142857142857,0.14285714285714288,0.0,-0.14285714285714285,0.14285714285714288,0.0,-0.14285714285714285,0.4642857142857143,0.39285714285714285,0.3214285714285714,0.39285714285714285,0.3214285714285714,0.24999999999999997,0.17857142857142855,0.32142857142857145,0.25,0.17857142857142858,0.10714285714285715,0.25,0.17857142857142858,0.10714285714285715,5.0,3.0,0.9285714285714286,0.9285714285714286,0.7857142857142857,0.6428571428571429,0.5,0.5,0.42857142857142855,0.35714285714285715,0.35714285714285715,c2,0.07142857142857142,0.07142857142857142,0.21428571428571427,0.35714285714285715,0.5,0.5,0.5714285714285714,0.6428571428571429,0.6428571428571429,0.5386066701766882,0.28062280047969457,8,5,14,1.3,1.3\ChatDev_ProgramDev2_GPT4o_85_scored.json,-0.14285714285714285,Create a basic CLI file transfer tool for a local network. Allows sending a file from one machine (client) to another (server) running a corresponding receiver script.,CodeReviewComment,Code Reviewer,0.0009110514045295695,3
1.0,0.23076923076923078,22.333333333333332,3.0,3.0,13.0,0.6,0.09615207418563337,0.6666666666666666,0.25898832652761694,0.390037058930619,1.0,0.6526212721403717,0.6802391650970293,0.19300783862620036,0.25823399720063994,0.5001178715126872,0.8901549304433062,0.25898832652761694,0.9061046786569098,0.5147372420861203,ChatDev_ProgramDev2_GPT4o_86_scored.json,0.20080654527396052,0.5384615384615385,0.46153846153846156,0.46153846153846156,0.38461538461538464,0.3076923076923077,0.3076923076923077,0.23076923076923078,0.23076923076923078,0.15384615384615385,0.15384615384615385,0.07692307692307693,0.07692307692307693,0.07692307692307693,0.0,0.576923076923077,0.5384615384615385,0.5384615384615385,0.42307692307692313,0.38461538461538464,0.38461538461538464,0.34615384615384615,0.2692307692307693,0.23076923076923078,0.23076923076923078,0.19230769230769232,0.15384615384615385,0.15384615384615385,0.11538461538461539,4.0,2.5,1.0,0.9230769230769231,0.8461538461538461,0.8461538461538461,0.7692307692307693,0.6153846153846154,0.46153846153846156,0.3076923076923077,0.23076923076923078,c2,0.0,0.07692307692307693,0.15384615384615385,0.15384615384615385,0.23076923076923078,0.38461538461538464,0.5384615384615384,0.6923076923076923,0.7692307692307693,0.5756981952172948,0.39363294561275475,8,5,13,1.3,1.3\ChatDev_ProgramDev2_GPT4o_86_scored.json,0.0,"Develop a CLI system log monitor that tails a specified log file (e.g., /var/log/syslog) and highlights lines containing user-defined keywords.",CodeReviewModification,Programmer,0.19300783862620036,4
1.0,0.38461538461538464,14.4,5.0,2.0,13.0,0.6,0.1898125461076672,0.6666666666666666,0.37598835049801405,0.786972414599333,0.9999998494556261,0.5728727484634015,0.6627123480546426,0.0002419855142636807,0.06636972364585256,0.12289671186854724,0.9098691264678802,0.37598835049801405,0.748580172237067,0.4010835195786601,ChatDev_ProgramDev2_GPT4o_87_scored.json,0.2644028069831084,0.23076923076923073,0.23076923076923073,0.23076923076923073,0.15384615384615385,0.15384615384615385,0.15384615384615385,0.07692307692307693,0.15384615384615385,0.15384615384615385,0.15384615384615385,0.07692307692307693,0.0,0.0,-0.07692307692307693,0.3846153846153846,0.3846153846153846,0.3846153846153846,0.3076923076923077,0.3076923076923077,0.3076923076923077,0.2692307692307693,0.3076923076923077,0.3076923076923077,0.3076923076923077,0.2692307692307693,0.15384615384615385,0.15384615384615385,0.11538461538461539,1.5,1.4,0.7692307692307693,0.6923076923076923,0.6923076923076923,0.6923076923076923,0.6153846153846154,0.5384615384615384,0.46153846153846156,0.46153846153846156,0.3076923076923077,c2,0.23076923076923078,0.3076923076923077,0.3076923076923077,0.3076923076923077,0.38461538461538464,0.46153846153846156,0.5384615384615384,0.5384615384615384,0.6923076923076923,0.2651804407710938,0.19688439796538748,8,5,13,1.3,1.3\ChatDev_ProgramDev2_GPT4o_87_scored.json,-0.07692307692307693,"Build a CLI disk space analyzer that provides a more detailed or visual (text-based) breakdown of disk usage within a directory, showing largest files/folders.",CodeReviewModification,Programmer,0.0002419855142636807,2
1.0,0.35294117647058826,10.166666666666666,6.0,3.0,17.0,0.375,0.6969396075945129,0.6666666666666666,0.35016734441876984,0.5896977901257037,0.9999998684420693,0.5837314584983742,0.722520500516868,0.002472623024627213,0.03755675635232444,0.36299751834864197,0.9526953084743456,0.35016734441876984,0.9719977955078913,0.4093538078562501,ChatDev_ProgramDev2_GPT4o_88_scored.json,0.17168572308775712,0.3529411764705882,0.29411764705882354,0.23529411764705882,0.3529411764705882,0.29411764705882354,0.23529411764705882,0.1764705882352941,0.11764705882352941,0.05882352941176472,0.0,-0.05882352941176472,0.05882352941176472,0.0,-0.05882352941176472,0.4411764705882353,0.4117647058823529,0.38235294117647056,0.4411764705882353,0.4117647058823529,0.38235294117647056,0.3529411764705882,0.20588235294117646,0.17647058823529413,0.14705882352941177,0.11764705882352941,0.17647058823529413,0.14705882352941177,0.11764705882352941,1.6666666666666665,1.5,0.8235294117647058,0.8235294117647058,0.7647058823529411,0.7058823529411765,0.6470588235294118,0.5294117647058824,0.5294117647058824,0.29411764705882354,0.29411764705882354,c2,0.17647058823529413,0.17647058823529413,0.23529411764705882,0.29411764705882354,0.35294117647058826,0.47058823529411764,0.47058823529411764,0.7058823529411765,0.7058823529411765,0.40726087026308,0.2335641140796043,9,5,17,1.3,1.3\ChatDev_ProgramDev2_GPT4o_88_scored.json,-0.05882352941176472,"Write a CLI CPU usage monitor that shows CPU usage per process, similar to a simplified `top` command, updating periodically. Focus on a specific process if a PID is given.",CodeReviewComment,Code Reviewer,0.002472623024627213,3
0.0,0.46153846153846156,19,6.0,6.0,13.0,0.6,0.2841954130131478,1.0,0.3055377575592952,0.296986756271916,0.9999037715931766,0.49333741885552884,0.5000913472934856,0.0034505348781165594,0.005891587154127496,0.45076708161345597,0.747753837885372,0.3055377575592952,0.7865210220866901,0.34637135366230515,ChatDev_ProgramDev2_GPT4o_89_scored.json,0.037949032219656065,0.23076923076923078,0.23076923076923078,0.23076923076923078,0.07692307692307693,0.07692307692307693,0.07692307692307693,-0.15384615384615385,-0.15384615384615385,-0.15384615384615385,-0.15384615384615385,-0.38461538461538464,-0.15384615384615385,-0.15384615384615385,-0.38461538461538464,0.34615384615384615,0.34615384615384615,0.34615384615384615,0.19230769230769232,0.19230769230769232,0.19230769230769232,0.07692307692307693,-0.038461538461538464,-0.038461538461538464,-0.038461538461538464,-0.15384615384615385,-0.038461538461538464,-0.038461538461538464,-0.15384615384615385,0.3333333333333333,0.5,0.7692307692307693,0.7692307692307693,0.7692307692307693,0.7692307692307693,0.5384615384615384,0.46153846153846156,0.3076923076923077,0.07692307692307693,0.07692307692307693,c2,0.23076923076923078,0.23076923076923078,0.23076923076923078,0.23076923076923078,0.46153846153846156,0.5384615384615384,0.6923076923076923,0.9230769230769231,0.9230769230769231,0.26256818808629806,0.18779966129623366,8,5,13,1.3,1.3\ChatDev_ProgramDev2_GPT4o_89_scored.json,-0.38461538461538464,Create a CLI memory usage monitor that displays overall system memory usage and optionally lists top memory-consuming processes. (e.g. using /proc/meminfo and /proc/[pid]/status).,CodeReviewModification,Programmer,0.0034505348781165594,2
1.0,0.46153846153846156,7.166666666666667,6.0,4.0,13.0,0.4,-0.002134283154825223,0.3333333333333333,0.3508826039528804,0.582679823128945,0.9999995976508452,0.44280044014334563,0.5000124103755086,0.000642345430752482,0.003903664403837325,0.03732688524565363,0.6200067083745986,0.3508826039528804,0.972362610668201,0.31015301172956766,ChatDev_ProgramDev2_GPT4o_8_scored.json,0.0681231446374378,0.07692307692307693,0.0,-0.07692307692307693,-0.07692307692307693,-0.15384615384615385,-0.23076923076923078,-0.23076923076923078,-0.15384615384615385,-0.23076923076923078,-0.3076923076923077,-0.3076923076923077,-0.23076923076923078,-0.3076923076923077,-0.3076923076923077,0.23076923076923078,0.19230769230769232,0.15384615384615385,0.07692307692307693,0.038461538461538464,0.0,0.0,0.0,-0.038461538461538464,-0.07692307692307693,-0.07692307692307693,-0.038461538461538464,-0.07692307692307693,-0.07692307692307693,0.5,0.6,0.6923076923076923,0.6923076923076923,0.6153846153846154,0.5384615384615384,0.5384615384615384,0.38461538461538464,0.23076923076923078,0.15384615384615385,0.15384615384615385,c2,0.3076923076923077,0.3076923076923077,0.38461538461538464,0.46153846153846156,0.46153846153846156,0.6153846153846154,0.7692307692307693,0.8461538461538461,0.8461538461538461,0.13510813245103792,0.09191783619046523,8,5,13,1.3,1.3\ChatDev_ProgramDev2_GPT4o_8_scored.json,-0.3076923076923077,"Write a CLI program to analyze a log file (e.g., Apache access log, system log). The user specifies the log file and a pattern (e.g., ERROR, 404). The tool should count and display lines containing the pattern.",CodeReviewComment,Code Reviewer,0.000642345430752482,1
1.0,0.5384615384615384,12.857142857142858,7.0,6.0,13.0,0.8,0.7280946192635461,1.0,0.3829370181428137,0.7961959264346989,0.9999998607953747,0.5158458939329476,0.43543452822572476,1.3092878484936798e-07,0.026254054713495775,0.1719651556424736,0.9681610820771726,0.3829370181428137,0.9311133210541701,0.3610921650316987,ChatDev_ProgramDev2_GPT4o_91_scored.json,0.15872181351783002,0.15384615384615385,0.07692307692307693,0.0,0.07692307692307693,0.0,-0.07692307692307693,-0.1538461538461538,0.0,-0.07692307692307693,-0.15384615384615385,-0.23076923076923073,-0.07692307692307693,-0.15384615384615385,-0.23076923076923073,0.3076923076923077,0.2692307692307693,0.23076923076923078,0.23076923076923078,0.19230769230769232,0.15384615384615385,0.11538461538461542,0.15384615384615385,0.11538461538461539,0.07692307692307693,0.03846153846153849,0.11538461538461539,0.07692307692307693,0.03846153846153849,1.0,1.0,0.8461538461538461,0.6923076923076923,0.6153846153846154,0.5384615384615384,0.46153846153846156,0.46153846153846156,0.38461538461538464,0.3076923076923077,0.3076923076923077,c2,0.15384615384615385,0.3076923076923077,0.38461538461538464,0.46153846153846156,0.5384615384615384,0.5384615384615384,0.6153846153846154,0.6923076923076923,0.6923076923076923,0.20815358624063984,0.13290887579013383,8,5,13,1.5,1.5\ChatDev_ProgramDev2_GPT4o_91_scored.json,-0.23076923076923073,"Build a CLI cronjob generator. Provides a user-friendly way to create common cron job schedules (e.g., daily at 3 AM, every 15 minutes) and outputs the crontab line.",DemandAnalysis,Chief Product Officer,1.3092878484936798e-07,2
0.0,0.2857142857142857,2.75,4.0,4.0,14.0,0.0,-0.3529757921301444,0.0,0.37752476921329076,0.7403125184845174,0.9999997419468039,0.6107317458670868,0.7139154317130458,0.017986215095507463,0.034110157971422056,0.22491199993929317,0.9652245184238105,0.37752476921329076,0.7702436872383199,0.432908086635613,ChatDev_ProgramDev2_GPT4o_92_scored.json,0.26174217680018,0.3571428571428572,0.3571428571428572,0.3571428571428572,0.2142857142857143,0.2142857142857143,0.2142857142857143,0.2142857142857143,0.14285714285714285,0.14285714285714285,0.14285714285714285,0.14285714285714285,0.07142857142857145,0.07142857142857145,0.07142857142857145,0.5,0.5,0.5,0.35714285714285715,0.35714285714285715,0.35714285714285715,0.35714285714285715,0.2857142857142857,0.2857142857142857,0.2857142857142857,0.2857142857142857,0.2142857142857143,0.2142857142857143,0.2142857142857143,1.5,1.4,0.7857142857142857,0.7142857142857143,0.7142857142857143,0.7142857142857143,0.7142857142857143,0.6428571428571429,0.5,0.42857142857142855,0.35714285714285715,c2,0.21428571428571427,0.2857142857142857,0.2857142857142857,0.2857142857142857,0.2857142857142857,0.35714285714285715,0.5,0.5714285714285714,0.6428571428571429,0.3250174601528011,0.23320697665379603,8,5,14,1.3,1.3\ChatDev_ProgramDev2_GPT4o_92_scored.json,0.07142857142857145,Write a CLI utility to add line numbers to a text file. The output can be to a new file or standard output.,CodeReviewComment,Code Reviewer,0.017986215095507463,2
0.0,0.2857142857142857,2.75,4.0,4.0,14.0,0.0,-0.47822944898067177,0.0,0.3388113233645548,0.5544137587437785,0.9999998607953747,0.518852956508532,0.5771810963055608,0.017986213338107782,0.021384020522486072,0.1848013661450245,0.739215124888803,0.3388113233645548,0.8549912206176893,0.36859293355740474,ChatDev_ProgramDev2_GPT4o_93_scored.json,0.11118277639468543,0.14285714285714285,0.14285714285714285,0.14285714285714285,0.0,0.0,0.0,0.0,-0.07142857142857142,-0.07142857142857142,-0.07142857142857142,-0.07142857142857142,-0.14285714285714285,-0.14285714285714285,-0.14285714285714285,0.2857142857142857,0.2857142857142857,0.2857142857142857,0.14285714285714285,0.14285714285714285,0.14285714285714285,0.14285714285714285,0.07142857142857142,0.07142857142857142,0.07142857142857142,0.07142857142857142,0.0,0.0,0.0,0.75,0.8,0.7142857142857143,0.7142857142857143,0.7142857142857143,0.7142857142857143,0.7142857142857143,0.42857142857142855,0.2857142857142857,0.21428571428571427,0.14285714285714285,c2,0.2857142857142857,0.2857142857142857,0.2857142857142857,0.2857142857142857,0.2857142857142857,0.5714285714285714,0.7142857142857143,0.7857142857142857,0.8571428571428571,0.23313867079424633,0.18004163314397725,7,4,14,1.3,1.3\ChatDev_ProgramDev2_GPT4o_93_scored.json,-0.14285714285714285,"Create a CLI tool to remove duplicate lines from a text file, preserving the order of the first occurrence. Output to a new file or standard output.",LanguageChoose,Chief Technology Officer,0.017986213338107782,1
0.0,0.35714285714285715,11.2,5.0,4.0,14.0,0.6,0.09131965576831064,1.0,0.31897054182724266,0.5279288503628086,0.9999989139679396,0.5391280469636687,0.6021996199747741,0.006163929953532085,0.0638752552699601,0.2661563786831591,0.7940852290459677,0.31897054182724266,0.9780416657815157,0.3792388118606277,ChatDev_ProgramDev2_GPT4o_94_scored.json,0.11552743863507185,0.2857142857142857,0.2142857142857143,0.14285714285714285,0.14285714285714288,0.07142857142857145,0.0,0.0,0.0,-0.07142857142857142,-0.14285714285714288,-0.14285714285714288,-0.14285714285714285,-0.2142857142857143,-0.2142857142857143,0.39285714285714285,0.35714285714285715,0.3214285714285714,0.25,0.2142857142857143,0.17857142857142858,0.17857142857142858,0.10714285714285714,0.07142857142857142,0.0357142857142857,0.0357142857142857,0.0,-0.035714285714285726,-0.035714285714285726,1.0,1.0,0.8571428571428571,0.7857142857142857,0.7142857142857143,0.6428571428571429,0.6428571428571429,0.5,0.35714285714285715,0.21428571428571427,0.14285714285714285,c2,0.14285714285714285,0.21428571428571427,0.2857142857142857,0.35714285714285715,0.35714285714285715,0.5,0.6428571428571429,0.7857142857142857,0.8571428571428571,0.32484233267795437,0.220157505136426,8,5,14,1.3,1.3\ChatDev_ProgramDev2_GPT4o_94_scored.json,-0.2142857142857143,Develop a CLI program to extract specific columns from a CSV or space-delimited text file. User specifies column numbers or headers.,CodeReviewModification,Programmer,0.006163929953532085,2
1.0,0.46153846153846156,11.833333333333334,6.0,5.0,13.0,0.6,0.4341227781966825,0.6666666666666666,0.3758748570963971,0.7721408757458139,0.9999998542726296,0.5491709818466584,0.6960120779934792,0.010705875337136208,0.10982940564576014,0.13795043067957882,0.9100913064253927,0.3758748570963971,0.8115296644839503,0.3876314498938017,ChatDev_ProgramDev2_GPT4o_96_scored.json,0.2112196084025609,0.23076923076923073,0.1538461538461538,0.07692307692307687,0.15384615384615385,0.07692307692307693,0.0,0.0,0.07692307692307693,0.0,-0.07692307692307693,-0.07692307692307693,-0.07692307692307693,-0.15384615384615385,-0.15384615384615385,0.3846153846153846,0.34615384615384615,0.30769230769230765,0.3076923076923077,0.2692307692307693,0.23076923076923078,0.23076923076923078,0.23076923076923078,0.19230769230769232,0.15384615384615385,0.15384615384615385,0.11538461538461539,0.07692307692307693,0.07692307692307693,1.25,1.2,0.9230769230769231,0.6923076923076923,0.6153846153846154,0.5384615384615384,0.5384615384615384,0.5384615384615384,0.46153846153846156,0.38461538461538464,0.3076923076923077,c2,0.07692307692307693,0.3076923076923077,0.38461538461538464,0.46153846153846156,0.46153846153846156,0.46153846153846156,0.5384615384615384,0.6153846153846154,0.6923076923076923,0.24147867415435065,0.17329612475026124,8,5,13,1.3,1.3\ChatDev_ProgramDev2_GPT4o_96_scored.json,-0.15384615384615385,"Write a basic CLI client for a language translation API (e.g., Google Translate API with a free tier or other). User inputs text and target language, tool outputs translation.",CodeReviewComment,Code Reviewer,0.010705875337136208,1
1.0,0.3076923076923077,7,4.0,2.0,13.0,0.4,-0.3108847079654113,0.0,0.3644496528209537,0.5886006950891063,0.9999993787603786,0.6038489479118913,0.676763311004087,0.0005527785265734312,0.012991985144587728,0.3620181643537343,0.9506188594428405,0.3644496528209537,0.8940282437120122,0.42286009709629585,ChatDev_ProgramDev2_GPT4o_97_scored.json,0.23224959535072742,0.38461538461538464,0.38461538461538464,0.3076923076923077,0.23076923076923078,0.23076923076923078,0.15384615384615385,0.15384615384615385,0.15384615384615385,0.15384615384615385,0.07692307692307693,0.07692307692307693,0.07692307692307693,0.0,0.0,0.5,0.5,0.46153846153846156,0.34615384615384615,0.34615384615384615,0.3076923076923077,0.3076923076923077,0.2692307692307693,0.2692307692307693,0.23076923076923078,0.23076923076923078,0.19230769230769232,0.15384615384615385,0.15384615384615385,1.6666666666666667,1.5,0.7692307692307693,0.7692307692307693,0.7692307692307693,0.6923076923076923,0.6923076923076923,0.6153846153846154,0.46153846153846156,0.38461538461538464,0.3076923076923077,c2,0.23076923076923078,0.23076923076923078,0.23076923076923078,0.3076923076923077,0.3076923076923077,0.38461538461538464,0.5384615384615384,0.6153846153846154,0.6923076923076923,0.37307971714266047,0.23939929509093755,8,5,13,1.3,1.3\ChatDev_ProgramDev2_GPT4o_97_scored.json,0.0,"Create a CLI code snippet manager. Allow users to save, categorize (e.g., by language), search, and retrieve frequently used code snippets. Store snippets in local files.",CodeReviewComment,Code Reviewer,0.0005527785265734312,2
1.0,0.3076923076923077,4.25,4.0,2.0,13.0,0.16666666666666666,-0.5176075817537311,0.0,0.320218962134726,0.344782608688794,0.9999037819797576,0.6065858529073982,0.5714132706599664,0.004070137939983506,0.0842124266811112,0.49718450634963424,0.8419671150384282,0.320218962134726,0.7582039399250219,0.42583113841717374,ChatDev_ProgramDev2_GPT4o_98_scored.json,0.23330225111823008,0.3076923076923077,0.3076923076923077,0.3076923076923077,0.23076923076923078,0.23076923076923078,0.23076923076923078,0.07692307692307693,0.23076923076923078,0.23076923076923078,0.23076923076923078,0.07692307692307693,0.07692307692307693,0.07692307692307693,-0.07692307692307693,0.38461538461538464,0.38461538461538464,0.38461538461538464,0.3076923076923077,0.3076923076923077,0.3076923076923077,0.23076923076923078,0.3076923076923077,0.3076923076923077,0.3076923076923077,0.23076923076923078,0.15384615384615385,0.15384615384615385,0.07692307692307693,2.5,2.0,0.8461538461538461,0.8461538461538461,0.8461538461538461,0.8461538461538461,0.6923076923076923,0.46153846153846156,0.38461538461538464,0.38461538461538464,0.23076923076923078,c2,0.15384615384615385,0.15384615384615385,0.15384615384615385,0.15384615384615385,0.3076923076923077,0.5384615384615384,0.6153846153846154,0.6153846153846154,0.7692307692307693,0.45273969906124434,0.2863668907726722,7,4,13,1.3,1.3\ChatDev_ProgramDev2_GPT4o_98_scored.json,-0.07692307692307693,Develop a CLI tool that generates a Markdown table from a CSV file input. The first row of the CSV is treated as the header.,CodeReviewComment,Code Reviewer,0.004070137939983506,3
0.0,0.38461538461538464,22.4,5.0,4.0,13.0,0.5,0.2966676450470076,1.0,0.3477332978505043,0.525377916911819,1.0,0.6354459576316909,0.7195066881885938,0.00456028730394287,0.12033455867327619,0.4730357354199376,0.9984136523317566,0.3477332978505043,0.8277703117007208,0.4461802565333664,ChatDev_ProgramDev_GPT4o_10_scored.json,0.2444022913968042,0.38461538461538464,0.38461538461538464,0.38461538461538464,0.38461538461538464,0.38461538461538464,0.38461538461538464,0.23076923076923078,0.15384615384615385,0.15384615384615385,0.15384615384615385,0.0,0.07692307692307693,0.07692307692307693,-0.07692307692307693,0.5,0.5,0.5,0.5,0.5,0.5,0.42307692307692313,0.2692307692307693,0.2692307692307693,0.2692307692307693,0.19230769230769232,0.19230769230769232,0.19230769230769232,0.11538461538461539,1.6666666666666667,1.5,0.9230769230769231,0.7692307692307693,0.7692307692307693,0.7692307692307693,0.6153846153846154,0.6153846153846154,0.6153846153846154,0.38461538461538464,0.3076923076923077,c2,0.07692307692307693,0.23076923076923078,0.23076923076923078,0.23076923076923078,0.38461538461538464,0.38461538461538464,0.38461538461538464,0.6153846153846154,0.6923076923076923,0.4046767268624601,0.2877126597811866,7,4,13,1.3,1.3\ChatDev_ProgramDev_GPT4o_10_scored.json,-0.07692307692307693,"Design a roguelike game inspired by Tower of the Sorcerer. Use a fixed 80x80 grid map. The player character is controlled using W/A/S/D keys for movement (up, left, down, right). The character can move only on floor tiles and cannot pass through walls. The goal is to reach the door to proceed to the next level. The player encounters monsters; combat is resolved by subtracting the monster’s HP from the player's HP. HP is restored by 20–30 points when the player touches a treasure chest. Ensure there is always at least one valid path from the starting position to the door. Include a minimal UI to display the player's current HP and encountered monster stats.",CodeReviewModification,Programmer,0.00456028730394287,4
0.0,0.15384615384615385,13,2.0,1.0,13.0,0.16666666666666666,-0.5987262916375864,0.3333333333333333,0.3224795738977488,0.38880132838637405,1.0,0.715806888630536,0.8560027085119145,0.00974172466442644,0.17639227260852458,0.5740375665918173,0.9628388949781913,0.3224795738977488,0.7438854846828107,0.5039873394407031,ChatDev_ProgramDev_GPT4o_17_scored.json,0.38543447849336554,0.5384615384615384,0.5384615384615384,0.5384615384615384,0.46153846153846156,0.46153846153846156,0.46153846153846156,0.46153846153846156,0.3846153846153846,0.3846153846153846,0.3846153846153846,0.3846153846153846,0.3076923076923077,0.3076923076923077,0.3076923076923077,0.6153846153846154,0.6153846153846154,0.6153846153846154,0.5384615384615385,0.5384615384615385,0.5384615384615385,0.5384615384615385,0.4615384615384615,0.4615384615384615,0.4615384615384615,0.4615384615384615,0.38461538461538464,0.38461538461538464,0.38461538461538464,3.4999999999999996,2.6666666666666665,0.8461538461538461,0.8461538461538461,0.8461538461538461,0.8461538461538461,0.8461538461538461,0.6923076923076923,0.6153846153846154,0.5384615384615384,0.46153846153846156,c2,0.15384615384615385,0.15384615384615385,0.15384615384615385,0.15384615384615385,0.15384615384615385,0.3076923076923077,0.38461538461538464,0.46153846153846156,0.5384615384615384,0.5619607347843821,0.3933273147327872,7,4,13,1.3,1.3\ChatDev_ProgramDev_GPT4o_17_scored.json,0.3076923076923077,"Design a trivia quiz program that presents multiple-choice or short-answer questions on various topics. The user enters answers, and the game tracks the score. After answering all questions, the quiz displays the total correct answers. Allow configurable question banks and an option to display correct answers after the quiz.",CodeReviewModification,Programmer,0.00974172466442644,3
0.0,0.38461538461538464,24.2,5.0,3.0,13.0,0.5,0.3439034151465457,1.0,0.38078822726154005,0.5936244158755193,0.9999998727105327,0.6388970738610492,0.8393129474932963,0.002103046474565614,0.028523983800235738,0.4063372212268556,0.9999616371023748,0.38078822726154005,0.7188768422855504,0.44785886564510413,ChatDev_ProgramDev_GPT4o_19_scored.json,0.3440215013097957,0.38461538461538464,0.38461538461538464,0.38461538461538464,0.30769230769230765,0.30769230769230765,0.30769230769230765,0.1538461538461538,0.30769230769230765,0.30769230769230765,0.30769230769230765,0.1538461538461538,0.15384615384615385,0.15384615384615385,0.0,0.5,0.5,0.5,0.423076923076923,0.423076923076923,0.423076923076923,0.34615384615384615,0.423076923076923,0.423076923076923,0.423076923076923,0.34615384615384615,0.2692307692307693,0.2692307692307693,0.19230769230769232,2.333333333333333,2.0,0.8461538461538461,0.7692307692307693,0.7692307692307693,0.7692307692307693,0.6153846153846154,0.6153846153846154,0.5384615384615384,0.5384615384615384,0.38461538461538464,c2,0.15384615384615385,0.23076923076923078,0.23076923076923078,0.23076923076923078,0.38461538461538464,0.38461538461538464,0.46153846153846156,0.46153846153846156,0.6153846153846154,0.40812784309181843,0.25810884659950917,7,4,13,1.3,1.3\ChatDev_ProgramDev_GPT4o_19_scored.json,0.0,"Create a Tetris game. Tetrominoes fall from the top, and the player can move or rotate them before they land. Completed lines are cleared, and scoring increases accordingly. The game ends when no more pieces can be placed. The board updates after each move or drop. Include all seven standard Tetromino shapes and consider increasing drop speed as the game progresses.",CodeReviewModification,Programmer,0.002103046474565614,2
0.0,0.21428571428571427,2,3.0,3.0,14.0,0.0,-0.8752493464530869,0.0,0.252788782247731,0.37034247493114714,0.9999993779793144,0.6908276931730986,0.758434259781966,0.07585714059164997,0.447360594290135,0.5143835131291461,0.8847259880602932,0.252788782247731,0.7275814227249104,0.506336527398664,ChatDev_ProgramDev_GPT4o_21_scored.json,0.3454138465865493,0.5714285714285715,0.5714285714285715,0.5714285714285715,0.5,0.5,0.5,0.3571428571428571,0.4285714285714286,0.4285714285714286,0.4285714285714286,0.2857142857142857,0.07142857142857142,0.07142857142857142,-0.07142857142857142,0.6071428571428572,0.6071428571428572,0.6071428571428572,0.5357142857142857,0.5357142857142857,0.5357142857142857,0.46428571428571425,0.4642857142857143,0.4642857142857143,0.4642857142857143,0.39285714285714285,0.10714285714285714,0.10714285714285714,0.03571428571428571,7.0,4.0,0.9285714285714286,0.9285714285714286,0.9285714285714286,0.9285714285714286,0.7857142857142857,0.6428571428571429,0.5714285714285714,0.5,0.14285714285714285,c2,0.07142857142857142,0.07142857142857142,0.07142857142857142,0.07142857142857142,0.21428571428571427,0.35714285714285715,0.42857142857142855,0.5,0.8571428571428571,0.6193991217445272,0.43803891092536756,8,5,14,1.3,1.3\ChatDev_ProgramDev_GPT4o_21_scored.json,-0.07142857142857142,"Design a word-segmentation puzzle named 'Strands.' Provide multiple strands of text that the player must combine to form meaningful words or phrases. The program verifies valid strand formations and confirms completion once all strands are correctly merged. Similar to NYT Strands, offer feedback on valid merges.",CodeReviewComment,Code Reviewer,0.07585714059164997,2
0.0,0.23076923076923078,13.666666666666666,3.0,1.0,13.0,0.2,-0.5979835278277194,0.3333333333333333,0.3179422893309326,0.4978688303153592,1.0,0.7221840978530464,0.8082602055819181,0.05960146074218897,0.20934267680967136,0.502034937277606,0.9999037675929652,0.3179422893309326,0.7438854846828107,0.5234093067197891,ChatDev_ProgramDev_GPT4o_7_scored.json,0.3888683603824096,0.5384615384615384,0.5384615384615384,0.5384615384615384,0.5384615384615384,0.5384615384615384,0.5384615384615384,0.4615384615384615,0.3846153846153846,0.3846153846153846,0.3846153846153846,0.30769230769230765,0.23076923076923078,0.23076923076923078,0.15384615384615385,0.6153846153846154,0.6153846153846154,0.6153846153846154,0.6153846153846154,0.6153846153846154,0.6153846153846154,0.5769230769230769,0.4615384615384615,0.4615384615384615,0.4615384615384615,0.423076923076923,0.3076923076923077,0.3076923076923077,0.2692307692307693,3.4999999999999996,2.6666666666666665,0.9230769230769231,0.8461538461538461,0.8461538461538461,0.8461538461538461,0.7692307692307693,0.6923076923076923,0.6923076923076923,0.5384615384615384,0.38461538461538464,c2,0.07692307692307693,0.15384615384615385,0.15384615384615385,0.15384615384615385,0.23076923076923078,0.3076923076923077,0.3076923076923077,0.46153846153846156,0.6153846153846154,0.5683379440068925,0.4042418085221138,8,5,13,1.3,1.3\ChatDev_ProgramDev_GPT4o_7_scored.json,0.15384615384615385,"Develop a standard Gomoku game. Implement it on a typical 15x15 board, where two players alternate placing black or white stones. A player wins by forming an unbroken row of five stones horizontally, vertically, or diagonally.",Reflection,Chief Executive Officer,0.05960146074218897,1
0.0,0.3076923076923077,18.75,4.0,3.0,13.0,0.6666666666666666,0.022485582467053383,1.0,0.32041335295082013,0.2591193442817131,0.9999998362229202,0.5444286534217636,0.6608210282777969,0.001143679616313022,0.0016914988655521873,0.4999625472292817,0.7590818915109948,0.32041335295082013,0.7898294618510978,0.3814431612801284,ChatDev_ProgramDev_GPT4o_8_scored.json,0.08375825437257903,0.38461538461538464,0.38461538461538464,0.38461538461538464,0.15384615384615385,0.15384615384615385,0.15384615384615385,0.07692307692307693,-0.07692307692307693,-0.07692307692307693,-0.07692307692307693,-0.15384615384615385,-0.15384615384615385,-0.15384615384615385,-0.23076923076923078,0.5,0.5,0.5,0.2692307692307693,0.2692307692307693,0.2692307692307693,0.23076923076923078,0.038461538461538464,0.038461538461538464,0.038461538461538464,0.0,-0.038461538461538464,-0.038461538461538464,-0.07692307692307693,0.6666666666666666,0.75,0.7692307692307693,0.7692307692307693,0.7692307692307693,0.7692307692307693,0.6923076923076923,0.6153846153846154,0.38461538461538464,0.15384615384615385,0.07692307692307693,c2,0.23076923076923078,0.23076923076923078,0.23076923076923078,0.23076923076923078,0.3076923076923077,0.38461538461538464,0.6153846153846154,0.8461538461538461,0.9230769230769231,0.3136594226525328,0.22401530047094348,7,4,13,1.3,1.3\ChatDev_ProgramDev_GPT4o_8_scored.json,-0.23076923076923078,"Design a chess game, allowing two players to take turns and determining the winner. It should be playable from Linux Terminal, and does not require me to access a dedicated UX or GUI platform, i.e. print the results on terminal at each stage and let me play it there by entering inputs (formal chess notation such as Ke8). Include standard chess features like castling, en passant, and pawn promotion. Enforce check and checkmate rules.",CodeReviewModification,Programmer,0.001143679616313022,4
0.0,0.21428571428571427,3.3333333333333335,3.0,1.0,14.0,0.16666666666666666,-1.1168335128673827,0.0,0.23123773909015813,0.3970415521361218,0.9999981807095114,0.800144130058931,0.9077301528704971,0.3775406810279696,0.4488436778223049,0.6029328004350811,0.9999743525712029,0.23123773909015813,0.6158292214665827,0.6733630953496426,ChatDev_ProgramDev2_GPT4o_36_scored.json,0.5143783693235986,0.7142857142857143,0.7142857142857143,0.6428571428571429,0.6428571428571429,0.6428571428571429,0.5714285714285715,0.4285714285714286,0.6428571428571429,0.6428571428571429,0.5714285714285715,0.4285714285714286,0.5,0.4285714285714286,0.2857142857142857,0.7142857142857143,0.7142857142857143,0.6785714285714286,0.6428571428571429,0.6428571428571429,0.6071428571428572,0.5357142857142858,0.6428571428571429,0.6428571428571429,0.6071428571428572,0.5357142857142858,0.5,0.4642857142857143,0.39285714285714285,,10.0,1.0,1.0,1.0,0.9285714285714286,0.7857142857142857,0.7142857142857143,0.6428571428571429,0.6428571428571429,0.5,c3,0.0,0.0,0.0,0.07142857142857142,0.21428571428571427,0.2857142857142857,0.35714285714285715,0.35714285714285715,0.5,0.800144130058931,0.5689063909687729,7,4,14,2.2,2.2\ChatDev_ProgramDev2_GPT4o_36_scored.json,0.2857142857142857,"Write a CLI Hangman game. The program selects a random word, and the player guesses letters. Display the word with guessed letters filled in and track incorrect guesses.",LanguageChoose,Chief Technology Officer,0.3775406810279696,1
1.0,0.42857142857142855,14.666666666666666,6.0,4.0,14.0,0.8,0.6542650884741289,1.0,0.3644537962707898,0.6580198683762155,0.9999997762428142,0.5684185711549846,0.6718924773294357,4.466779490661281e-05,0.05573172175863098,0.18295736699319254,0.840977235369408,0.3644537962707898,0.8549912206176892,0.39790640014696116,ChatDev_ProgramDev2_GPT4o_37_scored.json,0.24360795906642196,0.2857142857142857,0.2857142857142857,0.21428571428571425,0.2142857142857143,0.2142857142857143,0.14285714285714285,0.07142857142857145,0.14285714285714285,0.14285714285714285,0.0714285714285714,0.0,-0.07142857142857142,-0.14285714285714288,-0.21428571428571427,0.42857142857142855,0.42857142857142855,0.3928571428571428,0.35714285714285715,0.35714285714285715,0.3214285714285714,0.2857142857142857,0.2857142857142857,0.2857142857142857,0.24999999999999997,0.21428571428571427,0.07142857142857142,0.0357142857142857,0.0,1.5,1.4,0.8571428571428571,0.7142857142857143,0.7142857142857143,0.6428571428571429,0.5714285714285714,0.5714285714285714,0.5,0.42857142857142855,0.21428571428571427,c3,0.14285714285714285,0.2857142857142857,0.2857142857142857,0.35714285714285715,0.42857142857142855,0.42857142857142855,0.5,0.5714285714285714,0.7857142857142857,0.2827042854406989,0.20396477488419484,8,5,14,2.2,2.2\ChatDev_ProgramDev2_GPT4o_37_scored.json,-0.21428571428571427,"Create a simple CLI to-do list manager. Allow users to add tasks, view tasks, mark tasks as complete, and remove tasks. Store tasks in a text file.",CodeReviewModification,Programmer,4.466779490661281e-05,2
1.0,0.5714285714285714,8,8.0,6.0,14.0,0.6,0.5588905851211384,0.6666666666666666,0.3651448298336218,0.6708808355691591,0.9998414634104806,0.44381308112517487,0.46480884312460236,3.0842808703550774e-05,0.006298802398738773,0.0907753897460718,0.7616562253152309,0.3651448298336218,0.9285249215482251,0.31067840963023347,ChatDev_ProgramDev2_GPT4o_38_scored.json,0.09510280309825175,0.0,-0.0714285714285714,-0.0714285714285714,-0.07142857142857145,-0.14285714285714285,-0.14285714285714285,-0.2857142857142857,-0.14285714285714288,-0.21428571428571427,-0.21428571428571427,-0.3571428571428571,-0.21428571428571427,-0.21428571428571427,-0.3571428571428571,0.17857142857142858,0.14285714285714288,0.14285714285714288,0.10714285714285712,0.07142857142857142,0.07142857142857142,0.0,0.0357142857142857,0.0,0.0,-0.07142857142857142,0.0,0.0,-0.07142857142857142,0.6,0.6666666666666666,0.7142857142857143,0.6428571428571429,0.5714285714285714,0.5714285714285714,0.42857142857142855,0.35714285714285715,0.2857142857142857,0.21428571428571427,0.21428571428571427,c3,0.2857142857142857,0.35714285714285715,0.42857142857142855,0.42857142857142855,0.5714285714285714,0.6428571428571429,0.7142857142857143,0.7857142857142857,0.7857142857142857,0.08667022398231772,0.07866825129155308,8,5,14,2.2,2.2\ChatDev_ProgramDev2_GPT4o_38_scored.json,-0.3571428571428571,Develop a CLI tool that displays a calendar for a given month and year. The user inputs the month (numeric or name) and year.,CodeReviewComment,Code Reviewer,3.0842808703550774e-05,1
1.0,0.38461538461538464,9.8,5.0,4.0,13.0,0.4,-0.04701073861648642,0.3333333333333333,0.31818308257652184,0.44395268873168664,0.9999997489836121,0.48894829330152023,0.6112248731825759,0.0019267342527389902,0.009106383064464638,0.22270016200956705,0.6666528507412537,0.31818308257652184,0.7898294618510978,0.34284182558688586,ChatDev_ProgramDev2_GPT4o_3_scored.json,0.07522281435408004,0.38461538461538464,0.3076923076923077,0.23076923076923078,0.0,-0.07692307692307693,-0.15384615384615385,-0.15384615384615385,-0.07692307692307693,-0.15384615384615385,-0.23076923076923078,-0.23076923076923078,-0.23076923076923078,-0.3076923076923077,-0.3076923076923077,0.5,0.46153846153846156,0.42307692307692313,0.11538461538461539,0.07692307692307693,0.038461538461538464,0.038461538461538464,0.038461538461538464,0.0,-0.038461538461538464,-0.038461538461538464,-0.07692307692307693,-0.11538461538461539,-0.11538461538461539,0.6666666666666666,0.75,0.7692307692307693,0.7692307692307693,0.6923076923076923,0.6153846153846154,0.6153846153846154,0.6153846153846154,0.23076923076923078,0.15384615384615385,0.07692307692307693,c3,0.23076923076923078,0.23076923076923078,0.3076923076923077,0.38461538461538464,0.38461538461538464,0.38461538461538464,0.7692307692307693,0.8461538461538461,0.9230769230769231,0.25817906253228945,0.1707652107249984,8,5,13,2.2,2.2\ChatDev_ProgramDev2_GPT4o_3_scored.json,-0.3076923076923077,"Write a CLI tool to convert temperatures between Celsius, Fahrenheit, and Kelvin. The user should input the value, the source unit (e.g., C, F, K), and the target unit. Display the converted temperature.",CodeReviewComment,Code Reviewer,0.0019267342527389902,2
1.0,0.5,6.428571428571429,7.0,3.0,14.0,0.4,-0.3332264888856059,0.0,0.2849273840403779,0.3759273866063107,0.9999997417581846,0.5278273682447241,0.5477586587015212,0.0024950700560183764,0.18027601656148928,0.3506699778596322,0.7265973644659429,0.2849273840403779,0.9780416657815157,0.37022767878811236,ChatDev_ProgramDev2_GPT4o_44_scored.json,0.11310586462386944,0.2857142857142857,0.2857142857142857,0.14285714285714285,0.14285714285714288,0.14285714285714288,0.0,-0.14285714285714285,0.0,0.0,-0.14285714285714288,-0.2857142857142857,-0.07142857142857142,-0.2142857142857143,-0.35714285714285715,0.39285714285714285,0.39285714285714285,0.3214285714285714,0.25,0.25,0.17857142857142858,0.10714285714285715,0.10714285714285714,0.10714285714285714,0.0357142857142857,-0.035714285714285726,0.03571428571428571,-0.035714285714285726,-0.10714285714285715,1.0,1.0,0.9285714285714286,0.7857142857142857,0.7857142857142857,0.6428571428571429,0.5,0.5,0.35714285714285715,0.21428571428571427,0.14285714285714285,c3,0.07142857142857142,0.21428571428571427,0.21428571428571427,0.35714285714285715,0.5,0.5,0.6428571428571429,0.7857142857142857,0.8571428571428571,0.3135416539590098,0.24289998420434622,8,5,14,2.2,2.2\ChatDev_ProgramDev2_GPT4o_44_scored.json,-0.35714285714285715,"Write a simple CLI HTTP server that serves static files (HTML, CSS, JS, images) from a specified local directory. Listens on a configurable port.",CodeReviewComment,Code Reviewer,0.0024950700560183764,1
0.0,0.14285714285714285,16,2.0,1.0,14.0,0.2,-0.4316174143368887,0.3333333333333333,0.3073018404938137,0.38575146592753107,1.0,0.7653891275867529,0.8910396219583754,0.10054016186321518,0.24327943361402132,0.6140311800791275,0.9997826460066586,0.3073018404938137,0.4947762408364532,0.5659344378696916,ChatDev_ProgramDev2_GPT4o_45_scored.json,0.5467065197048235,0.5714285714285714,0.5714285714285714,0.5714285714285714,0.5714285714285714,0.5714285714285714,0.5714285714285714,0.5714285714285714,0.5714285714285714,0.5714285714285714,0.5714285714285714,0.5714285714285714,0.2857142857142857,0.2857142857142857,0.2857142857142857,0.6428571428571429,0.6428571428571429,0.6428571428571429,0.6428571428571429,0.6428571428571429,0.6428571428571429,0.6428571428571429,0.6428571428571429,0.6428571428571429,0.6428571428571429,0.6428571428571429,0.3571428571428571,0.3571428571428571,0.3571428571428571,5.0,3.6666666666666665,1.0,0.8571428571428571,0.8571428571428571,0.8571428571428571,0.8571428571428571,0.7142857142857143,0.7142857142857143,0.7142857142857143,0.42857142857142855,c3,0.0,0.14285714285714285,0.14285714285714285,0.14285714285714285,0.14285714285714285,0.2857142857142857,0.2857142857142857,0.2857142857142857,0.5714285714285714,0.62253198472961,0.4580872870929392,8,5,14,2.2,2.2\ChatDev_ProgramDev2_GPT4o_45_scored.json,0.2857142857142857,Create a CLI tool to generate a QR code from a given text string or URL. Output the QR code as an ASCII art representation in the terminal or save it as an image file.,CodeReviewModification,Programmer,0.10054016186321518,3
1.0,0.23076923076923078,15.666666666666666,3.0,2.0,13.0,0.4,-0.25246851067559334,0.3333333333333333,0.2753833622618806,0.31335932227720753,0.9999997357381422,0.6544820211705443,0.7924979139651027,0.06900427686422612,0.26805170729438055,0.5150102416453328,0.8283695639225404,0.2753833622618806,0.9190368861092725,0.4788386978786488,ChatDev_ProgramDev2_GPT4o_46_scored.json,0.25172385429636324,0.5384615384615385,0.46153846153846156,0.38461538461538464,0.4615384615384615,0.3846153846153846,0.30769230769230765,0.30769230769230765,0.3076923076923077,0.23076923076923078,0.15384615384615385,0.15384615384615385,0.0,-0.07692307692307693,-0.07692307692307693,0.576923076923077,0.5384615384615385,0.5,0.5,0.4615384615384615,0.423076923076923,0.423076923076923,0.34615384615384615,0.3076923076923077,0.2692307692307693,0.2692307692307693,0.07692307692307693,0.038461538461538464,0.038461538461538464,5.0,3.0,0.9230769230769231,0.9230769230769231,0.8461538461538461,0.7692307692307693,0.7692307692307693,0.6153846153846154,0.5384615384615384,0.38461538461538464,0.15384615384615385,c3,0.07692307692307693,0.07692307692307693,0.15384615384615385,0.23076923076923078,0.23076923076923078,0.38461538461538464,0.46153846153846156,0.6153846153846154,0.8461538461538461,0.5775589442474673,0.37909865890866373,8,5,13,2.2,2.2\ChatDev_ProgramDev2_GPT4o_46_scored.json,-0.07692307692307693,"Develop a CLI utility to split a large file into smaller parts of a specified size (e.g., 10MB chunks). Name the output parts sequentially.",CodeReviewModification,Programmer,0.06900427686422612,4
0.0,0.26666666666666666,4,4.0,4.0,15.0,0.2,-0.15146958865864754,0.3333333333333333,0.34033914437748897,0.3948043939795801,0.9999998545491624,0.5790509498602933,0.6791787092455446,0.005220125868449866,0.01412474192026519,0.3738316512861912,0.7686360452657713,0.34033914437748897,0.8136541491827749,0.4069017026627402,ChatDev_ProgramDev2_GPT4o_51_scored.json,0.11581018997205866,0.3333333333333333,0.3333333333333333,0.3333333333333333,0.2,0.2,0.2,0.2,-0.06666666666666665,-0.06666666666666665,-0.06666666666666665,-0.06666666666666665,-0.06666666666666665,-0.06666666666666665,-0.06666666666666665,0.4666666666666667,0.4666666666666667,0.4666666666666667,0.33333333333333337,0.33333333333333337,0.33333333333333337,0.33333333333333337,0.06666666666666668,0.06666666666666668,0.06666666666666668,0.06666666666666668,0.06666666666666668,0.06666666666666668,0.06666666666666668,0.75,0.8,0.8,0.7333333333333333,0.7333333333333333,0.7333333333333333,0.7333333333333333,0.6,0.4666666666666667,0.2,0.2,c3,0.2,0.26666666666666666,0.26666666666666666,0.26666666666666666,0.26666666666666666,0.4,0.5333333333333333,0.8,0.8,0.3123842831936266,0.2387118054828043,8,5,15,2.2,2.2\ChatDev_ProgramDev2_GPT4o_51_scored.json,-0.06666666666666665,"Build a CLI clipboard manager for text only. Allow users to copy text to this internal clipboard, paste from it, and view its history. (Manages its own clipboard, not the system one directly without extra tools).",CodeReviewComment,Code Reviewer,0.005220125868449866,2
0.0,0.3333333333333333,5.4,5.0,3.0,15.0,0.14285714285714285,-0.34705333739211125,0.0,0.34635587599014556,0.5291054103781715,0.9999993726660764,0.591367757340383,0.6666346597189742,0.0005527785265734312,0.037099233055462866,0.3606936973960292,0.8897991077742007,0.34635587599014556,0.9285012313356796,0.41412326369624014,ChatDev_ProgramDev2_GPT4o_56_scored.json,0.23654710293615322,0.3333333333333333,0.3333333333333333,0.2,0.2,0.2,0.06666666666666671,0.06666666666666671,0.2,0.2,0.06666666666666671,0.06666666666666671,0.06666666666666665,-0.06666666666666665,-0.06666666666666665,0.43333333333333335,0.43333333333333335,0.3666666666666667,0.30000000000000004,0.30000000000000004,0.23333333333333336,0.23333333333333336,0.30000000000000004,0.30000000000000004,0.23333333333333336,0.23333333333333336,0.16666666666666666,0.1,0.1,2.0,1.75,0.8,0.8,0.8,0.6666666666666666,0.6666666666666666,0.5333333333333333,0.4,0.4,0.26666666666666666,c3,0.2,0.2,0.2,0.3333333333333333,0.3333333333333333,0.4666666666666667,0.6,0.6,0.7333333333333333,0.39136775734038304,0.2450118813502375,10,5,15,2.3,2.3\ChatDev_ProgramDev2_GPT4o_56_scored.json,-0.06666666666666665,"Write a CLI script creator for simple backups. User specifies source directories and a target backup location. The script (e.g., shell script using `rsync` or `tar`) is generated.",CodeReviewComment,Code Reviewer,0.0005527785265734312,3
0.0,0.07692307692307693,4,1.0,1.0,13.0,0.0,-1.4505605437356963,0.0,0.16869935242898776,0.25344371515168573,0.9999998618196085,0.8430900656247938,0.8746833333527458,0.43553251716152935,0.6531573719265291,0.7464600674140857,0.9999037825657714,0.16869935242898776,0.491021096228183,0.7208228010858144,ChatDev_ProgramDev2_GPT4o_57_scored.json,0.5836777377402419,0.9230769230769231,0.9230769230769231,0.9230769230769231,0.7692307692307693,0.7692307692307693,0.7692307692307693,0.6923076923076923,0.6923076923076923,0.6923076923076923,0.6923076923076923,0.6153846153846154,0.38461538461538464,0.38461538461538464,0.3076923076923077,0.9230769230769231,0.9230769230769231,0.9230769230769231,0.7692307692307693,0.7692307692307693,0.7692307692307693,0.7307692307692308,0.6923076923076923,0.6923076923076923,0.6923076923076923,0.6538461538461539,0.38461538461538464,0.38461538461538464,0.34615384615384615,,10.0,1.0,1.0,1.0,1.0,0.9230769230769231,0.9230769230769231,0.7692307692307693,0.6923076923076923,0.38461538461538464,c3,0.0,0.0,0.0,0.0,0.07692307692307693,0.07692307692307693,0.23076923076923078,0.3076923076923077,0.6153846153846154,0.8430900656247938,0.674390713195806,8,5,13,2.2,2.2\ChatDev_ProgramDev2_GPT4o_57_scored.json,0.3076923076923077,"Create a CLI engine for a simple text-based adventure game. Load game data (rooms, user_demands, items, choices) from a JSON or YAML file. Player navigates by typing commands.",DemandAnalysis,Chief Product Officer,0.43553251716152935,2
0.0,0.21428571428571427,21,3.0,2.0,14.0,0.2857142857142857,-0.0052898448149271875,0.6666666666666666,0.3268416535507944,0.2871927803632287,1.0,0.6107438942231986,0.6985412863006133,0.00042947463159820164,0.04845464861381428,0.5410299141725416,0.8282226945357704,0.3268416535507944,0.8286967871818546,0.4276495683457185,ChatDev_ProgramDev2_GPT4o_60_scored.json,0.2181228193654281,0.4285714285714286,0.4285714285714286,0.4285714285714286,0.2857142857142857,0.2857142857142857,0.2857142857142857,0.2857142857142857,0.14285714285714288,0.14285714285714288,0.14285714285714288,0.14285714285714288,0.0,0.0,0.0,0.5357142857142858,0.5357142857142858,0.5357142857142858,0.39285714285714285,0.39285714285714285,0.39285714285714285,0.39285714285714285,0.25,0.25,0.25,0.25,0.10714285714285714,0.10714285714285714,0.10714285714285714,1.6666666666666667,1.5,0.7857142857142857,0.7857142857142857,0.7857142857142857,0.7857142857142857,0.7857142857142857,0.6428571428571429,0.5,0.35714285714285715,0.21428571428571427,c3,0.21428571428571427,0.21428571428571427,0.21428571428571427,0.21428571428571427,0.21428571428571427,0.35714285714285715,0.5,0.6428571428571429,0.7857142857142857,0.39645817993748433,0.2839022406724042,8,4,14,2.2,2.2\ChatDev_ProgramDev2_GPT4o_60_scored.json,0.0,"Write a simple CLI password vault. Store website/service names, usernames, and passwords encrypted in a local file. Use a master password to encrypt/decrypt the vault.",CodeReviewComment,Code Reviewer,0.00042947463159820164,1
1.0,0.35714285714285715,7.8,5.0,4.0,14.0,0.2,0.004506997633918634,0.0,0.34818226678849107,0.6101183586980805,0.99999986794223,0.5344782256888574,0.5824816007490217,0.014063627752950034,0.027203424833265877,0.21613302675518448,0.826251385453265,0.34818226678849107,0.9397387539970584,0.37835384630808516,ChatDev_ProgramDev2_GPT4o_61_scored.json,0.1527080644825307,0.14285714285714285,0.14285714285714285,0.0714285714285714,0.07142857142857145,0.07142857142857145,0.0,0.0,0.0,0.0,-0.07142857142857145,-0.07142857142857145,-0.07142857142857142,-0.14285714285714288,-0.14285714285714288,0.2857142857142857,0.2857142857142857,0.24999999999999997,0.2142857142857143,0.2142857142857143,0.17857142857142858,0.17857142857142858,0.14285714285714285,0.14285714285714285,0.10714285714285712,0.10714285714285712,0.07142857142857142,0.0357142857142857,0.0357142857142857,1.0,1.0,0.7857142857142857,0.7142857142857143,0.7142857142857143,0.6428571428571429,0.6428571428571429,0.42857142857142855,0.35714285714285715,0.2857142857142857,0.21428571428571427,c3,0.21428571428571427,0.2857142857142857,0.2857142857142857,0.35714285714285715,0.35714285714285715,0.5714285714285714,0.6428571428571429,0.7142857142857143,0.7857142857142857,0.2487639399745717,0.18629595890036632,8,5,14,2.2,2.2\ChatDev_ProgramDev2_GPT4o_61_scored.json,-0.14285714285714288,"Create a CLI tool to help clean up local Git branches by listing branches that have been merged into the main/master branch and are inactive (old commit date), offering an option to delete them.",LanguageChoose,Chief Technology Officer,0.014063627752950034,2
1.0,0.38461538461538464,18,5.0,4.0,13.0,0.8,0.28577226289185975,0.6666666666666666,0.3172549845212157,0.40634911544082924,0.9999998684420693,0.5711489322704251,0.5748821169653306,0.0012364605263631447,0.07600549766818021,0.42881491909285746,0.8351640345336867,0.3172549845212157,0.8777875964952416,0.4001751907472065,ChatDev_ProgramDev2_GPT4o_63_scored.json,0.17573813300628466,0.23076923076923078,0.23076923076923078,0.15384615384615385,0.23076923076923078,0.23076923076923078,0.15384615384615385,0.0,0.15384615384615385,0.15384615384615385,0.07692307692307693,-0.07692307692307693,0.07692307692307693,0.0,-0.15384615384615385,0.3076923076923077,0.3076923076923077,0.2692307692307693,0.3076923076923077,0.3076923076923077,0.2692307692307693,0.19230769230769232,0.23076923076923078,0.23076923076923078,0.19230769230769232,0.11538461538461539,0.15384615384615385,0.11538461538461539,0.038461538461538464,2.0,1.6666666666666667,0.8461538461538461,0.8461538461538461,0.8461538461538461,0.7692307692307693,0.6153846153846154,0.38461538461538464,0.38461538461538464,0.3076923076923077,0.23076923076923078,c3,0.15384615384615385,0.15384615384615385,0.15384615384615385,0.23076923076923078,0.38461538461538464,0.6153846153846154,0.6153846153846154,0.6923076923076923,0.7692307692307693,0.4173027784242712,0.25389394774920937,8,5,13,2.2,2.2\ChatDev_ProgramDev2_GPT4o_63_scored.json,-0.15384615384615385,"Build a CLI SSH alias manager. Allow users to add, list, and remove SSH connection aliases (hostname, user, port, key file) stored in a configuration file, making it easier to connect.",CodeReviewModification,Programmer,0.0012364605263631447,4
1.0,0.2857142857142857,7.25,4.0,2.0,14.0,0.2857142857142857,-0.35572562514601996,0.0,0.3034256901805269,0.48447813694389896,0.9999998445465887,0.72210552892482,0.7850184992684635,0.0953494626980111,0.2705690542470501,0.5152995163260812,0.9997776532699801,0.3034256901805269,0.8085465990227773,0.5340787090567773,ChatDev_ProgramDev2_GPT4o_64_scored.json,0.30947379811063713,0.5,0.5,0.5,0.5,0.5,0.5,0.3571428571428572,0.2857142857142857,0.2857142857142857,0.2857142857142857,0.14285714285714285,0.2857142857142857,0.2857142857142857,0.14285714285714285,0.5714285714285715,0.5714285714285715,0.5714285714285715,0.5714285714285715,0.5714285714285715,0.5714285714285715,0.5,0.3571428571428571,0.3571428571428571,0.3571428571428571,0.2857142857142857,0.3571428571428571,0.3571428571428571,0.2857142857142857,3.0,2.3333333333333335,0.9285714285714286,0.8571428571428571,0.8571428571428571,0.8571428571428571,0.7142857142857143,0.6428571428571429,0.6428571428571429,0.42857142857142855,0.42857142857142855,c3,0.07142857142857142,0.14285714285714285,0.14285714285714285,0.14285714285714285,0.2857142857142857,0.35714285714285715,0.35714285714285715,0.5714285714285714,0.5714285714285714,0.5792483860676771,0.41867983874429315,8,4,14,2.2,2.2\ChatDev_ProgramDev2_GPT4o_64_scored.json,0.14285714285714285,"Write a CLI network speed tester that measures download and upload speed against a public test server (e.g., using speedtest-cli or by downloading/uploading a file from a known server).",CodeReviewComment,Code Reviewer,0.0953494626980111,3
1.0,0.38461538461538464,8.8,5.0,3.0,13.0,0.4,0.12695528405792572,0.3333333333333333,0.4104286493373979,0.665070008573208,0.9999999126029394,0.6686569700464724,0.9953907221774507,0.001501181950907551,0.014157358108928817,0.3339450190499049,0.9990150276231129,0.4104286493373979,0.6410729506117447,0.4685102336178029,ChatDev_ProgramDev2_GPT4o_66_scored.json,0.4114812123362907,0.38461538461538464,0.38461538461538464,0.3076923076923077,0.38461538461538464,0.38461538461538464,0.3076923076923077,0.23076923076923078,0.38461538461538464,0.38461538461538464,0.3076923076923077,0.23076923076923078,0.30769230769230765,0.23076923076923073,0.1538461538461538,0.5,0.5,0.46153846153846156,0.5,0.5,0.46153846153846156,0.42307692307692313,0.5,0.5,0.46153846153846156,0.42307692307692313,0.423076923076923,0.3846153846153846,0.34615384615384615,2.6666666666666665,2.25,0.7692307692307693,0.7692307692307693,0.7692307692307693,0.6923076923076923,0.6153846153846154,0.6153846153846154,0.6153846153846154,0.6153846153846154,0.5384615384615384,c3,0.23076923076923078,0.23076923076923078,0.23076923076923078,0.3076923076923077,0.38461538461538464,0.38461538461538464,0.38461538461538464,0.38461538461538464,0.46153846153846156,0.4378877392772416,0.2582283207090745,8,5,13,2.2,2.2\ChatDev_ProgramDev2_GPT4o_66_scored.json,0.1538461538461538,"Develop a basic CLI image resizer. Takes an image file, target width or height, and resizes it while maintaining aspect ratio. Save the output to a new file.",CodeReviewComment,Code Reviewer,0.001501181950907551,2
1.0,0.2857142857142857,15,4.0,2.0,14.0,0.5,0.328142508288848,0.6666666666666666,0.36907630932595903,0.5189618401810236,0.9999998669578981,0.6483664269568077,0.7667041940236312,3.7912802139559533e-10,0.01585680263834906,0.4784228143316743,0.9973846545126979,0.36907630932595903,0.7791800429485637,0.4538564989835038,ChatDev_ProgramDev2_GPT4o_67_scored.json,0.23155943819885988,0.5,0.5,0.5,0.3571428571428571,0.3571428571428571,0.3571428571428571,0.2857142857142857,0.14285714285714288,0.14285714285714288,0.14285714285714288,0.07142857142857145,0.14285714285714288,0.14285714285714288,0.07142857142857145,0.6071428571428572,0.6071428571428572,0.6071428571428572,0.46428571428571425,0.46428571428571425,0.46428571428571425,0.42857142857142855,0.25,0.25,0.25,0.2142857142857143,0.25,0.25,0.2142857142857143,1.6666666666666667,1.5,0.7857142857142857,0.7857142857142857,0.7857142857142857,0.7857142857142857,0.7142857142857143,0.7142857142857143,0.5714285714285714,0.35714285714285715,0.35714285714285715,c3,0.21428571428571427,0.21428571428571427,0.21428571428571427,0.21428571428571427,0.2857142857142857,0.2857142857142857,0.42857142857142855,0.6428571428571429,0.6428571428571429,0.4340807126710934,0.27929011763084866,9,5,14,2.2,2.2\ChatDev_ProgramDev2_GPT4o_67_scored.json,0.07142857142857145,"Build a CLI audio file tag editor for MP3 files (basic ID3 tags). Allow viewing and modifying tags like title, artist, album, year. Requires a library for MP3 tag manipulation.",DemandAnalysis,Chief Product Officer,3.7912802139559533e-10,2
1.0,0.6153846153846154,12.375,8.0,7.0,13.0,0.8,0.7757480912524591,1.0,0.36978743287285165,0.6600109967833876,0.9999961491792697,0.4695859269316622,0.4703911418144135,0.006090051199585631,0.027794723420862727,0.09003560990982996,0.7500466066932175,0.36978743287285165,0.972362610668201,0.33053716421203916,ChatDev_ProgramDev2_GPT4o_68_scored.json,0.1083659831380759,0.07692307692307693,-0.07692307692307693,-0.07692307692307693,0.07692307692307693,-0.07692307692307693,-0.07692307692307693,-0.23076923076923078,-0.07692307692307693,-0.23076923076923078,-0.23076923076923078,-0.38461538461538464,-0.23076923076923078,-0.23076923076923078,-0.38461538461538464,0.23076923076923078,0.15384615384615385,0.15384615384615385,0.23076923076923078,0.15384615384615385,0.15384615384615385,0.07692307692307693,0.07692307692307693,0.0,0.0,-0.07692307692307693,0.0,0.0,-0.07692307692307693,0.75,0.8,0.6923076923076923,0.6923076923076923,0.5384615384615384,0.5384615384615384,0.38461538461538464,0.38461538461538464,0.38461538461538464,0.23076923076923078,0.23076923076923078,c3,0.3076923076923077,0.3076923076923077,0.46153846153846156,0.46153846153846156,0.6153846153846154,0.6153846153846154,0.6153846153846154,0.7692307692307693,0.7692307692307693,0.16189361923935447,0.09979849405881053,8,5,13,2.2,2.2\ChatDev_ProgramDev2_GPT4o_68_scored.json,-0.38461538461538464,"Write a CLI tool to convert a short video file segment (e.g., first 5 seconds) into an animated GIF. Requires `ffmpeg` to be installed.",CodeReviewComment,Code Reviewer,0.006090051199585631,1
1.0,0.2857142857142857,8.5,4.0,3.0,14.0,0.3333333333333333,0.13026556979105464,0.3333333333333333,0.36821993609675324,0.6365338500326922,0.9999991241659004,0.6463593437169738,0.7761420015085452,0.017986213912998077,0.060469742694798906,0.3124914696145207,0.9490253196472129,0.36821993609675324,0.6428338893455412,0.45784740477578106,ChatDev_ProgramDev2_GPT4o_69_scored.json,0.3231796718584869,0.4285714285714286,0.4285714285714286,0.4285714285714286,0.4285714285714286,0.4285714285714286,0.4285714285714286,0.4285714285714286,0.2142857142857143,0.2142857142857143,0.2142857142857143,0.2142857142857143,0.07142857142857145,0.07142857142857145,0.07142857142857145,0.5714285714285714,0.5714285714285714,0.5714285714285714,0.5714285714285714,0.5714285714285714,0.5714285714285714,0.5714285714285714,0.35714285714285715,0.35714285714285715,0.35714285714285715,0.35714285714285715,0.2142857142857143,0.2142857142857143,0.2142857142857143,1.75,1.6,0.8571428571428571,0.7142857142857143,0.7142857142857143,0.7142857142857143,0.7142857142857143,0.7142857142857143,0.7142857142857143,0.5,0.35714285714285715,c3,0.14285714285714285,0.2857142857142857,0.2857142857142857,0.2857142857142857,0.2857142857142857,0.2857142857142857,0.2857142857142857,0.5,0.6428571428571429,0.3606450580026881,0.27813940762022055,9,5,14,2.2,2.2\ChatDev_ProgramDev2_GPT4o_69_scored.json,0.07142857142857145,"Create a CLI PDF text extractor. Takes a PDF file path and extracts all text content, printing it to standard output or saving to a text file. (May use a library like pdftotext).",CodeReviewComment,Code Reviewer,0.017986213912998077,2
1.0,0.23076923076923078,18.666666666666668,3.0,3.0,13.0,0.5,0.009699646475485905,0.6666666666666666,0.2584852992196724,0.2727389347319341,1.0,0.6780083106891622,0.7010922523978672,0.02148438848169067,0.4695099614094299,0.5121810913930388,0.7849200261249729,0.2584852992196724,0.7648208194538375,0.48105113402692073,ChatDev_ProgramDev2_GPT4o_71_scored.json,0.1564634563128836,0.6153846153846154,0.6153846153846154,0.6153846153846154,0.4615384615384615,0.4615384615384615,0.4615384615384615,0.30769230769230765,0.15384615384615385,0.15384615384615385,0.15384615384615385,0.0,0.15384615384615385,0.15384615384615385,0.0,0.6538461538461539,0.6538461538461539,0.6538461538461539,0.5,0.5,0.5,0.423076923076923,0.19230769230769232,0.19230769230769232,0.19230769230769232,0.11538461538461539,0.19230769230769232,0.19230769230769232,0.11538461538461539,3.0,2.0,0.9230769230769231,0.9230769230769231,0.9230769230769231,0.9230769230769231,0.7692307692307693,0.6923076923076923,0.5384615384615384,0.23076923076923078,0.23076923076923078,c3,0.07692307692307693,0.07692307692307693,0.07692307692307693,0.07692307692307693,0.23076923076923078,0.3076923076923077,0.46153846153846156,0.7692307692307693,0.7692307692307693,0.6010852337660852,0.41952301146948984,7,4,13,2.2,2.2\ChatDev_ProgramDev2_GPT4o_71_scored.json,0.0,Build a CLI tool to convert a JSON file to a CSV file. Handle nested JSON by flattening or allowing user to specify fields. User provides input JSON and output CSV paths.,CodeReviewModification,Programmer,0.02148438848169067,4
1.0,0.42857142857142855,15,6.0,5.0,14.0,0.8,0.8302226197032477,1.0,0.3851295871898505,0.7542028459848088,0.9999998620333421,0.5416203408807287,0.6485346504367315,8.537662911643566e-06,0.0037029927381476376,0.16900945258632583,0.9232122985711346,0.3851295871898505,0.8024023537460198,0.37913679991538357,ChatDev_ProgramDev2_GPT4o_77_scored.json,0.1934358360288317,0.14285714285714285,0.14285714285714285,0.14285714285714285,0.14285714285714285,0.14285714285714285,0.14285714285714285,0.07142857142857145,0.0,0.0,0.0,-0.0714285714285714,-0.07142857142857145,-0.07142857142857145,-0.14285714285714285,0.3214285714285714,0.3214285714285714,0.3214285714285714,0.3214285714285714,0.3214285714285714,0.3214285714285714,0.2857142857142857,0.17857142857142858,0.17857142857142858,0.17857142857142858,0.14285714285714288,0.10714285714285712,0.10714285714285712,0.07142857142857142,1.0,1.0,0.7857142857142857,0.6428571428571429,0.6428571428571429,0.6428571428571429,0.5714285714285714,0.5,0.5,0.35714285714285715,0.2857142857142857,c3,0.21428571428571427,0.35714285714285715,0.35714285714285715,0.35714285714285715,0.42857142857142855,0.5,0.5,0.6428571428571429,0.7142857142857143,0.1844774837378716,0.15649075369087823,8,5,14,2.3,2.3\ChatDev_ProgramDev2_GPT4o_77_scored.json,-0.14285714285714285,"Create a CLI Pomodoro timer. Allows users to start a 25-minute work session followed by a 5-minute break, with configurable durations and notifications.",CodeReviewModification,Programmer,8.537662911643566e-06,2
1.0,0.4666666666666667,14.285714285714286,7.0,3.0,15.0,0.5714285714285714,0.4008229412266532,0.6666666666666666,0.31994501062092523,0.466563074836997,0.9999998847052084,0.4870916733454399,0.5821127442943721,8.350707044505466e-06,0.0019176521981089534,0.23507830232308913,0.7016413771600861,0.31994501062092523,0.8570024626713595,0.34096667655392127,ChatDev_ProgramDev2_GPT4o_81_scored.json,0.09741833466908799,0.2,0.2,0.2,0.0,0.0,0.0,-0.2,-0.06666666666666665,-0.06666666666666665,-0.06666666666666665,-0.26666666666666666,-0.2,-0.2,-0.4,0.33333333333333337,0.33333333333333337,0.33333333333333337,0.13333333333333333,0.13333333333333333,0.13333333333333333,0.033333333333333326,0.06666666666666668,0.06666666666666668,0.06666666666666668,-0.033333333333333326,-0.06666666666666667,-0.06666666666666667,-0.16666666666666669,0.75,0.8,0.7333333333333333,0.7333333333333333,0.7333333333333333,0.7333333333333333,0.5333333333333333,0.4666666666666667,0.26666666666666666,0.2,0.06666666666666667,c3,0.26666666666666666,0.26666666666666666,0.26666666666666666,0.26666666666666666,0.4666666666666667,0.5333333333333333,0.7333333333333333,0.8,0.9333333333333333,0.22042500667877324,0.16714666272451467,8,4,15,2.2,2.2\ChatDev_ProgramDev2_GPT4o_81_scored.json,-0.4,"Create a CLI flashcard study tool. Users can create decks of flashcards (front: question/term, back: answer/definition). The tool presents cards for review.",DemandAnalysis,Chief Product Officer,8.350707044505466e-06,2
1.0,0.7142857142857143,14.9,10.0,8.0,14.0,1.0,1.1273629359147443,1.0,0.3837074597982958,0.7947394244400395,0.9999998762486311,0.4544772394530401,0.42575686942320834,2.706367143189993e-05,0.01797459623474975,0.07589501908991644,0.870634443529956,0.3837074597982958,0.8286967871818546,0.3181421867185576,ChatDev_ProgramDev2_GPT4o_84_scored.json,0.12985063984372572,-0.07142857142857145,-0.07142857142857145,-0.2142857142857143,-0.07142857142857145,-0.07142857142857145,-0.2142857142857143,-0.4285714285714286,-0.07142857142857145,-0.07142857142857145,-0.2142857142857143,-0.4285714285714286,-0.07142857142857145,-0.2142857142857143,-0.4285714285714286,0.10714285714285712,0.10714285714285712,0.0357142857142857,0.10714285714285712,0.10714285714285712,0.0357142857142857,-0.07142857142857145,0.10714285714285712,0.10714285714285712,0.0357142857142857,-0.07142857142857145,0.10714285714285712,0.0357142857142857,-0.07142857142857145,0.7999999999999999,0.8333333333333334,0.6428571428571429,0.6428571428571429,0.6428571428571429,0.5,0.2857142857142857,0.2857142857142857,0.2857142857142857,0.2857142857142857,0.2857142857142857,c3,0.35714285714285715,0.35714285714285715,0.35714285714285715,0.5,0.7142857142857143,0.7142857142857143,0.7142857142857143,0.7142857142857143,0.7142857142857143,0.09733438231018293,0.07076977965474429,8,5,14,2.3,2.3\ChatDev_ProgramDev2_GPT4o_84_scored.json,-0.4285714285714286,Write a simple CLI chat server for a local network. Listens for connections from chat clients and broadcasts messages to all connected clients.,CodeReviewModification,Programmer,2.706367143189993e-05,3
0.0,0.5,11.714285714285714,7.0,5.0,14.0,0.4,0.09226619021107114,0.6666666666666666,0.329412441125565,0.6600530032202566,0.9999999140337527,0.6100352416052596,0.5865921595662853,0.0009110514045295695,0.28212113687609724,0.3217511763478388,0.9818041795680954,0.329412441125565,0.9134443205612237,0.4272979845450406,ChatDev_ProgramDev2_GPT4o_85_scored.json,0.21786972914473557,0.4285714285714286,0.2857142857142857,0.14285714285714285,0.3571428571428571,0.21428571428571427,0.0714285714285714,-0.07142857142857145,0.2857142857142857,0.14285714285714288,0.0,-0.14285714285714285,0.14285714285714288,0.0,-0.14285714285714285,0.4642857142857143,0.39285714285714285,0.3214285714285714,0.39285714285714285,0.3214285714285714,0.24999999999999997,0.17857142857142855,0.32142857142857145,0.25,0.17857142857142858,0.10714285714285715,0.25,0.17857142857142858,0.10714285714285715,5.0,3.0,0.9285714285714286,0.9285714285714286,0.7857142857142857,0.6428571428571429,0.5,0.5,0.42857142857142855,0.35714285714285715,0.35714285714285715,c3,0.07142857142857142,0.07142857142857142,0.21428571428571427,0.35714285714285715,0.5,0.5,0.5714285714285714,0.6428571428571429,0.6428571428571429,0.5386066701766882,0.28062280047969457,8,5,14,2.3,2.3\ChatDev_ProgramDev2_GPT4o_85_scored.json,-0.14285714285714285,Create a basic CLI file transfer tool for a local network. Allows sending a file from one machine (client) to another (server) running a corresponding receiver script.,CodeReviewComment,Code Reviewer,0.0009110514045295695,3
1.0,0.35294117647058826,10.166666666666666,6.0,3.0,17.0,0.375,0.6969396075945129,0.6666666666666666,0.35016734441876984,0.5896977901257037,0.9999998684420693,0.5837314584983742,0.722520500516868,0.002472623024627213,0.03755675635232444,0.36299751834864197,0.9526953084743456,0.35016734441876984,0.9719977955078913,0.4093538078562501,ChatDev_ProgramDev2_GPT4o_88_scored.json,0.17168572308775712,0.3529411764705882,0.29411764705882354,0.23529411764705882,0.3529411764705882,0.29411764705882354,0.23529411764705882,0.1764705882352941,0.11764705882352941,0.05882352941176472,0.0,-0.05882352941176472,0.05882352941176472,0.0,-0.05882352941176472,0.4411764705882353,0.4117647058823529,0.38235294117647056,0.4411764705882353,0.4117647058823529,0.38235294117647056,0.3529411764705882,0.20588235294117646,0.17647058823529413,0.14705882352941177,0.11764705882352941,0.17647058823529413,0.14705882352941177,0.11764705882352941,1.6666666666666665,1.5,0.8235294117647058,0.8235294117647058,0.7647058823529411,0.7058823529411765,0.6470588235294118,0.5294117647058824,0.5294117647058824,0.29411764705882354,0.29411764705882354,c3,0.17647058823529413,0.17647058823529413,0.23529411764705882,0.29411764705882354,0.35294117647058826,0.47058823529411764,0.47058823529411764,0.7058823529411765,0.7058823529411765,0.40726087026308,0.2335641140796043,9,5,17,2.2,2.2\ChatDev_ProgramDev2_GPT4o_88_scored.json,-0.05882352941176472,"Write a CLI CPU usage monitor that shows CPU usage per process, similar to a simplified `top` command, updating periodically. Focus on a specific process if a PID is given.",CodeReviewComment,Code Reviewer,0.002472623024627213,3
1.0,0.46153846153846156,7.166666666666667,6.0,4.0,13.0,0.4,-0.002134283154825223,0.3333333333333333,0.3508826039528804,0.582679823128945,0.9999995976508452,0.44280044014334563,0.5000124103755086,0.000642345430752482,0.003903664403837325,0.03732688524565363,0.6200067083745986,0.3508826039528804,0.972362610668201,0.31015301172956766,ChatDev_ProgramDev2_GPT4o_8_scored.json,0.0681231446374378,0.07692307692307693,0.0,-0.07692307692307693,-0.07692307692307693,-0.15384615384615385,-0.23076923076923078,-0.23076923076923078,-0.15384615384615385,-0.23076923076923078,-0.3076923076923077,-0.3076923076923077,-0.23076923076923078,-0.3076923076923077,-0.3076923076923077,0.23076923076923078,0.19230769230769232,0.15384615384615385,0.07692307692307693,0.038461538461538464,0.0,0.0,0.0,-0.038461538461538464,-0.07692307692307693,-0.07692307692307693,-0.038461538461538464,-0.07692307692307693,-0.07692307692307693,0.5,0.6,0.6923076923076923,0.6923076923076923,0.6153846153846154,0.5384615384615384,0.5384615384615384,0.38461538461538464,0.23076923076923078,0.15384615384615385,0.15384615384615385,c3,0.3076923076923077,0.3076923076923077,0.38461538461538464,0.46153846153846156,0.46153846153846156,0.6153846153846154,0.7692307692307693,0.8461538461538461,0.8461538461538461,0.13510813245103792,0.09191783619046523,8,5,13,2.2,2.2\ChatDev_ProgramDev2_GPT4o_8_scored.json,-0.3076923076923077,"Write a CLI program to analyze a log file (e.g., Apache access log, system log). The user specifies the log file and a pattern (e.g., ERROR, 404). The tool should count and display lines containing the pattern.",CodeReviewComment,Code Reviewer,0.000642345430752482,1
1.0,0.5384615384615384,12.857142857142858,7.0,6.0,13.0,0.8,0.7280946192635461,1.0,0.3829370181428137,0.7961959264346989,0.9999998607953747,0.5158458939329476,0.43543452822572476,1.3092878484936798e-07,0.026254054713495775,0.1719651556424736,0.9681610820771726,0.3829370181428137,0.9311133210541701,0.3610921650316987,ChatDev_ProgramDev2_GPT4o_91_scored.json,0.15872181351783002,0.15384615384615385,0.07692307692307693,0.0,0.07692307692307693,0.0,-0.07692307692307693,-0.1538461538461538,0.0,-0.07692307692307693,-0.15384615384615385,-0.23076923076923073,-0.07692307692307693,-0.15384615384615385,-0.23076923076923073,0.3076923076923077,0.2692307692307693,0.23076923076923078,0.23076923076923078,0.19230769230769232,0.15384615384615385,0.11538461538461542,0.15384615384615385,0.11538461538461539,0.07692307692307693,0.03846153846153849,0.11538461538461539,0.07692307692307693,0.03846153846153849,1.0,1.0,0.8461538461538461,0.6923076923076923,0.6153846153846154,0.5384615384615384,0.46153846153846156,0.46153846153846156,0.38461538461538464,0.3076923076923077,0.3076923076923077,c3,0.15384615384615385,0.3076923076923077,0.38461538461538464,0.46153846153846156,0.5384615384615384,0.5384615384615384,0.6153846153846154,0.6923076923076923,0.6923076923076923,0.20815358624063984,0.13290887579013383,8,5,13,2.3,2.3\ChatDev_ProgramDev2_GPT4o_91_scored.json,-0.23076923076923073,"Build a CLI cronjob generator. Provides a user-friendly way to create common cron job schedules (e.g., daily at 3 AM, every 15 minutes) and outputs the crontab line.",DemandAnalysis,Chief Product Officer,1.3092878484936798e-07,2
0.0,0.2857142857142857,2.75,4.0,4.0,14.0,0.0,-0.3529757921301444,0.0,0.37752476921329076,0.7403125184845174,0.9999997419468039,0.6107317458670868,0.7139154317130458,0.017986215095507463,0.034110157971422056,0.22491199993929317,0.9652245184238105,0.37752476921329076,0.7702436872383199,0.432908086635613,ChatDev_ProgramDev2_GPT4o_92_scored.json,0.26174217680018,0.3571428571428572,0.3571428571428572,0.3571428571428572,0.2142857142857143,0.2142857142857143,0.2142857142857143,0.2142857142857143,0.14285714285714285,0.14285714285714285,0.14285714285714285,0.14285714285714285,0.07142857142857145,0.07142857142857145,0.07142857142857145,0.5,0.5,0.5,0.35714285714285715,0.35714285714285715,0.35714285714285715,0.35714285714285715,0.2857142857142857,0.2857142857142857,0.2857142857142857,0.2857142857142857,0.2142857142857143,0.2142857142857143,0.2142857142857143,1.5,1.4,0.7857142857142857,0.7142857142857143,0.7142857142857143,0.7142857142857143,0.7142857142857143,0.6428571428571429,0.5,0.42857142857142855,0.35714285714285715,c3,0.21428571428571427,0.2857142857142857,0.2857142857142857,0.2857142857142857,0.2857142857142857,0.35714285714285715,0.5,0.5714285714285714,0.6428571428571429,0.3250174601528011,0.23320697665379603,8,5,14,2.2,2.2\ChatDev_ProgramDev2_GPT4o_92_scored.json,0.07142857142857145,Write a CLI utility to add line numbers to a text file. The output can be to a new file or standard output.,CodeReviewComment,Code Reviewer,0.017986215095507463,2
0.0,0.35714285714285715,11.2,5.0,4.0,14.0,0.6,0.09131965576831064,1.0,0.31897054182724266,0.5279288503628086,0.9999989139679396,0.5391280469636687,0.6021996199747741,0.006163929953532085,0.0638752552699601,0.2661563786831591,0.7940852290459677,0.31897054182724266,0.9780416657815157,0.3792388118606277,ChatDev_ProgramDev2_GPT4o_94_scored.json,0.11552743863507185,0.2857142857142857,0.2142857142857143,0.14285714285714285,0.14285714285714288,0.07142857142857145,0.0,0.0,0.0,-0.07142857142857142,-0.14285714285714288,-0.14285714285714288,-0.14285714285714285,-0.2142857142857143,-0.2142857142857143,0.39285714285714285,0.35714285714285715,0.3214285714285714,0.25,0.2142857142857143,0.17857142857142858,0.17857142857142858,0.10714285714285714,0.07142857142857142,0.0357142857142857,0.0357142857142857,0.0,-0.035714285714285726,-0.035714285714285726,1.0,1.0,0.8571428571428571,0.7857142857142857,0.7142857142857143,0.6428571428571429,0.6428571428571429,0.5,0.35714285714285715,0.21428571428571427,0.14285714285714285,c3,0.14285714285714285,0.21428571428571427,0.2857142857142857,0.35714285714285715,0.35714285714285715,0.5,0.6428571428571429,0.7857142857142857,0.8571428571428571,0.32484233267795437,0.220157505136426,8,5,14,2.2,2.2\ChatDev_ProgramDev2_GPT4o_94_scored.json,-0.2142857142857143,Develop a CLI program to extract specific columns from a CSV or space-delimited text file. User specifies column numbers or headers.,CodeReviewModification,Programmer,0.006163929953532085,2
1.0,0.3076923076923077,7,4.0,2.0,13.0,0.4,-0.3108847079654113,0.0,0.3644496528209537,0.5886006950891063,0.9999993787603786,0.6038489479118913,0.676763311004087,0.0005527785265734312,0.012991985144587728,0.3620181643537343,0.9506188594428405,0.3644496528209537,0.8940282437120122,0.42286009709629585,ChatDev_ProgramDev2_GPT4o_97_scored.json,0.23224959535072742,0.38461538461538464,0.38461538461538464,0.3076923076923077,0.23076923076923078,0.23076923076923078,0.15384615384615385,0.15384615384615385,0.15384615384615385,0.15384615384615385,0.07692307692307693,0.07692307692307693,0.07692307692307693,0.0,0.0,0.5,0.5,0.46153846153846156,0.34615384615384615,0.34615384615384615,0.3076923076923077,0.3076923076923077,0.2692307692307693,0.2692307692307693,0.23076923076923078,0.23076923076923078,0.19230769230769232,0.15384615384615385,0.15384615384615385,1.6666666666666667,1.5,0.7692307692307693,0.7692307692307693,0.7692307692307693,0.6923076923076923,0.6923076923076923,0.6153846153846154,0.46153846153846156,0.38461538461538464,0.3076923076923077,c3,0.23076923076923078,0.23076923076923078,0.23076923076923078,0.3076923076923077,0.3076923076923077,0.38461538461538464,0.5384615384615384,0.6153846153846154,0.6923076923076923,0.37307971714266047,0.23939929509093755,8,5,13,2.2,2.2\ChatDev_ProgramDev2_GPT4o_97_scored.json,0.0,"Create a CLI code snippet manager. Allow users to save, categorize (e.g., by language), search, and retrieve frequently used code snippets. Store snippets in local files.",CodeReviewComment,Code Reviewer,0.0005527785265734312,2
1.0,0.3076923076923077,4.25,4.0,2.0,13.0,0.16666666666666666,-0.5176075817537311,0.0,0.320218962134726,0.344782608688794,0.9999037819797576,0.6065858529073982,0.5714132706599664,0.004070137939983506,0.0842124266811112,0.49718450634963424,0.8419671150384282,0.320218962134726,0.7582039399250219,0.42583113841717374,ChatDev_ProgramDev2_GPT4o_98_scored.json,0.23330225111823008,0.3076923076923077,0.3076923076923077,0.3076923076923077,0.23076923076923078,0.23076923076923078,0.23076923076923078,0.07692307692307693,0.23076923076923078,0.23076923076923078,0.23076923076923078,0.07692307692307693,0.07692307692307693,0.07692307692307693,-0.07692307692307693,0.38461538461538464,0.38461538461538464,0.38461538461538464,0.3076923076923077,0.3076923076923077,0.3076923076923077,0.23076923076923078,0.3076923076923077,0.3076923076923077,0.3076923076923077,0.23076923076923078,0.15384615384615385,0.15384615384615385,0.07692307692307693,2.5,2.0,0.8461538461538461,0.8461538461538461,0.8461538461538461,0.8461538461538461,0.6923076923076923,0.46153846153846156,0.38461538461538464,0.38461538461538464,0.23076923076923078,c3,0.15384615384615385,0.15384615384615385,0.15384615384615385,0.15384615384615385,0.3076923076923077,0.5384615384615384,0.6153846153846154,0.6153846153846154,0.7692307692307693,0.45273969906124434,0.2863668907726722,7,4,13,2.2,2.2\ChatDev_ProgramDev2_GPT4o_98_scored.json,-0.07692307692307693,Develop a CLI tool that generates a Markdown table from a CSV file input. The first row of the CSV is treated as the header.,CodeReviewComment,Code Reviewer,0.004070137939983506,3
0.0,0.46153846153846156,14.166666666666666,6.0,6.0,13.0,0.6,0.35902733166299616,1.0,0.36322655671015097,0.6221194958459114,0.9999996118439275,0.4339586321470037,0.5005845039073002,0.0011695103074966034,0.010501373749026396,0.10442118550655298,0.7265406813524644,0.36322655671015097,0.748580172237067,0.3041218955951515,ChatDev_ProgramDev_GPT4o_3_scored.json,0.06676286648415442,0.0,0.0,0.0,-0.15384615384615385,-0.15384615384615385,-0.15384615384615385,-0.15384615384615385,-0.3076923076923077,-0.3076923076923077,-0.3076923076923077,-0.3076923076923077,-0.3076923076923077,-0.3076923076923077,-0.3076923076923077,0.23076923076923078,0.23076923076923078,0.23076923076923078,0.07692307692307693,0.07692307692307693,0.07692307692307693,0.07692307692307693,-0.07692307692307693,-0.07692307692307693,-0.07692307692307693,-0.07692307692307693,-0.07692307692307693,-0.07692307692307693,-0.07692307692307693,0.3333333333333333,0.42857142857142855,0.7692307692307693,0.5384615384615384,0.5384615384615384,0.5384615384615384,0.5384615384615384,0.46153846153846156,0.3076923076923077,0.15384615384615385,0.15384615384615385,c3,0.23076923076923078,0.46153846153846156,0.46153846153846156,0.46153846153846156,0.46153846153846156,0.5384615384615384,0.6923076923076923,0.8461538461538461,0.8461538461538461,-0.027579829391457866,0.07073207543685273,8,5,13,2.2,2.2\ChatDev_ProgramDev_GPT4o_3_scored.json,-0.3076923076923077,develop a program that detects palindromes in a given text file,CodeReviewComment,Code Reviewer,0.0011695103074966034,1
0.0,0.3076923076923077,18.75,4.0,3.0,13.0,0.6666666666666666,0.022485582467053383,1.0,0.32041335295082013,0.2591193442817131,0.9999998362229202,0.5444286534217636,0.6608210282777969,0.001143679616313022,0.0016914988655521873,0.4999625472292817,0.7590818915109948,0.32041335295082013,0.7898294618510978,0.3814431612801284,ChatDev_ProgramDev_GPT4o_8_scored.json,0.08375825437257903,0.38461538461538464,0.38461538461538464,0.38461538461538464,0.15384615384615385,0.15384615384615385,0.15384615384615385,0.07692307692307693,-0.07692307692307693,-0.07692307692307693,-0.07692307692307693,-0.15384615384615385,-0.15384615384615385,-0.15384615384615385,-0.23076923076923078,0.5,0.5,0.5,0.2692307692307693,0.2692307692307693,0.2692307692307693,0.23076923076923078,0.038461538461538464,0.038461538461538464,0.038461538461538464,0.0,-0.038461538461538464,-0.038461538461538464,-0.07692307692307693,0.6666666666666666,0.75,0.7692307692307693,0.7692307692307693,0.7692307692307693,0.7692307692307693,0.6923076923076923,0.6153846153846154,0.38461538461538464,0.15384615384615385,0.07692307692307693,c3,0.23076923076923078,0.23076923076923078,0.23076923076923078,0.23076923076923078,0.3076923076923077,0.38461538461538464,0.6153846153846154,0.8461538461538461,0.9230769230769231,0.3136594226525328,0.22401530047094348,7,4,13,2.2,2.2\ChatDev_ProgramDev_GPT4o_8_scored.json,-0.23076923076923078,"Design a chess game, allowing two players to take turns and determining the winner. It should be playable from Linux Terminal, and does not require me to access a dedicated UX or GUI platform, i.e. print the results on terminal at each stage and let me play it there by entering inputs (formal chess notation such as Ke8). Include standard chess features like castling, en passant, and pawn promotion. Enforce check and checkmate rules.",CodeReviewModification,Programmer,0.001143679616313022,4
1.0,0.6428571428571429,11.666666666666666,9.0,7.0,14.0,1.0,0.6347392616572977,1.0,0.2858922156315421,0.32688441900546894,0.9999998954464603,0.4705878176852505,0.4139512679549922,0.060043783933218,0.11351928248633902,0.2730990348331992,0.5999834538386681,0.2858922156315421,0.951747232345681,0.3474246075596407,ChatDev_ProgramDev2_GPT4o_18_scored.json,0.06722683109789292,0.07142857142857142,0.0,-0.07142857142857145,0.0,-0.07142857142857142,-0.14285714285714288,-0.4285714285714286,-0.07142857142857142,-0.14285714285714285,-0.2142857142857143,-0.5,-0.14285714285714285,-0.2142857142857143,-0.5,0.17857142857142855,0.14285714285714285,0.10714285714285712,0.10714285714285714,0.07142857142857142,0.0357142857142857,-0.10714285714285718,0.03571428571428571,0.0,-0.035714285714285726,-0.1785714285714286,0.0,-0.035714285714285726,-0.1785714285714286,0.6666666666666666,0.75,0.8571428571428571,0.7857142857142857,0.7142857142857143,0.6428571428571429,0.35714285714285715,0.2857142857142857,0.21428571428571427,0.14285714285714285,0.14285714285714285,c4,0.14285714285714285,0.21428571428571427,0.2857142857142857,0.35714285714285715,0.6428571428571429,0.7142857142857143,0.7857142857142857,0.8571428571428571,0.8571428571428571,0.2563021033995362,0.18469560205370839,8,5,14,2.6,2.6\ChatDev_ProgramDev2_GPT4o_18_scored.json,-0.5,"Develop a CLI client for a URL shortening service (e.g., TinyURL API or similar). The user provides a long URL, and the tool outputs the shortened URL.",CodeReviewModification,Programmer,0.060043783933218,4
1.0,0.38461538461538464,16.8,5.0,3.0,13.0,0.6,0.16919504292136706,0.6666666666666666,0.3211293975771769,0.511099876036305,0.9984988329462898,0.5827201841740082,0.5998647365815284,0.004105386237082732,0.08579578346123934,0.3521647710069556,0.8632646470432607,0.3211293975771769,0.9190368861092725,0.4091357447929305,ChatDev_ProgramDev2_GPT4o_27_scored.json,0.22412314775923392,0.3076923076923077,0.3076923076923077,0.15384615384615385,0.23076923076923078,0.23076923076923078,0.07692307692307693,0.0,0.23076923076923078,0.23076923076923078,0.07692307692307693,0.0,0.0,-0.15384615384615385,-0.23076923076923078,0.38461538461538464,0.38461538461538464,0.3076923076923077,0.3076923076923077,0.3076923076923077,0.23076923076923078,0.19230769230769232,0.3076923076923077,0.3076923076923077,0.23076923076923078,0.19230769230769232,0.07692307692307693,0.0,-0.038461538461538464,2.5,2.0,0.8461538461538461,0.8461538461538461,0.8461538461538461,0.6923076923076923,0.6153846153846154,0.46153846153846156,0.38461538461538464,0.38461538461538464,0.15384615384615385,c4,0.15384615384615385,0.15384615384615385,0.15384615384615385,0.3076923076923077,0.38461538461538464,0.5384615384615384,0.6153846153846154,0.6153846153846154,0.8461538461538461,0.4288740303278543,0.26159078659683127,8,5,13,2.6,2.6\ChatDev_ProgramDev2_GPT4o_27_scored.json,-0.23076923076923078,"Build a CLI program that counts the total lines of code in a directory, categorized by file extension (e.g., .py, .js, .c). Ignore comments and blank lines if possible.",CodeReviewModification,Programmer,0.004105386237082732,4
0.0,0.15384615384615385,5,2.0,1.0,13.0,0.2,-0.744823786021131,0.3333333333333333,0.33452600646386366,0.47699017503122165,0.9999978321706381,0.7370423586781036,0.984920437282848,0.0005446799519038229,0.23042164777008492,0.5229822665132243,0.999972441544446,0.33452600646386366,0.7438854846828107,0.5160930550602436,ChatDev_ProgramDev2_GPT4o_31_scored.json,0.3968689623651327,0.5384615384615384,0.5384615384615384,0.5384615384615384,0.46153846153846156,0.46153846153846156,0.46153846153846156,0.46153846153846156,0.3846153846153846,0.3846153846153846,0.3846153846153846,0.3846153846153846,0.3846153846153846,0.3846153846153846,0.3846153846153846,0.6153846153846154,0.6153846153846154,0.6153846153846154,0.5384615384615385,0.5384615384615385,0.5384615384615385,0.5384615384615385,0.4615384615384615,0.4615384615384615,0.4615384615384615,0.4615384615384615,0.4615384615384615,0.4615384615384615,0.4615384615384615,3.4999999999999996,2.6666666666666665,0.9230769230769231,0.8461538461538461,0.8461538461538461,0.8461538461538461,0.8461538461538461,0.6923076923076923,0.6153846153846154,0.5384615384615384,0.5384615384615384,c4,0.07692307692307693,0.15384615384615385,0.15384615384615385,0.15384615384615385,0.15384615384615385,0.3076923076923077,0.38461538461538464,0.46153846153846156,0.46153846153846156,0.5831962048319498,0.40251635221424,8,5,13,2.6,2.6\ChatDev_ProgramDev2_GPT4o_31_scored.json,0.3846153846153846,Build a CLI tool that displays the system uptime (how long the system has been running). Utilize system commands like `uptime` on Linux.,CodeReviewModification,Programmer,0.0005446799519038229,2
0.0,0.5,5.857142857142857,7.0,4.0,14.0,0.4,-0.3276758615157815,0.3333333333333333,0.3179750840156837,0.5221153923026227,0.9999991392955788,0.4946019555123435,0.5448874910291844,0.0009110514045295695,0.0758459616073302,0.17716504770724134,0.6992804400098641,0.3179750840156837,0.9397387539970584,0.3464946842799993,ChatDev_ProgramDev2_GPT4o_32_scored.json,0.07065742221604907,0.14285714285714285,0.14285714285714285,0.0714285714285714,0.0,0.0,-0.07142857142857145,-0.2142857142857143,-0.14285714285714285,-0.14285714285714285,-0.2142857142857143,-0.35714285714285715,-0.14285714285714285,-0.2142857142857143,-0.35714285714285715,0.2857142857142857,0.2857142857142857,0.24999999999999997,0.14285714285714285,0.14285714285714285,0.10714285714285712,0.0357142857142857,0.0,0.0,-0.035714285714285726,-0.10714285714285715,0.0,-0.035714285714285726,-0.10714285714285715,0.5,0.6,0.8571428571428571,0.7142857142857143,0.7142857142857143,0.6428571428571429,0.5,0.42857142857142855,0.2857142857142857,0.14285714285714285,0.14285714285714285,c4,0.14285714285714285,0.2857142857142857,0.2857142857142857,0.35714285714285715,0.5,0.5714285714285714,0.7142857142857143,0.8571428571428571,0.8571428571428571,0.20888766979805778,0.1766268714966598,8,5,14,2.6,2.6\ChatDev_ProgramDev2_GPT4o_32_scored.json,-0.35714285714285715,"Write a CLI utility to change file permissions using numeric (octal) notation (e.g., 755, 644) similar to `chmod`. The user provides the permission mode and file/directory path.",LanguageChoose,Chief Technology Officer,0.0009110514045295695,2
0.0,0.06666666666666667,11,1.0,1.0,15.0,0.2,-0.5843812377323155,0.3333333333333333,0.2504600356388275,0.19912690436402736,0.9999994966617624,0.8415844970269651,0.9046504536560913,0.008894093223204086,0.6656471831625812,0.7993317964572109,0.9984587008212382,0.2504600356388275,0.4534944804918044,0.5917773758858368,ChatDev_ProgramDev2_GPT4o_35_scored.json,0.617161964486441,0.8666666666666667,0.8666666666666667,0.8666666666666667,0.7333333333333334,0.7333333333333334,0.7333333333333334,0.7333333333333334,0.6666666666666666,0.6666666666666666,0.6666666666666666,0.6666666666666666,0.5333333333333333,0.5333333333333333,0.5333333333333333,0.9,0.9,0.9,0.7666666666666667,0.7666666666666667,0.7666666666666667,0.7666666666666667,0.7,0.7,0.7,0.7,0.5666666666666667,0.5666666666666667,0.5666666666666667,11.0,6.0,0.9333333333333333,0.9333333333333333,0.9333333333333333,0.9333333333333333,0.9333333333333333,0.9333333333333333,0.8,0.7333333333333333,0.6,c4,0.06666666666666667,0.06666666666666667,0.06666666666666667,0.06666666666666667,0.06666666666666667,0.06666666666666667,0.2,0.26666666666666666,0.4,0.7749178303602985,0.5911244613881377,8,5,15,2.6,2.6\ChatDev_ProgramDev2_GPT4o_35_scored.json,0.5333333333333333,"Build a CLI number guessing game. The program generates a random number, and the user tries to guess it, receiving hints (higher/lower) until they guess correctly.",CodeReviewModification,Programmer,0.008894093223204086,2
0.0,0.21428571428571427,3.3333333333333335,3.0,1.0,14.0,0.16666666666666666,-1.1168335128673827,0.0,0.23123773909015813,0.3970415521361218,0.9999981807095114,0.800144130058931,0.9077301528704971,0.3775406810279696,0.4488436778223049,0.6029328004350811,0.9999743525712029,0.23123773909015813,0.6158292214665827,0.6733630953496426,ChatDev_ProgramDev2_GPT4o_36_scored.json,0.5143783693235986,0.7142857142857143,0.7142857142857143,0.6428571428571429,0.6428571428571429,0.6428571428571429,0.5714285714285715,0.4285714285714286,0.6428571428571429,0.6428571428571429,0.5714285714285715,0.4285714285714286,0.5,0.4285714285714286,0.2857142857142857,0.7142857142857143,0.7142857142857143,0.6785714285714286,0.6428571428571429,0.6428571428571429,0.6071428571428572,0.5357142857142858,0.6428571428571429,0.6428571428571429,0.6071428571428572,0.5357142857142858,0.5,0.4642857142857143,0.39285714285714285,,10.0,1.0,1.0,1.0,0.9285714285714286,0.7857142857142857,0.7142857142857143,0.6428571428571429,0.6428571428571429,0.5,c4,0.0,0.0,0.0,0.07142857142857142,0.21428571428571427,0.2857142857142857,0.35714285714285715,0.35714285714285715,0.5,0.800144130058931,0.5689063909687729,7,4,14,2.6,2.6\ChatDev_ProgramDev2_GPT4o_36_scored.json,0.2857142857142857,"Write a CLI Hangman game. The program selects a random word, and the player guesses letters. Display the word with guessed letters filled in and track incorrect guesses.",LanguageChoose,Chief Technology Officer,0.3775406810279696,1
1.0,0.42857142857142855,14.666666666666666,6.0,4.0,14.0,0.8,0.6542650884741289,1.0,0.3644537962707898,0.6580198683762155,0.9999997762428142,0.5684185711549846,0.6718924773294357,4.466779490661281e-05,0.05573172175863098,0.18295736699319254,0.840977235369408,0.3644537962707898,0.8549912206176892,0.39790640014696116,ChatDev_ProgramDev2_GPT4o_37_scored.json,0.24360795906642196,0.2857142857142857,0.2857142857142857,0.21428571428571425,0.2142857142857143,0.2142857142857143,0.14285714285714285,0.07142857142857145,0.14285714285714285,0.14285714285714285,0.0714285714285714,0.0,-0.07142857142857142,-0.14285714285714288,-0.21428571428571427,0.42857142857142855,0.42857142857142855,0.3928571428571428,0.35714285714285715,0.35714285714285715,0.3214285714285714,0.2857142857142857,0.2857142857142857,0.2857142857142857,0.24999999999999997,0.21428571428571427,0.07142857142857142,0.0357142857142857,0.0,1.5,1.4,0.8571428571428571,0.7142857142857143,0.7142857142857143,0.6428571428571429,0.5714285714285714,0.5714285714285714,0.5,0.42857142857142855,0.21428571428571427,c4,0.14285714285714285,0.2857142857142857,0.2857142857142857,0.35714285714285715,0.42857142857142855,0.42857142857142855,0.5,0.5714285714285714,0.7857142857142857,0.2827042854406989,0.20396477488419484,8,5,14,2.6,2.6\ChatDev_ProgramDev2_GPT4o_37_scored.json,-0.21428571428571427,"Create a simple CLI to-do list manager. Allow users to add tasks, view tasks, mark tasks as complete, and remove tasks. Store tasks in a text file.",CodeReviewModification,Programmer,4.466779490661281e-05,2
0.0,0.14285714285714285,16,2.0,1.0,14.0,0.2,-0.4316174143368887,0.3333333333333333,0.3073018404938137,0.38575146592753107,1.0,0.7653891275867529,0.8910396219583754,0.10054016186321518,0.24327943361402132,0.6140311800791275,0.9997826460066586,0.3073018404938137,0.4947762408364532,0.5659344378696916,ChatDev_ProgramDev2_GPT4o_45_scored.json,0.5467065197048235,0.5714285714285714,0.5714285714285714,0.5714285714285714,0.5714285714285714,0.5714285714285714,0.5714285714285714,0.5714285714285714,0.5714285714285714,0.5714285714285714,0.5714285714285714,0.5714285714285714,0.2857142857142857,0.2857142857142857,0.2857142857142857,0.6428571428571429,0.6428571428571429,0.6428571428571429,0.6428571428571429,0.6428571428571429,0.6428571428571429,0.6428571428571429,0.6428571428571429,0.6428571428571429,0.6428571428571429,0.6428571428571429,0.3571428571428571,0.3571428571428571,0.3571428571428571,5.0,3.6666666666666665,1.0,0.8571428571428571,0.8571428571428571,0.8571428571428571,0.8571428571428571,0.7142857142857143,0.7142857142857143,0.7142857142857143,0.42857142857142855,c4,0.0,0.14285714285714285,0.14285714285714285,0.14285714285714285,0.14285714285714285,0.2857142857142857,0.2857142857142857,0.2857142857142857,0.5714285714285714,0.62253198472961,0.4580872870929392,8,5,14,2.6,2.6\ChatDev_ProgramDev2_GPT4o_45_scored.json,0.2857142857142857,Create a CLI tool to generate a QR code from a given text string or URL. Output the QR code as an ASCII art representation in the terminal or save it as an image file.,CodeReviewModification,Programmer,0.10054016186321518,3
1.0,0.23076923076923078,15.666666666666666,3.0,2.0,13.0,0.4,-0.25246851067559334,0.3333333333333333,0.2753833622618806,0.31335932227720753,0.9999997357381422,0.6544820211705443,0.7924979139651027,0.06900427686422612,0.26805170729438055,0.5150102416453328,0.8283695639225404,0.2753833622618806,0.9190368861092725,0.4788386978786488,ChatDev_ProgramDev2_GPT4o_46_scored.json,0.25172385429636324,0.5384615384615385,0.46153846153846156,0.38461538461538464,0.4615384615384615,0.3846153846153846,0.30769230769230765,0.30769230769230765,0.3076923076923077,0.23076923076923078,0.15384615384615385,0.15384615384615385,0.0,-0.07692307692307693,-0.07692307692307693,0.576923076923077,0.5384615384615385,0.5,0.5,0.4615384615384615,0.423076923076923,0.423076923076923,0.34615384615384615,0.3076923076923077,0.2692307692307693,0.2692307692307693,0.07692307692307693,0.038461538461538464,0.038461538461538464,5.0,3.0,0.9230769230769231,0.9230769230769231,0.8461538461538461,0.7692307692307693,0.7692307692307693,0.6153846153846154,0.5384615384615384,0.38461538461538464,0.15384615384615385,c4,0.07692307692307693,0.07692307692307693,0.15384615384615385,0.23076923076923078,0.23076923076923078,0.38461538461538464,0.46153846153846156,0.6153846153846154,0.8461538461538461,0.5775589442474673,0.37909865890866373,8,5,13,2.6,2.6\ChatDev_ProgramDev2_GPT4o_46_scored.json,-0.07692307692307693,"Develop a CLI utility to split a large file into smaller parts of a specified size (e.g., 10MB chunks). Name the output parts sequentially.",CodeReviewModification,Programmer,0.06900427686422612,4
0.0,0.09523809523809523,20,2.0,2.0,21.0,0.16666666666666666,0.5772593280036609,0.0,0.28671270984134223,0.43489436793405944,0.9999998762486311,0.7574025068495861,0.8338595408905877,0.0005946279405459085,0.5214472750200364,0.5632266311253452,0.9981209990594047,0.28671270984134223,0.6589956242723058,0.530360143176874,ChatDev_ProgramDev2_GPT4o_55_scored.json,0.46886821852593424,0.6190476190476191,0.6190476190476191,0.6190476190476191,0.6190476190476191,0.6190476190476191,0.6190476190476191,0.6190476190476191,0.5238095238095238,0.5238095238095238,0.5238095238095238,0.5238095238095238,0.3333333333333333,0.3333333333333333,0.3333333333333333,0.6666666666666667,0.6666666666666667,0.6666666666666667,0.6666666666666667,0.6666666666666667,0.6666666666666667,0.6666666666666667,0.5714285714285714,0.5714285714285714,0.5714285714285714,0.5714285714285714,0.38095238095238093,0.38095238095238093,0.38095238095238093,6.500000000000001,4.666666666666667,0.9047619047619048,0.9047619047619048,0.9047619047619048,0.9047619047619048,0.9047619047619048,0.7142857142857143,0.7142857142857143,0.6190476190476191,0.42857142857142855,c4,0.09523809523809523,0.09523809523809523,0.09523809523809523,0.09523809523809523,0.09523809523809523,0.2857142857142857,0.2857142857142857,0.38095238095238093,0.5714285714285714,0.6621644116114909,0.47068979700824387,10,5,21,2.6,2.6\ChatDev_ProgramDev2_GPT4o_55_scored.json,0.3333333333333333,Build a basic one-way directory synchronizer. It copies new or modified files from a source directory to a target directory. Does not delete files from target if removed from source.,CodeComplete,Programmer,0.0005946279405459085,11
0.0,0.07692307692307693,4,1.0,1.0,13.0,0.0,-1.4505605437356963,0.0,0.16869935242898776,0.25344371515168573,0.9999998618196085,0.8430900656247938,0.8746833333527458,0.43553251716152935,0.6531573719265291,0.7464600674140857,0.9999037825657714,0.16869935242898776,0.491021096228183,0.7208228010858144,ChatDev_ProgramDev2_GPT4o_57_scored.json,0.5836777377402419,0.9230769230769231,0.9230769230769231,0.9230769230769231,0.7692307692307693,0.7692307692307693,0.7692307692307693,0.6923076923076923,0.6923076923076923,0.6923076923076923,0.6923076923076923,0.6153846153846154,0.38461538461538464,0.38461538461538464,0.3076923076923077,0.9230769230769231,0.9230769230769231,0.9230769230769231,0.7692307692307693,0.7692307692307693,0.7692307692307693,0.7307692307692308,0.6923076923076923,0.6923076923076923,0.6923076923076923,0.6538461538461539,0.38461538461538464,0.38461538461538464,0.34615384615384615,,10.0,1.0,1.0,1.0,1.0,0.9230769230769231,0.9230769230769231,0.7692307692307693,0.6923076923076923,0.38461538461538464,c4,0.0,0.0,0.0,0.0,0.07692307692307693,0.07692307692307693,0.23076923076923078,0.3076923076923077,0.6153846153846154,0.8430900656247938,0.674390713195806,8,5,13,2.6,2.6\ChatDev_ProgramDev2_GPT4o_57_scored.json,0.3076923076923077,"Create a CLI engine for a simple text-based adventure game. Load game data (rooms, user_demands, items, choices) from a JSON or YAML file. Player navigates by typing commands.",DemandAnalysis,Chief Product Officer,0.43553251716152935,2
0.0,0.3076923076923077,2,4.0,3.0,13.0,0.2,-0.7001103867248504,0.0,0.35229773945087156,0.44425299939463997,0.999996975095397,0.5833291264402766,0.6440794077188586,0.006692851264215723,0.014327366598952104,0.400814780983661,0.845067780378301,0.35229773945087156,0.8398467466456184,0.4103382438874583,ChatDev_ProgramDev2_GPT4o_5_scored.json,0.17948588505854665,0.38461538461538464,0.38461538461538464,0.38461538461538464,0.15384615384615385,0.15384615384615385,0.15384615384615385,0.07692307692307693,0.07692307692307693,0.07692307692307693,0.07692307692307693,0.0,0.0,0.0,-0.07692307692307693,0.5,0.5,0.5,0.2692307692307693,0.2692307692307693,0.2692307692307693,0.23076923076923078,0.19230769230769232,0.19230769230769232,0.19230769230769232,0.15384615384615385,0.11538461538461539,0.11538461538461539,0.07692307692307693,1.3333333333333333,1.25,0.7692307692307693,0.7692307692307693,0.7692307692307693,0.7692307692307693,0.6923076923076923,0.6153846153846154,0.38461538461538464,0.3076923076923077,0.23076923076923078,c4,0.23076923076923078,0.23076923076923078,0.23076923076923078,0.23076923076923078,0.3076923076923077,0.38461538461538464,0.6153846153846154,0.6923076923076923,0.7692307692307693,0.3525598956710458,0.231031386989405,8,5,13,2.6,2.6\ChatDev_ProgramDev2_GPT4o_5_scored.json,-0.07692307692307693,"Create a CLI application to view the contents of a JSON file in a human-readable, indented format. The tool should take a file path as input and print the formatted JSON to the standard output.",CodeReviewComment,Code Reviewer,0.006692851264215723,3
0.0,0.21428571428571427,21,3.0,2.0,14.0,0.2857142857142857,-0.0052898448149271875,0.6666666666666666,0.3268416535507944,0.2871927803632287,1.0,0.6107438942231986,0.6985412863006133,0.00042947463159820164,0.04845464861381428,0.5410299141725416,0.8282226945357704,0.3268416535507944,0.8286967871818546,0.4276495683457185,ChatDev_ProgramDev2_GPT4o_60_scored.json,0.2181228193654281,0.4285714285714286,0.4285714285714286,0.4285714285714286,0.2857142857142857,0.2857142857142857,0.2857142857142857,0.2857142857142857,0.14285714285714288,0.14285714285714288,0.14285714285714288,0.14285714285714288,0.0,0.0,0.0,0.5357142857142858,0.5357142857142858,0.5357142857142858,0.39285714285714285,0.39285714285714285,0.39285714285714285,0.39285714285714285,0.25,0.25,0.25,0.25,0.10714285714285714,0.10714285714285714,0.10714285714285714,1.6666666666666667,1.5,0.7857142857142857,0.7857142857142857,0.7857142857142857,0.7857142857142857,0.7857142857142857,0.6428571428571429,0.5,0.35714285714285715,0.21428571428571427,c4,0.21428571428571427,0.21428571428571427,0.21428571428571427,0.21428571428571427,0.21428571428571427,0.35714285714285715,0.5,0.6428571428571429,0.7857142857142857,0.39645817993748433,0.2839022406724042,8,4,14,2.6,2.6\ChatDev_ProgramDev2_GPT4o_60_scored.json,0.0,"Write a simple CLI password vault. Store website/service names, usernames, and passwords encrypted in a local file. Use a master password to encrypt/decrypt the vault.",CodeReviewComment,Code Reviewer,0.00042947463159820164,1
1.0,0.35714285714285715,7.8,5.0,4.0,14.0,0.2,0.004506997633918634,0.0,0.34818226678849107,0.6101183586980805,0.99999986794223,0.5344782256888574,0.5824816007490217,0.014063627752950034,0.027203424833265877,0.21613302675518448,0.826251385453265,0.34818226678849107,0.9397387539970584,0.37835384630808516,ChatDev_ProgramDev2_GPT4o_61_scored.json,0.1527080644825307,0.14285714285714285,0.14285714285714285,0.0714285714285714,0.07142857142857145,0.07142857142857145,0.0,0.0,0.0,0.0,-0.07142857142857145,-0.07142857142857145,-0.07142857142857142,-0.14285714285714288,-0.14285714285714288,0.2857142857142857,0.2857142857142857,0.24999999999999997,0.2142857142857143,0.2142857142857143,0.17857142857142858,0.17857142857142858,0.14285714285714285,0.14285714285714285,0.10714285714285712,0.10714285714285712,0.07142857142857142,0.0357142857142857,0.0357142857142857,1.0,1.0,0.7857142857142857,0.7142857142857143,0.7142857142857143,0.6428571428571429,0.6428571428571429,0.42857142857142855,0.35714285714285715,0.2857142857142857,0.21428571428571427,c4,0.21428571428571427,0.2857142857142857,0.2857142857142857,0.35714285714285715,0.35714285714285715,0.5714285714285714,0.6428571428571429,0.7142857142857143,0.7857142857142857,0.2487639399745717,0.18629595890036632,8,5,14,2.6,2.6\ChatDev_ProgramDev2_GPT4o_61_scored.json,-0.14285714285714288,"Create a CLI tool to help clean up local Git branches by listing branches that have been merged into the main/master branch and are inactive (old commit date), offering an option to delete them.",LanguageChoose,Chief Technology Officer,0.014063627752950034,2
1.0,0.4666666666666667,8.142857142857142,7.0,3.0,15.0,0.6666666666666666,-0.007982970126856488,0.3333333333333333,0.2826667573520008,0.3922626920984322,0.9999993779011619,0.5064802450484508,0.5000000289890234,3.7266389560521204e-06,0.10145299129586707,0.31933704421367043,0.7115997363121026,0.2826667573520008,0.9718495448242643,0.3545372895256024,ChatDev_ProgramDev2_GPT4o_62_scored.json,0.06753069933979344,0.2666666666666667,0.2,0.06666666666666671,0.13333333333333333,0.06666666666666665,-0.06666666666666665,-0.2,0.0,-0.06666666666666668,-0.19999999999999998,-0.33333333333333337,-0.13333333333333336,-0.26666666666666666,-0.4,0.33333333333333337,0.30000000000000004,0.23333333333333336,0.2,0.16666666666666666,0.1,0.033333333333333326,0.06666666666666667,0.033333333333333326,-0.033333333333333326,-0.1,-0.03333333333333334,-0.09999999999999999,-0.16666666666666669,1.0,1.0,0.8666666666666667,0.8666666666666667,0.8,0.6666666666666666,0.5333333333333333,0.4,0.26666666666666666,0.13333333333333333,0.06666666666666667,c4,0.13333333333333333,0.13333333333333333,0.2,0.3333333333333333,0.4666666666666667,0.6,0.7333333333333333,0.8666666666666667,0.9333333333333333,0.3731469117151175,0.22381348769645,9,5,15,2.6,2.6\ChatDev_ProgramDev2_GPT4o_62_scored.json,-0.4,"Develop a basic CLI Docker container manager. List running/all containers, start/stop containers by ID/name, and view logs of a container. (Assumes Docker is installed and user has permissions).",TestModification,Programmer,3.7266389560521204e-06,5
1.0,0.38461538461538464,18,5.0,4.0,13.0,0.8,0.28577226289185975,0.6666666666666666,0.3172549845212157,0.40634911544082924,0.9999998684420693,0.5711489322704251,0.5748821169653306,0.0012364605263631447,0.07600549766818021,0.42881491909285746,0.8351640345336867,0.3172549845212157,0.8777875964952416,0.4001751907472065,ChatDev_ProgramDev2_GPT4o_63_scored.json,0.17573813300628466,0.23076923076923078,0.23076923076923078,0.15384615384615385,0.23076923076923078,0.23076923076923078,0.15384615384615385,0.0,0.15384615384615385,0.15384615384615385,0.07692307692307693,-0.07692307692307693,0.07692307692307693,0.0,-0.15384615384615385,0.3076923076923077,0.3076923076923077,0.2692307692307693,0.3076923076923077,0.3076923076923077,0.2692307692307693,0.19230769230769232,0.23076923076923078,0.23076923076923078,0.19230769230769232,0.11538461538461539,0.15384615384615385,0.11538461538461539,0.038461538461538464,2.0,1.6666666666666667,0.8461538461538461,0.8461538461538461,0.8461538461538461,0.7692307692307693,0.6153846153846154,0.38461538461538464,0.38461538461538464,0.3076923076923077,0.23076923076923078,c4,0.15384615384615385,0.15384615384615385,0.15384615384615385,0.23076923076923078,0.38461538461538464,0.6153846153846154,0.6153846153846154,0.6923076923076923,0.7692307692307693,0.4173027784242712,0.25389394774920937,8,5,13,2.6,2.6\ChatDev_ProgramDev2_GPT4o_63_scored.json,-0.15384615384615385,"Build a CLI SSH alias manager. Allow users to add, list, and remove SSH connection aliases (hostname, user, port, key file) stored in a configuration file, making it easier to connect.",CodeReviewModification,Programmer,0.0012364605263631447,4
1.0,0.2857142857142857,7.25,4.0,2.0,14.0,0.2857142857142857,-0.35572562514601996,0.0,0.3034256901805269,0.48447813694389896,0.9999998445465887,0.72210552892482,0.7850184992684635,0.0953494626980111,0.2705690542470501,0.5152995163260812,0.9997776532699801,0.3034256901805269,0.8085465990227773,0.5340787090567773,ChatDev_ProgramDev2_GPT4o_64_scored.json,0.30947379811063713,0.5,0.5,0.5,0.5,0.5,0.5,0.3571428571428572,0.2857142857142857,0.2857142857142857,0.2857142857142857,0.14285714285714285,0.2857142857142857,0.2857142857142857,0.14285714285714285,0.5714285714285715,0.5714285714285715,0.5714285714285715,0.5714285714285715,0.5714285714285715,0.5714285714285715,0.5,0.3571428571428571,0.3571428571428571,0.3571428571428571,0.2857142857142857,0.3571428571428571,0.3571428571428571,0.2857142857142857,3.0,2.3333333333333335,0.9285714285714286,0.8571428571428571,0.8571428571428571,0.8571428571428571,0.7142857142857143,0.6428571428571429,0.6428571428571429,0.42857142857142855,0.42857142857142855,c4,0.07142857142857142,0.14285714285714285,0.14285714285714285,0.14285714285714285,0.2857142857142857,0.35714285714285715,0.35714285714285715,0.5714285714285714,0.5714285714285714,0.5792483860676771,0.41867983874429315,8,4,14,2.6,2.6\ChatDev_ProgramDev2_GPT4o_64_scored.json,0.14285714285714285,"Write a CLI network speed tester that measures download and upload speed against a public test server (e.g., using speedtest-cli or by downloading/uploading a file from a known server).",CodeReviewComment,Code Reviewer,0.0953494626980111,3
1.0,0.38461538461538464,14.8,5.0,4.0,13.0,0.8,0.0409923681492639,0.6666666666666666,0.26447924528255784,0.2846117235560505,1.0,0.5602791466068113,0.5992090913543551,0.009570439528306598,0.19680472096940196,0.4443694425250381,0.7289811660810886,0.26447924528255784,0.93111332105417,0.3950665344832599,ChatDev_ProgramDev2_GPT4o_65_scored.json,0.08619679178566328,0.3076923076923077,0.23076923076923078,0.23076923076923078,0.15384615384615385,0.07692307692307693,0.07692307692307693,-0.07692307692307693,0.0,-0.07692307692307693,-0.07692307692307693,-0.23076923076923078,-0.15384615384615385,-0.15384615384615385,-0.3076923076923077,0.38461538461538464,0.34615384615384615,0.34615384615384615,0.23076923076923078,0.19230769230769232,0.19230769230769232,0.11538461538461539,0.07692307692307693,0.038461538461538464,0.038461538461538464,-0.038461538461538464,-0.038461538461538464,-0.038461538461538464,-0.11538461538461539,1.0,1.0,0.9230769230769231,0.8461538461538461,0.7692307692307693,0.7692307692307693,0.6153846153846154,0.46153846153846156,0.3076923076923077,0.15384615384615385,0.07692307692307693,c4,0.07692307692307693,0.15384615384615385,0.23076923076923078,0.23076923076923078,0.38461538461538464,0.5384615384615384,0.6923076923076923,0.8461538461538461,0.9230769230769231,0.4064329927606575,0.2957999013242535,8,5,13,2.6,2.6\ChatDev_ProgramDev2_GPT4o_65_scored.json,-0.3076923076923077,"Create a CLI file renamer that can rename multiple files in a directory based on a specified pattern (e.g., add prefix, replace substring, add sequential numbers).",CodeReviewModification,Programmer,0.009570439528306598,4
1.0,0.2857142857142857,15,4.0,2.0,14.0,0.5,0.328142508288848,0.6666666666666666,0.36907630932595903,0.5189618401810236,0.9999998669578981,0.6483664269568077,0.7667041940236312,3.7912802139559533e-10,0.01585680263834906,0.4784228143316743,0.9973846545126979,0.36907630932595903,0.7791800429485637,0.4538564989835038,ChatDev_ProgramDev2_GPT4o_67_scored.json,0.23155943819885988,0.5,0.5,0.5,0.3571428571428571,0.3571428571428571,0.3571428571428571,0.2857142857142857,0.14285714285714288,0.14285714285714288,0.14285714285714288,0.07142857142857145,0.14285714285714288,0.14285714285714288,0.07142857142857145,0.6071428571428572,0.6071428571428572,0.6071428571428572,0.46428571428571425,0.46428571428571425,0.46428571428571425,0.42857142857142855,0.25,0.25,0.25,0.2142857142857143,0.25,0.25,0.2142857142857143,1.6666666666666667,1.5,0.7857142857142857,0.7857142857142857,0.7857142857142857,0.7857142857142857,0.7142857142857143,0.7142857142857143,0.5714285714285714,0.35714285714285715,0.35714285714285715,c4,0.21428571428571427,0.21428571428571427,0.21428571428571427,0.21428571428571427,0.2857142857142857,0.2857142857142857,0.42857142857142855,0.6428571428571429,0.6428571428571429,0.4340807126710934,0.27929011763084866,9,5,14,2.6,2.6\ChatDev_ProgramDev2_GPT4o_67_scored.json,0.07142857142857145,"Build a CLI audio file tag editor for MP3 files (basic ID3 tags). Allow viewing and modifying tags like title, artist, album, year. Requires a library for MP3 tag manipulation.",DemandAnalysis,Chief Product Officer,3.7912802139559533e-10,2
1.0,0.6153846153846154,12.375,8.0,7.0,13.0,0.8,0.7757480912524591,1.0,0.36978743287285165,0.6600109967833876,0.9999961491792697,0.4695859269316622,0.4703911418144135,0.006090051199585631,0.027794723420862727,0.09003560990982996,0.7500466066932175,0.36978743287285165,0.972362610668201,0.33053716421203916,ChatDev_ProgramDev2_GPT4o_68_scored.json,0.1083659831380759,0.07692307692307693,-0.07692307692307693,-0.07692307692307693,0.07692307692307693,-0.07692307692307693,-0.07692307692307693,-0.23076923076923078,-0.07692307692307693,-0.23076923076923078,-0.23076923076923078,-0.38461538461538464,-0.23076923076923078,-0.23076923076923078,-0.38461538461538464,0.23076923076923078,0.15384615384615385,0.15384615384615385,0.23076923076923078,0.15384615384615385,0.15384615384615385,0.07692307692307693,0.07692307692307693,0.0,0.0,-0.07692307692307693,0.0,0.0,-0.07692307692307693,0.75,0.8,0.6923076923076923,0.6923076923076923,0.5384615384615384,0.5384615384615384,0.38461538461538464,0.38461538461538464,0.38461538461538464,0.23076923076923078,0.23076923076923078,c4,0.3076923076923077,0.3076923076923077,0.46153846153846156,0.46153846153846156,0.6153846153846154,0.6153846153846154,0.6153846153846154,0.7692307692307693,0.7692307692307693,0.16189361923935447,0.09979849405881053,8,5,13,2.6,2.6\ChatDev_ProgramDev2_GPT4o_68_scored.json,-0.38461538461538464,"Write a CLI tool to convert a short video file segment (e.g., first 5 seconds) into an animated GIF. Requires `ffmpeg` to be installed.",CodeReviewComment,Code Reviewer,0.006090051199585631,1
1.0,0.23076923076923078,18.666666666666668,3.0,3.0,13.0,0.5,0.009699646475485905,0.6666666666666666,0.2584852992196724,0.2727389347319341,1.0,0.6780083106891622,0.7010922523978672,0.02148438848169067,0.4695099614094299,0.5121810913930388,0.7849200261249729,0.2584852992196724,0.7648208194538375,0.48105113402692073,ChatDev_ProgramDev2_GPT4o_71_scored.json,0.1564634563128836,0.6153846153846154,0.6153846153846154,0.6153846153846154,0.4615384615384615,0.4615384615384615,0.4615384615384615,0.30769230769230765,0.15384615384615385,0.15384615384615385,0.15384615384615385,0.0,0.15384615384615385,0.15384615384615385,0.0,0.6538461538461539,0.6538461538461539,0.6538461538461539,0.5,0.5,0.5,0.423076923076923,0.19230769230769232,0.19230769230769232,0.19230769230769232,0.11538461538461539,0.19230769230769232,0.19230769230769232,0.11538461538461539,3.0,2.0,0.9230769230769231,0.9230769230769231,0.9230769230769231,0.9230769230769231,0.7692307692307693,0.6923076923076923,0.5384615384615384,0.23076923076923078,0.23076923076923078,c4,0.07692307692307693,0.07692307692307693,0.07692307692307693,0.07692307692307693,0.23076923076923078,0.3076923076923077,0.46153846153846156,0.7692307692307693,0.7692307692307693,0.6010852337660852,0.41952301146948984,7,4,13,2.6,2.6\ChatDev_ProgramDev2_GPT4o_71_scored.json,0.0,Build a CLI tool to convert a JSON file to a CSV file. Handle nested JSON by flattening or allowing user to specify fields. User provides input JSON and output CSV paths.,CodeReviewModification,Programmer,0.02148438848169067,4
1.0,0.38461538461538464,8.8,5.0,4.0,13.0,0.4,0.19958510018488707,0.3333333333333333,0.40155130160159336,0.99011688590288,0.9999998398466282,0.5488580626049777,0.6943052726342251,0.00015250193730078878,0.0014552242045454934,0.008577486334930719,0.9986943722378108,0.40155130160159336,0.8398467466456184,0.3842463944046746,ChatDev_ProgramDev2_GPT4o_72_scored.json,0.16887940387845468,0.23076923076923073,0.23076923076923073,0.23076923076923073,0.15384615384615385,0.15384615384615385,0.15384615384615385,0.07692307692307693,0.0,0.0,0.0,-0.07692307692307693,0.0,0.0,-0.07692307692307693,0.3846153846153846,0.3846153846153846,0.3846153846153846,0.3076923076923077,0.3076923076923077,0.3076923076923077,0.2692307692307693,0.15384615384615385,0.15384615384615385,0.15384615384615385,0.11538461538461539,0.15384615384615385,0.15384615384615385,0.11538461538461539,1.0,1.0,0.6923076923076923,0.6923076923076923,0.6923076923076923,0.6923076923076923,0.6153846153846154,0.5384615384615384,0.46153846153846156,0.3076923076923077,0.3076923076923077,c4,0.3076923076923077,0.3076923076923077,0.3076923076923077,0.3076923076923077,0.38461538461538464,0.46153846153846156,0.5384615384615384,0.6923076923076923,0.6923076923076923,0.24116575491267,0.14730676100338436,8,5,13,2.6,2.6\ChatDev_ProgramDev2_GPT4o_72_scored.json,-0.07692307692307693,Write a CLI utility to convert a CSV file to a JSON file. Each row in the CSV becomes a JSON object. User provides input CSV and output JSON paths.,CodeReviewComment,Code Reviewer,0.00015250193730078878,1
1.0,0.42857142857142855,11.333333333333334,6.0,2.0,14.0,0.4,0.022231759406193638,0.3333333333333333,0.34589545673015465,0.456692101085796,0.9999998689587007,0.5479856968345483,0.5798418056132434,0.002462276407226327,0.008624047337207874,0.3378920113303056,0.7945841124161016,0.34589545673015465,0.9780416657815157,0.3843286707063517,ChatDev_ProgramDev2_GPT4o_73_scored.json,0.1565673419527281,0.21428571428571427,0.21428571428571427,0.0714285714285714,0.21428571428571427,0.21428571428571427,0.0714285714285714,0.0,0.07142857142857142,0.07142857142857142,-0.07142857142857145,-0.14285714285714285,0.0,-0.14285714285714288,-0.21428571428571427,0.3214285714285714,0.3214285714285714,0.24999999999999997,0.3214285714285714,0.3214285714285714,0.24999999999999997,0.21428571428571427,0.17857142857142855,0.17857142857142855,0.10714285714285712,0.07142857142857142,0.10714285714285714,0.0357142857142857,0.0,1.3333333333333333,1.25,0.7857142857142857,0.7857142857142857,0.7857142857142857,0.6428571428571429,0.5714285714285714,0.42857142857142855,0.42857142857142855,0.2857142857142857,0.21428571428571427,c4,0.21428571428571427,0.21428571428571427,0.21428571428571427,0.35714285714285715,0.42857142857142855,0.5714285714285714,0.5714285714285714,0.7142857142857143,0.7857142857142857,0.33369998254883404,0.2020902401043937,8,5,14,2.6,2.6\ChatDev_ProgramDev2_GPT4o_73_scored.json,-0.21428571428571427,Create a CLI YAML file validator. Takes a YAML file path and checks if its syntax is valid. Print success or error messages with line numbers if possible.,CodeReviewModification,Programmer,0.002462276407226327,3
1.0,0.3333333333333333,9.2,5.0,3.0,15.0,0.42857142857142855,0.1857619239355349,0.5,0.3124144082130147,0.43801637225962525,1.0,0.5977445042319446,0.5830692255870892,0.0031726831078774057,0.1732414705951208,0.4174269504866011,0.8554433227462264,0.3124144082130147,0.9718495448242642,0.41937295789472445,ChatDev_ProgramDev2_GPT4o_75_scored.json,0.1593985344618519,0.33333333333333337,0.26666666666666666,0.2,0.2666666666666667,0.2,0.13333333333333336,0.06666666666666671,0.13333333333333333,0.06666666666666665,0.0,-0.06666666666666665,0.06666666666666665,0.0,-0.06666666666666665,0.4,0.3666666666666667,0.33333333333333337,0.33333333333333337,0.30000000000000004,0.2666666666666667,0.23333333333333336,0.2,0.16666666666666666,0.13333333333333333,0.1,0.16666666666666666,0.13333333333333333,0.1,2.0,1.6666666666666667,0.9333333333333333,0.8666666666666667,0.8,0.7333333333333333,0.6666666666666666,0.4666666666666667,0.4,0.26666666666666666,0.26666666666666666,c4,0.06666666666666667,0.13333333333333333,0.2,0.26666666666666666,0.3333333333333333,0.5333333333333333,0.6,0.7333333333333333,0.7333333333333333,0.4644111708986113,0.2853300960189299,9,5,15,2.6,2.6\ChatDev_ProgramDev2_GPT4o_75_scored.json,-0.06666666666666665,"Build a CLI tool to strip all HTML tags from an HTML file or string input, leaving only the plain text content.",CodeReviewComment,Code Reviewer,0.0031726831078774057,1
1.0,0.07142857142857142,34,1.0,1.0,14.0,0.16666666666666666,-0.053789840945455136,0.0,0.236803721693426,0.3327947601379019,0.9999997417751014,0.7590499093236058,0.8153985129205532,0.16736964875159918,0.5111573299374572,0.6174443713047625,0.9502391314426644,0.236803721693426,0.7275814227249104,0.5815458311520039,ChatDev_ProgramDev2_GPT4o_79_scored.json,0.3795249546618029,0.7142857142857143,0.7142857142857143,0.7142857142857143,0.5714285714285715,0.5714285714285715,0.5714285714285715,0.5714285714285715,0.4285714285714286,0.4285714285714286,0.4285714285714286,0.4285714285714286,0.3571428571428571,0.3571428571428571,0.3571428571428571,0.75,0.75,0.75,0.6071428571428572,0.6071428571428572,0.6071428571428572,0.6071428571428572,0.4642857142857143,0.4642857142857143,0.4642857142857143,0.4642857142857143,0.39285714285714285,0.39285714285714285,0.39285714285714285,7.0,4.0,1.0,0.9285714285714286,0.9285714285714286,0.9285714285714286,0.9285714285714286,0.7857142857142857,0.6428571428571429,0.5,0.42857142857142855,c4,0.0,0.07142857142857142,0.07142857142857142,0.07142857142857142,0.07142857142857142,0.21428571428571427,0.35714285714285715,0.5,0.5714285714285714,0.6876213378950344,0.5222461876301798,7,4,14,2.6,2.6\ChatDev_ProgramDev2_GPT4o_79_scored.json,0.3571428571428571,"Build a CLI recipe manager. Allow users to add recipes (name, ingredients, instructions), search for recipes by name or ingredient, and view recipe details. Store data in text or JSON files.",Coding,Programmer,0.16736964875159918,1
1.0,0.35714285714285715,14.2,5.0,4.0,14.0,0.4,0.5167196928269635,0.3333333333333333,0.41558288110932506,0.8510873421915114,0.9999997302391185,0.598184629363989,0.807159619845534,6.688022965946705e-05,0.002650486069549841,0.07124667421189715,0.9223340164034085,0.41558288110932506,0.7275814227249104,0.4187493046236901,ChatDev_ProgramDev2_GPT4o_80_scored.json,0.2990923146819945,0.3571428571428572,0.28571428571428575,0.28571428571428575,0.3571428571428572,0.28571428571428575,0.28571428571428575,0.28571428571428575,0.2142857142857143,0.14285714285714285,0.14285714285714285,0.14285714285714285,0.0,0.0,0.0,0.5,0.4642857142857143,0.4642857142857143,0.5,0.4642857142857143,0.4642857142857143,0.4642857142857143,0.35714285714285715,0.3214285714285714,0.3214285714285714,0.3214285714285714,0.17857142857142858,0.17857142857142858,0.17857142857142858,1.75,1.6,0.7142857142857143,0.7142857142857143,0.6428571428571429,0.6428571428571429,0.6428571428571429,0.6428571428571429,0.6428571428571429,0.5,0.35714285714285715,c4,0.2857142857142857,0.2857142857142857,0.35714285714285715,0.35714285714285715,0.35714285714285715,0.35714285714285715,0.35714285714285715,0.5,0.6428571428571429,0.3124703436497033,0.1826017482546639,8,5,14,2.6,2.6\ChatDev_ProgramDev2_GPT4o_80_scored.json,0.0,"Write a CLI book library manager. Users can add books (title, author, ISBN), list all books, search by title or author, and mark books as read/unread. Store data locally.",CodeReviewModification,Programmer,6.688022965946705e-05,2
0.0,0.3076923076923077,7,4.0,3.0,13.0,0.2,-0.4620608047737351,0.3333333333333333,0.34497032132057587,0.46370401766477864,0.9999998555733962,0.6286521317848468,0.7400502893597233,4.0875070057215086e-05,0.11066244544755519,0.49068949873170187,0.9543935163964805,0.34497032132057587,0.8277703117007208,0.4400687547704099,ChatDev_ProgramDev2_GPT4o_82_scored.json,0.24178928145571033,0.38461538461538464,0.38461538461538464,0.38461538461538464,0.30769230769230765,0.30769230769230765,0.30769230769230765,0.23076923076923073,0.15384615384615385,0.15384615384615385,0.15384615384615385,0.07692307692307693,0.07692307692307693,0.07692307692307693,0.0,0.5,0.5,0.5,0.423076923076923,0.423076923076923,0.423076923076923,0.3846153846153846,0.2692307692307693,0.2692307692307693,0.2692307692307693,0.23076923076923078,0.19230769230769232,0.19230769230769232,0.15384615384615385,1.6666666666666667,1.5,0.9230769230769231,0.7692307692307693,0.7692307692307693,0.7692307692307693,0.6923076923076923,0.6153846153846154,0.5384615384615384,0.38461538461538464,0.3076923076923077,c4,0.07692307692307693,0.23076923076923078,0.23076923076923078,0.23076923076923078,0.3076923076923077,0.38461538461538464,0.46153846153846156,0.6153846153846154,0.6923076923076923,0.397882901015616,0.28368181046427093,8,5,13,2.6,2.6\ChatDev_ProgramDev2_GPT4o_82_scored.json,0.0,"Develop a CLI typing speed tester. Presents a random paragraph of text, and the user types it. Calculates words per minute (WPM) and accuracy.",CodeReviewModification,Programmer,4.0875070057215086e-05,2
1.0,0.7142857142857143,14.9,10.0,8.0,14.0,1.0,1.1273629359147443,1.0,0.3837074597982958,0.7947394244400395,0.9999998762486311,0.4544772394530401,0.42575686942320834,2.706367143189993e-05,0.01797459623474975,0.07589501908991644,0.870634443529956,0.3837074597982958,0.8286967871818546,0.3181421867185576,ChatDev_ProgramDev2_GPT4o_84_scored.json,0.12985063984372572,-0.07142857142857145,-0.07142857142857145,-0.2142857142857143,-0.07142857142857145,-0.07142857142857145,-0.2142857142857143,-0.4285714285714286,-0.07142857142857145,-0.07142857142857145,-0.2142857142857143,-0.4285714285714286,-0.07142857142857145,-0.2142857142857143,-0.4285714285714286,0.10714285714285712,0.10714285714285712,0.0357142857142857,0.10714285714285712,0.10714285714285712,0.0357142857142857,-0.07142857142857145,0.10714285714285712,0.10714285714285712,0.0357142857142857,-0.07142857142857145,0.10714285714285712,0.0357142857142857,-0.07142857142857145,0.7999999999999999,0.8333333333333334,0.6428571428571429,0.6428571428571429,0.6428571428571429,0.5,0.2857142857142857,0.2857142857142857,0.2857142857142857,0.2857142857142857,0.2857142857142857,c4,0.35714285714285715,0.35714285714285715,0.35714285714285715,0.5,0.7142857142857143,0.7142857142857143,0.7142857142857143,0.7142857142857143,0.7142857142857143,0.09733438231018293,0.07076977965474429,8,5,14,2.6,2.6\ChatDev_ProgramDev2_GPT4o_84_scored.json,-0.4285714285714286,Write a simple CLI chat server for a local network. Listens for connections from chat clients and broadcasts messages to all connected clients.,CodeReviewModification,Programmer,2.706367143189993e-05,3
1.0,0.46153846153846156,7.166666666666667,6.0,4.0,13.0,0.4,-0.002134283154825223,0.3333333333333333,0.3508826039528804,0.582679823128945,0.9999995976508452,0.44280044014334563,0.5000124103755086,0.000642345430752482,0.003903664403837325,0.03732688524565363,0.6200067083745986,0.3508826039528804,0.972362610668201,0.31015301172956766,ChatDev_ProgramDev2_GPT4o_8_scored.json,0.0681231446374378,0.07692307692307693,0.0,-0.07692307692307693,-0.07692307692307693,-0.15384615384615385,-0.23076923076923078,-0.23076923076923078,-0.15384615384615385,-0.23076923076923078,-0.3076923076923077,-0.3076923076923077,-0.23076923076923078,-0.3076923076923077,-0.3076923076923077,0.23076923076923078,0.19230769230769232,0.15384615384615385,0.07692307692307693,0.038461538461538464,0.0,0.0,0.0,-0.038461538461538464,-0.07692307692307693,-0.07692307692307693,-0.038461538461538464,-0.07692307692307693,-0.07692307692307693,0.5,0.6,0.6923076923076923,0.6923076923076923,0.6153846153846154,0.5384615384615384,0.5384615384615384,0.38461538461538464,0.23076923076923078,0.15384615384615385,0.15384615384615385,c4,0.3076923076923077,0.3076923076923077,0.38461538461538464,0.46153846153846156,0.46153846153846156,0.6153846153846154,0.7692307692307693,0.8461538461538461,0.8461538461538461,0.13510813245103792,0.09191783619046523,8,5,13,2.6,2.6\ChatDev_ProgramDev2_GPT4o_8_scored.json,-0.3076923076923077,"Write a CLI program to analyze a log file (e.g., Apache access log, system log). The user specifies the log file and a pattern (e.g., ERROR, 404). The tool should count and display lines containing the pattern.",CodeReviewComment,Code Reviewer,0.000642345430752482,1
1.0,0.5384615384615384,12.857142857142858,7.0,6.0,13.0,0.8,0.7280946192635461,1.0,0.3829370181428137,0.7961959264346989,0.9999998607953747,0.5158458939329476,0.43543452822572476,1.3092878484936798e-07,0.026254054713495775,0.1719651556424736,0.9681610820771726,0.3829370181428137,0.9311133210541701,0.3610921650316987,ChatDev_ProgramDev2_GPT4o_91_scored.json,0.15872181351783002,0.15384615384615385,0.07692307692307693,0.0,0.07692307692307693,0.0,-0.07692307692307693,-0.1538461538461538,0.0,-0.07692307692307693,-0.15384615384615385,-0.23076923076923073,-0.07692307692307693,-0.15384615384615385,-0.23076923076923073,0.3076923076923077,0.2692307692307693,0.23076923076923078,0.23076923076923078,0.19230769230769232,0.15384615384615385,0.11538461538461542,0.15384615384615385,0.11538461538461539,0.07692307692307693,0.03846153846153849,0.11538461538461539,0.07692307692307693,0.03846153846153849,1.0,1.0,0.8461538461538461,0.6923076923076923,0.6153846153846154,0.5384615384615384,0.46153846153846156,0.46153846153846156,0.38461538461538464,0.3076923076923077,0.3076923076923077,c4,0.15384615384615385,0.3076923076923077,0.38461538461538464,0.46153846153846156,0.5384615384615384,0.5384615384615384,0.6153846153846154,0.6923076923076923,0.6923076923076923,0.20815358624063984,0.13290887579013383,8,5,13,2.6,2.6\ChatDev_ProgramDev2_GPT4o_91_scored.json,-0.23076923076923073,"Build a CLI cronjob generator. Provides a user-friendly way to create common cron job schedules (e.g., daily at 3 AM, every 15 minutes) and outputs the crontab line.",DemandAnalysis,Chief Product Officer,1.3092878484936798e-07,2
0.0,0.35714285714285715,11.2,5.0,4.0,14.0,0.6,0.09131965576831064,1.0,0.31897054182724266,0.5279288503628086,0.9999989139679396,0.5391280469636687,0.6021996199747741,0.006163929953532085,0.0638752552699601,0.2661563786831591,0.7940852290459677,0.31897054182724266,0.9780416657815157,0.3792388118606277,ChatDev_ProgramDev2_GPT4o_94_scored.json,0.11552743863507185,0.2857142857142857,0.2142857142857143,0.14285714285714285,0.14285714285714288,0.07142857142857145,0.0,0.0,0.0,-0.07142857142857142,-0.14285714285714288,-0.14285714285714288,-0.14285714285714285,-0.2142857142857143,-0.2142857142857143,0.39285714285714285,0.35714285714285715,0.3214285714285714,0.25,0.2142857142857143,0.17857142857142858,0.17857142857142858,0.10714285714285714,0.07142857142857142,0.0357142857142857,0.0357142857142857,0.0,-0.035714285714285726,-0.035714285714285726,1.0,1.0,0.8571428571428571,0.7857142857142857,0.7142857142857143,0.6428571428571429,0.6428571428571429,0.5,0.35714285714285715,0.21428571428571427,0.14285714285714285,c4,0.14285714285714285,0.21428571428571427,0.2857142857142857,0.35714285714285715,0.35714285714285715,0.5,0.6428571428571429,0.7857142857142857,0.8571428571428571,0.32484233267795437,0.220157505136426,8,5,14,2.6,2.6\ChatDev_ProgramDev2_GPT4o_94_scored.json,-0.2142857142857143,Develop a CLI program to extract specific columns from a CSV or space-delimited text file. User specifies column numbers or headers.,CodeReviewModification,Programmer,0.006163929953532085,2
1.0,0.35714285714285715,11,5.0,2.0,14.0,0.6,0.016599669064284967,0.6666666666666666,0.3013856848373007,0.39937599634498555,0.9999999382047852,0.6266433463159686,0.6584622360295747,0.002271847825233225,0.21234102239097852,0.4532478443477349,0.8526238406927205,0.3013856848373007,0.9134443205612237,0.43933189676874795,ChatDev_ProgramDev2_GPT4o_95_scored.json,0.22380119511284594,0.5,0.5,0.4285714285714286,0.2857142857142857,0.2857142857142857,0.21428571428571427,0.0714285714285714,0.2142857142857143,0.2142857142857143,0.14285714285714288,0.0,0.07142857142857142,0.0,-0.14285714285714288,0.5714285714285715,0.5714285714285715,0.5357142857142858,0.3571428571428571,0.3571428571428571,0.3214285714285714,0.24999999999999997,0.2857142857142857,0.2857142857142857,0.25,0.17857142857142858,0.14285714285714285,0.10714285714285714,0.0357142857142857,2.5,2.0,0.9285714285714286,0.8571428571428571,0.8571428571428571,0.7857142857142857,0.6428571428571429,0.6428571428571429,0.42857142857142855,0.35714285714285715,0.21428571428571427,c4,0.07142857142857142,0.14285714285714285,0.14285714285714285,0.21428571428571427,0.35714285714285715,0.35714285714285715,0.5714285714285714,0.6428571428571429,0.7857142857142857,0.4837862034588258,0.3252576614786679,8,5,14,2.6,2.6\ChatDev_ProgramDev2_GPT4o_95_scored.json,-0.14285714285714288,"Build a simple CLI spell checker that takes a text file or string input and checks words against a local dictionary file, highlighting potential misspellings.",CodeReviewModification,Programmer,0.002271847825233225,2
1.0,0.3076923076923077,4.25,4.0,2.0,13.0,0.16666666666666666,-0.5176075817537311,0.0,0.320218962134726,0.344782608688794,0.9999037819797576,0.6065858529073982,0.5714132706599664,0.004070137939983506,0.0842124266811112,0.49718450634963424,0.8419671150384282,0.320218962134726,0.7582039399250219,0.42583113841717374,ChatDev_ProgramDev2_GPT4o_98_scored.json,0.23330225111823008,0.3076923076923077,0.3076923076923077,0.3076923076923077,0.23076923076923078,0.23076923076923078,0.23076923076923078,0.07692307692307693,0.23076923076923078,0.23076923076923078,0.23076923076923078,0.07692307692307693,0.07692307692307693,0.07692307692307693,-0.07692307692307693,0.38461538461538464,0.38461538461538464,0.38461538461538464,0.3076923076923077,0.3076923076923077,0.3076923076923077,0.23076923076923078,0.3076923076923077,0.3076923076923077,0.3076923076923077,0.23076923076923078,0.15384615384615385,0.15384615384615385,0.07692307692307693,2.5,2.0,0.8461538461538461,0.8461538461538461,0.8461538461538461,0.8461538461538461,0.6923076923076923,0.46153846153846156,0.38461538461538464,0.38461538461538464,0.23076923076923078,c4,0.15384615384615385,0.15384615384615385,0.15384615384615385,0.15384615384615385,0.3076923076923077,0.5384615384615384,0.6153846153846154,0.6153846153846154,0.7692307692307693,0.45273969906124434,0.2863668907726722,7,4,13,2.6,2.6\ChatDev_ProgramDev2_GPT4o_98_scored.json,-0.07692307692307693,Develop a CLI tool that generates a Markdown table from a CSV file input. The first row of the CSV is treated as the header.,CodeReviewComment,Code Reviewer,0.004070137939983506,3
0.0,0.3076923076923077,27.25,4.0,3.0,13.0,0.6666666666666666,0.277133348750445,1.0,0.33834253422660826,0.3846997120449607,1.0,0.6345368326929219,0.7704547846319273,0.007592913501818538,0.06753110113071303,0.4997870583531592,0.8844867703981198,0.33834253422660826,0.9190368861092725,0.4464536569355909,ChatDev_ProgramDev_GPT4o_18_scored.json,0.24405262795881613,0.46153846153846156,0.38461538461538464,0.38461538461538464,0.3846153846153846,0.30769230769230765,0.30769230769230765,0.23076923076923073,0.23076923076923078,0.15384615384615385,0.15384615384615385,0.07692307692307693,0.0,0.0,-0.07692307692307693,0.5384615384615385,0.5,0.5,0.4615384615384615,0.423076923076923,0.423076923076923,0.3846153846153846,0.3076923076923077,0.2692307692307693,0.2692307692307693,0.23076923076923078,0.11538461538461539,0.11538461538461539,0.07692307692307693,2.5,2.0,0.8461538461538461,0.8461538461538461,0.7692307692307693,0.7692307692307693,0.6923076923076923,0.6153846153846154,0.5384615384615384,0.38461538461538464,0.23076923076923078,c4,0.15384615384615385,0.15384615384615385,0.23076923076923078,0.23076923076923078,0.3076923076923077,0.38461538461538464,0.46153846153846156,0.6153846153846154,0.7692307692307693,0.4806906788467681,0.2961942984663137,7,4,13,2.6,2.6\ChatDev_ProgramDev_GPT4o_18_scored.json,-0.07692307692307693,"Implement Dou Dizhu (Chinese Poker) game for three players, one of whom is the 'landlord.' Cards must be played in valid combinations (singles, pairs, straights, etc.). The objective is to be the first to run out of cards or prevent the landlord from doing so, following standard Dou Dizhu rules. Include the bidding phase to determine the landlord, and enforce the pass-or-beat logic for played combinations.",CodeReviewModification,Programmer,0.007592913501818538,4
0.0,0.3076923076923077,37.25,4.0,4.0,13.0,0.6,0.7790969209571336,1.0,0.39066094595450435,0.8146706399757261,0.9999999100968789,0.5629832436784852,0.5645359535889031,0.003372952950850894,0.015160022830982157,0.06887363783703601,0.8835442778127621,0.39066094595450435,0.6573135978285153,0.39510015646019486,ChatDev_ProgramDev_GPT4o_27_scored.json,0.25983842015930086,0.15384615384615385,0.15384615384615385,0.15384615384615385,0.15384615384615385,0.15384615384615385,0.15384615384615385,0.15384615384615385,0.15384615384615385,0.15384615384615385,0.15384615384615385,0.15384615384615385,-0.07692307692307693,-0.07692307692307693,-0.07692307692307693,0.3076923076923077,0.3076923076923077,0.3076923076923077,0.3076923076923077,0.3076923076923077,0.3076923076923077,0.3076923076923077,0.3076923076923077,0.3076923076923077,0.3076923076923077,0.3076923076923077,0.07692307692307693,0.07692307692307693,0.07692307692307693,1.5,1.4,0.6923076923076923,0.6923076923076923,0.6923076923076923,0.6923076923076923,0.6923076923076923,0.46153846153846156,0.46153846153846156,0.46153846153846156,0.23076923076923078,c4,0.3076923076923077,0.3076923076923077,0.3076923076923077,0.3076923076923077,0.3076923076923077,0.5384615384615384,0.5384615384615384,0.5384615384615384,0.7692307692307693,0.25529093598617747,0.17232229772398083,8,5,13,2.6,2.6\ChatDev_ProgramDev_GPT4o_27_scored.json,-0.07692307692307693,"Design a Gold Miner game. A claw moves back and forth, and the player times a grab to collect gold or other objects. Each object has a value and takes time to reel in. The level ends when time runs out or the minimum gold value is met. Display the position of the claw and objects, updating after each grab. Introduce ascending difficulty with more obstacles or tighter time limits.",CodeReviewModification,Programmer,0.003372952950850894,2
0.0,0.15384615384615385,1,2.0,2.0,13.0,0.0,-0.8835535964523076,0.0,0.33407513057245247,0.42754239071129296,0.9999998605188419,0.702255962161045,0.8132279752436989,0.014063629129731359,0.11850998398843206,0.5584058867982304,0.9859482775095234,0.33407513057245247,0.7438854846828107,0.4957982622516509,ChatDev_ProgramDev_GPT4o_5_scored.json,0.3781378257790242,0.5384615384615384,0.5384615384615384,0.5384615384615384,0.3846153846153846,0.3846153846153846,0.3846153846153846,0.3846153846153846,0.3846153846153846,0.3846153846153846,0.3846153846153846,0.3846153846153846,0.23076923076923078,0.23076923076923078,0.23076923076923078,0.6153846153846154,0.6153846153846154,0.6153846153846154,0.4615384615384615,0.4615384615384615,0.4615384615384615,0.4615384615384615,0.4615384615384615,0.4615384615384615,0.4615384615384615,0.4615384615384615,0.3076923076923077,0.3076923076923077,0.3076923076923077,3.4999999999999996,2.6666666666666665,0.8461538461538461,0.8461538461538461,0.8461538461538461,0.8461538461538461,0.8461538461538461,0.6923076923076923,0.5384615384615384,0.5384615384615384,0.38461538461538464,c4,0.15384615384615385,0.15384615384615385,0.15384615384615385,0.15384615384615385,0.15384615384615385,0.3076923076923077,0.46153846153846156,0.46153846153846156,0.6153846153846154,0.5484098083148912,0.36818083158859255,7,4,13,2.6,2.6\ChatDev_ProgramDev_GPT4o_5_scored.json,0.23076923076923078,write a program that generates Fibonacci numbers up to a given number,CodeReviewComment,Code Reviewer,0.014063629129731359,2
0.0,0.3076923076923077,18.75,4.0,3.0,13.0,0.6666666666666666,0.022485582467053383,1.0,0.32041335295082013,0.2591193442817131,0.9999998362229202,0.5444286534217636,0.6608210282777969,0.001143679616313022,0.0016914988655521873,0.4999625472292817,0.7590818915109948,0.32041335295082013,0.7898294618510978,0.3814431612801284,ChatDev_ProgramDev_GPT4o_8_scored.json,0.08375825437257903,0.38461538461538464,0.38461538461538464,0.38461538461538464,0.15384615384615385,0.15384615384615385,0.15384615384615385,0.07692307692307693,-0.07692307692307693,-0.07692307692307693,-0.07692307692307693,-0.15384615384615385,-0.15384615384615385,-0.15384615384615385,-0.23076923076923078,0.5,0.5,0.5,0.2692307692307693,0.2692307692307693,0.2692307692307693,0.23076923076923078,0.038461538461538464,0.038461538461538464,0.038461538461538464,0.0,-0.038461538461538464,-0.038461538461538464,-0.07692307692307693,0.6666666666666666,0.75,0.7692307692307693,0.7692307692307693,0.7692307692307693,0.7692307692307693,0.6923076923076923,0.6153846153846154,0.38461538461538464,0.15384615384615385,0.07692307692307693,c4,0.23076923076923078,0.23076923076923078,0.23076923076923078,0.23076923076923078,0.3076923076923077,0.38461538461538464,0.6153846153846154,0.8461538461538461,0.9230769230769231,0.3136594226525328,0.22401530047094348,7,4,13,2.6,2.6\ChatDev_ProgramDev_GPT4o_8_scored.json,-0.23076923076923078,"Design a chess game, allowing two players to take turns and determining the winner. It should be playable from Linux Terminal, and does not require me to access a dedicated UX or GUI platform, i.e. print the results on terminal at each stage and let me play it there by entering inputs (formal chess notation such as Ke8). Include standard chess features like castling, en passant, and pawn promotion. Enforce check and checkmate rules.",CodeReviewModification,Programmer,0.001143679616313022,4
